t,Step,AgentID,geometry,speed,x,y,is_anomaly,anomaly_type,traj_id
2025-09-03 15:28:51.726487,0,0,POINT (250.19575278361827 90.02901168407732),5.287993171899841e-05,250.19575278361827,90.02901168407732,False,n/a,0
2025-09-03 15:28:52.726487,1,0,POINT (250.19570032621397 90.02901835550212),5.287993171899841e-05,250.19570032621397,90.02901835550212,False,n/a,0
2025-09-03 15:28:53.726487,2,0,POINT (250.19568685525903 90.02903178770696),1.90234264074132e-05,250.19568685525903,90.02903178770696,False,n/a,0
2025-09-03 15:28:54.726487,3,0,POINT (250.19551421365617 90.02901417405376),0.0001735377878922,250.19551421365617,90.02901417405376,False,n/a,0
2025-09-03 15:28:55.726487,4,0,POINT (250.1950751196926 90.02897714160851),0.0004406528234784,250.1950751196926,90.02897714160851,False,n/a,0
2025-09-03 15:28:56.726487,5,0,POINT (250.1945981773766 90.02895198115301),0.0004776055080405,250.1945981773766,90.02895198115301,False,n/a,0
2025-09-03 15:28:57.726487,6,0,POINT (250.19399859794265 90.0289304630214),0.0005999654386773,250.19399859794265,90.0289304630214,False,n/a,0
2025-09-03 15:28:58.726487,7,0,POINT (250.19335330593395 90.02889399640742),0.0006463215844004,250.19335330593395,90.02889399640742,False,n/a,0
2025-09-03 15:28:59.726487,8,0,POINT (250.19269369926823 90.02887958920097),0.0006597639888522,250.19269369926823,90.02887958920097,False,n/a,0
2025-09-03 15:29:00.726487,9,0,POINT (250.1919576267444 90.02884052029289),0.0007371086351184,250.1919576267444,90.02884052029289,False,n/a,0
2025-09-03 15:29:01.726487,10,0,POINT (250.1911928006642 90.02879053403908),0.0007664577995717,250.1911928006642,90.02879053403908,False,n/a,0
2025-09-03 15:29:02.726487,11,0,POINT (250.1903704440258 90.02871739429155),0.0008256027273333,250.1903704440258,90.02871739429155,False,n/a,0
2025-09-03 15:29:03.726487,12,0,POINT (250.1894421115297 90.02862647874576),0.0009327737452263,250.1894421115297,90.02862647874576,False,n/a,0
2025-09-03 15:29:04.726487,13,0,POINT (250.1884864845786 90.02850735662881),0.000963022818233,250.1884864845786,90.02850735662881,False,n/a,0
2025-09-03 15:29:05.726487,14,0,POINT (250.1874711469265 90.02836439915666),0.0010253523231547,250.1874711469265,90.02836439915666,False,n/a,0
2025-09-03 15:29:06.726487,15,0,POINT (250.1863590278348 90.0282264772524),0.0011206388025722,250.1863590278348,90.0282264772524,False,n/a,0
2025-09-03 15:29:07.726487,16,0,POINT (250.18520326775996 90.0280440918652),0.001170062297524,250.18520326775996,90.0280440918652,False,n/a,0
2025-09-03 15:29:08.726487,17,0,POINT (250.18398623666016 90.02783271758543),0.0012352504944169,250.18398623666016,90.02783271758543,False,n/a,0
2025-09-03 15:29:09.726487,18,0,POINT (250.18257876137832 90.0276076418213),0.0014253581194134,250.18257876137832,90.0276076418213,False,n/a,0
2025-09-03 15:29:10.726487,19,0,POINT (250.18110782036905 90.02735780969053),0.0014920065503646,250.18110782036905,90.02735780969053,False,n/a,0
2025-09-03 15:29:11.726487,20,0,POINT (250.17956192081093 90.02709540006461),0.0015680128365491,250.17956192081093,90.02709540006461,False,n/a,0
2025-09-03 15:29:12.726487,21,0,POINT (250.1780146339388 90.02682520323886),0.0015707014322856,250.1780146339388,90.02682520323886,False,n/a,0
2025-09-03 15:29:13.726487,22,0,POINT (250.17640039297055 90.02656331812005),0.0016353463605147,250.17640039297055,90.02656331812005,False,n/a,0
2025-09-03 15:29:14.726487,23,0,POINT (250.17463305650432 90.02628855837226),0.0017885667736979,250.17463305650432,90.02628855837226,False,n/a,0
2025-09-03 15:29:15.726487,24,0,POINT (250.17271259648672 90.0260039398083),0.0019414361710215,250.17271259648672,90.0260039398083,False,n/a,0
2025-09-03 15:29:16.726487,25,0,POINT (250.17083752271344 90.02571753391902),0.0018968210217753,250.17083752271344,90.02571753391902,False,n/a,0
2025-09-03 15:29:17.726487,26,0,POINT (250.1688773609065 90.02541132787404),0.0019839345884611,250.1688773609065,90.02541132787404,False,n/a,0
2025-09-03 15:29:18.726487,27,0,POINT (250.1668139563952 90.02507622069892),0.0020904389481983,250.1668139563952,90.02507622069892,False,n/a,0
2025-09-03 15:29:19.726487,28,0,POINT (250.16464284300167 90.02471467159066),0.0022010113868969,250.16464284300167,90.02471467159066,False,n/a,0
2025-09-03 15:29:20.726487,29,0,POINT (250.1623220453193 90.02433433581788),0.0023517561911245,250.1623220453193,90.02433433581788,False,n/a,0
2025-09-03 15:29:21.726487,30,0,POINT (250.1599525514177 90.02396131301893),0.0023986761679128,250.1599525514177,90.02396131301893,False,n/a,0
2025-09-03 15:29:22.726487,31,0,POINT (250.1574360026984 90.02357240599572),0.0025464222213206,250.1574360026984,90.02357240599572,False,n/a,0
2025-09-03 15:29:23.726487,32,0,POINT (250.15478722929905 90.02314278309011),0.0026833889695722,250.15478722929905,90.02314278309011,False,n/a,0
2025-09-03 15:29:24.726487,33,0,POINT (250.15203785018912 90.022702012664),0.0027844863186315,250.15203785018912,90.022702012664,False,n/a,0
2025-09-03 15:29:25.726487,34,0,POINT (250.1492380460459 90.02224680731564),0.0028365674942757,250.1492380460459,90.02224680731564,False,n/a,0
2025-09-03 15:29:26.726487,35,0,POINT (250.1463613945433 90.021753516711),0.0029186400065738,250.1463613945433,90.021753516711,False,n/a,0
2025-09-03 15:29:27.726487,36,0,POINT (250.1432130455888 90.02122312145438),0.0031927136212686,250.1432130455888,90.02122312145438,False,n/a,0
2025-09-03 15:29:28.726487,37,0,POINT (250.13992221070933 90.02069208595451),0.0033334056018159,250.13992221070933,90.02069208595451,False,n/a,0
2025-09-03 15:29:29.726487,38,0,POINT (250.1365715578779 90.02014725755937),0.0033946593904256,250.1365715578779,90.02014725755937,False,n/a,0
2025-09-03 15:29:30.726487,39,0,POINT (250.1331902927084 90.01958691324005),0.0034273809100729,250.1331902927084,90.01958691324005,False,n/a,0
2025-09-03 15:29:31.726487,40,0,POINT (250.12979540023125 90.01902084145725),0.0034417629486312,250.12979540023125,90.01902084145725,False,n/a,0
2025-09-03 15:29:32.726487,41,0,POINT (250.12630451326407 90.01846295204287),0.0035351849196672,250.12630451326407,90.01846295204287,False,n/a,0
2025-09-03 15:29:33.726487,42,0,POINT (250.12271164294555 90.01788082261028),0.0036397241381788,250.12271164294555,90.01788082261028,False,n/a,0
2025-09-03 15:29:34.726487,43,0,POINT (250.11898684841037 90.01729239454492),0.003770986862556,250.11898684841037,90.01729239454492,False,n/a,0
2025-09-03 15:29:35.726487,44,0,POINT (250.1150874886808 90.01666646724486),0.0039492773117682,250.1150874886808,90.01666646724486,False,n/a,0
2025-09-03 15:29:36.726487,45,0,POINT (250.1112599343137 90.01605559362991),0.0038759952278714,250.1112599343137,90.01605559362991,False,n/a,0
2025-09-03 15:29:37.726487,46,0,POINT (250.10734723870132 90.01542997789784),0.003962395992236,250.10734723870132,90.01542997789784,False,n/a,0
2025-09-03 15:29:38.726487,47,0,POINT (250.10331369658573 90.01479505532049),0.0040832081354882,250.10331369658573,90.01479505532049,False,n/a,0
2025-09-03 15:29:39.726487,48,0,POINT (250.09929984141303 90.01417470146768),0.0040615110796495,250.09929984141303,90.01417470146768,False,n/a,0
2025-09-03 15:29:40.726487,49,0,POINT (250.0952129973774 90.01355435705621),0.0041336571411398,250.0952129973774,90.01355435705621,False,n/a,0
2025-09-03 15:29:41.726487,50,0,POINT (250.091240189126 90.01295487094671),0.0040177840904754,250.091240189126,90.01295487094671,False,n/a,0
2025-09-03 15:29:42.726487,51,0,POINT (250.0871962526473 90.01234422464664),0.0040897813080302,250.0871962526473,90.01234422464664,False,n/a,0
2025-09-03 15:29:43.726487,52,0,POINT (250.0831305878869 90.01174756615767),0.0041092129777573,250.0831305878869,90.01174756615767,False,n/a,0
2025-09-03 15:29:44.726487,53,0,POINT (250.07891801672747 90.01113458943877),0.004256935074811,250.07891801672747,90.01113458943877,False,n/a,0
2025-09-03 15:29:45.726487,54,0,POINT (250.07462439348257 90.01050164214088),0.0043400256740131,250.07462439348257,90.01050164214088,False,n/a,0
2025-09-03 15:29:46.726487,55,0,POINT (250.0702260228492 90.00986411503501),0.0044443340377591,250.0702260228492,90.00986411503501,False,n/a,0
2025-09-03 15:29:47.726487,56,0,POINT (250.06581613579203 90.00922551473884),0.0044558853435895,250.06581613579203,90.00922551473884,False,n/a,0
2025-09-03 15:29:48.726487,57,0,POINT (250.06122014239077 90.00853827826792),0.0046470904135512,250.06122014239077,90.00853827826792,False,n/a,0
2025-09-03 15:29:49.726487,58,0,POINT (250.05664497507303 90.00786192212219),0.0046248906604284,250.05664497507303,90.00786192212219,False,n/a,0
2025-09-03 15:29:50.726487,59,0,POINT (250.05204426708184 90.00719160721907),0.0046492833952683,250.05204426708184,90.00719160721907,False,n/a,0
2025-09-03 15:29:51.726487,60,0,POINT (250.04739205932944 90.0065139948071),0.0047012972201678,250.04739205932944,90.0065139948071,False,n/a,0
2025-09-03 15:29:52.726487,61,0,POINT (250.04270893920045 90.00582301189809),0.0047338220840107,250.04270893920045,90.00582301189809,False,n/a,0
2025-09-03 15:29:53.726487,62,0,POINT (250.03808636550917 90.00514336278903),0.004672270373492,250.03808636550917,90.00514336278903,False,n/a,0
2025-09-03 15:29:54.726487,63,0,POINT (250.033400562166 90.00442547948742),0.0047404756517958,250.033400562166,90.00442547948742,False,n/a,0
2025-09-03 15:29:55.726487,64,0,POINT (250.0286124278286 90.00368802626053),0.0048445915921782,250.0286124278286,90.00368802626053,False,n/a,0
2025-09-03 15:29:56.726487,65,0,POINT (250.02379532872183 90.0029627326087),0.0048713955583323,250.02379532872183,90.0029627326087,False,n/a,0
2025-09-03 15:29:57.726487,66,0,POINT (250.01890061279167 90.00223025856397),0.0049492183487081,250.01890061279167,90.00223025856397,False,n/a,0
2025-09-03 15:29:58.726487,67,0,POINT (250.0139534824488 90.00149445704811),0.0050015500097417,250.0139534824488,90.00149445704811,False,n/a,0
2025-09-03 15:29:59.726487,68,0,POINT (250.00891829986665 90.00072444402531),0.0050937200248226,250.00891829986665,90.00072444402531,False,n/a,0
2025-09-03 15:30:00.726487,69,0,POINT (250.0038517215257 89.99996145895996),0.0051237059141391,250.0038517215257,89.99996145895996,False,n/a,0
2025-09-03 15:30:01.726487,70,0,POINT (249.99856543773265 89.99914858674524),0.0053484163617076,249.99856543773265,89.99914858674524,False,n/a,0
2025-09-03 15:30:02.726487,71,0,POINT (249.9931338793984 89.99831986839185),0.0054944153508889,249.9931338793984,89.99831986839185,False,n/a,0
2025-09-03 15:30:03.726487,72,0,POINT (249.9876923619936 89.99751393762925),0.00550087593577,249.9876923619936,89.99751393762925,False,n/a,0
2025-09-03 15:30:04.726487,73,0,POINT (249.98216416374024 89.99667621822911),0.0055913101972159,249.98216416374024,89.99667621822911,False,n/a,0
2025-09-03 15:30:05.726487,74,0,POINT (249.9767133270447 89.99582762258844),0.005516496645763,249.9767133270447,89.99582762258844,False,n/a,0
2025-09-03 15:30:06.726487,75,0,POINT (249.97124031857385 89.99496513930372),0.0055405504364193,249.97124031857385,89.99496513930372,False,n/a,0
2025-09-03 15:30:07.726487,76,0,POINT (249.9656852327801 89.99408439163096),0.0056244728321045,249.9656852327801,89.99408439163096,False,n/a,0
2025-09-03 15:30:08.726487,77,0,POINT (249.9600303875493 89.99319467551422),0.0057244099567226,249.9600303875493,89.99319467551422,False,n/a,0
2025-09-03 15:30:09.726487,78,0,POINT (249.9543755386203 89.99231318315559),0.0057231411993863,249.9543755386203,89.99231318315559,False,n/a,0
2025-09-03 15:30:10.726487,79,0,POINT (249.94867310209327 89.99141887309268),0.0057721376311361,249.94867310209327,89.99141887309268,False,n/a,0
2025-09-03 15:30:11.726487,80,0,POINT (249.9428676937249 89.99051495390768),0.0058753583904965,249.9428676937249,89.99051495390768,False,n/a,0
2025-09-03 15:30:12.726487,81,0,POINT (249.9370271185428 89.98959572889815),0.0059124692875562,249.9370271185428,89.98959572889815,False,n/a,0
2025-09-03 15:30:13.726487,82,0,POINT (249.9312117412988 89.9886726910542),0.005888175553722,249.9312117412988,89.9886726910542,False,n/a,0
2025-09-03 15:30:14.726487,83,0,POINT (249.92534165224345 89.98774927626437),0.0059422756913627,249.92534165224345,89.98774927626437,False,n/a,0
2025-09-03 15:30:15.726487,84,0,POINT (249.91945029351768 89.98682201637169),0.0059638845180117,249.91945029351768,89.98682201637169,False,n/a,0
2025-09-03 15:30:16.726487,85,0,POINT (249.91349347988717 89.9858633176165),0.0060334676540051,249.91349347988717,89.9858633176165,False,n/a,0
2025-09-03 15:30:17.726487,86,0,POINT (249.90751974635225 89.98491695213036),0.0060482311446849,249.90751974635225,89.98491695213036,False,n/a,0
2025-09-03 15:30:18.726487,87,0,POINT (249.901572391354 89.98396573593362),0.0060229431118195,249.901572391354,89.98396573593362,False,n/a,0
2025-09-03 15:30:19.726487,88,0,POINT (249.89551775042085 89.9830105226549),0.0061295276520148,249.89551775042085,89.9830105226549,False,n/a,0
2025-09-03 15:30:20.726487,89,0,POINT (249.88938040444577 89.98203820770001),0.0062138886366971,249.88938040444577,89.98203820770001,False,n/a,0
2025-09-03 15:30:21.726487,90,0,POINT (249.8831626080031 89.98104964365285),0.0062958916348673,249.8831626080031,89.98104964365285,False,n/a,0
2025-09-03 15:30:22.726487,91,0,POINT (249.87693753296364 89.98005963274205),0.0063033071359654,249.87693753296364,89.98005963274205,False,n/a,0
2025-09-03 15:30:23.726487,92,0,POINT (249.8706941628504 89.97906789297743),0.0063216467895206,249.8706941628504,89.97906789297743,False,n/a,0
2025-09-03 15:30:24.726487,93,0,POINT (249.8644383776834 89.97805081102953),0.006337925823529,249.8644383776834,89.97805081102953,False,n/a,0
2025-09-03 15:30:25.726487,94,0,POINT (249.85818008455712 89.9770341509653),0.0063403336300745,249.85818008455712,89.9770341509653,False,n/a,0
2025-09-03 15:30:26.726487,95,0,POINT (249.8518693464995 89.97601179153651),0.0063930144402591,249.8518693464995,89.97601179153651,False,n/a,0
2025-09-03 15:30:27.726487,96,0,POINT (249.8455835963332 89.97499921414311),0.006366786326812,249.8455835963332,89.97499921414311,False,n/a,0
2025-09-03 15:30:28.726487,97,0,POINT (249.83933512909547 89.97399845792906),0.0063281004907111,249.83933512909547,89.97399845792906,False,n/a,0
2025-09-03 15:30:29.726487,98,0,POINT (249.83308879535187 89.97297348947772),0.0063298693164011,249.83308879535187,89.97297348947772,False,n/a,0
2025-09-03 15:30:30.726487,99,0,POINT (249.82681085387225 89.97197839649449),0.0063563164857656,249.82681085387225,89.97197839649449,False,n/a,0
2025-09-03 15:30:31.726487,100,0,POINT (249.82045092387267 89.97096465725649),0.0064402155896998,249.82045092387267,89.97096465725649,False,n/a,0
2025-09-03 15:30:32.726487,101,0,POINT (249.8140793170677 89.96994344709849),0.0064529251866124,249.8140793170677,89.96994344709849,False,n/a,0
2025-09-03 15:30:33.726487,102,0,POINT (249.80774466829476 89.96892015460179),0.0064167673022013,249.80774466829476,89.96892015460179,False,n/a,0
2025-09-03 15:30:34.726487,103,0,POINT (249.80152304251 89.96792048543409),0.0063014256998415,249.80152304251,89.96792048543409,False,n/a,0
2025-09-03 15:30:35.726487,104,0,POINT (249.79531926766504 89.96692080609057),0.0062838030774624,249.79531926766504,89.96692080609057,False,n/a,0
2025-09-03 15:30:36.726487,105,0,POINT (249.78914029248963 89.9659330030037),0.0062574347105397,249.78914029248963,89.9659330030037,False,n/a,0
2025-09-03 15:30:37.726487,106,0,POINT (249.7828555075525 89.96492789101177),0.0063646501728061,249.7828555075525,89.96492789101177,False,n/a,0
2025-09-03 15:30:38.726487,107,0,POINT (249.7765154718794 89.9639132373972),0.0064207144691083,249.7765154718794,89.9639132373972,False,n/a,0
2025-09-03 15:30:39.726487,108,0,POINT (249.77002755707028 89.96285258300205),0.0065740418553919,249.77002755707028,89.96285258300205,False,n/a,0
2025-09-03 15:30:40.726487,109,0,POINT (249.7635167594725 89.96178647197036),0.0065975054445331,249.7635167594725,89.96178647197036,False,n/a,0
2025-09-03 15:30:41.726487,110,0,POINT (249.75699018174856 89.96070252942789),0.0066159767398657,249.75699018174856,89.96070252942789,False,n/a,0
2025-09-03 15:30:42.726487,111,0,POINT (249.7504130504651 89.95961433852877),0.0066665444836642,249.7504130504651,89.95961433852877,False,n/a,0
2025-09-03 15:30:43.726487,112,0,POINT (249.7438753890004 89.95853342057171),0.0066264169094121,249.7438753890004,89.95853342057171,False,n/a,0
2025-09-03 15:30:44.726487,113,0,POINT (249.7373014506816 89.95746445509134),0.0066602816920704,249.7373014506816,89.95746445509134,False,n/a,0
2025-09-03 15:30:45.726487,114,0,POINT (249.73076062250547 89.95639488405669),0.0066277006138943,249.73076062250547,89.95639488405669,False,n/a,0
2025-09-03 15:30:46.726487,115,0,POINT (249.72416148911856 89.95530761100399),0.0066881031802307,249.72416148911856,89.95530761100399,False,n/a,0
2025-09-03 15:30:47.726487,116,0,POINT (249.71764937099763 89.95421742467538),0.0066027409953708,249.71764937099763,89.95421742467538,False,n/a,0
2025-09-03 15:30:48.726487,117,0,POINT (249.71100973427485 89.95308466795548),0.0067355707699477,249.71100973427485,89.95308466795548,False,n/a,0
2025-09-03 15:30:49.726487,118,0,POINT (249.70431422634292 89.95195612883757),0.0067899504421545,249.70431422634292,89.95195612883757,False,n/a,0
2025-09-03 15:30:50.726487,119,0,POINT (249.69755335471717 89.9508100198125),0.0068573282725788,249.69755335471717,89.9508100198125,False,n/a,0
2025-09-03 15:30:51.726487,120,0,POINT (249.69092421940587 89.94968541626058),0.0067238506916892,249.69092421940587,89.94968541626058,False,n/a,0
2025-09-03 15:30:52.726487,121,0,POINT (249.68419491338017 89.9485527980582),0.0068239565927645,249.68419491338017,89.9485527980582,False,n/a,0
2025-09-03 15:30:53.726487,122,0,POINT (249.67734243882464 89.94740862215579),0.0069473409323161,249.67734243882464,89.94740862215579,False,n/a,0
2025-09-03 15:30:54.726487,123,0,POINT (249.6705137057256 89.94626573321028),0.0069237122181745,249.6705137057256,89.94626573321028,False,n/a,0
2025-09-03 15:30:55.726487,124,0,POINT (249.6635726412621 89.94511118601483),0.007036430566165,249.6635726412621,89.94511118601483,False,n/a,0
2025-09-03 15:30:56.726487,125,0,POINT (249.65652709622933 89.94393540423344),0.0071429803028137,249.65652709622933,89.94393540423344,False,n/a,0
2025-09-03 15:30:57.726487,126,0,POINT (249.64975284989717 89.94118218695579),0.007312360682236,249.64975284989717,89.94118218695579,False,n/a,0
2025-09-03 15:30:58.726487,127,0,POINT (249.64320997106947 89.93683963825875),0.0078528334083802,249.64320997106947,89.93683963825875,False,n/a,0
2025-09-03 15:30:59.726487,128,0,POINT (249.63679098584225 89.93088517618935),0.0087555119714996,249.63679098584225,89.93088517618935,False,n/a,0
2025-09-03 15:31:00.726487,129,0,POINT (249.63065024349268 89.92333684176259),0.0097306767093565,249.63065024349268,89.92333684176259,False,n/a,0
2025-09-03 15:31:01.726487,130,0,POINT (249.6246460547912 89.91416591630694),0.0109615763317411,249.6246460547912,89.91416591630694,False,n/a,0
2025-09-03 15:31:02.726487,131,0,POINT (249.6189554728313 89.90339476262542),0.0121819733488675,249.6189554728313,89.90339476262542,False,n/a,0
2025-09-03 15:31:03.726487,132,0,POINT (249.6134756269332 89.89100002722138),0.013552054338872,249.6134756269332,89.89100002722138,False,n/a,0
2025-09-03 15:31:04.726487,133,0,POINT (249.60832609174213 89.87699574011289),0.014921051239802,249.60832609174213,89.87699574011289,False,n/a,0
2025-09-03 15:31:05.726487,134,0,POINT (249.60352172159995 89.86137858314957),0.0163394480959405,249.60352172159995,89.86137858314957,False,n/a,0
2025-09-03 15:31:06.726487,135,0,POINT (249.599159965028 89.84416099435201),0.0177614831699129,249.599159965028,89.84416099435201,False,n/a,0
2025-09-03 15:31:07.726487,136,0,POINT (249.5953162382454 89.82535300237329),0.0191967392504727,249.5953162382454,89.82535300237329,False,n/a,0
2025-09-03 15:31:08.726487,137,0,POINT (249.5920440741745 89.80496178427111),0.020652090291236,249.5920440741745,89.80496178427111,False,n/a,0
2025-09-03 15:31:09.726487,138,0,POINT (249.58928634439093 89.78297158749294),0.0221624418307681,249.58928634439093,89.78297158749294,False,n/a,0
2025-09-03 15:31:10.726487,139,0,POINT (249.58685198551223 89.76032473667496),0.0227773122892508,249.58685198551223,89.76032473667496,False,n/a,0
2025-09-03 15:31:11.726487,140,0,POINT (249.5847636103325 89.73703613648692),0.0233820488753613,249.5847636103325,89.73703613648692,False,n/a,0
2025-09-03 15:31:12.726487,141,0,POINT (249.58307864062243 89.71314255537098),0.0239529192681772,249.58307864062243,89.71314255537098,False,n/a,0
2025-09-03 15:31:13.726487,142,0,POINT (249.58120501931955 89.69064126004626),0.0225791662396262,249.58120501931955,89.69064126004626,False,n/a,0
2025-09-03 15:31:14.726487,143,0,POINT (249.57915692404887 89.6695542506547),0.0211862374979068,249.57915692404887,89.6695542506547,False,n/a,0
2025-09-03 15:31:15.726487,144,0,POINT (249.5769471463888 89.6498409896384),0.019836727986329,249.5769471463888,89.6498409896384,False,n/a,0
2025-09-03 15:31:16.726487,145,0,POINT (249.57447814600025 89.6314313499296),0.0185744662676097,249.57447814600025,89.6314313499296,False,n/a,0
2025-09-03 15:31:17.726487,146,0,POINT (249.57173837757333 89.61431859574868),0.0173306862728914,249.57173837757333,89.61431859574868,False,n/a,0
2025-09-03 15:31:18.726487,147,0,POINT (249.5686966424793 89.59846459834712),0.0161431529135797,249.5686966424793,89.59846459834712,False,n/a,0
2025-09-03 15:31:19.726487,148,0,POINT (249.56532692775315 89.5838433321415),0.0150045460708182,249.56532692775315,89.5838433321415,False,n/a,0
2025-09-03 15:31:20.726487,149,0,POINT (249.56151566933303 89.57040733086095),0.0139660954155381,249.56151566933303,89.57040733086095,False,n/a,0
2025-09-03 15:31:21.726487,150,0,POINT (249.5573215171649 89.55816636052383),0.0129395620947334,249.5573215171649,89.55816636052383,False,n/a,0
2025-09-03 15:31:22.726487,151,0,POINT (249.5527098908071 89.54705381031872),0.0120314533504988,249.5527098908071,89.54705381031872,False,n/a,0
2025-09-03 15:31:23.726487,152,0,POINT (249.547747857778 89.53707500748546),0.0111444281040783,249.547747857778,89.53707500748546,False,n/a,0
2025-09-03 15:31:24.726487,153,0,POINT (249.54227264213867 89.52814781922739),0.0104724723199568,249.54227264213867,89.52814781922739,False,n/a,0
2025-09-03 15:31:25.726487,154,0,POINT (249.53642950715107 89.52029954211369),0.0097845633595302,249.53642950715107,89.52029954211369,False,n/a,0
2025-09-03 15:31:26.726487,155,0,POINT (249.5302373650561 89.51352789812105),0.0091759351614331,249.5302373650561,89.51352789812105,False,n/a,0
2025-09-03 15:31:27.726487,156,0,POINT (249.52362720920456 89.50780175024792),0.0087454519521353,249.52362720920456,89.50780175024792,False,n/a,0
2025-09-03 15:31:28.726487,157,0,POINT (249.5165971864662 89.50310777436704),0.0084530840095204,249.5165971864662,89.50310777436704,False,n/a,0
2025-09-03 15:31:29.726487,158,0,POINT (249.5091666023414 89.49943137545827),0.0082903250462444,249.5091666023414,89.49943137545827,False,n/a,0
2025-09-03 15:31:30.726487,159,0,POINT (249.501441760216 89.49676329957325),0.0081726259421539,249.501441760216,89.49676329957325,False,n/a,0
2025-09-03 15:31:31.726487,160,0,POINT (249.49301329973315 89.49554242818668),0.0085164237244093,249.49301329973315,89.49554242818668,False,n/a,0
2025-09-03 15:31:32.726487,161,0,POINT (249.48398799651915 89.49581475884773),0.009029410949427,249.48398799651915,89.49581475884773,False,n/a,0
2025-09-03 15:31:33.726487,162,0,POINT (249.4742979523223 89.49756307266215),0.0098464997705011,249.4742979523223,89.49756307266215,False,n/a,0
2025-09-03 15:31:34.726487,163,0,POINT (249.4640903340333 89.50084788237704),0.010723126689406,249.4640903340333,89.50084788237704,False,n/a,0
2025-09-03 15:31:35.726487,164,0,POINT (249.45331044721905 89.50565689503475),0.0118039214869441,249.45331044721905,89.50565689503475,False,n/a,0
2025-09-03 15:31:36.726487,165,0,POINT (249.44198268472476 89.51200625145896),0.0129858588522025,249.44198268472476,89.51200625145896,False,n/a,0
2025-09-03 15:31:37.726487,166,0,POINT (249.43021033149552 89.51993908849703),0.0141957107615668,249.43021033149552,89.51993908849703,False,n/a,0
2025-09-03 15:31:38.726487,167,0,POINT (249.41792444258695 89.52943859828527),0.0155300918377773,249.41792444258695,89.52943859828527,False,n/a,0
2025-09-03 15:31:39.726487,168,0,POINT (249.40512823833728 89.54051340715844),0.016923186306878,249.40512823833728,89.54051340715844,False,n/a,0
2025-09-03 15:31:40.726487,169,0,POINT (249.39185622776583 89.55318252634564),0.01834810196144,249.39185622776583,89.55318252634564,False,n/a,0
2025-09-03 15:31:41.726487,170,0,POINT (249.3781439250143 89.56746484460878),0.0197992894246142,249.3781439250143,89.56746484460878,False,n/a,0
2025-09-03 15:31:42.726487,171,0,POINT (249.36393478223556 89.58335074668457),0.0213134141626708,249.36393478223556,89.58335074668457,False,n/a,0
2025-09-03 15:31:43.726487,172,0,POINT (249.3493875220086 89.60089624123032),0.0227918221949105,249.3493875220086,89.60089624123032,False,n/a,0
2025-09-03 15:31:44.726487,173,0,POINT (249.3345336710612 89.62011200139318),0.0242874932136863,249.3345336710612,89.62011200139318,False,n/a,0
2025-09-03 15:31:45.726487,174,0,POINT (249.3194072672829 89.6409633571005),0.0257601849002687,249.3194072672829,89.6409633571005,False,n/a,0
2025-09-03 15:31:46.726487,175,0,POINT (249.30416824774244 89.6634751755967),0.0271847326373018,249.30416824774244,89.6634751755967,False,n/a,0
2025-09-03 15:31:47.726487,176,0,POINT (249.28907737243557 89.68668475619619),0.0276842762074838,249.28907737243557,89.68668475619619,False,n/a,0
2025-09-03 15:31:48.726487,177,0,POINT (249.27403863293387 89.7105988722998),0.0282497545974526,249.27403863293387,89.7105988722998,False,n/a,0
2025-09-03 15:31:49.726487,178,0,POINT (249.25908856515807 89.73517181010493),0.0287634107656916,249.25908856515807,89.73517181010493,False,n/a,0
2025-09-03 15:31:50.726487,179,0,POINT (249.24433848062523 89.76044208646715),0.0292600728151659,249.24433848062523,89.76044208646715,False,n/a,0
2025-09-03 15:31:51.726487,180,0,POINT (249.2298196549357 89.78641107883283),0.0297520564649111,249.2298196549357,89.78641107883283,False,n/a,0
2025-09-03 15:31:52.726487,181,0,POINT (249.21551257300464 89.81303748736609),0.0302267799271161,249.21551257300464,89.81303748736609,False,n/a,0
2025-09-03 15:31:53.726487,182,0,POINT (249.20150680409205 89.84034024645362),0.0306855375808364,249.20150680409205,89.84034024645362,False,n/a,0
2025-09-03 15:31:54.726487,183,0,POINT (249.18774078495227 89.86830495926425),0.0311693510605811,249.18774078495227,89.86830495926425,False,n/a,0
2025-09-03 15:31:55.726487,184,0,POINT (249.17440145878055 89.89587315992311),0.03062586015579,249.17440145878055,89.89587315992311,False,n/a,0
2025-09-03 15:31:56.726487,185,0,POINT (249.16161663512625 89.92306206367867),0.0300447699825113,249.16161663512625,89.92306206367867,False,n/a,0
2025-09-03 15:31:57.726487,186,0,POINT (249.14925642209255 89.94985989009044),0.0295109872188686,249.14925642209255,89.94985989009044,False,n/a,0
2025-09-03 15:31:58.726487,187,0,POINT (249.13730376483983 89.97627652635036),0.0289949079441572,249.13730376483983,89.97627652635036,False,n/a,0
2025-09-03 15:31:59.726487,188,0,POINT (249.12570579462025 90.00232049219643),0.0285096662591183,249.12570579462025,90.00232049219643,False,n/a,0
2025-09-03 15:32:00.726487,189,0,POINT (249.11449579588623 90.02798445551349),0.0280054117048109,249.11449579588623,90.02798445551349,False,n/a,0
2025-09-03 15:32:01.726487,190,0,POINT (249.10374050608883 90.05326521427328),0.0274734967213287,249.10374050608883,90.05326521427328,False,n/a,0
2025-09-03 15:32:02.726487,191,0,POINT (249.09327984190105 90.07816277430908),0.0270058140219118,249.09327984190105,90.07816277430908,False,n/a,0
2025-09-03 15:32:03.726487,192,0,POINT (249.08318090082253 90.10269168027354),0.0265265119968615,249.08318090082253,90.10269168027354,False,n/a,0
2025-09-03 15:32:04.726487,193,0,POINT (249.0734559181259 90.12687101390785),0.0260617624778074,249.0734559181259,90.12687101390785,False,n/a,0
2025-09-03 15:32:05.726487,194,0,POINT (249.06396288867705 90.15068589090212),0.0256371990351733,249.06396288867705,90.15068589090212,False,n/a,0
2025-09-03 15:32:06.726487,195,0,POINT (249.05473562195115 90.17613312341776),0.0270685074197955,249.05473562195115,90.17613312341776,False,n/a,0
2025-09-03 15:32:07.726487,196,0,POINT (249.04590870857356 90.20315387547048),0.0284259642100419,249.04590870857356,90.20315387547048,False,n/a,0
2025-09-03 15:32:08.726487,197,0,POINT (249.03753843716248 90.2317452532532),0.0297914136457063,249.03753843716248,90.2317452532532,False,n/a,0
2025-09-03 15:32:09.726487,198,0,POINT (249.02958218204137 90.26188242503656),0.0311697147669124,249.02958218204137,90.26188242503656,False,n/a,0
2025-09-03 15:32:10.726487,199,0,POINT (249.0222447722946 90.29352656524176),0.0324836757636684,249.0222447722946,90.29352656524176,False,n/a,0
2025-09-03 15:32:11.726487,200,0,POINT (249.01563938686957 90.32664107299644),0.0337668734183109,249.01563938686957,90.32664107299644,False,n/a,0
2025-09-03 15:32:12.726487,201,0,POINT (249.00974923414017 90.36120357417128),0.0350608098399982,249.00974923414017,90.36120357417128,False,n/a,0
2025-09-03 15:32:13.726487,202,0,POINT (249.0045801876932 90.39718220277716),0.0363480502576307,249.0045801876932,90.39718220277716,False,n/a,0
2025-09-03 15:32:14.726487,203,0,POINT (249.000276077374 90.43450250205107),0.0375676736508045,249.000276077374,90.43450250205107,False,n/a,0
2025-09-03 15:32:15.726487,204,0,POINT (248.99686625146708 90.4731230607222),0.0387707939664074,248.99686625146708,90.4731230607222,False,n/a,0
2025-09-03 15:32:16.726487,205,0,POINT (248.9943384608646 90.51302688469696),0.0399838078869337,248.9943384608646,90.51302688469696,False,n/a,0
2025-09-03 15:32:17.726487,206,0,POINT (248.99275196707492 90.55320702745333),0.0402114515339316,248.99275196707492,90.55320702745333,False,n/a,0
2025-09-03 15:32:18.726487,207,0,POINT (248.9920761634076 90.59365810202452),0.0404567193993925,248.9920761634076,90.59365810202452,False,n/a,0
2025-09-03 15:32:19.726487,208,0,POINT (248.99209001910629 90.63441159251744),0.0407534928483036,248.99209001910629,90.63441159251744,False,n/a,0
2025-09-03 15:32:20.726487,209,0,POINT (248.99292296755505 90.67543597101955),0.0410328336165448,248.99292296755505,90.67543597101955,False,n/a,0
2025-09-03 15:32:21.726487,210,0,POINT (248.99468961392503 90.71665081484052),0.0412526894951657,248.99468961392503,90.71665081484052,False,n/a,0
2025-09-03 15:32:22.726487,211,0,POINT (248.99681132857688 90.7562930767994),0.0396990000664852,248.99681132857688,90.7562930767994,False,n/a,0
2025-09-03 15:32:23.726487,212,0,POINT (248.99911931174267 90.79439229319766),0.038169059150776,248.99911931174267,90.79439229319766,False,n/a,0
2025-09-03 15:32:24.726487,213,0,POINT (249.00160564559263 90.8309310189094),0.0366232212216782,249.00160564559263,90.8309310189094,False,n/a,0
2025-09-03 15:32:25.726487,214,0,POINT (249.00419260624503 90.86591572568608),0.0350802233981704,249.00419260624503,90.86591572568608,False,n/a,0
2025-09-03 15:32:26.726487,215,0,POINT (249.00683608324888 90.89934279056816),0.0335314276060721,249.00683608324888,90.89934279056816,False,n/a,0
2025-09-03 15:32:27.726487,216,0,POINT (249.00942804093705 90.9312352114652),0.0319975742101191,249.00942804093705,90.9312352114652,False,n/a,0
2025-09-03 15:32:28.726487,217,0,POINT (249.01187666877868 90.9616136347836),0.0304769483645856,249.01187666877868,90.9616136347836,False,n/a,0
2025-09-03 15:32:29.726487,218,0,POINT (249.01419284449503 90.99045728434228),0.0289364958108946,249.01419284449503,90.99045728434228,False,n/a,0
2025-09-03 15:32:30.726487,219,0,POINT (249.01625418902907 91.01780409832348),0.0274243938166385,249.01625418902907,91.01780409832348,False,n/a,0
2025-09-03 15:32:31.726487,220,0,POINT (249.01795224675396 91.04369034403354),0.0259418795964808,249.01795224675396,91.04369034403354,False,n/a,0
2025-09-03 15:32:32.726487,221,0,POINT (249.01917506737425 91.068157912191),0.0244981056779934,249.01917506737425,91.068157912191,False,n/a,0
2025-09-03 15:32:33.726487,222,0,POINT (249.0199632452513 91.09117654534654),0.0230321231482201,249.0199632452513,91.09117654534654,False,n/a,0
2025-09-03 15:32:34.726487,223,0,POINT (249.0202774533857 91.11275428946574),0.0215800316965783,249.0202774533857,91.11275428946574,False,n/a,0
2025-09-03 15:32:35.726487,224,0,POINT (249.02021125437528 91.13283049045724),0.0200763101331026,249.02021125437528,91.13283049045724,False,n/a,0
2025-09-03 15:32:36.726487,225,0,POINT (249.0195741793256 91.15149268118958),0.0186730615472856,249.0195741793256,91.15149268118958,False,n/a,0
2025-09-03 15:32:37.726487,226,0,POINT (249.01828997649355 91.16877208197424),0.0173270559643225,249.01828997649355,91.16877208197424,False,n/a,0
2025-09-03 15:32:38.726487,227,0,POINT (249.016378888806 91.18464822028092),0.0159907480651435,249.016378888806,91.18464822028092,False,n/a,0
2025-09-03 15:32:39.726487,228,0,POINT (249.0138589051845 91.19910098935704),0.0146708163174444,249.0138589051845,91.19910098935704,False,n/a,0
2025-09-03 15:32:40.726487,229,0,POINT (249.01062700491624 91.21217876292074),0.0134712041305506,249.01062700491624,91.21217876292074,False,n/a,0
2025-09-03 15:32:41.726487,230,0,POINT (249.006703606043 91.2238607334379),0.012323209560919,249.006703606043,91.2238607334379,False,n/a,0
2025-09-03 15:32:42.726487,231,0,POINT (249.00204759696464 91.23416147139896),0.0113041418550859,249.00204759696464,91.23416147139896,False,n/a,0
2025-09-03 15:32:43.726487,232,0,POINT (248.99658009452688 91.24311831248852),0.0104937402869908,248.99658009452688,91.24311831248852,False,n/a,0
2025-09-03 15:32:44.726487,233,0,POINT (248.9903934892465 91.25066831401828),0.0097609737216535,248.9903934892465,91.25066831401828,False,n/a,0
2025-09-03 15:32:45.726487,234,0,POINT (248.98339256451675 91.25685892880972),0.0093454084216473,248.98339256451675,91.25685892880972,False,n/a,0
2025-09-03 15:32:46.726487,235,0,POINT (248.97553956912924 91.26170405879904),0.009227395145416,248.97553956912924,91.26170405879904,False,n/a,0
2025-09-03 15:32:47.726487,236,0,POINT (248.96682323866355 91.26520186066844),0.0093919664982775,248.96682323866355,91.26520186066844,False,n/a,0
2025-09-03 15:32:48.726487,237,0,POINT (248.95735391163964 91.26727824823368),0.0096943044931893,248.95735391163964,91.26727824823368,False,n/a,0
2025-09-03 15:32:49.726487,238,0,POINT (248.947027898908 91.26798612177689),0.0103502475278207,248.947027898908,91.26798612177689,False,n/a,0
2025-09-03 15:32:50.726487,239,0,POINT (248.93582301404572 91.26732972730072),0.0112240945507711,248.93582301404572,91.26732972730072,False,n/a,0
2025-09-03 15:32:51.726487,240,0,POINT (248.9238352992085 91.26524390962516),0.0121678240616463,248.9238352992085,91.26524390962516,False,n/a,0
2025-09-03 15:32:52.726487,241,0,POINT (248.91108937001297 91.26170607910332),0.0132278099418793,248.91108937001297,91.26170607910332,False,n/a,0
2025-09-03 15:32:53.726487,242,0,POINT (248.8975359702497 91.25673636061268),0.0144358147335137,248.8975359702497,91.25673636061268,False,n/a,0
2025-09-03 15:32:54.726487,243,0,POINT (248.8831820529062 91.25032206129568),0.0157219012473446,248.8831820529062,91.25032206129568,False,n/a,0
2025-09-03 15:32:55.726487,244,0,POINT (248.8680578920128 91.24243744376028),0.0170560088065508,248.8680578920128,91.24243744376028,False,n/a,0
2025-09-03 15:32:56.726487,245,0,POINT (248.85214116069145 91.23308605851844),0.0184605184623289,248.85214116069145,91.23308605851844,False,n/a,0
2025-09-03 15:32:57.726487,246,0,POINT (248.8354732346233 91.22223620718006),0.0198881631498835,248.8354732346233,91.22223620718006,False,n/a,0
2025-09-03 15:32:58.726487,247,0,POINT (248.8181135978989 91.20984749011876),0.021326914864293,248.8181135978989,91.20984749011876,False,n/a,0
2025-09-03 15:32:59.726487,248,0,POINT (248.80028234084347 91.19579857923328),0.0227007846834655,248.80028234084347,91.19579857923328,False,n/a,0
2025-09-03 15:33:00.726487,249,0,POINT (248.78189448046192 91.18013439609668),0.0241553315594748,248.78189448046192,91.18013439609668,False,n/a,0
2025-09-03 15:33:01.726487,250,0,POINT (248.7629836983157 91.1628872453698),0.0255945675794163,248.7629836983157,91.1628872453698,False,n/a,0
2025-09-03 15:33:02.726487,251,0,POINT (248.74355462960375 91.1440725229702),0.0270459329657299,248.74355462960375,91.1440725229702,False,n/a,0
2025-09-03 15:33:03.726487,252,0,POINT (248.72375354622343 91.12366981176233),0.028431558657008,248.72375354622343,91.12366981176233,False,n/a,0
2025-09-03 15:33:04.726487,253,0,POINT (248.7036316739752 91.10163941866487),0.0298366882009823,248.7036316739752,91.10163941866487,False,n/a,0
2025-09-03 15:33:05.726487,254,0,POINT (248.68340678414597 91.0779407863448),0.0311555988940595,248.68340678414597,91.0779407863448,False,n/a,0
2025-09-03 15:33:06.726487,255,0,POINT (248.66298484239613 91.05265321985152),0.0325041031869127,248.66298484239613,91.05265321985152,False,n/a,0
2025-09-03 15:33:07.726487,256,0,POINT (248.64241733963968 91.02578134604978),0.0338396183674271,248.64241733963968,91.02578134604978,False,n/a,0
2025-09-03 15:33:08.726487,257,0,POINT (248.62186590473803 90.99730747014398),0.0351158523407271,248.62186590473803,90.99730747014398,False,n/a,0
2025-09-03 15:33:09.726487,258,0,POINT (248.6013481770835 90.967239695386),0.0364012118891913,248.6013481770835,90.967239695386,False,n/a,0
2025-09-03 15:33:10.726487,259,0,POINT (248.5810689160228 90.93553591230062),0.0376348015949799,248.5810689160228,90.93553591230062,False,n/a,0
2025-09-03 15:33:11.726487,260,0,POINT (248.5609420891789 90.90227149020504),0.0388794410473745,248.5609420891789,90.90227149020504,False,n/a,0
2025-09-03 15:33:12.726487,261,0,POINT (248.54103809005244 90.86747268857953),0.0400889732445062,248.54103809005244,90.86747268857953,False,n/a,0
2025-09-03 15:33:13.726487,262,0,POINT (248.52148822505924 90.83112028115262),0.0412758373262584,248.52148822505924,90.83112028115262,False,n/a,0
2025-09-03 15:33:14.726487,263,0,POINT (248.50240179667705 90.79321501090108),0.0424393833747749,248.50240179667705,90.79321501090108,False,n/a,0
2025-09-03 15:33:15.726487,264,0,POINT (248.4837313358286 90.75380685551951),0.0436072106293359,248.4837313358286,90.75380685551951,False,n/a,0
2025-09-03 15:33:16.726487,265,0,POINT (248.4656295606213 90.71289336510344),0.0447391100010148,248.4656295606213,90.71289336510344,False,n/a,0
2025-09-03 15:33:17.726487,266,0,POINT (248.4482750057252 90.67049176685158),0.0458156753737405,248.4482750057252,90.67049176685158,False,n/a,0
2025-09-03 15:33:18.726487,267,0,POINT (248.4317212804455 90.62759953869616),0.0459757442220719,248.4317212804455,90.62759953869616,False,n/a,0
2025-09-03 15:33:19.726487,268,0,POINT (248.4161210079 90.58421834869216),0.0461009343686107,248.4161210079,90.58421834869216,False,n/a,0
2025-09-03 15:33:20.726487,269,0,POINT (248.4015242700863 90.54033775727578),0.0462446868067134,248.4015242700863,90.54033775727578,False,n/a,0
2025-09-03 15:33:21.726487,270,0,POINT (248.38790627664963 90.49599416112376),0.0463875442865258,248.38790627664963,90.49599416112376,False,n/a,0
2025-09-03 15:33:22.726487,271,0,POINT (248.3753266191654 90.45224215676126),0.0455245611528201,248.3753266191654,90.45224215676126,False,n/a,0
2025-09-03 15:33:23.726487,272,0,POINT (248.3637589552006 90.4091192672641),0.0446474461552544,248.3637589552006,90.4091192672641,False,n/a,0
2025-09-03 15:33:24.726487,273,0,POINT (248.3531999290797 90.36663954666014),0.0437723622302206,248.3531999290797,90.36663954666014,False,n/a,0
2025-09-03 15:33:25.726487,274,0,POINT (248.34350253137333 90.32480049341233),0.0429481768990174,248.34350253137333,90.32480049341233,False,n/a,0
2025-09-03 15:33:26.726487,275,0,POINT (248.33469251440044 90.28360885754104),0.0421232390114153,248.33469251440044,90.28360885754104,False,n/a,0
2025-09-03 15:33:27.726487,276,0,POINT (248.32673633167127 90.24305927274682),0.0413227500368119,248.32673633167127,90.24305927274682,False,n/a,0
2025-09-03 15:33:28.726487,277,0,POINT (248.31947697849628 90.20313648613136),0.0405774210573056,248.31947697849628,90.20313648613136,False,n/a,0
2025-09-03 15:33:29.726487,278,0,POINT (248.31280691840783 90.16385561268557),0.0398431514849162,248.31280691840783,90.16385561268557,False,n/a,0
2025-09-03 15:33:30.726487,279,0,POINT (248.30685622150537 90.12524142437675),0.0390700183308276,248.30685622150537,90.12524142437675,False,n/a,0
2025-09-03 15:33:31.726487,280,0,POINT (248.30143244887063 90.08726809125616),0.0383587191898116,248.30143244887063,90.08726809125616,False,n/a,0
2025-09-03 15:33:32.726487,281,0,POINT (248.2965374599056 90.0507916437912),0.0368034256100007,248.2965374599056,90.0507916437912,False,n/a,0
2025-09-03 15:33:33.726487,282,0,POINT (248.29218103817013 90.01583645682756),0.0352256086675672,248.29218103817013,90.01583645682756,False,n/a,0
2025-09-03 15:33:34.726487,283,0,POINT (248.2882968646207 89.98241551662207),0.0336458919985926,248.2882968646207,89.98241551662207,False,n/a,0
2025-09-03 15:33:35.726487,284,0,POINT (248.28446845052008 89.95047295423824),0.0321711679329613,248.28446845052008,89.95047295423824,False,n/a,0
2025-09-03 15:33:36.726487,285,0,POINT (248.28071391102876 89.92002328629488),0.0306802680016475,248.28071391102876,89.92002328629488,False,n/a,0
2025-09-03 15:33:37.726487,286,0,POINT (248.27712779234275 89.89110021546223),0.0291445410603805,248.27712779234275,89.89110021546223,False,n/a,0
2025-09-03 15:33:38.726487,287,0,POINT (248.2735314505641 89.863678363521),0.0276566743856836,248.2735314505641,89.863678363521,False,n/a,0
2025-09-03 15:33:39.726487,288,0,POINT (248.2699167537244 89.83770557519289),0.026223115123496,248.2699167537244,89.83770557519289,False,n/a,0
2025-09-03 15:33:40.726487,289,0,POINT (248.26621706363525 89.8131845893717),0.0247985171411161,248.26621706363525,89.8131845893717,False,n/a,0
2025-09-03 15:33:41.726487,290,0,POINT (248.26236315340324 89.79006894814854),0.0234347070225788,248.26236315340324,89.79006894814854,False,n/a,0
2025-09-03 15:33:42.726487,291,0,POINT (248.25837354524845 89.7683491753965),0.0220831497216658,248.25837354524845,89.7683491753965,False,n/a,0
2025-09-03 15:33:43.726487,292,0,POINT (248.2540807526184 89.74810617500478),0.0206931663460042,248.2540807526184,89.74810617500478,False,n/a,0
2025-09-03 15:33:44.726487,293,0,POINT (248.24943526583155 89.72933386869798),0.0193385633272829,248.24943526583155,89.72933386869798,False,n/a,0
2025-09-03 15:33:45.726487,294,0,POINT (248.24447620719957 89.71205332505733),0.0179780268948569,248.24447620719957,89.71205332505733,False,n/a,0
2025-09-03 15:33:46.726487,295,0,POINT (248.23910574740177 89.69624270536146),0.0166978302065548,248.23910574740177,89.69624270536146,False,n/a,0
2025-09-03 15:33:47.726487,296,0,POINT (248.2333049867033 89.68190435771419),0.0154672892885193,248.2333049867033,89.68190435771419,False,n/a,0
2025-09-03 15:33:48.726487,297,0,POINT (248.22707249953208 89.66870573800263),0.0145961453346462,248.22707249953208,89.66870573800263,False,n/a,0
2025-09-03 15:33:49.726487,298,0,POINT (248.2204659932759 89.65663657189289),0.0137590223307179,248.2204659932759,89.65663657189289,False,n/a,0
2025-09-03 15:33:50.726487,299,0,POINT (248.213529541384 89.64573929735006),0.0129176219681037,248.213529541384,89.64573929735006,False,n/a,0
2025-09-03 15:33:51.726487,300,0,POINT (248.2062196028653 89.63596051603061),0.0122090034499253,248.2062196028653,89.63596051603061,False,n/a,0
2025-09-03 15:33:52.726487,301,0,POINT (248.1984691840264 89.62724731668597),0.0116614250843434,248.1984691840264,89.62724731668597,False,n/a,0
2025-09-03 15:33:53.726487,302,0,POINT (248.19036466619025 89.61958578760643),0.0111526784761905,248.19036466619025,89.61958578760643,False,n/a,0
2025-09-03 15:33:54.726487,303,0,POINT (248.18185664530932 89.61296091506581),0.010783105094968,248.18185664530932,89.61296091506581,False,n/a,0
2025-09-03 15:33:55.726487,304,0,POINT (248.173014635014 89.60735417435367),0.0104697988269496,248.173014635014,89.60735417435367,False,n/a,0
2025-09-03 15:33:56.726487,305,0,POINT (248.16393615350668 89.60281279469326),0.0101510076198449,248.16393615350668,89.60281279469326,False,n/a,0
2025-09-03 15:33:57.726487,306,0,POINT (248.15446306060733 89.59927300440657),0.0101128435345158,248.15446306060733,89.59927300440657,False,n/a,0
2025-09-03 15:33:58.726487,307,0,POINT (248.14459345857716 89.59668045560613),0.010204428132778,248.14459345857716,89.59668045560613,False,n/a,0
2025-09-03 15:33:59.726487,308,0,POINT (248.13446480910503 89.59507541325941),0.0102550329625805,248.13446480910503,89.59507541325941,False,n/a,0
2025-09-03 15:34:00.726487,309,0,POINT (248.12399042367687 89.59444122722705),0.010493566696846,248.12399042367687,89.59444122722705,False,n/a,0
2025-09-03 15:34:01.726487,310,0,POINT (248.1131671241335 89.59471927453112),0.0108268704300422,248.1131671241335,89.59471927453112,False,n/a,0
2025-09-03 15:34:02.726487,311,0,POINT (248.10194587177293 89.59591058495624),0.0112843132298172,248.10194587177293,89.59591058495624,False,n/a,0
2025-09-03 15:34:03.726487,312,0,POINT (248.0903648840502 89.5980094261758),0.0117696393784661,248.0903648840502,89.5980094261758,False,n/a,0
2025-09-03 15:34:04.726487,313,0,POINT (248.0783855997333 89.60097383464947),0.012340622769644,248.0783855997333,89.60097383464947,False,n/a,0
2025-09-03 15:34:05.726487,314,0,POINT (248.0660341689244 89.60481782098624),0.0129357672360747,248.0660341689244,89.60481782098624,False,n/a,0
2025-09-03 15:34:06.726487,315,0,POINT (248.0534173607222 89.60955605079471),0.013477190765456,248.0534173607222,89.60955605079471,False,n/a,0
2025-09-03 15:34:07.726487,316,0,POINT (248.0405637430373 89.61518062819253),0.0140303727139948,248.0405637430373,89.61518062819253,False,n/a,0
2025-09-03 15:34:08.726487,317,0,POINT (248.02744118417343 89.62164091137298),0.0146265788859365,248.02744118417343,89.62164091137298,False,n/a,0
2025-09-03 15:34:09.726487,318,0,POINT (248.01405865391183 89.62894618357153),0.0152466100526697,248.01405865391183,89.62894618357153,False,n/a,0
2025-09-03 15:34:10.726487,319,0,POINT (248.00036264948213 89.6370751056835),0.0159267043684769,248.00036264948213,89.6370751056835,False,n/a,0
2025-09-03 15:34:11.726487,320,0,POINT (247.9863530864021 89.64603866005328),0.0166316915746068,247.9863530864021,89.64603866005328,False,n/a,0
2025-09-03 15:34:12.726487,321,0,POINT (247.9722184041789 89.65587457408),0.0172201755592783,247.9722184041789,89.65587457408,False,n/a,0
2025-09-03 15:34:13.726487,322,0,POINT (247.95798822788788 89.66657441014289),0.0178040559717766,247.95798822788788,89.66657441014289,False,n/a,0
2025-09-03 15:34:14.726487,323,0,POINT (247.9436250999836 89.67812481083932),0.0184312560462487,247.9436250999836,89.67812481083932,False,n/a,0
2025-09-03 15:34:15.726487,324,0,POINT (247.92922651930587 89.69054139137927),0.0190129060860954,247.92922651930587,89.69054139137927,False,n/a,0
2025-09-03 15:34:16.726487,325,0,POINT (247.91468588021388 89.7037752891841),0.0196612877582328,247.91468588021388,89.7037752891841,False,n/a,0
2025-09-03 15:34:17.726487,326,0,POINT (247.8999647578114 89.71780317340182),0.020334526805771,247.8999647578114,89.71780317340182,False,n/a,0
2025-09-03 15:34:18.726487,327,0,POINT (247.8852093031162 89.73263487253563),0.0209213465737281,247.8852093031162,89.73263487253563,False,n/a,0
2025-09-03 15:34:19.726487,328,0,POINT (247.87042767729451 89.74825669764189),0.0215066938784687,247.87042767729451,89.74825669764189,False,n/a,0
2025-09-03 15:34:20.726487,329,0,POINT (247.85563502047813 89.76465420792671),0.0220839543385878,247.85563502047813,89.76465420792671,False,n/a,0
2025-09-03 15:34:21.726487,330,0,POINT (247.8409047835977 89.78184590976754),0.0226392246054899,247.8409047835977,89.78184590976754,False,n/a,0
2025-09-03 15:34:22.726487,331,0,POINT (247.826162384945 89.79980386590668),0.0232341667965534,247.826162384945,89.79980386590668,False,n/a,0
2025-09-03 15:34:23.726487,332,0,POINT (247.81140969255696 89.81852000105367),0.0238314004526918,247.81140969255696,89.81852000105367,False,n/a,0
2025-09-03 15:34:24.726487,333,0,POINT (247.79665803322777 89.83798575065869),0.0244238993743797,247.79665803322777,89.83798575065869,False,n/a,0
2025-09-03 15:34:25.726487,334,0,POINT (247.78209883613897 89.85824523950612),0.0249482886833878,247.78209883613897,89.85824523950612,False,n/a,0
2025-09-03 15:34:26.726487,335,0,POINT (247.7679109588672 89.87716878148495),0.0236515602551685,247.7679109588672,89.87716878148495,False,n/a,0
2025-09-03 15:34:27.726487,336,0,POINT (247.75418781822128 89.89479227100239),0.022336337478612,247.75418781822128,89.89479227100239,False,n/a,0
2025-09-03 15:34:28.726487,337,0,POINT (247.74088320981383 89.91114760135326),0.0210833924158789,247.74088320981383,89.91114760135326,False,n/a,0
2025-09-03 15:34:29.726487,338,0,POINT (247.72788988204 89.92622171980734),0.0199011460425307,247.72788988204,89.92622171980734,False,n/a,0
2025-09-03 15:34:30.726487,339,0,POINT (247.71525488409287 89.94006963678595),0.0187458789543194,247.71525488409287,89.94006963678595,False,n/a,0
2025-09-03 15:34:31.726487,340,0,POINT (247.70284545827337 89.95268150924004),0.0176933087908341,247.70284545827337,89.95268150924004,False,n/a,0
2025-09-03 15:34:32.726487,341,0,POINT (247.69079179238827 89.9640884215068),0.0165954363826748,247.69079179238827,89.9640884215068,False,n/a,0
2025-09-03 15:34:33.726487,342,0,POINT (247.67898443944563 89.97426788797351),0.0155895837359093,247.67898443944563,89.97426788797351,False,n/a,0
2025-09-03 15:34:34.726487,343,0,POINT (247.6674160405119 89.98326228493497),0.0146535671626363,247.6674160405119,89.98326228493497,False,n/a,0
2025-09-03 15:34:35.726487,344,0,POINT (247.6560205375852 89.99109614488229),0.0138284796209304,247.6560205375852,89.99109614488229,False,n/a,0
2025-09-03 15:34:36.726487,345,0,POINT (247.6447184412604 89.99775891200112),0.0131198264857304,247.6447184412604,89.99775891200112,False,n/a,0
2025-09-03 15:34:37.726487,346,0,POINT (247.63356005994265 90.00327119908648),0.0124456732458839,247.63356005994265,90.00327119908648,False,n/a,0
2025-09-03 15:34:38.726487,347,0,POINT (247.62263235938545 90.00765959583026),0.0117759358629671,247.62263235938545,90.00765959583026,False,n/a,0
2025-09-03 15:34:39.726487,348,0,POINT (247.61182210727196 90.0109542872996),0.0113011743918882,247.61182210727196,90.0109542872996,False,n/a,0
2025-09-03 15:34:40.726487,349,0,POINT (247.60104200014112 90.01313248156576),0.0109979652669464,247.60104200014112,90.01313248156576,False,n/a,0
2025-09-03 15:34:41.726487,350,0,POINT (247.59030173143347 90.01419983626371),0.0107931746008191,247.59030173143347,90.01419983626371,False,n/a,0
2025-09-03 15:34:42.726487,351,0,POINT (247.57963010900335 90.01524789961366),0.0107229642392392,247.57963010900335,90.01524789961366,False,n/a,0
2025-09-03 15:34:43.726487,352,0,POINT (247.5689560946063 90.01625655244534),0.0107215653653601,247.5689560946063,90.01625655244534,False,n/a,0
2025-09-03 15:34:44.726487,353,0,POINT (247.55835958656704 90.01722832394394),0.0106409737557807,247.55835958656704,90.01722832394394,False,n/a,0
2025-09-03 15:34:45.726487,354,0,POINT (247.5477968056504 90.01819742511606),0.0106071437143091,247.5477968056504,90.01819742511606,False,n/a,0
2025-09-03 15:34:46.726487,355,0,POINT (247.5372788382136 90.01915754066269),0.0105616978210664,247.5372788382136,90.01915754066269,False,n/a,0
2025-09-03 15:34:47.726487,356,0,POINT (247.52675246815105 90.02010492271592),0.010568916663917,247.52675246815105,90.02010492271592,False,n/a,0
2025-09-03 15:34:48.726487,357,0,POINT (247.51608818918865 90.02105139183276),0.0107061967839898,247.51608818918865,90.02105139183276,False,n/a,0
2025-09-03 15:34:49.726487,358,0,POINT (247.50539423285204 90.02198012292233),0.0107342090330609,247.50539423285204,90.02198012292233,False,n/a,0
2025-09-03 15:34:50.726487,359,0,POINT (247.49466955212387 90.02287446430906),0.0107619061154275,247.49466955212387,90.02287446430906,False,n/a,0
2025-09-03 15:34:51.726487,360,0,POINT (247.4838844965874 90.02372739574857),0.0108187298221797,247.4838844965874,90.02372739574857,False,n/a,0
2025-09-03 15:34:52.726487,361,0,POINT (247.4730185525738 90.02453968647254),0.0108962633745238,247.4730185525738,90.02453968647254,False,n/a,0
2025-09-03 15:34:53.726487,362,0,POINT (247.4621737010531 90.02531818594903),0.0108727579730563,247.4621737010531,90.02531818594903,False,n/a,0
2025-09-03 15:34:54.726487,363,0,POINT (247.45140966752197 90.02608899007927),0.0107915965856371,247.45140966752197,90.02608899007927,False,n/a,0
2025-09-03 15:34:55.726487,364,0,POINT (247.44058821633217 90.02681375914521),0.0108456948164475,247.44058821633217,90.02681375914521,False,n/a,0
2025-09-03 15:34:56.726487,365,0,POINT (247.4297837369133 90.0275028331017),0.0108264305488884,247.4297837369133,90.0275028331017,False,n/a,0
2025-09-03 15:34:57.726487,366,0,POINT (247.41890972056385 90.02816941651518),0.0108944281637812,247.41890972056385,90.02816941651518,False,n/a,0
2025-09-03 15:34:58.726487,367,0,POINT (247.4079569619479 90.02881635572335),0.0109718481414249,247.4079569619479,90.02881635572335,False,n/a,0
2025-09-03 15:34:59.726487,368,0,POINT (247.3970178292745 90.02943406804458),0.0109565593211291,247.3970178292745,90.02943406804458,False,n/a,0
2025-09-03 15:35:00.726487,369,0,POINT (247.3860548002928 90.03002769591151),0.0109790891470446,247.3860548002928,90.03002769591151,False,n/a,0
2025-09-03 15:35:01.726487,370,0,POINT (247.3750396594744 90.03060637517446),0.0110303307719329,247.3750396594744,90.03060637517446,False,n/a,0
2025-09-03 15:35:02.726487,371,0,POINT (247.36411959440085 90.03118637657124),0.0109354571386299,247.36411959440085,90.03118637657124,False,n/a,0
2025-09-03 15:35:03.726487,372,0,POINT (247.35319564083076 90.03176026063765),0.0109390175300928,247.35319564083076,90.03176026063765,False,n/a,0
2025-09-03 15:35:04.726487,373,0,POINT (247.3421361351772 90.03229165451357),0.0110722646622816,247.3421361351772,90.03229165451357,False,n/a,0
2025-09-03 15:35:05.726487,374,0,POINT (247.3310419939725 90.03278254133345),0.0111049961252077,247.3310419939725,90.03278254133345,False,n/a,0
2025-09-03 15:35:06.726487,375,0,POINT (247.3198212875964 90.03322807650932),0.0112295482175732,247.3198212875964,90.03322807650932,False,n/a,0
2025-09-03 15:35:07.726487,376,0,POINT (247.30861258150145 90.03366620529707),0.0112172656720882,247.30861258150145,90.03366620529707,False,n/a,0
2025-09-03 15:35:08.726487,377,0,POINT (247.29743705117744 90.03409252770888),0.0111836590086183,247.29743705117744,90.03409252770888,False,n/a,0
2025-09-03 15:35:09.726487,378,0,POINT (247.28628176339987 90.03450314302582),0.011162842395147,247.28628176339987,90.03450314302582,False,n/a,0
2025-09-03 15:35:10.726487,379,0,POINT (247.2750537568305 90.03488566449498),0.0112345206482726,247.2750537568305,90.03488566449498,False,n/a,0
2025-09-03 15:35:11.726487,380,0,POINT (247.26379858608277 90.0352609410299),0.0112614253555472,247.26379858608277,90.0352609410299,False,n/a,0
2025-09-03 15:35:12.726487,381,0,POINT (247.252424707861 90.0356162036284),0.0113794251751575,247.252424707861,90.0356162036284,False,n/a,0
2025-09-03 15:35:13.726487,382,0,POINT (247.2410988969379 90.03594858040672),0.0113306869777836,247.2410988969379,90.03594858040672,False,n/a,0
2025-09-03 15:35:14.726487,383,0,POINT (247.2296184198676 90.03626210502011),0.0114847573524674,247.2296184198676,90.03626210502011,False,n/a,0
2025-09-03 15:35:15.726487,384,0,POINT (247.21806497861547 90.03654306978628),0.0115568570972379,247.21806497861547,90.03654306978628,False,n/a,0
2025-09-03 15:35:16.726487,385,0,POINT (247.20657487538497 90.03683002406939),0.011493685875651,247.20657487538497,90.03683002406939,False,n/a,0
2025-09-03 15:35:17.726487,386,0,POINT (247.195110542083 90.03709353093181),0.0114673612450845,247.195110542083,90.03709353093181,False,n/a,0
2025-09-03 15:35:18.726487,387,0,POINT (247.1836941552141 90.03734755022677),0.0114192125359992,247.1836941552141,90.03734755022677,False,n/a,0
2025-09-03 15:35:19.726487,388,0,POINT (247.1723174252109 90.03759095389076),0.0113793335002036,247.1723174252109,90.03759095389076,False,n/a,0
2025-09-03 15:35:20.726487,389,0,POINT (247.16091378975904 90.03784196210006),0.0114063976189215,247.16091378975904,90.03784196210006,False,n/a,0
2025-09-03 15:35:21.726487,390,0,POINT (247.14947338153968 90.03806593080826),0.0114426003254413,247.14947338153968,90.03806593080826,False,n/a,0
2025-09-03 15:35:22.726487,391,0,POINT (247.13805076297157 90.03827931007147),0.0114246114009637,247.13805076297157,90.03827931007147,False,n/a,0
2025-09-03 15:35:23.726487,392,0,POINT (247.1265845060732 90.03847062248262),0.0114678527936651,247.1265845060732,90.03847062248262,False,n/a,0
2025-09-03 15:35:24.726487,393,0,POINT (247.1152010171682 90.03864691128439),0.0113848538590593,247.1152010171682,90.03864691128439,False,n/a,0
2025-09-03 15:35:25.726487,394,0,POINT (247.1038394984754 90.03882095191463),0.0113628516292353,247.1038394984754,90.03882095191463,False,n/a,0
2025-09-03 15:35:26.726487,395,0,POINT (247.09251637607645 90.03898986538594),0.0113243822181329,247.09251637607645,90.03898986538594,False,n/a,0
2025-09-03 15:35:27.726487,396,0,POINT (247.081143981063 90.03914322917667),0.011373429069282,247.081143981063,90.03914322917667,False,n/a,0
2025-09-03 15:35:28.726487,397,0,POINT (247.0697623264656 90.03929176054494),0.011382623728366,247.0697623264656,90.03929176054494,False,n/a,0
2025-09-03 15:35:29.726487,398,0,POINT (247.05846188838535 90.0394125782125),0.011301083917667,247.05846188838535,90.0394125782125,False,n/a,0
2025-09-03 15:35:30.726487,399,0,POINT (247.04712923136887 90.03952925611244),0.0113332576422751,247.04712923136887,90.03952925611244,False,n/a,0
2025-09-03 15:35:31.726487,400,0,POINT (247.0357403956113 90.0396422671415),0.0113893964460648,247.0357403956113,90.0396422671415,False,n/a,0
2025-09-03 15:35:32.726487,401,0,POINT (247.0242247117424 90.0397360451171),0.011516065703037,247.0242247117424,90.0397360451171,False,n/a,0
2025-09-03 15:35:33.726487,402,0,POINT (247.0127566568999 90.0398263680797),0.0114684105310364,247.0127566568999,90.0398263680797,False,n/a,0
2025-09-03 15:35:34.726487,403,0,POINT (247.00126842808015 90.03989219712298),0.0114884174226652,247.00126842808015,90.03989219712298,False,n/a,0
2025-09-03 15:35:35.726487,404,0,POINT (246.98972369470064 90.03993591285881),0.0115448161470922,246.98972369470064,90.03993591285881,False,n/a,0
2025-09-03 15:35:36.726487,405,0,POINT (246.97817506909195 90.03997576669435),0.0115486943754717,246.97817506909195,90.03997576669435,False,n/a,0
2025-09-03 15:35:37.726487,406,0,POINT (246.96666560839373 90.0400150885007),0.0115095278690461,246.96666560839373,90.0400150885007,False,n/a,0
2025-09-03 15:35:38.726487,407,0,POINT (246.9551173697074 90.04004101461331),0.0115482677886966,246.9551173697074,90.04004101461331,False,n/a,0
2025-09-03 15:35:39.726487,408,0,POINT (246.94343827094156 90.04006473369849),0.0116791228514054,246.94343827094156,90.04006473369849,False,n/a,0
2025-09-03 15:35:40.726487,409,0,POINT (246.9317165145846 90.04008455471264),0.0117217731151872,246.9317165145846,90.04008455471264,False,n/a,0
2025-09-03 15:35:41.726487,410,0,POINT (246.9199580136453 90.04009973583665),0.0117585107392859,246.9199580136453,90.04009973583665,False,n/a,0
2025-09-03 15:35:42.726487,411,0,POINT (246.90813068104544 90.04010964287428),0.0118273367491252,246.90813068104544,90.04010964287428,False,n/a,0
2025-09-03 15:35:43.726487,412,0,POINT (246.89629899048904 90.04010975351443),0.0118316905569372,246.89629899048904,90.04010975351443,False,n/a,0
2025-09-03 15:35:44.726487,413,0,POINT (246.88443574610227 90.04010841390416),0.0118632444623805,246.88443574610227,90.04010841390416,False,n/a,0
2025-09-03 15:35:45.726487,414,0,POINT (246.8724749805233 90.04009209466813),0.0119607767119602,246.8724749805233,90.04009209466813,False,n/a,0
2025-09-03 15:35:46.726487,415,0,POINT (246.86043826009868 90.04007388884699),0.0120367341929467,246.86043826009868,90.04007388884699,False,n/a,0
2025-09-03 15:35:47.726487,416,0,POINT (246.8484142173429 90.0400480945204),0.0120240704231073,246.8484142173429,90.0400480945204,False,n/a,0
2025-09-03 15:35:48.726487,417,0,POINT (246.83635085450243 90.04000476791764),0.0120634406458338,246.83635085450243,90.04000476791764,False,n/a,0
2025-09-03 15:35:49.726487,418,0,POINT (246.82405446473527 90.0399317487741),0.0122966065685292,246.82405446473527,90.0399317487741,False,n/a,0
2025-09-03 15:35:50.726487,419,0,POINT (246.81173043062225 90.03984761908504),0.0123243212642398,246.81173043062225,90.03984761908504,False,n/a,0
2025-09-03 15:35:51.726487,420,0,POINT (246.79926432249317 90.03974204351732),0.0124665551812157,246.79926432249317,90.03974204351732,False,n/a,0
2025-09-03 15:35:52.726487,421,0,POINT (246.78671771296575 90.03962554010178),0.0125471504206306,246.78671771296575,90.03962554010178,False,n/a,0
2025-09-03 15:35:53.726487,422,0,POINT (246.77414303673277 90.03950904771655),0.012575215816903,246.77414303673277,90.03950904771655,False,n/a,0
2025-09-03 15:35:54.726487,423,0,POINT (246.76149828206343 90.03938962713221),0.012645318577363,246.76149828206343,90.03938962713221,False,n/a,0
2025-09-03 15:35:55.726487,424,0,POINT (246.7487953002619 90.03924638768603),0.0127037893633814,246.7487953002619,90.03924638768603,False,n/a,0
2025-09-03 15:35:56.726487,425,0,POINT (246.7360296012109 90.03906475817759),0.0127669910918245,246.7360296012109,90.03906475817759,False,n/a,0
2025-09-03 15:35:57.726487,426,0,POINT (246.7232672448612 90.03889215321139),0.0127635234974908,246.7232672448612,90.03889215321139,False,n/a,0
2025-09-03 15:35:58.726487,427,0,POINT (246.71056225315417 90.03869704434956),0.0127064897490969,246.71056225315417,90.03869704434956,False,n/a,0
2025-09-03 15:35:59.726487,428,0,POINT (246.6978818365276 90.03849632141109),0.0126820051853669,246.6978818365276,90.03849632141109,False,n/a,0
2025-09-03 15:36:00.726487,429,0,POINT (246.685262669702 90.03831092159508),0.0126205286919703,246.685262669702,90.03831092159508,False,n/a,0
2025-09-03 15:36:01.726487,430,0,POINT (246.67253042236572 90.03808550238307),0.0127342426571582,246.67253042236572,90.03808550238307,False,n/a,0
2025-09-03 15:36:02.726487,431,0,POINT (246.65974030507925 90.03786010940526),0.0127921031185985,246.65974030507925,90.03786010940526,False,n/a,0
2025-09-03 15:36:03.726487,432,0,POINT (246.6468664900273 90.03761100692223),0.0128762248364345,246.6468664900273,90.03761100692223,False,n/a,0
2025-09-03 15:36:04.726487,433,0,POINT (246.63396584907304 90.0373696901283),0.0129028977685512,246.63396584907304,90.0373696901283,False,n/a,0
2025-09-03 15:36:05.726487,434,0,POINT (246.62090035318607 90.03712967705977),0.0130677002202395,246.62090035318607,90.03712967705977,False,n/a,0
2025-09-03 15:36:06.726487,435,0,POINT (246.6078565633917 90.03688464702303),0.0130460910589683,246.6078565633917,90.03688464702303,False,n/a,0
2025-09-03 15:36:07.726487,436,0,POINT (246.5948749008706 90.03664316604066),0.0129839083051505,246.5948749008706,90.03664316604066,False,n/a,0
2025-09-03 15:36:08.726487,437,0,POINT (246.5818566799934 90.03641116351169),0.0130202880145184,246.5818566799934,90.03641116351169,False,n/a,0
2025-09-03 15:36:09.726487,438,0,POINT (246.5687443526265 90.03617562049506),0.0131144427822251,246.5687443526265,90.03617562049506,False,n/a,0
2025-09-03 15:36:10.726487,439,0,POINT (246.5555005688692 90.03593555241457),0.0132459594176579,246.5555005688692,90.03593555241457,False,n/a,0
2025-09-03 15:36:11.726487,440,0,POINT (246.54216791121945 90.03568234715603),0.0133350617887031,246.54216791121945,90.03568234715603,False,n/a,0
2025-09-03 15:36:12.726487,441,0,POINT (246.5287780420057 90.0354362606992),0.01339213037964,246.5287780420057,90.0354362606992,False,n/a,0
2025-09-03 15:36:13.726487,442,0,POINT (246.51529836521632 90.03518311634684),0.0134820535679651,246.51529836521632,90.03518311634684,False,n/a,0
2025-09-03 15:36:14.726487,443,0,POINT (246.5018164111404 90.03493445043286),0.0134842471217879,246.5018164111404,90.03493445043286,False,n/a,0
2025-09-03 15:36:15.726487,444,0,POINT (246.4882676526068 90.03468694916383),0.013551018953599,246.4882676526068,90.03468694916383,False,n/a,0
2025-09-03 15:36:16.726487,445,0,POINT (246.47475012830668 90.03444806455057),0.0135196349456111,246.47475012830668,90.03444806455057,False,n/a,0
2025-09-03 15:36:17.726487,446,0,POINT (246.4611585025146 90.0342183592119),0.0135935667216066,246.4611585025146,90.0342183592119,False,n/a,0
2025-09-03 15:36:18.726487,447,0,POINT (246.4474840778646 90.03400342338142),0.0136761137359822,246.4474840778646,90.03400342338142,False,n/a,0
2025-09-03 15:36:19.726487,448,0,POINT (246.43378914519224 90.03379496516156),0.0136965191099514,246.43378914519224,90.03379496516156,False,n/a,0
2025-09-03 15:36:20.726487,449,0,POINT (246.41996120383024 90.03358666507343),0.0138295101590146,246.41996120383024,90.03358666507343,False,n/a,0
2025-09-03 15:36:21.726487,450,0,POINT (246.4060755426988 90.03335044111348),0.0138876703163785,246.4060755426988,90.03335044111348,False,n/a,0
2025-09-03 15:36:22.726487,451,0,POINT (246.39208384310035 90.03471360507055),0.0140579469919006,246.39208384310035,90.03471360507055,False,n/a,0
2025-09-03 15:36:23.726487,452,0,POINT (246.37804785716511 90.03768988932232),0.0143480719653034,246.37804785716511,90.03768988932232,False,n/a,0
2025-09-03 15:36:24.726487,453,0,POINT (246.36396281230725 90.04229018463545),0.0148172603950939,246.36396281230725,90.04229018463545,False,n/a,0
2025-09-03 15:36:25.726487,454,0,POINT (246.3496467550403 90.04851888781356),0.0156123745455732,246.3496467550403,90.04851888781356,False,n/a,0
2025-09-03 15:36:26.726487,455,0,POINT (246.33520233823083 90.0563917769531),0.0164506401203622,246.33520233823083,90.0563917769531,False,n/a,0
2025-09-03 15:36:27.726487,456,0,POINT (246.32077525218205 90.06592513038406),0.0172923578351384,246.32077525218205,90.06592513038406,False,n/a,0
2025-09-03 15:36:28.726487,457,0,POINT (246.30642133581887 90.07713123188118),0.0182102066359751,246.30642133581887,90.07713123188118,False,n/a,0
2025-09-03 15:36:29.726487,458,0,POINT (246.29211806908992 90.09002005120736),0.0192537036110513,246.29211806908992,90.09002005120736,False,n/a,0
2025-09-03 15:36:30.726487,459,0,POINT (246.27794347145596 90.10460326860525),0.0203368986760433,246.27794347145596,90.10460326860525,False,n/a,0
2025-09-03 15:36:31.726487,460,0,POINT (246.26387297528183 90.12007548077985),0.0209133500941671,246.26387297528183,90.12007548077985,False,n/a,0
2025-09-03 15:36:32.726487,461,0,POINT (246.24995672729517 90.13637667548612),0.0214334063293435,246.24995672729517,90.13637667548612,False,n/a,0
2025-09-03 15:36:33.726487,462,0,POINT (246.2361227154373 90.15351298642574),0.022023465592466,246.2361227154373,90.15351298642574,False,n/a,0
2025-09-03 15:36:34.726487,463,0,POINT (246.2224278751798 90.1714793679927),0.0225906953476026,246.2224278751798,90.1714793679927,False,n/a,0
2025-09-03 15:36:35.726487,464,0,POINT (246.20898671112056 90.1902574488462),0.0230928822758767,246.20898671112056,90.1902574488462,False,n/a,0
2025-09-03 15:36:36.726487,465,0,POINT (246.19567501773585 90.20986188311454),0.0236967302333273,246.19567501773585,90.20986188311454,False,n/a,0
2025-09-03 15:36:37.726487,466,0,POINT (246.182585444122 90.23024331598278),0.0242227113089108,246.182585444122,90.23024331598278,False,n/a,0
2025-09-03 15:36:38.726487,467,0,POINT (246.16967358325053 90.25034610192132),0.0238922195212989,246.16967358325053,90.25034610192132,False,n/a,0
2025-09-03 15:36:39.726487,468,0,POINT (246.15681290653572 90.2701877835),0.0236450699604059,246.15681290653572,90.2701877835,False,n/a,0
2025-09-03 15:36:40.726487,469,0,POINT (246.1441539771358 90.28976149675516),0.0233104857123978,246.1441539771358,90.28976149675516,False,n/a,0
2025-09-03 15:36:41.726487,470,0,POINT (246.1316595334389 90.30909795527468),0.0230219406517254,246.1316595334389,90.30909795527468,False,n/a,0
2025-09-03 15:36:42.726487,471,0,POINT (246.1192631786565 90.32819060134888),0.0227639791338503,246.1192631786565,90.32819060134888,False,n/a,0
2025-09-03 15:36:43.726487,472,0,POINT (246.10687141966 90.34599886939112),0.0216953935592623,246.10687141966,90.34599886939112,False,n/a,0
2025-09-03 15:36:44.726487,473,0,POINT (246.09450551794012 90.36253801104836),0.020650877272016,246.09450551794012,90.36253801104836,False,n/a,0
2025-09-03 15:36:45.726487,474,0,POINT (246.08208608197543 90.37781306510014),0.0196867891228149,246.08208608197543,90.37781306510014,False,n/a,0
2025-09-03 15:36:46.726487,475,0,POINT (246.06958678171063 90.39185404451456),0.0187984470110139,246.06958678171063,90.39185404451456,False,n/a,0
2025-09-03 15:36:47.726487,476,0,POINT (246.05690706409635 90.4047072910345),0.0180549490411933,246.05690706409635,90.4047072910345,False,n/a,0
2025-09-03 15:36:48.726487,477,0,POINT (246.0441870810282 90.41636115709822),0.017251393088239,246.0441870810282,90.41636115709822,False,n/a,0
2025-09-03 15:36:49.726487,478,0,POINT (246.0314279191676 90.42684077511046),0.0165111660723123,246.0314279191676,90.42684077511046,False,n/a,0
2025-09-03 15:36:50.726487,479,0,POINT (246.01848313809103 90.43615475003637),0.015947334762909,246.01848313809103,90.43615475003637,False,n/a,0
2025-09-03 15:36:51.726487,480,0,POINT (246.0054645605212 90.44433251429494),0.0153739776964793,246.0054645605212,90.44433251429494,False,n/a,0
2025-09-03 15:36:52.726487,481,0,POINT (245.9922469631784 90.45142391273347),0.0149997603757808,245.9922469631784,90.45142391273347,False,n/a,0
2025-09-03 15:36:53.726487,482,0,POINT (245.97888899566408 90.45740895879152),0.0146374885970805,245.97888899566408,90.45740895879152,False,n/a,0
2025-09-03 15:36:54.726487,483,0,POINT (245.9652980287459 90.46231837281034),0.0144504923023049,245.9652980287459,90.46231837281034,False,n/a,0
2025-09-03 15:36:55.726487,484,0,POINT (245.9514764193992 90.46616646852485),0.014347289833304,245.9514764193992,90.46616646852485,False,n/a,0
2025-09-03 15:36:56.726487,485,0,POINT (245.93748229707276 90.4689575896636),0.0142697518163202,245.93748229707276,90.4689575896636,False,n/a,0
2025-09-03 15:36:57.726487,486,0,POINT (245.92331466966849 90.47069775755084),0.0142740971883398,245.92331466966849,90.47069775755084,False,n/a,0
2025-09-03 15:36:58.726487,487,0,POINT (245.90904301390484 90.47142704480233),0.0142902770487659,245.90904301390484,90.47142704480233,False,n/a,0
2025-09-03 15:36:59.726487,488,0,POINT (245.89455609595325 90.47115699372004),0.014489434748224,245.89455609595325,90.47115699372004,False,n/a,0
2025-09-03 15:37:00.726487,489,0,POINT (245.87990427654813 90.46987361718055),0.0147079185210632,245.87990427654813,90.46987361718055,False,n/a,0
2025-09-03 15:37:01.726487,490,0,POINT (245.86504795210936 90.46762132481663),0.0150260838784591,245.86504795210936,90.46762132481663,False,n/a,0
2025-09-03 15:37:02.726487,491,0,POINT (245.84999963710564 90.46440712075751),0.0153877513686988,245.84999963710564,90.46440712075751,False,n/a,0
2025-09-03 15:37:03.726487,492,0,POINT (245.8348799649316 90.46022132708276),0.015688382814665,245.8348799649316,90.46022132708276,False,n/a,0
2025-09-03 15:37:04.726487,493,0,POINT (245.8195692999484 90.45509108668156),0.0161473164582056,245.8195692999484,90.45509108668156,False,n/a,0
2025-09-03 15:37:05.726487,494,0,POINT (245.80423477639312 90.4490100997063),0.016496242458813,245.80423477639312,90.4490100997063,False,n/a,0
2025-09-03 15:37:06.726487,495,0,POINT (245.78878130895805 90.44201504166924),0.0169629152184557,245.78878130895805,90.44201504166924,False,n/a,0
2025-09-03 15:37:07.726487,496,0,POINT (245.7732309239827 90.43411078153338),0.0174439617397156,245.7732309239827,90.43411078153338,False,n/a,0
2025-09-03 15:37:08.726487,497,0,POINT (245.75766617333463 90.425276079095),0.0178973023082151,245.75766617333463,90.425276079095,False,n/a,0
2025-09-03 15:37:09.726487,498,0,POINT (245.7420681213043 90.4155172792898),0.0183992771808841,245.7420681213043,90.4155172792898,False,n/a,0
2025-09-03 15:37:10.726487,499,0,POINT (245.7263831387152 90.40488499768917),0.0189489865389844,245.7263831387152,90.40488499768917,False,n/a,0
2025-09-03 15:37:11.726487,500,0,POINT (245.7107028228931 90.39335376691947),0.0194638533529569,245.7107028228931,90.39335376691947,False,n/a,0
2025-09-03 15:37:12.726487,501,0,POINT (245.6949677620107 90.3809617363302),0.0200288432790908,245.6949677620107,90.3809617363302,False,n/a,0
2025-09-03 15:37:13.726487,502,0,POINT (245.679262106207 90.36873129899818),0.0199060599204453,245.679262106207,90.36873129899818,False,n/a,0
2025-09-03 15:37:14.726487,503,0,POINT (245.66358557998112 90.3567013210666),0.0197604110166052,245.66358557998112,90.3567013210666,False,n/a,0
2025-09-03 15:37:15.726487,504,0,POINT (245.64797675934284 90.34485737922262),0.0195937296123475,245.64797675934284,90.34485737922262,False,n/a,0
2025-09-03 15:37:16.726487,505,0,POINT (245.63238923371108 90.33319329198754),0.0194684844389127,245.63238923371108,90.33319329198754,False,n/a,0
2025-09-03 15:37:17.726487,506,0,POINT (245.61694682830532 90.32170026784512),0.0192498698347146,245.61694682830532,90.32170026784512,False,n/a,0
2025-09-03 15:37:18.726487,507,0,POINT (245.60167025491853 90.31036175501043),0.0190246042730193,245.60167025491853,90.31036175501043,False,n/a,0
2025-09-03 15:37:19.726487,508,0,POINT (245.58642826591336 90.29919593054952),0.0188942812704248,245.58642826591336,90.29919593054952,False,n/a,0
2025-09-03 15:37:20.726487,509,0,POINT (245.57129887702183 90.28818481488064),0.018712110423575,245.57129887702183,90.28818481488064,False,n/a,0
2025-09-03 15:37:21.726487,510,0,POINT (245.5561809905544 90.27732296315422),0.0186153247129924,245.5561809905544,90.27732296315422,False,n/a,0
2025-09-03 15:37:22.726487,511,0,POINT (245.54100687864135 90.26661111174997),0.0185741065156454,245.54100687864135,90.26661111174997,False,n/a,0
2025-09-03 15:37:23.726487,512,0,POINT (245.5258232207397 90.25604069297418),0.0185007356710621,245.5258232207397,90.25604069297418,False,n/a,0
2025-09-03 15:37:24.726487,513,0,POINT (245.51057889530583 90.2456076013634),0.0184726516367431,245.51057889530583,90.2456076013634,False,n/a,0
2025-09-03 15:37:25.726487,514,0,POINT (245.49534746289103 90.23530748073368),0.018387197132628,245.49534746289103,90.23530748073368,False,n/a,0
2025-09-03 15:37:26.726487,515,0,POINT (245.48010060373065 90.22512307363353),0.0183354536960039,245.48010060373065,90.22512307363353,False,n/a,0
2025-09-03 15:37:27.726487,516,0,POINT (245.4649904766408 90.21507041083812),0.0181486079342328,245.4649904766408,90.21507041083812,False,n/a,0
2025-09-03 15:37:28.726487,517,0,POINT (245.4498939885203 90.205147657469),0.0180655746655199,245.4498939885203,90.205147657469,False,n/a,0
2025-09-03 15:37:29.726487,518,0,POINT (245.43489922856503 90.1953525657704),0.0179105177898365,245.43489922856503,90.1953525657704,False,n/a,0
2025-09-03 15:37:30.726487,519,0,POINT (245.4199722860368 90.18569060829984),0.0177810864517653,245.4199722860368,90.18569060829984,False,n/a,0
2025-09-03 15:37:31.726487,520,0,POINT (245.4050772081128 90.1761543060798),0.0176862773469677,245.4050772081128,90.1761543060798,False,n/a,0
2025-09-03 15:37:32.726487,521,0,POINT (245.3901817336684 90.16674761553772),0.0176170651890917,245.3901817336684,90.16674761553772,False,n/a,0
2025-09-03 15:37:33.726487,522,0,POINT (245.37536094596376 90.15746859322064),0.0174858801136039,245.37536094596376,90.15746859322064,False,n/a,0
2025-09-03 15:37:34.726487,523,0,POINT (245.36061979762988 90.14828774616986),0.0173663296862479,245.36061979762988,90.14828774616986,False,n/a,0
2025-09-03 15:37:35.726487,524,0,POINT (245.345982647084 90.13923293197432),0.0172115030202995,245.345982647084,90.13923293197432,False,n/a,0
2025-09-03 15:37:36.726487,525,0,POINT (245.33137926391785 90.13029518267216),0.0171213948755945,245.33137926391785,90.13029518267216,False,n/a,0
2025-09-03 15:37:37.726487,526,0,POINT (245.31671347763944 90.12145540373834),0.0171238716055438,245.31671347763944,90.12145540373834,False,n/a,0
2025-09-03 15:37:38.726487,527,0,POINT (245.3020401751716 90.11272965372956),0.017071746206199,245.3020401751716,90.11272965372956,False,n/a,0
2025-09-03 15:37:39.726487,528,0,POINT (245.2873510565026 90.10410907497476),0.0170318696959364,245.2873510565026,90.10410907497476,False,n/a,0
2025-09-03 15:37:40.726487,529,0,POINT (245.2726048342161 90.09558944280248),0.017030419961712,245.2726048342161,90.09558944280248,False,n/a,0
2025-09-03 15:37:41.726487,530,0,POINT (245.25787044059945 90.08717323832904),0.0169686432277769,245.25787044059945,90.08717323832904,False,n/a,0
2025-09-03 15:37:42.726487,531,0,POINT (245.24318967629733 90.07886047348332),0.0168708891251541,245.24318967629733,90.07886047348332,False,n/a,0
2025-09-03 15:37:43.726487,532,0,POINT (245.22856456059745 90.07066665203324),0.0167640305175059,245.22856456059745,90.07066665203324,False,n/a,0
2025-09-03 15:37:44.726487,533,0,POINT (245.2139927122325 90.06257333102982),0.0166685515157801,245.2139927122325,90.06257333102982,False,n/a,0
2025-09-03 15:37:45.726487,534,0,POINT (245.1993782873393 90.05456286504355),0.0166658027192373,245.1993782873393,90.05456286504355,False,n/a,0
2025-09-03 15:37:46.726487,535,0,POINT (245.18473745338116 90.04663420901406),0.0166498530151064,245.18473745338116,90.04663420901406,False,n/a,0
2025-09-03 15:37:47.726487,536,0,POINT (245.17019108319147 90.03879475204207),0.0165243448072973,245.17019108319147,90.03879475204207,False,n/a,0
2025-09-03 15:37:48.726487,537,0,POINT (245.15556807088095 90.03102699157652),0.0165580974656776,245.15556807088095,90.03102699157652,False,n/a,0
2025-09-03 15:37:49.726487,538,0,POINT (245.14091061960283 90.02332972372604),0.0165556277541267,245.14091061960283,90.02332972372604,False,n/a,0
2025-09-03 15:37:50.726487,539,0,POINT (245.1262396512465 90.01569927557436),0.0165366578094892,245.1262396512465,90.01569927557436,False,n/a,0
2025-09-03 15:37:51.726487,540,0,POINT (245.11161009091975 90.0081295069858),0.0164719589556713,245.11161009091975,90.0081295069858,False,n/a,0
2025-09-03 15:37:52.726487,541,0,POINT (245.09706534378725 90.00063626263963),0.0163614907627834,245.09706534378725,90.00063626263963,False,n/a,0
2025-09-03 15:37:53.726487,542,0,POINT (245.08240304354752 89.99320508560587),0.0164379268895836,245.08240304354752,89.99320508560587,False,n/a,0
2025-09-03 15:37:54.726487,543,0,POINT (245.06781889909792 89.9858589249614),0.0163298299299473,245.06781889909792,89.9858589249614,False,n/a,0
2025-09-03 15:37:55.726487,544,0,POINT (245.0531385672484 89.97859360075532),0.016379776525716,245.0531385672484,89.97859360075532,False,n/a,0
2025-09-03 15:37:56.726487,545,0,POINT (245.03844498713136 89.97140758586613),0.0163566532836581,245.03844498713136,89.97140758586613,False,n/a,0
2025-09-03 15:37:57.726487,546,0,POINT (245.02379409343945 89.96430773239862),0.0162805591191612,245.02379409343945,89.96430773239862,False,n/a,0
2025-09-03 15:37:58.726487,547,0,POINT (245.0090637375882 89.95726742352284),0.0163263386149713,245.0090637375882,89.95726742352284,False,n/a,0
2025-09-03 15:37:59.726487,548,0,POINT (244.99421822800957 89.95178148429827),0.0158267079276094,244.99421822800957,89.95178148429827,False,n/a,0
2025-09-03 15:38:00.726487,549,0,POINT (244.97921569571727 89.9478579302352),0.0155071032648408,244.97921569571727,89.9478579302352,False,n/a,0
2025-09-03 15:38:01.726487,550,0,POINT (244.96382955773905 89.94548429387186),0.0155681531169006,244.96382955773905,89.94548429387186,False,n/a,0
2025-09-03 15:38:02.726487,551,0,POINT (244.94823688812616 89.9446922498173),0.0156127729580653,244.94823688812616,89.9446922498173,False,n/a,0
2025-09-03 15:38:03.726487,552,0,POINT (244.93250739237772 89.94550197943606),0.0157503237603222,244.93250739237772,89.94550197943606,False,n/a,0
2025-09-03 15:38:04.726487,553,0,POINT (244.9166213594303 89.94792379711777),0.0160695750936489,244.9166213594303,89.94792379711777,False,n/a,0
2025-09-03 15:38:05.726487,554,0,POINT (244.90057422142084 89.95196966888211),0.0165493116663048,244.90057422142084,89.95196966888211,False,n/a,0
2025-09-03 15:38:06.726487,555,0,POINT (244.88419888476548 89.95763481196828),0.017327593507553,244.88419888476548,89.95763481196828,False,n/a,0
2025-09-03 15:38:07.726487,556,0,POINT (244.86767998671172 89.96495137181293),0.0180667108481316,244.86767998671172,89.96495137181293,False,n/a,0
2025-09-03 15:38:08.726487,557,0,POINT (244.85101195817663 89.97393143057187),0.0189331621912623,244.85101195817663,89.97393143057187,False,n/a,0
2025-09-03 15:38:09.726487,558,0,POINT (244.83429467155585 89.98459676895254),0.0198297028403455,244.83429467155585,89.98459676895254,False,n/a,0
2025-09-03 15:38:10.726487,559,0,POINT (244.81740617241385 89.99694902905276),0.0209236644221955,244.81740617241385,89.99694902905276,False,n/a,0
2025-09-03 15:38:11.726487,560,0,POINT (244.80043637152 90.01100876279028),0.0220374738830791,244.80043637152,90.01100876279028,False,n/a,0
2025-09-03 15:38:12.726487,561,0,POINT (244.78348223309516 90.02679547128201),0.0231659874542911,244.78348223309516,90.02679547128201,False,n/a,0
2025-09-03 15:38:13.726487,562,0,POINT (244.76650078839032 90.04431817636785),0.0244011200109301,244.76650078839032,90.04431817636785,False,n/a,0
2025-09-03 15:38:14.726487,563,0,POINT (244.7495914020079 90.06359479468948),0.0256420623536543,244.7495914020079,90.06359479468948,False,n/a,0
2025-09-03 15:38:15.726487,564,0,POINT (244.7329060637873 90.0826564339826),0.0253327180553945,244.7329060637873,90.0826564339826,False,n/a,0
2025-09-03 15:38:16.726487,565,0,POINT (244.716426905463 90.1014797545371),0.0250175949238914,244.716426905463,90.1014797545371,False,n/a,0
2025-09-03 15:38:17.726487,566,0,POINT (244.7002105279076 90.12007277928844),0.0246712681154409,244.7002105279076,90.12007277928844,False,n/a,0
2025-09-03 15:38:18.726487,567,0,POINT (244.6840899395085 90.13844140380624),0.0244393072121339,244.6840899395085,90.13844140380624,False,n/a,0
2025-09-03 15:38:19.726487,568,0,POINT (244.66810595065448 90.15660759367417),0.0241970732528307,244.66810595065448,90.15660759367417,False,n/a,0
2025-09-03 15:38:20.726487,569,0,POINT (244.65227136498905 90.1745651063168),0.0239417284987381,244.65227136498905,90.1745651063168,False,n/a,0
2025-09-03 15:38:21.726487,570,0,POINT (244.6366129427368 90.19230986625332),0.0236656437189815,244.6366129427368,90.19230986625332,False,n/a,0
2025-09-03 15:38:22.726487,571,0,POINT (244.621169651978 90.2098485872591),0.0233688246170012,244.621169651978,90.2098485872591,False,n/a,0
2025-09-03 15:38:23.726487,572,0,POINT (244.60585454035248 90.22718659162868),0.0231335046981751,244.60585454035248,90.22718659162868,False,n/a,0
2025-09-03 15:38:24.726487,573,0,POINT (244.5907099394109 90.24431307682715),0.0228620959872896,244.5907099394109,90.24431307682715,False,n/a,0
2025-09-03 15:38:25.726487,574,0,POINT (244.5757005297829 90.26126116218424),0.0226389040073318,244.5757005297829,90.26126116218424,False,n/a,0
2025-09-03 15:38:26.726487,575,0,POINT (244.5607532043716 90.27802147683846),0.02245730803683,244.5607532043716,90.27802147683846,False,n/a,0
2025-09-03 15:38:27.726487,576,0,POINT (244.5458327204948 90.29458866150732),0.0222955701198525,244.5458327204948,90.29458866150732,False,n/a,0
2025-09-03 15:38:28.726487,577,0,POINT (244.5310715333314 90.31095099421591),0.0220367551635754,244.5310715333314,90.31095099421591,False,n/a,0
2025-09-03 15:38:29.726487,578,0,POINT (244.5163733464956 90.32715029464325),0.0218735920825768,244.5163733464956,90.32715029464325,False,n/a,0
2025-09-03 15:38:30.726487,579,0,POINT (244.5017643387031 90.3431778259722),0.0216865135321871,244.5017643387031,90.3431778259722,False,n/a,0
2025-09-03 15:38:31.726487,580,0,POINT (244.4871494574818 90.35904112241542),0.0215693979322229,244.4871494574818,90.35904112241542,False,n/a,0
2025-09-03 15:38:32.726487,581,0,POINT (244.472450324841 90.37367040062198),0.0207383770154908,244.472450324841,90.37367040062198,False,n/a,0
2025-09-03 15:38:33.726487,582,0,POINT (244.45768969157453 90.38711996959822),0.0199691562183702,244.45768969157453,90.38711996959822,False,n/a,0
2025-09-03 15:38:34.726487,583,0,POINT (244.442818719126 90.39937310625088),0.0192687617504129,244.442818719126,90.39937310625088,False,n/a,0
2025-09-03 15:38:35.726487,584,0,POINT (244.42788413727516 90.4104362262921),0.0185858645240555,244.42788413727516,90.4104362262921,False,n/a,0
2025-09-03 15:38:36.726487,585,0,POINT (244.41281260796129 90.42036020515438),0.0180453969841875,244.41281260796129,90.42036020515438,False,n/a,0
2025-09-03 15:38:37.726487,586,0,POINT (244.39760576329627 90.4291539780986),0.0175664045057777,244.39760576329627,90.4291539780986,False,n/a,0
2025-09-03 15:38:38.726487,587,0,POINT (244.3821857924291 90.43682564955505),0.0172229510967039,244.3821857924291,90.43682564955505,False,n/a,0
2025-09-03 15:38:39.726487,588,0,POINT (244.3667543732387 90.44336199569776),0.016758655051267,244.3667543732387,90.44336199569776,False,n/a,0
2025-09-03 15:38:40.726487,589,0,POINT (244.3510696484815 90.4488437973373),0.0166150756821704,244.3510696484815,90.4488437973373,False,n/a,0
2025-09-03 15:38:41.726487,590,0,POINT (244.33521683603237 90.45326563691027),0.0164579563663774,244.33521683603237,90.45326563691027,False,n/a,0
2025-09-03 15:38:42.726487,591,0,POINT (244.31920141639304 90.45663274455188),0.0163655455177371,244.31920141639304,90.45663274455188,False,n/a,0
2025-09-03 15:38:43.726487,592,0,POINT (244.3029611215219 90.45896714316363),0.0164072116577013,244.3029611215219,90.45896714316363,False,n/a,0
2025-09-03 15:38:44.726487,593,0,POINT (244.28645572601155 90.46029903245886),0.0165590461696116,244.28645572601155,90.46029903245886,False,n/a,0
2025-09-03 15:38:45.726487,594,0,POINT (244.26982263446504 90.46060392721476),0.0166358857656477,244.26982263446504,90.46060392721476,False,n/a,0
2025-09-03 15:38:46.726487,595,0,POINT (244.25319062008845 90.45985956456536),0.0166486629486031,244.25319062008845,90.45985956456536,False,n/a,0
2025-09-03 15:38:47.726487,596,0,POINT (244.23649158025145 90.458102537375),0.0167912202065877,244.23649158025145,90.458102537375,False,n/a,0
2025-09-03 15:38:48.726487,597,0,POINT (244.21973869810316 90.45534195444814),0.0169788067416627,244.21973869810316,90.45534195444814,False,n/a,0
2025-09-03 15:38:49.726487,598,0,POINT (244.20289751748768 90.45160953536072),0.0172498207749005,244.20289751748768,90.45160953536072,False,n/a,0
2025-09-03 15:38:50.726487,599,0,POINT (244.18591265896964 90.44693955634617),0.0176151674097757,244.18591265896964,90.44693955634617,False,n/a,0
2025-09-03 15:38:51.726487,600,0,POINT (244.16879190473665 90.44130710343283),0.0180234500395196,244.16879190473665,90.44130710343283,False,n/a,0
2025-09-03 15:38:52.726487,601,0,POINT (244.1517267735896 90.43469301432816),0.0183020456712144,244.1517267735896,90.43469301432816,False,n/a,0
2025-09-03 15:38:53.726487,602,0,POINT (244.1346110201256 90.42712160648716),0.0187156414086199,244.1346110201256,90.42712160648716,False,n/a,0
2025-09-03 15:38:54.726487,603,0,POINT (244.11740902161804 90.41860460014468),0.0191950032479894,244.11740902161804,90.41860460014468,False,n/a,0
2025-09-03 15:38:55.726487,604,0,POINT (244.1001563370454 90.40917327757369),0.0196622727679581,244.1001563370454,90.40917327757369,False,n/a,0
2025-09-03 15:38:56.726487,605,0,POINT (244.0828988116901 90.39879552209754),0.0201375269114855,244.0828988116901,90.39879552209754,False,n/a,0
2025-09-03 15:38:57.726487,606,0,POINT (244.0655324263636 90.38749843140135),0.0207175190963296,244.0655324263636,90.38749843140135,False,n/a,0
2025-09-03 15:38:58.726487,607,0,POINT (244.0481396135528 90.376362126916),0.0206525353180258,244.0481396135528,90.376362126916,False,n/a,0
2025-09-03 15:38:59.726487,608,0,POINT (244.0308767664845 90.36536878364826),0.0204660569017402,244.0308767664845,90.36536878364826,False,n/a,0
2025-09-03 15:39:00.726487,609,0,POINT (244.01374185843224 90.35451343806852),0.020284072609202,244.01374185843224,90.35451343806852,False,n/a,0
2025-09-03 15:39:01.726487,610,0,POINT (243.9967837394712 90.34379980820655),0.0200589048434051,243.9967837394712,90.34379980820655,False,n/a,0
2025-09-03 15:39:02.726487,611,0,POINT (243.97989476182147 90.33322479650748),0.0199265761857933,243.97989476182147,90.33322479650748,False,n/a,0
2025-09-03 15:39:03.726487,612,0,POINT (243.9630010794142 90.32278801156468),0.0198575674547428,243.9630010794142,90.32278801156468,False,n/a,0
2025-09-03 15:39:04.726487,613,0,POINT (243.9462681104971 90.3124707235758),0.0196580436520471,243.9462681104971,90.3124707235758,False,n/a,0
2025-09-03 15:39:05.726487,614,0,POINT (243.92950898834852 90.30227634666632),0.0196161539493118,243.92950898834852,90.30227634666632,False,n/a,0
2025-09-03 15:39:06.726487,615,0,POINT (243.91279886618463 90.292205679758),0.0195101643947779,243.91279886618463,90.292205679758,False,n/a,0
2025-09-03 15:39:07.726487,616,0,POINT (243.8961297270848 90.28226984202298),0.0194056968395118,243.8961297270848,90.28226984202298,False,n/a,0
2025-09-03 15:39:08.726487,617,0,POINT (243.87949568044252 90.27246391690956),0.019309263969026,243.87949568044252,90.27246391690956,False,n/a,0
2025-09-03 15:39:09.726487,618,0,POINT (243.86272718687323 90.2627675046365),0.01937015197549,243.86272718687323,90.2627675046365,False,n/a,0
2025-09-03 15:39:10.726487,619,0,POINT (243.84605781344848 90.2531870241766),0.0192263781356754,243.84605781344848,90.2531870241766,False,n/a,0
2025-09-03 15:39:11.726487,620,0,POINT (243.82950464189335 90.24370771088556),0.0190752423052057,243.82950464189335,90.24370771088556,False,n/a,0
2025-09-03 15:39:12.726487,621,0,POINT (243.8129370990925 90.23432696992916),0.0190389541559024,243.8129370990925,90.23432696992916,False,n/a,0
2025-09-03 15:39:13.726487,622,0,POINT (243.79642829474977 90.22503965774402),0.0189418792217249,243.79642829474977,90.22503965774402,False,n/a,0
2025-09-03 15:39:14.726487,623,0,POINT (243.7800215631058 90.2158597028591),0.0188003301813092,243.7800215631058,90.2158597028591,False,n/a,0
2025-09-03 15:39:15.726487,624,0,POINT (243.7635723132008 90.20680366166503),0.0187773721416713,243.7635723132008,90.20680366166503,False,n/a,0
2025-09-03 15:39:16.726487,625,0,POINT (243.7472252895121 90.19787111856122),0.0186283523098398,243.7472252895121,90.19787111856122,False,n/a,0
2025-09-03 15:39:17.726487,626,0,POINT (243.73088865723577 90.18905940375808),0.0185615697586209,243.73088865723577,90.18905940375808,False,n/a,0
2025-09-03 15:39:18.726487,627,0,POINT (243.71460709220463 90.18036689061384),0.0184566829258325,243.71460709220463,90.18036689061384,False,n/a,0
2025-09-03 15:39:19.726487,628,0,POINT (243.69826745627915 90.17178072576095),0.0184582211781067,243.69826745627915,90.17178072576095,False,n/a,0
2025-09-03 15:39:20.726487,629,0,POINT (243.6819361483861 90.16327267034175),0.0184146307189311,243.6819361483861,90.16327267034175,False,n/a,0
2025-09-03 15:39:21.726487,630,0,POINT (243.66555696761716 90.15486882239416),0.018409297188846,243.66555696761716,90.15486882239416,False,n/a,0
2025-09-03 15:39:22.726487,631,0,POINT (243.64912217754355 90.14656077349916),0.0184153740446655,243.64912217754355,90.14656077349916,False,n/a,0
2025-09-03 15:39:23.726487,632,0,POINT (243.63276998878445 90.13833379158102),0.0183051170084882,243.63276998878445,90.13833379158102,False,n/a,0
2025-09-03 15:39:24.726487,633,0,POINT (243.61644627598056 90.13020185125023),0.0182371064932684,243.61644627598056,90.13020185125023,False,n/a,0
2025-09-03 15:39:25.726487,634,0,POINT (243.60003383783672 90.12216246118334),0.0182756646520317,243.60003383783672,90.12216246118334,False,n/a,0
2025-09-03 15:39:26.726487,635,0,POINT (243.58368343587205 90.11420591741089),0.0181835704197365,243.58368343587205,90.11420591741089,False,n/a,0
2025-09-03 15:39:27.726487,636,0,POINT (243.56735006154497 90.10634058623631),0.0181285010796211,243.56735006154497,90.10634058623631,False,n/a,0
2025-09-03 15:39:28.726487,637,0,POINT (243.55093814918516 90.0985663203605),0.0181601232709178,243.55093814918516,90.0985663203605,False,n/a,0
2025-09-03 15:39:29.726487,638,0,POINT (243.53446023950715 90.09084003452588),0.0181993681251289,243.53446023950715,90.09084003452588,False,n/a,0
2025-09-03 15:39:30.726487,639,0,POINT (243.51796325794675 90.0832015243545),0.0181795830051916,243.51796325794675,90.0832015243545,False,n/a,0
2025-09-03 15:39:31.726487,640,0,POINT (243.5014491936085 90.07563652533534),0.0181643478035334,243.5014491936085,90.07563652533534,False,n/a,0
2025-09-03 15:39:32.726487,641,0,POINT (243.48499668583767 90.06815423227309),0.018074006789265,243.48499668583767,90.06815423227309,False,n/a,0
2025-09-03 15:39:33.726487,642,0,POINT (243.4686084714129 90.0607746155634),0.017973099755312,243.4686084714129,90.0607746155634,False,n/a,0
2025-09-03 15:39:34.726487,643,0,POINT (243.4523740970421 90.05241149467604),0.0182618920757796,243.4523740970421,90.05241149467604,False,n/a,0
2025-09-03 15:39:35.726487,644,0,POINT (243.43630040828236 90.04309685589834),0.0185775661997223,243.43630040828236,90.04309685589834,False,n/a,0
2025-09-03 15:39:36.726487,645,0,POINT (243.42022377112707 90.03388594643253),0.0185283327746819,243.42022377112707,90.03388594643253,False,n/a,0
2025-09-03 15:39:37.726487,646,0,POINT (243.4041440509517 90.02475601787674),0.0184908895500358,243.4041440509517,90.02475601787674,False,n/a,0
2025-09-03 15:39:38.726487,647,0,POINT (243.3881703548369 90.01573034110956),0.0183472561620111,243.3881703548369,90.01573034110956,False,n/a,0
2025-09-03 15:39:39.726487,648,0,POINT (243.3722070111281 90.00676041751454),0.0183108675836356,243.3722070111281,90.00676041751454,False,n/a,0
2025-09-03 15:39:40.726487,649,0,POINT (243.35630881033097 89.99788360584412),0.0182085302541907,243.35630881033097,89.99788360584412,False,n/a,0
2025-09-03 15:39:41.726487,650,0,POINT (243.34041130645195 89.98907522997284),0.0181746558446967,243.34041130645195,89.98907522997284,False,n/a,0
2025-09-03 15:39:42.726487,651,0,POINT (243.3245174149473 89.98034898454316),0.0181318268925019,243.3245174149473,89.98034898454316,False,n/a,0
2025-09-03 15:39:43.726487,652,0,POINT (243.30868505436743 89.97172444574235),0.0180290407692099,243.30868505436743,89.97172444574235,False,n/a,0
2025-09-03 15:39:44.726487,653,0,POINT (243.29284294550368 89.96319218114438),0.0179936642299918,243.29284294550368,89.96319218114438,False,n/a,0
2025-09-03 15:39:45.726487,654,0,POINT (243.2768897724213 89.95473949714338),0.0180541296721037,243.2768897724213,89.95473949714338,False,n/a,0
2025-09-03 15:39:46.726487,655,0,POINT (243.26082598283736 89.94634425178081),0.0181252718736771,243.26082598283736,89.94634425178081,False,n/a,0
2025-09-03 15:39:47.726487,656,0,POINT (243.24476370161773 89.93804367589554),0.0180802775975844,243.24476370161773,89.93804367589554,False,n/a,0
2025-09-03 15:39:48.726487,657,0,POINT (243.2286684688923 89.92980797474989),0.0180799139889088,243.2286684688923,89.92980797474989,False,n/a,0
2025-09-03 15:39:49.726487,658,0,POINT (243.2125146589767 89.92163680820148),0.0181028599274092,243.2125146589767,89.92163680820148,False,n/a,0
2025-09-03 15:39:50.726487,659,0,POINT (243.19640038702957 89.91352440619677),0.0180410871810052,243.19640038702957,89.91352440619677,False,n/a,0
2025-09-03 15:39:51.726487,660,0,POINT (243.18031446498227 89.90548542169033),0.0179828295884037,243.18031446498227,89.90548542169033,False,n/a,0
2025-09-03 15:39:52.726487,661,0,POINT (243.16423643420987 89.89752572328146),0.0179404535137367,243.16423643420987,89.89752572328146,False,n/a,0
2025-09-03 15:39:53.726487,662,0,POINT (243.14823513649856 89.88966581340513),0.017827498750809,243.14823513649856,89.88966581340513,False,n/a,0
2025-09-03 15:39:54.726487,663,0,POINT (243.1321260599749 89.88185395789439),0.0179032799499124,243.1321260599749,89.88185395789439,False,n/a,0
2025-09-03 15:39:55.726487,664,0,POINT (243.11590459225044 89.87407050941114),0.0179921673354743,243.11590459225044,89.87407050941114,False,n/a,0
2025-09-03 15:39:56.726487,665,0,POINT (243.0995342147166 89.86737384437875),0.0176871304387193,243.0995342147166,89.86737384437875,False,n/a,0
2025-09-03 15:39:57.726487,666,0,POINT (243.0830224339809 89.86174768291406),0.0174439845188076,243.0830224339809,89.86174768291406,False,n/a,0
2025-09-03 15:39:58.726487,667,0,POINT (243.0662300415139 89.8571887112969),0.017400249049087,243.0662300415139,89.8571887112969,False,n/a,0
2025-09-03 15:39:59.726487,668,0,POINT (243.04928945503616 89.8536684714444),0.0173024726218281,243.04928945503616,89.8536684714444,False,n/a,0
2025-09-03 15:40:00.726487,669,0,POINT (243.03208270525525 89.851184359456),0.0173851387798247,243.03208270525525,89.851184359456,False,n/a,0
2025-09-03 15:40:01.726487,670,0,POINT (243.0146092622175 89.85027934849502),0.0174968641885561,243.0146092622175,89.85027934849502,False,n/a,0
2025-09-03 15:40:02.726487,671,0,POINT (242.9968281429303 89.85096132276688),0.0177941926485401,242.9968281429303,89.85096132276688,False,n/a,0
2025-09-03 15:40:03.726487,672,0,POINT (242.97882053666345 89.85325679773608),0.0181533217014433,242.97882053666345,89.85325679773608,False,n/a,0
2025-09-03 15:40:04.726487,673,0,POINT (242.9605568159461 89.85717547995897),0.0186793887695652,242.9605568159461,89.85717547995897,False,n/a,0
2025-09-03 15:40:05.726487,674,0,POINT (242.9420579709224 89.86273469444207),0.0193161107079168,242.9420579709224,89.86273469444207,False,n/a,0
2025-09-03 15:40:06.726487,675,0,POINT (242.92341037825685 89.86996080765599),0.0199987355700544,242.92341037825685,89.86996080765599,False,n/a,0
2025-09-03 15:40:07.726487,676,0,POINT (242.90465657805376 89.87887311631295),0.0207637729628842,242.90465657805376,89.87887311631295,False,n/a,0
2025-09-03 15:40:08.726487,677,0,POINT (242.88566806014708 89.88946804819014),0.0217443416496014,242.88566806014708,89.88946804819014,False,n/a,0
2025-09-03 15:40:09.726487,678,0,POINT (242.8666223019747 89.90178219708372),0.0226799287330034,242.8666223019747,89.90178219708372,False,n/a,0
2025-09-03 15:40:10.726487,679,0,POINT (242.8475563932136 89.91498248963757),0.0231895795648507,242.8475563932136,89.91498248963757,False,n/a,0
2025-09-03 15:40:11.726487,680,0,POINT (242.8284287259129 89.9290627544133),0.0237512423363403,242.8284287259129,89.9290627544133,False,n/a,0
2025-09-03 15:40:12.726487,681,0,POINT (242.80945865454063 89.94403986122087),0.0241697607806737,242.80945865454063,89.94403986122087,False,n/a,0
2025-09-03 15:40:13.726487,682,0,POINT (242.79052222451955 89.95987939936799),0.0246876355825648,242.79052222451955,89.95987939936799,False,n/a,0
2025-09-03 15:40:14.726487,683,0,POINT (242.77153261174536 89.97657587870098),0.0252859212889463,242.77153261174536,89.97657587870098,False,n/a,0
2025-09-03 15:40:15.726487,684,0,POINT (242.752670577764 89.99412755964723),0.0257650505520991,242.752670577764,89.99412755964723,False,n/a,0
2025-09-03 15:40:16.726487,685,0,POINT (242.73397489477912 90.01251254528172),0.0262209126281288,242.73397489477912,90.01251254528172,False,n/a,0
2025-09-03 15:40:17.726487,686,0,POINT (242.71552342492933 90.03071234780677),0.0259169741977825,242.71552342492933,90.03071234780677,False,n/a,0
2025-09-03 15:40:18.726487,687,0,POINT (242.6971785864832 90.04871321797648),0.0257014479063219,242.6971785864832,90.04871321797648,False,n/a,0
2025-09-03 15:40:19.726487,688,0,POINT (242.67902827129743 90.06651183649569),0.0254209512515837,242.67902827129743,90.06651183649569,False,n/a,0
2025-09-03 15:40:20.726487,689,0,POINT (242.66106009883768 90.08414449580584),0.0251747074638526,242.66106009883768,90.08414449580584,False,n/a,0
2025-09-03 15:40:21.726487,690,0,POINT (242.6432858599048 90.1015741640495),0.0248941138570358,242.6432858599048,90.1015741640495,False,n/a,0
2025-09-03 15:40:22.726487,691,0,POINT (242.62560192311037 90.118791702625),0.0246812733696909,242.62560192311037,90.118791702625,False,n/a,0
2025-09-03 15:40:23.726487,692,0,POINT (242.60800619931177 90.1358092852022),0.0244787175474439,242.60800619931177,90.1358092852022,False,n/a,0
2025-09-03 15:40:24.726487,693,0,POINT (242.5905313602261 90.15265528471733),0.0242725709543514,242.5905313602261,90.15265528471733,False,n/a,0
2025-09-03 15:40:25.726487,694,0,POINT (242.5731541455745 90.16930763799463),0.0240679965663774,242.5731541455745,90.16930763799463,False,n/a,0
2025-09-03 15:40:26.726487,695,0,POINT (242.55583737002823 90.18576438698446),0.0238892298459738,242.55583737002823,90.18576438698446,False,n/a,0
2025-09-03 15:40:27.726487,696,0,POINT (242.53855825499943 90.20204167328278),0.0237385312396516,242.53855825499943,90.20204167328278,False,n/a,0
2025-09-03 15:40:28.726487,697,0,POINT (242.5213473037936 90.2181647448226),0.0235832626514568,242.5213473037936,90.2181647448226,False,n/a,0
2025-09-03 15:40:29.726487,698,0,POINT (242.50420840178637 90.23411668166206),0.0234138047088775,242.50420840178637,90.23411668166206,False,n/a,0
2025-09-03 15:40:30.726487,699,0,POINT (242.48718123595089 90.24991557134612),0.0232277698378021,242.48718123595089,90.24991557134612,False,n/a,0
2025-09-03 15:40:31.726487,700,0,POINT (242.47018499955968 90.26555229362242),0.0230950023817138,242.47018499955968,90.26555229362242,False,n/a,0
2025-09-03 15:40:32.726487,701,0,POINT (242.4532323431399 90.2810411265031),0.0229629376102665,242.4532323431399,90.2810411265031,False,n/a,0
2025-09-03 15:40:33.726487,702,0,POINT (242.4364095633421 90.29636441274536),0.0227554174074517,242.4364095633421,90.29636441274536,False,n/a,0
2025-09-03 15:40:34.726487,703,0,POINT (242.41967221791896 90.31151525114684),0.0225762405214255,242.41967221791896,90.31151525114684,False,n/a,0
2025-09-03 15:40:35.726487,704,0,POINT (242.4030612732448 90.32650849941813),0.0223767954964886,242.4030612732448,90.32650849941813,False,n/a,0
2025-09-03 15:40:36.726487,705,0,POINT (242.38649504241585 90.341347044557),0.022240108491586,242.38649504241585,90.341347044557,False,n/a,0
2025-09-03 15:40:37.726487,706,0,POINT (242.36988755706696 90.35499359084172),0.0214950411749781,242.36988755706696,90.35499359084172,False,n/a,0
2025-09-03 15:40:38.726487,707,0,POINT (242.35327252011396 90.3674569087556),0.0207700203748816,242.35327252011396,90.3674569087556,False,n/a,0
2025-09-03 15:40:39.726487,708,0,POINT (242.3365639740621 90.37875262726264),0.0201685093092221,242.3365639740621,90.37875262726264,False,n/a,0
2025-09-03 15:40:40.726487,709,0,POINT (242.31975273347663 90.38890900882082),0.019641025848389,242.31975273347663,90.38890900882082,False,n/a,0
2025-09-03 15:40:41.726487,710,0,POINT (242.30274478689907 90.39793746181569),0.0192557318808335,242.30274478689907,90.39793746181569,False,n/a,0
2025-09-03 15:40:42.726487,711,0,POINT (242.28565064485173 90.40582917292056),0.0188278728617305,242.28565064485173,90.40582917292056,False,n/a,0
2025-09-03 15:40:43.726487,712,0,POINT (242.26841777175463 90.4126114110424),0.0185194673012309,242.26841777175463,90.4126114110424,False,n/a,0
2025-09-03 15:40:44.726487,713,0,POINT (242.2510662738705 90.41831204461973),0.0182639454118716,242.2510662738705,90.41831204461973,False,n/a,0
2025-09-03 15:40:45.726487,714,0,POINT (242.2335759753513 90.4229212681423),0.0180874399451851,242.2335759753513,90.4229212681423,False,n/a,0
2025-09-03 15:40:46.726487,715,0,POINT (242.21596814495655 90.4264482068619),0.0179575885892617,242.21596814495655,90.4264482068619,False,n/a,0
2025-09-03 15:40:47.726487,716,0,POINT (242.19824024964396 90.42892411212075),0.0178999547224846,242.19824024964396,90.42892411212075,False,n/a,0
2025-09-03 15:40:48.726487,717,0,POINT (242.180288683782 90.43036942572924),0.0180096543087799,242.180288683782,90.43036942572924,False,n/a,0
2025-09-03 15:40:49.726487,718,0,POINT (242.16216448371267 90.43079493192184),0.0181291942367361,242.16216448371267,90.43079493192184,False,n/a,0
2025-09-03 15:40:50.726487,719,0,POINT (242.14390305769064 90.43019280490311),0.0182713501773661,242.14390305769064,90.43019280490311,False,n/a,0
2025-09-03 15:40:51.726487,720,0,POINT (242.1255270746199 90.4285966464478),0.0184451748604271,242.1255270746199,90.4285966464478,False,n/a,0
2025-09-03 15:40:52.726487,721,0,POINT (242.1070125348879 90.42601521055566),0.0186936350866491,242.1070125348879,90.42601521055566,False,n/a,0
2025-09-03 15:40:53.726487,722,0,POINT (242.0883668320045 90.4224562745782),0.0189823144349512,242.0883668320045,90.4224562745782,False,n/a,0
2025-09-03 15:40:54.726487,723,0,POINT (242.0696066439011 90.41794663120238),0.0192945987533424,242.0696066439011,90.41794663120238,False,n/a,0
2025-09-03 15:40:55.726487,724,0,POINT (242.0506561609465 90.41249231828814),0.0197197954750612,242.0506561609465,90.41249231828814,False,n/a,0
2025-09-03 15:40:56.726487,725,0,POINT (242.03157639786767 90.40607837961714),0.0201289832932617,242.03157639786767,90.40607837961714,False,n/a,0
2025-09-03 15:40:57.726487,726,0,POINT (242.0123775934928 90.39870965250856),0.0205643436225225,242.0123775934928,90.39870965250856,False,n/a,0
2025-09-03 15:40:58.726487,727,0,POINT (241.9930858894157 90.3904220405643),0.0209965320454473,241.9930858894157,90.3904220405643,False,n/a,0
2025-09-03 15:40:59.726487,728,0,POINT (241.97373909659285 90.38118042172864),0.021440753513702,241.97373909659285,90.38118042172864,False,n/a,0
2025-09-03 15:41:00.726487,729,0,POINT (241.9542725095931 90.3710067496),0.0219647812190441,241.9542725095931,90.3710067496,False,n/a,0
2025-09-03 15:41:01.726487,730,0,POINT (241.934941644332 90.36093615359484),0.0217967716793602,241.934941644332,90.36093615359484,False,n/a,0
2025-09-03 15:41:02.726487,731,0,POINT (241.91575773987708 90.35096037586514),0.021622634701793,241.91575773987708,90.35096037586514,False,n/a,0
2025-09-03 15:41:03.726487,732,0,POINT (241.89674390782668 90.34108759727332),0.0214242284893519,241.89674390782668,90.34108759727332,False,n/a,0
2025-09-03 15:41:04.726487,733,0,POINT (241.8778522492316 90.33134337654516),0.0212566366594475,241.8778522492316,90.33134337654516,False,n/a,0
2025-09-03 15:41:05.726487,734,0,POINT (241.85913475792177 90.32170303796411),0.021054230189942,241.85913475792177,90.32170303796411,False,n/a,0
2025-09-03 15:41:06.726487,735,0,POINT (241.84058727768596 90.31216938639568),0.0208542450193567,241.84058727768596,90.31216938639568,False,n/a,0
2025-09-03 15:41:07.726487,736,0,POINT (241.8220176705975 90.30275599260813),0.0208192768851076,241.8220176705975,90.30275599260813,False,n/a,0
2025-09-03 15:41:08.726487,737,0,POINT (241.80347263863868 90.29345529824144),0.0207465931192443,241.80347263863868,90.29345529824144,False,n/a,0
2025-09-03 15:41:09.726487,738,0,POINT (241.7849399142132 90.28429119234728),0.0206746876994674,241.7849399142132,90.28429119234728,False,n/a,0
2025-09-03 15:41:10.726487,739,0,POINT (241.76640594642367 90.2752414788185),0.0206253551963555,241.76640594642367,90.2752414788185,False,n/a,0
2025-09-03 15:41:11.726487,740,0,POINT (241.7480370576753 90.26627126382309),0.0204421337172505,241.7480370576753,90.26627126382309,False,n/a,0
2025-09-03 15:41:12.726487,741,0,POINT (241.72976021274317 90.25737758211255),0.0203258612374044,241.72976021274317,90.25737758211255,False,n/a,0
2025-09-03 15:41:13.726487,742,0,POINT (241.7115339899834 90.24858521316368),0.0202361297639008,241.7115339899834,90.24858521316368,False,n/a,0
2025-09-03 15:41:14.726487,743,0,POINT (241.69325217818525 90.23987889109289),0.0202490663148512,241.69325217818525,90.23987889109289,False,n/a,0
2025-09-03 15:41:15.726487,744,0,POINT (241.67506245382225 90.23128314049904),0.0201184741139478,241.67506245382225,90.23128314049904,False,n/a,0
2025-09-03 15:41:16.726487,745,0,POINT (241.65706419722375 90.2227656707753),0.019911919321832,241.65706419722375,90.2227656707753,False,n/a,0
2025-09-03 15:41:17.726487,746,0,POINT (241.6390586525993 90.21432139403878),0.0198873187440233,241.6390586525993,90.21432139403878,False,n/a,0
2025-09-03 15:41:18.726487,747,0,POINT (241.6210377838248 90.20597810082413),0.0198585561673954,241.6210377838248,90.20597810082413,False,n/a,0
2025-09-03 15:41:19.726487,748,0,POINT (241.6030525718432 90.19775617513014),0.0197754370910536,241.6030525718432,90.19775617513014,False,n/a,0
2025-09-03 15:41:20.726487,749,0,POINT (241.58493446139417 90.18964368824832),0.0198514072460766,241.58493446139417,90.18964368824832,False,n/a,0
2025-09-03 15:41:21.726487,750,0,POINT (241.566840001827 90.18160584617176),0.0197994033313201,241.566840001827,90.18160584617176,False,n/a,0
2025-09-03 15:41:22.726487,751,0,POINT (241.54878415633007 90.17366185937048),0.0197261370497991,241.54878415633007,90.17366185937048,False,n/a,0
2025-09-03 15:41:23.726487,752,0,POINT (241.53077660031587 90.16580759967094),0.0196459020926012,241.53077660031587,90.16580759967094,False,n/a,0
2025-09-03 15:41:24.726487,753,0,POINT (241.51283998338332 90.15804221723256),0.0195454186805661,241.51283998338332,90.15804221723256,False,n/a,0
2025-09-03 15:41:25.726487,754,0,POINT (241.49486850052725 90.15036694676256),0.0195418518271662,241.49486850052725,90.15036694676256,False,n/a,0
2025-09-03 15:41:26.726487,755,0,POINT (241.476814479791 90.14276785267867),0.0195881059737936,241.476814479791,90.14276785267867,False,n/a,0
2025-09-03 15:41:27.726487,756,0,POINT (241.4588185575089 90.13526383515575),0.0194977818678567,241.4588185575089,90.13526383515575,False,n/a,0
2025-09-03 15:41:28.726487,757,0,POINT (241.44101058984657 90.12784660437264),0.0192909052341654,241.44101058984657,90.12784660437264,False,n/a,0
2025-09-03 15:41:29.726487,758,0,POINT (241.4232719168879 90.12050744595484),0.01919697279824,241.4232719168879,90.12050744595484,False,n/a,0
2025-09-03 15:41:30.726487,759,0,POINT (241.4054707602028 90.1132519672228),0.0192229849648309,241.4054707602028,90.1132519672228,False,n/a,0
2025-09-03 15:41:31.726487,760,0,POINT (241.38786115320755 90.10606937803942),0.019018092593751,241.38786115320755,90.10606937803942,False,n/a,0
2025-09-03 15:41:32.726487,761,0,POINT (241.37028922130023 90.09893603632162),0.0189646343233579,241.37028922130023,90.09893603632162,False,n/a,0
2025-09-03 15:41:33.726487,762,0,POINT (241.35275865565464 90.09190858559066),0.0188866565498042,241.35275865565464,90.09190858559066,False,n/a,0
2025-09-03 15:41:34.726487,763,0,POINT (241.33516709071768 90.08493595778776),0.0189230202507194,241.33516709071768,90.08493595778776,False,n/a,0
2025-09-03 15:41:35.726487,764,0,POINT (241.31751401711745 90.0780141315476),0.0189616108501957,241.31751401711745,90.0780141315476,False,n/a,0
2025-09-03 15:41:36.726487,765,0,POINT (241.2998151849945 90.07118089496633),0.0189721316855321,241.2998151849945,90.07118089496633,False,n/a,0
2025-09-03 15:41:37.726487,766,0,POINT (241.2821562289361 90.0643970003492),0.0189171867688812,241.2821562289361,90.0643970003492,False,n/a,0
2025-09-03 15:41:38.726487,767,0,POINT (241.26447974381963 90.05769475172758),0.018904450868968,241.26447974381963,90.05769475172758,False,n/a,0
2025-09-03 15:41:39.726487,768,0,POINT (241.24679834413396 90.05104994495557),0.0188887625820982,241.24679834413396,90.05104994495557,False,n/a,0
2025-09-03 15:41:40.726487,769,0,POINT (241.22907778450625 90.04448582403853),0.018897246279074,241.22907778450625,90.04448582403853,False,n/a,0
2025-09-03 15:41:41.726487,770,0,POINT (241.2112324660121 90.03798044115838),0.0189940885165383,241.2112324660121,90.03798044115838,False,n/a,0
2025-09-03 15:41:42.726487,771,0,POINT (241.1934502378508 90.03154923956525),0.0189094683244224,241.1934502378508,90.03154923956525,False,n/a,0
2025-09-03 15:41:43.726487,772,0,POINT (241.17568120376276 90.02519036603165),0.0188725685861653,241.17568120376276,90.02519036603165,False,n/a,0
2025-09-03 15:41:44.726487,773,0,POINT (241.15788672664763 90.01888536996103),0.0188784636888316,241.15788672664763,90.01888536996103,False,n/a,0
2025-09-03 15:41:45.726487,774,0,POINT (241.14025224976328 90.01266680910945),0.0186988040807317,241.14025224976328,90.01266680910945,False,n/a,0
2025-09-03 15:41:46.726487,775,0,POINT (241.1225513273137 90.00648752087878),0.0187485001694575,241.1225513273137,90.00648752087878,False,n/a,0
2025-09-03 15:41:47.726487,776,0,POINT (241.10482481225333 90.0003724857582),0.0187516130162451,241.10482481225333,90.0003724857582,False,n/a,0
2025-09-03 15:41:48.726487,777,0,POINT (241.08713472662592 89.99429282837144),0.0187056505753056,241.08713472662592,89.99429282837144,False,n/a,0
2025-09-03 15:41:49.726487,778,0,POINT (241.0694123918247 89.98828371936678),0.0187133786857559,241.0694123918247,89.98828371936678,False,n/a,0
2025-09-03 15:41:50.726487,779,0,POINT (241.0516784605262 89.98234827239189),0.018700851587332,241.0516784605262,89.98234827239189,False,n/a,0
2025-09-03 15:41:51.726487,780,0,POINT (241.0339870697261 89.97648410391517),0.0186379661005582,241.0339870697261,89.97648410391517,False,n/a,0
2025-09-03 15:41:52.726487,781,0,POINT (241.0162480856553 89.97067913604256),0.0186646512923545,241.0162480856553,89.97067913604256,False,n/a,0
2025-09-03 15:41:53.726487,782,0,POINT (240.99848960206504 89.96492789981562),0.0186665598749343,240.99848960206504,89.96492789981562,False,n/a,0
2025-09-03 15:41:54.726487,783,0,POINT (240.98071084498943 89.95919963126698),0.0186787918163254,240.98071084498943,89.95919963126698,False,n/a,0
2025-09-03 15:41:55.726487,784,0,POINT (240.96283517936484 89.95351749778138),0.0187570270157959,240.96283517936484,89.95351749778138,False,n/a,0
2025-09-03 15:41:56.726487,785,0,POINT (240.9448790919492 89.94785376742955),0.0188281416176911,240.9448790919492,89.94785376742955,False,n/a,0
2025-09-03 15:41:57.726487,786,0,POINT (240.9269000389551 89.94221042856105),0.0188439279384659,240.9269000389551,89.94221042856105,False,n/a,0
2025-09-03 15:41:58.726487,787,0,POINT (240.90889137821128 89.93660763551473),0.0188600941595159,240.90889137821128,89.93660763551473,False,n/a,0
2025-09-03 15:41:59.726487,788,0,POINT (240.89082877374477 89.93104744155055),0.0188990327010113,240.89082877374477,89.93104744155055,False,n/a,0
2025-09-03 15:42:00.726487,789,0,POINT (240.872683321315 89.92552279397907),0.0189678458099174,240.872683321315,89.92552279397907,False,n/a,0
2025-09-03 15:42:01.726487,790,0,POINT (240.8544692352551 89.92005438581792),0.0190172663339098,240.8544692352551,89.92005438581792,False,n/a,0
2025-09-03 15:42:02.726487,791,0,POINT (240.8362873829407 89.91461705126069),0.0189774698173872,240.8362873829407,89.91461705126069,False,n/a,0
2025-09-03 15:42:03.726487,792,0,POINT (240.81820476024785 89.90923193716925),0.0188674507347863,240.81820476024785,89.90923193716925,False,n/a,0
2025-09-03 15:42:04.726487,793,0,POINT (240.80001176598716 89.90387773769153),0.0189645061158382,240.80001176598716,89.90387773769153,False,n/a,0
2025-09-03 15:42:05.726487,794,0,POINT (240.78170456275183 89.89853046811719),0.019072152007564,240.78170456275183,89.89853046811719,False,n/a,0
2025-09-03 15:42:06.726487,795,0,POINT (240.76331003235592 89.89321398322902),0.0191474217599174,240.76331003235592,89.89321398322902,False,n/a,0
2025-09-03 15:42:07.726487,796,0,POINT (240.7448811565636 89.88793885904822),0.0191689957507364,240.7448811565636,89.88793885904822,False,n/a,0
2025-09-03 15:42:08.726487,797,0,POINT (240.7263789934704 89.88268644069402),0.0192332508353247,240.7263789934704,89.88268644069402,False,n/a,0
2025-09-03 15:42:09.726487,798,0,POINT (240.70780897395 89.87745097066794),0.0192939309468379,240.70780897395,89.87745097066794,False,n/a,0
2025-09-03 15:42:10.726487,799,0,POINT (240.68921232639556 89.87224364245198),0.0193119540030159,240.68921232639556,89.87224364245198,False,n/a,0
2025-09-03 15:42:11.726487,800,0,POINT (240.67047320913477 89.86706151592894),0.0194424522891156,240.67047320913477,89.86706151592894,False,n/a,0
2025-09-03 15:42:12.726487,801,0,POINT (240.65179578596943 89.86191258575845),0.0193741481876177,240.65179578596943,89.86191258575845,False,n/a,0
2025-09-03 15:42:13.726487,802,0,POINT (240.63319548028025 89.8568136474864),0.0192865378757815,240.63319548028025,89.8568136474864,False,n/a,0
2025-09-03 15:42:14.726487,803,0,POINT (240.61460815829287 89.8517410759219),0.0192670579211673,240.61460815829287,89.8517410759219,False,n/a,0
2025-09-03 15:42:15.726487,804,0,POINT (240.59594950675407 89.8466806741206),0.0193326910604541,240.59594950675407,89.8466806741206,False,n/a,0
2025-09-03 15:42:16.726487,805,0,POINT (240.5773042664054 89.84163284320479),0.019316458904623,240.5773042664054,89.84163284320479,False,n/a,0
2025-09-03 15:42:17.726487,806,0,POINT (240.5585491993413 89.83659997644934),0.019418606756379,240.5585491993413,89.83659997644934,False,n/a,0
2025-09-03 15:42:18.726487,807,0,POINT (240.5397285335397 89.83265230028785),0.0192302264232458,240.5397285335397,89.83265230028785,False,n/a,0
2025-09-03 15:42:19.726487,808,0,POINT (240.5208359405165 89.82977005689239),0.0191111851576994,240.5208359405165,89.82977005689239,False,n/a,0
2025-09-03 15:42:20.726487,809,0,POINT (240.501796362896 89.82793162424367),0.019128129824189,240.501796362896,89.82793162424367,False,n/a,0
2025-09-03 15:42:21.726487,810,0,POINT (240.4827296926296 89.82716197036468),0.0190821980426754,240.4827296926296,89.82716197036468,False,n/a,0
2025-09-03 15:42:22.726487,811,0,POINT (240.4635114132368 89.8273853457533),0.0192195775027886,240.4635114132368,89.8273853457533,False,n/a,0
2025-09-03 15:42:23.726487,812,0,POINT (240.4441944169114 89.82861881225823),0.0193563371187261,240.4441944169114,89.82861881225823,False,n/a,0
2025-09-03 15:42:24.726487,813,0,POINT (240.4247728509669 89.82979103892607),0.0194569098034193,240.4247728509669,89.82979103892607,False,n/a,0
2025-09-03 15:42:25.726487,814,0,POINT (240.4053210747032 89.83090112866383),0.0194834262653411,240.4053210747032,89.83090112866383,False,n/a,0
2025-09-03 15:42:26.726487,815,0,POINT (240.38585631464667 89.83199152491336),0.0194952775830334,240.38585631464667,89.83199152491336,False,n/a,0
2025-09-03 15:42:27.726487,816,0,POINT (240.3663770918361 89.83305138623294),0.0195080349425322,240.3663770918361,89.83305138623294,False,n/a,0
2025-09-03 15:42:28.726487,817,0,POINT (240.3467938925391 89.83403713904573),0.0196079933526032,240.3467938925391,89.83403713904573,False,n/a,0
2025-09-03 15:42:29.726487,818,0,POINT (240.3272053502928 89.83497001097665),0.0196107429072969,240.3272053502928,89.83497001097665,False,n/a,0
2025-09-03 15:42:30.726487,819,0,POINT (240.3077199267095 89.83586267700242),0.0195058602694864,240.3077199267095,89.83586267700242,False,n/a,0
2025-09-03 15:42:31.726487,820,0,POINT (240.28823293331752 89.83671650938528),0.0195056899697768,240.28823293331752,89.83671650938528,False,n/a,0
2025-09-03 15:42:32.726487,821,0,POINT (240.26872168417 89.83752626041509),0.019528044961739,240.26872168417,89.83752626041509,False,n/a,0
2025-09-03 15:42:33.726487,822,0,POINT (240.249182134036 89.83829159345865),0.0195545328276237,240.249182134036,89.83829159345865,False,n/a,0
2025-09-03 15:42:34.726487,823,0,POINT (240.22976829525388 89.83905634185521),0.0194288953975106,240.22976829525388,89.83905634185521,False,n/a,0
2025-09-03 15:42:35.726487,824,0,POINT (240.2104228164826 89.83980702177062),0.0193600379448259,240.2104228164826,89.83980702177062,False,n/a,0
2025-09-03 15:42:36.726487,825,0,POINT (240.19106040592007 89.84052884844155),0.0193758606656599,240.19106040592007,89.84052884844155,False,n/a,0
2025-09-03 15:42:37.726487,826,0,POINT (240.17152743388417 89.84286971831062),0.019672739216981,240.17152743388417,89.84286971831062,False,n/a,0
2025-09-03 15:42:38.726487,827,0,POINT (240.15176510266767 89.84683850773204),0.020156910095105,240.15176510266767,89.84683850773204,False,n/a,0
2025-09-03 15:42:39.726487,828,0,POINT (240.13179847692692 89.85245367598338),0.0207411730131371,240.13179847692692,89.85245367598338,False,n/a,0
2025-09-03 15:42:40.726487,829,0,POINT (240.11168559379303 89.85973701058954),0.0213910035048365,240.11168559379303,89.85973701058954,False,n/a,0
2025-09-03 15:42:41.726487,830,0,POINT (240.0914882685996 89.86871005809704),0.0221008490004872,240.0914882685996,89.86871005809704,False,n/a,0
2025-09-03 15:42:42.726487,831,0,POINT (240.0712312170743 89.87939001959727),0.0228999937585797,240.0712312170743,89.87939001959727,False,n/a,0
2025-09-03 15:42:43.726487,832,0,POINT (240.0507832428933 89.89178013175494),0.0239088796765229,240.0507832428933,89.89178013175494,False,n/a,0
2025-09-03 15:42:44.726487,833,0,POINT (240.0301610347885 89.90589841245558),0.0249920250691918,240.0301610347885,89.90589841245558,False,n/a,0
2025-09-03 15:42:45.726487,834,0,POINT (240.0096044280669 89.92177917208164),0.0259763855493341,240.0096044280669,89.92177917208164,False,n/a,0
2025-09-03 15:42:46.726487,835,0,POINT (239.98901943168383 89.93942998329906),0.0271162905413672,239.98901943168383,89.93942998329906,False,n/a,0
2025-09-03 15:42:47.726487,836,0,POINT (239.9685288489083 89.95887308538869),0.0282470919095979,239.9685288489083,89.95887308538869,False,n/a,0
2025-09-03 15:42:48.726487,837,0,POINT (239.9481308087273 89.98010901587524),0.0294456242395227,239.9481308087273,89.98010901587524,False,n/a,0
2025-09-03 15:42:49.726487,838,0,POINT (239.927845682339 90.00312208930929),0.0306771560199126,239.927845682339,90.00312208930929,False,n/a,0
2025-09-03 15:42:50.726487,839,0,POINT (239.90768663721155 90.0278794859576),0.0319267253136588,239.90768663721155,90.0278794859576,False,n/a,0
2025-09-03 15:42:51.726487,840,0,POINT (239.8878760400327 90.05437350098357),0.0330816050514429,239.8878760400327,90.05437350098357,False,n/a,0
2025-09-03 15:42:52.726487,841,0,POINT (239.86840139398663 90.08259081326004),0.0342852526711709,239.86840139398663,90.08259081326004,False,n/a,0
2025-09-03 15:42:53.726487,842,0,POINT (239.84926223313943 90.11051033951033),0.0338497773105595,239.84926223313943,90.11051033951033,False,n/a,0
2025-09-03 15:42:54.726487,843,0,POINT (239.8304567350624 90.13813979963956),0.0334220559654832,239.8304567350624,90.13813979963956,False,n/a,0
2025-09-03 15:42:55.726487,844,0,POINT (239.81205951441 90.16547274077392),0.0329476463314996,239.81205951441,90.16547274077392,False,n/a,0
2025-09-03 15:42:56.726487,845,0,POINT (239.7940833419479 90.19253534071947),0.0324888764379772,239.7940833419479,90.19253534071947,False,n/a,0
2025-09-03 15:42:57.726487,846,0,POINT (239.7764726189686 90.21930449058158),0.0320425490277017,239.7764726189686,90.21930449058158,False,n/a,0
2025-09-03 15:42:58.726487,847,0,POINT (239.7590797993397 90.24578875989462),0.0316848022826271,239.7590797993397,90.24578875989462,False,n/a,0
2025-09-03 15:42:59.726487,848,0,POINT (239.7419020921245 90.27198915790856),0.0313294507015279,239.7419020921245,90.27198915790856,False,n/a,0
2025-09-03 15:43:00.726487,849,0,POINT (239.7249856602096 90.29793429382867),0.0309728227103366,239.7249856602096,90.29793429382867,False,n/a,0
2025-09-03 15:43:01.726487,850,0,POINT (239.7081894833776 90.32254602738912),0.0297967948783369,239.7081894833776,90.32254602738912,False,n/a,0
2025-09-03 15:43:02.726487,851,0,POINT (239.69142207504635 90.3458569921711),0.0287149274979591,239.69142207504635,90.3458569921711,False,n/a,0
2025-09-03 15:43:03.726487,852,0,POINT (239.6746439458125 90.36791158766104),0.0277112035612443,239.6746439458125,90.36791158766104,False,n/a,0
2025-09-03 15:43:04.726487,853,0,POINT (239.65781259996024 90.38869556496871),0.0267444931887873,239.65781259996024,90.38869556496871,False,n/a,0
2025-09-03 15:43:05.726487,854,0,POINT (239.6409531489603 90.40822830753632),0.0258025022087173,239.6409531489603,90.40822830753632,False,n/a,0
2025-09-03 15:43:06.726487,855,0,POINT (239.62397827632063 90.42653126411092),0.024962862826689,239.62397827632063,90.42653126411092,False,n/a,0
2025-09-03 15:43:07.726487,856,0,POINT (239.6067901685348 90.44364232345517),0.024253234859282,239.6067901685348,90.44364232345517,False,n/a,0
2025-09-03 15:43:08.726487,857,0,POINT (239.58945748529845 90.45955803489932),0.0235315060917578,239.58945748529845,90.45955803489932,False,n/a,0
2025-09-03 15:43:09.726487,858,0,POINT (239.5720058706624 90.47431096892328),0.0228518689765496,239.5720058706624,90.47431096892328,False,n/a,0
2025-09-03 15:43:10.726487,859,0,POINT (239.55429652405343 90.48793920927912),0.0223461382013209,239.55429652405343,90.48793920927912,False,n/a,0
2025-09-03 15:43:11.726487,860,0,POINT (239.5363832366628 90.5004160641897),0.0218302032422826,239.5363832366628,90.5004160641897,False,n/a,0
2025-09-03 15:43:12.726487,861,0,POINT (239.5182881633823 90.51178091331164),0.0213680011369836,239.5182881633823,90.51178091331164,False,n/a,0
2025-09-03 15:43:13.726487,862,0,POINT (239.50005783665296 90.52203264509996),0.0209151336911399,239.50005783665296,90.52203264509996,False,n/a,0
2025-09-03 15:43:14.726487,863,0,POINT (239.4816485219788 90.53117005030433),0.0205522514737885,239.4816485219788,90.53117005030433,False,n/a,0
2025-09-03 15:43:15.726487,864,0,POINT (239.4629478435021 90.53925766649346),0.0203746143794413,239.4629478435021,90.53925766649346,False,n/a,0
2025-09-03 15:43:16.726487,865,0,POINT (239.4440388366176 90.5462645812546),0.0201655001382932,239.4440388366176,90.5462645812546,False,n/a,0
2025-09-03 15:43:17.726487,866,0,POINT (239.4249298822584 90.55220501419622),0.0200110189704902,239.4249298822584,90.55220501419622,False,n/a,0
2025-09-03 15:43:18.726487,867,0,POINT (239.40549756773956 90.55713256322512),0.0200473336628881,239.40549756773956,90.55713256322512,False,n/a,0
2025-09-03 15:43:19.726487,868,0,POINT (239.3857956993736 90.56102951982209),0.0200835725862751,239.3857956993736,90.56102951982209,False,n/a,0
2025-09-03 15:43:20.726487,869,0,POINT (239.3658426483112 90.56393541304412),0.0201635428959485,239.3658426483112,90.56393541304412,False,n/a,0
2025-09-03 15:43:21.726487,870,0,POINT (239.345665951048 90.56583334766304),0.0202657659186189,239.345665951048,90.56583334766304,False,n/a,0
2025-09-03 15:43:22.726487,871,0,POINT (239.32526512922053 90.56675253378792),0.0204215189044896,239.32526512922053,90.56675253378792,False,n/a,0
2025-09-03 15:43:23.726487,872,0,POINT (239.3046813132836 90.5666690854794),0.0205839850890355,239.3046813132836,90.5666690854794,False,n/a,0
2025-09-03 15:43:24.726487,873,0,POINT (239.2838821477229 90.56564211751171),0.0208245036250128,239.2838821477229,90.56564211751171,False,n/a,0
2025-09-03 15:43:25.726487,874,0,POINT (239.26279423927767 90.56364321169308),0.0211824339268935,239.26279423927767,90.56364321169308,False,n/a,0
2025-09-03 15:43:26.726487,875,0,POINT (239.2416322629524 90.56067676872512),0.0213688798460336,239.2416322629524,90.56067676872512,False,n/a,0
2025-09-03 15:43:27.726487,876,0,POINT (239.22032517018388 90.5567390807474),0.0216678930414377,239.22032517018388,90.5567390807474,False,n/a,0
2025-09-03 15:43:28.726487,877,0,POINT (239.19883475891697 90.55185742744376),0.0220378836415333,239.19883475891697,90.55185742744376,False,n/a,0
2025-09-03 15:43:29.726487,878,0,POINT (239.1771580219562 90.54602738517112),0.0224470558908721,239.1771580219562,90.54602738517112,False,n/a,0
2025-09-03 15:43:30.726487,879,0,POINT (239.15533757759675 90.53924034132471),0.0228516029244644,239.15533757759675,90.53924034132471,False,n/a,0
2025-09-03 15:43:31.726487,880,0,POINT (239.13345228261528 90.53150388993556),0.023212471142072,239.13345228261528,90.53150388993556,False,n/a,0
2025-09-03 15:43:32.726487,881,0,POINT (239.11139785824517 90.5228776069615),0.0236814356035867,239.11139785824517,90.5228776069615,False,n/a,0
2025-09-03 15:43:33.726487,882,0,POINT (239.0892131826679 90.51334781502004),0.0241449117810698,239.0892131826679,90.51334781502004,False,n/a,0
2025-09-03 15:43:34.726487,883,0,POINT (239.0668626025209 90.50292193009648),0.02466267441593,239.0668626025209,90.50292193009648,False,n/a,0
2025-09-03 15:43:35.726487,884,0,POINT (239.04448273447295 90.49157359084992),0.0250926941060043,239.04448273447295,90.49157359084992,False,n/a,0
2025-09-03 15:43:36.726487,885,0,POINT (239.02197600160636 90.4793319068944),0.0256205357164345,239.02197600160636,90.4793319068944,False,n/a,0
2025-09-03 15:43:37.726487,886,0,POINT (238.9994448846349 90.46618963057009),0.0260839157138186,238.9994448846349,90.46618963057009,False,n/a,0
2025-09-03 15:43:38.726487,887,0,POINT (238.97702692590292 90.45213424764356),0.0264597555339869,238.97702692590292,90.45213424764356,False,n/a,0
2025-09-03 15:43:39.726487,888,0,POINT (238.9548057379158 90.43718873721572),0.0267796467024619,238.9548057379158,90.43718873721572,False,n/a,0
2025-09-03 15:43:40.726487,889,0,POINT (238.93247620599348 90.42140606028408),0.0273441197883254,238.93247620599348,90.42140606028408,False,n/a,0
2025-09-03 15:43:41.726487,890,0,POINT (238.91020847259733 90.40472554276114),0.0278225019621734,238.91020847259733,90.40472554276114,False,n/a,0
2025-09-03 15:43:42.726487,891,0,POINT (238.88799937863035 90.387185648444),0.0283000308743819,238.88799937863035,90.387185648444,False,n/a,0
2025-09-03 15:43:43.726487,892,0,POINT (238.86597456463716 90.36983126755436),0.0280404523411896,238.86597456463716,90.36983126755436,False,n/a,0
2025-09-03 15:43:44.726487,893,0,POINT (238.844185791384 90.35264457540376),0.0277512707268515,238.844185791384,90.35264457540376,False,n/a,0
2025-09-03 15:43:45.726487,894,0,POINT (238.82257335487128 90.33565187393114),0.0274927138593948,238.82257335487128,90.33565187393114,False,n/a,0
2025-09-03 15:43:46.726487,895,0,POINT (238.8010604687255 90.31882932525774),0.0273093832627276,238.8010604687255,90.31882932525774,False,n/a,0
2025-09-03 15:43:47.726487,896,0,POINT (238.7796584979469 90.30217977432402),0.0271155287520255,238.7796584979469,90.30217977432402,False,n/a,0
2025-09-03 15:43:48.726487,897,0,POINT (238.7584600170988 90.28571665120838),0.0268404547835653,238.7584600170988,90.28571665120838,False,n/a,0
2025-09-03 15:43:49.726487,898,0,POINT (238.7373703802829 90.26941126535654),0.0266578016498715,238.7373703802829,90.26941126535654,False,n/a,0
2025-09-03 15:43:50.726487,899,0,POINT (238.71642196793684 90.25326904041252),0.0264463117648531,238.71642196793684,90.25326904041252,False,n/a,0
2025-09-03 15:43:51.726487,900,0,POINT (238.6956232932483 90.23727838107312),0.0262352064010953,238.6956232932483,90.23727838107312,False,n/a,0
2025-09-03 15:43:52.726487,901,0,POINT (238.674859625598 90.22143607488458),0.0261172081138806,238.674859625598,90.22143607488458,False,n/a,0
2025-09-03 15:43:53.726487,902,0,POINT (238.6541605725236 90.2057548161158),0.025968301345111,238.6541605725236,90.2057548161158,False,n/a,0
2025-09-03 15:43:54.726487,903,0,POINT (238.63368076647023 90.19022344087549),0.0257030362571973,238.63368076647023,90.19022344087549,False,n/a,0
2025-09-03 15:43:55.726487,904,0,POINT (238.6133151915504 90.17485149967804),0.0255157445118753,238.6133151915504,90.17485149967804,False,n/a,0
2025-09-03 15:43:56.726487,905,0,POINT (238.5930388671105 90.15962112068992),0.0253592936990104,238.5930388671105,90.15962112068992,False,n/a,0
2025-09-03 15:43:57.726487,906,0,POINT (238.5730035511764 90.14451912232327),0.0250895244922065,238.5730035511764,90.14451912232327,False,n/a,0
2025-09-03 15:43:58.726487,907,0,POINT (238.5530839299012 90.12952895293438),0.0249298313282704,238.5530839299012,90.12952895293438,False,n/a,0
2025-09-03 15:43:59.726487,908,0,POINT (238.5333016867926 90.11470261954764),0.024721595905218,238.5333016867926,90.11470261954764,False,n/a,0
2025-09-03 15:44:00.726487,909,0,POINT (238.5135532091933 90.1000129131145),0.024612798349272,238.5135532091933,90.1000129131145,False,n/a,0
2025-09-03 15:44:01.726487,910,0,POINT (238.49388773713076 90.0854605188493),0.024464320352166,238.49388773713076,90.0854605188493,False,n/a,0
2025-09-03 15:44:02.726487,911,0,POINT (238.4743303325808 90.07102496017808),0.024307970439353,238.4743303325808,90.07102496017808,False,n/a,0
2025-09-03 15:44:03.726487,912,0,POINT (238.4548534208326 90.05673911780133),0.0241544071270756,238.4548534208326,90.05673911780133,False,n/a,0
2025-09-03 15:44:04.726487,913,0,POINT (238.4354030386405 90.04258634757313),0.024054485497509,238.4354030386405,90.04258634757313,False,n/a,0
2025-09-03 15:44:05.726487,914,0,POINT (238.41598101469364 90.02855722662788),0.0239589492400951,238.41598101469364,90.02855722662788,False,n/a,0
2025-09-03 15:44:06.726487,915,0,POINT (238.39666575028912 90.01469198724931),0.0237765494141162,238.39666575028912,90.01469198724931,False,n/a,0
2025-09-03 15:44:07.726487,916,0,POINT (238.3774040593605 90.00093923407827),0.0236675084707355,238.3774040593605,90.00093923407827,False,n/a,0
2025-09-03 15:44:08.726487,917,0,POINT (238.35817441632935 89.98730842024075),0.0235707076045294,238.35817441632935,89.98730842024075,False,n/a,0
2025-09-03 15:44:09.726487,918,0,POINT (238.33892333932948 89.97381562759129),0.023508709431551,238.33892333932948,89.97381562759129,False,n/a,0
2025-09-03 15:44:10.726487,919,0,POINT (238.31971321775484 89.96043963184074),0.0234082471200082,238.31971321775484,89.96043963184074,False,n/a,0
2025-09-03 15:44:11.726487,920,0,POINT (238.300591888934 89.94717172046211),0.0232736479355231,238.300591888934,89.94717172046211,False,n/a,0
2025-09-03 15:44:12.726487,921,0,POINT (238.2814267647174 89.93506172339237),0.0226705539249993,238.2814267647174,89.93506172339237,False,n/a,0
2025-09-03 15:44:13.726487,922,0,POINT (238.2621892846544 89.92410539739012),0.0221386927943292,238.2621892846544,89.92410539739012,False,n/a,0
2025-09-03 15:44:14.726487,923,0,POINT (238.24280603501725 89.91426497319294),0.0217380844343811,238.24280603501725,89.91426497319294,False,n/a,0
2025-09-03 15:44:15.726487,924,0,POINT (238.22323317141897 89.90553592036031),0.0214311304599637,238.22323317141897,89.90553592036031,False,n/a,0
2025-09-03 15:44:16.726487,925,0,POINT (238.203512246156 89.89790411126232),0.0211461439353687,238.203512246156,89.89790411126232,False,n/a,0
2025-09-03 15:44:17.726487,926,0,POINT (238.18369413335768 89.8913587784094),0.0208710080504754,238.18369413335768,89.8913587784094,False,n/a,0
2025-09-03 15:44:18.726487,927,0,POINT (238.1636570399681 89.88588732005108),0.0207706997491363,238.1636570399681,89.88588732005108,False,n/a,0
2025-09-03 15:44:19.726487,928,0,POINT (238.14354890735797 89.88148146133112),0.0205851545568326,238.14354890735797,89.88148146133112,False,n/a,0
2025-09-03 15:44:20.726487,929,0,POINT (238.12327050071008 89.87813364538218),0.0205528987688846,238.12327050071008,89.87813364538218,False,n/a,0
2025-09-03 15:44:21.726487,930,0,POINT (238.10279864549295 89.87580255175325),0.0206041465131791,238.10279864549295,89.87580255175325,False,n/a,0
2025-09-03 15:44:22.726487,931,0,POINT (238.08216483904783 89.87449155275536),0.0206754126147044,238.08216483904783,89.87449155275536,False,n/a,0
2025-09-03 15:44:23.726487,932,0,POINT (238.061359053731 89.87419862241833),0.0208078473377886,238.061359053731,89.87419862241833,False,n/a,0
2025-09-03 15:44:24.726487,933,0,POINT (238.04028067250675 89.87487962699655),0.0210893793713813,238.04028067250675,89.87487962699655,False,n/a,0
2025-09-03 15:44:25.726487,934,0,POINT (238.0190018455636 89.87654161969624),0.0213436336131408,238.0190018455636,89.87654161969624,False,n/a,0
2025-09-03 15:44:26.726487,935,0,POINT (237.9975458937521 89.87919956729812),0.0216199572985112,237.9975458937521,89.87919956729812,False,n/a,0
2025-09-03 15:44:27.726487,936,0,POINT (237.9759192664964 89.88284041831248),0.0219309553500474,237.9759192664964,89.88284041831248,False,n/a,0
2025-09-03 15:44:28.726487,937,0,POINT (237.95424846372117 89.88640825632034),0.0219625399481751,237.95424846372117,89.88640825632034,False,n/a,0
2025-09-03 15:44:29.726487,938,0,POINT (237.9324931422627 89.88990344647343),0.0220342997612002,237.9324931422627,89.88990344647343,False,n/a,0
2025-09-03 15:44:30.726487,939,0,POINT (237.9108141817356 89.89335090000401),0.0219513613559979,237.9108141817356,89.89335090000401,False,n/a,0
2025-09-03 15:44:31.726487,940,0,POINT (237.88927425187035 89.89674947946698),0.0218063963314808,237.88927425187035,89.89674947946698,False,n/a,0
2025-09-03 15:44:32.726487,941,0,POINT (237.86772571806503 89.90008413722173),0.0218050281242684,237.86772571806503,89.90008413722173,False,n/a,0
2025-09-03 15:44:33.726487,942,0,POINT (237.84623343329085 89.90337871905797),0.0217433340196551,237.84623343329085,89.90337871905797,False,n/a,0
2025-09-03 15:44:34.726487,943,0,POINT (237.82467302751 89.90659429732841),0.0217988770593229,237.82467302751,89.90659429732841,False,n/a,0
2025-09-03 15:44:35.726487,944,0,POINT (237.80310675194107 89.90974120207633),0.0217946610757797,237.80310675194107,89.90974120207633,False,n/a,0
2025-09-03 15:44:36.726487,945,0,POINT (237.78158918779928 89.91282069486014),0.0217368084686215,237.78158918779928,89.91282069486014,False,n/a,0
2025-09-03 15:44:37.726487,946,0,POINT (237.7601724250012 89.9158445130963),0.0216291748681239,237.7601724250012,89.9158445130963,False,n/a,0
2025-09-03 15:44:38.726487,947,0,POINT (237.73876716009 89.91882765299978),0.0216121375528372,237.73876716009,89.91882765299978,False,n/a,0
2025-09-03 15:44:39.726487,948,0,POINT (237.71734356854725 89.92177946708141),0.0216259908665829,237.71734356854725,89.92177946708141,False,n/a,0
2025-09-03 15:44:40.726487,949,0,POINT (237.695919695726 89.9246776112668),0.0216190093755381,237.695919695726,89.9246776112668,False,n/a,0
2025-09-03 15:44:41.726487,950,0,POINT (237.6745228755099 89.92752243816206),0.0215851095764274,237.6745228755099,89.92752243816206,False,n/a,0
2025-09-03 15:44:42.726487,951,0,POINT (237.65311715212428 89.93030741442448),0.0215861318082321,237.65311715212428,89.93030741442448,False,n/a,0
2025-09-03 15:44:43.726487,952,0,POINT (237.63171401478596 89.93305653786479),0.0215789704947775,237.63171401478596,89.93305653786479,False,n/a,0
2025-09-03 15:44:44.726487,953,0,POINT (237.6103586777877 89.93574308179595),0.0215236599258091,237.6103586777877,89.93574308179595,False,n/a,0
2025-09-03 15:44:45.726487,954,0,POINT (237.5890158656821 89.9384010757749),0.0215076860812076,237.5890158656821,89.9384010757749,False,n/a,0
2025-09-03 15:44:46.726487,955,0,POINT (237.56781759760383 89.94100729630074),0.0213578780534368,237.56781759760383,89.94100729630074,False,n/a,0
2025-09-03 15:44:47.726487,956,0,POINT (237.54660259233003 89.94356711596214),0.0213688821763695,237.54660259233003,89.94356711596214,False,n/a,0
2025-09-03 15:44:48.726487,957,0,POINT (237.5254246696131 89.94607934081364),0.0213264081436317,237.5254246696131,89.94607934081364,False,n/a,0
2025-09-03 15:44:49.726487,958,0,POINT (237.50429824305027 89.94854279465974),0.0212695675594625,237.50429824305027,89.94854279465974,False,n/a,0
2025-09-03 15:44:50.726487,959,0,POINT (237.48317299276545 89.95094426296127),0.0212613087461651,237.48317299276545,89.95094426296127,False,n/a,0
2025-09-03 15:44:51.726487,960,0,POINT (237.46217057161104 89.95333547905184),0.0211381079744351,237.46217057161104,89.95333547905184,False,n/a,0
2025-09-03 15:44:52.726487,961,0,POINT (237.44118109255209 89.95570228727507),0.0211225001439939,237.44118109255209,89.95570228727507,False,n/a,0
2025-09-03 15:44:53.726487,962,0,POINT (237.4203289809578 89.95803669725152),0.020982374219264,237.4203289809578,89.95803669725152,False,n/a,0
2025-09-03 15:44:54.726487,963,0,POINT (237.39944936034323 89.9603342254936),0.0210056466939424,237.39944936034323,89.9603342254936,False,n/a,0
2025-09-03 15:44:55.726487,964,0,POINT (237.3785631965825 89.96259808110968),0.0210084953980979,237.3785631965825,89.96259808110968,False,n/a,0
2025-09-03 15:44:56.726487,965,0,POINT (237.3576931638613 89.96483101171626),0.0209891458824705,237.3576931638613,89.96483101171626,False,n/a,0
2025-09-03 15:44:57.726487,966,0,POINT (237.33691407842164 89.96702561698716),0.0208946568290885,237.33691407842164,89.96702561698716,False,n/a,0
2025-09-03 15:44:58.726487,967,0,POINT (237.31632221418076 89.96918899787156),0.0207051947531813,237.31632221418076,89.96918899787156,False,n/a,0
2025-09-03 15:44:59.726487,968,0,POINT (237.29575519490737 89.97133792170958),0.0206789785882254,237.29575519490737,89.97133792170958,False,n/a,0
2025-09-03 15:45:00.726487,969,0,POINT (237.2751296204056 89.97343697654433),0.0207321092686477,237.2751296204056,89.97343697654433,False,n/a,0
2025-09-03 15:45:01.726487,970,0,POINT (237.2544208072069 89.9754968256909),0.0208110048436844,237.2544208072069,89.9754968256909,False,n/a,0
2025-09-03 15:45:02.726487,971,0,POINT (237.2337105718722 89.97752764886786),0.0208095672803806,237.2337105718722,89.97752764886786,False,n/a,0
2025-09-03 15:45:03.726487,972,0,POINT (237.2130264982924 89.97955030799773),0.0207827344161165,237.2130264982924,89.97955030799773,False,n/a,0
2025-09-03 15:45:04.726487,973,0,POINT (237.19247783840208 89.98155856901096),0.0206465623188046,237.19247783840208,89.98155856901096,False,n/a,0
2025-09-03 15:45:05.726487,974,0,POINT (237.1719579910682 89.98353817627054),0.0206151153163798,237.1719579910682,89.98353817627054,False,n/a,0
2025-09-03 15:45:06.726487,975,0,POINT (237.15139588765703 89.98547024221018),0.0206526747780043,237.15139588765703,89.98547024221018,False,n/a,0
2025-09-03 15:45:07.726487,976,0,POINT (237.13090308008097 89.98737167214735),0.020580830842233,237.13090308008097,89.98737167214735,False,n/a,0
2025-09-03 15:45:08.726487,977,0,POINT (237.11040811711285 89.9892179656353),0.0205779568157107,237.11040811711285,89.9892179656353,False,n/a,0
2025-09-03 15:45:09.726487,978,0,POINT (237.0899627596283 89.99102792873855),0.0205253162973302,237.0899627596283,89.99102792873855,False,n/a,0
2025-09-03 15:45:10.726487,979,0,POINT (237.0695967020988 89.99284524222728),0.0204469784469651,237.0695967020988,89.99284524222728,False,n/a,0
2025-09-03 15:45:11.726487,980,0,POINT (237.0492237713409 89.99462702253793),0.0204506980013312,237.0492237713409,89.99462702253793,False,n/a,0
2025-09-03 15:45:12.726487,981,0,POINT (237.02885751607377 89.99639801827239),0.0204431108077407,237.02885751607377,89.99639801827239,False,n/a,0
2025-09-03 15:45:13.726487,982,0,POINT (237.0084845911987 89.99814620293719),0.0204477924868964,237.0084845911987,89.99814620293719,False,n/a,0
2025-09-03 15:45:14.726487,983,0,POINT (236.9880685927592 89.9998622268504),0.0204879899051105,236.9880685927592,89.9998622268504,False,n/a,0
2025-09-03 15:45:15.726487,984,0,POINT (236.9677328599524 90.00154850439127),0.0204055277005059,236.9677328599524,90.00154850439127,False,n/a,0
2025-09-03 15:45:16.726487,985,0,POINT (236.94741138292068 90.00320915058059),0.0203892171138579,236.94741138292068,90.00320915058059,False,n/a,0
2025-09-03 15:45:17.726487,986,0,POINT (236.927028528004 90.00483414472149),0.0204475274914441,236.927028528004,90.00483414472149,False,n/a,0
2025-09-03 15:45:18.726487,987,0,POINT (236.90667455536757 90.00643477395818),0.0204168120929253,236.90667455536757,90.00643477395818,False,n/a,0
2025-09-03 15:45:19.726487,988,0,POINT (236.8863261932072 90.00802947199243),0.0204107546266741,236.8863261932072,90.00802947199243,False,n/a,0
2025-09-03 15:45:20.726487,989,0,POINT (236.8658721213193 90.00960390461671),0.0205145776189014,236.8658721213193,90.00960390461671,False,n/a,0
2025-09-03 15:45:21.726487,990,0,POINT (236.8454707011582 90.01117989406633),0.0204622014293514,236.8454707011582,90.01117989406633,False,n/a,0
2025-09-03 15:45:22.726487,991,0,POINT (236.8250748796653 90.01275188701416),0.0204563118914125,236.8250748796653,90.01275188701416,False,n/a,0
2025-09-03 15:45:23.726487,992,0,POINT (236.80474230715396 90.01428422289901),0.0203902319308505,236.80474230715396,90.01428422289901,False,n/a,0
2025-09-03 15:45:24.726487,993,0,POINT (236.78447002230664 90.01684726687901),0.0204336665181087,236.78447002230664,90.01684726687901,False,n/a,0
2025-09-03 15:45:25.726487,994,0,POINT (236.76407410404053 90.02042852724837),0.0207079431076754,236.76407410404053,90.02042852724837,False,n/a,0
2025-09-03 15:45:26.726487,995,0,POINT (236.74365668113023 90.02501343599293),0.0209258822154,236.74365668113023,90.02501343599293,False,n/a,0
2025-09-03 15:45:27.726487,996,0,POINT (236.7232442342493 90.03060288683116),0.0211638831111105,236.7232442342493,90.03060288683116,False,n/a,0
2025-09-03 15:45:28.726487,997,0,POINT (236.70282624923888 90.03717027245669),0.0214481856071877,236.70282624923888,90.03717027245669,False,n/a,0
2025-09-03 15:45:29.726487,998,0,POINT (236.6823733026256 90.04471036675844),0.0217985331443226,236.6823733026256,90.04471036675844,True,location,0
2025-09-03 15:45:30.726487,999,0,POINT (236.66190862552352 90.05320478490947),0.0221575754228137,236.66190862552352,90.05320478490947,True,location,0
2025-09-03 15:45:31.726487,1000,0,POINT (236.64150622857235 90.06265376669855),0.0224842402185301,236.64150622857235,90.06265376669855,True,location,0
2025-09-03 15:45:32.726487,1001,0,POINT (236.6212377229484 90.0730536503088),0.0227809108538903,236.6212377229484,90.0730536503088,True,location,0
2025-09-03 15:45:33.726487,1002,0,POINT (236.600988135571 90.08438340184551),0.0232036432234296,236.600988135571,90.08438340184551,True,location,0
2025-09-03 15:45:34.726487,1003,0,POINT (236.5807699344544 90.096654552775),0.0236507251796926,236.5807699344544,90.096654552775,True,location,0
2025-09-03 15:45:35.726487,1004,0,POINT (236.56053207027347 90.10987962944448),0.0241758929415038,236.56053207027347,90.10987962944448,True,location,0
2025-09-03 15:45:36.726487,1005,0,POINT (236.5404122799214 90.12402659136508),0.0245955787773577,236.5404122799214,90.12402659136508,True,location,0
2025-09-03 15:45:37.726487,1006,0,POINT (236.52050104009868 90.13908633700532),0.0249650437617811,236.52050104009868,90.13908633700532,True,location,0
2025-09-03 15:45:38.726487,1007,0,POINT (236.5006897993103 90.15503472246164),0.0254329758431547,236.5006897993103,90.15503472246164,True,location,0
2025-09-03 15:45:39.726487,1008,0,POINT (236.48101566191423 90.17188897856327),0.025906324151021,236.48101566191423,90.17188897856327,True,location,0
2025-09-03 15:45:40.726487,1009,0,POINT (236.4614565947735 90.18856756759736),0.0257047162906786,236.4614565947735,90.18856756759736,True,location,0
2025-09-03 15:45:41.726487,1010,0,POINT (236.4419803093969 90.20507737987272),0.025532324481697,236.4419803093969,90.20507737987272,True,location,0
2025-09-03 15:45:42.726487,1011,0,POINT (236.42253351343768 90.22144388742676),0.0254173256381585,236.42253351343768,90.22144388742676,True,location,0
2025-09-03 15:45:43.726487,1012,0,POINT (236.40321633841495 90.23765848136748),0.0252203550236658,236.40321633841495,90.23765848136748,True,location,0
2025-09-03 15:45:44.726487,1013,0,POINT (236.38403630368103 90.25371891309594),0.025016218733056,236.38403630368103,90.25371891309594,True,location,0
2025-09-03 15:45:45.726487,1014,0,POINT (236.36496091511427 90.26964148254368),0.0248475082612121,236.36496091511427,90.26964148254368,True,location,0
2025-09-03 15:45:46.726487,1015,0,POINT (236.3459266588096 90.28542888508292),0.0247294357397676,236.3459266588096,90.28542888508292,True,location,0
2025-09-03 15:45:47.726487,1016,0,POINT (236.32697688289235 90.3010705814998),0.0245714605612254,236.32697688289235,90.3010705814998,True,location,0
2025-09-03 15:45:48.726487,1017,0,POINT (236.3080382025608 90.31551220065612),0.0238166743387137,236.3080382025608,90.31551220065612,True,location,0
2025-09-03 15:45:49.726487,1018,0,POINT (236.2890010560769 90.32880981803436),0.0232215325546901,236.2890010560769,90.32880981803436,True,location,0
2025-09-03 15:45:50.726487,1019,0,POINT (236.2699377182105 90.34095685180174),0.0226044526576657,236.2699377182105,90.34095685180174,True,location,0
2025-09-03 15:45:51.726487,1020,0,POINT (236.25076826100656 90.35197258218284),0.0221091475485815,236.25076826100656,90.35197258218284,True,location,0
2025-09-03 15:45:52.726487,1021,0,POINT (236.2314259550606 90.36187289626378),0.021728806184611,236.2314259550606,90.36187289626378,True,location,0
2025-09-03 15:45:53.726487,1022,0,POINT (236.2120019642037 90.37067114890174),0.0213237114567592,236.2120019642037,90.37067114890174,True,location,0
2025-09-03 15:45:54.726487,1023,0,POINT (236.192464152431 90.37835301927603),0.020993742432254,236.192464152431,90.37835301927603,True,location,0
2025-09-03 15:45:55.726487,1024,0,POINT (236.17265262085647 90.38495130633936),0.0208814313565608,236.17265262085647,90.38495130633936,True,location,0
2025-09-03 15:45:56.726487,1025,0,POINT (236.15274547487292 90.39047098030954),0.0206582008400126,236.15274547487292,90.39047098030954,True,location,0
2025-09-03 15:45:57.726487,1026,0,POINT (236.13273423580355 90.3949207458996),0.0205000025097244,236.13273423580355,90.3949207458996,True,location,0
2025-09-03 15:45:58.726487,1027,0,POINT (236.11255590912413 90.39832274646814),0.0204631003381715,236.11255590912413,90.39832274646814,True,location,0
2025-09-03 15:45:59.726487,1028,0,POINT (236.0920886271655 90.40015465726631),0.0205491004169531,236.0920886271655,90.40015465726631,True,location,0
2025-09-03 15:46:00.726487,1029,0,POINT (236.0714510995085 90.40038258751387),0.0206387863013269,236.0714510995085,90.40038258751387,True,location,0
2025-09-03 15:46:01.726487,1030,0,POINT (236.05052386696264 90.3990073473944),0.0209723710489189,236.05052386696264,90.3990073473944,True,location,0
2025-09-03 15:46:02.726487,1031,0,POINT (236.0294133213581 90.3959970300396),0.0213240977839311,236.0294133213581,90.3959970300396,True,location,0
2025-09-03 15:46:03.726487,1032,0,POINT (236.0080565373806 90.39134404556998),0.021857778623087,236.0080565373806,90.39134404556998,True,location,0
2025-09-03 15:46:04.726487,1033,0,POINT (235.98645633073053 90.38503124010668),0.0225037872400104,235.98645633073053,90.38503124010668,True,location,0
2025-09-03 15:46:05.726487,1034,0,POINT (235.96464376604968 90.37703764598643),0.0232311326653574,235.96464376604968,90.37703764598643,True,location,0
2025-09-03 15:46:06.726487,1035,0,POINT (235.94261634148424 90.36734676347923),0.0240649254466878,235.94261634148424,90.36734676347923,True,location,0
2025-09-03 15:46:07.726487,1036,0,POINT (235.92053220550625 90.35592272234004),0.0248639855583524,235.92053220550625,90.35592272234004,True,location,0
2025-09-03 15:46:08.726487,1037,0,POINT (235.898277725457 90.34276298027004),0.0258542200348231,235.898277725457,90.34276298027004,True,location,0
2025-09-03 15:46:09.726487,1038,0,POINT (235.8758404677904 90.32785169636134),0.0269402472038671,235.8758404677904,90.32785169636134,True,location,0
2025-09-03 15:46:10.726487,1039,0,POINT (235.8533012396388 90.31116330557538),0.0280449495042066,235.8533012396388,90.31116330557538,True,location,0
2025-09-03 15:46:11.726487,1040,0,POINT (235.83063908595352 90.29268252820448),0.029242303977084,235.83063908595352,90.29268252820448,True,location,0
2025-09-03 15:46:12.726487,1041,0,POINT (235.80810632390364 90.27237835636645),0.030331250545021,235.80810632390364,90.27237835636645,True,location,0
2025-09-03 15:46:13.726487,1042,0,POINT (235.78579900721076 90.2502654716792),0.0314101265076769,235.78579900721076,90.2502654716792,True,location,0
2025-09-03 15:46:14.726487,1043,0,POINT (235.7637582109032 90.22635427545931),0.0325198709489367,235.7637582109032,90.22635427545931,True,location,0
2025-09-03 15:46:15.726487,1044,0,POINT (235.74195714788075 90.20267001166718),0.0321905374339255,235.74195714788075,90.20267001166718,True,location,0
2025-09-03 15:46:16.726487,1045,0,POINT (235.7203627584041 90.17921797916564),0.0318797033443562,235.7203627584041,90.17921797916564,True,location,0
2025-09-03 15:46:17.726487,1046,0,POINT (235.69916395772648 90.15597231773198),0.0314602912519495,235.69916395772648,90.15597231773198,True,location,0
2025-09-03 15:46:18.726487,1047,0,POINT (235.67821887288736 90.13294919569952),0.0311249213177861,235.67821887288736,90.13294919569952,True,location,0
2025-09-03 15:46:19.726487,1048,0,POINT (235.65746928419185 90.11012710671967),0.0308446620412379,235.65746928419185,90.11012710671967,True,location,0
2025-09-03 15:46:20.726487,1049,0,POINT (235.63686337741763 90.0875127408303),0.0305943285359384,235.63686337741763,90.0875127408303,True,location,0
2025-09-03 15:46:21.726487,1050,0,POINT (235.6164960662061 90.0651231775249),0.0302674728213724,235.6164960662061,90.0651231775249,True,location,0
2025-09-03 15:46:22.726487,1051,0,POINT (235.5962883606618 90.04411111552427),0.0291523260287269,235.5962883606618,90.04411111552427,True,location,0
2025-09-03 15:46:23.726487,1052,0,POINT (235.5762124305065 90.02449429208252),0.0280688926312525,235.5762124305065,90.02449429208252,True,location,0
2025-09-03 15:46:24.726487,1053,0,POINT (235.55623054076992 90.00628947469055),0.0270313021092248,235.55623054076992,90.00628947469055,True,location,0
2025-09-03 15:46:25.726487,1054,0,POINT (235.5363216034692 89.98951391566953),0.026034307459829,235.5363216034692,89.98951391566953,True,location,0
2025-09-03 15:46:26.726487,1055,0,POINT (235.51643948639477 89.97418269536858),0.0251066703343373,235.51643948639477,89.97418269536858,True,location,0
2025-09-03 15:46:27.726487,1056,0,POINT (235.4964309129174 89.96030112546973),0.024352433050017,235.4964309129174,89.96030112546973,True,location,0
2025-09-03 15:46:28.726487,1057,0,POINT (235.47647655474756 89.94790175364508),0.0234929953734425,235.47647655474756,89.94790175364508,True,location,0
2025-09-03 15:46:29.726487,1058,0,POINT (235.45646527844696 89.9369926616022),0.0227916534805398,235.45646527844696,89.9369926616022,True,location,0
2025-09-03 15:46:30.726487,1059,0,POINT (235.43617700975653 89.92756940009434),0.0223698838598116,235.43617700975653,89.92756940009434,True,location,0
2025-09-03 15:46:31.726487,1060,0,POINT (235.4158546471793 89.91967284552933),0.0218026144010385,235.4158546471793,89.91967284552933,True,location,0
2025-09-03 15:46:32.726487,1061,0,POINT (235.3954020364771 89.91331045055722),0.0214193686721972,235.3954020364771,89.91331045055722,True,location,0
2025-09-03 15:46:33.726487,1062,0,POINT (235.37483653646515 89.90850113276619),0.0211203534145676,235.37483653646515,89.90850113276619,True,location,0
2025-09-03 15:46:34.726487,1063,0,POINT (235.3542217875257 89.90526891156951),0.0208666031663109,235.3542217875257,89.90526891156951,True,location,0
2025-09-03 15:46:35.726487,1064,0,POINT (235.3334044551252 89.90361390600741),0.0208830163454555,235.3334044551252,89.90361390600741,True,location,0
2025-09-03 15:46:36.726487,1065,0,POINT (235.31231597646465 89.90354538729432),0.021088589972549,235.31231597646465,89.90354538729432,True,location,0
2025-09-03 15:46:37.726487,1066,0,POINT (235.29098168522307 89.90508312265854),0.0213896379780169,235.29098168522307,89.90508312265854,True,location,0
2025-09-03 15:46:38.726487,1067,0,POINT (235.26957384583568 89.90658776988673),0.0214606512137382,235.26957384583568,89.90658776988673,True,location,0
2025-09-03 15:46:39.726487,1068,0,POINT (235.24816921956068 89.90808854458261),0.0214571748061164,235.24816921956068,89.90808854458261,True,location,0
2025-09-03 15:46:40.726487,1069,0,POINT (235.2267881259 89.90954351051592),0.0214305411036593,235.2267881259,89.90954351051592,True,location,0
2025-09-03 15:46:41.726487,1070,0,POINT (235.20540283751143 89.91096281826574),0.0214323352425557,235.20540283751143,89.91096281826574,True,location,0
2025-09-03 15:46:42.726487,1071,0,POINT (235.1841696162852 89.91236973234544),0.0212797812693335,235.1841696162852,89.91236973234544,True,location,0
2025-09-03 15:46:43.726487,1072,0,POINT (235.1629391063948 89.91373915584934),0.0212746297485727,235.1629391063948,89.91373915584934,True,location,0
2025-09-03 15:46:44.726487,1073,0,POINT (235.14176088824863 89.9151039298887),0.0212221472058063,235.14176088824863,89.9151039298887,True,location,0
2025-09-03 15:46:45.726487,1074,0,POINT (235.12053560018143 89.91644298798481),0.021267485279627,235.12053560018143,89.91644298798481,True,location,0
2025-09-03 15:46:46.726487,1075,0,POINT (235.09923981167665 89.91773749142972),0.0213350966065333,235.09923981167665,89.91773749142972,True,location,0
2025-09-03 15:46:47.726487,1076,0,POINT (235.07798486110477 89.91899332889118),0.0212920184938901,235.07798486110477,89.91899332889118,True,location,0
2025-09-03 15:46:48.726487,1077,0,POINT (235.05665419946757 89.9202230950214),0.0213660817796687,235.05665419946757,89.9202230950214,True,location,0
2025-09-03 15:46:49.726487,1078,0,POINT (235.0352674431301 89.92142041842828),0.0214202457963978,235.0352674431301,89.92142041842828,True,location,0
2025-09-03 15:46:50.726487,1079,0,POINT (235.01390696084812 89.92259953363958),0.0213930015659089,235.01390696084812,89.92259953363958,True,location,0
2025-09-03 15:46:51.726487,1080,0,POINT (234.99253881211297 89.92373250551184),0.0213981636041973,234.99253881211297,89.92373250551184,True,location,0
2025-09-03 15:46:52.726487,1081,0,POINT (234.97109469655723 89.92483021908787),0.0214721928796955,234.97109469655723,89.92483021908787,True,location,0
2025-09-03 15:46:53.726487,1082,0,POINT (234.9496694951581 89.9259021396529),0.0214519991770195,234.9496694951581,89.9259021396529,True,location,0
2025-09-03 15:46:54.726487,1083,0,POINT (234.9282912131049 89.92695398871359),0.0214041428231288,234.9282912131049,89.92695398871359,True,location,0
2025-09-03 15:46:55.726487,1084,0,POINT (234.90682723637028 89.92796579376895),0.0214878115855121,234.90682723637028,89.92796579376895,True,location,0
2025-09-03 15:46:56.726487,1085,0,POINT (234.88536383842637 89.92895864134947),0.0214863490993178,234.88536383842637,89.92895864134947,True,location,0
2025-09-03 15:46:57.726487,1086,0,POINT (234.86395538648912 89.92993111770444),0.0214305278658555,234.86395538648912,89.92993111770444,True,location,0
2025-09-03 15:46:58.726487,1087,0,POINT (234.84253128615651 89.93087010234746),0.0214446675707578,234.84253128615651,89.93087010234746,True,location,0
2025-09-03 15:46:59.726487,1088,0,POINT (234.8211711015141 89.93177225514329),0.0213792274796458,234.8211711015141,89.93177225514329,True,location,0
2025-09-03 15:47:00.726487,1089,0,POINT (234.7998873668064 89.93264539394237),0.0213016368964771,234.7998873668064,89.93264539394237,True,location,0
2025-09-03 15:47:01.726487,1090,0,POINT (234.7785860450655 89.9334851150068),0.0213178666703706,234.7785860450655,89.9334851150068,True,location,0
2025-09-03 15:47:02.726487,1091,0,POINT (234.75729582490567 89.93428967413423),0.021305416913171,234.75729582490567,89.93428967413423,True,location,0
2025-09-03 15:47:03.726487,1092,0,POINT (234.73597341591787 89.93507701819239),0.0213369406361106,234.73597341591787,89.93507701819239,True,location,0
2025-09-03 15:47:04.726487,1093,0,POINT (234.71463251300324 89.93583294639647),0.0213542867982383,234.71463251300324,89.93583294639647,True,location,0
2025-09-03 15:47:05.726487,1094,0,POINT (234.6932180696351 89.93655854146301),0.0214267326713158,234.6932180696351,89.93655854146301,True,location,0
2025-09-03 15:47:06.726487,1095,0,POINT (234.67181778102315 89.93726698850865),0.0214120118132541,234.67181778102315,89.93726698850865,True,location,0
2025-09-03 15:47:07.726487,1096,0,POINT (234.6503178971728 89.9379613846348),0.0215110946155253,234.6503178971728,89.9379613846348,True,location,0
2025-09-03 15:47:08.726487,1097,0,POINT (234.6287511960749 89.9386408293483),0.0215774011726886,234.6287511960749,89.9386408293483,True,location,0
2025-09-03 15:47:09.726487,1098,0,POINT (234.6072517776804 89.93928157606497),0.0215089643556999,234.6072517776804,89.93928157606497,True,location,0
2025-09-03 15:47:10.726487,1099,0,POINT (234.58579378714475 89.93991810789451),0.0214674295293622,234.58579378714475,89.93991810789451,True,location,0
2025-09-03 15:47:11.726487,1100,0,POINT (234.5642553261748 89.94054059929586),0.0215474545248252,234.5642553261748,89.94054059929586,True,location,0
2025-09-03 15:47:12.726487,1101,0,POINT (234.54257419212115 89.94113808433167),0.0216893651871091,234.54257419212115,89.94113808433167,True,location,0
2025-09-03 15:47:13.726487,1102,0,POINT (234.52088077847984 89.9417095219384),0.0217009386052859,234.52088077847984,89.9417095219384,True,location,0
2025-09-03 15:47:14.726487,1103,0,POINT (234.499250337884 89.94227146078359),0.0216377386904595,234.499250337884,89.94227146078359,True,location,0
2025-09-03 15:47:15.726487,1104,0,POINT (234.4774791653895 89.94444746465813),0.0218796468126826,234.4774791653895,89.94444746465813,True,location,0
2025-09-03 15:47:16.726487,1105,0,POINT (234.45557488684236 89.94825540544991),0.02223280980321,234.45557488684236,89.94825540544991,True,location,0
2025-09-03 15:47:17.726487,1106,0,POINT (234.43360047775545 89.95371614490159),0.0226427544719424,234.43360047775545,89.95371614490159,True,location,0
2025-09-03 15:47:18.726487,1107,0,POINT (234.41154221039312 89.9608463219427),0.0231820314827096,234.41154221039312,89.9608463219427,True,location,0
2025-09-03 15:47:19.726487,1108,0,POINT (234.3894648812525 89.96966634670243),0.0237739626218528,234.3894648812525,89.96966634670243,True,location,0
2025-09-03 15:47:20.726487,1109,0,POINT (234.3673031141214 89.98019063491073),0.0245337433887477,234.3673031141214,89.98019063491073,True,location,0
2025-09-03 15:47:21.726487,1110,0,POINT (234.34522454456803 89.99244283437574),0.0252503391116282,234.34522454456803,89.99244283437574,True,location,0
2025-09-03 15:47:22.726487,1111,0,POINT (234.32322077219536 90.00643878906884),0.026077820967268,234.32322077219536,90.00643878906884,True,location,0
2025-09-03 15:47:23.726487,1112,0,POINT (234.3012426299096 90.02219378235716),0.0270417926892376,234.3012426299096,90.02219378235716,True,location,0
2025-09-03 15:47:24.726487,1113,0,POINT (234.27939048279848 90.03972640645722),0.0280162317451949,234.27939048279848,90.03972640645722,True,location,0
2025-09-03 15:47:25.726487,1114,0,POINT (234.2575954959276 90.05905250743358),0.0291293603027922,234.2575954959276,90.05905250743358,True,location,0
2025-09-03 15:47:26.726487,1115,0,POINT (234.2360395096308 90.08018885824458),0.0301894993471982,234.2360395096308,90.08018885824458,True,location,0
2025-09-03 15:47:27.726487,1116,0,POINT (234.21475011058968 90.10312628665152),0.0312947940312031,234.21475011058968,90.10312628665152,True,location,0
2025-09-03 15:47:28.726487,1117,0,POINT (234.19363132901597 90.12783537400996),0.0325044909704127,234.19363132901597,90.12783537400996,True,location,0
2025-09-03 15:47:29.726487,1118,0,POINT (234.17281988153084 90.1543407577646),0.0336994319597018,234.17281988153084,90.1543407577646,True,location,0
2025-09-03 15:47:30.726487,1119,0,POINT (234.1524153384546 90.1826058150138),0.0348605628102855,234.1524153384546,90.1826058150138,True,location,0
2025-09-03 15:47:31.726487,1120,0,POINT (234.13227079393755 90.21061607971824),0.0345018492636551,234.13227079393755,90.21061607971824,True,location,0
2025-09-03 15:47:32.726487,1121,0,POINT (234.11253311600876 90.2383540294526),0.0340436453025744,234.11253311600876,90.2383540294526,True,location,0
2025-09-03 15:47:33.726487,1122,0,POINT (234.0931109839117 90.265841239351),0.0336565881097931,234.0931109839117,90.265841239351,True,location,0
2025-09-03 15:47:34.726487,1123,0,POINT (234.07393889670635 90.29306726245564),0.0332990279423445,234.07393889670635,90.29306726245564,True,location,0
2025-09-03 15:47:35.726487,1124,0,POINT (234.05499273389 90.31899642805875),0.0321135285252064,234.05499273389,90.31899642805875,True,location,0
2025-09-03 15:47:36.726487,1125,0,POINT (234.0361787636159 90.34362587058595),0.0309931430589754,234.0361787636159,90.34362587058595,True,location,0
2025-09-03 15:47:37.726487,1126,0,POINT (234.017428918062 90.36699468006093),0.0299609406489829,234.017428918062,90.36699468006093,True,location,0
2025-09-03 15:47:38.726487,1127,0,POINT (233.99875286225424 90.38912511884676),0.0289577516632037,233.99875286225424,90.38912511884676,True,location,0
2025-09-03 15:47:39.726487,1128,0,POINT (233.98013306848097 90.4100201007995),0.0279874434517567,233.98013306848097,90.4100201007995,True,location,0
2025-09-03 15:47:40.726487,1129,0,POINT (233.9614477452516 90.42972569038788),0.0271560594566413,233.9614477452516,90.42972569038788,True,location,0
2025-09-03 15:47:41.726487,1130,0,POINT (233.9426517748022 90.44825376567522),0.0263927656562831,233.9426517748022,90.44825376567522,True,location,0
2025-09-03 15:47:42.726487,1131,0,POINT (233.92379230573889 90.46557219063206),0.0256048318943203,233.92379230573889,90.46557219063206,True,location,0
2025-09-03 15:47:43.726487,1132,0,POINT (233.9048696098498 90.4817081171862),0.0248683844563731,233.9048696098498,90.4817081171862,True,location,0
2025-09-03 15:47:44.726487,1133,0,POINT (233.8857922951709 90.49669648429273),0.0242609786257099,233.8857922951709,90.49669648429273,True,location,0
2025-09-03 15:47:45.726487,1134,0,POINT (233.86647875925047 90.51055960372116),0.0237739090188767,233.86647875925047,90.51055960372116,True,location,0
2025-09-03 15:47:46.726487,1135,0,POINT (233.84692250982175 90.52331352335254),0.0233475771265622,233.84692250982175,90.52331352335254,True,location,0
2025-09-03 15:47:47.726487,1136,0,POINT (233.82710118042712 90.53497761417502),0.0229986111251659,233.82710118042712,90.53497761417502,True,location,0
2025-09-03 15:47:48.726487,1137,0,POINT (233.8071503094565 90.54551693772903),0.0225635678353881,233.8071503094565,90.54551693772903,True,location,0
2025-09-03 15:47:49.726487,1138,0,POINT (233.7869488106256 90.55500318220705),0.0223179163299753,233.7869488106256,90.55500318220705,True,location,0
2025-09-03 15:47:50.726487,1139,0,POINT (233.7665014334724 90.56343260919688),0.0221167464113073,233.7665014334724,90.56343260919688,True,location,0
2025-09-03 15:47:51.726487,1140,0,POINT (233.7457349159283 90.5708147308578),0.0220396000672985,233.7457349159283,90.5708147308578,True,location,0
2025-09-03 15:47:52.726487,1141,0,POINT (233.7247346419551 90.57713145596132),0.0219297178044338,233.7247346419551,90.57713145596132,True,location,0
2025-09-03 15:47:53.726487,1142,0,POINT (233.703608852282 90.58238526276128),0.0217692782426007,233.703608852282,90.58238526276128,True,location,0
2025-09-03 15:47:54.726487,1143,0,POINT (233.68227574664428 90.58659591046217),0.0217446763648307,233.68227574664428,90.58659591046217,True,location,0
2025-09-03 15:47:55.726487,1144,0,POINT (233.6607186725413 90.58979343205117),0.0217929251866874,233.6607186725413,90.58979343205117,True,location,0
2025-09-03 15:47:56.726487,1145,0,POINT (233.63890252329423 90.59198031155236),0.0219254831172013,233.63890252329423,90.59198031155236,True,location,0
2025-09-03 15:47:57.726487,1146,0,POINT (233.6168097848016 90.5931799447216),0.0221252844918892,233.6168097848016,90.5931799447216,True,location,0
2025-09-03 15:47:58.726487,1147,0,POINT (233.594548785534 90.59336729098214),0.022261787596947,233.594548785534,90.59336729098214,True,location,0
2025-09-03 15:47:59.726487,1148,0,POINT (233.57206290258236 90.5925790915242),0.0224996931201825,233.57206290258236,90.5925790915242,True,location,0
2025-09-03 15:48:00.726487,1149,0,POINT (233.5493239675301 90.5908485315144),0.022804692614792,233.5493239675301,90.5908485315144,True,location,0
2025-09-03 15:48:01.726487,1150,0,POINT (233.52637830105928 90.58815889732142),0.0231027648103859,233.52637830105928,90.58815889732142,True,location,0
2025-09-03 15:48:02.726487,1151,0,POINT (233.50320655403036 90.58449616143272),0.0234594436115644,233.50320655403036,90.58449616143272,True,location,0
2025-09-03 15:48:03.726487,1152,0,POINT (233.47983092792012 90.57988105133852),0.0238268574769018,233.47983092792012,90.57988105133852,True,location,0
2025-09-03 15:48:04.726487,1153,0,POINT (233.45633749211112 90.57428448938876),0.024150839152515,233.45633749211112,90.57428448938876,True,location,0
2025-09-03 15:48:05.726487,1154,0,POINT (233.4327192423563 90.5677486724214),0.0245058895963995,233.4327192423563,90.5677486724214,True,location,0
2025-09-03 15:48:06.726487,1155,0,POINT (233.4089542520101 90.56025886871925),0.024917301733022,233.4089542520101,90.56025886871925,True,location,0
2025-09-03 15:48:07.726487,1156,0,POINT (233.38508222277787 90.551816691207),0.0253208242521963,233.38508222277787,90.551816691207,True,location,0
2025-09-03 15:48:08.726487,1157,0,POINT (233.3610673993418 90.54248336877146),0.0257647560118701,233.3610673993418,90.54248336877146,True,location,0
2025-09-03 15:48:09.726487,1158,0,POINT (233.3370140390185 90.5322066462686),0.0261567423094596,233.3370140390185,90.5322066462686,True,location,0
2025-09-03 15:48:10.726487,1159,0,POINT (233.31287778527096 90.52102397420616),0.0266009567388404,233.31287778527096,90.52102397420616,True,location,0
2025-09-03 15:48:11.726487,1160,0,POINT (233.28867704300296 90.50893180683276),0.0270535845704177,233.28867704300296,90.50893180683276,True,location,0
2025-09-03 15:48:12.726487,1161,0,POINT (233.2644248784831 90.49592822535104),0.0275183686880066,233.2644248784831,90.49592822535104,True,location,0
2025-09-03 15:48:13.726487,1162,0,POINT (233.2401718391916 90.48201582215216),0.0279600586130632,233.2401718391916,90.48201582215216,True,location,0
2025-09-03 15:48:14.726487,1163,0,POINT (233.21588414532764 90.46719590139644),0.0284521022849594,233.21588414532764,90.46719590139644,True,location,0
2025-09-03 15:48:15.726487,1164,0,POINT (233.19169813128053 90.45145235808984),0.0288586630205458,233.19169813128053,90.45145235808984,True,location,0
2025-09-03 15:48:16.726487,1165,0,POINT (233.16755932279577 90.43480871643555),0.0293205198211058,233.16755932279577,90.43480871643555,True,location,0
2025-09-03 15:48:17.726487,1166,0,POINT (233.14352304005465 90.417255561279),0.0297633355651128,233.14352304005465,90.417255561279,True,location,0
2025-09-03 15:48:18.726487,1167,0,POINT (233.1196378053013 90.39881101690236),0.030177900133779,233.1196378053013,90.39881101690236,True,location,0
2025-09-03 15:48:19.726487,1168,0,POINT (233.09593414495603 90.38054217478974),0.0299268124914744,233.09593414495603,90.38054217478974,True,location,0
2025-09-03 15:48:20.726487,1169,0,POINT (233.07241133753968 90.3624364146448),0.0296840195925915,233.07241133753968,90.3624364146448,True,location,0
2025-09-03 15:48:21.726487,1170,0,POINT (233.04907780905785 90.34448746097742),0.0294383846222194,233.04907780905785,90.34448746097742,True,location,0
2025-09-03 15:48:22.726487,1171,0,POINT (233.02591106462316 90.32669033974732),0.0292136196282149,233.02591106462316,90.32669033974732,True,location,0
2025-09-03 15:48:23.726487,1172,0,POINT (233.0029975591307 90.30904601533756),0.0289197323263583,233.0029975591307,90.30904601533756,True,location,0
2025-09-03 15:48:24.726487,1173,0,POINT (232.9802999579653 90.29155911981591),0.028652619664674,232.9802999579653,90.29155911981591,True,location,0
2025-09-03 15:48:25.726487,1174,0,POINT (232.9577573259284 90.2742173727953),0.0284412807180081,232.9577573259284,90.2742173727953,True,location,0
2025-09-03 15:48:26.726487,1175,0,POINT (232.9353761748304 90.25703762035364),0.028214532043351,232.9353761748304,90.25703762035364,True,location,0
2025-09-03 15:48:27.726487,1176,0,POINT (232.91319072112825 90.24001876495235),0.0279613267772164,232.91319072112825,90.24001876495235,True,location,0
2025-09-03 15:48:28.726487,1177,0,POINT (232.89110681840447 90.22315465881712),0.0277866305127186,232.89110681840447,90.22315465881712,True,location,0
2025-09-03 15:48:29.726487,1178,0,POINT (232.86910659720667 90.20644615527196),0.0276257818617635,232.86910659720667,90.20644615527196,True,location,0
2025-09-03 15:48:30.726487,1179,0,POINT (232.84712598766893 90.18988266919328),0.0275226500673274,232.84712598766893,90.18988266919328,True,location,0
2025-09-03 15:48:31.726487,1180,0,POINT (232.82527561059035 90.17346819649212),0.0273289936246029,232.82527561059035,90.17346819649212,True,location,0
2025-09-03 15:48:32.726487,1181,0,POINT (232.80355035212307 90.15719910970311),0.0271416661319404,232.80355035212307,90.15719910970311,True,location,0
2025-09-03 15:48:33.726487,1182,0,POINT (232.7818610811744 90.14106715117096),0.027030807615893,232.7818610811744,90.14106715117096,True,location,0
2025-09-03 15:48:34.726487,1183,0,POINT (232.7602624388728 90.1250662288412),0.0268799342387223,232.7602624388728,90.1250662288412,True,location,0
2025-09-03 15:48:35.726487,1184,0,POINT (232.73864876364215 90.10917333799694),0.0268278761060395,232.73864876364215,90.10917333799694,True,location,0
2025-09-03 15:48:36.726487,1185,0,POINT (232.71720751073985 90.09341255969858),0.0266107019560264,232.71720751073985,90.09341255969858,True,location,0
2025-09-03 15:48:37.726487,1186,0,POINT (232.69587039080795 90.07778478866774),0.0264480606922419,232.69587039080795,90.07778478866774,True,location,0
2025-09-03 15:48:38.726487,1187,0,POINT (232.67466833800637 90.06229977244908),0.0262547666204326,232.67466833800637,90.06229977244908,True,location,0
2025-09-03 15:48:39.726487,1188,0,POINT (232.653464108264 90.0469307302962),0.026188295394362,232.653464108264,90.0469307302962,True,location,0
2025-09-03 15:48:40.726487,1189,0,POINT (232.6323807346518 90.03169735017313),0.0260108537508087,232.6323807346518,90.03169735017313,True,location,0
2025-09-03 15:48:41.726487,1190,0,POINT (232.6113304106116 90.01659964987412),0.0259047620432278,232.6113304106116,90.01659964987412,True,location,0
2025-09-03 15:48:42.726487,1191,0,POINT (232.59025473095224 90.00162205535285),0.0258556108175301,232.59025473095224,90.00162205535285,True,location,0
2025-09-03 15:48:43.726487,1192,0,POINT (232.56929666939843 89.98677495803743),0.0256841710550664,232.56929666939843,89.98677495803743,True,location,0
2025-09-03 15:48:44.726487,1193,0,POINT (232.5482949542432 89.97203294427871),0.0256592869956393,232.5482949542432,89.97203294427871,True,location,0
2025-09-03 15:48:45.726487,1194,0,POINT (232.52724836814892 89.9573871897303),0.0256409226143543,232.52724836814892,89.9573871897303,True,location,0
2025-09-03 15:48:46.726487,1195,0,POINT (232.50616495601528 89.9428418704649),0.025613991874172,232.50616495601528,89.9428418704649,True,location,0
2025-09-03 15:48:47.726487,1196,0,POINT (232.4850546753528 89.92839739163489),0.0255790327870578,232.4850546753528,89.92839739163489,True,location,0
2025-09-03 15:48:48.726487,1197,0,POINT (232.4638280705439 89.91404007087553),0.0256261860427573,232.4638280705439,89.91404007087553,True,location,0
2025-09-03 15:48:49.726487,1198,0,POINT (232.44257306108585 89.8997667563862),0.0256027915191822,232.44257306108585,89.8997667563862,True,location,0
2025-09-03 15:48:50.726487,1199,0,POINT (232.42146016729157 89.88561316417122),0.0254180734312536,232.42146016729157,89.88561316417122,True,location,0
2025-09-03 15:48:51.726487,1200,0,POINT (232.4004307140544 89.87152742301417),0.0253109859033048,232.4004307140544,89.87152742301417,True,location,0
2025-09-03 15:48:52.726487,1201,0,POINT (232.37931736487516 89.85754720659179),0.0253223214729886,232.37931736487516,89.85754720659179,True,location,0
2025-09-03 15:48:53.726487,1202,0,POINT (232.3581935055077 89.84363392408105),0.0252942061507949,232.3581935055077,89.84363392408105,True,location,0
2025-09-03 15:48:54.726487,1203,0,POINT (232.33708233300183 89.82980001550206),0.0252400204267813,232.33708233300183,89.82980001550206,True,location,0
2025-09-03 15:48:55.726487,1204,0,POINT (232.31619592120396 89.81608566112374),0.0249865106368577,232.31619592120396,89.81608566112374,True,location,0
2025-09-03 15:48:56.726487,1205,0,POINT (232.2954072079371 89.80245641849284),0.0248581345636021,232.2954072079371,89.80245641849284,True,location,0
2025-09-03 15:48:57.726487,1206,0,POINT (232.2745675094745 89.78888850221003),0.0248672753688299,232.2745675094745,89.78888850221003,True,location,0
2025-09-03 15:48:58.726487,1207,0,POINT (232.2537387260757 89.77543849237891),0.024793970685028,232.2537387260757,89.77543849237891,True,location,0
2025-09-03 15:48:59.726487,1208,0,POINT (232.23288726154897 89.76206619440607),0.0247709896044852,232.23288726154897,89.76206619440607,True,location,0
2025-09-03 15:49:00.726487,1209,0,POINT (232.21203003618191 89.7487708059328),0.0247344133681618,232.21203003618191,89.7487708059328,True,location,0
2025-09-03 15:49:01.726487,1210,0,POINT (232.1911516316274 89.73554166126327),0.0247167563695013,232.1911516316274,89.73554166126327,True,location,0
2025-09-03 15:49:02.726487,1211,0,POINT (232.17028471604 89.72237689211546),0.0246726430048814,232.17028471604,89.72237689211546,True,location,0
2025-09-03 15:49:03.726487,1212,0,POINT (232.14943160773132 89.70928078825104),0.0246243794350443,232.14943160773132,89.70928078825104,True,location,0
2025-09-03 15:49:04.726487,1213,0,POINT (232.12855312995185 89.69624055612267),0.0246162240880156,232.12855312995185,89.69624055612267,True,location,0
2025-09-03 15:49:05.726487,1214,0,POINT (232.1074684987497 89.68429513354921),0.024233340532963,232.1074684987497,89.68429513354921,True,location,0
2025-09-03 15:49:06.726487,1215,0,POINT (232.0861164913163 89.67342060271051),0.023961712008954,232.0861164913163,89.67342060271051,True,location,0
2025-09-03 15:49:07.726487,1216,0,POINT (232.0644663159073 89.66362721882014),0.0237621645323497,232.0644663159073,89.66362721882014,True,location,0
2025-09-03 15:49:08.726487,1217,0,POINT (232.04249770091843 89.65487073013577),0.023649442670184,232.04249770091843,89.65487073013577,True,location,0
2025-09-03 15:49:09.726487,1218,0,POINT (232.02029147336023 89.64715154551968),0.0235096225725264,232.02029147336023,89.64715154551968,True,location,0
2025-09-03 15:49:10.726487,1219,0,POINT (231.9978619803904 89.64048976947194),0.0233978933879671,231.9978619803904,89.64048976947194,True,location,0
2025-09-03 15:49:11.726487,1220,0,POINT (231.97519908517597 89.63486089881151),0.0233514668578602,231.97519908517597,89.63486089881151,True,location,0
2025-09-03 15:49:12.726487,1221,0,POINT (231.9522655634794 89.63022669332011),0.0233970570359396,231.9522655634794,89.63022669332011,True,location,0
2025-09-03 15:49:13.726487,1222,0,POINT (231.9291119644322 89.62661721753426),0.0234332555204507,231.9291119644322,89.62661721753426,True,location,0
2025-09-03 15:49:14.726487,1223,0,POINT (231.90563818762283 89.62398652162916),0.0236207273097404,231.90563818762283,89.62398652162916,True,location,0
2025-09-03 15:49:15.726487,1224,0,POINT (231.88196948639776 89.62238581987259),0.023722766782034,231.88196948639776,89.62238581987259,True,location,0
2025-09-03 15:49:16.726487,1225,0,POINT (231.85803348330757 89.62175614703783),0.0239442839068998,231.85803348330757,89.62175614703783,True,location,0
2025-09-03 15:49:17.726487,1226,0,POINT (231.83384961982296 89.62209088426359),0.0241861799805128,231.83384961982296,89.62209088426359,True,location,0
2025-09-03 15:49:18.726487,1227,0,POINT (231.80951405274385 89.62340417631987),0.0243709778443445,231.80951405274385,89.62340417631987,True,location,0
2025-09-03 15:49:19.726487,1228,0,POINT (231.78491925365407 89.62568412312484),0.024700248980448,231.78491925365407,89.62568412312484,True,location,0
2025-09-03 15:49:20.726487,1229,0,POINT (231.7601484009321 89.6289243933469),0.0249818833494655,231.7601484009321,89.6289243933469,True,location,0
2025-09-03 15:49:21.726487,1230,0,POINT (231.7352277473232 89.63317020344206),0.0252797523655025,231.7352277473232,89.63317020344206,True,location,0
2025-09-03 15:49:22.726487,1231,0,POINT (231.71007048672627 89.63834459486036),0.0256838876981546,231.71007048672627,89.63834459486036,True,location,0
2025-09-03 15:49:23.726487,1232,0,POINT (231.6848457684676 89.6444737558641),0.0259586792005608,231.6848457684676,89.6444737558641,True,location,0
2025-09-03 15:49:24.726487,1233,0,POINT (231.65955541925797 89.65156680361449),0.0262661967086408,231.65955541925797,89.65156680361449,True,location,0
2025-09-03 15:49:25.726487,1234,0,POINT (231.634166746886 89.65958423441771),0.026624497769807,231.634166746886,89.65958423441771,True,location,0
2025-09-03 15:49:26.726487,1235,0,POINT (231.60868894006455 89.66854621257785),0.0270080671831986,231.60868894006455,89.66854621257785,True,location,0
2025-09-03 15:49:27.726487,1236,0,POINT (231.5830430052719 89.67840757673095),0.0274765440758291,231.5830430052719,89.67840757673095,True,location,0
2025-09-03 15:49:28.726487,1237,0,POINT (231.55728565342747 89.68918031853286),0.0279194043626995,231.55728565342747,89.68918031853286,True,location,0
2025-09-03 15:49:29.726487,1238,0,POINT (231.53142819340715 89.70086851622808),0.0283764374801519,231.53142819340715,89.70086851622808,True,location,0
2025-09-03 15:49:30.726487,1239,0,POINT (231.50553042349927 89.71349076932657),0.0288099940902639,231.50553042349927,89.71349076932657,True,location,0
2025-09-03 15:49:31.726487,1240,0,POINT (231.47959563788 89.72702461156372),0.0292536833718647,231.47959563788,89.72702461156372,True,location,0
2025-09-03 15:49:32.726487,1241,0,POINT (231.45365873384887 89.7414916610487),0.0296987964658494,231.45365873384887,89.7414916610487,True,location,0
2025-09-03 15:49:33.726487,1242,0,POINT (231.4278266462288 89.75689739307141),0.030077123033434,231.4278266462288,89.75689739307141,True,location,0
2025-09-03 15:49:34.726487,1243,0,POINT (231.40206929774357 89.77322552091032),0.0304967008004651,231.40206929774357,89.77322552091032,True,location,0
2025-09-03 15:49:35.726487,1244,0,POINT (231.37647981222923 89.78942033556413),0.0302835564384061,231.37647981222923,89.78942033556413,True,location,0
2025-09-03 15:49:36.726487,1245,0,POINT (231.35105650885345 89.80549733748586),0.030080132069668,231.35105650885345,89.80549733748586,True,location,0
2025-09-03 15:49:37.726487,1246,0,POINT (231.32574667206296 89.82141749503377),0.0299004892052157,231.32574667206296,89.82141749503377,True,location,0
2025-09-03 15:49:38.726487,1247,0,POINT (231.30048184078248 89.83717640347476),0.0297767509121219,231.30048184078248,89.83717640347476,True,location,0
2025-09-03 15:49:39.726487,1248,0,POINT (231.27538996446745 89.85281323822555),0.0295653996765452,231.27538996446745,89.85281323822555,True,location,0
2025-09-03 15:49:40.726487,1249,0,POINT (231.25051395551068 89.86832644229354),0.0293168095479488,231.25051395551068,89.86832644229354,True,location,0
2025-09-03 15:49:41.726487,1250,0,POINT (231.2258040710616 89.88372877954765),0.0291171836271256,231.2258040710616,89.88372877954765,True,location,0
2025-09-03 15:49:42.726487,1251,0,POINT (231.20125250411783 89.89900417387194),0.0289156897057005,231.20125250411783,89.89900417387194,True,location,0
2025-09-03 15:49:43.726487,1252,0,POINT (231.1768411816325 89.91414784313432),0.0287270496955471,231.1768411816325,89.91414784313432,True,location,0
2025-09-03 15:49:44.726487,1253,0,POINT (231.15250347752684 89.92916922730817),0.0286001018116227,231.15250347752684,89.92916922730817,True,location,0
2025-09-03 15:49:45.726487,1254,0,POINT (231.12818050488048 89.94406753124929),0.0285230864157028,231.12818050488048,89.94406753124929,True,location,0
2025-09-03 15:49:46.726487,1255,0,POINT (231.10394943555 89.95887401483996),0.0283967723028204,231.10394943555,89.95887401483996,True,location,0
2025-09-03 15:49:47.726487,1256,0,POINT (231.07980531918216 89.97356240032856),0.0282610513506704,231.07980531918216,89.97356240032856,True,location,0
2025-09-03 15:49:48.726487,1257,0,POINT (231.05576560901895 89.98814031804842),0.0281144686910161,231.05576560901895,89.98814031804842,True,location,0
2025-09-03 15:49:49.726487,1258,0,POINT (231.03172151401128 90.00260641392913),0.0280604068888692,231.03172151401128,90.00260641392913,True,location,0
2025-09-03 15:49:50.726487,1259,0,POINT (231.00782166134405 90.01696536097434),0.0278815766728197,231.00782166134405,90.01696536097434,True,location,0
2025-09-03 15:49:51.726487,1260,0,POINT (230.98383307556065 90.03120016591606),0.0278941198035787,230.98383307556065,90.03120016591606,True,location,0
2025-09-03 15:49:52.726487,1261,0,POINT (230.95993296722585 90.04534188521646),0.0277705492057281,230.95993296722585,90.04534188521646,True,location,0
2025-09-03 15:49:53.726487,1262,0,POINT (230.9360556599621 90.05938066003814),0.0276986100853445,230.9360556599621,90.05938066003814,True,location,0
2025-09-03 15:49:54.726487,1263,0,POINT (230.9122184020163 90.07330576809449),0.0276065843732192,230.9122184020163,90.07330576809449,True,location,0
2025-09-03 15:49:55.726487,1264,0,POINT (230.8883586753898 90.0871392753964),0.0275799289151173,230.8883586753898,90.0871392753964,True,location,0
2025-09-03 15:49:56.726487,1265,0,POINT (230.86459107956867 90.10088542559237),0.0274564246821562,230.86459107956867,90.10088542559237,True,location,0
2025-09-03 15:49:57.726487,1266,0,POINT (230.84087289189085 90.11453753307867),0.0273666305112543,230.84087289189085,90.11453753307867,True,location,0
2025-09-03 15:49:58.726487,1267,0,POINT (230.81725613485423 90.1280950211462),0.0272315386202358,230.81725613485423,90.1280950211462,True,location,0
2025-09-03 15:49:59.726487,1268,0,POINT (230.7936450735181 90.1415545108178),0.027177933689699,230.7936450735181,90.1415545108178,True,location,0
2025-09-03 15:50:00.726487,1269,0,POINT (230.77006847925105 90.15595110616296),0.0276245860559862,230.77006847925105,90.15595110616296,True,location,0
2025-09-03 15:50:01.726487,1270,0,POINT (230.7465844937543 90.17129133412443),0.0280503149486798,230.7465844937543,90.17129133412443,True,location,0
2025-09-03 15:50:02.726487,1271,0,POINT (230.72323884264904 90.1875627241928),0.0284565908057384,230.72323884264904,90.1875627241928,True,location,0
2025-09-03 15:50:03.726487,1272,0,POINT (230.6999259679076 90.2037262516612),0.0283681114798571,230.6999259679076,90.2037262516612,True,location,0
2025-09-03 15:50:04.726487,1273,0,POINT (230.6767700444226 90.2197699057183),0.0281708293797965,230.6767700444226,90.2197699057183,True,location,0
2025-09-03 15:50:05.726487,1274,0,POINT (230.65387355267316 90.23569175892472),0.0278882545879101,230.65387355267316,90.23569175892472,True,location,0
2025-09-03 15:50:06.726487,1275,0,POINT (230.6310230746533 90.25151461150104),0.0277940103149342,230.6310230746533,90.25151461150104,True,location,0
2025-09-03 15:50:07.726487,1276,0,POINT (230.60824571773517 90.26722661950328),0.0276708363379228,230.60824571773517,90.26722661950328,True,location,0
2025-09-03 15:50:08.726487,1277,0,POINT (230.58549601200087 90.28283157668744),0.0275873847929648,230.58549601200087,90.28283157668744,True,location,0
2025-09-03 15:50:09.726487,1278,0,POINT (230.56284250143065 90.29833313802904),0.0274495891623607,230.56284250143065,90.29833313802904,True,location,0
2025-09-03 15:50:10.726487,1279,0,POINT (230.5402342896568 90.31373578541134),0.0273564030163775,230.5402342896568,90.31373578541134,True,location,0
2025-09-03 15:50:11.726487,1280,0,POINT (230.51766323461888 90.32904875837066),0.0272752574026009,230.51766323461888,90.32904875837066,True,location,0
2025-09-03 15:50:12.726487,1281,0,POINT (230.49514179233623 90.34426115339092),0.0271777910202778,230.49514179233623,90.34426115339092,True,location,0
2025-09-03 15:50:13.726487,1282,0,POINT (230.47259682805785 90.35939912271093),0.0271557273783925,230.47259682805785,90.35939912271093,True,location,0
2025-09-03 15:50:14.726487,1283,0,POINT (230.4501403950383 90.37441278351449),0.0270129856677208,230.4501403950383,90.37441278351449,True,location,0
2025-09-03 15:50:15.726487,1284,0,POINT (230.4276678770945 90.38934066866403),0.0269788031196948,230.4276678770945,90.38934066866403,True,location,0
2025-09-03 15:50:16.726487,1285,0,POINT (230.4050053473937 90.4031431336468),0.0265348505185359,230.4050053473937,90.4031431336468,True,location,0
2025-09-03 15:50:17.726487,1286,0,POINT (230.382127623079 90.41584158403136),0.0261656437335177,230.382127623079,90.41584158403136,True,location,0
2025-09-03 15:50:18.726487,1287,0,POINT (230.35904711271505 90.42744047500292),0.0258310710275681,230.35904711271505,90.42744047500292,True,location,0
2025-09-03 15:50:19.726487,1288,0,POINT (230.33584198378367 90.4379592123522),0.0254778696939383,230.33584198378367,90.4379592123522,True,location,0
2025-09-03 15:50:20.726487,1289,0,POINT (230.3123918402398 90.44743011791353),0.0252904583663892,230.3123918402398,90.44743011791353,True,location,0
2025-09-03 15:50:21.726487,1290,0,POINT (230.2887332987464 90.4558508071004),0.025112438989044,230.2887332987464,90.4558508071004,True,location,0
2025-09-03 15:50:22.726487,1291,0,POINT (230.26476636970185 90.46323101831062),0.0250775039693751,230.26476636970185,90.46323101831062,True,location,0
2025-09-03 15:50:23.726487,1292,0,POINT (230.24053584632304 90.46956732946514),0.0250453010015096,230.24053584632304,90.46956732946514,True,location,0
2025-09-03 15:50:24.726487,1293,0,POINT (230.21599441332012 90.47489615913013),0.0251133104037292,230.21599441332012,90.47489615913013,True,location,0
2025-09-03 15:50:25.726487,1294,0,POINT (230.1911796372935 90.4792199837242),0.0251886595191866,230.1911796372935,90.4792199837242,True,location,0
2025-09-03 15:50:26.726487,1295,0,POINT (230.16616905830747 90.48251908564984),0.0252272300249415,230.16616905830747,90.48251908564984,True,location,0
2025-09-03 15:50:27.726487,1296,0,POINT (230.14090414225356 90.48480970042458),0.0253685415280232,230.14090414225356,90.48480970042458,True,location,0
2025-09-03 15:50:28.726487,1297,0,POINT (230.1155909138137 90.48605925849022),0.0253440511640987,230.1155909138137,90.48605925849022,True,location,0
2025-09-03 15:50:29.726487,1298,0,POINT (230.09009105287092 90.48628833079194),0.025500889831872,230.09009105287092,90.48628833079194,True,location,0
2025-09-03 15:50:30.726487,1299,0,POINT (230.06432997908348 90.4855485350782),0.0257716941697907,230.06432997908348,90.4855485350782,True,location,0
2025-09-03 15:50:31.726487,1300,0,POINT (230.0384544085844 90.48380931311968),0.025933955380413,230.0384544085844,90.48380931311968,True,location,0
2025-09-03 15:50:32.726487,1301,0,POINT (230.01248253998855 90.48107986496191),0.0261148970054452,230.01248253998855,90.48107986496191,True,location,0
2025-09-03 15:50:33.726487,1302,0,POINT (229.98633214379572 90.47736503799946),0.0264129354749368,229.98633214379572,90.47736503799946,True,location,0
2025-09-03 15:50:34.726487,1303,0,POINT (229.96008572495452 90.47268830838388),0.0266598256161737,229.96008572495452,90.47268830838388,True,location,0
2025-09-03 15:50:35.726487,1304,0,POINT (229.9337520231334 90.46703422279109),0.0269338548205849,229.9337520231334,90.46703422279109,True,location,0
2025-09-03 15:50:36.726487,1305,0,POINT (229.90723507845627 90.46045417697452),0.0273211522077284,229.90723507845627,90.46045417697452,True,location,0
2025-09-03 15:50:37.726487,1306,0,POINT (229.88052229014195 90.45292473554976),0.0277536582759065,229.88052229014195,90.45292473554976,True,location,0
2025-09-03 15:50:38.726487,1307,0,POINT (229.8537637595936 90.44442628641792),0.0280756584028644,229.8537637595936,90.44442628641792,True,location,0
2025-09-03 15:50:39.726487,1308,0,POINT (229.82693225386248 90.43495261570472),0.0284548789591305,229.82693225386248,90.43495261570472,True,location,0
2025-09-03 15:50:40.726487,1309,0,POINT (229.79994750239152 90.42454851078485),0.0289209649066882,229.79994750239152,90.42454851078485,True,location,0
2025-09-03 15:50:41.726487,1310,0,POINT (229.7728572520488 90.41322608490728),0.0293611817096045,229.7728572520488,90.41322608490728,True,location,0
2025-09-03 15:50:42.726487,1311,0,POINT (229.74578837204 90.40097315652416),0.0297129352116716,229.74578837204,90.40097315652416,True,location,0
2025-09-03 15:50:43.726487,1312,0,POINT (229.7187231682113 90.3877994145608),0.0301010421016374,229.7187231682113,90.3877994145608,True,location,0
2025-09-03 15:50:44.726487,1313,0,POINT (229.69174531726435 90.37368463057656),0.0304471931159233,229.69174531726435,90.37368463057656,True,location,0
2025-09-03 15:50:45.726487,1314,0,POINT (229.6648214319179 90.358645201142),0.0308395855981685,229.6648214319179,90.358645201142,True,location,0
2025-09-03 15:50:46.726487,1315,0,POINT (229.6379985616693 90.3436979585838),0.0307064558109188,229.6379985616693,90.3436979585838,True,location,0
2025-09-03 15:50:47.726487,1316,0,POINT (229.6113967653599 90.32887408497248),0.0304532887506379,229.6113967653599,90.32887408497248,True,location,0
2025-09-03 15:50:48.726487,1317,0,POINT (229.5849313397019 90.31415178380009),0.030284730592642,229.5849313397019,90.31415178380009,True,location,0
2025-09-03 15:50:49.726487,1318,0,POINT (229.5585950128806 90.29952645310394),0.0301247806367194,229.5585950128806,90.29952645310394,True,location,0
2025-09-03 15:50:50.726487,1319,0,POINT (229.5324028803906 90.2850194297971),0.0299413014012169,229.5324028803906,90.2850194297971,True,location,0
2025-09-03 15:50:51.726487,1320,0,POINT (229.50616442687613 90.27063908365798),0.0299207419345002,229.50616442687613,90.27063908365798,True,location,0
2025-09-03 15:50:52.726487,1321,0,POINT (229.48002469583557 90.25636312080016),0.0297840335480952,229.48002469583557,90.25636312080016,True,location,0
2025-09-03 15:50:53.726487,1322,0,POINT (229.4539025600868 90.24219139204074),0.0297187461395136,229.4539025600868,90.24219139204074,True,location,0
2025-09-03 15:50:54.726487,1323,0,POINT (229.42800106444923 90.22812716415176),0.0294735471631177,229.42800106444923,90.22812716415176,True,location,0
2025-09-03 15:50:55.726487,1324,0,POINT (229.4022453598197 90.21416436486324),0.0292970320158442,229.4022453598197,90.21416436486324,True,location,0
2025-09-03 15:50:56.726487,1325,0,POINT (229.37665114420875 90.20029812652302),0.0291090439287462,229.37665114420875,90.20029812652302,True,location,0
2025-09-03 15:50:57.726487,1326,0,POINT (229.3511465626244 90.18654086744364),0.0289783688148414,229.3511465626244,90.18654086744364,True,location,0
2025-09-03 15:50:58.726487,1327,0,POINT (229.3257475684374 90.1729077078698),0.0288265840098658,229.3257475684374,90.1729077078698,True,location,0
2025-09-03 15:50:59.726487,1328,0,POINT (229.30033698248124 90.1593545007912),0.0287990850679524,229.30033698248124,90.1593545007912,True,location,0
2025-09-03 15:51:00.726487,1329,0,POINT (229.27497863018664 90.14592762153976),0.0286936773092885,229.27497863018664,90.14592762153976,True,location,0
2025-09-03 15:51:01.726487,1330,0,POINT (229.24973134502105 90.132616590265),0.028541355290716,229.24973134502105,90.132616590265,True,location,0
2025-09-03 15:51:02.726487,1331,0,POINT (229.2246656337588 90.1194052633977),0.0283342379229899,229.2246656337588,90.1194052633977,True,location,0
2025-09-03 15:51:03.726487,1332,0,POINT (229.1997393956572 90.10628429063676),0.0281687286204548,229.1997393956572,90.10628429063676,True,location,0
2025-09-03 15:51:04.726487,1333,0,POINT (229.17501703177945 90.09326349281363),0.027941661576477,229.17501703177945,90.09326349281363,True,location,0
2025-09-03 15:51:05.726487,1334,0,POINT (229.1504001803621 90.08032928226876),0.0278079696511833,229.1504001803621,90.08032928226876,True,location,0
2025-09-03 15:51:06.726487,1335,0,POINT (229.12590569503269 90.0674685300846),0.0276654795421246,229.12590569503269,90.0674685300846,True,location,0
2025-09-03 15:51:07.726487,1336,0,POINT (229.1014274223165 90.05470133977597),0.0276077341254998,229.1014274223165,90.05470133977597,True,location,0
2025-09-03 15:51:08.726487,1337,0,POINT (229.07696903652888 90.04199913164034),0.0275600930124938,229.07696903652888,90.04199913164034,True,location,0
2025-09-03 15:51:09.726487,1338,0,POINT (229.0525372532763 90.02937492939107),0.0275005911814797,229.0525372532763,90.02937492939107,True,location,0
2025-09-03 15:51:10.726487,1339,0,POINT (229.02809147803185 90.0168233278937),0.0274797857970405,229.02809147803185,90.0168233278937,True,location,0
2025-09-03 15:51:11.726487,1340,0,POINT (229.00367388421705 90.00434862674146),0.0274196472723937,229.00367388421705,90.00434862674146,True,location,0
2025-09-03 15:51:12.726487,1341,0,POINT (228.97916775869 89.99194920391285),0.02746444746995,228.97916775869,89.99194920391285,True,location,0
2025-09-03 15:51:13.726487,1342,0,POINT (228.9547103729069 89.9796059903564),0.027395595270844,228.9547103729069,89.9796059903564,True,location,0
2025-09-03 15:51:14.726487,1343,0,POINT (228.9303233586557 89.9673483699887),0.0272942433704839,228.9303233586557,89.9673483699887,True,location,0
2025-09-03 15:51:15.726487,1344,0,POINT (228.9058982991725 89.95514843654816),0.0273024157669579,228.9058982991725,89.95514843654816,True,location,0
2025-09-03 15:51:16.726487,1345,0,POINT (228.88140508397044 89.94300613072839),0.0273377610925796,228.88140508397044,89.94300613072839,True,location,0
2025-09-03 15:51:17.726487,1346,0,POINT (228.8568905174655 89.93092652805305),0.0273291194830523,228.8568905174655,89.93092652805305,True,location,0
2025-09-03 15:51:18.726487,1347,0,POINT (228.8324697477716 89.91891566232302),0.0272146079896001,228.8324697477716,89.91891566232302,True,location,0
2025-09-03 15:51:19.726487,1348,0,POINT (228.8080208422897 89.90698245744451),0.0272057045109438,228.8080208422897,89.90698245744451,True,location,0
2025-09-03 15:51:20.726487,1349,0,POINT (228.78350393876872 89.89615295757581),0.026802175763578,228.78350393876872,89.89615295757581,True,location,0
2025-09-03 15:51:21.726487,1350,0,POINT (228.75896841827733 89.88646174040436),0.0263801337382379,228.75896841827733,89.88646174040436,True,location,0
2025-09-03 15:51:22.726487,1351,0,POINT (228.73429111883783 89.87784290253234),0.0261391176953446,228.73429111883783,89.87784290253234,True,location,0
2025-09-03 15:51:23.726487,1352,0,POINT (228.7093987614444 89.87028162035003),0.0260154270547932,228.7093987614444,89.87028162035003,True,location,0
2025-09-03 15:51:24.726487,1353,0,POINT (228.68421382780963 89.86376811636538),0.0260135852266734,228.68421382780963,89.86376811636538,True,location,0
2025-09-03 15:51:25.726487,1354,0,POINT (228.65881883425516 89.85830648538952),0.0259756638134529,228.65881883425516,89.85830648538952,True,location,0
2025-09-03 15:51:26.726487,1355,0,POINT (228.63333636599324 89.85389009814484),0.0258623406715803,228.63333636599324,89.85389009814484,True,location,0
2025-09-03 15:51:27.726487,1356,0,POINT (228.60767907966277 89.85052702294189),0.0258767582333253,228.60767907966277,89.85052702294189,True,location,0
2025-09-03 15:51:28.726487,1357,0,POINT (228.5819611327414 89.84818812924364),0.025824082124641,228.5819611327414,89.84818812924364,True,location,0
2025-09-03 15:51:29.726487,1358,0,POINT (228.5560690591712 89.84688505068539),0.0259248430563442,228.5560690591712,89.84688505068539,True,location,0
2025-09-03 15:51:30.726487,1359,0,POINT (228.5300631535968 89.84660448486748),0.0260074189784991,228.5300631535968,89.84660448486748,True,location,0
2025-09-03 15:51:31.726487,1360,0,POINT (228.50382601699397 89.84731851560255),0.0262468508016764,228.50382601699397,89.84731851560255,True,location,0
2025-09-03 15:51:32.726487,1361,0,POINT (228.4774370781548 89.84904369576812),0.0264452706482639,228.4774370781548,89.84904369576812,True,location,0
2025-09-03 15:51:33.726487,1362,0,POINT (228.4508649118536 89.8517715268029),0.0267118154398926,228.4508649118536,89.8517715268029,True,location,0
2025-09-03 15:51:34.726487,1363,0,POINT (228.42418598569785 89.85550762472532),0.026939256272357,228.42418598569785,89.85550762472532,True,location,0
2025-09-03 15:51:35.726487,1364,0,POINT (228.3974295934381 89.86023311819167),0.0271704769052733,228.3974295934381,89.86023311819167,True,location,0
2025-09-03 15:51:36.726487,1365,0,POINT (228.37069351111836 89.86489273073927),0.0271390878052502,228.37069351111836,89.86489273073927,True,location,0
2025-09-03 15:51:37.726487,1366,0,POINT (228.3440107752876 89.86950632695049),0.0270786569351868,228.3440107752876,89.86950632695049,True,location,0
2025-09-03 15:51:38.726487,1367,0,POINT (228.31738932315957 89.87405958183487),0.0270080329429546,228.31738932315957,89.87405958183487,True,location,0
2025-09-03 15:51:39.726487,1368,0,POINT (228.29088515534812 89.87856021458185),0.0268835750319381,228.29088515534812,89.87856021458185,True,location,0
2025-09-03 15:51:40.726487,1369,0,POINT (228.264443620385 89.88298075405633),0.0268085050021896,228.264443620385,89.88298075405633,True,location,0
2025-09-03 15:51:41.726487,1370,0,POINT (228.23796314929612 89.88733952559221),0.0268368075297697,228.23796314929612,89.88733952559221,True,location,0
2025-09-03 15:51:42.726487,1371,0,POINT (228.2115999945576 89.89166559674467),0.0267157410412663,228.2115999945576,89.89166559674467,True,location,0
2025-09-03 15:51:43.726487,1372,0,POINT (228.18524372944904 89.89593202181908),0.0266993463101439,228.18524372944904,89.89593202181908,True,location,0
2025-09-03 15:51:44.726487,1373,0,POINT (228.15895109085392 89.90015814839828),0.0266301143474293,228.15895109085392,89.90015814839828,True,location,0
2025-09-03 15:51:45.726487,1374,0,POINT (228.13256430590255 89.90431691869156),0.0267125025113837,228.13256430590255,89.90431691869156,True,location,0
2025-09-03 15:51:46.726487,1375,0,POINT (228.10617782622955 89.90842733215293),0.0267047150959926,228.10617782622955,89.90842733215293,True,location,0
2025-09-03 15:51:47.726487,1376,0,POINT (228.079779008068 89.91249261605563),0.0267100006278001,228.079779008068,89.91249261605563,True,location,0
2025-09-03 15:51:48.726487,1377,0,POINT (228.0533619764078 89.91651812345252),0.0267219810556219,228.0533619764078,89.91651812345252,True,location,0
2025-09-03 15:51:49.726487,1378,0,POINT (228.0270058165534 89.92053221804359),0.0266600847271127,228.0270058165534,89.92053221804359,True,location,0
2025-09-03 15:51:50.726487,1379,0,POINT (228.00060309745936 89.92449095184203),0.0266978491426985,228.00060309745936,89.92449095184203,True,location,0
2025-09-03 15:51:51.726487,1380,0,POINT (227.9741388566172 89.92840017730529),0.0267514128052037,227.9741388566172,89.92840017730529,True,location,0
2025-09-03 15:51:52.726487,1381,0,POINT (227.9477152273689 89.93226116626609),0.02670422098485,227.9477152273689,89.93226116626609,True,location,0
2025-09-03 15:51:53.726487,1382,0,POINT (227.92130976899665 89.93610502614382),0.0266837682985211,227.92130976899665,89.93610502614382,True,location,0
2025-09-03 15:51:54.726487,1383,0,POINT (227.89495043277304 89.93989424412946),0.0266302981412214,227.89495043277304,89.93989424412946,True,location,0
2025-09-03 15:51:55.726487,1384,0,POINT (227.868571127278 89.94364643059374),0.0266448242941421,227.868571127278,89.94364643059374,True,location,0
2025-09-03 15:51:56.726487,1385,0,POINT (227.8422154940255 89.94739178501764),0.0266204260653031,227.8422154940255,89.94739178501764,True,location,0
2025-09-03 15:51:57.726487,1386,0,POINT (227.81573119856336 89.95108637336935),0.0267407533404586,227.81573119856336,89.95108637336935,True,location,0
2025-09-03 15:51:58.726487,1387,0,POINT (227.7892570828849 89.9547058366033),0.026720391371765,227.7892570828849,89.9547058366033,True,location,0
2025-09-03 15:51:59.726487,1388,0,POINT (227.76274439990223 89.9582851873791),0.0267532074883006,227.76274439990223,89.9582851873791,True,location,0
2025-09-03 15:52:00.726487,1389,0,POINT (227.73626577132305 89.96182285297502),0.0267139074136659,227.73626577132305,89.96182285297502,True,location,0
2025-09-03 15:52:01.726487,1390,0,POINT (227.709806361233 89.96533503294432),0.0266914928478767,227.709806361233,89.96533503294432,True,location,0
2025-09-03 15:52:02.726487,1391,0,POINT (227.6833245999643 89.9688179779729),0.0267098219006639,227.6833245999643,89.9688179779729,True,location,0
2025-09-03 15:52:03.726487,1392,0,POINT (227.6568371284522 89.97226801279626),0.0267112127651779,227.6568371284522,89.97226801279626,True,location,0
2025-09-03 15:52:04.726487,1393,0,POINT (227.6305013373777 89.97569968154285),0.0265584307124138,227.6305013373777,89.97569968154285,True,location,0
2025-09-03 15:52:05.726487,1394,0,POINT (227.6042541428306 89.97909594633754),0.0264660128494784,227.6042541428306,89.97909594633754,True,location,0
2025-09-03 15:52:06.726487,1395,0,POINT (227.5780637423928 89.98246586769532),0.0264063144920184,227.5780637423928,89.98246586769532,True,location,0
2025-09-03 15:52:07.726487,1396,0,POINT (227.55183706519148 89.98580507357356),0.0264383980777596,227.55183706519148,89.98580507357356,True,location,0
2025-09-03 15:52:08.726487,1397,0,POINT (227.52566545839412 89.98912364393742),0.0263811658501693,227.52566545839412,89.98912364393742,True,location,0
2025-09-03 15:52:09.726487,1398,0,POINT (227.49936754921904 89.99241212508402),0.0265027193931735,227.49936754921904,89.99241212508402,True,location,0
2025-09-03 15:52:10.726487,1399,0,POINT (227.47298972142997 89.99567278596008),0.0265785949256235,227.47298972142997,89.99567278596008,True,location,0
2025-09-03 15:52:11.726487,1400,0,POINT (227.44665044652692 89.99887272093254),0.0265329415301711,227.44665044652692,89.99887272093254,True,location,0
2025-09-03 15:52:12.726487,1401,0,POINT (227.42032366978805 90.00206604753838),0.0265197380882871,227.42032366978805,90.00206604753838,True,location,0
2025-09-03 15:52:13.726487,1402,0,POINT (227.39404989531087 90.00522651454504),0.0264631777566055,227.39404989531087,90.00522651454504,True,location,0
2025-09-03 15:52:14.726487,1403,0,POINT (227.36772540234884 90.0083649300033),0.0265109143806227,227.36772540234884,90.0083649300033,True,location,0
2025-09-03 15:52:15.726487,1404,0,POINT (227.34149854494925 90.01149572197987),0.0264130631971973,227.34149854494925,90.01149572197987,True,location,0
2025-09-03 15:52:16.726487,1405,0,POINT (227.31529151512453 90.01459148224262),0.0263892429568963,227.31529151512453,90.01459148224262,True,location,0
2025-09-03 15:52:17.726487,1406,0,POINT (227.2891567078317 90.01766917158301),0.026315400888282,227.2891567078317,90.01766917158301,True,location,0
2025-09-03 15:52:18.726487,1407,0,POINT (227.2630069089677 90.02072843255185),0.0263281419454829,227.2630069089677,90.02072843255185,True,location,0
2025-09-03 15:52:19.726487,1408,0,POINT (227.23678587186305 90.02376465413147),0.026396238904887,227.23678587186305,90.02376465413147,True,location,0
2025-09-03 15:52:20.726487,1409,0,POINT (227.2105787934245 90.02677346282327),0.0263792321728278,227.2105787934245,90.02677346282327,True,location,0
2025-09-03 15:52:21.726487,1410,0,POINT (227.1843409259553 90.0297506678737),0.0264062386424856,227.1843409259553,90.0297506678737,True,location,0
2025-09-03 15:52:22.726487,1411,0,POINT (227.1580020911648 90.03270824763852),0.0265043674926928,227.1580020911648,90.03270824763852,True,location,0
2025-09-03 15:52:23.726487,1412,0,POINT (227.13156730585723 90.0356386843248),0.0265967165911162,227.13156730585723,90.0356386843248,True,location,0
2025-09-03 15:52:24.726487,1413,0,POINT (227.10505374764423 90.03853215641192),0.0266709757945119,227.10505374764423,90.03853215641192,True,location,0
2025-09-03 15:52:25.726487,1414,0,POINT (227.07852801685223 90.04141737372319),0.0266821826877893,227.07852801685223,90.04141737372319,True,location,0
2025-09-03 15:52:26.726487,1415,0,POINT (227.0519057079609 90.04428165800137),0.0267759491919711,227.0519057079609,90.04428165800137,True,location,0
2025-09-03 15:52:27.726487,1416,0,POINT (227.02543318870264 90.0471389518777),0.026626272817944,227.02543318870264,90.0471389518777,True,location,0
2025-09-03 15:52:28.726487,1417,0,POINT (226.9989449729597 90.04997665626838),0.0266397848987592,226.9989449729597,90.04997665626838,True,location,0
2025-09-03 15:52:29.726487,1418,0,POINT (226.97248170505145 90.05279049840755),0.0266124455090183,226.97248170505145,90.05279049840755,True,location,0
2025-09-03 15:52:30.726487,1419,0,POINT (226.94602193142072 90.05558146096448),0.0266065610814766,226.94602193142072,90.05558146096448,True,location,0
2025-09-03 15:52:31.726487,1420,0,POINT (226.9194741775968 90.05835753816933),0.0266925052728665,226.9194741775968,90.05835753816933,True,location,0
2025-09-03 15:52:32.726487,1421,0,POINT (226.8929217152291 90.06111637553352),0.0266954011281033,226.8929217152291,90.06111637553352,True,location,0
2025-09-03 15:52:33.726487,1422,0,POINT (226.86636900665795 90.06386148766319),0.026694231082191,226.86636900665795,90.06386148766319,True,location,0
2025-09-03 15:52:34.726487,1423,0,POINT (226.83976865172835 90.06657677275552),0.0267385799083139,226.83976865172835,90.06657677275552,True,location,0
2025-09-03 15:52:35.726487,1424,0,POINT (226.81310919690677 90.06930616010489),0.0267988075609424,226.81310919690677,90.06930616010489,True,location,0
2025-09-03 15:52:36.726487,1425,0,POINT (226.7864763722652 90.07200917049003),0.0267696397721356,226.7864763722652,90.07200917049003,True,location,0
2025-09-03 15:52:37.726487,1426,0,POINT (226.75981192998003 90.07471126803456),0.0268010039647456,226.75981192998003,90.07471126803456,True,location,0
2025-09-03 15:52:38.726487,1427,0,POINT (226.733093584632 90.0773755102463),0.0268508503534056,226.733093584632,90.0773755102463,True,location,0
2025-09-03 15:52:39.726487,1428,0,POINT (226.70638899729357 90.08002234452844),0.0268354377015329,226.70638899729357,90.08002234452844,True,location,0
2025-09-03 15:52:40.726487,1429,0,POINT (226.67964657837743 90.0826813989532),0.0268742914309815,226.67964657837743,90.0826813989532,True,location,0
2025-09-03 15:52:41.726487,1430,0,POINT (226.6529071651464 90.08533259837124),0.0268705243398064,226.6529071651464,90.08533259837124,True,location,0
2025-09-03 15:52:42.726487,1431,0,POINT (226.6260835980051 90.08797898071472),0.0269537955340478,226.6260835980051,90.08797898071472,True,location,0
2025-09-03 15:52:43.726487,1432,0,POINT (226.599199665909 90.0906082478445),0.0270121981813291,226.599199665909,90.0906082478445,True,location,0
2025-09-03 15:52:44.726487,1433,0,POINT (226.5723126802179 90.09321254181872),0.0270128181917027,226.5723126802179,90.09321254181872,True,location,0
2025-09-03 15:52:45.726487,1434,0,POINT (226.54533241765665 90.09581760483164),0.0271057359460071,226.54533241765665,90.09581760483164,True,location,0
2025-09-03 15:52:46.726487,1435,0,POINT (226.5183102350213 90.09841132221366),0.0271463758950463,226.5183102350213,90.09841132221366,True,location,0
2025-09-03 15:52:47.726487,1436,0,POINT (226.49118102379035 90.10098640677728),0.0272511497468348,226.49118102379035,90.10098640677728,True,location,0
2025-09-03 15:52:48.726487,1437,0,POINT (226.46400212811545 90.10356369754446),0.0273008204603244,226.46400212811545,90.10356369754446,True,location,0
2025-09-03 15:52:49.726487,1438,0,POINT (226.43685396011023 90.10614928259328),0.0272710153107943,226.43685396011023,90.10614928259328,True,location,0
2025-09-03 15:52:50.726487,1439,0,POINT (226.4097000864942 90.10871837220884),0.0272751365497748,226.4097000864942,90.10871837220884,True,location,0
2025-09-03 15:52:51.726487,1440,0,POINT (226.3825901354425 90.1112792746602),0.027230638394847,226.3825901354425,90.1112792746602,True,location,0
2025-09-03 15:52:52.726487,1441,0,POINT (226.35553299154355 90.11381592732624),0.0271757914828356,226.35553299154355,90.11381592732624,True,location,0
2025-09-03 15:52:53.726487,1442,0,POINT (226.32855822997868 90.11631506477066),0.0270902833031749,226.32855822997868,90.11631506477066,True,location,0
2025-09-03 15:52:54.726487,1443,0,POINT (226.30161740134045 90.11881846373238),0.0270568892165397,226.30161740134045,90.11881846373238,True,location,0
2025-09-03 15:52:55.726487,1444,0,POINT (226.2747912907897 90.12133213222477),0.0269436214449927,226.2747912907897,90.12133213222477,True,location,0
2025-09-03 15:52:56.726487,1445,0,POINT (226.24792399672592 90.1238441260872),0.0269844696719134,226.24792399672592,90.1238441260872,True,location,0
2025-09-03 15:52:57.726487,1446,0,POINT (226.2209659786514 90.12637394305024),0.0270764604845616,226.2209659786514,90.12637394305024,True,location,0
2025-09-03 15:52:58.726487,1447,0,POINT (226.1940716998581 90.12889193980963),0.0270118962587168,226.1940716998581,90.12889193980963,True,location,0
2025-09-03 15:52:59.726487,1448,0,POINT (226.1671396581259 90.13141639679505),0.02705009713359,226.1671396581259,90.13141639679505,True,location,0
2025-09-03 15:53:00.726487,1449,0,POINT (226.14021853403025 90.13392731572836),0.027037966574147,226.14021853403025,90.13392731572836,True,location,0
2025-09-03 15:53:01.726487,1450,0,POINT (226.11337687847944 90.1364222165142),0.0269573552604482,226.11337687847944,90.1364222165142,True,location,0
2025-09-03 15:53:02.726487,1451,0,POINT (226.08638753987336 90.1389072075947),0.0271034975430124,226.08638753987336,90.1389072075947,True,location,0
2025-09-03 15:53:03.726487,1452,0,POINT (226.0593657138749 90.14138514843953),0.0271352035393279,226.0593657138749,90.14138514843953,True,location,0
2025-09-03 15:53:04.726487,1453,0,POINT (226.0323510261627 90.14386944182456),0.0271286760792188,226.0323510261627,90.14386944182456,True,location,0
2025-09-03 15:53:05.726487,1454,0,POINT (226.00534967453373 90.14637198567878),0.0271170742436101,226.00534967453373,90.14637198567878,True,location,0
2025-09-03 15:53:06.726487,1455,0,POINT (225.9783554622477 90.1488600726388),0.0271086346698709,225.9783554622477,90.1488600726388,True,location,0
2025-09-03 15:53:07.726487,1456,0,POINT (225.9512963435652 90.15134444987292),0.0271729283316148,225.9512963435652,90.15134444987292,True,location,0
2025-09-03 15:53:08.726487,1457,0,POINT (225.92422762941115 90.1538157999397),0.0271812960895113,225.92422762941115,90.1538157999397,True,location,0
2025-09-03 15:53:09.726487,1458,0,POINT (225.89721163943025 90.15625560882208),0.0271259355973572,225.89721163943025,90.15625560882208,True,location,0
2025-09-03 15:53:10.726487,1459,0,POINT (225.8702224676564 90.15868111048025),0.027097941828296,225.8702224676564,90.15868111048025,True,location,0
2025-09-03 15:53:11.726487,1460,0,POINT (225.8431939153651 90.1611044670942),0.0271369728643902,225.8431939153651,90.1611044670942,True,location,0
2025-09-03 15:53:12.726487,1461,0,POINT (225.81610263374836 90.163522986293),0.0271990215771545,225.81610263374836,90.163522986293,True,location,0
2025-09-03 15:53:13.726487,1462,0,POINT (225.78900427032696 90.16591359036244),0.027203607994751,225.78900427032696,90.16591359036244,True,location,0
2025-09-03 15:53:14.726487,1463,0,POINT (225.76187972829405 90.16830884424648),0.027230094044375,225.76187972829405,90.16830884424648,True,location,0
2025-09-03 15:53:15.726487,1464,0,POINT (225.73474109495928 90.17071550769722),0.0272451362309753,225.73474109495928,90.17071550769722,True,location,0
2025-09-03 15:53:16.726487,1465,0,POINT (225.7076706634128 90.1730827478785),0.0271737389806892,225.7076706634128,90.1730827478785,True,location,0
2025-09-03 15:53:17.726487,1466,0,POINT (225.68054531647687 90.17546137515326),0.0272294383728631,225.68054531647687,90.17546137515326,True,location,0
2025-09-03 15:53:18.726487,1467,0,POINT (225.65336007711025 90.17781913037484),0.0272872909815131,225.65336007711025,90.17781913037484,True,location,0
2025-09-03 15:53:19.726487,1468,0,POINT (225.62621628676823 90.1801516489821),0.0272438249367339,225.62621628676823,90.1801516489821,True,location,0
2025-09-03 15:53:20.726487,1469,0,POINT (225.59901574273948 90.1824839198608),0.0273003495016311,225.59901574273948,90.1824839198608,True,location,0
2025-09-03 15:53:21.726487,1470,0,POINT (225.57178608733176 90.18480958209928),0.0273287913832806,225.57178608733176,90.18480958209928,True,location,0
2025-09-03 15:53:22.726487,1471,0,POINT (225.54457248826128 90.18711667759584),0.0273112186472712,225.54457248826128,90.18711667759584,True,location,0
2025-09-03 15:53:23.726487,1472,0,POINT (225.51736412252288 90.1894026306618),0.0273042258189905,225.51736412252288,90.1894026306618,True,location,0
2025-09-03 15:53:24.726487,1473,0,POINT (225.4901610560627 90.1916638139251),0.0272968821404,225.4901610560627,90.1916638139251,True,location,0
2025-09-03 15:53:25.726487,1474,0,POINT (225.46301070570712 90.19391098729504),0.0272431883704059,225.46301070570712,90.19391098729504,True,location,0
2025-09-03 15:53:26.726487,1475,0,POINT (225.4358494690576 90.19617373490682),0.0272553261416302,225.4358494690576,90.19617373490682,True,location,0
2025-09-03 15:53:27.726487,1476,0,POINT (225.4087038024864 90.19842567004444),0.0272389138083385,225.4087038024864,90.19842567004444,True,location,0
2025-09-03 15:53:28.726487,1477,0,POINT (225.38159492505247 90.20067537312455),0.0272020660920574,225.38159492505247,90.20067537312455,True,location,0
2025-09-03 15:53:29.726487,1478,0,POINT (225.35453520518132 90.20290029106724),0.0271510349591875,225.35453520518132,90.20290029106724,True,location,0
2025-09-03 15:53:30.726487,1479,0,POINT (225.3273240315136 90.2051265186948),0.0273020889645153,225.3273240315136,90.2051265186948,True,location,0
2025-09-03 15:53:31.726487,1480,0,POINT (225.30011048704563 90.2073276138956),0.0273024142264586,225.30011048704563,90.2073276138956,True,location,0
2025-09-03 15:53:32.726487,1481,0,POINT (225.2729174912652 90.20952256149312),0.027281437177517,225.2729174912652,90.20952256149312,True,location,0
2025-09-03 15:53:33.726487,1482,0,POINT (225.24579706970607 90.2117087142244),0.0272083907886641,225.24579706970607,90.2117087142244,True,location,0
2025-09-03 15:53:34.726487,1483,0,POINT (225.2186103250732 90.21390145239958),0.0272750285873262,225.2186103250732,90.21390145239958,True,location,0
2025-09-03 15:53:35.726487,1484,0,POINT (225.19133876890987 90.21609541170804),0.0273596643439792,225.19133876890987,90.21609541170804,True,location,0
2025-09-03 15:53:36.726487,1485,0,POINT (225.1640338800125 90.21828805076038),0.0273927841540625,225.1640338800125,90.21828805076038,True,location,0
2025-09-03 15:53:37.726487,1486,0,POINT (225.1366401685652 90.22047404190064),0.027480793003931,225.1366401685652,90.22047404190064,True,location,0
2025-09-03 15:53:38.726487,1487,0,POINT (225.1092425724609 90.22264055365318),0.0274831229206124,225.1092425724609,90.22264055365318,True,location,0
2025-09-03 15:53:39.726487,1488,0,POINT (225.0817967132968 90.22480968522372),0.0275314423346068,225.0817967132968,90.22480968522372,True,location,0
2025-09-03 15:53:40.726487,1489,0,POINT (225.05426182510877 90.22697466687084),0.0276198698958055,225.05426182510877,90.22697466687084,True,location,0
2025-09-03 15:53:41.726487,1490,0,POINT (225.02673740640748 90.22913277691484),0.0276088946501741,225.02673740640748,90.22913277691484,True,location,0
2025-09-03 15:53:42.726487,1491,0,POINT (224.99922168600665 90.23126483997822),0.0275981985296921,224.99922168600665,90.23126483997822,True,location,0
2025-09-03 15:53:43.726487,1492,0,POINT (224.9717466618069 90.23338788236224),0.0275569276904839,224.9717466618069,90.23338788236224,True,location,0
2025-09-03 15:53:44.726487,1493,0,POINT (224.9443305278849 90.2354990939328),0.0274973019317885,224.9443305278849,90.2354990939328,True,location,0
2025-09-03 15:53:45.726487,1494,0,POINT (224.91697147373316 90.23762152314812),0.0274412563460829,224.91697147373316,90.23762152314812,True,location,0
2025-09-03 15:53:46.726487,1495,0,POINT (224.889606845958 90.2397330669354),0.0274459736653247,224.889606845958,90.2397330669354,True,location,0
2025-09-03 15:53:47.726487,1496,0,POINT (224.8622621611308 90.24184164316172),0.0274258615544279,224.8622621611308,90.24184164316172,True,location,0
2025-09-03 15:53:48.726487,1497,0,POINT (224.8349044511812 90.24394007056613),0.0274380701080867,224.8349044511812,90.24394007056613,True,location,0
2025-09-03 15:53:49.726487,1498,0,POINT (224.80759429520197 90.2460306231906),0.027390053484554,224.80759429520197,90.2460306231906,True,location,0
2025-09-03 15:53:50.726487,1499,0,POINT (224.7803142041537 90.24810610905388),0.0273589292401328,224.7803142041537,90.24810610905388,True,location,0
2025-09-03 15:53:51.726487,1500,0,POINT (224.753045037653 90.25017301898346),0.0273473866813913,224.753045037653,90.25017301898346,True,location,0
2025-09-03 15:28:51.726487,0,1,POINT (7.214540346605684 15.908202519137038),0.0010441032496306,7.214540346605684,15.908202519137038,False,n/a,1
2025-09-03 15:28:52.726487,1,1,POINT (7.214839995569945 15.907202338106371),0.0010441032496306,7.214839995569945,15.907202338106371,False,n/a,1
2025-09-03 15:28:53.726487,2,1,POINT (7.215523605979092 15.905231722420854),0.0020858210305533,7.215523605979092,15.905231722420854,False,n/a,1
2025-09-03 15:28:54.726487,3,1,POINT (7.216557133152452 15.902307376922748),0.0031016084553614,7.216557133152452,15.902307376922748,False,n/a,1
2025-09-03 15:28:55.726487,4,1,POINT (7.217924129298382 15.898447131030531),0.0040951406338929,7.217924129298382,15.898447131030531,False,n/a,1
2025-09-03 15:28:56.726487,5,1,POINT (7.219652562471669 15.89369716229504),0.0050546695463359,7.219652562471669,15.89369716229504,False,n/a,1
2025-09-03 15:28:57.726487,6,1,POINT (7.22160029071931 15.888033476806669),0.0059892385691234,7.22160029071931,15.888033476806669,False,n/a,1
2025-09-03 15:28:58.726487,7,1,POINT (7.223869715128708 15.88150107121182),0.0069153893603724,7.223869715128708,15.88150107121182,False,n/a,1
2025-09-03 15:28:59.726487,8,1,POINT (7.226405339409827 15.87409970599646),0.0078236562773514,7.226405339409827,15.87409970599646,False,n/a,1
2025-09-03 15:29:00.726487,9,1,POINT (7.22927028915523 15.865833345374606),0.0087487516237597,7.22927028915523,15.865833345374606,False,n/a,1
2025-09-03 15:29:01.726487,10,1,POINT (7.232417422989744 15.8567371752575),0.0096252149156095,7.232417422989744,15.8567371752575,False,n/a,1
2025-09-03 15:29:02.726487,11,1,POINT (7.235876408434227 15.84682938301276),0.0104942330577366,7.235876408434227,15.84682938301276,False,n/a,1
2025-09-03 15:29:03.726487,12,1,POINT (7.239588730925076 15.83613179677337),0.0113234133380889,7.239588730925076,15.83613179677337,False,n/a,1
2025-09-03 15:29:04.726487,13,1,POINT (7.243386033621031 15.824609412623028),0.0121319761074929,7.243386033621031,15.824609412623028,False,n/a,1
2025-09-03 15:29:05.726487,14,1,POINT (7.247194569386623 15.812266460367123),0.0129171751969726,7.247194569386623,15.812266460367123,False,n/a,1
2025-09-03 15:29:06.726487,15,1,POINT (7.251193919709574 15.799144330039372),0.0137180577103403,7.251193919709574,15.799144330039372,False,n/a,1
2025-09-03 15:29:07.726487,16,1,POINT (7.255392745210688 15.785249748995184),0.0145151478801406,7.255392745210688,15.785249748995184,False,n/a,1
2025-09-03 15:29:08.726487,17,1,POINT (7.259691758869338 15.770597510971584),0.0152698918639721,7.259691758869338,15.770597510971584,False,n/a,1
2025-09-03 15:29:09.726487,18,1,POINT (7.264086447879576 15.755195371866696),0.0160168405281149,7.264086447879576,15.755195371866696,False,n/a,1
2025-09-03 15:29:10.726487,19,1,POINT (7.268573219389887 15.7390544770263),0.0167528984010084,7.268573219389887,15.7390544770263,False,n/a,1
2025-09-03 15:29:11.726487,20,1,POINT (7.273114812972762 15.72217201868168),0.0174826620407144,7.273114812972762,15.72217201868168,False,n/a,1
2025-09-03 15:29:12.726487,21,1,POINT (7.277653694578858 15.704552208481516),0.0181950311273137,7.277653694578858,15.704552208481516,False,n/a,1
2025-09-03 15:29:13.726487,22,1,POINT (7.282168136375314 15.686219463202518),0.018880406091984,7.282168136375314,15.686219463202518,False,n/a,1
2025-09-03 15:29:14.726487,23,1,POINT (7.286772081792256 15.667164295926622),0.0196034617686409,7.286772081792256,15.667164295926622,False,n/a,1
2025-09-03 15:29:15.726487,24,1,POINT (7.291391214689838 15.647426149455232),0.0202714285350464,7.291391214689838,15.647426149455232,False,n/a,1
2025-09-03 15:29:16.726487,25,1,POINT (7.295796604288235 15.627009934821436),0.0208861024963242,7.295796604288235,15.627009934821436,False,n/a,1
2025-09-03 15:29:17.726487,26,1,POINT (7.300067743945106 15.605925495366458),0.0215126990658797,7.300067743945106,15.605925495366458,False,n/a,1
2025-09-03 15:29:18.726487,27,1,POINT (7.304293494295908 15.585232696972966),0.0211198691137282,7.304293494295908,15.585232696972966,False,n/a,1
2025-09-03 15:29:19.726487,28,1,POINT (7.3083964062418625 15.564909982414544),0.0207327425455342,7.3083964062418625,15.564909982414544,False,n/a,1
2025-09-03 15:29:20.726487,29,1,POINT (7.312364055485021 15.544982318098192),0.0203188101428672,7.312364055485021,15.544982318098192,False,n/a,1
2025-09-03 15:29:21.726487,30,1,POINT (7.31623681139486 15.525421561310386),0.0199404474485625,7.31623681139486,15.525421561310386,False,n/a,1
2025-09-03 15:29:22.726487,31,1,POINT (7.319876344906297 15.50621113207348),0.0195521557800413,7.319876344906297,15.50621113207348,False,n/a,1
2025-09-03 15:29:23.726487,32,1,POINT (7.323438231528837 15.487354771710631),0.0191898244506152,7.323438231528837,15.487354771710631,False,n/a,1
2025-09-03 15:29:24.726487,33,1,POINT (7.326939040615201 15.46884681562217),0.0188361382143911,7.326939040615201,15.46884681562217,False,n/a,1
2025-09-03 15:29:25.726487,34,1,POINT (7.330408667628903 15.450689273596634),0.0184860662127806,7.330408667628903,15.450689273596634,False,n/a,1
2025-09-03 15:29:26.726487,35,1,POINT (7.333827598446942 15.432847990071297),0.0181659154949612,7.333827598446942,15.432847990071297,False,n/a,1
2025-09-03 15:29:27.726487,36,1,POINT (7.33722148546485 15.415324604955307),0.0178490194412338,7.33722148546485,15.415324604955307,False,n/a,1
2025-09-03 15:29:28.726487,37,1,POINT (7.340539639874125 15.398123461040468),0.0175182619190032,7.340539639874125,15.398123461040468,False,n/a,1
2025-09-03 15:29:29.726487,38,1,POINT (7.343726816573677 15.381234855412712),0.0171867127561972,7.343726816573677,15.381234855412712,False,n/a,1
2025-09-03 15:29:30.726487,39,1,POINT (7.3468609276031005 15.36465020489626),0.0168781896155239,7.3468609276031005,15.36465020489626,False,n/a,1
2025-09-03 15:29:31.726487,40,1,POINT (7.349867441605709 15.348371441490151),0.0165540709337588,7.349867441605709,15.348371441490151,False,n/a,1
2025-09-03 15:29:32.726487,41,1,POINT (7.352855170858499 15.332364355455269),0.0162835293906499,7.352855170858499,15.332364355455269,False,n/a,1
2025-09-03 15:29:33.726487,42,1,POINT (7.35577099158146 15.31666283521852),0.0159699639396433,7.35577099158146,15.31666283521852,False,n/a,1
2025-09-03 15:29:34.726487,43,1,POINT (7.3586203651832385 15.301236559573194),0.0156872212392143,7.3586203651832385,15.301236559573194,False,n/a,1
2025-09-03 15:29:35.726487,44,1,POINT (7.361566117659797 15.286065096558394),0.0154547969143113,7.361566117659797,15.286065096558394,False,n/a,1
2025-09-03 15:29:36.726487,45,1,POINT (7.3644655456568175 15.271174325168811),0.0151704237016197,7.3644655456568175,15.271174325168811,False,n/a,1
2025-09-03 15:29:37.726487,46,1,POINT (7.367306405759661 15.25654535513952),0.0149022565486545,7.367306405759661,15.25654535513952,False,n/a,1
2025-09-03 15:29:38.726487,47,1,POINT (7.370077912463174 15.242163911699492),0.0146460631169707,7.370077912463174,15.242163911699492,False,n/a,1
2025-09-03 15:29:39.726487,48,1,POINT (7.372840810732159 15.228050611806315),0.0143811974716801,7.372840810732159,15.228050611806315,False,n/a,1
2025-09-03 15:29:40.726487,49,1,POINT (7.375715280612368 15.214172046021124),0.0141731141724802,7.375715280612368,15.214172046021124,False,n/a,1
2025-09-03 15:29:41.726487,50,1,POINT (7.3784165319376 15.198669807937504),0.0157358235985062,7.3784165319376,15.198669807937504,False,n/a,1
2025-09-03 15:29:42.726487,51,1,POINT (7.380853497813517 15.181552070306216),0.0172903367316546,7.380853497813517,15.181552070306216,False,n/a,1
2025-09-03 15:29:43.726487,52,1,POINT (7.383010488650472 15.16281658747008),0.0188592398196185,7.383010488650472,15.16281658747008,False,n/a,1
2025-09-03 15:29:44.726487,53,1,POINT (7.384822571941656 15.14246916986512),0.0204279477443216,7.384822571941656,15.14246916986512,False,n/a,1
2025-09-03 15:29:45.726487,54,1,POINT (7.386404663143194 15.121465833181666),0.0210628384698868,7.386404663143194,15.121465833181666,False,n/a,1
2025-09-03 15:29:46.726487,55,1,POINT (7.38766301549171 15.099836982777752),0.0216654245383724,7.38766301549171,15.099836982777752,False,n/a,1
2025-09-03 15:29:47.726487,56,1,POINT (7.388618126030562 15.07756514482026),0.0222923081385996,7.388618126030562,15.07756514482026,False,n/a,1
2025-09-03 15:29:48.726487,57,1,POINT (7.389275249264084 15.05465203487238),0.0229225308032868,7.389275249264084,15.05465203487238,False,n/a,1
2025-09-03 15:29:49.726487,58,1,POINT (7.389592511911877 15.031132495768706),0.0235216788354261,7.389592511911877,15.031132495768706,False,n/a,1
2025-09-03 15:29:50.726487,59,1,POINT (7.389472779633256 15.00704074841256),0.0240920448798137,7.389472779633256,15.00704074841256,False,n/a,1
2025-09-03 15:29:51.726487,60,1,POINT (7.388982548324951 14.982382100346502),0.0246635206566554,7.388982548324951,14.982382100346502,False,n/a,1
2025-09-03 15:29:52.726487,61,1,POINT (7.388147812957868 14.957176553728358),0.025219364850299,7.388147812957868,14.957176553728358,False,n/a,1
2025-09-03 15:29:53.726487,62,1,POINT (7.386869257380059 14.931422282416102),0.0257859883500866,7.386869257380059,14.931422282416102,False,n/a,1
2025-09-03 15:29:54.726487,63,1,POINT (7.385178213536082 14.905118058749824),0.0263585244649209,7.385178213536082,14.905118058749824,False,n/a,1
2025-09-03 15:29:55.726487,64,1,POINT (7.383012846601999 14.878351791874003),0.0268537121535721,7.383012846601999,14.878351791874003,False,n/a,1
2025-09-03 15:29:56.726487,65,1,POINT (7.380398488399469 14.851112287682602),0.0273646753571919,7.380398488399469,14.851112287682602,False,n/a,1
2025-09-03 15:29:57.726487,66,1,POINT (7.3778795034305 14.825436750193209),0.0257988083182772,7.3778795034305,14.825436750193209,False,n/a,1
2025-09-03 15:29:58.726487,67,1,POINT (7.375583510448375 14.80125025198474),0.0242952316177914,7.375583510448375,14.80125025198474,False,n/a,1
2025-09-03 15:29:59.726487,68,1,POINT (7.3735344473106945 14.778513381328247),0.0228290154626142,7.3735344473106945,14.778513381328247,False,n/a,1
2025-09-03 15:30:00.726487,69,1,POINT (7.371854111903866 14.757167874682352),0.0214115431730036,7.371854111903866,14.757167874682352,False,n/a,1
2025-09-03 15:30:01.726487,70,1,POINT (7.370534605910261 14.737178180589613),0.0200331965993581,7.370534605910261,14.737178180589613,False,n/a,1
2025-09-03 15:30:02.726487,71,1,POINT (7.369617502995571 14.718507757902294),0.0186929334530242,7.369617502995571,14.718507757902294,False,n/a,1
2025-09-03 15:30:03.726487,72,1,POINT (7.369073714968323 14.70116983010116),0.0173464534085756,7.369073714968323,14.70116983010116,False,n/a,1
2025-09-03 15:30:04.726487,73,1,POINT (7.368906590676669 14.685090105547436),0.0160805930317425,7.368906590676669,14.685090105547436,False,n/a,1
2025-09-03 15:30:05.726487,74,1,POINT (7.369232812624788 14.67021567988204),0.0148780025418334,7.369232812624788,14.67021567988204,False,n/a,1
2025-09-03 15:30:06.726487,75,1,POINT (7.369964182446551 14.656572725419238),0.013662543990425,7.369964182446551,14.656572725419238,False,n/a,1
2025-09-03 15:30:07.726487,76,1,POINT (7.37120990936741 14.644073418406965),0.0125612304870351,7.37120990936741,14.644073418406965,False,n/a,1
2025-09-03 15:30:08.726487,77,1,POINT (7.37300635858689 14.632673368490014),0.0115407264895732,7.37300635858689,14.632673368490014,False,n/a,1
2025-09-03 15:30:09.726487,78,1,POINT (7.375362492520664 14.6223609144908),0.0105781886256479,7.375362492520664,14.6223609144908,False,n/a,1
2025-09-03 15:30:10.726487,79,1,POINT (7.378178416520754 14.61315742908572),0.0096246335813778,7.378178416520754,14.61315742908572,False,n/a,1
2025-09-03 15:30:11.726487,80,1,POINT (7.381606964780435 14.6049612533533),0.0088843817908574,7.381606964780435,14.6049612533533,False,n/a,1
2025-09-03 15:30:12.726487,81,1,POINT (7.385514037029281 14.597813978921147),0.0081454739190637,7.385514037029281,14.597813978921147,False,n/a,1
2025-09-03 15:30:13.726487,82,1,POINT (7.390082430682954 14.59210619442772),0.0073108839683279,7.390082430682954,14.59210619442772,False,n/a,1
2025-09-03 15:30:14.726487,83,1,POINT (7.395301769442608 14.58784854091733),0.0067356596189656,7.395301769442608,14.58784854091733,False,n/a,1
2025-09-03 15:30:15.726487,84,1,POINT (7.401204614835787 14.585031609591372),0.0065405417077586,7.401204614835787,14.585031609591372,False,n/a,1
2025-09-03 15:30:16.726487,85,1,POINT (7.407774034882852 14.583669092015713),0.006709227518781,7.407774034882852,14.583669092015713,False,n/a,1
2025-09-03 15:30:17.726487,86,1,POINT (7.415047908415689 14.583749052620096),0.0072743130170454,7.415047908415689,14.583749052620096,False,n/a,1
2025-09-03 15:30:18.726487,87,1,POINT (7.423057055737157 14.5852630215938),0.0081509841657508,7.423057055737157,14.5852630215938,False,n/a,1
2025-09-03 15:30:19.726487,88,1,POINT (7.431751270630946 14.588240335638618),0.0091898733147338,7.431751270630946,14.588240335638618,False,n/a,1
2025-09-03 15:30:20.726487,89,1,POINT (7.440728235004161 14.592151508400038),0.0097919947777579,7.440728235004161,14.592151508400038,False,n/a,1
2025-09-03 15:30:21.726487,90,1,POINT (7.450028433806859 14.59693913054187),0.010460163647987,7.450028433806859,14.59693913054187,False,n/a,1
2025-09-03 15:30:22.726487,91,1,POINT (7.4596887898827315 14.602544724638053),0.0111689374912657,7.4596887898827315,14.602544724638053,False,n/a,1
2025-09-03 15:30:23.726487,92,1,POINT (7.4697132739674 14.608979363959657),0.0119119630776338,7.4697132739674,14.608979363959657,False,n/a,1
2025-09-03 15:30:24.726487,93,1,POINT (7.480047939854033 14.616240835157404),0.0126306881421415,7.480047939854033,14.616240835157404,False,n/a,1
2025-09-03 15:30:25.726487,94,1,POINT (7.490651866821137 14.62432360598775),0.0133332085943169,7.490651866821137,14.62432360598775,False,n/a,1
2025-09-03 15:30:26.726487,95,1,POINT (7.501514010184007 14.633254728571565),0.0140624005433876,7.501514010184007,14.633254728571565,False,n/a,1
2025-09-03 15:30:27.726487,96,1,POINT (7.512683340820414 14.64299380045676),0.0148190238561911,7.512683340820414,14.64299380045676,False,n/a,1
2025-09-03 15:30:28.726487,97,1,POINT (7.524213140606007 14.653485421127897),0.0155887904406621,7.524213140606007,14.653485421127897,False,n/a,1
2025-09-03 15:30:29.726487,98,1,POINT (7.53596220107448 14.664777795899884),0.016295955015981,7.53596220107448,14.664777795899884,False,n/a,1
2025-09-03 15:30:30.726487,99,1,POINT (7.547937018081217 14.676842250796428),0.016998450349828,7.547937018081217,14.676842250796428,False,n/a,1
2025-09-03 15:30:31.726487,100,1,POINT (7.560065741488354 14.689680880810114),0.0176617199648041,7.560065741488354,14.689680880810114,False,n/a,1
2025-09-03 15:30:32.726487,101,1,POINT (7.572034169761317 14.70230044737654),0.0173924332871953,7.572034169761317,14.70230044737654,False,n/a,1
2025-09-03 15:30:33.726487,102,1,POINT (7.583852462841142 14.714693427372396),0.0171247775021543,7.583852462841142,14.714693427372396,False,n/a,1
2025-09-03 15:30:34.726487,103,1,POINT (7.595583568255447 14.726834527235969),0.0168826875863634,7.595583568255447,14.726834527235969,False,n/a,1
2025-09-03 15:30:35.726487,104,1,POINT (7.607238187107471 14.738713564931398),0.0166415647448023,7.607238187107471,14.738713564931398,False,n/a,1
2025-09-03 15:30:36.726487,105,1,POINT (7.618705206316504 14.750397473432704),0.0163708963531995,7.618705206316504,14.750397473432704,False,n/a,1
2025-09-03 15:30:37.726487,106,1,POINT (7.630068827717171 14.761876494012904),0.0161523931607152,7.630068827717171,14.761876494012904,False,n/a,1
2025-09-03 15:30:38.726487,107,1,POINT (7.6412742829819695 14.773153427371613),0.015897529797682,7.6412742829819695,14.773153427371613,False,n/a,1
2025-09-03 15:30:39.726487,108,1,POINT (7.652597308994221 14.785244359873602),0.0165650706862901,7.652597308994221,14.785244359873602,False,n/a,1
2025-09-03 15:30:40.726487,109,1,POINT (7.664058396099919 14.79812426089845),0.0172408923218681,7.664058396099919,14.79812426089845,False,n/a,1
2025-09-03 15:30:41.726487,110,1,POINT (7.675701543982702 14.811755889726047),0.0179271915567888,7.675701543982702,14.811755889726047,False,n/a,1
2025-09-03 15:30:42.726487,111,1,POINT (7.687555760403604 14.82614117998099),0.0186402527523765,7.687555760403604,14.82614117998099,False,n/a,1
2025-09-03 15:30:43.726487,112,1,POINT (7.699488231795248 14.841314217537056),0.0193029775472645,7.699488231795248,14.841314217537056,False,n/a,1
2025-09-03 15:30:44.726487,113,1,POINT (7.711566066809555 14.857243436225112),0.0199903503382185,7.711566066809555,14.857243436225112,False,n/a,1
2025-09-03 15:30:45.726487,114,1,POINT (7.723773113331973 14.873935615046165),0.0206794781992783,7.723773113331973,14.873935615046165,False,n/a,1
2025-09-03 15:30:46.726487,115,1,POINT (7.736320817320186 14.892268161585356),0.0222154706902085,7.736320817320186,14.892268161585356,False,n/a,1
2025-09-03 15:30:47.726487,116,1,POINT (7.749176116971272 14.912239504296656),0.0237510685825176,7.749176116971272,14.912239504296656,False,n/a,1
2025-09-03 15:30:48.726487,117,1,POINT (7.762226163359696 14.933862201614406),0.0252555884911637,7.762226163359696,14.933862201614406,False,n/a,1
2025-09-03 15:30:49.726487,118,1,POINT (7.775320038363723 14.957143107734368),0.0267104876853179,7.775320038363723,14.957143107734368,False,n/a,1
2025-09-03 15:30:50.726487,119,1,POINT (7.788342156583216 14.982055987143315),0.0281109786981408,7.788342156583216,14.982055987143315,False,n/a,1
2025-09-03 15:30:51.726487,120,1,POINT (7.801308683305936 15.008592564121829),0.0295350763159242,7.801308683305936,15.008592564121829,False,n/a,1
2025-09-03 15:30:52.726487,121,1,POINT (7.814236700352672 15.036693110891404),0.0309317693239459,7.814236700352672,15.036693110891404,False,n/a,1
2025-09-03 15:30:53.726487,122,1,POINT (7.826981954156352 15.06636009086979),0.0322888710790287,7.826981954156352,15.06636009086979,False,n/a,1
2025-09-03 15:30:54.726487,123,1,POINT (7.839375098025953 15.096613732353516),0.0326936207538794,7.839375098025953,15.096613732353516,False,n/a,1
2025-09-03 15:30:55.726487,124,1,POINT (7.851317080132512 15.12747433124956),0.0330905953536033,7.851317080132512,15.12747433124956,False,n/a,1
2025-09-03 15:30:56.726487,125,1,POINT (7.862760123328795 15.158955480644666),0.0334963580830654,7.862760123328795,15.158955480644666,False,n/a,1
2025-09-03 15:30:57.726487,126,1,POINT (7.873767091182975 15.191022666259885),0.0339036537061086,7.873767091182975,15.191022666259885,False,n/a,1
2025-09-03 15:30:58.726487,127,1,POINT (7.884219994512793 15.22365109870995),0.034261900008189,7.884219994512793,15.22365109870995,False,n/a,1
2025-09-03 15:30:59.726487,128,1,POINT (7.894134762076885 15.256854737626968),0.0346523340221355,7.894134762076885,15.256854737626968,False,n/a,1
2025-09-03 15:31:00.726487,129,1,POINT (7.903582946515789 15.290572696212998),0.0350166948811669,7.903582946515789,15.290572696212998,False,n/a,1
2025-09-03 15:31:01.726487,130,1,POINT (7.912500890078848 15.324796749154451),0.0353668703327471,7.912500890078848,15.324796749154451,False,n/a,1
2025-09-03 15:31:02.726487,131,1,POINT (7.920844009484572 15.35848113109482),0.0347022366443848,7.920844009484572,15.35848113109482,False,n/a,1
2025-09-03 15:31:03.726487,132,1,POINT (7.928592672040298 15.391642573742867),0.0340547067217169,7.928592672040298,15.391642573742867,False,n/a,1
2025-09-03 15:31:04.726487,133,1,POINT (7.935944100111107 15.424270045514785),0.0334454093846604,7.935944100111107,15.424270045514785,False,n/a,1
2025-09-03 15:31:05.726487,134,1,POINT (7.942752735223927 15.456376528530477),0.0328204778109083,7.942752735223927,15.456376528530477,False,n/a,1
2025-09-03 15:31:06.726487,135,1,POINT (7.949087286235144 15.48794949476847),0.0322021541760685,7.949087286235144,15.48794949476847,False,n/a,1
2025-09-03 15:31:07.726487,136,1,POINT (7.954959659097031 15.51801527982136),0.0306339059519929,7.954959659097031,15.51801527982136,False,n/a,1
2025-09-03 15:31:08.726487,137,1,POINT (7.960576341638921 15.546575034713513),0.0291068157357717,7.960576341638921,15.546575034713513,False,n/a,1
2025-09-03 15:31:09.726487,138,1,POINT (7.965986162976134 15.57362361345671),0.0275842668731224,7.965986162976134,15.57362361345671,False,n/a,1
2025-09-03 15:31:10.726487,139,1,POINT (7.971159073716195 15.599169537465391),0.0260644055942582,7.971159073716195,15.599169537465391,False,n/a,1
2025-09-03 15:31:11.726487,140,1,POINT (7.976088198761199 15.62534642196202),0.0266369209117553,7.976088198761199,15.62534642196202,False,n/a,1
2025-09-03 15:31:12.726487,141,1,POINT (7.980720404237201 15.6521170336675),0.0271684187735959,7.980720404237201,15.6521170336675,False,n/a,1
2025-09-03 15:31:13.726487,142,1,POINT (7.9849540881381635 15.679482078142014),0.0276906074051351,7.9849540881381635,15.679482078142014,False,n/a,1
2025-09-03 15:31:14.726487,143,1,POINT (7.988740650103936 15.707411662384652),0.0281850976135843,7.988740650103936,15.707411662384652,False,n/a,1
2025-09-03 15:31:15.726487,144,1,POINT (7.992062448559912 15.73588911836773),0.0286705396574646,7.992062448559912,15.73588911836773,False,n/a,1
2025-09-03 15:31:16.726487,145,1,POINT (7.9948855433166734 15.764907766563304),0.0291556479451933,7.9948855433166734,15.764907766563304,False,n/a,1
2025-09-03 15:31:17.726487,146,1,POINT (7.997328128091004 15.794460582369558),0.0296535856593809,7.997328128091004,15.794460582369558,False,n/a,1
2025-09-03 15:31:18.726487,147,1,POINT (7.999306796140929 15.82451773941215),0.0301222146718133,7.999306796140929,15.82451773941215,False,n/a,1
2025-09-03 15:31:19.726487,148,1,POINT (8.000772487874507 15.855063608025883),0.0305810127632405,8.000772487874507,15.855063608025883,False,n/a,1
2025-09-03 15:31:20.726487,149,1,POINT (8.001675505404016 15.88608087831771),0.031030412453184,8.001675505404016,15.88608087831771,False,n/a,1
2025-09-03 15:31:21.726487,150,1,POINT (8.002273789988088 15.916542300447844),0.0304672969367774,8.002273789988088,15.916542300447844,False,n/a,1
2025-09-03 15:31:22.726487,151,1,POINT (8.002678793494713 15.946494156782896),0.029954594401461,8.002678793494713,15.946494156782896,False,n/a,1
2025-09-03 15:31:23.726487,152,1,POINT (8.002708158843241 15.975880296193376),0.0293861540827626,8.002708158843241,15.975880296193376,False,n/a,1
2025-09-03 15:31:24.726487,153,1,POINT (8.002515604313592 16.004738800983624),0.0288591471803234,8.002515604313592,16.004738800983624,False,n/a,1
2025-09-03 15:31:25.726487,154,1,POINT (8.002177075476293 16.03310447893442),0.0283676979570408,8.002177075476293,16.03310447893442,False,n/a,1
2025-09-03 15:31:26.726487,155,1,POINT (8.00181717237766 16.06102083649037),0.0279186774298528,8.00181717237766,16.06102083649037,False,n/a,1
2025-09-03 15:31:27.726487,156,1,POINT (8.001584221044714 16.087408010593872),0.0263882023543097,8.001584221044714,16.087408010593872,False,n/a,1
2025-09-03 15:31:28.726487,157,1,POINT (8.001592878829321 16.1122951370754),0.024887127987471,8.001592878829321,16.1122951370754,False,n/a,1
2025-09-03 15:31:29.726487,158,1,POINT (8.001881318087392 16.135685361933938),0.0233920032519356,8.001881318087392,16.135685361933938,False,n/a,1
2025-09-03 15:31:30.726487,159,1,POINT (8.002675295823487 16.157658338947712),0.0219873172418392,8.002675295823487,16.157658338947712,False,n/a,1
2025-09-03 15:31:31.726487,160,1,POINT (8.003817069697838 16.1781417315704),0.0205151900043673,8.003817069697838,16.1781417315704,False,n/a,1
2025-09-03 15:31:32.726487,161,1,POINT (8.005444927624007 16.197183393857195),0.0191111178132564,8.005444927624007,16.197183393857195,False,n/a,1
2025-09-03 15:31:33.726487,162,1,POINT (8.007503397015158 16.214750455467744),0.0176872538813446,8.007503397015158,16.214750455467744,False,n/a,1
2025-09-03 15:31:34.726487,163,1,POINT (8.01002115283529 16.230845545092993),0.0162908257744847,8.01002115283529,16.230845545092993,False,n/a,1
2025-09-03 15:31:35.726487,164,1,POINT (8.013087882100052 16.245499532798057),0.0149714456230354,8.013087882100052,16.245499532798057,False,n/a,1
2025-09-03 15:31:36.726487,165,1,POINT (8.016730061114426 16.258716038445996),0.0137091753769058,8.016730061114426,16.258716038445996,False,n/a,1
2025-09-03 15:31:37.726487,166,1,POINT (8.021062300878198 16.27054022237046),0.0125928403011533,8.021062300878198,16.27054022237046,False,n/a,1
2025-09-03 15:31:38.726487,167,1,POINT (8.02602538792024 16.280936795688604),0.011520458747221,8.02602538792024,16.280936795688604,False,n/a,1
2025-09-03 15:31:39.726487,168,1,POINT (8.03167543140463 16.28992440581532),0.0106160316109806,8.03167543140463,16.28992440581532,False,n/a,1
2025-09-03 15:31:40.726487,169,1,POINT (8.038028576874945 16.297503018054442),0.0098892780746606,8.038028576874945,16.297503018054442,False,n/a,1
2025-09-03 15:31:41.726487,170,1,POINT (8.045012277025943 16.303629715438568),0.0092902361991344,8.045012277025943,16.303629715438568,False,n/a,1
2025-09-03 15:31:42.726487,171,1,POINT (8.052713170728522 16.308338324589435),0.0090263372391045,8.052713170728522,16.308338324589435,False,n/a,1
2025-09-03 15:31:43.726487,172,1,POINT (8.061166372279118 16.311637954019904),0.009074368894497,8.061166372279118,16.311637954019904,False,n/a,1
2025-09-03 15:31:44.726487,173,1,POINT (8.070386512012998 16.31352766194405),0.0094117996552658,8.070386512012998,16.31352766194405,False,n/a,1
2025-09-03 15:31:45.726487,174,1,POINT (8.080315966992556 16.313971349983685),0.009939362920609,8.080315966992556,16.313971349983685,False,n/a,1
2025-09-03 15:31:46.726487,175,1,POINT (8.090906091764355 16.312937460310252),0.0106404732290954,8.090906091764355,16.312937460310252,False,n/a,1
2025-09-03 15:31:47.726487,176,1,POINT (8.102107110942763 16.31039434810922),0.0114860894260013,8.102107110942763,16.31039434810922,False,n/a,1
2025-09-03 15:31:48.726487,177,1,POINT (8.113241212855941 16.307947668504216),0.0113997573001616,8.113241212855941,16.307947668504216,False,n/a,1
2025-09-03 15:31:49.726487,178,1,POINT (8.124307660928464 16.305594804429845),0.0113138075948951,8.124307660928464,16.305594804429845,False,n/a,1
2025-09-03 15:31:50.726487,179,1,POINT (8.135324774394313 16.303352579899475),0.0112429693570686,8.135324774394313,16.303352579899475,False,n/a,1
2025-09-03 15:31:51.726487,180,1,POINT (8.14636833646188 16.301235233945476),0.0112447061779802,8.14636833646188,16.301235233945476,False,n/a,1
2025-09-03 15:31:52.726487,181,1,POINT (8.157508435333133 16.299288901765184),0.0113088466174648,8.157508435333133,16.299288901765184,False,n/a,1
2025-09-03 15:31:53.726487,182,1,POINT (8.168627185447354 16.29745699350632),0.0112686508496531,8.168627185447354,16.29745699350632,False,n/a,1
2025-09-03 15:31:54.726487,183,1,POINT (8.179712012851807 16.295707603337373),0.0112220214110343,8.179712012851807,16.295707603337373,False,n/a,1
2025-09-03 15:31:55.726487,184,1,POINT (8.19079972098605 16.29405636738438),0.0112099889314224,8.19079972098605,16.29405636738438,False,n/a,1
2025-09-03 15:31:56.726487,185,1,POINT (8.20189415374724 16.292505813648656),0.0112022611637086,8.20189415374724,16.292505813648656,False,n/a,1
2025-09-03 15:31:57.726487,186,1,POINT (8.212918199638954 16.291028968675537),0.0111225293390151,8.212918199638954,16.291028968675537,False,n/a,1
2025-09-03 15:31:58.726487,187,1,POINT (8.223951036119386 16.289652909977633),0.0111183190430938,8.223951036119386,16.289652909977633,False,n/a,1
2025-09-03 15:31:59.726487,188,1,POINT (8.2349550623313 16.288340848280523),0.0110819717906841,8.2349550623313,16.288340848280523,False,n/a,1
2025-09-03 15:32:00.726487,189,1,POINT (8.245891216805797 16.287077237637046),0.0110089139586225,8.245891216805797,16.287077237637046,False,n/a,1
2025-09-03 15:32:01.726487,190,1,POINT (8.256747700984493 16.285849156261825),0.010925723435381,8.256747700984493,16.285849156261825,False,n/a,1
2025-09-03 15:32:02.726487,191,1,POINT (8.26775838363379 16.284763566286458),0.011064069685164,8.26775838363379,16.284763566286458,False,n/a,1
2025-09-03 15:32:03.726487,192,1,POINT (8.278767382579273 16.283763396507588),0.0110543383957708,8.278767382579273,16.283763396507588,False,n/a,1
2025-09-03 15:32:04.726487,193,1,POINT (8.29019979735791 16.281911393386007),0.0115814516893673,8.29019979735791,16.281911393386007,False,n/a,1
2025-09-03 15:32:05.726487,194,1,POINT (8.301978820634611 16.279162765025625),0.0120954680445425,8.301978820634611,16.279162765025625,False,n/a,1
2025-09-03 15:32:06.726487,195,1,POINT (8.314130171022798 16.275549760708238),0.0126771099409113,8.314130171022798,16.275549760708238,False,n/a,1
2025-09-03 15:32:07.726487,196,1,POINT (8.326654585399133 16.271102625853132),0.0132905215807974,8.326654585399133,16.271102625853132,False,n/a,1
2025-09-03 15:32:08.726487,197,1,POINT (8.339608124480307 16.26585383957393),0.0139765493642835,8.339608124480307,16.26585383957393,False,n/a,1
2025-09-03 15:32:09.726487,198,1,POINT (8.352836431793722 16.259731992966092),0.0145761833230801,8.352836431793722,16.259731992966092,False,n/a,1
2025-09-03 15:32:10.726487,199,1,POINT (8.366298892582833 16.252755962900864),0.0151625474762425,8.366298892582833,16.252755962900864,False,n/a,1
2025-09-03 15:32:11.726487,200,1,POINT (8.380061166856718 16.24496236778806),0.0158158249222725,8.380061166856718,16.24496236778806,False,n/a,1
2025-09-03 15:32:12.726487,201,1,POINT (8.394153007896186 16.23637550670509),0.0165019443442225,8.394153007896186,16.23637550670509,False,n/a,1
2025-09-03 15:32:13.726487,202,1,POINT (8.40849522890463 16.22697223041439),0.0171499535991888,8.40849522890463,16.22697223041439,False,n/a,1
2025-09-03 15:32:14.726487,203,1,POINT (8.423122147849652 16.216759443833368),0.0178395002052669,8.423122147849652,16.216759443833368,False,n/a,1
2025-09-03 15:32:15.726487,204,1,POINT (8.438042272880766 16.205774113039126),0.0185280226576663,8.438042272880766,16.205774113039126,False,n/a,1
2025-09-03 15:32:16.726487,205,1,POINT (8.453093815854558 16.19396523378092),0.0191310892326295,8.453093815854558,16.19396523378092,False,n/a,1
2025-09-03 15:32:17.726487,206,1,POINT (8.468329520558973 16.181356980070426),0.0197761158842749,8.468329520558973,16.181356980070426,False,n/a,1
2025-09-03 15:32:18.726487,207,1,POINT (8.483753607187497 16.167958397543533),0.0204309682113741,8.483753607187497,16.167958397543533,False,n/a,1
2025-09-03 15:32:19.726487,208,1,POINT (8.499265888000357 16.153757940013033),0.0210305456441945,8.499265888000357,16.153757940013033,False,n/a,1
2025-09-03 15:32:20.726487,209,1,POINT (8.51492186710548 16.138789146393915),0.0216604354561908,8.51492186710548,16.138789146393915,False,n/a,1
2025-09-03 15:32:21.726487,210,1,POINT (8.53062381882098 16.123035107414864),0.0222427748230591,8.53062381882098,16.123035107414864,False,n/a,1
2025-09-03 15:32:22.726487,211,1,POINT (8.546449258820557 16.106567008852817),0.0228395013393359,8.546449258820557,16.106567008852817,False,n/a,1
2025-09-03 15:32:23.726487,212,1,POINT (8.562262711828238 16.089335071143896),0.0233881374467968,8.562262711828238,16.089335071143896,False,n/a,1
2025-09-03 15:32:24.726487,213,1,POINT (8.577988998629099 16.071321217094045),0.023912654270747,8.577988998629099,16.071321217094045,False,n/a,1
2025-09-03 15:32:25.726487,214,1,POINT (8.59368411654058 16.052548155092474),0.0244696665929497,8.59368411654058,16.052548155092474,False,n/a,1
2025-09-03 15:32:26.726487,215,1,POINT (8.60931414497078 16.033030869270416),0.02500444429674,8.60931414497078,16.033030869270416,False,n/a,1
2025-09-03 15:32:27.726487,216,1,POINT (8.624855553435877 16.012756827464),0.0255454917401744,8.624855553435877,16.012756827464,False,n/a,1
2025-09-03 15:32:28.726487,217,1,POINT (8.640232048560861 15.991701593983938),0.0260721970541137,8.640232048560861,15.991701593983938,False,n/a,1
2025-09-03 15:32:29.726487,218,1,POINT (8.655435692829254 15.969900128384817),0.0265792155886815,8.655435692829254,15.969900128384817,False,n/a,1
2025-09-03 15:32:30.726487,219,1,POINT (8.670508470783421 15.947370264987024),0.0271068880541227,8.670508470783421,15.947370264987024,False,n/a,1
2025-09-03 15:32:31.726487,220,1,POINT (8.68532819374715 15.925174375174436),0.0266886064322254,8.68532819374715,15.925174375174436,False,n/a,1
2025-09-03 15:32:32.726487,221,1,POINT (8.69986392445871 15.903277753526126),0.0262821138215362,8.69986392445871,15.903277753526126,False,n/a,1
2025-09-03 15:32:33.726487,222,1,POINT (8.71405929180246 15.88168470733828),0.0258412092924164,8.71405929180246,15.88168470733828,False,n/a,1
2025-09-03 15:32:34.726487,223,1,POINT (8.72796156772745 15.860389341290178),0.0254315923806829,8.72796156772745,15.860389341290178,False,n/a,1
2025-09-03 15:32:35.726487,224,1,POINT (8.741563565799437 15.839391601926591),0.0250183814410802,8.741563565799437,15.839391601926591,False,n/a,1
2025-09-03 15:32:36.726487,225,1,POINT (8.754875327662365 15.818682769823642),0.0246182601124352,8.754875327662365,15.818682769823642,False,n/a,1
2025-09-03 15:32:37.726487,226,1,POINT (8.76785796152438 15.79825961110137),0.0242002932666162,8.76785796152438,15.79825961110137,False,n/a,1
2025-09-03 15:32:38.726487,227,1,POINT (8.780548506028255 15.778138964904008),0.0237884493652759,8.780548506028255,15.778138964904008,False,n/a,1
2025-09-03 15:32:39.726487,228,1,POINT (8.793096209064075 15.75832563139256),0.0234523567325533,8.793096209064075,15.75832563139256,False,n/a,1
2025-09-03 15:32:40.726487,229,1,POINT (8.805364241991953 15.73880146550742),0.0230585707586136,8.805364241991953,15.73880146550742,False,n/a,1
2025-09-03 15:32:41.726487,230,1,POINT (8.817361179287976 15.719583481800054),0.0226551848869369,8.817361179287976,15.719583481800054,False,n/a,1
2025-09-03 15:32:42.726487,231,1,POINT (8.829161982249886 15.700675991053163),0.0222879374750013,8.829161982249886,15.700675991053163,False,n/a,1
2025-09-03 15:32:43.726487,232,1,POINT (8.840671421553035 15.682062877299876),0.0218841311608594,8.840671421553035,15.682062877299876,False,n/a,1
2025-09-03 15:32:44.726487,233,1,POINT (8.852048971823193 15.663716055548036),0.0215882958693778,8.852048971823193,15.663716055548036,False,n/a,1
2025-09-03 15:32:45.726487,234,1,POINT (8.863286875612847 15.645668800174148),0.0212601483559217,8.863286875612847,15.645668800174148,False,n/a,1
2025-09-03 15:32:46.726487,235,1,POINT (8.874355162255014 15.627867152732067),0.0209620042182341,8.874355162255014,15.627867152732067,False,n/a,1
2025-09-03 15:32:47.726487,236,1,POINT (8.885233823200306 15.610334943211734),0.020633071381341,8.885233823200306,15.610334943211734,False,n/a,1
2025-09-03 15:32:48.726487,237,1,POINT (8.896000362541635 15.593061561212702),0.020354068268356,8.896000362541635,15.593061561212702,False,n/a,1
2025-09-03 15:32:49.726487,238,1,POINT (8.906687797555238 15.57604409961443),0.0200951552972012,8.906687797555238,15.57604409961443,False,n/a,1
2025-09-03 15:32:50.726487,239,1,POINT (8.917215067774936 15.559276458728466),0.0197984140566668,8.917215067774936,15.559276458728466,False,n/a,1
2025-09-03 15:32:51.726487,240,1,POINT (8.927734512555432 15.54274062979482),0.0195982743376224,8.927734512555432,15.54274062979482,False,n/a,1
2025-09-03 15:32:52.726487,241,1,POINT (8.938138607795718 15.526431144033667),0.0193454005790048,8.938138607795718,15.526431144033667,False,n/a,1
2025-09-03 15:32:53.726487,242,1,POINT (8.94844644144466 15.510361686897278),0.0190913301577571,8.94844644144466,15.510361686897278,False,n/a,1
2025-09-03 15:32:54.726487,243,1,POINT (8.958703268208268 15.49452004053737),0.0188722085260591,8.958703268208268,15.49452004053737,False,n/a,1
2025-09-03 15:32:55.726487,244,1,POINT (8.968829425395787 15.478931005712964),0.0185891652890296,8.968829425395787,15.478931005712964,False,n/a,1
2025-09-03 15:32:56.726487,245,1,POINT (8.978976547229339 15.464604867209454),0.0175556921232608,8.978976547229339,15.464604867209454,False,n/a,1
2025-09-03 15:32:57.726487,246,1,POINT (8.98909166707373 15.45152549654822),0.0165343758987255,8.98909166707373,15.45152549654822,False,n/a,1
2025-09-03 15:32:58.726487,247,1,POINT (8.999257443897875 15.439674194371332),0.0156139803293777,8.999257443897875,15.439674194371332,False,n/a,1
2025-09-03 15:32:59.726487,248,1,POINT (9.009511612381903 15.4290181205761),0.0147885049963919,9.009511612381903,15.4290181205761,False,n/a,1
2025-09-03 15:33:00.726487,249,1,POINT (9.019795034321625 15.41954417113129),0.0139822918319245,9.019795034321625,15.41954417113129,False,n/a,1
2025-09-03 15:33:01.726487,250,1,POINT (9.030205350943842 15.411254677331817),0.013307531687972,9.030205350943842,15.411254677331817,False,n/a,1
2025-09-03 15:33:02.726487,251,1,POINT (9.04061842354704 15.404137176132991),0.0126131242899897,9.04061842354704,15.404137176132991,False,n/a,1
2025-09-03 15:33:03.726487,252,1,POINT (9.051102224325811 15.398140457261253),0.0120776949785812,9.051102224325811,15.398140457261253,False,n/a,1
2025-09-03 15:33:04.726487,253,1,POINT (9.061776142387268 15.393262279663078),0.0117358060422802,9.061776142387268,15.393262279663078,False,n/a,1
2025-09-03 15:33:05.726487,254,1,POINT (9.072568343267749 15.389959636156515),0.0112862329400049,9.072568343267749,15.389959636156515,False,n/a,1
2025-09-03 15:33:06.726487,255,1,POINT (9.0834938771156 15.38823996136832),0.011060043907585,9.0834938771156,15.38823996136832,False,n/a,1
2025-09-03 15:33:07.726487,256,1,POINT (9.094627841601744 15.38810408248121),0.0111347935881499,9.094627841601744,15.38810408248121,False,n/a,1
2025-09-03 15:33:08.726487,257,1,POINT (9.105927711746242 15.389565497757395),0.0113939808623672,9.105927711746242,15.389565497757395,False,n/a,1
2025-09-03 15:33:09.726487,258,1,POINT (9.117340289982774 15.392638758538077),0.0118191316868467,9.117340289982774,15.392638758538077,False,n/a,1
2025-09-03 15:33:10.726487,259,1,POINT (9.128891677993018 15.397329832357077),0.0124675875187825,9.128891677993018,15.397329832357077,False,n/a,1
2025-09-03 15:33:11.726487,260,1,POINT (9.1405360225591 15.40365209201657),0.0132499708518824,9.1405360225591,15.40365209201657,False,n/a,1
2025-09-03 15:33:12.726487,261,1,POINT (9.15223985322884 15.411617204004289),0.0141570710714769,9.15223985322884,15.411617204004289,False,n/a,1
2025-09-03 15:33:13.726487,262,1,POINT (9.16403497454138 15.421230295197953),0.0152163204841117,9.16403497454138,15.421230295197953,False,n/a,1
2025-09-03 15:33:14.726487,263,1,POINT (9.17587089855209 15.432504154909692),0.0163459172268582,9.17587089855209,15.432504154909692,False,n/a,1
2025-09-03 15:33:15.726487,264,1,POINT (9.187779349932397 15.44544410694594),0.0175856069834825,9.187779349932397,15.44544410694594,False,n/a,1
2025-09-03 15:33:16.726487,265,1,POINT (9.199649146048657 15.460066863258827),0.0188339337905722,9.199649146048657,15.460066863258827,False,n/a,1
2025-09-03 15:33:17.726487,266,1,POINT (9.211563586907658 15.47637396865072),0.0201959299673217,9.211563586907658,15.47637396865072,False,n/a,1
2025-09-03 15:33:18.726487,267,1,POINT (9.223505870495842 15.494375107149754),0.0216022944281855,9.223505870495842,15.494375107149754,False,n/a,1
2025-09-03 15:33:19.726487,268,1,POINT (9.23537149281539 15.51408431289464),0.0230053425126515,9.23537149281539,15.51408431289464,False,n/a,1
2025-09-03 15:33:20.726487,269,1,POINT (9.24696979302431 15.535511929021563),0.0243652067633132,9.24696979302431,15.535511929021563,False,n/a,1
2025-09-03 15:33:21.726487,270,1,POINT (9.2583860073203 15.557665552845483),0.0249221387000359,9.2583860073203,15.557665552845483,False,n/a,1
2025-09-03 15:33:22.726487,271,1,POINT (9.269461152981686 15.580538448805225),0.0254131505525366,9.269461152981686,15.580538448805225,False,n/a,1
2025-09-03 15:33:23.726487,272,1,POINT (9.280319020516792 15.604121007632402),0.0259620948354961,9.280319020516792,15.604121007632402,False,n/a,1
2025-09-03 15:33:24.726487,273,1,POINT (9.290995894717115 15.6284146891811),0.0265363638405696,9.290995894717115,15.6284146891811,False,n/a,1
2025-09-03 15:33:25.726487,274,1,POINT (9.301404184814077 15.653414795830598),0.0270802111370771,9.301404184814077,15.653414795830598,False,n/a,1
2025-09-03 15:33:26.726487,275,1,POINT (9.311457473312954 15.679092413545982),0.0275755083575829,9.311457473312954,15.679092413545982,False,n/a,1
2025-09-03 15:33:27.726487,276,1,POINT (9.321202727557049 15.706389763076272),0.028984742049238,9.321202727557049,15.706389763076272,False,n/a,1
2025-09-03 15:33:28.726487,277,1,POINT (9.330406288383031 15.735275320143078),0.0303163477176471,9.330406288383031,15.735275320143078,False,n/a,1
2025-09-03 15:33:29.726487,278,1,POINT (9.339088024483232 15.76571952118121),0.0316578887256184,9.339088024483232,15.76571952118121,False,n/a,1
2025-09-03 15:33:30.726487,279,1,POINT (9.347211077863168 15.797691874784608),0.0329881098451253,9.347211077863168,15.797691874784608,False,n/a,1
2025-09-03 15:33:31.726487,280,1,POINT (9.35475900440998 15.831173422278669),0.0343217892562893,9.35475900440998,15.831173422278669,False,n/a,1
2025-09-03 15:33:32.726487,281,1,POINT (9.361719365810876 15.865181093211651),0.0347126535015295,9.361719365810876,15.865181093211651,False,n/a,1
2025-09-03 15:33:33.726487,282,1,POINT (9.368068284929262 15.899675295163956),0.0350736188936643,9.368068284929262,15.899675295163956,False,n/a,1
2025-09-03 15:33:34.726487,283,1,POINT (9.373641033412 15.934636550766747),0.035402611753594,9.373641033412,15.934636550766747,False,n/a,1
2025-09-03 15:33:35.726487,284,1,POINT (9.378502700073312 15.970042930979163),0.0357386004548549,9.378502700073312,15.970042930979163,False,n/a,1
2025-09-03 15:33:36.726487,285,1,POINT (9.382690886128408 16.00588465237612),0.0360855912398458,9.382690886128408,16.00588465237612,False,n/a,1
2025-09-03 15:33:37.726487,286,1,POINT (9.386199376676975 16.042144648181864),0.036429339848011,9.386199376676975,16.042144648181864,False,n/a,1
2025-09-03 15:33:38.726487,287,1,POINT (9.389008064196377 16.078807676323123),0.0367704549614004,9.389008064196377,16.078807676323123,False,n/a,1
2025-09-03 15:33:39.726487,288,1,POINT (9.391065906458696 16.11584523799022),0.0370946854552065,9.391065906458696,16.11584523799022,False,n/a,1
2025-09-03 15:33:40.726487,289,1,POINT (9.392393391429062 16.153250160115515),0.037428470654648,9.392393391429062,16.153250160115515,False,n/a,1
2025-09-03 15:33:41.726487,290,1,POINT (9.39302763638566 16.19100480332261),0.0377599702113225,9.39302763638566,16.19100480332261,False,n/a,1
2025-09-03 15:33:42.726487,291,1,POINT (9.392976559668163 16.229088823089025),0.0380840540173942,9.392976559668163,16.229088823089025,False,n/a,1
2025-09-03 15:33:43.726487,292,1,POINT (9.39264144125465 16.265617070324208),0.0365297844289515,9.39264144125465,16.265617070324208,False,n/a,1
2025-09-03 15:33:44.726487,293,1,POINT (9.39211806021899 16.300596610839495),0.0349834558379976,9.39211806021899,16.300596610839495,False,n/a,1
2025-09-03 15:33:45.726487,294,1,POINT (9.39155026789958 16.33405565819113),0.0334638646572222,9.39155026789958,16.33405565819113,False,n/a,1
2025-09-03 15:33:46.726487,295,1,POINT (9.39101552030244 16.366003875265054),0.0319526920492667,9.39101552030244,16.366003875265054,False,n/a,1
2025-09-03 15:33:47.726487,296,1,POINT (9.39059735194499 16.396455997694662),0.0304549934369228,9.39059735194499,16.396455997694662,False,n/a,1
2025-09-03 15:33:48.726487,297,1,POINT (9.39028296845884 16.42539019250877),0.0289359027251128,9.39028296845884,16.42539019250877,False,n/a,1
2025-09-03 15:33:49.726487,298,1,POINT (9.389796139032224 16.453845969396564),0.0284599409904244,9.389796139032224,16.453845969396564,False,n/a,1
2025-09-03 15:33:50.726487,299,1,POINT (9.389054325769331 16.48176465637678),0.0279285404132798,9.389054325769331,16.48176465637678,False,n/a,1
2025-09-03 15:33:51.726487,300,1,POINT (9.388134523780108 16.50917181322852),0.0274225870842868,9.388134523780108,16.50917181322852,False,n/a,1
2025-09-03 15:33:52.726487,301,1,POINT (9.387095707931898 16.53612371036883),0.026971909421255,9.387095707931898,16.53612371036883,False,n/a,1
2025-09-03 15:33:53.726487,302,1,POINT (9.38606284036695 16.562665758426242),0.0265621371596613,9.38606284036695,16.562665758426242,False,n/a,1
2025-09-03 15:33:54.726487,303,1,POINT (9.384876815179105 16.588737705660456),0.0260989097153477,9.384876815179105,16.588737705660456,False,n/a,1
2025-09-03 15:33:55.726487,304,1,POINT (9.383606577028758 16.61437133912602),0.0256650865886998,9.383606577028758,16.61437133912602,False,n/a,1
2025-09-03 15:33:56.726487,305,1,POINT (9.382788658874588 16.638676159546506),0.0243185790246675,9.382788658874588,16.638676159546506,False,n/a,1
2025-09-03 15:33:57.726487,306,1,POINT (9.382412184822236 16.661677270868896),0.0230041921131145,9.382412184822236,16.661677270868896,False,n/a,1
2025-09-03 15:33:58.726487,307,1,POINT (9.382507422387548 16.683392007468598),0.0217149454475082,9.382507422387548,16.683392007468598,False,n/a,1
2025-09-03 15:33:59.726487,308,1,POINT (9.383110419930452 16.703865912984572),0.0204827833341512,9.383110419930452,16.703865912984572,False,n/a,1
2025-09-03 15:34:00.726487,309,1,POINT (9.384190977632931 16.723106369460382),0.0192707750323106,9.384190977632931,16.723106369460382,False,n/a,1
2025-09-03 15:34:01.726487,310,1,POINT (9.385716985490696 16.741133921387274),0.0180920238906192,9.385716985490696,16.741133921387274,False,n/a,1
2025-09-03 15:34:02.726487,311,1,POINT (9.387854105648495 16.75807045419396),0.0170708355413789,9.387854105648495,16.75807045419396,False,n/a,1
2025-09-03 15:34:03.726487,312,1,POINT (9.390659268126644 16.773960158833162),0.0161354160172561,9.390659268126644,16.773960158833162,False,n/a,1
2025-09-03 15:34:04.726487,313,1,POINT (9.394019467426258 16.78878975553494),0.0152055212890078,9.394019467426258,16.78878975553494,False,n/a,1
2025-09-03 15:34:05.726487,314,1,POINT (9.398174843445624 16.80229775882073),0.0141327033023137,9.398174843445624,16.80229775882073,False,n/a,1
2025-09-03 15:34:06.726487,315,1,POINT (9.403124452156115 16.814473308466702),0.0131431592689329,9.403124452156115,16.814473308466702,False,n/a,1
2025-09-03 15:34:07.726487,316,1,POINT (9.409007881482518 16.82539554594659),0.0124060474046275,9.409007881482518,16.82539554594659,False,n/a,1
2025-09-03 15:34:08.726487,317,1,POINT (9.41571660840848 16.834984972993414),0.0117031674367871,9.41571660840848,16.834984972993414,False,n/a,1
2025-09-03 15:34:09.726487,318,1,POINT (9.423259211454653 16.84323667328573),0.0111795088633762,9.423259211454653,16.84323667328573,False,n/a,1
2025-09-03 15:34:10.726487,319,1,POINT (9.431706343370095 16.850186226894845),0.0109384794630183,9.431706343370095,16.850186226894845,False,n/a,1
2025-09-03 15:34:11.726487,320,1,POINT (9.44102537285856 16.855802083485564),0.010880356421294,9.44102537285856,16.855802083485564,False,n/a,1
2025-09-03 15:34:12.726487,321,1,POINT (9.451106525589644 16.860002290023857),0.0109211435001911,9.451106525589644,16.860002290023857,False,n/a,1
2025-09-03 15:34:13.726487,322,1,POINT (9.462208533895536 16.86294510638381),0.0114854149490775,9.462208533895536,16.86294510638381,False,n/a,1
2025-09-03 15:34:14.726487,323,1,POINT (9.474242465080655 16.864561926590078),0.0121420594360091,9.474242465080655,16.864561926590078,False,n/a,1
2025-09-03 15:34:15.726487,324,1,POINT (9.487084316728955 16.86476205196889),0.0128434109147157,9.487084316728955,16.86476205196889,False,n/a,1
2025-09-03 15:34:16.726487,325,1,POINT (9.500778621890774 16.86356415768991),0.0137465975633452,9.500778621890774,16.86356415768991,False,n/a,1
2025-09-03 15:34:17.726487,326,1,POINT (9.515265475164622 16.860920134731018),0.0147261595531608,9.515265475164622,16.860920134731018,False,n/a,1
2025-09-03 15:34:18.726487,327,1,POINT (9.530578269738053 16.856841568621803),0.0158466519856821,9.530578269738053,16.856841568621803,False,n/a,1
2025-09-03 15:34:19.726487,328,1,POINT (9.546732037043348 16.851327967761126),0.0170688017331167,9.546732037043348,16.851327967761126,False,n/a,1
2025-09-03 15:34:20.726487,329,1,POINT (9.563725093278318 16.844368125433114),0.0183630979258864,9.563725093278318,16.844368125433114,False,n/a,1
2025-09-03 15:34:21.726487,330,1,POINT (9.58151431703098 16.83592576916565),0.0196908572964462,9.58151431703098,16.83592576916565,False,n/a,1
2025-09-03 15:34:22.726487,331,1,POINT (9.599551855878024 16.826681338820993),0.0202685051263241,9.599551855878024,16.826681338820993,False,n/a,1
2025-09-03 15:34:23.726487,332,1,POINT (9.617946220999231 16.816679826654386),0.0209375957032125,9.617946220999231,16.816679826654386,False,n/a,1
2025-09-03 15:34:24.726487,333,1,POINT (9.636620155796953 16.80593408733204),0.0215449937204283,9.636620155796953,16.80593408733204,False,n/a,1
2025-09-03 15:34:25.726487,334,1,POINT (9.65552031215288 16.79442371857545),0.0221292679316595,9.65552031215288,16.79442371857545,False,n/a,1
2025-09-03 15:34:26.726487,335,1,POINT (9.67467327106344 16.782163731702575),0.0227407808386749,9.67467327106344,16.782163731702575,False,n/a,1
2025-09-03 15:34:27.726487,336,1,POINT (9.694005318285216 16.76914721913714),0.0233057428362889,9.694005318285216,16.76914721913714,False,n/a,1
2025-09-03 15:34:28.726487,337,1,POINT (9.713568439221843 16.75539139859),0.0239152315419737,9.713568439221843,16.75539139859,False,n/a,1
2025-09-03 15:34:29.726487,338,1,POINT (9.733255750217252 16.7408801018641),0.024457472209878,9.733255750217252,16.7408801018641,False,n/a,1
2025-09-03 15:34:30.726487,339,1,POINT (9.7530314626403 16.725621029689144),0.0249783523371674,9.7530314626403,16.725621029689144,False,n/a,1
2025-09-03 15:34:31.726487,340,1,POINT (9.772830403917215 16.709551974292808),0.0254992669898034,9.772830403917215,16.709551974292808,False,n/a,1
2025-09-03 15:34:32.726487,341,1,POINT (9.79267314779798 16.692725440768545),0.0260166622601875,9.79267314779798,16.692725440768545,False,n/a,1
2025-09-03 15:34:33.726487,342,1,POINT (9.812572772199964 16.675148308544557),0.0265509063604166,9.812572772199964,16.675148308544557,False,n/a,1
2025-09-03 15:34:34.726487,343,1,POINT (9.832459944200078 16.6568190278078),0.027045556797541,9.832459944200078,16.6568190278078,False,n/a,1
2025-09-03 15:34:35.726487,344,1,POINT (9.852338868873444 16.63775223604436),0.0275447670950346,9.852338868873444,16.63775223604436,False,n/a,1
2025-09-03 15:34:36.726487,345,1,POINT (9.872132018077703 16.61792758286954),0.0280140255751282,9.872132018077703,16.61792758286954,False,n/a,1
2025-09-03 15:34:37.726487,346,1,POINT (9.89206997426934 16.597418233876322),0.0286034175095436,9.89206997426934,16.597418233876322,False,n/a,1
2025-09-03 15:34:38.726487,347,1,POINT (9.91192005170539 16.57615114337602),0.0290914886618963,9.91192005170539,16.57615114337602,False,n/a,1
2025-09-03 15:34:39.726487,348,1,POINT (9.931745588604391 16.554180956580492),0.0295929218085018,9.931745588604391,16.554180956580492,False,n/a,1
2025-09-03 15:34:40.726487,349,1,POINT (9.951529521260277 16.53149951089117),0.030097374800639,9.951529521260277,16.53149951089117,False,n/a,1
2025-09-03 15:34:41.726487,350,1,POINT (9.97107590170774 16.508053622202073),0.0305249190829157,9.97107590170774,16.508053622202073,False,n/a,1
2025-09-03 15:34:42.726487,351,1,POINT (9.99035771130575 16.483858302894973),0.0309386757594186,9.99035771130575,16.483858302894973,False,n/a,1
2025-09-03 15:34:43.726487,352,1,POINT (10.009521134096696 16.45896958949302),0.031411539724584,10.009521134096696,16.45896958949302,False,n/a,1
2025-09-03 15:34:44.726487,353,1,POINT (10.028166302609826 16.434372512309107),0.0308651666911805,10.028166302609826,16.434372512309107,False,n/a,1
2025-09-03 15:34:45.726487,354,1,POINT (10.046309680658933 16.410048146630853),0.0303456246052413,10.046309680658933,16.410048146630853,False,n/a,1
2025-09-03 15:34:46.726487,355,1,POINT (10.06396301534678 16.386022563127625),0.0298139042775631,10.06396301534678,16.386022563127625,False,n/a,1
2025-09-03 15:34:47.726487,356,1,POINT (10.08121503919964 16.362306617887743),0.0293270930308614,10.08121503919964,16.362306617887743,False,n/a,1
2025-09-03 15:34:48.726487,357,1,POINT (10.098027510568508 16.338867141451484),0.028845593235967,10.098027510568508,16.338867141451484,False,n/a,1
2025-09-03 15:34:49.726487,358,1,POINT (10.114421356841222 16.31572959133768),0.028356735018021,10.114421356841222,16.31572959133768,False,n/a,1
2025-09-03 15:34:50.726487,359,1,POINT (10.130429493723945 16.292919730756996),0.02786665007076,10.130429493723945,16.292919730756996,False,n/a,1
2025-09-03 15:34:51.726487,360,1,POINT (10.14613328065641 16.270400100983892),0.0274543739527594,10.14613328065641,16.270400100983892,False,n/a,1
2025-09-03 15:34:52.726487,361,1,POINT (10.161405670373911 16.24815197576321),0.0269856436558093,10.161405670373911,16.24815197576321,False,n/a,1
2025-09-03 15:34:53.726487,362,1,POINT (10.176421648504965 16.22620748204515),0.0265902313599231,10.176421648504965,16.22620748204515,False,n/a,1
2025-09-03 15:34:54.726487,363,1,POINT (10.19120182063794 16.204553706598),0.0262171600177452,10.19120182063794,16.204553706598,False,n/a,1
2025-09-03 15:34:55.726487,364,1,POINT (10.205608105774342 16.18319658613807),0.0257617477235381,10.205608105774342,16.18319658613807,False,n/a,1
2025-09-03 15:34:56.726487,365,1,POINT (10.219670866626162 16.162131947830982),0.0253274599947155,10.219670866626162,16.162131947830982,False,n/a,1
2025-09-03 15:34:57.726487,366,1,POINT (10.233430166319527 16.14136364664179),0.0249126606836139,10.233430166319527,16.14136364664179,False,n/a,1
2025-09-03 15:34:58.726487,367,1,POINT (10.246983560338892 16.12088335007178),0.0245588484469391,10.246983560338892,16.12088335007178,False,n/a,1
2025-09-03 15:34:59.726487,368,1,POINT (10.260303633439223 16.100696432085407),0.0241854502787664,10.260303633439223,16.100696432085407,False,n/a,1
2025-09-03 15:35:00.726487,369,1,POINT (10.273362445604487 16.080812875296015),0.0237884090633369,10.273362445604487,16.080812875296015,False,n/a,1
2025-09-03 15:35:01.726487,370,1,POINT (10.286196809463192 16.061194020726038),0.0234439832429449,10.286196809463192,16.061194020726038,False,n/a,1
2025-09-03 15:35:02.726487,371,1,POINT (10.298849936853903 16.041883918816414),0.0230863957456704,10.298849936853903,16.041883918816414,False,n/a,1
2025-09-03 15:35:03.726487,372,1,POINT (10.311330680303028 16.022854359829054),0.0227572641654528,10.311330680303028,16.022854359829054,False,n/a,1
2025-09-03 15:35:04.726487,373,1,POINT (10.323729468256698 16.004101361885613),0.0224812115907207,10.323729468256698,16.004101361885613,False,n/a,1
2025-09-03 15:35:05.726487,374,1,POINT (10.335965437591623 15.985619069550866),0.0221656056879197,10.335965437591623,15.985619069550866,False,n/a,1
2025-09-03 15:35:06.726487,375,1,POINT (10.348144958988405 15.96741099631502),0.0219060419157939,10.348144958988405,15.96741099631502,False,n/a,1
2025-09-03 15:35:07.726487,376,1,POINT (10.360245484174158 15.950515958264726),0.0207813623348413,10.360245484174158,15.950515958264726,False,n/a,1
2025-09-03 15:35:08.726487,377,1,POINT (10.37220260467046 15.93488867021197),0.0196770135550815,10.37220260467046,15.93488867021197,False,n/a,1
2025-09-03 15:35:09.726487,378,1,POINT (10.38405435284892 15.920539952484276),0.0186104711201696,10.38405435284892,15.920539952484276,False,n/a,1
2025-09-03 15:35:10.726487,379,1,POINT (10.395878041487318 15.90743809226659),0.0176481827444528,10.395878041487318,15.90743809226659,False,n/a,1
2025-09-03 15:35:11.726487,380,1,POINT (10.407715589371495 15.895575474726138),0.0167585570626248,10.407715589371495,15.895575474726138,False,n/a,1
2025-09-03 15:35:12.726487,381,1,POINT (10.41956487627017 15.88493142664315),0.0159280055123063,10.41956487627017,15.88493142664315,False,n/a,1
2025-09-03 15:35:13.726487,382,1,POINT (10.431443781070698 15.875494033385529),0.0151714459020545,10.431443781070698,15.875494033385529,False,n/a,1
2025-09-03 15:35:14.726487,383,1,POINT (10.443303567993624 15.867279516358536),0.0144268096211182,10.443303567993624,15.867279516358536,False,n/a,1
2025-09-03 15:35:15.726487,384,1,POINT (10.455077694126365 15.860235194232905),0.0137205145821605,10.455077694126365,15.860235194232905,False,n/a,1
2025-09-03 15:35:16.726487,385,1,POINT (10.466800376971245 15.85433073488853),0.0131256974378896,10.466800376971245,15.85433073488853,False,n/a,1
2025-09-03 15:35:17.726487,386,1,POINT (10.478665370815694 15.849540386520884),0.0127955272033735,10.478665370815694,15.849540386520884,False,n/a,1
2025-09-03 15:35:18.726487,387,1,POINT (10.490744426469874 15.845833744332856),0.0126349824616754,10.490744426469874,15.845833744332856,False,n/a,1
2025-09-03 15:35:19.726487,388,1,POINT (10.502854026823387 15.843216273476036),0.0123892523748657,10.502854026823387,15.843216273476036,False,n/a,1
2025-09-03 15:35:20.726487,389,1,POINT (10.515053084790187 15.841677904053116),0.0122956738635471,10.515053084790187,15.841677904053116,False,n/a,1
2025-09-03 15:35:21.726487,390,1,POINT (10.527209762080782 15.841215839890548),0.0121654554389871,10.527209762080782,15.841215839890548,False,n/a,1
2025-09-03 15:35:22.726487,391,1,POINT (10.539380518240684 15.841784609713274),0.0121840389286573,10.539380518240684,15.841784609713274,False,n/a,1
2025-09-03 15:35:23.726487,392,1,POINT (10.55163638832564 15.843375400826645),0.0123586798609588,10.55163638832564,15.843375400826645,False,n/a,1
2025-09-03 15:35:24.726487,393,1,POINT (10.563888556809564 15.845967621619586),0.0125233877684058,10.563888556809564,15.845967621619586,False,n/a,1
2025-09-03 15:35:25.726487,394,1,POINT (10.576171947538691 15.849530908661444),0.012789788987592,10.576171947538691,15.849530908661444,False,n/a,1
2025-09-03 15:35:26.726487,395,1,POINT (10.58852731163305 15.854067604444966),0.0131619387073606,10.58852731163305,15.854067604444966,False,n/a,1
2025-09-03 15:35:27.726487,396,1,POINT (10.600890706695797 15.859587070938614),0.0135394995421573,10.600890706695797,15.859587070938614,False,n/a,1
2025-09-03 15:35:28.726487,397,1,POINT (10.6133204032061 15.86607977122552),0.0140232846492489,10.6133204032061,15.86607977122552,False,n/a,1
2025-09-03 15:35:29.726487,398,1,POINT (10.625915141635076 15.873532364640775),0.0146344998106334,10.625915141635076,15.873532364640775,False,n/a,1
2025-09-03 15:35:30.726487,399,1,POINT (10.63858023925074 15.881933268340168),0.0151980222588586,10.63858023925074,15.881933268340168,False,n/a,1
2025-09-03 15:35:31.726487,400,1,POINT (10.651217350360408 15.891260387767868),0.0157064233362232,10.651217350360408,15.891260387767868,False,n/a,1
2025-09-03 15:35:32.726487,401,1,POINT (10.663808695588264 15.901501917998267),0.0162305550153792,10.663808695588264,15.901501917998267,False,n/a,1
2025-09-03 15:35:33.726487,402,1,POINT (10.6763581990938 15.912668976997594),0.0167986084224231,10.6763581990938,15.912668976997594,False,n/a,1
2025-09-03 15:35:34.726487,403,1,POINT (10.688965524936004 15.924728751644908),0.017446570707033,10.688965524936004,15.924728751644908,False,n/a,1
2025-09-03 15:35:35.726487,404,1,POINT (10.70156967640825 15.93768434882257),0.018075180014736,10.70156967640825,15.93768434882257,False,n/a,1
2025-09-03 15:35:36.726487,405,1,POINT (10.714070809215183 15.951490110392864),0.0186246442648554,10.714070809215183,15.951490110392864,False,n/a,1
2025-09-03 15:35:37.726487,406,1,POINT (10.726515131975402 15.966156268908067),0.019234276034039,10.726515131975402,15.966156268908067,False,n/a,1
2025-09-03 15:35:38.726487,407,1,POINT (10.738942929316815 15.981678387109996),0.0198843229765027,10.738942929316815,15.981678387109996,False,n/a,1
2025-09-03 15:35:39.726487,408,1,POINT (10.7511893554553 15.998031175291004),0.0204300913962275,10.7511893554553,15.998031175291004,False,n/a,1
2025-09-03 15:35:40.726487,409,1,POINT (10.763368859413257 16.0141557960674),0.0202075162215563,10.763368859413257,16.0141557960674,False,n/a,1
2025-09-03 15:35:41.726487,410,1,POINT (10.775431778782382 16.030068121981582),0.0199678776965702,10.775431778782382,16.030068121981582,False,n/a,1
2025-09-03 15:35:42.726487,411,1,POINT (10.78740475445054 16.04575487463414),0.0197338884949946,10.78740475445054,16.04575487463414,False,n/a,1
2025-09-03 15:35:43.726487,412,1,POINT (10.799361736392036 16.061226121096777),0.0195532320667666,10.799361736392036,16.061226121096777,False,n/a,1
2025-09-03 15:35:44.726487,413,1,POINT (10.81130819716383 16.07648034809952),0.0193754836435959,10.81130819716383,16.07648034809952,False,n/a,1
2025-09-03 15:35:45.726487,414,1,POINT (10.823219056920056 16.09152829631854),0.0191913867590334,10.823219056920056,16.09152829631854,False,n/a,1
2025-09-03 15:35:46.726487,415,1,POINT (10.83500409125767 16.10637685439759),0.0189569699943214,10.83500409125767,16.10637685439759,False,n/a,1
2025-09-03 15:35:47.726487,416,1,POINT (10.846680399562802 16.12101746766687),0.0187265515388495,10.846680399562802,16.12101746766687,False,n/a,1
2025-09-03 15:35:48.726487,417,1,POINT (10.858247045474368 16.135460776768472),0.0185039583724117,10.858247045474368,16.135460776768472,False,n/a,1
2025-09-03 15:35:49.726487,418,1,POINT (10.869801737386137 16.14972426832483),0.018356418402134,10.869801737386137,16.14972426832483,False,n/a,1
2025-09-03 15:35:50.726487,419,1,POINT (10.881414099104273 16.16380409749274),0.0182507132482625,10.881414099104273,16.16380409749274,False,n/a,1
2025-09-03 15:35:51.726487,420,1,POINT (10.893077367050498 16.17771590115988),0.0181540656729698,10.893077367050498,16.17771590115988,False,n/a,1
2025-09-03 15:35:52.726487,421,1,POINT (10.904814119361983 16.19145398734177),0.0180689337472436,10.904814119361983,16.19145398734177,False,n/a,1
2025-09-03 15:35:53.726487,422,1,POINT (10.916551714578654 16.205013217548807),0.0179338747982074,10.916551714578654,16.205013217548807,False,n/a,1
2025-09-03 15:35:54.726487,423,1,POINT (10.928328039430724 16.21841873672371),0.0178434797999203,10.928328039430724,16.21841873672371,False,n/a,1
2025-09-03 15:35:55.726487,424,1,POINT (10.94019836261174 16.23167464712454),0.0177939240466117,10.94019836261174,16.23167464712454,False,n/a,1
2025-09-03 15:35:56.726487,425,1,POINT (10.952049995798262 16.244769309133794),0.0176615792703964,10.952049995798262,16.244769309133794,False,n/a,1
2025-09-03 15:35:57.726487,426,1,POINT (10.963849401260092 16.25771600007992),0.0175169282611752,10.963849401260092,16.25771600007992,False,n/a,1
2025-09-03 15:35:58.726487,427,1,POINT (10.97550442779514 16.270490006115487),0.0172920465454323,10.97550442779514,16.270490006115487,False,n/a,1
2025-09-03 15:35:59.726487,428,1,POINT (10.9871451649658 16.283115091646607),0.0171726394751792,10.9871451649658,16.283115091646607,False,n/a,1
2025-09-03 15:36:00.726487,429,1,POINT (10.998758664883615 16.295591633931647),0.0170451602436437,10.998758664883615,16.295591633931647,False,n/a,1
2025-09-03 15:36:01.726487,430,1,POINT (11.010369522101543 16.307937889529665),0.0169482162078109,11.010369522101543,16.307937889529665,False,n/a,1
2025-09-03 15:36:02.726487,431,1,POINT (11.021903441111618 16.320098793063035),0.0167606343101589,11.021903441111618,16.320098793063035,False,n/a,1
2025-09-03 15:36:03.726487,432,1,POINT (11.033366438786686 16.332129199986802),0.0166171900888816,11.033366438786686,16.332129199986802,False,n/a,1
2025-09-03 15:36:04.726487,433,1,POINT (11.044819308134263 16.344023633257763),0.0165119883457457,11.044819308134263,16.344023633257763,False,n/a,1
2025-09-03 15:36:05.726487,434,1,POINT (11.056150706976345 16.355755038579108),0.0163103179163355,11.056150706976345,16.355755038579108,False,n/a,1
2025-09-03 15:36:06.726487,435,1,POINT (11.067481903813908 16.367361458004954),0.0162205115104392,11.067481903813908,16.367361458004954,False,n/a,1
2025-09-03 15:36:07.726487,436,1,POINT (11.078854251607511 16.37885202007869),0.0161667347076978,11.078854251607511,16.37885202007869,False,n/a,1
2025-09-03 15:36:08.726487,437,1,POINT (11.090208237106967 16.390248863031818),0.0160872936201246,11.090208237106967,16.390248863031818,False,n/a,1
2025-09-03 15:36:09.726487,438,1,POINT (11.101470784351225 16.4014913269081),0.0159134523105027,11.101470784351225,16.4014913269081,False,n/a,1
2025-09-03 15:36:10.726487,439,1,POINT (11.112720906443757 16.412615897840322),0.0158215462431097,11.112720906443757,16.412615897840322,False,n/a,1
2025-09-03 15:36:11.726487,440,1,POINT (11.12390293966196 16.423633018565983),0.0156976054217461,11.12390293966196,16.423633018565983,False,n/a,1
2025-09-03 15:36:12.726487,441,1,POINT (11.135132817613371 16.43454641416324),0.0156592580368884,11.135132817613371,16.43454641416324,False,n/a,1
2025-09-03 15:36:13.726487,442,1,POINT (11.146359278945797 16.445357748942406),0.0155858395268146,11.146359278945797,16.445357748942406,False,n/a,1
2025-09-03 15:36:14.726487,443,1,POINT (11.157617668227395 16.456058192240608),0.0155322508347645,11.157617668227395,16.456058192240608,False,n/a,1
2025-09-03 15:36:15.726487,444,1,POINT (11.168901483946014 16.466628797016966),0.0154616358290354,11.168901483946014,16.466628797016966,False,n/a,1
2025-09-03 15:36:16.726487,445,1,POINT (11.18026840833055 16.47710902685981),0.0154609892155257,11.18026840833055,16.47710902685981,False,n/a,1
2025-09-03 15:36:17.726487,446,1,POINT (11.191693340666752 16.48749664261806),0.0154412318170477,11.191693340666752,16.48749664261806,False,n/a,1
2025-09-03 15:36:18.726487,447,1,POINT (11.203041769168188 16.497771251997058),0.0153086389774928,11.203041769168188,16.497771251997058,False,n/a,1
2025-09-03 15:36:19.726487,448,1,POINT (11.214364684471883 16.507954268189337),0.0152283364077277,11.214364684471883,16.507954268189337,False,n/a,1
2025-09-03 15:36:20.726487,449,1,POINT (11.22555327946584 16.517999486991616),0.0150363253065509,11.22555327946584,16.517999486991616,False,n/a,1
2025-09-03 15:36:21.726487,450,1,POINT (11.236778922271194 16.527972532772335),0.0150158815438084,11.236778922271194,16.527972532772335,False,n/a,1
2025-09-03 15:36:22.726487,451,1,POINT (11.248294058712608 16.536860539813432),0.0145463066249468,11.248294058712608,16.536860539813432,False,n/a,1
2025-09-03 15:36:23.726487,452,1,POINT (11.26009728362879 16.544663806199644),0.014149455279839,11.26009728362879,16.544663806199644,False,n/a,1
2025-09-03 15:36:24.726487,453,1,POINT (11.27221072786424 16.55139398355729),0.0138575184831454,11.27221072786424,16.55139398355729,False,n/a,1
2025-09-03 15:36:25.726487,454,1,POINT (11.284498177455914 16.557043683500428),0.0135240721277077,11.284498177455914,16.557043683500428,False,n/a,1
2025-09-03 15:36:26.726487,455,1,POINT (11.29711569082891 16.561687831315442),0.0134450642484683,11.29711569082891,16.561687831315442,False,n/a,1
2025-09-03 15:36:27.726487,456,1,POINT (11.310098713102386 16.565336420046822),0.0134859581448379,11.310098713102386,16.565336420046822,False,n/a,1
2025-09-03 15:36:28.726487,457,1,POINT (11.32337076494404 16.5679528234638),0.0135274878276751,11.32337076494404,16.5679528234638,False,n/a,1
2025-09-03 15:36:29.726487,458,1,POINT (11.336963939867596 16.56957365724678),0.0136894669967267,11.336963939867596,16.56957365724678,False,n/a,1
2025-09-03 15:36:30.726487,459,1,POINT (11.350803350761382 16.57018484795313),0.0138529003449298,11.350803350761382,16.57018484795313,False,n/a,1
2025-09-03 15:36:31.726487,460,1,POINT (11.364972581510846 16.56984745844111),0.0141732470420294,11.364972581510846,16.56984745844111,False,n/a,1
2025-09-03 15:36:32.726487,461,1,POINT (11.37944195212524 16.56856938759421),0.0145257065599714,11.37944195212524,16.56856938759421,False,n/a,1
2025-09-03 15:36:33.726487,462,1,POINT (11.3941816935877 16.566329541280894),0.0149089533464772,11.3941816935877,16.566329541280894,False,n/a,1
2025-09-03 15:36:34.726487,463,1,POINT (11.409182384357782 16.56315742075241),0.0153324189946281,11.409182384357782,16.56315742075241,False,n/a,1
2025-09-03 15:36:35.726487,464,1,POINT (11.424498978827677 16.559070390951536),0.0158525038636938,11.424498978827677,16.559070390951536,False,n/a,1
2025-09-03 15:36:36.726487,465,1,POINT (11.439739178623006 16.555072205859425),0.0157559250389284,11.439739178623006,16.555072205859425,False,n/a,1
2025-09-03 15:36:37.726487,466,1,POINT (11.454884247500074 16.55117200502372),0.015639203235778,11.454884247500074,16.55117200502372,False,n/a,1
2025-09-03 15:36:38.726487,467,1,POINT (11.46994770094586 16.547345653676032),0.0155418336868366,11.46994770094586,16.547345653676032,False,n/a,1
2025-09-03 15:36:39.726487,468,1,POINT (11.485035440955723 16.543622171883108),0.015540405891337,11.485035440955723,16.543622171883108,False,n/a,1
2025-09-03 15:36:40.726487,469,1,POINT (11.499988755927207 16.539969201195273),0.0153930446462885,11.499988755927207,16.539969201195273,False,n/a,1
2025-09-03 15:36:41.726487,470,1,POINT (11.51495212693358 16.536414847858797),0.0153797236488454,11.51495212693358,16.536414847858797,False,n/a,1
2025-09-03 15:36:42.726487,471,1,POINT (11.52996087748763 16.532957327115987),0.0154018519302266,11.52996087748763,16.532957327115987,False,n/a,1
2025-09-03 15:36:43.726487,472,1,POINT (11.544883676045368 16.529578346877543),0.0153005694092283,11.544883676045368,16.529578346877543,False,n/a,1
2025-09-03 15:36:44.726487,473,1,POINT (11.559793843536946 16.52627274622736),0.0152721999163647,11.559793843536946,16.52627274622736,False,n/a,1
2025-09-03 15:36:45.726487,474,1,POINT (11.574627592046715 16.523027950442163),0.0151844919091389,11.574627592046715,16.523027950442163,False,n/a,1
2025-09-03 15:36:46.726487,475,1,POINT (11.589416074390632 16.519859173685713),0.0151241646436609,11.589416074390632,16.519859173685713,False,n/a,1
2025-09-03 15:36:47.726487,476,1,POINT (11.604290750319242 16.516790153570458),0.0151879843445075,11.604290750319242,16.516790153570458,False,n/a,1
2025-09-03 15:36:48.726487,477,1,POINT (11.619109565902518 16.513783868884488),0.0151206826203127,11.619109565902518,16.513783868884488,False,n/a,1
2025-09-03 15:36:49.726487,478,1,POINT (11.633876719195683 16.510832649423428),0.0150591670649872,11.633876719195683,16.510832649423428,False,n/a,1
2025-09-03 15:36:50.726487,479,1,POINT (11.648604900553842 16.507930527378615),0.0150113836298255,11.648604900553842,16.507930527378615,False,n/a,1
2025-09-03 15:36:51.726487,480,1,POINT (11.663283001809518 16.50510610274468),0.0149473753878282,11.663283001809518,16.50510610274468,False,n/a,1
2025-09-03 15:36:52.726487,481,1,POINT (11.677993380778055 16.50238856338863),0.0149592870668912,11.677993380778055,16.50238856338863,False,n/a,1
2025-09-03 15:36:53.726487,482,1,POINT (11.692712872171391 16.49976514621953),0.0149514462351199,11.692712872171391,16.49976514621953,False,n/a,1
2025-09-03 15:36:54.726487,483,1,POINT (11.70755137744632 16.497224718674378),0.0150544017119978,11.70755137744632,16.497224718674378,False,n/a,1
2025-09-03 15:36:55.726487,484,1,POINT (11.722512894419152 16.494792949006165),0.0151578525473625,11.722512894419152,16.494792949006165,False,n/a,1
2025-09-03 15:36:56.726487,485,1,POINT (11.737510446909416 16.49244255111244),0.0151806110205439,11.737510446909416,16.49244255111244,False,n/a,1
2025-09-03 15:36:57.726487,486,1,POINT (11.752572726796911 16.490155359148257),0.0152349441249468,11.752572726796911,16.490155359148257,False,n/a,1
2025-09-03 15:36:58.726487,487,1,POINT (11.767618016759382 16.487916075460546),0.015211020396044,11.767618016759382,16.487916075460546,False,n/a,1
2025-09-03 15:36:59.726487,488,1,POINT (11.782731807739792 16.485764545150182),0.0152661639083293,11.782731807739792,16.485764545150182,False,n/a,1
2025-09-03 15:37:00.726487,489,1,POINT (11.797776987539432 16.483658999571105),0.0151917990175303,11.797776987539432,16.483658999571105,False,n/a,1
2025-09-03 15:37:01.726487,490,1,POINT (11.812752641750684 16.481608463617558),0.0151153867549502,11.812752641750684,16.481608463617558,False,n/a,1
2025-09-03 15:37:02.726487,491,1,POINT (11.827758139855431 16.479627888137976),0.0151356417968316,11.827758139855431,16.479627888137976,False,n/a,1
2025-09-03 15:37:03.726487,492,1,POINT (11.842821160140277 16.47771853211708),0.0151835509850674,11.842821160140277,16.47771853211708,False,n/a,1
2025-09-03 15:37:04.726487,493,1,POINT (11.857826031253998 16.475871109749075),0.0151181720636187,11.857826031253998,16.475871109749075,False,n/a,1
2025-09-03 15:37:05.726487,494,1,POINT (11.872751864083265 16.47407254142655),0.0150338063596018,11.872751864083265,16.47407254142655,False,n/a,1
2025-09-03 15:37:06.726487,495,1,POINT (11.887652859904088 16.472309217727535),0.0150049654088146,11.887652859904088,16.472309217727535,False,n/a,1
2025-09-03 15:37:07.726487,496,1,POINT (11.902589042625804 16.470600352635543),0.0150336214598846,11.902589042625804,16.470600352635543,False,n/a,1
2025-09-03 15:37:08.726487,497,1,POINT (11.917484099114583 16.46893382670341),0.0149879957461445,11.917484099114583,16.46893382670341,False,n/a,1
2025-09-03 15:37:09.726487,498,1,POINT (11.93241662348889 16.467325780487762),0.0150188580398408,11.93241662348889,16.467325780487762,False,n/a,1
2025-09-03 15:37:10.726487,499,1,POINT (11.947366854144294 16.4657769152443),0.0150302488399943,11.947366854144294,16.4657769152443,False,n/a,1
2025-09-03 15:37:11.726487,500,1,POINT (11.962357526931113 16.464278851636223),0.0150653398625896,11.962357526931113,16.464278851636223,False,n/a,1
2025-09-03 15:37:12.726487,501,1,POINT (11.977388181502858 16.46286172968337),0.0150973113991991,11.977388181502858,16.46286172968337,False,n/a,1
2025-09-03 15:37:13.726487,502,1,POINT (11.99232145602235 16.46147715552336),0.0149973242106397,11.99232145602235,16.46147715552336,False,n/a,1
2025-09-03 15:37:14.726487,503,1,POINT (12.0072969098651 16.460143252397504),0.0150347436075744,12.0072969098651,16.460143252397504,False,n/a,1
2025-09-03 15:37:15.726487,504,1,POINT (12.02226458283525 16.45886503536094),0.0150221527396693,12.02226458283525,16.45886503536094,False,n/a,1
2025-09-03 15:37:16.726487,505,1,POINT (12.037239159153938 16.457613201002523),0.0150268102132524,12.037239159153938,16.457613201002523,False,n/a,1
2025-09-03 15:37:17.726487,506,1,POINT (12.05222103287936 16.45639043254931),0.0150316899587073,12.05222103287936,16.45639043254931,False,n/a,1
2025-09-03 15:37:18.726487,507,1,POINT (12.067271544949277 16.455218972341818),0.0150960336706174,12.067271544949277,16.455218972341818,False,n/a,1
2025-09-03 15:37:19.726487,508,1,POINT (12.08238515523712 16.454098545327447),0.0151550840521382,12.08238515523712,16.454098545327447,False,n/a,1
2025-09-03 15:37:20.726487,509,1,POINT (12.09752328775146 16.45300966369243),0.0151772434663471,12.09752328775146,16.45300966369243,False,n/a,1
2025-09-03 15:37:21.726487,510,1,POINT (12.11250052622166 16.451957071464122),0.0150141807166537,12.11250052622166,16.451957071464122,False,n/a,1
2025-09-03 15:37:22.726487,511,1,POINT (12.12752613367478 16.450944499578277),0.0150596872862358,12.12752613367478,16.450944499578277,False,n/a,1
2025-09-03 15:37:23.726487,512,1,POINT (12.14249139008666 16.449963745090034),0.0149973590621659,12.14249139008666,16.449963745090034,False,n/a,1
2025-09-03 15:37:24.726487,513,1,POINT (12.157407229080658 16.449015279549382),0.0149459639962325,12.157407229080658,16.449015279549382,False,n/a,1
2025-09-03 15:37:25.726487,514,1,POINT (12.172261151414045 16.448101997582423),0.0148819720681572,12.172261151414045,16.448101997582423,False,n/a,1
2025-09-03 15:37:26.726487,515,1,POINT (12.187051890834455 16.447205425274234),0.0148178883281781,12.187051890834455,16.447205425274234,False,n/a,1
2025-09-03 15:37:27.726487,516,1,POINT (12.201900940354466 16.446363233071974),0.0148729136134547,12.201900940354466,16.446363233071974,False,n/a,1
2025-09-03 15:37:28.726487,517,1,POINT (12.216749863151058 16.445595922834233),0.0148687347551863,12.216749863151058,16.445595922834233,False,n/a,1
2025-09-03 15:37:29.726487,518,1,POINT (12.231497014450168 16.44483110731188),0.0147669703806187,12.231497014450168,16.44483110731188,False,n/a,1
2025-09-03 15:37:30.726487,519,1,POINT (12.24622751681448 16.444106777310648),0.014748300032739,12.24622751681448,16.444106777310648,False,n/a,1
2025-09-03 15:37:31.726487,520,1,POINT (12.261007505429976 16.443408932106777),0.0147964540144845,12.261007505429976,16.443408932106777,False,n/a,1
2025-09-03 15:37:32.726487,521,1,POINT (12.275771963519556 16.44274130491674),0.0147795449437318,12.275771963519556,16.44274130491674,False,n/a,1
2025-09-03 15:37:33.726487,522,1,POINT (12.290506754318695 16.442088041758577),0.0147492648172121,12.290506754318695,16.442088041758577,False,n/a,1
2025-09-03 15:37:34.726487,523,1,POINT (12.305330420184951 16.441465296518597),0.0148367409274536,12.305330420184951,16.441465296518597,False,n/a,1
2025-09-03 15:37:35.726487,524,1,POINT (12.320062015327563 16.441911712884547),0.0147383575413821,12.320062015327563,16.441911712884547,False,n/a,1
2025-09-03 15:37:36.726487,525,1,POINT (12.334690841463928 16.443418024842995),0.014706173188294,12.334690841463928,16.443418024842995,False,n/a,1
2025-09-03 15:37:37.726487,526,1,POINT (12.349197186151535 16.44596183491294),0.0147276951987632,12.349197186151535,16.44596183491294,False,n/a,1
2025-09-03 15:37:38.726487,527,1,POINT (12.363618902000097 16.449539488769673),0.0148588524164956,12.363618902000097,16.449539488769673,False,n/a,1
2025-09-03 15:37:39.726487,528,1,POINT (12.377924987910427 16.454127928532305),0.0150239100612678,12.377924987910427,16.454127928532305,False,n/a,1
2025-09-03 15:37:40.726487,529,1,POINT (12.392192127830889 16.459733503412313),0.0153288535528718,12.392192127830889,16.459733503412313,False,n/a,1
2025-09-03 15:37:41.726487,530,1,POINT (12.406378965972268 16.46633367866066),0.0156470025806411,12.406378965972268,16.46633367866066,False,n/a,1
2025-09-03 15:37:42.726487,531,1,POINT (12.420289360688306 16.473889237782057),0.0158298943392844,12.420289360688306,16.473889237782057,False,n/a,1
2025-09-03 15:37:43.726487,532,1,POINT (12.43408768458178 16.482407387837544),0.016215813967761,12.43408768458178,16.482407387837544,False,n/a,1
2025-09-03 15:37:44.726487,533,1,POINT (12.447861165127506 16.491881632785823),0.0167173587532077,12.447861165127506,16.491881632785823,False,n/a,1
2025-09-03 15:37:45.726487,534,1,POINT (12.461583770198311 16.5022994509308),0.0172290691806345,12.461583770198311,16.5022994509308,False,n/a,1
2025-09-03 15:37:46.726487,535,1,POINT (12.475109091359872 16.51368066751163),0.0176767192482972,12.475109091359872,16.51368066751163,False,n/a,1
2025-09-03 15:37:47.726487,536,1,POINT (12.488561984105171 16.525991224378895),0.0182354087861697,12.488561984105171,16.525991224378895,False,n/a,1
2025-09-03 15:37:48.726487,537,1,POINT (12.50172131889646 16.539199622114367),0.0186448347508811,12.50172131889646,16.539199622114367,False,n/a,1
2025-09-03 15:37:49.726487,538,1,POINT (12.514739962742963 16.553305870176146),0.0191956068406943,12.514739962742963,16.553305870176146,False,n/a,1
2025-09-03 15:37:50.726487,539,1,POINT (12.527606035782556 16.568299514269704),0.0197571556319328,12.527606035782556,16.568299514269704,False,n/a,1
2025-09-03 15:37:51.726487,540,1,POINT (12.540294648803124 16.583104925164204),0.0194987459119992,12.540294648803124,16.583104925164204,False,n/a,1
2025-09-03 15:37:52.726487,541,1,POINT (12.55293529178772 16.597766565233467),0.0193584489199073,12.55293529178772,16.597766565233467,False,n/a,1
2025-09-03 15:37:53.726487,542,1,POINT (12.565616585643516 16.61228063905582),0.0192736491816623,12.565616585643516,16.61228063905582,False,n/a,1
2025-09-03 15:37:54.726487,543,1,POINT (12.578310771394634 16.626641089313395),0.0191667650761444,12.578310771394634,16.626641089313395,False,n/a,1
2025-09-03 15:37:55.726487,544,1,POINT (12.59093606120299 16.640827269180694),0.0189906724992123,12.59093606120299,16.640827269180694,False,n/a,1
2025-09-03 15:37:56.726487,545,1,POINT (12.603532932431063 16.654855990966162),0.0188543416663318,12.603532932431063,16.654855990966162,False,n/a,1
2025-09-03 15:37:57.726487,546,1,POINT (12.616186991524671 16.668766145808252),0.0188047233235548,12.616186991524671,16.668766145808252,False,n/a,1
2025-09-03 15:37:58.726487,547,1,POINT (12.628915429706918 16.682560276689838),0.0187694215504246,12.628915429706918,16.682560276689838,False,n/a,1
2025-09-03 15:37:59.726487,548,1,POINT (12.64159606766402 16.6961882903879),0.0186150835709567,12.64159606766402,16.6961882903879,False,n/a,1
2025-09-03 15:38:00.726487,549,1,POINT (12.654424604693386 16.709720008734458),0.0186461460823497,12.654424604693386,16.709720008734458,False,n/a,1
2025-09-03 15:38:01.726487,550,1,POINT (12.667256709362428 16.723103545470813),0.0185413582515039,12.667256709362428,16.723103545470813,False,n/a,1
2025-09-03 15:38:02.726487,551,1,POINT (12.68026400603245 16.73532033433102),0.0178448787251947,12.68026400603245,16.73532033433102,False,n/a,1
2025-09-03 15:38:03.726487,552,1,POINT (12.69348781319323 16.746381186109346),0.0172398236037247,12.69348781319323,16.746381186109346,False,n/a,1
2025-09-03 15:38:04.726487,553,1,POINT (12.706923415896789 16.756301349197805),0.0167010495391613,12.706923415896789,16.756301349197805,False,n/a,1
2025-09-03 15:38:05.726487,554,1,POINT (12.720645812434864 16.76513672853092),0.0163207871963389,12.720645812434864,16.76513672853092,False,n/a,1
2025-09-03 15:38:06.726487,555,1,POINT (12.734629126783748 16.772875642527417),0.0159819857972939,12.734629126783748,16.772875642527417,False,n/a,1
2025-09-03 15:38:07.726487,556,1,POINT (12.74881655055588 16.7795590444416),0.0156828203597638,12.74881655055588,16.7795590444416,False,n/a,1
2025-09-03 15:38:08.726487,557,1,POINT (12.763314306804974 16.7852115730706),0.0155607202969449,12.763314306804974,16.7852115730706,False,n/a,1
2025-09-03 15:38:09.726487,558,1,POINT (12.77807717439872 16.78982120745262),0.0154658006170497,12.77807717439872,16.78982120745262,False,n/a,1
2025-09-03 15:38:10.726487,559,1,POINT (12.793085514086473 16.793381670614927),0.0154248876207624,12.793085514086473,16.793381670614927,False,n/a,1
2025-09-03 15:38:11.726487,560,1,POINT (12.80833628016242 16.795936328624705),0.0154632513867619,12.80833628016242,16.795936328624705,False,n/a,1
2025-09-03 15:38:12.726487,561,1,POINT (12.82385795230388 16.797505926197214),0.0156008314716414,12.82385795230388,16.797505926197214,False,n/a,1
2025-09-03 15:38:13.726487,562,1,POINT (12.839678490966984 16.798119389827946),0.0158324281529091,12.839678490966984,16.798119389827946,False,n/a,1
2025-09-03 15:38:14.726487,563,1,POINT (12.855709933647836 16.79774950317206),0.0160357092318269,12.855709933647836,16.79774950317206,False,n/a,1
2025-09-03 15:38:15.726487,564,1,POINT (12.872048072540066 16.796449540118665),0.0163897738362047,12.872048072540066,16.796449540118665,False,n/a,1
2025-09-03 15:38:16.726487,565,1,POINT (12.88871456371808 16.79423485776585),0.0168129933715161,12.88871456371808,16.79423485776585,False,n/a,1
2025-09-03 15:38:17.726487,566,1,POINT (12.905587815051364 16.791070805269435),0.0171673480408678,12.905587815051364,16.791070805269435,False,n/a,1
2025-09-03 15:38:18.726487,567,1,POINT (12.922658101821003 16.786969536503122),0.0175560558181859,12.922658101821003,16.786969536503122,False,n/a,1
2025-09-03 15:38:19.726487,568,1,POINT (12.939923199216755 16.781944361838818),0.0179815452197959,12.939923199216755,16.781944361838818,False,n/a,1
2025-09-03 15:38:20.726487,569,1,POINT (12.957383733347852 16.77600396267904),0.0184433889055307,12.957383733347852,16.77600396267904,False,n/a,1
2025-09-03 15:38:21.726487,570,1,POINT (12.975027886885766 16.76915722028972),0.0189260147790071,12.975027886885766,16.76915722028972,False,n/a,1
2025-09-03 15:38:22.726487,571,1,POINT (12.99255210419564 16.762412555290982),0.0187773453466916,12.99255210419564,16.762412555290982,False,n/a,1
2025-09-03 15:38:23.726487,572,1,POINT (13.0100007647743 16.755794015565364),0.0186617476161499,13.0100007647743,16.755794015565364,False,n/a,1
2025-09-03 15:38:24.726487,573,1,POINT (13.027260214014015 16.74927232058712),0.0184505038805864,13.027260214014015,16.74927232058712,False,n/a,1
2025-09-03 15:38:25.726487,574,1,POINT (13.04445817836942 16.74286941673458),0.0183512167366271,13.04445817836942,16.74286941673458,False,n/a,1
2025-09-03 15:38:26.726487,575,1,POINT (13.061584470962456 16.736591899420237),0.0182405351241173,13.061584470962456,16.736591899420237,False,n/a,1
2025-09-03 15:38:27.726487,576,1,POINT (13.078680182096743 16.730428341880284),0.0181728583534718,13.078680182096743,16.730428341880284,False,n/a,1
2025-09-03 15:38:28.726487,577,1,POINT (13.095745814929735 16.724370705812337),0.0181088591225985,13.095745814929735,16.724370705812337,False,n/a,1
2025-09-03 15:38:29.726487,578,1,POINT (13.112640397525873 16.71838654010678),0.0179230901434226,13.112640397525873,16.71838654010678,False,n/a,1
2025-09-03 15:38:30.726487,579,1,POINT (13.12940265114248 16.712472282381206),0.017775027165998,13.12940265114248,16.712472282381206,False,n/a,1
2025-09-03 15:38:31.726487,580,1,POINT (13.146144663427917 16.70666756185117),0.0177197560874157,13.146144663427917,16.70666756185117,False,n/a,1
2025-09-03 15:38:32.726487,581,1,POINT (13.162814618080144 16.700979276886205),0.0176137438936198,13.162814618080144,16.700979276886205,False,n/a,1
2025-09-03 15:38:33.726487,582,1,POINT (13.179465626209206 16.69539719142175),0.0175617695533945,13.179465626209206,16.69539719142175,False,n/a,1
2025-09-03 15:38:34.726487,583,1,POINT (13.196016104718472 16.68989012561367),0.0174426521119995,13.196016104718472,16.68989012561367,False,n/a,1
2025-09-03 15:38:35.726487,584,1,POINT (13.212485477094017 16.684489622846606),0.0173322144165524,13.212485477094017,16.684489622846606,False,n/a,1
2025-09-03 15:38:36.726487,585,1,POINT (13.228939490594849 16.679175999373637),0.0172907245278514,13.228939490594849,16.679175999373637,False,n/a,1
2025-09-03 15:38:37.726487,586,1,POINT (13.245343345839007 16.67395500888255),0.0172146800312824,13.245343345839007,16.67395500888255,False,n/a,1
2025-09-03 15:38:38.726487,587,1,POINT (13.261716710247349 16.668832277294122),0.0171560322037286,13.261716710247349,16.668832277294122,False,n/a,1
2025-09-03 15:38:39.726487,588,1,POINT (13.27840692850042 16.66208042813447),0.0180041898570819,13.27840692850042,16.66208042813447,False,n/a,1
2025-09-03 15:38:40.726487,589,1,POINT (13.295267908060598 16.653666524304967),0.0188437366087745,13.295267908060598,16.653666524304967,False,n/a,1
2025-09-03 15:38:41.726487,590,1,POINT (13.31224325675652 16.643571014711938),0.0197504880266561,13.31224325675652,16.643571014711938,False,n/a,1
2025-09-03 15:38:42.726487,591,1,POINT (13.329273163284418 16.631774830618294),0.0207163625069665,13.329273163284418,16.631774830618294,False,n/a,1
2025-09-03 15:38:43.726487,592,1,POINT (13.34636029860154 16.618267183755965),0.0217813387353259,13.34636029860154,16.618267183755965,False,n/a,1
2025-09-03 15:38:44.726487,593,1,POINT (13.363606535024092 16.603047699416656),0.0230014211364666,13.363606535024092,16.603047699416656,False,n/a,1
2025-09-03 15:38:45.726487,594,1,POINT (13.380841662651148 16.586086450318525),0.0241812653781736,13.380841662651148,16.586086450318525,False,n/a,1
2025-09-03 15:38:46.726487,595,1,POINT (13.398041087792167 16.5673705519413),0.0254185970747456,13.398041087792167,16.5673705519413,False,n/a,1
2025-09-03 15:38:47.726487,596,1,POINT (13.41518906245016 16.546895241927132),0.0267075149545467,13.41518906245016,16.546895241927132,False,n/a,1
2025-09-03 15:38:48.726487,597,1,POINT (13.432141751489036 16.524680222013213),0.0279446019013453,13.432141751489036,16.524680222013213,False,n/a,1
2025-09-03 15:38:49.726487,598,1,POINT (13.449076236006547 16.500759228069594),0.0293085434152656,13.449076236006547,16.500759228069594,False,n/a,1
2025-09-03 15:38:50.726487,599,1,POINT (13.465787493902244 16.475134260052435),0.0305925665209194,13.465787493902244,16.475134260052435,False,n/a,1
2025-09-03 15:38:51.726487,600,1,POINT (13.482142911086584 16.447822274697234),0.0318346386082283,13.482142911086584,16.447822274697234,False,n/a,1
2025-09-03 15:38:52.726487,601,1,POINT (13.498021005093436 16.418818126668285),0.0330659110289687,13.498021005093436,16.418818126668285,False,n/a,1
2025-09-03 15:38:53.726487,602,1,POINT (13.513544446502191 16.388176250712522),0.0343496986196301,13.513544446502191,16.388176250712522,False,n/a,1
2025-09-03 15:38:54.726487,603,1,POINT (13.52855329891621 16.355913249345946),0.0355832391438083,13.52855329891621,16.355913249345946,False,n/a,1
2025-09-03 15:38:55.726487,604,1,POINT (13.543118208581266 16.324068636845784),0.0350173662464316,13.543118208581266,16.324068636845784,False,n/a,1
2025-09-03 15:38:56.726487,605,1,POINT (13.557327469828174 16.29359431367846),0.033624209696129,13.557327469828174,16.29359431367846,False,n/a,1
2025-09-03 15:38:57.726487,606,1,POINT (13.57119745554457 16.26450755799121),0.0322244605879289,13.57119745554457,16.26450755799121,False,n/a,1
2025-09-03 15:38:58.726487,607,1,POINT (13.584701531686695 16.23682063069436),0.0308046427603586,13.584701531686695,16.23682063069436,False,n/a,1
2025-09-03 15:38:59.726487,608,1,POINT (13.597800279803325 16.210539360214526),0.0293646450728942,13.597800279803325,16.210539360214526,False,n/a,1
2025-09-03 15:39:00.726487,609,1,POINT (13.610557566758075 16.185652743327235),0.0279659090776732,13.610557566758075,16.185652743327235,False,n/a,1
2025-09-03 15:39:01.726487,610,1,POINT (13.623182924088802 16.162121051853152),0.0267046840715246,13.623182924088802,16.162121051853152,False,n/a,1
2025-09-03 15:39:02.726487,611,1,POINT (13.63572920910939 16.139928601220433),0.0254934135200354,13.63572920910939,16.139928601220433,False,n/a,1
2025-09-03 15:39:03.726487,612,1,POINT (13.648281699382688 16.119040002894753),0.0243700338956024,13.648281699382688,16.119040002894753,False,n/a,1
2025-09-03 15:39:04.726487,613,1,POINT (13.660900872969908 16.099611068388707),0.0231673701154144,13.660900872969908,16.099611068388707,False,n/a,1
2025-09-03 15:39:05.726487,614,1,POINT (13.673541525045644 16.081662164209227),0.0219533424822723,13.673541525045644,16.081662164209227,False,n/a,1
2025-09-03 15:39:06.726487,615,1,POINT (13.68634037433319 16.06518592722175),0.0208632914074651,13.68634037433319,16.06518592722175,False,n/a,1
2025-09-03 15:39:07.726487,616,1,POINT (13.699219676322976 16.050208135731655),0.0197537504708577,13.699219676322976,16.050208135731655,False,n/a,1
2025-09-03 15:39:08.726487,617,1,POINT (13.712328257895054 16.036716870906957),0.0188108781666872,13.712328257895054,16.036716870906957,False,n/a,1
2025-09-03 15:39:09.726487,618,1,POINT (13.725642930480872 16.024728645039023),0.0179164188812437,13.725642930480872,16.024728645039023,False,n/a,1
2025-09-03 15:39:10.726487,619,1,POINT (13.73918294722616 16.014252689084714),0.0171195124527327,13.73918294722616,16.014252689084714,False,n/a,1
2025-09-03 15:39:11.726487,620,1,POINT (13.753015055082503 16.005289090258895),0.0164825153317002,13.753015055082503,16.005289090258895,False,n/a,1
2025-09-03 15:39:12.726487,621,1,POINT (13.76721213281558 15.99783613558487),0.0160344488378012,13.76721213281558,15.99783613558487,False,n/a,1
2025-09-03 15:39:13.726487,622,1,POINT (13.78169389828676 15.99192152152282),0.0156430237059624,13.78169389828676,15.99192152152282,False,n/a,1
2025-09-03 15:39:14.726487,623,1,POINT (13.796525245717469 15.987545063708398),0.015463578163277,13.796525245717469,15.987545063708398,False,n/a,1
2025-09-03 15:39:15.726487,624,1,POINT (13.811648682477497 15.98473053345343),0.0153831050178661,13.811648682477497,15.98473053345343,False,n/a,1
2025-09-03 15:39:16.726487,625,1,POINT (13.82710811587097 15.983481835406458),0.0155097816767279,13.82710811587097,15.983481835406458,False,n/a,1
2025-09-03 15:39:17.726487,626,1,POINT (13.842944152597454 15.983803599612632),0.0158393052690736,13.842944152597454,15.983803599612632,False,n/a,1
2025-09-03 15:39:18.726487,627,1,POINT (13.8590677945065 15.985725914858005),0.0162378300370991,13.8590677945065,15.985725914858005,False,n/a,1
2025-09-03 15:39:19.726487,628,1,POINT (13.875371061752162 15.989282004047046),0.0166865902210102,13.875371061752162,15.989282004047046,False,n/a,1
2025-09-03 15:39:20.726487,629,1,POINT (13.891735932884613 15.993810184055148),0.0169797945030996,13.891735932884613,15.993810184055148,False,n/a,1
2025-09-03 15:39:21.726487,630,1,POINT (13.908266249768428 15.999279674305548),0.0174116828560179,13.908266249768428,15.999279674305548,False,n/a,1
2025-09-03 15:39:22.726487,631,1,POINT (13.924927261637194 16.005669249642207),0.0178442144538226,13.924927261637194,16.005669249642207,False,n/a,1
2025-09-03 15:39:23.726487,632,1,POINT (13.94165968680091 16.012984047767407),0.0182614436305518,13.94165968680091,16.012984047767407,False,n/a,1
2025-09-03 15:39:24.726487,633,1,POINT (13.95840371653088 16.02123858235875),0.0186681512988775,13.95840371653088,16.02123858235875,False,n/a,1
2025-09-03 15:39:25.726487,634,1,POINT (13.97531633853934 16.03038833860116),0.0192290099198201,13.97531633853934,16.03038833860116,False,n/a,1
2025-09-03 15:39:26.726487,635,1,POINT (13.992181710999867 16.040462264003985),0.0196449678354024,13.992181710999867,16.040462264003985,False,n/a,1
2025-09-03 15:39:27.726487,636,1,POINT (14.00898790325369 16.05146467089933),0.0200873357009621,14.00898790325369,16.05146467089933,False,n/a,1
2025-09-03 15:39:28.726487,637,1,POINT (14.025747241808206 16.063354699164655),0.0205486788124,14.025747241808206,16.063354699164655,False,n/a,1
2025-09-03 15:39:29.726487,638,1,POINT (14.042493798287964 16.076124504679285),0.0210597978815368,14.042493798287964,16.076124504679285,False,n/a,1
2025-09-03 15:39:30.726487,639,1,POINT (14.059219758935612 16.089766366414967),0.021583747385524,14.059219758935612,16.089766366414967,False,n/a,1
2025-09-03 15:39:31.726487,640,1,POINT (14.075801340731209 16.10429970315362),0.0220491889103238,14.075801340731209,16.10429970315362,False,n/a,1
2025-09-03 15:39:32.726487,641,1,POINT (14.092376679232943 16.119675932547644),0.0226090750988342,14.092376679232943,16.119675932547644,False,n/a,1
2025-09-03 15:39:33.726487,642,1,POINT (14.109072982628858 16.135852285756073),0.0232473858791107,14.109072982628858,16.135852285756073,False,n/a,1
2025-09-03 15:39:34.726487,643,1,POINT (14.125637199720998 16.152862055234472),0.0237424839809114,14.125637199720998,16.152862055234472,False,n/a,1
2025-09-03 15:39:35.726487,644,1,POINT (14.14214328425763 16.17066981076224),0.024281000466769,14.14214328425763,16.17066981076224,False,n/a,1
2025-09-03 15:39:36.726487,645,1,POINT (14.158621109124748 16.189278719152405),0.024855787732938,14.158621109124748,16.189278719152405,False,n/a,1
2025-09-03 15:39:37.726487,646,1,POINT (14.17499289633511 16.208697556571746),0.0253993437549128,14.17499289633511,16.208697556571746,False,n/a,1
2025-09-03 15:39:38.726487,647,1,POINT (14.191185345454752 16.228916549894823),0.0259037275211657,14.191185345454752,16.228916549894823,False,n/a,1
2025-09-03 15:39:39.726487,648,1,POINT (14.207198560682196 16.249942970072315),0.026429782583307,14.207198560682196,16.249942970072315,False,n/a,1
2025-09-03 15:39:40.726487,649,1,POINT (14.22292165485611 16.27071745495808),0.026053692879719,14.22292165485611,16.27071745495808,False,n/a,1
2025-09-03 15:39:41.726487,650,1,POINT (14.23842300688589 16.291225484867326),0.0257074153798009,14.23842300688589,16.291225484867326,False,n/a,1
2025-09-03 15:39:42.726487,651,1,POINT (14.253735133948595 16.311482162405),0.0253927985864047,14.253735133948595,16.311482162405,False,n/a,1
2025-09-03 15:39:43.726487,652,1,POINT (14.268813466478152 16.33149692635217),0.0250588684447807,14.268813466478152,16.33149692635217,False,n/a,1
2025-09-03 15:39:44.726487,653,1,POINT (14.283621098613985 16.351254453417226),0.0246906023660136,14.283621098613985,16.351254453417226,False,n/a,1
2025-09-03 15:39:45.726487,654,1,POINT (14.29821597125042 16.370740255482772),0.0243455702215288,14.29821597125042,16.370740255482772,False,n/a,1
2025-09-03 15:39:46.726487,655,1,POINT (14.312616452591222 16.38997528342232),0.0240283200137248,14.312616452591222,16.38997528342232,False,n/a,1
2025-09-03 15:39:47.726487,656,1,POINT (14.3268857859467 16.408959424323548),0.023748925873973,14.3268857859467,16.408959424323548,False,n/a,1
2025-09-03 15:39:48.726487,657,1,POINT (14.341007503983947 16.427712805643665),0.0234757796731283,14.341007503983947,16.427712805643665,False,n/a,1
2025-09-03 15:39:49.726487,658,1,POINT (14.35499068778861 16.446246738211055),0.0232171506806395,14.35499068778861,16.446246738211055,False,n/a,1
2025-09-03 15:39:50.726487,659,1,POINT (14.368856433413615 16.464561077148005),0.0229711539204031,14.368856433413615,16.464561077148005,False,n/a,1
2025-09-03 15:39:51.726487,660,1,POINT (14.38256643575272 16.48266187005309),0.0227068903183803,14.38256643575272,16.48266187005309,False,n/a,1
2025-09-03 15:39:52.726487,661,1,POINT (14.396109828965889 16.5005221526595),0.0224145754924634,14.396109828965889,16.5005221526595,False,n/a,1
2025-09-03 15:39:53.726487,662,1,POINT (14.409559223611458 16.518162651969682),0.0221827282416933,14.409559223611458,16.518162651969682,False,n/a,1
2025-09-03 15:39:54.726487,663,1,POINT (14.422856526683296 16.535589875053745),0.0219209117831807,14.422856526683296,16.535589875053745,False,n/a,1
2025-09-03 15:39:55.726487,664,1,POINT (14.436150634445108 16.551754155138084),0.0209288616945033,14.436150634445108,16.551754155138084,False,n/a,1
2025-09-03 15:39:56.726487,665,1,POINT (14.449582468469249 16.56669316913992),0.0200895073259433,14.449582468469249,16.56669316913992,False,n/a,1
2025-09-03 15:39:57.726487,666,1,POINT (14.462929434016036 16.581470420250923),0.0199125246943919,14.462929434016036,16.581470420250923,False,n/a,1
2025-09-03 15:39:58.726487,667,1,POINT (14.47625839398358 16.596076793349496),0.0197739047461834,14.47625839398358,16.596076793349496,False,n/a,1
2025-09-03 15:39:59.726487,668,1,POINT (14.489547405782456 16.61052332727998),0.0196290646031668,14.489547405782456,16.61052332727998,False,n/a,1
2025-09-03 15:40:00.726487,669,1,POINT (14.502902597149324 16.624809946811823),0.0195568053140907,14.502902597149324,16.624809946811823,False,n/a,1
2025-09-03 15:40:01.726487,670,1,POINT (14.516297861754513 16.638959020928873),0.0194840809948209,14.516297861754513,16.638959020928873,False,n/a,1
2025-09-03 15:40:02.726487,671,1,POINT (14.52966763037487 16.65295067959488),0.0193524475244868,14.52966763037487,16.65295067959488,False,n/a,1
2025-09-03 15:40:03.726487,672,1,POINT (14.54290213175119 16.66676249082443),0.0191289873260571,14.54290213175119,16.66676249082443,False,n/a,1
2025-09-03 15:40:04.726487,673,1,POINT (14.556127073482529 16.6804366399995),0.0190231816334544,14.556127073482529,16.6804366399995,False,n/a,1
2025-09-03 15:40:05.726487,674,1,POINT (14.569299593266765 16.69394563111417),0.0188681774001174,14.569299593266765,16.69394563111417,False,n/a,1
2025-09-03 15:40:06.726487,675,1,POINT (14.582507485908453 16.707304653194342),0.0187859495094851,14.582507485908453,16.707304653194342,False,n/a,1
2025-09-03 15:40:07.726487,676,1,POINT (14.595787160986289 16.72054037572418),0.0187492432129867,14.595787160986289,16.72054037572418,False,n/a,1
2025-09-03 15:40:08.726487,677,1,POINT (14.608969418855889 16.733628059549186),0.0185757742892187,14.608969418855889,16.733628059549186,False,n/a,1
2025-09-03 15:40:09.726487,678,1,POINT (14.622060627144393 16.746586299607806),0.018419981538259,14.622060627144393,16.746586299607806,False,n/a,1
2025-09-03 15:40:10.726487,679,1,POINT (14.635144112078244 16.75941660693144),0.0183246927404845,14.635144112078244,16.75941660693144,False,n/a,1
2025-09-03 15:40:11.726487,680,1,POINT (14.648061951582422 16.772073183039396),0.0180847863197833,14.648061951582422,16.772073183039396,False,n/a,1
2025-09-03 15:40:12.726487,681,1,POINT (14.661014532784352 16.78462840641408),0.0180389299511033,14.661014532784352,16.78462840641408,False,n/a,1
2025-09-03 15:40:13.726487,682,1,POINT (14.67419733431916 16.79601822508676),0.0174216596713006,14.67419733431916,16.79601822508676,False,n/a,1
2025-09-03 15:40:14.726487,683,1,POINT (14.68765056223221 16.80630450398022),0.0169350782329022,14.68765056223221,16.80630450398022,False,n/a,1
2025-09-03 15:40:15.726487,684,1,POINT (14.701152309989636 16.816514358649897),0.0169274429516423,14.701152309989636,16.816514358649897,False,n/a,1
2025-09-03 15:40:16.726487,685,1,POINT (14.7146739887601 16.826650942954338),0.0168992940128475,14.7146739887601,16.826650942954338,False,n/a,1
2025-09-03 15:40:17.726487,686,1,POINT (14.72828058015662 16.836738024120283),0.0169377842671417,14.72828058015662,16.836738024120283,False,n/a,1
2025-09-03 15:40:18.726487,687,1,POINT (14.741907640417656 16.846714574281485),0.0168887040496556,14.741907640417656,16.846714574281485,False,n/a,1
2025-09-03 15:40:19.726487,688,1,POINT (14.755581523027502 16.85661195881271),0.0168799670078696,14.755581523027502,16.85661195881271,False,n/a,1
2025-09-03 15:40:20.726487,689,1,POINT (14.76946882167357 16.86645810938613),0.0170236231396124,14.76946882167357,16.86645810938613,False,n/a,1
2025-09-03 15:40:21.726487,690,1,POINT (14.783317707404724 16.876216042782794),0.0169413370242233,14.783317707404724,16.876216042782794,False,n/a,1
2025-09-03 15:40:22.726487,691,1,POINT (14.79725776222529 16.88593393269735),0.0169930136465469,14.79725776222529,16.88593393269735,False,n/a,1
2025-09-03 15:40:23.726487,692,1,POINT (14.811259390573587 16.895589376341636),0.0170080330541743,14.811259390573587,16.895589376341636,False,n/a,1
2025-09-03 15:40:24.726487,693,1,POINT (14.82524656086913 16.905156537471868),0.0169461353992094,14.82524656086913,16.905156537471868,False,n/a,1
2025-09-03 15:40:25.726487,694,1,POINT (14.839362030725916 16.914680770003407),0.0170281383184625,14.839362030725916,16.914680770003407,False,n/a,1
2025-09-03 15:40:26.726487,695,1,POINT (14.853500394104028 16.92414074289782),0.0170113023068343,14.853500394104028,16.92414074289782,False,n/a,1
2025-09-03 15:40:27.726487,696,1,POINT (14.86769847209991 16.933560139483873),0.0170384990777509,14.86769847209991,16.933560139483873,False,n/a,1
2025-09-03 15:40:28.726487,697,1,POINT (14.88197507757624 16.94295189260666),0.0170887825969612,14.88197507757624,16.94295189260666,False,n/a,1
2025-09-03 15:40:29.726487,698,1,POINT (14.89624790020532 16.95227788364349),0.0170495622999584,14.89624790020532,16.95227788364349,False,n/a,1
2025-09-03 15:40:30.726487,699,1,POINT (14.9104568317259 16.96153149045751),0.0169565024113174,14.9104568317259,16.96153149045751,False,n/a,1
2025-09-03 15:40:31.726487,700,1,POINT (14.924934093980026 16.969702384982963),0.0166239177007345,14.924934093980026,16.969702384982963,False,n/a,1
2025-09-03 15:40:32.726487,701,1,POINT (14.939644163575258 16.976780704723836),0.0163244833869438,14.939644163575258,16.976780704723836,False,n/a,1
2025-09-03 15:40:33.726487,702,1,POINT (14.954688772229431 16.98281193440147),0.0162085156933533,14.954688772229431,16.98281193440147,False,n/a,1
2025-09-03 15:40:34.726487,703,1,POINT (14.9699282531887 16.987780571484485),0.0160290091512419,14.9699282531887,16.987780571484485,False,n/a,1
2025-09-03 15:40:35.726487,704,1,POINT (14.985461582065849 16.991728651701234),0.0160272157096434,14.985461582065849,16.991728651701234,False,n/a,1
2025-09-03 15:40:36.726487,705,1,POINT (15.001304266845656 16.994675540266634),0.0161144287286046,15.001304266845656,16.994675540266634,False,n/a,1
2025-09-03 15:40:37.726487,706,1,POINT (15.017450203553622 16.996649942854376),0.0162662084628265,15.017450203553622,16.996649942854376,False,n/a,1
2025-09-03 15:40:38.726487,707,1,POINT (15.033878902372388 16.997654266896145),0.0164593685072846,15.033878902372388,16.997654266896145,False,n/a,1
2025-09-03 15:40:39.726487,708,1,POINT (15.050459986061032 16.99763057826388),0.0165811006100654,15.050459986061032,16.99763057826388,False,n/a,1
2025-09-03 15:40:40.726487,709,1,POINT (15.067349914807467 16.99665213457482),0.0169182459230359,15.067349914807467,16.99665213457482,False,n/a,1
2025-09-03 15:40:41.726487,710,1,POINT (15.084587452898566 16.99473452718593),0.0173438731989137,15.084587452898566,16.99473452718593,False,n/a,1
2025-09-03 15:40:42.726487,711,1,POINT (15.102101942856711 16.99188066812449),0.0177454746354273,15.102101942856711,16.99188066812449,False,n/a,1
2025-09-03 15:40:43.726487,712,1,POINT (15.119837835422274 16.988066863269008),0.0181413062532119,15.119837835422274,16.988066863269008,False,n/a,1
2025-09-03 15:40:44.726487,713,1,POINT (15.137850497927804 16.98333558781947),0.0186236671447252,15.137850497927804,16.98333558781947,False,n/a,1
2025-09-03 15:40:45.726487,714,1,POINT (15.156050272428324 16.97767707286714),0.019059133855858,15.156050272428324,16.97767707286714,False,n/a,1
2025-09-03 15:40:46.726487,715,1,POINT (15.174492355788775 16.971114767849798),0.0195748380788829,15.174492355788775,16.971114767849798,False,n/a,1
2025-09-03 15:40:47.726487,716,1,POINT (15.19312372213288 16.963680587984214),0.0200597817067404,15.19312372213288,16.963680587984214,False,n/a,1
2025-09-03 15:40:48.726487,717,1,POINT (15.211877611044509 16.955346594342892),0.0205222756857824,15.211877611044509,16.955346594342892,False,n/a,1
2025-09-03 15:40:49.726487,718,1,POINT (15.230766502690486 16.94610575231171),0.0210281570533131,15.230766502690486,16.94610575231171,False,n/a,1
2025-09-03 15:40:50.726487,719,1,POINT (15.24972977804941 16.93598721889646),0.0214939649858718,15.24972977804941,16.93598721889646,False,n/a,1
2025-09-03 15:40:51.726487,720,1,POINT (15.268786762172734 16.924983129218553),0.022005877249409,15.268786762172734,16.924983129218553,False,n/a,1
2025-09-03 15:40:52.726487,721,1,POINT (15.287875431395396 16.91308819041133),0.0224914842089128,15.287875431395396,16.91308819041133,False,n/a,1
2025-09-03 15:40:53.726487,722,1,POINT (15.306984969685097 16.900322944345422),0.0229809912921231,15.306984969685097,16.900322944345422,False,n/a,1
2025-09-03 15:40:54.726487,723,1,POINT (15.326198976012405 16.886706543079338),0.0235496161876352,15.326198976012405,16.886706543079338,False,n/a,1
2025-09-03 15:40:55.726487,724,1,POINT (15.34549163172405 16.872246644776144),0.0241100647727621,15.34549163172405,16.872246644776144,False,n/a,1
2025-09-03 15:40:56.726487,725,1,POINT (15.364728385076129 16.856906128966152),0.0246045545549057,15.364728385076129,16.856906128966152,False,n/a,1
2025-09-03 15:40:57.726487,726,1,POINT (15.383981746787848 16.840724950213794),0.0251499996623869,15.383981746787848,16.840724950213794,False,n/a,1
2025-09-03 15:40:58.726487,727,1,POINT (15.403256002438958 16.82373547659879),0.0256931731130899,15.403256002438958,16.82373547659879,False,n/a,1
2025-09-03 15:40:59.726487,728,1,POINT (15.42247410623192 16.805903394986043),0.0262167627299927,15.42247410623192,16.805903394986043,False,n/a,1
2025-09-03 15:41:00.726487,729,1,POINT (15.4416462860277 16.78724489304048),0.02675279747941,15.4416462860277,16.78724489304048,False,n/a,1
2025-09-03 15:41:01.726487,730,1,POINT (15.46065315771398 16.767775966011108),0.0272084599155076,15.46065315771398,16.767775966011108,False,n/a,1
2025-09-03 15:41:02.726487,731,1,POINT (15.47957441962464 16.747499394310164),0.0277336170059946,15.47957441962464,16.747499394310164,False,n/a,1
2025-09-03 15:41:03.726487,732,1,POINT (15.498257234740343 16.726414121722794),0.0281715512659728,15.498257234740343,16.726414121722794,False,n/a,1
2025-09-03 15:41:04.726487,733,1,POINT (15.516921301849417 16.704541764701503),0.0287532155196376,15.516921301849417,16.704541764701503,False,n/a,1
2025-09-03 15:41:05.726487,734,1,POINT (15.535372058036804 16.68185561850072),0.0292419498893252,15.535372058036804,16.68185561850072,False,n/a,1
2025-09-03 15:41:06.726487,735,1,POINT (15.553498672286196 16.65942804022149),0.0288369625934716,15.553498672286196,16.65942804022149,False,n/a,1
2025-09-03 15:41:07.726487,736,1,POINT (15.571361831508018 16.637245604255924),0.0284807465272689,15.571361831508018,16.637245604255924,False,n/a,1
2025-09-03 15:41:08.726487,737,1,POINT (15.588945447462851 16.61529236603641),0.0281270015886843,15.588945447462851,16.61529236603641,False,n/a,1
2025-09-03 15:41:09.726487,738,1,POINT (15.606274177421088 16.593597996107967),0.0277656364695209,15.606274177421088,16.593597996107967,False,n/a,1
2025-09-03 15:41:10.726487,739,1,POINT (15.623321457488656 16.572167949498954),0.0273835106472229,15.623321457488656,16.572167949498954,False,n/a,1
2025-09-03 15:41:11.726487,740,1,POINT (15.64019018617944 16.550995640525855),0.0270706607768564,15.64019018617944,16.550995640525855,False,n/a,1
2025-09-03 15:41:12.726487,741,1,POINT (15.656730546029172 16.53007773921158),0.0266672476898591,15.656730546029172,16.53007773921158,False,n/a,1
2025-09-03 15:41:13.726487,742,1,POINT (15.673025866074765 16.509415251205276),0.0263149361769881,15.673025866074765,16.509415251205276,False,n/a,1
2025-09-03 15:41:14.726487,743,1,POINT (15.689213344946582 16.48898857775846),0.026063066978552,15.689213344946582,16.48898857775846,False,n/a,1
2025-09-03 15:41:15.726487,744,1,POINT (15.705134028425514 16.4688215268601),0.0256939312751727,15.705134028425514,16.4688215268601,False,n/a,1
2025-09-03 15:41:16.726487,745,1,POINT (15.720864890501453 16.448911904442795),0.025374260313393,15.720864890501453,16.448911904442795,False,n/a,1
2025-09-03 15:41:17.726487,746,1,POINT (15.73641603219741 16.42923476205502),0.025080429434053,15.73641603219741,16.42923476205502,False,n/a,1
2025-09-03 15:41:18.726487,747,1,POINT (15.751751503381914 16.409791202695416),0.0247634544646189,15.751751503381914,16.409791202695416,False,n/a,1
2025-09-03 15:41:19.726487,748,1,POINT (15.767001261815365 16.390573369079103),0.0245332480764945,15.767001261815365,16.390573369079103,False,n/a,1
2025-09-03 15:41:20.726487,749,1,POINT (15.782093659072588 16.371578368815918),0.0242608839486181,15.782093659072588,16.371578368815918,False,n/a,1
2025-09-03 15:41:21.726487,750,1,POINT (15.797089932297556 16.352806634115403),0.0240263653993774,15.797089932297556,16.352806634115403,False,n/a,1
2025-09-03 15:41:22.726487,751,1,POINT (15.811960908203224 16.3342532292531),0.0237776104007837,15.811960908203224,16.3342532292531,False,n/a,1
2025-09-03 15:41:23.726487,752,1,POINT (15.82669987160084 16.31592308399975),0.0235208687561748,15.82669987160084,16.31592308399975,False,n/a,1
2025-09-03 15:41:24.726487,753,1,POINT (15.841280471193452 16.297811408858955),0.023251379763055,15.841280471193452,16.297811408858955,False,n/a,1
2025-09-03 15:41:25.726487,754,1,POINT (15.855735974143771 16.279923053982223),0.0229990174951569,15.855735974143771,16.279923053982223,False,n/a,1
2025-09-03 15:41:26.726487,755,1,POINT (15.87016858708786 16.26325318792113),0.0220495975221462,15.87016858708786,16.26325318792113,False,n/a,1
2025-09-03 15:41:27.726487,756,1,POINT (15.884651831492818 16.247781238012646),0.0211930555244969,15.884651831492818,16.247781238012646,False,n/a,1
2025-09-03 15:41:28.726487,757,1,POINT (15.89915577309038 16.23352916092405),0.0203343557361629,15.89915577309038,16.23352916092405,False,n/a,1
2025-09-03 15:41:29.726487,758,1,POINT (15.913723769233693 16.220481863029626),0.0195565460646142,15.913723769233693,16.220481863029626,False,n/a,1
2025-09-03 15:41:30.726487,759,1,POINT (15.928340489658725 16.20863708541085),0.0188134864610951,15.928340489658725,16.20863708541085,False,n/a,1
2025-09-03 15:41:31.726487,760,1,POINT (15.943028747323073 16.197945941988063),0.0181671533516086,15.943028747323073,16.197945941988063,False,n/a,1
2025-09-03 15:41:32.726487,761,1,POINT (15.957955118294722 16.18837021478902),0.0177338969708792,15.957955118294722,16.18837021478902,False,n/a,1
2025-09-03 15:41:33.726487,762,1,POINT (15.97301294559368 16.179922743162017),0.0172655130203032,15.97301294559368,16.179922743162017,False,n/a,1
2025-09-03 15:41:34.726487,763,1,POINT (15.988347360314703 16.172550739753817),0.0170144264989141,15.988347360314703,16.172550739753817,False,n/a,1
2025-09-03 15:41:35.726487,764,1,POINT (16.003822240172404 16.166247152887735),0.0167094917333967,16.003822240172404,16.166247152887735,False,n/a,1
2025-09-03 15:41:36.726487,765,1,POINT (16.019532106253624 16.160994326237148),0.0165647843363862,16.019532106253624,16.160994326237148,False,n/a,1
2025-09-03 15:41:37.726487,766,1,POINT (16.035342655706163 16.15682216821139),0.0163517698302983,16.035342655706163,16.15682216821139,False,n/a,1
2025-09-03 15:41:38.726487,767,1,POINT (16.051184276535206 16.15372036957521),0.016142431826419,16.051184276535206,16.15372036957521,False,n/a,1
2025-09-03 15:41:39.726487,768,1,POINT (16.067255703822163 16.151647355506007),0.0162045722674508,16.067255703822163,16.151647355506007,False,n/a,1
2025-09-03 15:41:40.726487,769,1,POINT (16.08355516555208 16.150576834103646),0.0163345789280895,16.08355516555208,16.150576834103646,False,n/a,1
2025-09-03 15:41:41.726487,770,1,POINT (16.100044252910248 16.15051451322317),0.0164892051293384,16.100044252910248,16.15051451322317,False,n/a,1
2025-09-03 15:41:42.726487,771,1,POINT (16.116778930620026 16.151438687735826),0.0167601771046719,16.116778930620026,16.151438687735826,False,n/a,1
2025-09-03 15:41:43.726487,772,1,POINT (16.133642298737083 16.153352743622907),0.0169716467730819,16.133642298737083,16.153352743622907,False,n/a,1
2025-09-03 15:41:44.726487,773,1,POINT (16.150705640801284 16.15623087704857),0.0173043721185099,16.150705640801284,16.15623087704857,False,n/a,1
2025-09-03 15:41:45.726487,774,1,POINT (16.167912531655666 16.160057469806766),0.0176272489348646,16.167912531655666,16.160057469806766,False,n/a,1
2025-09-03 15:41:46.726487,775,1,POINT (16.185174983666528 16.16485531493885),0.0179167956772064,16.185174983666528,16.16485531493885,False,n/a,1
2025-09-03 15:41:47.726487,776,1,POINT (16.202547726391614 16.17059429383909),0.0182961216821886,16.202547726391614,16.17059429383909,False,n/a,1
2025-09-03 15:41:48.726487,777,1,POINT (16.220016577499592 16.177246954644293),0.0186927433733458,16.220016577499592,16.177246954644293,False,n/a,1
2025-09-03 15:41:49.726487,778,1,POINT (16.23757224022394 16.184850218118736),0.0191314115828621,16.23757224022394,16.184850218118736,False,n/a,1
2025-09-03 15:41:50.726487,779,1,POINT (16.255259306546712 16.193371469269994),0.0196327287020664,16.255259306546712,16.193371469269994,False,n/a,1
2025-09-03 15:41:51.726487,780,1,POINT (16.273040742450917 16.202810761949657),0.020131560026676,16.273040742450917,16.202810761949657,False,n/a,1
2025-09-03 15:41:52.726487,781,1,POINT (16.29090822994103 16.213135265039124),0.0206359509898098,16.29090822994103,16.213135265039124,False,n/a,1
2025-09-03 15:41:53.726487,782,1,POINT (16.30875712119238 16.22436548150842),0.0210879273720697,16.30875712119238,16.22436548150842,False,n/a,1
2025-09-03 15:41:54.726487,783,1,POINT (16.32665881161927 16.23649879010107),0.0216260883551497,16.32665881161927,16.23649879010107,False,n/a,1
2025-09-03 15:41:55.726487,784,1,POINT (16.344638584863308 16.24950723813725),0.0221921600169294,16.344638584863308,16.24950723813725,False,n/a,1
2025-09-03 15:41:56.726487,785,1,POINT (16.362655200759875 16.26338065253724),0.0227391749075957,16.362655200759875,16.26338065253724,False,n/a,1
2025-09-03 15:41:57.726487,786,1,POINT (16.380631441655442 16.278137052568574),0.02325718337676,16.380631441655442,16.278137052568574,False,n/a,1
2025-09-03 15:41:58.726487,787,1,POINT (16.398528985558936 16.293757142003013),0.0237551946259627,16.398528985558936,16.293757142003013,False,n/a,1
2025-09-03 15:41:59.726487,788,1,POINT (16.416368065798334 16.31023837402306),0.0242871116579624,16.416368065798334,16.31023837402306,False,n/a,1
2025-09-03 15:42:00.726487,789,1,POINT (16.434135155067366 16.327566869720112),0.024818263924305,16.434135155067366,16.327566869720112,False,n/a,1
2025-09-03 15:42:01.726487,790,1,POINT (16.451933442016795 16.34574428416794),0.0254400749673082,16.451933442016795,16.34574428416794,False,n/a,1
2025-09-03 15:42:02.726487,791,1,POINT (16.469581564285964 16.36475960006368),0.0259429847597074,16.469581564285964,16.36475960006368,False,n/a,1
2025-09-03 15:42:03.726487,792,1,POINT (16.48705431846838 16.383550343592354),0.0256590954844386,16.48705431846838,16.383550343592354,False,n/a,1
2025-09-03 15:42:04.726487,793,1,POINT (16.504169805767027 16.40212736893097),0.025259568007028,16.504169805767027,16.40212736893097,False,n/a,1
2025-09-03 15:42:05.726487,794,1,POINT (16.52118000808453 16.42048193950907),0.0250247326457027,16.52118000808453,16.42048193950907,False,n/a,1
2025-09-03 15:42:06.726487,795,1,POINT (16.53803812733652 16.438614330143654),0.0247584283596398,16.53803812733652,16.438614330143654,False,n/a,1
2025-09-03 15:42:07.726487,796,1,POINT (16.55474937022204 16.456528783285922),0.0244988422209167,16.55474937022204,16.456528783285922,False,n/a,1
2025-09-03 15:42:08.726487,797,1,POINT (16.571287305616234 16.47422805130387),0.0242232820954084,16.571287305616234,16.47422805130387,False,n/a,1
2025-09-03 15:42:09.726487,798,1,POINT (16.587730304067634 16.49173080991575),0.0240149694377994,16.587730304067634,16.49173080991575,False,n/a,1
2025-09-03 15:42:10.726487,799,1,POINT (16.604005088088737 16.50903453191669),0.0237547340549066,16.604005088088737,16.50903453191669,False,n/a,1
2025-09-03 15:42:11.726487,800,1,POINT (16.620136779550762 16.526125476583942),0.0235017416172729,16.620136779550762,16.526125476583942,False,n/a,1
2025-09-03 15:42:12.726487,801,1,POINT (16.63613637912554 16.54301866653018),0.0232672957842731,16.63613637912554,16.54301866653018,False,n/a,1
2025-09-03 15:42:13.726487,802,1,POINT (16.651997607567907 16.559753415558465),0.023057111543744,16.651997607567907,16.559753415558465,False,n/a,1
2025-09-03 15:42:14.726487,803,1,POINT (16.667777578859916 16.57629212823134),0.0228590575232788,16.667777578859916,16.57629212823134,False,n/a,1
2025-09-03 15:42:15.726487,804,1,POINT (16.68349621837507 16.59265692645939),0.0226910169285586,16.68349621837507,16.59265692645939,False,n/a,1
2025-09-03 15:42:16.726487,805,1,POINT (16.699109297402302 16.608847440369022),0.0224922426042531,16.699109297402302,16.608847440369022,False,n/a,1
2025-09-03 15:42:17.726487,806,1,POINT (16.714712433431483 16.624848643296467),0.0223494149603608,16.714712433431483,16.624848643296467,False,n/a,1
2025-09-03 15:42:18.726487,807,1,POINT (16.73022177987383 16.640665640102533),0.0221521379336586,16.73022177987383,16.640665640102533,False,n/a,1
2025-09-03 15:42:19.726487,808,1,POINT (16.745517450458077 16.656300830539845),0.0218727391662047,16.745517450458077,16.656300830539845,False,n/a,1
2025-09-03 15:42:20.726487,809,1,POINT (16.76077158122569 16.671763944091953),0.0217208744345347,16.76077158122569,16.671763944091953,False,n/a,1
2025-09-03 15:42:21.726487,810,1,POINT (16.775957625888793 16.687055049960435),0.0215507278575661,16.775957625888793,16.687055049960435,False,n/a,1
2025-09-03 15:42:22.726487,811,1,POINT (16.791130477051063 16.70220623608358),0.021442337869984,16.791130477051063,16.70220623608358,False,n/a,1
2025-09-03 15:42:23.726487,812,1,POINT (16.806257993239093 16.71718605775863),0.0212893589249531,16.806257993239093,16.71718605775863,False,n/a,1
2025-09-03 15:42:24.726487,813,1,POINT (16.82128487463418 16.732011793780167),0.0211094673794075,16.82128487463418,16.732011793780167,False,n/a,1
2025-09-03 15:42:25.726487,814,1,POINT (16.836230430008346 16.746668760142143),0.0209331385219305,16.836230430008346,16.746668760142143,False,n/a,1
2025-09-03 15:42:26.726487,815,1,POINT (16.85106233209811 16.761136760522465),0.0207197575904098,16.85106233209811,16.761136760522465,False,n/a,1
2025-09-03 15:42:27.726487,816,1,POINT (16.865885905149703 16.77547305292286),0.0206220173068863,16.865885905149703,16.77547305292286,False,n/a,1
2025-09-03 15:42:28.726487,817,1,POINT (16.880669220464387 16.78967399545515),0.0204991019437147,16.880669220464387,16.78967399545515,False,n/a,1
2025-09-03 15:42:29.726487,818,1,POINT (16.895483566836376 16.803756876788377),0.0204399707699154,16.895483566836376,16.803756876788377,False,n/a,1
2025-09-03 15:42:30.726487,819,1,POINT (16.91032857832403 16.81772017188633),0.0203800877343813,16.91032857832403,16.81772017188633,False,n/a,1
2025-09-03 15:42:31.726487,820,1,POINT (16.925081902826435 16.83152123060381),0.0202022227885093,16.925081902826435,16.83152123060381,False,n/a,1
2025-09-03 15:42:32.726487,821,1,POINT (16.93979266907477 16.8451978662569),0.0200862392298946,16.93979266907477,16.8451978662569,False,n/a,1
2025-09-03 15:42:33.726487,822,1,POINT (16.954429617893748 16.85873138038603),0.0199348006113112,16.954429617893748,16.85873138038603,False,n/a,1
2025-09-03 15:42:34.726487,823,1,POINT (16.969070849271148 16.87214443920764),0.0198563794081045,16.969070849271148,16.87214443920764,False,n/a,1
2025-09-03 15:42:35.726487,824,1,POINT (16.98367513833805 16.885428785254625),0.0197423177222343,16.98367513833805,16.885428785254625,False,n/a,1
2025-09-03 15:42:36.726487,825,1,POINT (16.998396124138207 16.89753661585838),0.0190606134438974,16.998396124138207,16.89753661585838,False,n/a,1
2025-09-03 15:42:37.726487,826,1,POINT (17.0133094215222 16.908489641223955),0.0185033835695625,17.0133094215222,16.908489641223955,False,n/a,1
2025-09-03 15:42:38.726487,827,1,POINT (17.02820871886579 16.919331729858712),0.0184266097613373,17.02820871886579,16.919331729858712,False,n/a,1
2025-09-03 15:42:39.726487,828,1,POINT (17.043236463310294 16.930118424456822),0.0184982670388923,17.043236463310294,16.930118424456822,False,n/a,1
2025-09-03 15:42:40.726487,829,1,POINT (17.058232338568224 16.940813898540302),0.0184192681890953,17.058232338568224,16.940813898540302,False,n/a,1
2025-09-03 15:42:41.726487,830,1,POINT (17.07320320619673 16.951428519726562),0.0183520315082022,17.07320320619673,16.951428519726562,False,n/a,1
2025-09-03 15:42:42.726487,831,1,POINT (17.088269354683057 16.96197946289717),0.0183932387577992,17.088269354683057,16.96197946289717,False,n/a,1
2025-09-03 15:42:43.726487,832,1,POINT (17.103328868797515 16.972449674677776),0.0183416002599101,17.103328868797515,16.972449674677776,False,n/a,1
2025-09-03 15:42:44.726487,833,1,POINT (17.118423037212082 16.98284864016729),0.0183295500048263,17.118423037212082,16.98284864016729,False,n/a,1
2025-09-03 15:42:45.726487,834,1,POINT (17.133434936600924 16.99314346319222),0.0182027608998005,17.133434936600924,16.99314346319222,False,n/a,1
2025-09-03 15:42:46.726487,835,1,POINT (17.148479315116905 17.003353592993314),0.0181818611667594,17.148479315116905,17.003353592993314,False,n/a,1
2025-09-03 15:42:47.726487,836,1,POINT (17.16350567280506 17.0135034751268),0.0181331611335695,17.16350567280506,17.0135034751268,False,n/a,1
2025-09-03 15:42:48.726487,837,1,POINT (17.17849598393635 17.023588465411823),0.018066999110587,17.17849598393635,17.023588465411823,False,n/a,1
2025-09-03 15:42:49.726487,838,1,POINT (17.193418291335416 17.033595867921427),0.0179672859136101,17.193418291335416,17.033595867921427,False,n/a,1
2025-09-03 15:42:50.726487,839,1,POINT (17.20838444124273 17.04355020563509),0.0179742727910139,17.20838444124273,17.04355020563509,False,n/a,1
2025-09-03 15:42:51.726487,840,1,POINT (17.223319774245468 17.05338924024823),0.0178849314793569,17.223319774245468,17.05338924024823,False,n/a,1
2025-09-03 15:42:52.726487,841,1,POINT (17.238239381710752 17.063165679825104),0.0178374173500103,17.238239381710752,17.063165679825104,False,n/a,1
2025-09-03 15:42:53.726487,842,1,POINT (17.253074692959512 17.07284158040706),0.0177118466546968,17.253074692959512,17.07284158040706,False,n/a,1
2025-09-03 15:42:54.726487,843,1,POINT (17.26796670732766 17.082493458385756),0.0177462908929359,17.26796670732766,17.082493458385756,False,n/a,1
2025-09-03 15:42:55.726487,844,1,POINT (17.282769118240996 17.092071394781453),0.0176308886459897,17.282769118240996,17.092071394781453,False,n/a,1
2025-09-03 15:42:56.726487,845,1,POINT (17.29744255635195 17.101534277765403),0.0174601242940571,17.29744255635195,17.101534277765403,False,n/a,1
2025-09-03 15:42:57.726487,846,1,POINT (17.312161932231042 17.1109760535009),0.0174873427172174,17.312161932231042,17.1109760535009,False,n/a,1
2025-09-03 15:42:58.726487,847,1,POINT (17.3269246560704 17.120380061496377),0.0175035248317631,17.3269246560704,17.120380061496377,False,n/a,1
2025-09-03 15:42:59.726487,848,1,POINT (17.34177037529573 17.12973846746103),0.0175492205387204,17.34177037529573,17.12973846746103,False,n/a,1
2025-09-03 15:43:00.726487,849,1,POINT (17.356551490727373 17.139034190453273),0.0174611522916451,17.356551490727373,17.139034190453273,False,n/a,1
2025-09-03 15:43:01.726487,850,1,POINT (17.371393751708986 17.148286135763804),0.017489745654965,17.371393751708986,17.148286135763804,False,n/a,1
2025-09-03 15:43:02.726487,851,1,POINT (17.386185509506895 17.157479002148165),0.0174156507519154,17.386185509506895,17.157479002148165,False,n/a,1
2025-09-03 15:43:03.726487,852,1,POINT (17.401095907133183 17.166636827028544),0.0174981631582775,17.401095907133183,17.166636827028544,False,n/a,1
2025-09-03 15:43:04.726487,853,1,POINT (17.415998456496347 17.175727391181276),0.0174563551217451,17.415998456496347,17.175727391181276,False,n/a,1
2025-09-03 15:43:05.726487,854,1,POINT (17.430902412473973 17.184762157486556),0.0174285658037043,17.430902412473973,17.184762157486556,False,n/a,1
2025-09-03 15:43:06.726487,855,1,POINT (17.44585571093704 17.193768464593308),0.0174560792455425,17.44585571093704,17.193768464593308,False,n/a,1
2025-09-03 15:43:07.726487,856,1,POINT (17.46077240190338 17.20271250903074),0.0173926306315081,17.46077240190338,17.20271250903074,False,n/a,1
2025-09-03 15:43:08.726487,857,1,POINT (17.47567651948468 17.21159684814509),0.0173512017559573,17.47567651948468,17.21159684814509,False,n/a,1
2025-09-03 15:43:09.726487,858,1,POINT (17.490540205558897 17.2204439578876),0.0172974135207822,17.490540205558897,17.2204439578876,False,n/a,1
2025-09-03 15:43:10.726487,859,1,POINT (17.50539437427829 17.229234738186168),0.0172604793271177,17.50539437427829,17.229234738186168,False,n/a,1
2025-09-03 15:43:11.726487,860,1,POINT (17.520127922968545 17.23795040667541),0.0171184209032984,17.520127922968545,17.23795040667541,False,n/a,1
2025-09-03 15:43:12.726487,861,1,POINT (17.534933582013387 17.246638394297076),0.0171664984392961,17.534933582013387,17.246638394297076,False,n/a,1
2025-09-03 15:43:13.726487,862,1,POINT (17.549848422173998 17.255318831098666),0.0172569533835774,17.549848422173998,17.255318831098666,False,n/a,1
2025-09-03 15:43:14.726487,863,1,POINT (17.564900506786408 17.26399034938421),0.0173712544324136,17.564900506786408,17.26399034938421,False,n/a,1
2025-09-03 15:43:15.726487,864,1,POINT (17.580320119157786 17.271647487050437),0.0172161610971533,17.580320119157786,17.271647487050437,False,n/a,1
2025-09-03 15:43:16.726487,865,1,POINT (17.59614360690011 17.278285839535794),0.0171595596695056,17.59614360690011,17.278285839535794,False,n/a,1
2025-09-03 15:43:17.726487,866,1,POINT (17.61232111124383 17.283906403148325),0.0171260731667704,17.61232111124383,17.283906403148325,False,n/a,1
2025-09-03 15:43:18.726487,867,1,POINT (17.62886358018021 17.288546784097456),0.0171809898976779,17.62886358018021,17.288546784097456,False,n/a,1
2025-09-03 15:43:19.726487,868,1,POINT (17.645764009293494 17.292231159404384),0.0172973733733037,17.645764009293494,17.292231159404384,False,n/a,1
2025-09-03 15:43:20.726487,869,1,POINT (17.66303690422075 17.294948056353274),0.0174852631721376,17.66303690422075,17.294948056353274,False,n/a,1
2025-09-03 15:43:21.726487,870,1,POINT (17.680714820749625 17.296732350483996),0.0177677358812764,17.680714820749625,17.296732350483996,False,n/a,1
2025-09-03 15:43:22.726487,871,1,POINT (17.69871122436525 17.2975740333817),0.0180160754104998,17.69871122436525,17.2975740333817,False,n/a,1
2025-09-03 15:43:23.726487,872,1,POINT (17.716976177111107 17.297452911660766),0.0182653543431171,17.716976177111107,17.297452911660766,False,n/a,1
2025-09-03 15:43:24.726487,873,1,POINT (17.73528728488662 17.29741422712897),0.0183111486384517,17.73528728488662,17.29741422712897,False,n/a,1
2025-09-03 15:43:25.726487,874,1,POINT (17.75362462334721 17.29745214002958),0.0183373776534778,17.75362462334721,17.29745214002958,False,n/a,1
2025-09-03 15:43:26.726487,875,1,POINT (17.771992483622878 17.297545015320356),0.0183680950815828,17.771992483622878,17.297545015320356,False,n/a,1
2025-09-03 15:43:27.726487,876,1,POINT (17.79040749737053 17.297707470735013),0.018415730316444,17.79040749737053,17.297707470735013,False,n/a,1
2025-09-03 15:43:28.726487,877,1,POINT (17.808754354025247 17.29791762269555),0.0183480601959777,17.808754354025247,17.29791762269555,False,n/a,1
2025-09-03 15:43:29.726487,878,1,POINT (17.82701662511313 17.298144215749346),0.0182636767847937,17.82701662511313,17.298144215749346,False,n/a,1
2025-09-03 15:43:30.726487,879,1,POINT (17.845176889437084 17.298428260290382),0.0181624855572448,17.845176889437084,17.298428260290382,False,n/a,1
2025-09-03 15:43:31.726487,880,1,POINT (17.86328430373789 17.298735147869035),0.0181100147058717,17.86328430373789,17.298735147869035,False,n/a,1
2025-09-03 15:43:32.726487,881,1,POINT (17.881290323566137 17.299058328750878),0.0180089198992522,17.881290323566137,17.299058328750878,False,n/a,1
2025-09-03 15:43:33.726487,882,1,POINT (17.899308330642626 17.299452069725326),0.0180223087023651,17.899308330642626,17.299452069725326,False,n/a,1
2025-09-03 15:43:34.726487,883,1,POINT (17.917323052926736 17.299894047387973),0.018020143263246,17.917323052926736,17.299894047387973,False,n/a,1
2025-09-03 15:43:35.726487,884,1,POINT (17.93492352644715 17.30184155240358),0.0177078921368017,17.93492352644715,17.30184155240358,False,n/a,1
2025-09-03 15:43:36.726487,885,1,POINT (17.952196396767203 17.305332870651156),0.017622183525296,17.952196396767203,17.305332870651156,False,n/a,1
2025-09-03 15:43:37.726487,886,1,POINT (17.968999171075588 17.31034334320952),0.0175339117060807,17.968999171075588,17.31034334320952,False,n/a,1
2025-09-03 15:43:38.726487,887,1,POINT (17.985447382152405 17.316919215588765),0.0177139985654179,17.985447382152405,17.316919215588765,False,n/a,1
2025-09-03 15:43:39.726487,888,1,POINT (18.00164692189402 17.3251043358794),0.0181499664465907,18.00164692189402,17.3251043358794,False,n/a,1
2025-09-03 15:43:40.726487,889,1,POINT (18.01746697721962 17.33487776068915),0.0185955366423461,18.01746697721962,17.33487776068915,False,n/a,1
2025-09-03 15:43:41.726487,890,1,POINT (18.03288668484961 17.346248779267736),0.0191590043297944,18.03288668484961,17.346248779267736,False,n/a,1
2025-09-03 15:43:42.726487,891,1,POINT (18.04787922824394 17.359225031849586),0.0198282497588337,18.04787922824394,17.359225031849586,False,n/a,1
2025-09-03 15:43:43.726487,892,1,POINT (18.0624292324343 17.373817390825806),0.0206067843787041,18.0624292324343,17.373817390825806,False,n/a,1
2025-09-03 15:43:44.726487,893,1,POINT (18.07650678355221 17.39003254070337),0.0214734378018341,18.07650678355221,17.39003254070337,False,n/a,1
2025-09-03 15:43:45.726487,894,1,POINT (18.09004175131556 17.407864948364434),0.022387275746396,18.09004175131556,17.407864948364434,False,n/a,1
2025-09-03 15:43:46.726487,895,1,POINT (18.102975431454546 17.427311546394325),0.0233548765116373,18.102975431454546,17.427311546394325,False,n/a,1
2025-09-03 15:43:47.726487,896,1,POINT (18.11532784787275 17.44839310047602),0.0244338722651198,18.11532784787275,17.44839310047602,False,n/a,1
2025-09-03 15:43:48.726487,897,1,POINT (18.12701550456044 17.47109780337198),0.0255363437563592,18.12701550456044,17.47109780337198,False,n/a,1
2025-09-03 15:43:49.726487,898,1,POINT (18.13805240037234 17.495444651889482),0.0267316685206346,18.13805240037234,17.495444651889482,False,n/a,1
2025-09-03 15:43:50.726487,899,1,POINT (18.148324109122317 17.521409463467133),0.027922740569421,18.148324109122317,17.521409463467133,False,n/a,1
2025-09-03 15:43:51.726487,900,1,POINT (18.15886391989699 17.546111239907273),0.0268563841658667,18.15886391989699,17.546111239907273,False,n/a,1
2025-09-03 15:43:52.726487,901,1,POINT (18.16961139967169 17.569547469935788),0.0257830409272662,18.16961139967169,17.569547469935788,False,n/a,1
2025-09-03 15:43:53.726487,902,1,POINT (18.18060426075865 17.591731472032944),0.0247582904079356,18.18060426075865,17.591731472032944,False,n/a,1
2025-09-03 15:43:54.726487,903,1,POINT (18.19190946529847 17.612698224326632),0.023820418792123,18.19190946529847,17.612698224326632,False,n/a,1
2025-09-03 15:43:55.726487,904,1,POINT (18.203644199711377 17.63252155081587),0.0230362380791745,18.203644199711377,17.63252155081587,False,n/a,1
2025-09-03 15:43:56.726487,905,1,POINT (18.215913545599424 17.650974048064253),0.0221592306550139,18.215913545599424,17.650974048064253,False,n/a,1
2025-09-03 15:43:57.726487,906,1,POINT (18.228665940108677 17.668018918595305),0.0212873478183603,18.228665940108677,17.668018918595305,False,n/a,1
2025-09-03 15:43:58.726487,907,1,POINT (18.241782521745023 17.68358974480217),0.0203591586905627,18.241782521745023,17.68358974480217,False,n/a,1
2025-09-03 15:43:59.726487,908,1,POINT (18.255522521645982 17.69777855097077),0.0197511978818602,18.255522521645982,17.69777855097077,False,n/a,1
2025-09-03 15:44:00.726487,909,1,POINT (18.269899091400465 17.71057561274421),0.0192470919345948,18.269899091400465,17.71057561274421,False,n/a,1
2025-09-03 15:44:01.726487,910,1,POINT (18.284789824414016 17.721912398837052),0.018715144899137,18.284789824414016,17.721912398837052,False,n/a,1
2025-09-03 15:44:02.726487,911,1,POINT (18.30032296749457 17.731828312526858),0.0184283444254905,18.30032296749457,17.731828312526858,False,n/a,1
2025-09-03 15:44:03.726487,912,1,POINT (18.316518097179824 17.740316122326448),0.018284560172898,18.316518097179824,17.740316122326448,False,n/a,1
2025-09-03 15:44:04.726487,913,1,POINT (18.333351275372245 17.747349498719686),0.0182434720255426,18.333351275372245,17.747349498719686,False,n/a,1
2025-09-03 15:44:05.726487,914,1,POINT (18.350726734298387 17.75287059328462),0.01823154020068,18.350726734298387,17.75287059328462,False,n/a,1
2025-09-03 15:44:06.726487,915,1,POINT (18.3688579702466 17.756956919431005),0.0185860102868883,18.3688579702466,17.756956919431005,False,n/a,1
2025-09-03 15:44:07.726487,916,1,POINT (18.387652060685514 17.75955182258334),0.018972384083087,18.387652060685514,17.75955182258334,False,n/a,1
2025-09-03 15:44:08.726487,917,1,POINT (18.407144378735754 17.76065455174786),0.019523485205823,18.407144378735754,17.76065455174786,False,n/a,1
2025-09-03 15:44:09.726487,918,1,POINT (18.427301317046872 17.760234398491196),0.0201613166940378,18.427301317046872,17.760234398491196,False,n/a,1
2025-09-03 15:44:10.726487,919,1,POINT (18.44807075959065 17.758253149763704),0.0208637266589482,18.44807075959065,17.758253149763704,False,n/a,1
2025-09-03 15:44:11.726487,920,1,POINT (18.4695062173943 17.754717392209823),0.0217251106494786,18.4695062173943,17.754717392209823,False,n/a,1
2025-09-03 15:44:12.726487,921,1,POINT (18.49118207750748 17.750297902286974),0.0221218173490413,18.49118207750748,17.750297902286974,False,n/a,1
2025-09-03 15:44:13.726487,922,1,POINT (18.513190219516847 17.745034558061153),0.022628767247552,18.513190219516847,17.745034558061153,False,n/a,1
2025-09-03 15:44:14.726487,923,1,POINT (18.535361106656453 17.738881952263824),0.0230087547393257,18.535361106656453,17.738881952263824,False,n/a,1
2025-09-03 15:44:15.726487,924,1,POINT (18.557770938231304 17.731861372423776),0.0234838048983485,18.557770938231304,17.731861372423776,False,n/a,1
2025-09-03 15:44:16.726487,925,1,POINT (18.580416758024384 17.72399573806032),0.0239729296924725,18.580416758024384,17.72399573806032,False,n/a,1
2025-09-03 15:44:17.726487,926,1,POINT (18.603227009360864 17.715220251128795),0.024440064175832,18.603227009360864,17.715220251128795,False,n/a,1
2025-09-03 15:44:18.726487,927,1,POINT (18.626146343819943 17.70557479729656),0.0248662556826897,18.626146343819943,17.70557479729656,False,n/a,1
2025-09-03 15:44:19.726487,928,1,POINT (18.649194784523008 17.69503152424753),0.0253454379608854,18.649194784523008,17.69503152424753,False,n/a,1
2025-09-03 15:44:20.726487,929,1,POINT (18.672390923492223 17.683623088162136),0.0258498216046773,18.672390923492223,17.683623088162136,False,n/a,1
2025-09-03 15:44:21.726487,930,1,POINT (18.69576905046235 17.671374491410983),0.0263925167993446,18.69576905046235,17.671374491410983,False,n/a,1
2025-09-03 15:44:22.726487,931,1,POINT (18.71936280328582 17.658311627908578),0.0269685664279256,18.71936280328582,17.658311627908578,False,n/a,1
2025-09-03 15:44:23.726487,932,1,POINT (18.743101504932937 17.644401697075434),0.0275138534501034,18.743101504932937,17.644401697075434,False,n/a,1
2025-09-03 15:44:24.726487,933,1,POINT (18.766882063765475 17.62965278996252),0.0279829455099557,18.766882063765475,17.62965278996252,False,n/a,1
2025-09-03 15:44:25.726487,934,1,POINT (18.79079464037268 17.61411755643656),0.0285158692783785,18.79079464037268,17.61411755643656,False,n/a,1
2025-09-03 15:44:26.726487,935,1,POINT (18.814712547116763 17.597723204701662),0.0289972590398845,18.814712547116763,17.597723204701662,False,n/a,1
2025-09-03 15:44:27.726487,936,1,POINT (18.838622670733603 17.580482148167466),0.029477924651982,18.838622670733603,17.580482148167466,False,n/a,1
2025-09-03 15:44:28.726487,937,1,POINT (18.862207903275152 17.563404892317184),0.0291186514353763,18.862207903275152,17.563404892317184,False,n/a,1
2025-09-03 15:44:29.726487,938,1,POINT (18.885570246868955 17.546505008989097),0.0288340970848376,18.885570246868955,17.546505008989097,False,n/a,1
2025-09-03 15:44:30.726487,939,1,POINT (18.90871497797913 17.529789098346924),0.0285499605386695,18.90871497797913,17.529789098346924,False,n/a,1
2025-09-03 15:44:31.726487,940,1,POINT (18.931654784964916 17.513261048274046),0.0282738604324976,18.931654784964916,17.513261048274046,False,n/a,1
2025-09-03 15:44:32.726487,941,1,POINT (18.954441110988643 17.496924407226114),0.0280375194050529,18.954441110988643,17.496924407226114,False,n/a,1
2025-09-03 15:44:33.726487,942,1,POINT (18.976932043293846 17.48074672694941),0.027704861939604,18.976932043293846,17.48074672694941,False,n/a,1
2025-09-03 15:44:34.726487,943,1,POINT (18.99919873059333 17.464725906453367),0.0274312240459561,18.99919873059333,17.464725906453367,False,n/a,1
2025-09-03 15:44:35.726487,944,1,POINT (19.02132345373524 17.448892245243183),0.0272067675666354,19.02132345373524,17.448892245243183,False,n/a,1
2025-09-03 15:44:36.726487,945,1,POINT (19.043270043400938 17.433235847385376),0.0269587757851969,19.043270043400938,17.433235847385376,False,n/a,1
2025-09-03 15:44:37.726487,946,1,POINT (19.06507500516785 17.41774370927809),0.0267481345291912,19.06507500516785,17.41774370927809,False,n/a,1
2025-09-03 15:44:38.726487,947,1,POINT (19.086718349838552 17.402406302384957),0.0265267868152241,19.086718349838552,17.402406302384957,False,n/a,1
2025-09-03 15:44:39.726487,948,1,POINT (19.10818351259273 17.387244933274268),0.026279656112171,19.10818351259273,17.387244933274268,False,n/a,1
2025-09-03 15:44:40.726487,949,1,POINT (19.129541588335336 17.37226263443819),0.0260890145049665,19.129541588335336,17.37226263443819,False,n/a,1
2025-09-03 15:44:41.726487,950,1,POINT (19.150733042053595 17.35743025226255),0.0258665280178339,19.150733042053595,17.35743025226255,False,n/a,1
2025-09-03 15:44:42.726487,951,1,POINT (19.171820845062804 17.342759817321333),0.0256888516115387,19.171820845062804,17.342759817321333,False,n/a,1
2025-09-03 15:44:43.726487,952,1,POINT (19.192684251673807 17.32929954538991),0.0248286257349024,19.192684251673807,17.32929954538991,False,n/a,1
2025-09-03 15:44:44.726487,953,1,POINT (19.213250810131157 17.31701386444491),0.023956654254337,19.213250810131157,17.31701386444491,False,n/a,1
2025-09-03 15:44:45.726487,954,1,POINT (19.23359049723034 17.305906073530135),0.0231751135984104,19.23359049723034,17.305906073530135,False,n/a,1
2025-09-03 15:44:46.726487,955,1,POINT (19.25377130249736 17.295955533544152),0.0225006254854788,19.25377130249736,17.295955533544152,False,n/a,1
2025-09-03 15:44:47.726487,956,1,POINT (19.2738895833346 17.287159715304828),0.02195704083763,19.2738895833346,17.287159715304828,False,n/a,1
2025-09-03 15:44:48.726487,957,1,POINT (19.29389702396308 17.279506265343628),0.0214213206131347,19.29389702396308,17.279506265343628,False,n/a,1
2025-09-03 15:44:49.726487,958,1,POINT (19.313775417929307 17.272987028377408),0.0209201098777803,19.313775417929307,17.272987028377408,False,n/a,1
2025-09-03 15:44:50.726487,959,1,POINT (19.33362602997301 17.26760142457012),0.0205682164243493,19.33362602997301,17.26760142457012,False,n/a,1
2025-09-03 15:44:51.726487,960,1,POINT (19.353481260609797 17.263340961679983),0.0203071841395579,19.353481260609797,17.263340961679983,False,n/a,1
2025-09-03 15:44:52.726487,961,1,POINT (19.37326192335657 17.260182850208793),0.0200311828598812,19.37326192335657,17.260182850208793,False,n/a,1
2025-09-03 15:44:53.726487,962,1,POINT (19.39307664991809 17.258121928928386),0.0199216160296297,19.39307664991809,17.258121928928386,False,n/a,1
2025-09-03 15:44:54.726487,963,1,POINT (19.4129773041245 17.25714994852939),0.0199243766210922,19.4129773041245,17.25714994852939,False,n/a,1
2025-09-03 15:44:55.726487,964,1,POINT (19.432728500402725 17.257231258195997),0.0197513636410971,19.432728500402725,17.257231258195997,False,n/a,1
2025-09-03 15:44:56.726487,965,1,POINT (19.452584667550497 17.258381502067483),0.0198894553662021,19.452584667550497,17.258381502067483,False,n/a,1
2025-09-03 15:44:57.726487,966,1,POINT (19.4724645508334 17.260582275340802),0.0200013290144006,19.4724645508334,17.260582275340802,False,n/a,1
2025-09-03 15:44:58.726487,967,1,POINT (19.49237164878108 17.26382616278963),0.0201696642133511,19.49237164878108,17.26382616278963,False,n/a,1
2025-09-03 15:44:59.726487,968,1,POINT (19.51224077664041 17.26808138430365),0.0203196740137181,19.51224077664041,17.26808138430365,False,n/a,1
2025-09-03 15:45:00.726487,969,1,POINT (19.53195533821105 17.273358944851985),0.0204087379145294,19.53195533821105,17.273358944851985,False,n/a,1
2025-09-03 15:45:01.726487,970,1,POINT (19.55168664334812 17.279658050082748),0.0207123907147427,19.55168664334812,17.279658050082748,False,n/a,1
2025-09-03 15:45:02.726487,971,1,POINT (19.571349075277453 17.286959120654128),0.0209741951183849,19.571349075277453,17.286959120654128,False,n/a,1
2025-09-03 15:45:03.726487,972,1,POINT (19.591054056239145 17.295254373554386),0.0213798385255794,19.591054056239145,17.295254373554386,False,n/a,1
2025-09-03 15:45:04.726487,973,1,POINT (19.61066505214392 17.304528244748816),0.0216932212294091,19.61066505214392,17.304528244748816,False,n/a,1
2025-09-03 15:45:05.726487,974,1,POINT (19.63018593651149 17.314751480194854),0.022035867794964,19.63018593651149,17.314751480194854,False,n/a,1
2025-09-03 15:45:06.726487,975,1,POINT (19.649641707199734 17.325917040605425),0.0224320474401188,19.649641707199734,17.325917040605425,False,n/a,1
2025-09-03 15:45:07.726487,976,1,POINT (19.668948323467724 17.33799757991621),0.0227746539327968,19.668948323467724,17.33799757991621,False,n/a,1
2025-09-03 15:45:08.726487,977,1,POINT (19.688173636517497 17.35103874392447),0.0232311132008807,19.688173636517497,17.35103874392447,False,n/a,1
2025-09-03 15:45:09.726487,978,1,POINT (19.707273408233288 17.365028433156684),0.0236751490894833,19.707273408233288,17.365028433156684,False,n/a,1
2025-09-03 15:45:10.726487,979,1,POINT (19.72630693279925 17.379940233481594),0.0241792648013351,19.72630693279925,17.379940233481594,False,n/a,1
2025-09-03 15:45:11.726487,980,1,POINT (19.745202448620915 17.395767149509613),0.0246481599541373,19.745202448620915,17.395767149509613,False,n/a,1
2025-09-03 15:45:12.726487,981,1,POINT (19.76395903265831 17.412502014444424),0.0251369279972356,19.76395903265831,17.412502014444424,False,n/a,1
2025-09-03 15:45:13.726487,982,1,POINT (19.782470711553778 17.430121717807477),0.0255565295400391,19.782470711553778,17.430121717807477,False,n/a,1
2025-09-03 15:45:14.726487,983,1,POINT (19.800891999654528 17.448629792737528),0.0261130751331053,19.800891999654528,17.448629792737528,False,n/a,1
2025-09-03 15:45:15.726487,984,1,POINT (19.819115856238085 17.466964795964405),0.0258511371530855,19.819115856238085,17.466964795964405,False,n/a,1
2025-09-03 15:45:16.726487,985,1,POINT (19.83720241385007 17.485136549583434),0.0256385685217076,19.83720241385007,17.485136549583434,False,n/a,1
2025-09-03 15:45:17.726487,986,1,POINT (19.855247445679986 17.503142047391115),0.0254915893001011,19.855247445679986,17.503142047391115,False,n/a,1
2025-09-03 15:45:18.726487,987,1,POINT (19.87331596128643 17.520993011989752),0.0253993738765786,19.87331596128643,17.520993011989752,False,n/a,1
2025-09-03 15:45:19.726487,988,1,POINT (19.891305482365546 17.538700216437125),0.0252421860780098,19.891305482365546,17.538700216437125,False,n/a,1
2025-09-03 15:45:20.726487,989,1,POINT (19.909268391435404 17.556235898578866),0.0251031123653681,19.909268391435404,17.556235898578866,False,n/a,1
2025-09-03 15:45:21.726487,990,1,POINT (19.92722825904364 17.573613089130106),0.0249904701028115,19.92722825904364,17.573613089130106,False,n/a,1
2025-09-03 15:45:22.726487,991,1,POINT (19.94524316658642 17.59087502554169),0.0249501772028246,19.94524316658642,17.59087502554169,False,n/a,1
2025-09-03 15:45:23.726487,992,1,POINT (19.96320988584173 17.607995542850944),0.0248176371505398,19.96320988584173,17.607995542850944,False,n/a,1
2025-09-03 15:45:24.726487,993,1,POINT (19.98117750200458 17.624995999168988),0.0247356169439349,19.98117750200458,17.624995999168988,False,n/a,1
2025-09-03 15:45:25.726487,994,1,POINT (19.99912260573118 17.64186540685231),0.0246293252718095,19.99912260573118,17.64186540685231,False,n/a,1
2025-09-03 15:45:26.726487,995,1,POINT (20.01698664748854 17.65858134516576),0.0244652116607999,20.01698664748854,17.65858134516576,False,n/a,1
2025-09-03 15:45:27.726487,996,1,POINT (20.034745300361266 17.675150953731336),0.0242883033551176,20.034745300361266,17.675150953731336,False,n/a,1
2025-09-03 15:45:28.726487,997,1,POINT (20.052520263679043 17.691601349238436),0.0242191005879336,20.052520263679043,17.691601349238436,False,n/a,1
2025-09-03 15:45:29.726487,998,1,POINT (20.070334116199483 17.70793866975459),0.0241710856865708,20.070334116199483,17.70793866975459,False,n/a,1
2025-09-03 15:45:30.726487,999,1,POINT (20.088141755662758 17.724159761325545),0.0240880849178003,20.088141755662758,17.724159761325545,False,n/a,1
2025-09-03 15:45:31.726487,1000,1,POINT (20.105945081078296 17.74027198305753),0.0240117072485964,20.105945081078296,17.74027198305753,False,n/a,1
2025-09-03 15:45:32.726487,1001,1,POINT (20.123649483527107 17.75623317021419),0.0238370585752406,20.123649483527107,17.75623317021419,False,n/a,1
2025-09-03 15:45:33.726487,1002,1,POINT (20.141351805833484 17.772096557270565),0.0237701338645618,20.141351805833484,17.772096557270565,False,n/a,1
2025-09-03 15:45:34.726487,1003,1,POINT (20.15895313336332 17.787854868826635),0.0236247987062471,20.15895313336332,17.787854868826635,False,n/a,1
2025-09-03 15:45:35.726487,1004,1,POINT (20.176524775852133 17.803493402181687),0.0235228898150667,20.176524775852133,17.803493402181687,False,n/a,1
2025-09-03 15:45:36.726487,1005,1,POINT (20.19408536248184 17.819037975270067),0.0234522484056282,20.19408536248184,17.819037975270067,False,n/a,1
2025-09-03 15:45:37.726487,1006,1,POINT (20.21161275129653 17.83446942766944),0.0233524962651905,20.21161275129653,17.83446942766944,False,n/a,1
2025-09-03 15:45:38.726487,1007,1,POINT (20.229065512099112 17.849760896680234),0.0232040488738505,20.229065512099112,17.849760896680234,False,n/a,1
2025-09-03 15:45:39.726487,1008,1,POINT (20.24647543533069 17.86491667248873),0.0230825251497064,20.24647543533069,17.86491667248873,False,n/a,1
2025-09-03 15:45:40.726487,1009,1,POINT (20.2638819537313 17.8799845207581),0.0230223138346156,20.2638819537313,17.8799845207581,False,n/a,1
2025-09-03 15:45:41.726487,1010,1,POINT (20.28120691078543 17.894923317278227),0.0228762273637321,20.28120691078543,17.894923317278227,False,n/a,1
2025-09-03 15:45:42.726487,1011,1,POINT (20.298592406646375 17.909794746756443),0.0228782621948575,20.298592406646375,17.909794746756443,False,n/a,1
2025-09-03 15:45:43.726487,1012,1,POINT (20.315927129015527 17.924581354728225),0.0227845644006344,20.315927129015527,17.924581354728225,False,n/a,1
2025-09-03 15:45:44.726487,1013,1,POINT (20.333232433397505 17.939262193820714),0.0226936245719459,20.333232433397505,17.939262193820714,False,n/a,1
2025-09-03 15:45:45.726487,1014,1,POINT (20.35060562220655 17.95385116200682),0.022686244337263,20.35060562220655,17.95385116200682,False,n/a,1
2025-09-03 15:45:46.726487,1015,1,POINT (20.36794555485721 17.968340035058223),0.0225964755355609,20.36794555485721,17.968340035058223,False,n/a,1
2025-09-03 15:45:47.726487,1016,1,POINT (20.385181181189434 17.982718672736706),0.0224457576515694,20.385181181189434,17.982718672736706,False,n/a,1
2025-09-03 15:45:48.726487,1017,1,POINT (20.402492505079795 17.997055869880402),0.0224774811038558,20.402492505079795,17.997055869880402,False,n/a,1
2025-09-03 15:45:49.726487,1018,1,POINT (20.41981650418073 18.01130460310693),0.02243094611045,20.41981650418073,18.01130460310693,False,n/a,1
2025-09-03 15:45:50.726487,1019,1,POINT (20.437203749819837 18.025512394721105),0.0224539006292081,20.437203749819837,18.025512394721105,False,n/a,1
2025-09-03 15:45:51.726487,1020,1,POINT (20.45457395317761 18.03964206365787),0.0223913266456709,20.45457395317761,18.03964206365787,False,n/a,1
2025-09-03 15:45:52.726487,1021,1,POINT (20.47197363807997 18.05372287798535),0.0223834395664822,20.47197363807997,18.05372287798535,False,n/a,1
2025-09-03 15:45:53.726487,1022,1,POINT (20.48935981402516 18.067727837108),0.0223252770201015,20.48935981402516,18.067727837108,False,n/a,1
2025-09-03 15:45:54.726487,1023,1,POINT (20.50669148089371 18.081653008441247),0.0222327927418627,20.50669148089371,18.081653008441247,False,n/a,1
2025-09-03 15:45:55.726487,1024,1,POINT (20.52399636725896 18.095483293615093),0.0221525592224483,20.52399636725896,18.095483293615093,False,n/a,1
2025-09-03 15:45:56.726487,1025,1,POINT (20.541183441098813 18.10920365350028),0.021991902658834,20.541183441098813,18.10920365350028,False,n/a,1
2025-09-03 15:45:57.726487,1026,1,POINT (20.558281984049128 18.122848214972567),0.0218754252254617,20.558281984049128,18.122848214972567,False,n/a,1
2025-09-03 15:45:58.726487,1027,1,POINT (20.575316858920687 18.13638871818868),0.021760794774896,20.575316858920687,18.13638871818868,False,n/a,1
2025-09-03 15:45:59.726487,1028,1,POINT (20.59233270268528 18.14986646852884),0.0217068812419642,20.59233270268528,18.14986646852884,False,n/a,1
2025-09-03 15:46:00.726487,1029,1,POINT (20.60940654970576 18.163273564314505),0.0217086726790171,20.60940654970576,18.163273564314505,False,n/a,1
2025-09-03 15:46:01.726487,1030,1,POINT (20.626443546242434 18.17661431176716),0.0216387336410018,20.626443546242434,18.17661431176716,False,n/a,1
2025-09-03 15:46:02.726487,1031,1,POINT (20.6434363037783 18.189883229694168),0.021559638021695,20.6434363037783,18.189883229694168,False,n/a,1
2025-09-03 15:46:03.726487,1032,1,POINT (20.66041697581064 18.203089452914075),0.0215115679206299,20.66041697581064,18.203089452914075,False,n/a,1
2025-09-03 15:46:04.726487,1033,1,POINT (20.67730815626525 18.21620256794797),0.0213837733583785,20.67730815626525,18.21620256794797,False,n/a,1
2025-09-03 15:46:05.726487,1034,1,POINT (20.694137727370805 18.22923538582575),0.0212858827731465,20.694137727370805,18.22923538582575,False,n/a,1
2025-09-03 15:46:06.726487,1035,1,POINT (20.710938680046464 18.24217516676509),0.0212063655907341,20.710938680046464,18.24217516676509,False,n/a,1
2025-09-03 15:46:07.726487,1036,1,POINT (20.72773396037495 18.25504721410482),0.0211606012208712,20.72773396037495,18.25504721410482,False,n/a,1
2025-09-03 15:46:08.726487,1037,1,POINT (20.744522066877327 18.267833352162096),0.0211027449957299,20.744522066877327,18.267833352162096,False,n/a,1
2025-09-03 15:46:09.726487,1038,1,POINT (20.76131587119645 18.280565121595405),0.0210743876877149,20.76131587119645,18.280565121595405,False,n/a,1
2025-09-03 15:46:10.726487,1039,1,POINT (20.77821705586048 18.293263038828236),0.0211397054165667,20.77821705586048,18.293263038828236,False,n/a,1
2025-09-03 15:46:11.726487,1040,1,POINT (20.795145353054103 18.30589098736305),0.0211194775047469,20.795145353054103,18.30589098736305,False,n/a,1
2025-09-03 15:46:12.726487,1041,1,POINT (20.812056445072063 18.31845491873617),0.021067448938788,20.812056445072063,18.31845491873617,False,n/a,1
2025-09-03 15:46:13.726487,1042,1,POINT (20.82896829403604 18.330973577050383),0.0210410893579336,20.82896829403604,18.330973577050383,False,n/a,1
2025-09-03 15:46:14.726487,1043,1,POINT (20.84589703590732 18.343447017106232),0.0210278151069258,20.84589703590732,18.343447017106232,False,n/a,1
2025-09-03 15:46:15.726487,1044,1,POINT (20.862841657944667 18.35586390913842),0.0210071279266747,20.862841657944667,18.35586390913842,False,n/a,1
2025-09-03 15:46:16.726487,1045,1,POINT (20.879831900069632 18.368254467792283),0.0210284158038534,20.879831900069632,18.368254467792283,False,n/a,1
2025-09-03 15:46:17.726487,1046,1,POINT (20.89671888204272 18.380542719072277),0.0208847140195751,20.89671888204272,18.380542719072277,False,n/a,1
2025-09-03 15:46:18.726487,1047,1,POINT (20.91369429957842 18.392821877760607),0.0209509555535006,20.91369429957842,18.392821877760607,False,n/a,1
2025-09-03 15:46:19.726487,1048,1,POINT (20.930676270472684 18.40504140402056),0.0209213803911516,20.930676270472684,18.40504140402056,False,n/a,1
2025-09-03 15:46:20.726487,1049,1,POINT (20.947523583118716 18.41714358379316),0.0207435459514852,20.947523583118716,18.41714358379316,False,n/a,1
2025-09-03 15:46:21.726487,1050,1,POINT (20.96445522432276 18.429217168630554),0.0207954784674084,20.96445522432276,18.429217168630554,False,n/a,1
2025-09-03 15:46:22.726487,1051,1,POINT (20.98143550117557 18.44127622114828),0.0208266787948383,20.98143550117557,18.44127622114828,False,n/a,1
2025-09-03 15:46:23.726487,1052,1,POINT (20.99848965572228 18.453338021234547),0.0208885425203405,20.99848965572228,18.453338021234547,False,n/a,1
2025-09-03 15:46:24.726487,1053,1,POINT (21.015539556433563 18.465333174797653),0.0208466501689613,21.015539556433563,18.465333174797653,False,n/a,1
2025-09-03 15:46:25.726487,1054,1,POINT (21.033002176681773 18.476338856965405),0.0206414182146185,21.033002176681773,18.476338856965405,False,n/a,1
2025-09-03 15:46:26.726487,1055,1,POINT (21.050979808380863 18.4864015014806),0.0206022342513479,21.050979808380863,18.4864015014806,False,n/a,1
2025-09-03 15:46:27.726487,1056,1,POINT (21.06970234483972 18.49506415075603),0.0206294659146158,21.06970234483972,18.49506415075603,False,n/a,1
2025-09-03 15:46:28.726487,1057,1,POINT (21.08902658169379 18.502242722217748),0.0206145098952927,21.08902658169379,18.502242722217748,False,n/a,1
2025-09-03 15:46:29.726487,1058,1,POINT (21.108920916930327 18.507904645081094),0.0206843405747974,21.108920916930327,18.507904645081094,False,n/a,1
2025-09-03 15:46:30.726487,1059,1,POINT (21.12921710621762 18.512614087683296),0.0208354061445667,21.12921710621762,18.512614087683296,False,n/a,1
2025-09-03 15:46:31.726487,1060,1,POINT (21.149894137302518 18.516394433008475),0.0210197674883255,21.149894137302518,18.516394433008475,False,n/a,1
2025-09-03 15:46:32.726487,1061,1,POINT (21.17098529471465 18.51927898332132),0.0212874975394249,21.17098529471465,18.51927898332132,False,n/a,1
2025-09-03 15:46:33.726487,1062,1,POINT (21.192477613875173 18.521251250000194),0.0215826230739035,21.192477613875173,18.521251250000194,False,n/a,1
2025-09-03 15:46:34.726487,1063,1,POINT (21.21436818053009 18.522328457536947),0.0219170546504458,21.21436818053009,18.522328457536947,False,n/a,1
2025-09-03 15:46:35.726487,1064,1,POINT (21.236680952160388 18.522494157265832),0.0223133868837954,21.236680952160388,18.522494157265832,False,n/a,1
2025-09-03 15:46:36.726487,1065,1,POINT (21.259350499005105 18.521770977512997),0.022681078966834,21.259350499005105,18.521770977512997,False,n/a,1
2025-09-03 15:46:37.726487,1066,1,POINT (21.28233042928233 18.5201471113398),0.0230372337075152,21.28233042928233,18.5201471113398,False,n/a,1
2025-09-03 15:46:38.726487,1067,1,POINT (21.305680848754765 18.51765875027034),0.023482632525987,21.305680848754765,18.51765875027034,False,n/a,1
2025-09-03 15:46:39.726487,1068,1,POINT (21.329413727651698 18.514308090715303),0.0239682385708719,21.329413727651698,18.514308090715303,False,n/a,1
2025-09-03 15:46:40.726487,1069,1,POINT (21.35352243422937 18.510094668022468),0.0244741223261818,21.35352243422937,18.510094668022468,False,n/a,1
2025-09-03 15:46:41.726487,1070,1,POINT (21.377524388272068 18.50597008616957),0.0243537671280833,21.377524388272068,18.50597008616957,False,n/a,1
2025-09-03 15:46:42.726487,1071,1,POINT (21.401489542651717 18.50195224891262),0.0242996222329401,21.401489542651717,18.50195224891262,False,n/a,1
2025-09-03 15:46:43.726487,1072,1,POINT (21.42533084462852 18.498014630590472),0.0241642818639475,21.42533084462852,18.498014630590472,False,n/a,1
2025-09-03 15:46:44.726487,1073,1,POINT (21.449036164473828 18.494155294252504),0.0240174242153022,21.449036164473828,18.494155294252504,False,n/a,1
2025-09-03 15:46:45.726487,1074,1,POINT (21.472639236123072 18.490369588676263),0.0239047392370074,21.472639236123072,18.490369588676263,False,n/a,1
2025-09-03 15:46:46.726487,1075,1,POINT (21.49612827257428 18.486673504462733),0.0237780544183032,21.49612827257428,18.486673504462733,False,n/a,1
2025-09-03 15:46:47.726487,1076,1,POINT (21.519457420767075 18.48305982609131),0.0236073680611246,21.519457420767075,18.48305982609131,False,n/a,1
2025-09-03 15:46:48.726487,1077,1,POINT (21.54268368625152 18.47953797517529),0.0234917611563845,21.54268368625152,18.47953797517529,False,n/a,1
2025-09-03 15:46:49.726487,1078,1,POINT (21.56575095700557 18.47606822644246),0.0233267686641237,21.56575095700557,18.47606822644246,False,n/a,1
2025-09-03 15:46:50.726487,1079,1,POINT (21.588721102415583 18.47267542890792),0.0232193594930515,21.588721102415583,18.47267542890792,False,n/a,1
2025-09-03 15:46:51.726487,1080,1,POINT (21.611690711820103 18.46938469518639),0.023204135075938,21.611690711820103,18.46938469518639,False,n/a,1
2025-09-03 15:46:52.726487,1081,1,POINT (21.634558596649796 18.466175214424545),0.0230920099459629,21.634558596649796,18.466175214424545,False,n/a,1
2025-09-03 15:46:53.726487,1082,1,POINT (21.65725251593336 18.46301841400422),0.0229124280979281,21.65725251593336,18.46301841400422,False,n/a,1
2025-09-03 15:46:54.726487,1083,1,POINT (21.67979351275379 18.459942122305826),0.0227499474344964,21.67979351275379,18.459942122305826,False,n/a,1
2025-09-03 15:46:55.726487,1084,1,POINT (21.70232979089648 18.45696389204256),0.0227322169623993,21.70232979089648,18.45696389204256,False,n/a,1
2025-09-03 15:46:56.726487,1085,1,POINT (21.724727938419083 18.454038686653995),0.0225883562706468,21.724727938419083,18.454038686653995,False,n/a,1
2025-09-03 15:46:57.726487,1086,1,POINT (21.747071926903303 18.45118715374493),0.0225252094621653,21.747071926903303,18.45118715374493,False,n/a,1
2025-09-03 15:46:58.726487,1087,1,POINT (21.769362337866102 18.448425332854587),0.0224608565179703,21.769362337866102,18.448425332854587,False,n/a,1
2025-09-03 15:46:59.726487,1088,1,POINT (21.791310703961216 18.446748745167483),0.0220123083868474,21.791310703961216,18.446748745167483,False,n/a,1
2025-09-03 15:47:00.726487,1089,1,POINT (21.81298558092705 18.44617371861208),0.0216825032462477,21.81298558092705,18.44617371861208,False,n/a,1
2025-09-03 15:47:01.726487,1090,1,POINT (21.834369045324785 18.446670871777275),0.0213892428785773,21.834369045324785,18.446670871777275,False,n/a,1
2025-09-03 15:47:02.726487,1091,1,POINT (21.855615730945026 18.448265835660592),0.0213064675541124,21.855615730945026,18.448265835660592,False,n/a,1
2025-09-03 15:47:03.726487,1092,1,POINT (21.87656436395664 18.45091923498631),0.0211160070334527,21.87656436395664,18.45091923498631,False,n/a,1
2025-09-03 15:47:04.726487,1093,1,POINT (21.897335671156245 18.45460815196869),0.0210963340721426,21.897335671156245,18.45460815196869,False,n/a,1
2025-09-03 15:47:05.726487,1094,1,POINT (21.917861534403887 18.459335766164926),0.0210632713045564,21.917861534403887,18.459335766164926,False,n/a,1
2025-09-03 15:47:06.726487,1095,1,POINT (21.938111501338582 18.46507516097909),0.0210476082652936,21.938111501338582,18.46507516097909,False,n/a,1
2025-09-03 15:47:07.726487,1096,1,POINT (21.958009301342017 18.47180641912514),0.0210055297768303,21.958009301342017,18.47180641912514,False,n/a,1
2025-09-03 15:47:08.726487,1097,1,POINT (21.97761157311082 18.479514096546023),0.0210631752051411,21.97761157311082,18.479514096546023,False,n/a,1
2025-09-03 15:47:09.726487,1098,1,POINT (21.996894067121367 18.488192088817083),0.0211452624746843,21.996894067121367,18.488192088817083,False,n/a,1
2025-09-03 15:47:10.726487,1099,1,POINT (22.015946195466224 18.49784965729692),0.0213600614093606,22.015946195466224,18.49784965729692,False,n/a,1
2025-09-03 15:47:11.726487,1100,1,POINT (22.03468001586588 18.50844984564109),0.0215248697951575,22.03468001586588,18.50844984564109,False,n/a,1
2025-09-03 15:47:12.726487,1101,1,POINT (22.0530757900592 18.519990147761103),0.0217159637408213,22.0530757900592,18.519990147761103,False,n/a,1
2025-09-03 15:47:13.726487,1102,1,POINT (22.07123046460169 18.53252284772738),0.0220603893027433,22.07123046460169,18.53252284772738,False,n/a,1
2025-09-03 15:47:14.726487,1103,1,POINT (22.08905340178648 18.545972549206898),0.0223282681769292,22.08905340178648,18.545972549206898,False,n/a,1
2025-09-03 15:47:15.726487,1104,1,POINT (22.10657603957621 18.560356224434397),0.0226700892843512,22.10657603957621,18.560356224434397,False,n/a,1
2025-09-03 15:47:16.726487,1105,1,POINT (22.123840344698937 18.575682722383338),0.0230858781671708,22.123840344698937,18.575682722383338,False,n/a,1
2025-09-03 15:47:17.726487,1106,1,POINT (22.140817331789485 18.591919464696357),0.0234914855130937,22.140817331789485,18.591919464696357,False,n/a,1
2025-09-03 15:47:18.726487,1107,1,POINT (22.15739291343107 18.609016892873743),0.0238132727074188,22.15739291343107,18.609016892873743,False,n/a,1
2025-09-03 15:47:19.726487,1108,1,POINT (22.17370822756461 18.627020414384862),0.0242964248826321,22.17370822756461,18.627020414384862,False,n/a,1
2025-09-03 15:47:20.726487,1109,1,POINT (22.1896714777269 18.645882151961388),0.0247101295049129,22.1896714777269,18.645882151961388,False,n/a,1
2025-09-03 15:47:21.726487,1110,1,POINT (22.20535004056985 18.66560281333227),0.0251936860686437,22.20535004056985,18.66560281333227,False,n/a,1
2025-09-03 15:47:22.726487,1111,1,POINT (22.22063084768005 18.686154990761747),0.025610448317666,22.22063084768005,18.686154990761747,False,n/a,1
2025-09-03 15:47:23.726487,1112,1,POINT (22.235587223894598 18.70757421748643),0.0261242504764132,22.235587223894598,18.70757421748643,False,n/a,1
2025-09-03 15:47:24.726487,1113,1,POINT (22.25005586811425 18.729771130411404),0.0264961244138409,22.25005586811425,18.729771130411404,False,n/a,1
2025-09-03 15:47:25.726487,1114,1,POINT (22.264160951370307 18.752766729810304),0.0269768598130888,22.264160951370307,18.752766729810304,False,n/a,1
2025-09-03 15:47:26.726487,1115,1,POINT (22.27783741100399 18.77653264227601),0.0274201412002077,22.27783741100399,18.77653264227601,False,n/a,1
2025-09-03 15:47:27.726487,1116,1,POINT (22.291032124893334 18.801055886930698),0.0278476211374586,22.291032124893334,18.801055886930698,False,n/a,1
2025-09-03 15:47:28.726487,1117,1,POINT (22.30378133576617 18.82634528711588),0.0283213018699042,22.30378133576617,18.82634528711588,False,n/a,1
2025-09-03 15:47:29.726487,1118,1,POINT (22.31646527439777 18.85141485090249),0.028095646062355,22.31646527439777,18.85141485090249,False,n/a,1
2025-09-03 15:47:30.726487,1119,1,POINT (22.329029548147645 18.876256498351527),0.027838254665909,22.329029548147645,18.876256498351527,False,n/a,1
2025-09-03 15:47:31.726487,1120,1,POINT (22.34155088553714 18.900895484099845),0.0276380807714166,22.34155088553714,18.900895484099845,False,n/a,1
2025-09-03 15:47:32.726487,1121,1,POINT (22.35409987451317 18.925360855197194),0.0274960271175981,22.35409987451317,18.925360855197194,False,n/a,1
2025-09-03 15:47:33.726487,1122,1,POINT (22.366470558769414 18.9495703543595),0.0271870130514076,22.366470558769414,18.9495703543595,False,n/a,1
2025-09-03 15:47:34.726487,1123,1,POINT (22.37881421711071 18.973590004404763),0.0270057306796783,22.37881421711071,18.973590004404763,False,n/a,1
2025-09-03 15:47:35.726487,1124,1,POINT (22.39112745487037 18.997421777506503),0.0268247876654938,22.39112745487037,18.997421777506503,False,n/a,1
2025-09-03 15:47:36.726487,1125,1,POINT (22.403358118580257 19.02103213500466),0.0265901883403464,22.403358118580257,19.02103213500466,False,n/a,1
2025-09-03 15:47:37.726487,1126,1,POINT (22.415575465599098 19.044487110550797),0.026446161272451,22.415575465599098,19.044487110550797,False,n/a,1
2025-09-03 15:47:38.726487,1127,1,POINT (22.42771379715369 19.067725857612867),0.0262179033857446,22.42771379715369,19.067725857612867,False,n/a,1
2025-09-03 15:47:39.726487,1128,1,POINT (22.439862451165084 19.09080583853397),0.0260820879840373,22.439862451165084,19.09080583853397,False,n/a,1
2025-09-03 15:47:40.726487,1129,1,POINT (22.452118698835346 19.113764366496465),0.0260251726826036,22.452118698835346,19.113764366496465,False,n/a,1
2025-09-03 15:47:41.726487,1130,1,POINT (22.46436910806194 19.136577949252576),0.0258946342779556,22.46436910806194,19.136577949252576,False,n/a,1
2025-09-03 15:47:42.726487,1131,1,POINT (22.476666196749186 19.159257576614227),0.025798912524469,22.476666196749186,19.159257576614227,False,n/a,1
2025-09-03 15:47:43.726487,1132,1,POINT (22.488966649638986 19.1818251840334),0.0257021019747451,22.488966649638986,19.1818251840334,False,n/a,1
2025-09-03 15:47:44.726487,1133,1,POINT (22.501221807344635 19.20423277923906),0.0255399532750366,22.501221807344635,19.20423277923906,False,n/a,1
2025-09-03 15:47:45.726487,1134,1,POINT (22.513592020758207 19.22656034404735),0.0255253272293557,22.513592020758207,19.22656034404735,False,n/a,1
2025-09-03 15:47:46.726487,1135,1,POINT (22.525988166279607 19.248763457954198),0.0254291700798123,22.525988166279607,19.248763457954198,False,n/a,1
2025-09-03 15:47:47.726487,1136,1,POINT (22.53841106753441 19.27084980660938),0.0253403881680016,22.53841106753441,19.27084980660938,False,n/a,1
2025-09-03 15:47:48.726487,1137,1,POINT (22.550877013339143 19.292817812136715),0.0252585247323666,22.550877013339143,19.292817812136715,False,n/a,1
2025-09-03 15:47:49.726487,1138,1,POINT (22.56333944978478 19.31466861698757),0.0251549198923778,22.56333944978478,19.31466861698757,False,n/a,1
2025-09-03 15:47:50.726487,1139,1,POINT (22.57581080994965 19.336383533908297),0.0250414145214651,22.57581080994965,19.336383533908297,False,n/a,1
2025-09-03 15:47:51.726487,1140,1,POINT (22.58835239399304 19.35801674492048),0.0250057423208097,22.58835239399304,19.35801674492048,False,n/a,1
2025-09-03 15:47:52.726487,1141,1,POINT (22.60088457879565 19.37953140254975),0.0248985170006509,22.60088457879565,19.37953140254975,False,n/a,1
2025-09-03 15:47:53.726487,1142,1,POINT (22.613438682326212 19.40092951802301),0.0248089673558385,22.613438682326212,19.40092951802301,False,n/a,1
2025-09-03 15:47:54.726487,1143,1,POINT (22.62600743987418 19.422226699744098),0.0247294079096238,22.62600743987418,19.422226699744098,False,n/a,1
2025-09-03 15:47:55.726487,1144,1,POINT (22.638518916762923 19.443343091679072),0.0245446340834206,22.638518916762923,19.443343091679072,False,n/a,1
2025-09-03 15:47:56.726487,1145,1,POINT (22.65101037641196 19.46434942857841),0.0244397781105319,22.65101037641196,19.46434942857841,False,n/a,1
2025-09-03 15:47:57.726487,1146,1,POINT (22.66358048752837 19.485290873955584),0.0244244104936878,22.66358048752837,19.485290873955584,False,n/a,1
2025-09-03 15:47:58.726487,1147,1,POINT (22.67611494381075 19.506113273845955),0.0243040106050266,22.67611494381075,19.506113273845955,False,n/a,1
2025-09-03 15:47:59.726487,1148,1,POINT (22.688719664240832 19.52687404603818),0.0242876231677382,22.688719664240832,19.52687404603818,False,n/a,1
2025-09-03 15:48:00.726487,1149,1,POINT (22.70128248958465 19.54749746968959),0.0241485027222106,22.70128248958465,19.54749746968959,False,n/a,1
2025-09-03 15:48:01.726487,1150,1,POINT (22.714429486223136 19.567168245804066),0.0236597327448631,22.714429486223136,19.567168245804066,False,n/a,1
2025-09-03 15:48:02.726487,1151,1,POINT (22.728208822122102 19.58591477657456),0.0232659088312881,22.728208822122102,19.58591477657456,False,n/a,1
2025-09-03 15:48:03.726487,1152,1,POINT (22.74263168979347 19.60376937612325),0.0229522512383763,22.74263168979347,19.60376937612325,False,n/a,1
2025-09-03 15:48:04.726487,1153,1,POINT (22.75769331468789 19.62070076807516),0.0226610806867102,22.75769331468789,19.62070076807516,False,n/a,1
2025-09-03 15:48:05.726487,1154,1,POINT (22.773290893425013 19.6366701053766),0.0223227282451752,22.773290893425013,19.6366701053766,False,n/a,1
2025-09-03 15:48:06.726487,1155,1,POINT (22.78966670202455 19.651850962925117),0.0223299248363464,22.78966670202455,19.651850962925117,False,n/a,1
2025-09-03 15:48:07.726487,1156,1,POINT (22.806648899071 19.666162656191585),0.022208547468888,22.806648899071,19.666162656191585,False,n/a,1
2025-09-03 15:48:08.726487,1157,1,POINT (22.82425144542739 19.679602373483647),0.0221466846078487,22.82425144542739,19.679602373483647,False,n/a,1
2025-09-03 15:48:09.726487,1158,1,POINT (22.842438657144594 19.692186042280557),0.0221161341657325,22.842438657144594,19.692186042280557,False,n/a,1
2025-09-03 15:48:10.726487,1159,1,POINT (22.861217583024654 19.70392381831567),0.0221455061685084,22.861217583024654,19.70392381831567,False,n/a,1
2025-09-03 15:48:11.726487,1160,1,POINT (22.8806432411598 19.71484944289088),0.0222873387003018,22.8806432411598,19.71484944289088,False,n/a,1
2025-09-03 15:48:12.726487,1161,1,POINT (22.900683914305983 19.724981669041988),0.0224564152733515,22.900683914305983,19.724981669041988,False,n/a,1
2025-09-03 15:48:13.726487,1162,1,POINT (22.92137870299756 19.73434512374265),0.0227145011593994,22.92137870299756,19.73434512374265,False,n/a,1
2025-09-03 15:48:14.726487,1163,1,POINT (22.942646025611023 19.742895297380617),0.0229217032609849,22.942646025611023,19.742895297380617,False,n/a,1
2025-09-03 15:48:15.726487,1164,1,POINT (22.964491608059426 19.750650498717288),0.0231812989343162,22.964491608059426,19.750650498717288,False,n/a,1
2025-09-03 15:48:16.726487,1165,1,POINT (22.986914637571104 19.757619326861143),0.0234809884412948,22.986914637571104,19.757619326861143,False,n/a,1
2025-09-03 15:48:17.726487,1166,1,POINT (23.009891601611887 19.763744183683094),0.0237792924121145,23.009891601611887,19.763744183683094,False,n/a,1
2025-09-03 15:48:18.726487,1167,1,POINT (23.033369653704963 19.769032063432206),0.0240661713267024,23.033369653704963,19.769032063432206,False,n/a,1
2025-09-03 15:48:19.726487,1168,1,POINT (23.057334697977797 19.77347827060469),0.0243740047021298,23.057334697977797,19.77347827060469,False,n/a,1
2025-09-03 15:48:20.726487,1169,1,POINT (23.081869591101924 19.77713937784384),0.0248065452417099,23.081869591101924,19.77713937784384,False,n/a,1
2025-09-03 15:48:21.726487,1170,1,POINT (23.10632685552772 19.780850183679384),0.0247371757309191,23.10632685552772,19.780850183679384,False,n/a,1
2025-09-03 15:48:22.726487,1171,1,POINT (23.130674883740397 19.784608592644076),0.0246363981903008,23.130674883740397,19.784608592644076,False,n/a,1
2025-09-03 15:48:23.726487,1172,1,POINT (23.15492294676884 19.7884027560598),0.0245431097592916,23.15492294676884,19.7884027560598,False,n/a,1
2025-09-03 15:48:24.726487,1173,1,POINT (23.17895756502128 19.792150117170827),0.0243249992772282,23.17895756502128,19.792150117170827,False,n/a,1
2025-09-03 15:48:25.726487,1174,1,POINT (23.20286898777152 19.795926832484493),0.024207844110968,23.20286898777152,19.795926832484493,False,n/a,1
2025-09-03 15:48:26.726487,1175,1,POINT (23.22659490460914 19.799699814022564),0.0240240404485265,23.22659490460914,19.799699814022564,False,n/a,1
2025-09-03 15:48:27.726487,1176,1,POINT (23.250322266865663 19.803579275444843),0.0240424196074225,23.250322266865663,19.803579275444843,False,n/a,1
2025-09-03 15:48:28.726487,1177,1,POINT (23.27401477783061 19.80753499340476),0.0240204658656416,23.27401477783061,19.80753499340476,False,n/a,1
2025-09-03 15:48:29.726487,1178,1,POINT (23.297571759534687 19.811472516476627),0.0238837910505775,23.297571759534687,19.811472516476627,False,n/a,1
2025-09-03 15:48:30.726487,1179,1,POINT (23.32098298364756 19.815394565699545),0.0237374784796114,23.32098298364756,19.815394565699545,False,n/a,1
2025-09-03 15:48:31.726487,1180,1,POINT (23.34431928018189 19.81936342279491),0.0236713870016461,23.34431928018189,19.81936342279491,False,n/a,1
2025-09-03 15:48:32.726487,1181,1,POINT (23.36758096239736 19.82338229336466),0.0236062953499672,23.36758096239736,19.82338229336466,False,n/a,1
2025-09-03 15:48:33.726487,1182,1,POINT (23.39086895989662 19.827519994040657),0.0236527248833973,23.39086895989662,19.827519994040657,False,n/a,1
2025-09-03 15:48:34.726487,1183,1,POINT (23.414049772692497 19.83166106836237),0.0235477934935634,23.414049772692497,19.83166106836237,False,n/a,1
2025-09-03 15:48:35.726487,1184,1,POINT (23.437176168170048 19.835868469670583),0.0235060076055556,23.437176168170048,19.835868469670583,False,n/a,1
2025-09-03 15:48:36.726487,1185,1,POINT (23.46032062364001 19.84017843905461),0.02354233750273,23.46032062364001,19.84017843905461,False,n/a,1
2025-09-03 15:48:37.726487,1186,1,POINT (23.483563620161863 19.84462542556488),0.0236645848545302,23.483563620161863,19.84462542556488,False,n/a,1
2025-09-03 15:48:38.726487,1187,1,POINT (23.506704889255857 19.84910470038116),0.0235707920562802,23.506704889255857,19.84910470038116,False,n/a,1
2025-09-03 15:48:39.726487,1188,1,POINT (23.529773077112992 19.85360382874587),0.0235028391275229,23.529773077112992,19.85360382874587,False,n/a,1
2025-09-03 15:48:40.726487,1189,1,POINT (23.552859391011918 19.858190962913792),0.0235376228475618,23.552859391011918,19.858190962913792,False,n/a,1
2025-09-03 15:48:41.726487,1190,1,POINT (23.57579040012906 19.862774972798423),0.0233847028151513,23.57579040012906,19.862774972798423,False,n/a,1
2025-09-03 15:48:42.726487,1191,1,POINT (23.598743863524916 19.867445921666462),0.0234239032868705,23.598743863524916,19.867445921666462,False,n/a,1
2025-09-03 15:48:43.726487,1192,1,POINT (23.62171608583759 19.87219555795404),0.0234580912021275,23.62171608583759,19.87219555795404,False,n/a,1
2025-09-03 15:48:44.726487,1193,1,POINT (23.64459945908955 19.876958595517365),0.0233738165094674,23.64459945908955,19.876958595517365,False,n/a,1
2025-09-03 15:48:45.726487,1194,1,POINT (23.667481825603407 19.88179722071969),0.0233883516119234,23.667481825603407,19.88179722071969,False,n/a,1
2025-09-03 15:48:46.726487,1195,1,POINT (23.69038423203869 19.88671888190635),0.0234252634854579,23.69038423203869,19.88671888190635,False,n/a,1
2025-09-03 15:48:47.726487,1196,1,POINT (23.713299932964187 19.89170701775472),0.0234523100812832,23.713299932964187,19.89170701775472,False,n/a,1
2025-09-03 15:48:48.726487,1197,1,POINT (23.736217623442432 19.896747270061788),0.0234653932457043,23.736217623442432,19.896747270061788,False,n/a,1
2025-09-03 15:48:49.726487,1198,1,POINT (23.7590725632326 19.90180610920027),0.0234081209463954,23.7590725632326,19.90180610920027,False,n/a,1
2025-09-03 15:48:50.726487,1199,1,POINT (23.78185191221657 19.9068844916406),0.0233385669728042,23.78185191221657,19.9068844916406,False,n/a,1
2025-09-03 15:48:51.726487,1200,1,POINT (23.804512915020386 19.91195826333736),0.0232220629424926,23.804512915020386,19.91195826333736,False,n/a,1
2025-09-03 15:48:52.726487,1201,1,POINT (23.827225758385183 19.917116131680853),0.0232911326380431,23.827225758385183,19.917116131680853,False,n/a,1
2025-09-03 15:48:53.726487,1202,1,POINT (23.84985807573752 19.922306554420068),0.0232198681509705,23.84985807573752,19.922306554420068,False,n/a,1
2025-09-03 15:48:54.726487,1203,1,POINT (23.872460602547104 19.92754981162407),0.023202714588714,23.872460602547104,19.92754981162407,False,n/a,1
2025-09-03 15:48:55.726487,1204,1,POINT (23.894997138837617 19.9328272042124),0.0231461949465773,23.894997138837617,19.9328272042124,False,n/a,1
2025-09-03 15:48:56.726487,1205,1,POINT (23.91744767813088 19.938131672623893),0.0230686822269265,23.91744767813088,19.938131672623893,False,n/a,1
2025-09-03 15:48:57.726487,1206,1,POINT (23.93988107728577 19.94346897545404),0.0230595793357853,23.93988107728577,19.94346897545404,False,n/a,1
2025-09-03 15:48:58.726487,1207,1,POINT (23.962409836735223 19.948894792066486),0.023172925759237,23.962409836735223,19.948894792066486,False,n/a,1
2025-09-03 15:48:59.726487,1208,1,POINT (23.98489380022914 19.95435266525668),0.0231369184239414,23.98489380022914,19.95435266525668,False,n/a,1
2025-09-03 15:49:00.726487,1209,1,POINT (24.00724097407108 19.95979080722634),0.022999338399268,24.00724097407108,19.95979080722634,False,n/a,1
2025-09-03 15:49:01.726487,1210,1,POINT (24.02954772759829 19.96526513031669),0.0229686626998864,24.02954772759829,19.96526513031669,False,n/a,1
2025-09-03 15:49:02.726487,1211,1,POINT (24.051905828936444 19.970814317382267),0.0230364531240374,24.051905828936444,19.970814317382267,False,n/a,1
2025-09-03 15:49:03.726487,1212,1,POINT (24.0741766935143 19.9763626183089),0.0229515806039073,24.0741766935143,19.9763626183089,False,n/a,1
2025-09-03 15:49:04.726487,1213,1,POINT (24.096415575311596 19.981970900123624),0.0229351409088174,24.096415575311596,19.981970900123624,False,n/a,1
2025-09-03 15:49:05.726487,1214,1,POINT (24.11868956136759 19.98762569528246),0.0229805823057448,24.11868956136759,19.98762569528246,False,n/a,1
2025-09-03 15:49:06.726487,1215,1,POINT (24.140957345242654 19.993311662874216),0.0229822632950126,24.140957345242654,19.993311662874216,False,n/a,1
2025-09-03 15:49:07.726487,1216,1,POINT (24.16320775309604 19.99902360556657),0.0229718727787416,24.16320775309604,19.99902360556657,False,n/a,1
2025-09-03 15:49:08.726487,1217,1,POINT (24.185521602095484 20.00479742607217),0.0230487496494002,24.185521602095484,20.00479742607217,False,n/a,1
2025-09-03 15:49:09.726487,1218,1,POINT (24.20797476108687 20.01065482242843),0.0232045995605795,24.20797476108687,20.01065482242843,False,n/a,1
2025-09-03 15:49:10.726487,1219,1,POINT (24.230405462660777 20.016532207618912),0.0231879285356611,24.230405462660777,20.016532207618912,False,n/a,1
2025-09-03 15:49:11.726487,1220,1,POINT (24.2528530018257 20.022491718890663),0.0232251542332627,24.2528530018257,20.022491718890663,False,n/a,1
2025-09-03 15:49:12.726487,1221,1,POINT (24.275293669455912 20.028466183859663),0.0232223555083358,24.275293669455912,20.028466183859663,False,n/a,1
2025-09-03 15:49:13.726487,1222,1,POINT (24.297828093517715 20.03448469923756),0.023324296241283,24.297828093517715,20.03448469923756,False,n/a,1
2025-09-03 15:49:14.726487,1223,1,POINT (24.32038975065093 20.0405409554257),0.0233603641155928,24.32038975065093,20.0405409554257,False,n/a,1
2025-09-03 15:49:15.726487,1224,1,POINT (24.342887582257287 20.04661185770291),0.0233025380902484,24.342887582257287,20.04661185770291,False,n/a,1
2025-09-03 15:49:16.726487,1225,1,POINT (24.36536806924468 20.052720876144008),0.0232957593030129,24.36536806924468,20.052720876144008,False,n/a,1
2025-09-03 15:49:17.726487,1226,1,POINT (24.387929952804573 20.058886049998584),0.0233890563817229,24.387929952804573,20.058886049998584,False,n/a,1
2025-09-03 15:49:18.726487,1227,1,POINT (24.410495185856504 20.06509006332932),0.0234025537943183,24.410495185856504,20.06509006332932,False,n/a,1
2025-09-03 15:49:19.726487,1228,1,POINT (24.433054907498505 20.07133257029089),0.0234074760221975,24.433054907498505,20.07133257029089,False,n/a,1
2025-09-03 15:49:20.726487,1229,1,POINT (24.45556252917025 20.0775918021848),0.0233617425981112,24.45556252917025,20.0775918021848,False,n/a,1
2025-09-03 15:49:21.726487,1230,1,POINT (24.477671130777992 20.08486087827689),0.0232729399148921,24.477671130777992,20.08486087827689,False,n/a,1
2025-09-03 15:49:22.726487,1231,1,POINT (24.49935879721289 20.093100766114816),0.0232002290284625,24.49935879721289,20.093100766114816,False,n/a,1
2025-09-03 15:49:23.726487,1232,1,POINT (24.520593368396156 20.102290077657237),0.0231376416248624,24.520593368396156,20.102290077657237,False,n/a,1
2025-09-03 15:49:24.726487,1233,1,POINT (24.541433651597597 20.112465793504107),0.0231918648864761,24.541433651597597,20.112465793504107,False,n/a,1
2025-09-03 15:49:25.726487,1234,1,POINT (24.561847602475307 20.123590330815887),0.023248327269696,24.561847602475307,20.123590330815887,False,n/a,1
2025-09-03 15:49:26.726487,1235,1,POINT (24.581937719144506 20.135661417264703),0.0234376602039711,24.581937719144506,20.135661417264703,False,n/a,1
2025-09-03 15:49:27.726487,1236,1,POINT (24.601571335385607 20.1486517048448),0.0235420147420822,24.601571335385607,20.1486517048448,False,n/a,1
2025-09-03 15:49:28.726487,1237,1,POINT (24.621146833168027 20.16156639731786),0.0234518527008685,24.621146833168027,20.16156639731786,False,n/a,1
2025-09-03 15:49:29.726487,1238,1,POINT (24.640597003559364 20.17439635260982),0.0233005768393345,24.640597003559364,20.17439635260982,False,n/a,1
2025-09-03 15:49:30.726487,1239,1,POINT (24.659883712676084 20.18714258922149),0.0231180383318698,24.659883712676084,20.18714258922149,False,n/a,1
2025-09-03 15:49:31.726487,1240,1,POINT (24.679185686428934 20.19986441386771),0.0231173314438493,24.679185686428934,20.19986441386771,False,n/a,1
2025-09-03 15:49:32.726487,1241,1,POINT (24.698572561080365 20.21260241135648),0.0231971439788205,24.698572561080365,20.21260241135648,False,n/a,1
2025-09-03 15:49:33.726487,1242,1,POINT (24.717973082679705 20.22533708608999),0.0232067270181477,24.717973082679705,20.22533708608999,False,n/a,1
2025-09-03 15:49:34.726487,1243,1,POINT (24.737435826351664 20.23806493832349),0.023255034158609,24.737435826351664,20.23806493832349,False,n/a,1
2025-09-03 15:49:35.726487,1244,1,POINT (24.75690072025116 20.250753508747305),0.023235359130404,24.75690072025116,20.250753508747305,False,n/a,1
2025-09-03 15:49:36.726487,1245,1,POINT (24.776323178657147 20.263394233116312),0.0231736877321136,24.776323178657147,20.263394233116312,False,n/a,1
2025-09-03 15:49:37.726487,1246,1,POINT (24.795791956799924 20.276012107494644),0.0232000878489722,24.795791956799924,20.276012107494644,False,n/a,1
2025-09-03 15:49:38.726487,1247,1,POINT (24.81524051449477 20.28860331080605),0.0231686166449143,24.81524051449477,20.28860331080605,False,n/a,1
2025-09-03 15:49:39.726487,1248,1,POINT (24.834216748363165 20.30210885125172),0.0232915665973238,24.834216748363165,20.30210885125172,False,n/a,1
2025-09-03 15:49:40.726487,1249,1,POINT (24.8527332509438 20.316520730629524),0.0234640818064337,24.8527332509438,20.316520730629524,False,n/a,1
2025-09-03 15:49:41.726487,1250,1,POINT (24.870692740895308 20.33178603870565),0.0235705941795601,24.870692740895308,20.33178603870565,False,n/a,1
2025-09-03 15:49:42.726487,1251,1,POINT (24.8882928806188 20.34796800219205),0.0239085938641625,24.8882928806188,20.34796800219205,False,n/a,1
2025-09-03 15:49:43.726487,1252,1,POINT (24.90547311981736 20.365036073281036),0.0242173423318575,24.90547311981736,20.365036073281036,False,n/a,1
2025-09-03 15:49:44.726487,1253,1,POINT (24.922242262792867 20.38301080818072),0.0245824175142902,24.922242262792867,20.38301080818072,False,n/a,1
2025-09-03 15:49:45.726487,1254,1,POINT (24.938632785382016 20.401890707095628),0.0250019961959564,24.938632785382016,20.401890707095628,False,n/a,1
2025-09-03 15:49:46.726487,1255,1,POINT (24.95503434529135 20.4206479955444),0.0249168023110884,24.95503434529135,20.4206479955444,False,n/a,1
2025-09-03 15:49:47.726487,1256,1,POINT (24.971453589852803 20.439323139410007),0.0248666964104601,24.971453589852803,20.439323139410007,False,n/a,1
2025-09-03 15:49:48.726487,1257,1,POINT (24.987886673065624 20.457923858963817),0.0248200119218135,24.987886673065624,20.457923858963817,False,n/a,1
2025-09-03 15:49:49.726487,1258,1,POINT (25.004330955350216 20.476458547538613),0.0247779962955043,25.004330955350216,20.476458547538613,False,n/a,1
2025-09-03 15:49:50.726487,1259,1,POINT (25.020795729625497 20.4949091661444),0.0247288115135368,25.020795729625497,20.4949091661444,False,n/a,1
2025-09-03 15:49:51.726487,1260,1,POINT (25.037302276275238 20.513288367292564),0.0247034636669586,25.037302276275238,20.513288367292564,False,n/a,1
2025-09-03 15:49:52.726487,1261,1,POINT (25.05372270581901 20.531565217807707),0.0245697735267331,25.05372270581901,20.531565217807707,False,n/a,1
2025-09-03 15:49:53.726487,1262,1,POINT (25.07008517254856 20.5497410593294),0.0244559099707453,25.07008517254856,20.5497410593294,False,n/a,1
2025-09-03 15:49:54.726487,1263,1,POINT (25.086542496193044 20.56788162339761),0.0244933371808016,25.086542496193044,20.56788162339761,False,n/a,1
2025-09-03 15:49:55.726487,1264,1,POINT (25.102970186148617 20.58593610084748),0.0244096938379824,25.102970186148617,20.58593610084748,False,n/a,1
2025-09-03 15:49:56.726487,1265,1,POINT (25.119463191266803 20.603947738335297),0.0244220863732226,25.119463191266803,20.603947738335297,False,n/a,1
2025-09-03 15:49:57.726487,1266,1,POINT (25.13512575740117 20.623433143654417),0.024999939967204,25.13512575740117,20.623433143654417,False,n/a,1
2025-09-03 15:49:58.726487,1267,1,POINT (25.149908938139877 20.644386286830947),0.025643257237125,25.149908938139877,20.644386286830947,False,n/a,1
2025-09-03 15:49:59.726487,1268,1,POINT (25.16384299217832 20.66684515161764),0.0264302567042611,25.16384299217832,20.66684515161764,False,n/a,1
2025-09-03 15:50:00.726487,1269,1,POINT (25.17680516441921 20.690761377917383),0.0272030106720413,25.17680516441921,20.690761377917383,False,n/a,1
2025-09-03 15:50:01.726487,1270,1,POINT (25.18881928162245 20.716169131784305),0.0281050345798627,25.18881928162245,20.716169131784305,False,n/a,1
2025-09-03 15:50:02.726487,1271,1,POINT (25.19979186859218 20.743034420197542),0.0290196724022664,25.19979186859218,20.743034420197542,False,n/a,1
2025-09-03 15:50:03.726487,1272,1,POINT (25.209707052634947 20.77136773088553),0.0300181173484243,25.209707052634947,20.77136773088553,False,n/a,1
2025-09-03 15:50:04.726487,1273,1,POINT (25.21858500045962 20.80120204315419),0.031127225159362,25.21858500045962,20.80120204315419,False,n/a,1
2025-09-03 15:50:05.726487,1274,1,POINT (25.226378326017603 20.83250072457746),0.0322543544670798,25.226378326017603,20.83250072457746,False,n/a,1
2025-09-03 15:50:06.726487,1275,1,POINT (25.232999136667097 20.86521206105675),0.0333746410904693,25.232999136667097,20.86521206105675,False,n/a,1
2025-09-03 15:50:07.726487,1276,1,POINT (25.238475432095328 20.899345149213417),0.0345696039712369,25.238475432095328,20.899345149213417,False,n/a,1
2025-09-03 15:50:08.726487,1277,1,POINT (25.2427460672605 20.93481376129404),0.0357247920587345,25.2427460672605,20.93481376129404,False,n/a,1
2025-09-03 15:50:09.726487,1278,1,POINT (25.24565502188716 20.971487809593185),0.0367892353232283,25.24565502188716,20.971487809593185,False,n/a,1
2025-09-03 15:50:10.726487,1279,1,POINT (25.24722159682041 21.009383175492125),0.037927732777429,25.24722159682041,21.009383175492125,False,n/a,1
2025-09-03 15:50:11.726487,1280,1,POINT (25.247374828087843 21.048420431669538),0.0390375569123148,25.247374828087843,21.048420431669538,False,n/a,1
2025-09-03 15:50:12.726487,1281,1,POINT (25.24609458555489 21.088538750598733),0.0401387410695432,25.24609458555489,21.088538750598733,False,n/a,1
2025-09-03 15:50:13.726487,1282,1,POINT (25.24458733983778 21.12815935191505),0.0396492602493215,25.24458733983778,21.12815935191505,False,n/a,1
2025-09-03 15:50:14.726487,1283,1,POINT (25.24281316150937 21.167230114367737),0.0391110238599693,25.24281316150937,21.167230114367737,False,n/a,1
2025-09-03 15:50:15.726487,1284,1,POINT (25.241418997780094 21.205010464975807),0.0378060654468664,25.241418997780094,21.205010464975807,False,n/a,1
2025-09-03 15:50:16.726487,1285,1,POINT (25.240609163602745 21.241641718453),0.0366402041848145,25.240609163602745,21.241641718453,False,n/a,1
2025-09-03 15:50:17.726487,1286,1,POINT (25.24035029168805 21.27706391109198),0.0354231385681931,25.24035029168805,21.27706391109198,False,n/a,1
2025-09-03 15:50:18.726487,1287,1,POINT (25.240642169260404 21.311280739642736),0.0342180734201851,25.240642169260404,21.311280739642736,False,n/a,1
2025-09-03 15:50:19.726487,1288,1,POINT (25.24171493413332 21.34447960066534),0.0332161887890647,25.24171493413332,21.34447960066534,False,n/a,1
2025-09-03 15:50:20.726487,1289,1,POINT (25.24345215102573 21.3766143793045),0.0321817016442408,25.24345215102573,21.3766143793045,False,n/a,1
2025-09-03 15:50:21.726487,1290,1,POINT (25.245896336593376 21.407717967088583),0.0311994746130658,25.245896336593376,21.407717967088583,False,n/a,1
2025-09-03 15:50:22.726487,1291,1,POINT (25.249034235782247 21.43776834043441),0.0302137609301303,25.249034235782247,21.43776834043441,False,n/a,1
2025-09-03 15:50:23.726487,1292,1,POINT (25.252933075566222 21.466878227192765),0.029369822245724,25.252933075566222,21.466878227192765,False,n/a,1
2025-09-03 15:50:24.726487,1293,1,POINT (25.257606459867084 21.495075685546144),0.0285821129102458,25.257606459867084,21.495075685546144,False,n/a,1
2025-09-03 15:50:25.726487,1294,1,POINT (25.263079540323236 21.522384805649267),0.0278521570167601,25.263079540323236,21.522384805649267,False,n/a,1
2025-09-03 15:50:26.726487,1295,1,POINT (25.269361362093058 21.54887100527281),0.0272209488307461,25.269361362093058,21.54887100527281,False,n/a,1
2025-09-03 15:50:27.726487,1296,1,POINT (25.276427992407623 21.574509449192224),0.0265944932384811,25.276427992407623,21.574509449192224,False,n/a,1
2025-09-03 15:50:28.726487,1297,1,POINT (25.28428943890092 21.59932169881694),0.0260278710694163,25.28428943890092,21.59932169881694,False,n/a,1
2025-09-03 15:50:29.726487,1298,1,POINT (25.292972137399275 21.62333776668166),0.0255374385735185,25.292972137399275,21.62333776668166,False,n/a,1
2025-09-03 15:50:30.726487,1299,1,POINT (25.302529767418783 21.646645165035444),0.0251909330833876,25.302529767418783,21.646645165035444,False,n/a,1
2025-09-03 15:50:31.726487,1300,1,POINT (25.312915189066345 21.66921831033337),0.0248476129927826,25.312915189066345,21.66921831033337,False,n/a,1
2025-09-03 15:50:32.726487,1301,1,POINT (25.324118776888422 21.691058743146925),0.0245463823316236,25.324118776888422,21.691058743146925,False,n/a,1
2025-09-03 15:50:33.726487,1302,1,POINT (25.33609707086861 21.71210810018707),0.0242188967229994,25.33609707086861,21.71210810018707,False,n/a,1
2025-09-03 15:50:34.726487,1303,1,POINT (25.347304575447332 21.733817856047864),0.0244319802393789,25.347304575447332,21.733817856047864,False,n/a,1
2025-09-03 15:50:35.726487,1304,1,POINT (25.357753648457862 21.75616734335264),0.02467149589234,25.357753648457862,21.75616734335264,False,n/a,1
2025-09-03 15:50:36.726487,1305,1,POINT (25.367378794011792 21.77913321918604),0.0249013027717305,25.367378794011792,21.77913321918604,False,n/a,1
2025-09-03 15:50:37.726487,1306,1,POINT (25.376249219311585 21.80273205180119),0.0252108973619944,25.376249219311585,21.80273205180119,False,n/a,1
2025-09-03 15:50:38.726487,1307,1,POINT (25.38436931766655 21.826939754537207),0.0255332894286997,25.38436931766655,21.826939754537207,False,n/a,1
2025-09-03 15:50:39.726487,1308,1,POINT (25.39174865350821 21.851758760845943),0.025892811195716,25.39174865350821,21.851758760845943,False,n/a,1
2025-09-03 15:50:40.726487,1309,1,POINT (25.39838031440826 21.87719134027112),0.0262829797114278,25.39838031440826,21.87719134027112,False,n/a,1
2025-09-03 15:50:41.726487,1310,1,POINT (25.40424745166809 21.903184744668216),0.0266473332957842,25.40424745166809,21.903184744668216,False,n/a,1
2025-09-03 15:50:42.726487,1311,1,POINT (25.40935581488936 21.92974917233238),0.0270511403072935,25.40935581488936,21.92974917233238,False,n/a,1
2025-09-03 15:50:43.726487,1312,1,POINT (25.413663911474963 21.956823281391124),0.0274147237359003,25.413663911474963,21.956823281391124,False,n/a,1
2025-09-03 15:50:44.726487,1313,1,POINT (25.41724767247172 21.98448075030083),0.0278886881974251,25.41724767247172,21.98448075030083,False,n/a,1
2025-09-03 15:50:45.726487,1314,1,POINT (25.420006876869596 22.012584290203325),0.0282386643444836,25.420006876869596,22.012584290203325,False,n/a,1
2025-09-03 15:50:46.726487,1315,1,POINT (25.42191564101678 22.04112967821138),0.0286091341550215,25.42191564101678,22.04112967821138,False,n/a,1
2025-09-03 15:50:47.726487,1316,1,POINT (25.422991240536764 22.07011131831021),0.0290015926656752,25.422991240536764,22.07011131831021,False,n/a,1
2025-09-03 15:50:48.726487,1317,1,POINT (25.423233130543604 22.099487079043005),0.0293767566182103,25.423233130543604,22.099487079043005,False,n/a,1
2025-09-03 15:50:49.726487,1318,1,POINT (25.42268852049359 22.12933677878222),0.0298546675517907,25.42268852049359,22.12933677878222,False,n/a,1
2025-09-03 15:50:50.726487,1319,1,POINT (25.42300654275197 22.158366841218363),0.0290318043394332,25.42300654275197,22.158366841218363,False,n/a,1
2025-09-03 15:50:51.726487,1320,1,POINT (25.42426729838912 22.18665623027026),0.0283174687729344,25.42426729838912,22.18665623027026,False,n/a,1
2025-09-03 15:50:52.726487,1321,1,POINT (25.42662617602558 22.21403680785839),0.0274820001594378,25.42662617602558,22.21403680785839,False,n/a,1
2025-09-03 15:50:53.726487,1322,1,POINT (25.430136561841188 22.24055160271409),0.0267461614968293,25.430136561841188,22.24055160271409,False,n/a,1
2025-09-03 15:50:54.726487,1323,1,POINT (25.434847279178364 22.26623872286709),0.0261154934777295,25.434847279178364,22.26623872286709,False,n/a,1
2025-09-03 15:50:55.726487,1324,1,POINT (25.44069106168916 22.2909602947237),0.0254028720639021,25.44069106168916,22.2909602947237,False,n/a,1
2025-09-03 15:50:56.726487,1325,1,POINT (25.4478136774311 22.31490318282804),0.0249798628055542,25.4478136774311,22.31490318282804,False,n/a,1
2025-09-03 15:50:57.726487,1326,1,POINT (25.456195935249248 22.338002931335332),0.0245735757925094,25.456195935249248,22.338002931335332,False,n/a,1
2025-09-03 15:50:58.726487,1327,1,POINT (25.465860872264425 22.360259770512133),0.0242647459836114,25.465860872264425,22.360259770512133,False,n/a,1
2025-09-03 15:50:59.726487,1328,1,POINT (25.4768394985955 22.381686599144636),0.0240756977336866,25.4768394985955,22.381686599144636,False,n/a,1
2025-09-03 15:51:00.726487,1329,1,POINT (25.48910154266572 22.40220002434147),0.0238989191823895,25.48910154266572,22.40220002434147,False,n/a,1
2025-09-03 15:51:01.726487,1330,1,POINT (25.502702194254116 22.421851121595427),0.0238986055432783,25.502702194254116,22.421851121595427,False,n/a,1
2025-09-03 15:51:02.726487,1331,1,POINT (25.517694108745093 22.44068715218769),0.0240739184300664,25.517694108745093,22.44068715218769,False,n/a,1
2025-09-03 15:51:03.726487,1332,1,POINT (25.534047259927902 22.45862514729933),0.0242733850592152,25.534047259927902,22.45862514729933,False,n/a,1
2025-09-03 15:51:04.726487,1333,1,POINT (25.55172294160913 22.47556927134431),0.024485364251891,25.55172294160913,22.47556927134431,False,n/a,1
2025-09-03 15:51:05.726487,1334,1,POINT (25.570754509007244 22.491537213575512),0.0248430218920338,25.570754509007244,22.491537213575512,False,n/a,1
2025-09-03 15:51:06.726487,1335,1,POINT (25.59118017736853 22.506553857639368),0.0253516770046053,25.59118017736853,22.506553857639368,False,n/a,1
2025-09-03 15:51:07.726487,1336,1,POINT (25.613014722677697 22.520607426341765),0.0259663274671447,25.613014722677697,22.520607426341765,False,n/a,1
2025-09-03 15:51:08.726487,1337,1,POINT (25.63625137714759 22.53365348794419),0.0266484865290223,25.63625137714759,22.53365348794419,False,n/a,1
2025-09-03 15:51:09.726487,1338,1,POINT (25.660909719204717 22.545687758382563),0.0274382488142006,25.660909719204717,22.545687758382563,False,n/a,1
2025-09-03 15:51:10.726487,1339,1,POINT (25.68690608981183 22.5565539034081),0.0281759541534734,25.68690608981183,22.5565539034081,False,n/a,1
2025-09-03 15:51:11.726487,1340,1,POINT (25.714340995839493 22.566367653484456),0.0291373258777765,25.714340995839493,22.566367653484456,False,n/a,1
2025-09-03 15:51:12.726487,1341,1,POINT (25.743154765541675 22.57501093944585),0.0300822159532977,25.743154765541675,22.57501093944585,False,n/a,1
2025-09-03 15:51:13.726487,1342,1,POINT (25.77334989712562 22.582457172706505),0.0310997164158102,25.77334989712562,22.582457172706505,False,n/a,1
2025-09-03 15:51:14.726487,1343,1,POINT (25.80489909161768 22.588644521033245),0.0321501936606006,25.80489909161768,22.588644521033245,False,n/a,1
2025-09-03 15:51:15.726487,1344,1,POINT (25.83774914044189 22.59350173537009),0.0332072016115053,25.83774914044189,22.59350173537009,False,n/a,1
2025-09-03 15:51:16.726487,1345,1,POINT (25.87190286053787 22.597089367018803),0.0343416321283852,25.87190286053787,22.597089367018803,False,n/a,1
2025-09-03 15:51:17.726487,1346,1,POINT (25.90729525997101 22.599357099353647),0.035464976351012,25.90729525997101,22.599357099353647,False,n/a,1
2025-09-03 15:51:18.726487,1347,1,POINT (25.94386947288338 22.600261336436542),0.0365853890899252,25.94386947288338,22.600261336436542,False,n/a,1
2025-09-03 15:51:19.726487,1348,1,POINT (25.981573913546992 22.59976011212888),0.0377077720312709,25.981573913546992,22.59976011212888,False,n/a,1
2025-09-03 15:51:20.726487,1349,1,POINT (26.0203758049628 22.597805903342994),0.0388510708915819,26.0203758049628,22.597805903342994,False,n/a,1
2025-09-03 15:51:21.726487,1350,1,POINT (26.0601942864204 22.594338727020943),0.0399691478172543,26.0601942864204,22.594338727020943,False,n/a,1
2025-09-03 15:51:22.726487,1351,1,POINT (26.100964073177995 22.5893319955466),0.0410760620351573,26.100964073177995,22.5893319955466,False,n/a,1
2025-09-03 15:51:23.726487,1352,1,POINT (26.14266438923469 22.582747900047814),0.0422169003216205,26.14266438923469,22.582747900047814,False,n/a,1
2025-09-03 15:51:24.726487,1353,1,POINT (26.185192902928858 22.574556890010214),0.0433101272506881,26.185192902928858,22.574556890010214,False,n/a,1
2025-09-03 15:51:25.726487,1354,1,POINT (26.228476805273463 22.56471819259508),0.044388018304538,26.228476805273463,22.56471819259508,False,n/a,1
2025-09-03 15:51:26.726487,1355,1,POINT (26.272436914624485 22.55318468768741),0.0454479146893358,26.272436914624485,22.55318468768741,False,n/a,1
2025-09-03 15:51:27.726487,1356,1,POINT (26.31705003899824 22.53990723772325),0.0465469821141891,26.31705003899824,22.53990723772325,False,n/a,1
2025-09-03 15:51:28.726487,1357,1,POINT (26.36219488882157 22.52483570067325),0.0475942086247951,26.36219488882157,22.52483570067325,False,n/a,1
2025-09-03 15:51:29.726487,1358,1,POINT (26.40786918367653 22.508001702877884),0.0486777638380486,26.40786918367653,22.508001702877884,False,n/a,1
2025-09-03 15:51:30.726487,1359,1,POINT (26.45338203080007 22.49011276311028),0.0489022843975553,26.45338203080007,22.49011276311028,False,n/a,1
2025-09-03 15:51:31.726487,1360,1,POINT (26.498006384522647 22.471986436459165),0.0481653055945917,26.498006384522647,22.471986436459165,False,n/a,1
2025-09-03 15:51:32.726487,1361,1,POINT (26.54178283089926 22.453623229344966),0.0474719352131687,26.54178283089926,22.453623229344966,False,n/a,1
2025-09-03 15:51:33.726487,1362,1,POINT (26.584557304965852 22.434930791213382),0.0466804335345866,26.584557304965852,22.434930791213382,False,n/a,1
2025-09-03 15:51:34.726487,1363,1,POINT (26.62654720433049 22.41607969623489),0.0460273335154306,26.62654720433049,22.41607969623489,False,n/a,1
2025-09-03 15:51:35.726487,1364,1,POINT (26.66766703277189 22.397011032615875),0.0453260876677599,26.66766703277189,22.397011032615875,False,n/a,1
2025-09-03 15:51:36.726487,1365,1,POINT (26.70793967618664 22.37776221206953),0.0446363405762203,26.70793967618664,22.37776221206953,False,n/a,1
2025-09-03 15:51:37.726487,1366,1,POINT (26.747374069527822 22.35836956345387),0.0439448085502495,26.747374069527822,22.35836956345387,False,n/a,1
2025-09-03 15:51:38.726487,1367,1,POINT (26.78606899890114 22.33889185087848),0.0433206514998958,26.78606899890114,22.33889185087848,False,n/a,1
2025-09-03 15:51:39.726487,1368,1,POINT (26.82413446668897 22.319360497678883),0.0427838006225946,26.82413446668897,22.319360497678883,False,n/a,1
2025-09-03 15:51:40.726487,1369,1,POINT (26.86156932238383 22.29982010438812),0.0422278982528417,26.86156932238383,22.29982010438812,False,n/a,1
2025-09-03 15:51:41.726487,1370,1,POINT (26.898388141496103 22.280282067966684),0.0416816543341021,26.898388141496103,22.280282067966684,False,n/a,1
2025-09-03 15:51:42.726487,1371,1,POINT (26.934168716620803 22.261559531078777),0.0403829536286461,26.934168716620803,22.261559531078777,False,n/a,1
2025-09-03 15:51:43.726487,1372,1,POINT (26.96899179382479 22.243722428598456),0.0391255534254586,26.96899179382479,22.243722428598456,False,n/a,1
2025-09-03 15:51:44.726487,1373,1,POINT (27.00290563366703 22.226822056097948),0.0378915706127489,27.00290563366703,22.226822056097948,False,n/a,1
2025-09-03 15:51:45.726487,1374,1,POINT (27.036010923608025 22.21092984751489),0.0367222346232445,27.036010923608025,22.21092984751489,False,n/a,1
2025-09-03 15:51:46.726487,1375,1,POINT (27.068308553221712 22.19606606473273),0.0355537468807198,27.068308553221712,22.19606606473273,False,n/a,1
2025-09-03 15:51:47.726487,1376,1,POINT (27.099918479017383 22.1822776884513),0.034486326700394,27.099918479017383,22.1822776884513,False,n/a,1
2025-09-03 15:51:48.726487,1377,1,POINT (27.13082442439295 22.16954244266103),0.0334269942545845,27.13082442439295,22.16954244266103,False,n/a,1
2025-09-03 15:51:49.726487,1378,1,POINT (27.16110732064509 22.157891149840808),0.0324469787468781,27.16110732064509,22.157891149840808,False,n/a,1
2025-09-03 15:51:50.726487,1379,1,POINT (27.190769275243216 22.14731273532187),0.0314918148780881,27.190769275243216,22.14731273532187,False,n/a,1
2025-09-03 15:51:51.726487,1380,1,POINT (27.219927380286816 22.137828413386277),0.0306618240212741,27.219927380286816,22.137828413386277,False,n/a,1
2025-09-03 15:51:52.726487,1381,1,POINT (27.248493349941786 22.12939221062444),0.0297856364606702,27.248493349941786,22.12939221062444,False,n/a,1
2025-09-03 15:51:53.726487,1382,1,POINT (27.276516268221464 22.12203109588762),0.0289736079748164,27.276516268221464,22.12203109588762,False,n/a,1
2025-09-03 15:51:54.726487,1383,1,POINT (27.3041109953022 22.11575863583808),0.028298634555989,27.3041109953022,22.11575863583808,False,n/a,1
2025-09-03 15:51:55.726487,1384,1,POINT (27.33128394367633 22.11055215893914),0.027667246430429,27.33128394367633,22.11055215893914,False,n/a,1
2025-09-03 15:51:56.726487,1385,1,POINT (27.358042534877637 22.10641184043363),0.0270770094435437,27.358042534877637,22.10641184043363,False,n/a,1
2025-09-03 15:51:57.726487,1386,1,POINT (27.38445344659612 22.10336419101838),0.0265861698023638,27.38445344659612,22.10336419101838,False,n/a,1
2025-09-03 15:51:58.726487,1387,1,POINT (27.410522836668054 22.101385313953475),0.0261443885597028,27.410522836668054,22.101385313953475,False,n/a,1
2025-09-03 15:51:59.726487,1388,1,POINT (27.436256718594944 22.10047874583523),0.025749845529244,27.436256718594944,22.10047874583523,False,n/a,1
2025-09-03 15:52:00.726487,1389,1,POINT (27.46161388071015 22.10060075500501),0.0253574556447282,27.46161388071015,22.10060075500501,False,n/a,1
2025-09-03 15:52:01.726487,1390,1,POINT (27.486756147715656 22.10180779103893),0.025171224168946,27.486756147715656,22.10180779103893,False,n/a,1
2025-09-03 15:52:02.726487,1391,1,POINT (27.511627142465773 22.104086302067174),0.024975147494383,27.511627142465773,22.104086302067174,False,n/a,1
2025-09-03 15:52:03.726487,1392,1,POINT (27.53626542963357 22.107420943987343),0.0248629248339487,27.53626542963357,22.107420943987343,False,n/a,1
2025-09-03 15:52:04.726487,1393,1,POINT (27.56058604980449 22.111772648482585),0.0247068795583769,27.56058604980449,22.111772648482585,False,n/a,1
2025-09-03 15:52:05.726487,1394,1,POINT (27.58466173458277 22.117168958559724),0.0246730371051441,27.58466173458277,22.117168958559724,False,n/a,1
2025-09-03 15:52:06.726487,1395,1,POINT (27.60853297117941 22.12358544422491),0.0247185603331658,27.60853297117941,22.12358544422491,False,n/a,1
2025-09-03 15:52:07.726487,1396,1,POINT (27.63222380879417 22.131018958789618),0.0248296783239776,27.63222380879417,22.131018958789618,False,n/a,1
2025-09-03 15:52:08.726487,1397,1,POINT (27.65573434613117 22.13947057242592),0.0249834973318817,27.65573434613117,22.13947057242592,False,n/a,1
2025-09-03 15:52:09.726487,1398,1,POINT (27.67899143709537 22.14890382323545),0.0250973803603548,27.67899143709537,22.14890382323545,False,n/a,1
2025-09-03 15:52:10.726487,1399,1,POINT (27.701968682467975 22.15931275449254),0.025224980769625,27.701968682467975,22.15931275449254,False,n/a,1
2025-09-03 15:52:11.726487,1400,1,POINT (27.72471804110225 22.170701315157224),0.0254407671323786,27.72471804110225,22.170701315157224,False,n/a,1
2025-09-03 15:52:12.726487,1401,1,POINT (27.747283891369435 22.18306079295617),0.0257288610269406,27.747283891369435,22.18306079295617,False,n/a,1
2025-09-03 15:52:13.726487,1402,1,POINT (27.76958509059893 22.196387475890045),0.0259796836988774,27.76958509059893,22.196387475890045,False,n/a,1
2025-09-03 15:52:14.726487,1403,1,POINT (27.791600458219893 22.21067788271719),0.0262467548236234,27.791600458219893,22.21067788271719,False,n/a,1
2025-09-03 15:52:15.726487,1404,1,POINT (27.813358831403093 22.22589997484698),0.0265544514608606,27.813358831403093,22.22589997484698,False,n/a,1
2025-09-03 15:52:16.726487,1405,1,POINT (27.83480274292433 22.242039034103986),0.0268386023300727,27.83480274292433,22.242039034103986,False,n/a,1
2025-09-03 15:52:17.726487,1406,1,POINT (27.855924570918717 22.259099819332462),0.0271514642411153,27.855924570918717,22.259099819332462,False,n/a,1
2025-09-03 15:52:18.726487,1407,1,POINT (27.87683034659321 22.277123646088786),0.0276027134081807,27.87683034659321,22.277123646088786,False,n/a,1
2025-09-03 15:52:19.726487,1408,1,POINT (27.89741960815608 22.29606207679429),0.0279746644178535,27.89741960815608,22.29606207679429,False,n/a,1
2025-09-03 15:52:20.726487,1409,1,POINT (27.917750086845725 22.31591142164729),0.0284134625634316,27.917750086845725,22.31591142164729,False,n/a,1
2025-09-03 15:52:21.726487,1410,1,POINT (27.93781301156685 22.33669957101924),0.0288906230925529,27.93781301156685,22.33669957101924,False,n/a,1
2025-09-03 15:52:22.726487,1411,1,POINT (27.957506223009844 22.35835910678046),0.0292738461144084,27.957506223009844,22.35835910678046,False,n/a,1
2025-09-03 15:52:23.726487,1412,1,POINT (27.976779842216036 22.38085720750273),0.029624937694698,27.976779842216036,22.38085720750273,False,n/a,1
2025-09-03 15:52:24.726487,1413,1,POINT (27.995670339663693 22.404218267490663),0.0300431359478295,27.995670339663693,22.404218267490663,False,n/a,1
2025-09-03 15:52:25.726487,1414,1,POINT (28.01385796184016 22.429243286285946),0.0309360819454883,28.01385796184016,22.429243286285946,False,n/a,1
2025-09-03 15:52:26.726487,1415,1,POINT (28.031256416391862 22.45592194971908),0.0318505463589945,28.031256416391862,22.45592194971908,False,n/a,1
2025-09-03 15:52:27.726487,1416,1,POINT (28.047823392158527 22.484258453424683),0.032824108949228,28.047823392158527,22.484258453424683,False,n/a,1
2025-09-03 15:52:28.726487,1417,1,POINT (28.06362030571976 22.514285106192386),0.0339284888330292,28.06362030571976,22.514285106192386,False,n/a,1
2025-09-03 15:52:29.726487,1418,1,POINT (28.07856097332581 22.545933549501235),0.0349978215377518,28.07856097332581,22.545933549501235,False,n/a,1
2025-09-03 15:52:30.726487,1419,1,POINT (28.09253227927914 22.579164888056123),0.0360488453655735,28.09253227927914,22.579164888056123,False,n/a,1
2025-09-03 15:52:31.726487,1420,1,POINT (28.105484754848312 22.61396587037367),0.0371332060780656,28.105484754848312,22.61396587037367,False,n/a,1
2025-09-03 15:52:32.726487,1421,1,POINT (28.11742188161366 22.65027312544372),0.0382192590997501,28.11742188161366,22.65027312544372,False,n/a,1
2025-09-03 15:52:33.726487,1422,1,POINT (28.12826318786599 22.68807551581396),0.0393262588986129,28.12826318786599,22.68807551581396,False,n/a,1
2025-09-03 15:52:34.726487,1423,1,POINT (28.13807375288716 22.72735425682032),0.0404853884886791,28.13807375288716,22.72735425682032,False,n/a,1
2025-09-03 15:52:35.726487,1424,1,POINT (28.14666630957214 22.768011605074708),0.0415554087630386,28.14666630957214,22.768011605074708,False,n/a,1
2025-09-03 15:52:36.726487,1425,1,POINT (28.153901428317397 22.809959967877077),0.0425677352587238,28.153901428317397,22.809959967877077,False,n/a,1
2025-09-03 15:52:37.726487,1426,1,POINT (28.159742890813497 22.8531662920063),0.0435994166113853,28.159742890813497,22.8531662920063,False,n/a,1
2025-09-03 15:52:38.726487,1427,1,POINT (28.164163434023305 22.897612184630063),0.0446651830108513,28.164163434023305,22.897612184630063,False,n/a,1
2025-09-03 15:52:39.726487,1428,1,POINT (28.16723079587218 22.94326594907601),0.0457566925902434,28.16723079587218,22.94326594907601,False,n/a,1
2025-09-03 15:52:40.726487,1429,1,POINT (28.168757781968814 22.9900032927294),0.0467622815772973,28.168757781968814,22.9900032927294,False,n/a,1
2025-09-03 15:52:41.726487,1430,1,POINT (28.169715419406725 23.036035796882743),0.0460424641835145,28.169715419406725,23.036035796882743,False,n/a,1
2025-09-03 15:52:42.726487,1431,1,POINT (28.1702874479384 23.081478517213004),0.0454463205073305,28.1702874479384,23.081478517213004,False,n/a,1
2025-09-03 15:52:43.726487,1432,1,POINT (28.170374525938385 23.12628017217309),0.0448017395838673,28.170374525938385,23.12628017217309,False,n/a,1
2025-09-03 15:52:44.726487,1433,1,POINT (28.17006774791557 23.170514368885083),0.0442352605000878,28.17006774791557,23.170514368885083,False,n/a,1
2025-09-03 15:52:45.726487,1434,1,POINT (28.169512371656328 23.21422222617572),0.0437113856075027,28.169512371656328,23.21422222617572,False,n/a,1
2025-09-03 15:52:46.726487,1435,1,POINT (28.168712746503505 23.25745743826568),0.0432426058979905,28.168712746503505,23.25745743826568,False,n/a,1
2025-09-03 15:52:47.726487,1436,1,POINT (28.16756155182712 23.300095564935635),0.0426536644979795,28.16756155182712,23.300095564935635,False,n/a,1
2025-09-03 15:52:48.726487,1437,1,POINT (28.166137386286472 23.34219373768953),0.0421222553610797,28.166137386286472,23.34219373768953,False,n/a,1
2025-09-03 15:52:49.726487,1438,1,POINT (28.164499942232837 23.38381328452576),0.0416517454842132,28.164499942232837,23.38381328452576,False,n/a,1
2025-09-03 15:52:50.726487,1439,1,POINT (28.16259539579032 23.424897424377143),0.0411282608978325,28.16259539579032,23.424897424377143,False,n/a,1
2025-09-03 15:52:51.726487,1440,1,POINT (28.16042371450535 23.465461058957157),0.0406217263289462,28.16042371450535,23.465461058957157,False,n/a,1
2025-09-03 15:52:52.726487,1441,1,POINT (28.157990492889915 23.50550011000433),0.0401129178219257,28.157990492889915,23.50550011000433,False,n/a,1
2025-09-03 15:52:53.726487,1442,1,POINT (28.155375356924385 23.545083853054088),0.0396700346602713,28.155375356924385,23.545083853054088,False,n/a,1
2025-09-03 15:52:54.726487,1443,1,POINT (28.15332684429266 23.583522801793112),0.0384934953487427,28.15332684429266,23.583522801793112,False,n/a,1
2025-09-03 15:52:55.726487,1444,1,POINT (28.151918920709456 23.6208553179489),0.0373590552789871,28.151918920709456,23.6208553179489,False,n/a,1
2025-09-03 15:52:56.726487,1445,1,POINT (28.151186982431984 23.65708523854652),0.0362373133682931,28.151186982431984,23.65708523854652,False,n/a,1
2025-09-03 15:52:57.726487,1446,1,POINT (28.151176246107408 23.69227063775132),0.035185400842814,28.151176246107408,23.69227063775132,False,n/a,1
2025-09-03 15:52:58.726487,1447,1,POINT (28.15192642484813 23.72646633777079),0.0342039276686886,28.15192642484813,23.72646633777079,False,n/a,1
2025-09-03 15:52:59.726487,1448,1,POINT (28.1534218273468 23.759742137538336),0.0333093842453252,28.1534218273468,23.759742137538336,False,n/a,1
2025-09-03 15:53:00.726487,1449,1,POINT (28.15575164888713 23.792157797244432),0.0324992778779962,28.15575164888713,23.792157797244432,False,n/a,1
2025-09-03 15:53:01.726487,1450,1,POINT (28.158897045683364 23.82366585876169),0.0316646721375865,28.158897045683364,23.82366585876169,False,n/a,1
2025-09-03 15:53:02.726487,1451,1,POINT (28.16281709778401 23.854271914955845),0.0308560769416956,28.16281709778401,23.854271914955845,False,n/a,1
2025-09-03 15:53:03.726487,1452,1,POINT (28.167529466557685 23.88403773571798),0.030136531072811,28.167529466557685,23.88403773571798,False,n/a,1
2025-09-03 15:53:04.726487,1453,1,POINT (28.173032551169403 23.91297209675801),0.029453033613516,28.173032551169403,23.91297209675801,False,n/a,1
2025-09-03 15:53:05.726487,1454,1,POINT (28.179415271708805 23.941174371294785),0.0289155219653992,28.179415271708805,23.941174371294785,False,n/a,1
2025-09-03 15:53:06.726487,1455,1,POINT (28.18663887279821 23.96862111052477),0.0283814007240249,28.18663887279821,23.96862111052477,False,n/a,1
2025-09-03 15:53:07.726487,1456,1,POINT (28.19471784685014 23.995345612542184),0.0279189689961948,28.19471784685014,23.995345612542184,False,n/a,1
2025-09-03 15:53:08.726487,1457,1,POINT (28.203654559959062 24.02134597725586),0.0274933411289947,28.203654559959062,24.02134597725586,False,n/a,1
2025-09-03 15:53:09.726487,1458,1,POINT (28.213523194432963 24.046724276472588),0.0272295431014422,28.213523194432963,24.046724276472588,False,n/a,1
2025-09-03 15:53:10.726487,1459,1,POINT (28.22429686462 24.071459759101028),0.0269799197582377,28.22429686462,24.071459759101028,False,n/a,1
2025-09-03 15:53:11.726487,1460,1,POINT (28.23592535560601 24.09550886700733),0.0267129443098409,28.23592535560601,24.09550886700733,False,n/a,1
2025-09-03 15:53:12.726487,1461,1,POINT (28.248435134111464 24.11893435609307),0.0265565076235871,28.248435134111464,24.11893435609307,False,n/a,1
2025-09-03 15:53:13.726487,1462,1,POINT (28.261775703316008 24.14170369646689),0.026389650391017,28.261775703316008,24.14170369646689,False,n/a,1
2025-09-03 15:53:14.726487,1463,1,POINT (28.275954741642607 24.16381467897973),0.0262667218272518,28.275954741642607,24.16381467897973,False,n/a,1
2025-09-03 15:53:15.726487,1464,1,POINT (28.290954355608328 24.185276419726037),0.0261838640193191,28.290954355608328,24.185276419726037,False,n/a,1
2025-09-03 15:53:16.726487,1465,1,POINT (28.30686535080736 24.20619645972648),0.0262832235816654,28.30686535080736,24.20619645972648,False,n/a,1
2025-09-03 15:53:17.726487,1466,1,POINT (28.32363472433912 24.226517658998475),0.0263469738015556,28.32363472433912,24.226517658998475,False,n/a,1
2025-09-03 15:53:18.726487,1467,1,POINT (28.34128767703964 24.24627654576759),0.026496043957572,28.34128767703964,24.24627654576759,False,n/a,1
2025-09-03 15:53:19.726487,1468,1,POINT (28.359742971946886 24.26539513874888),0.0265728904656178,28.359742971946886,24.26539513874888,False,n/a,1
2025-09-03 15:53:20.726487,1469,1,POINT (28.379017454462 24.28390706962961),0.0267244693335186,28.379017454462,24.28390706962961,False,n/a,1
2025-09-03 15:53:21.726487,1470,1,POINT (28.399175929619407 24.30187901382256),0.0270065713993166,28.399175929619407,24.30187901382256,False,n/a,1
2025-09-03 15:53:22.726487,1471,1,POINT (28.42009053609368 24.319175864177414),0.0271404089168127,28.42009053609368,24.319175864177414,False,n/a,1
2025-09-03 15:53:23.726487,1472,1,POINT (28.441821405999363 24.33586748784996),0.0274014782025298,28.441821405999363,24.33586748784996,False,n/a,1
2025-09-03 15:53:24.726487,1473,1,POINT (28.464372911589283 24.351974524247247),0.0277129396830383,28.464372911589283,24.351974524247247,False,n/a,1
2025-09-03 15:53:25.726487,1474,1,POINT (28.48769260832075 24.367468346318542),0.0279976209350816,28.48769260832075,24.367468346318542,False,n/a,1
2025-09-03 15:53:26.726487,1475,1,POINT (28.51182447976325 24.38241019748547),0.0283832016448477,28.51182447976325,24.38241019748547,False,n/a,1
2025-09-03 15:53:27.726487,1476,1,POINT (28.536719200053 24.396768058359857),0.0287383936084266,28.536719200053,24.396768058359857,False,n/a,1
2025-09-03 15:53:28.726487,1477,1,POINT (28.562305216545656 24.410404802501517),0.0289931893855727,28.562305216545656,24.410404802501517,False,n/a,1
2025-09-03 15:53:29.726487,1478,1,POINT (28.58862657012679 24.423412808263265),0.0293602089270648,28.58862657012679,24.423412808263265,False,n/a,1
2025-09-03 15:53:30.726487,1479,1,POINT (28.61563927654266 24.43572884992978),0.0296878963593108,28.61563927654266,24.43572884992978,False,n/a,1
2025-09-03 15:53:31.726487,1480,1,POINT (28.643350979874757 24.44741570367224),0.030075256473781,28.643350979874757,24.44741570367224,False,n/a,1
2025-09-03 15:53:32.726487,1481,1,POINT (28.67173580496722 24.45841782888277),0.0304424876558738,28.67173580496722,24.45841782888277,False,n/a,1
2025-09-03 15:53:33.726487,1482,1,POINT (28.70078530519968 24.468714521887048),0.0308203723303284,28.70078530519968,24.468714521887048,False,n/a,1
2025-09-03 15:53:34.726487,1483,1,POINT (28.730482218039317 24.478344440297),0.0312192562497425,28.730482218039317,24.478344440297,False,n/a,1
2025-09-03 15:53:35.726487,1484,1,POINT (28.76080455878208 24.48723741041324),0.0315995136925955,28.76080455878208,24.48723741041324,False,n/a,1
2025-09-03 15:53:36.726487,1485,1,POINT (28.7917140266839 24.495391922797825),0.0319670342416083,28.7917140266839,24.495391922797825,False,n/a,1
2025-09-03 15:53:37.726487,1486,1,POINT (28.823203244021176 24.502816881955493),0.032352756096001,28.823203244021176,24.502816881955493,False,n/a,1
2025-09-03 15:53:38.726487,1487,1,POINT (28.855282313232305 24.509504594950336),0.032768768462574,28.855282313232305,24.509504594950336,False,n/a,1
2025-09-03 15:53:39.726487,1488,1,POINT (28.88788018203452 24.51540007826613),0.0331266927714388,28.88788018203452,24.51540007826613,False,n/a,1
2025-09-03 15:53:40.726487,1489,1,POINT (28.92102613135345 24.52055971972505),0.033545131632442,28.92102613135345,24.52055971972505,False,n/a,1
2025-09-03 15:53:41.726487,1490,1,POINT (28.954742137231865 24.52499111660777),0.0340059749268448,28.954742137231865,24.52499111660777,False,n/a,1
2025-09-03 15:53:42.726487,1491,1,POINT (28.988948344079656 24.52859794431484),0.0343958397632968,28.988948344079656,24.52859794431484,False,n/a,1
2025-09-03 15:53:43.726487,1492,1,POINT (29.023656505396893 24.531425998714777),0.0348231870125691,29.023656505396893,24.531425998714777,False,n/a,1
2025-09-03 15:53:44.726487,1493,1,POINT (29.058057518275685 24.534185736339424),0.0345115319689479,29.058057518275685,24.534185736339424,False,n/a,1
2025-09-03 15:53:45.726487,1494,1,POINT (29.092228560793647 24.53693166957005),0.0342811944959825,29.092228560793647,24.53693166957005,False,n/a,1
2025-09-03 15:53:46.726487,1495,1,POINT (29.12616578498992 24.53963110054604),0.0340444138404877,29.12616578498992,24.53963110054604,False,n/a,1
2025-09-03 15:53:47.726487,1496,1,POINT (29.159886370034336 24.54232558274394),0.0338280666023396,29.159886370034336,24.54232558274394,False,n/a,1
2025-09-03 15:53:48.726487,1497,1,POINT (29.193264133760422 24.54491131880671),0.0334777708687539,29.193264133760422,24.54491131880671,False,n/a,1
2025-09-03 15:53:49.726487,1498,1,POINT (29.22642670882504 24.547488244983004),0.033262545504434,29.22642670882504,24.547488244983004,False,n/a,1
2025-09-03 15:53:50.726487,1499,1,POINT (29.259401009083863 24.55008115484669),0.0330760889332482,29.259401009083863,24.55008115484669,False,n/a,1
2025-09-03 15:53:51.726487,1500,1,POINT (29.292227178546423 24.55270891818325),0.0329311788695433,29.292227178546423,24.55270891818325,False,n/a,1
2025-09-03 15:28:51.726487,0,2,POINT (166.2535835989903 154.7563053778767),0.0001387301118916,166.2535835989903,154.7563053778767,False,n/a,2
2025-09-03 15:28:52.726487,1,2,POINT (166.25371734903513 154.7562685408104),0.0001387301118916,166.25371734903513,154.7562685408104,False,n/a,2
2025-09-03 15:28:53.726487,2,2,POINT (166.25396104433622 154.75620380026018),0.0002521482473021,166.25396104433622,154.75620380026018,False,n/a,2
2025-09-03 15:28:54.726487,3,2,POINT (166.25437760431166 154.75607967167207),0.0004346609247685,166.25437760431166,154.75607967167207,False,n/a,2
2025-09-03 15:28:55.726487,4,2,POINT (166.25502943940705 154.75588558615348),0.0006801162989635,166.25502943940705,154.75588558615348,False,n/a,2
2025-09-03 15:28:56.726487,5,2,POINT (166.25574543904287 154.75566600137003),0.000748914518227,166.25574543904287,154.75566600137003,False,n/a,2
2025-09-03 15:28:57.726487,6,2,POINT (166.2565106846501 154.75544497703413),0.0007965253269291,166.2565106846501,154.75544497703413,False,n/a,2
2025-09-03 15:28:58.726487,7,2,POINT (166.25741407456292 154.75521120294744),0.0009331471792794,166.25741407456292,154.75521120294744,False,n/a,2
2025-09-03 15:28:59.726487,8,2,POINT (166.25839246435322 154.75495149648398),0.0010122717169475,166.25839246435322,154.75495149648398,False,n/a,2
2025-09-03 15:29:00.726487,9,2,POINT (166.2591024425193 154.753668726907),0.0014661400969707,166.2591024425193,154.753668726907,False,n/a,2
2025-09-03 15:29:01.726487,10,2,POINT (166.2596435268463 154.75136988494918),0.0023616618292897,166.2596435268463,154.75136988494918,False,n/a,2
2025-09-03 15:29:02.726487,11,2,POINT (166.25996063264122 154.74809156808482),0.0032936176991825,166.25996063264122,154.74809156808482,False,n/a,2
2025-09-03 15:29:03.726487,12,2,POINT (166.26017839277443 154.74381034230154),0.0042867602782267,166.26017839277443,154.74381034230154,False,n/a,2
2025-09-03 15:29:04.726487,13,2,POINT (166.26027812361468 154.7385467653561),0.005264521678291,166.26027812361468,154.7385467653561,False,n/a,2
2025-09-03 15:29:05.726487,14,2,POINT (166.26009313571686 154.73238252939586),0.0061670110666109,166.26009313571686,154.73238252939586,False,n/a,2
2025-09-03 15:29:06.726487,15,2,POINT (166.25979788823818 154.7252859702647),0.007102698260215,166.25979788823818,154.7252859702647,False,n/a,2
2025-09-03 15:29:07.726487,16,2,POINT (166.259328649604 154.71728216116804),0.0080175523042672,166.259328649604,154.71728216116804,False,n/a,2
2025-09-03 15:29:08.726487,17,2,POINT (166.2587040414601 154.70839691533405),0.0089071728884017,166.2587040414601,154.70839691533405,False,n/a,2
2025-09-03 15:29:09.726487,18,2,POINT (166.2579058965717 154.69868405713663),0.0097455964222849,166.2579058965717,154.69868405713663,False,n/a,2
2025-09-03 15:29:10.726487,19,2,POINT (166.25683435561476 154.6881465729439),0.0105918257696372,166.25683435561476,154.6881465729439,False,n/a,2
2025-09-03 15:29:11.726487,20,2,POINT (166.25556966625567 154.67678537134316),0.0114313752885584,166.25556966625567,154.67678537134316,False,n/a,2
2025-09-03 15:29:12.726487,21,2,POINT (166.2540371719125 154.6646320834336),0.0122495283960129,166.2540371719125,154.6646320834336,False,n/a,2
2025-09-03 15:29:13.726487,22,2,POINT (166.25232292864035 154.65169747709731),0.0130477075024871,166.25232292864035,154.65169747709731,False,n/a,2
2025-09-03 15:29:14.726487,23,2,POINT (166.25037230753372 154.63801823605533),0.0138176176740543,166.25037230753372,154.63801823605533,False,n/a,2
2025-09-03 15:29:15.726487,24,2,POINT (166.24818394035464 154.62356507255768),0.014617896086656,166.24818394035464,154.62356507255768,False,n/a,2
2025-09-03 15:29:16.726487,25,2,POINT (166.24611982609878 154.60935111906363),0.0143630443009916,166.24611982609878,154.60935111906363,False,n/a,2
2025-09-03 15:29:17.726487,26,2,POINT (166.2440711836195 154.59539422384708),0.0141064474653869,166.2440711836195,154.59539422384708,False,n/a,2
2025-09-03 15:29:18.726487,27,2,POINT (166.24215603107402 154.58169146851714),0.0138359427906009,166.24215603107402,154.58169146851714,False,n/a,2
2025-09-03 15:29:19.726487,28,2,POINT (166.2403259459584 154.56820983960148),0.013605275805725,166.2403259459584,154.56820983960148,False,n/a,2
2025-09-03 15:29:20.726487,29,2,POINT (166.23872271039835 154.55492429502334),0.0133819303166148,166.23872271039835,154.55492429502334,False,n/a,2
2025-09-03 15:29:21.726487,30,2,POINT (166.23724200427384 154.54187148342723),0.0131365285060681,166.23724200427384,154.54187148342723,False,n/a,2
2025-09-03 15:29:22.726487,31,2,POINT (166.23577669331712 154.52906436020953),0.0128906765265897,166.23577669331712,154.52906436020953,False,n/a,2
2025-09-03 15:29:23.726487,32,2,POINT (166.23442084126074 154.51645761441858),0.0126794469215477,166.23442084126074,154.51645761441858,False,n/a,2
2025-09-03 15:29:24.726487,33,2,POINT (166.23321477228606 154.50405824420315),0.0124578884290667,166.23321477228606,154.50405824420315,False,n/a,2
2025-09-03 15:29:25.726487,34,2,POINT (166.23216533925358 154.49182588591626),0.0122772920038829,166.23216533925358,154.49182588591626,False,n/a,2
2025-09-03 15:29:26.726487,35,2,POINT (166.23121646324967 154.47978341344026),0.0120797975564973,166.23121646324967,154.47978341344026,False,n/a,2
2025-09-03 15:29:27.726487,36,2,POINT (166.23034062999233 154.46792289086042),0.0118928163090791,166.23034062999233,154.46792289086042,False,n/a,2
2025-09-03 15:29:28.726487,37,2,POINT (166.229635050914 154.45621145805447),0.0117326680769603,166.229635050914,154.45621145805447,False,n/a,2
2025-09-03 15:29:29.726487,38,2,POINT (166.22902364537177 154.44467568871983),0.0115519604777348,166.22902364537177,154.44467568871983,False,n/a,2
2025-09-03 15:29:30.726487,39,2,POINT (166.22854021062696 154.43329368824377),0.0113922624614053,166.22854021062696,154.43329368824377,False,n/a,2
2025-09-03 15:29:31.726487,40,2,POINT (166.2281591343591 154.42208077354215),0.0112193883624579,166.2281591343591,154.42208077354215,False,n/a,2
2025-09-03 15:29:32.726487,41,2,POINT (166.22832484000713 154.4119942473125),0.0100878872784812,166.22832484000713,154.4119942473125,False,n/a,2
2025-09-03 15:29:33.726487,42,2,POINT (166.22897531824572 154.40299616685837),0.0090215616052701,166.22897531824572,154.40299616685837,False,n/a,2
2025-09-03 15:29:34.726487,43,2,POINT (166.23010647141234 154.39509196642894),0.0079847286688447,166.23010647141234,154.39509196642894,False,n/a,2
2025-09-03 15:29:35.726487,44,2,POINT (166.23176884101224 154.38821391965652),0.0070760864953857,166.23176884101224,154.38821391965652,False,n/a,2
2025-09-03 15:29:36.726487,45,2,POINT (166.23400505901816 154.3823378097796),0.0062872361380414,166.23400505901816,154.3823378097796,False,n/a,2
2025-09-03 15:29:37.726487,46,2,POINT (166.2367157457385 154.37749272576025),0.005551816067791,166.2367157457385,154.37749272576025,False,n/a,2
2025-09-03 15:29:38.726487,47,2,POINT (166.2400017019042 154.37360059370835),0.005093741241172,166.2400017019042,154.37360059370835,False,n/a,2
2025-09-03 15:29:39.726487,48,2,POINT (166.24384607064988 154.37064071776476),0.0048518075656844,166.24384607064988,154.37064071776476,False,n/a,2
2025-09-03 15:29:40.726487,49,2,POINT (166.24821213854815 154.3686241688582),0.004809263809038,166.24821213854815,154.3686241688582,False,n/a,2
2025-09-03 15:29:41.726487,50,2,POINT (166.25313988818655 154.3675149938257),0.0050510380865231,166.25313988818655,154.3675149938257,False,n/a,2
2025-09-03 15:29:42.726487,51,2,POINT (166.25853050682173 154.36732457134207),0.0053939809039483,166.25853050682173,154.36732457134207,False,n/a,2
2025-09-03 15:29:43.726487,52,2,POINT (166.2644190686134 154.36803139911004),0.0059308317686328,166.2644190686134,154.36803139911004,False,n/a,2
2025-09-03 15:29:44.726487,53,2,POINT (166.2707050090778 154.36963852496868),0.0064881354060779,166.2707050090778,154.36963852496868,False,n/a,2
2025-09-03 15:29:45.726487,54,2,POINT (166.27742506255225 154.37212261134775),0.0071644821053448,166.27742506255225,154.37212261134775,False,n/a,2
2025-09-03 15:29:46.726487,55,2,POINT (166.2846928354031 154.37543074330424),0.0079852526104891,166.2846928354031,154.37543074330424,False,n/a,2
2025-09-03 15:29:47.726487,56,2,POINT (166.292430236831 154.37956967952374),0.0087748603342528,166.292430236831,154.37956967952374,False,n/a,2
2025-09-03 15:29:48.726487,57,2,POINT (166.30059747135206 154.38454710121786),0.0095644365460403,166.30059747135206,154.38454710121786,False,n/a,2
2025-09-03 15:29:49.726487,58,2,POINT (166.30918185398278 154.39033980889033),0.0103560169625786,166.30918185398278,154.39033980889033,False,n/a,2
2025-09-03 15:29:50.726487,59,2,POINT (166.31814289459476 154.39691713292623),0.0111158193725335,166.31814289459476,154.39691713292623,False,n/a,2
2025-09-03 15:29:51.726487,60,2,POINT (166.3270695696008 154.40334715321097),0.0110013947991073,166.3270695696008,154.40334715321097,False,n/a,2
2025-09-03 15:29:52.726487,61,2,POINT (166.33584791362415 154.40966180149337),0.0108136074795841,166.33584791362415,154.40966180149337,False,n/a,2
2025-09-03 15:29:53.726487,62,2,POINT (166.34465459727394 154.41577572859444),0.010720903949982,166.34465459727394,154.41577572859444,False,n/a,2
2025-09-03 15:29:54.726487,63,2,POINT (166.35345537020112 154.42171690332427),0.0106184349734793,166.35345537020112,154.42171690332427,False,n/a,2
2025-09-03 15:29:55.726487,64,2,POINT (166.3621975803213 154.42752146986896),0.0104937710360532,166.3621975803213,154.42752146986896,False,n/a,2
2025-09-03 15:29:56.726487,65,2,POINT (166.3708620046289 154.4332126755446),0.0103663913983881,166.3708620046289,154.4332126755446,False,n/a,2
2025-09-03 15:29:57.726487,66,2,POINT (166.37947720809734 154.4387821816799),0.0102587099283404,166.37947720809734,154.4387821816799,False,n/a,2
2025-09-03 15:29:58.726487,67,2,POINT (166.388049335106 154.44421526689547),0.0101488805496988,166.388049335106,154.44421526689547,False,n/a,2
2025-09-03 15:29:59.726487,68,2,POINT (166.39671392534902 154.44947057152464),0.0101337727833718,166.39671392534902,154.44947057152464,False,n/a,2
2025-09-03 15:30:00.726487,69,2,POINT (166.40528277878485 154.4546100027746),0.0099919468962746,166.40528277878485,154.4546100027746,False,n/a,2
2025-09-03 15:30:01.726487,70,2,POINT (166.41376152990708 154.45963258287168),0.0098547212758176,166.41376152990708,154.45963258287168,False,n/a,2
2025-09-03 15:30:02.726487,71,2,POINT (166.42228830709124 154.46449809588435),0.0098172881196792,166.42228830709124,154.46449809588435,False,n/a,2
2025-09-03 15:30:03.726487,72,2,POINT (166.4306732118464 154.46926242304625),0.0096439328626178,166.4306732118464,154.46926242304625,False,n/a,2
2025-09-03 15:30:04.726487,73,2,POINT (166.43908445569215 154.47390382609024),0.0096068540766238,166.43908445569215,154.47390382609024,False,n/a,2
2025-09-03 15:30:05.726487,74,2,POINT (166.44734032688942 154.47849033629663),0.009444336138616,166.44734032688942,154.47849033629663,False,n/a,2
2025-09-03 15:30:06.726487,75,2,POINT (166.4555465322519 154.4829917103824),0.0093597102044541,166.4555465322519,154.4829917103824,False,n/a,2
2025-09-03 15:30:07.726487,76,2,POINT (166.4636495571152 154.48739013087854),0.0092198218418715,166.4636495571152,154.48739013087854,False,n/a,2
2025-09-03 15:30:08.726487,77,2,POINT (166.4716955064273 154.491686891157),0.0091213732093122,166.4716955064273,154.491686891157,False,n/a,2
2025-09-03 15:30:09.726487,78,2,POINT (166.47975552903443 154.49588343127405),0.0090870739724959,166.47975552903443,154.49588343127405,False,n/a,2
2025-09-03 15:30:10.726487,79,2,POINT (166.4878122839674 154.49996607835794),0.0090321263975583,166.4878122839674,154.49996607835794,False,n/a,2
2025-09-03 15:30:11.726487,80,2,POINT (166.49575816392877 154.50398208155363),0.0089031056395089,166.49575816392877,154.50398208155363,False,n/a,2
2025-09-03 15:30:12.726487,81,2,POINT (166.50365369578506 154.50790283757314),0.0088154268789577,166.50365369578506,154.50790283757314,False,n/a,2
2025-09-03 15:30:13.726487,82,2,POINT (166.5114016195984 154.51176092809317),0.008655355907057,166.5114016195984,154.51176092809317,False,n/a,2
2025-09-03 15:30:14.726487,83,2,POINT (166.51921039277605 154.51547386686573),0.0086465515015483,166.51921039277605,154.51547386686573,False,n/a,2
2025-09-03 15:30:15.726487,84,2,POINT (166.52706010802905 154.51905372825493),0.0086274815049981,166.52706010802905,154.51905372825493,False,n/a,2
2025-09-03 15:30:16.726487,85,2,POINT (166.53490150419177 154.52253598232355),0.0085798360811305,166.53490150419177,154.52253598232355,False,n/a,2
2025-09-03 15:30:17.726487,86,2,POINT (166.5427558167629 154.52591741978412),0.0085512774054499,166.5427558167629,154.52591741978412,False,n/a,2
2025-09-03 15:30:18.726487,87,2,POINT (166.55069588216307 154.52916856987227),0.0085798960048782,166.55069588216307,154.52916856987227,False,n/a,2
2025-09-03 15:30:19.726487,88,2,POINT (166.5586991337215 154.53231504738744),0.0085995555850785,166.5586991337215,154.53231504738744,False,n/a,2
2025-09-03 15:30:20.726487,89,2,POINT (166.56673801204067 154.53536274804844),0.0085972114054325,166.56673801204067,154.53536274804844,False,n/a,2
2025-09-03 15:30:21.726487,90,2,POINT (166.57466652382794 154.5372670265087),0.0081539913916457,166.57466652382794,154.5372670265087,False,n/a,2
2025-09-03 15:30:22.726487,91,2,POINT (166.58231548781745 154.53809603240424),0.0076937572672709,166.58231548781745,154.53809603240424,False,n/a,2
2025-09-03 15:30:23.726487,92,2,POINT (166.58965571507173 154.537886960707),0.0073432041452618,166.58965571507173,154.537886960707,False,n/a,2
2025-09-03 15:30:24.726487,93,2,POINT (166.59675269255612 154.53663663818867),0.0072062747528697,166.59675269255612,154.53663663818867,False,n/a,2
2025-09-03 15:30:25.726487,94,2,POINT (166.6037568786539 154.53431871031086),0.0073777647386714,166.6037568786539,154.53431871031086,False,n/a,2
2025-09-03 15:30:26.726487,95,2,POINT (166.61041330796405 154.53101591191017),0.007430782491544,166.61041330796405,154.53101591191017,False,n/a,2
2025-09-03 15:30:27.726487,96,2,POINT (166.61680722366037 154.52672676934623),0.0076992793081752,166.61680722366037,154.52672676934623,False,n/a,2
2025-09-03 15:30:28.726487,97,2,POINT (166.6229972013662 154.52145081796047),0.0081333564426594,166.6229972013662,154.52145081796047,False,n/a,2
2025-09-03 15:30:29.726487,98,2,POINT (166.6290628704919 154.5152087068804),0.0087038090901983,166.6290628704919,154.5152087068804,False,n/a,2
2025-09-03 15:30:30.726487,99,2,POINT (166.63483976909086 154.50802343961024),0.0092195782531635,166.63483976909086,154.50802343961024,False,n/a,2
2025-09-03 15:30:31.726487,100,2,POINT (166.64029115944865 154.49995417509913),0.0097381048763726,166.64029115944865,154.49995417509913,False,n/a,2
2025-09-03 15:30:32.726487,101,2,POINT (166.64551393298217 154.49095086309038),0.0104085056809066,166.64551393298217,154.49095086309038,False,n/a,2
2025-09-03 15:30:33.726487,102,2,POINT (166.65034293374927 154.48108495519253),0.0109843246063416,166.65034293374927,154.48108495519253,False,n/a,2
2025-09-03 15:30:34.726487,103,2,POINT (166.65491916973605 154.47032956621032),0.0116884698727069,166.65491916973605,154.47032956621032,False,n/a,2
2025-09-03 15:30:35.726487,104,2,POINT (166.65924965778595 154.45870461957244),0.0124053420381669,166.65924965778595,154.45870461957244,False,n/a,2
2025-09-03 15:30:36.726487,105,2,POINT (166.66323463791434 154.44627340207427),0.0130543186383139,166.66323463791434,154.44627340207427,False,n/a,2
2025-09-03 15:30:37.726487,106,2,POINT (166.66724439323733 154.4340005336661),0.0129112910552825,166.66724439323733,154.4340005336661,False,n/a,2
2025-09-03 15:30:38.726487,107,2,POINT (166.67137419211554 154.4218699899902),0.0128142627040184,166.67137419211554,154.4218699899902,False,n/a,2
2025-09-03 15:30:39.726487,108,2,POINT (166.67551276949092 154.40991649830335),0.0126496555763278,166.67551276949092,154.40991649830335,False,n/a,2
2025-09-03 15:30:40.726487,109,2,POINT (166.67953111053023 154.3981808650365),0.0124045214693247,166.67953111053023,154.3981808650365,False,n/a,2
2025-09-03 15:30:41.726487,110,2,POINT (166.6835017296655 154.38662754809982),0.012216584979272,166.6835017296655,154.38662754809982,False,n/a,2
2025-09-03 15:30:42.726487,111,2,POINT (166.6874410739107 154.37523959097268),0.0120500622658876,166.6874410739107,154.37523959097268,False,n/a,2
2025-09-03 15:30:43.726487,112,2,POINT (166.69136041827494 154.36402433780705),0.0118803688416967,166.69136041827494,154.36402433780705,False,n/a,2
2025-09-03 15:30:44.726487,113,2,POINT (166.69530983961283 154.3529754214649),0.0117335621718341,166.69530983961283,154.3529754214649,False,n/a,2
2025-09-03 15:30:45.726487,114,2,POINT (166.69925580611755 154.34207511678778),0.011592553373184,166.69925580611755,154.34207511678778,False,n/a,2
2025-09-03 15:30:46.726487,115,2,POINT (166.70320567510993 154.33134059829266),0.0114381533640348,166.70320567510993,154.33134059829266,False,n/a,2
2025-09-03 15:30:47.726487,116,2,POINT (166.70713194827286 154.32076649980058),0.0112795026428468,166.70713194827286,154.32076649980058,False,n/a,2
2025-09-03 15:30:48.726487,117,2,POINT (166.711138437722 154.31031353167933),0.0111944852606178,166.711138437722,154.31031353167933,False,n/a,2
2025-09-03 15:30:49.726487,118,2,POINT (166.7152436466748 154.29996721137437),0.0111309965591063,166.7152436466748,154.29996721137437,False,n/a,2
2025-09-03 15:30:50.726487,119,2,POINT (166.7193296455 154.28975675073494),0.0109976767032399,166.7193296455,154.28975675073494,False,n/a,2
2025-09-03 15:30:51.726487,120,2,POINT (166.72343102073836 154.2796550153223),0.0109025839686095,166.72343102073836,154.2796550153223,False,n/a,2
2025-09-03 15:30:52.726487,121,2,POINT (166.72754111169024 154.26968151033665),0.0107871984004919,166.72754111169024,154.26968151033665,False,n/a,2
2025-09-03 15:30:53.726487,122,2,POINT (166.7317226685162 154.25982228177836),0.0107093326240925,166.7317226685162,154.25982228177836,False,n/a,2
2025-09-03 15:30:54.726487,123,2,POINT (166.73587090163298 154.25008955541907),0.0105798771437075,166.73587090163298,154.25008955541907,False,n/a,2
2025-09-03 15:30:55.726487,124,2,POINT (166.7404493472758 154.2414681957964),0.0097616600149503,166.7404493472758,154.2414681957964,False,n/a,2
2025-09-03 15:30:56.726487,125,2,POINT (166.74546760478313 154.2339169423614),0.0090666607331321,166.74546760478313,154.2339169423614,False,n/a,2
2025-09-03 15:30:57.726487,126,2,POINT (166.75105011202007 154.22735496209717),0.0086153335419188,166.75105011202007,154.22735496209717,False,n/a,2
2025-09-03 15:30:58.726487,127,2,POINT (166.75709118608674 154.22180909146098),0.0082006863732436,166.75709118608674,154.22180909146098,False,n/a,2
2025-09-03 15:30:59.726487,128,2,POINT (166.76362541312935 154.2172476641429),0.0079688607857458,166.76362541312935,154.2172476641429,False,n/a,2
2025-09-03 15:31:00.726487,129,2,POINT (166.77064322525675 154.21364374672112),0.0078891005722097,166.77064322525675,154.21364374672112,False,n/a,2
2025-09-03 15:31:01.726487,130,2,POINT (166.77823293208218 154.21095387230423),0.0080522713612105,166.77823293208218,154.21095387230423,False,n/a,2
2025-09-03 15:31:02.726487,131,2,POINT (166.7863016697682 154.20918703152049),0.0082599185347588,166.7863016697682,154.20918703152049,False,n/a,2
2025-09-03 15:31:03.726487,132,2,POINT (166.79481111345137 154.20835132030612),0.0085503827417583,166.79481111345137,154.20835132030612,False,n/a,2
2025-09-03 15:31:04.726487,133,2,POINT (166.80373838718333 154.20843395107983),0.0089276561386821,166.80373838718333,154.20843395107983,False,n/a,2
2025-09-03 15:31:05.726487,134,2,POINT (166.81302238820098 154.20945927646218),0.009340447903357,166.81302238820098,154.20945927646218,False,n/a,2
2025-09-03 15:31:06.726487,135,2,POINT (166.82267536515826 154.21139843989516),0.0098458274897369,166.82267536515826,154.21139843989516,False,n/a,2
2025-09-03 15:31:07.726487,136,2,POINT (166.8327279338867 154.21422545946845),0.010442517785849,166.8327279338867,154.21422545946845,False,n/a,2
2025-09-03 15:31:08.726487,137,2,POINT (166.8431307625006 154.2179260591166),0.0110414347313251,166.8431307625006,154.2179260591166,False,n/a,2
2025-09-03 15:31:09.726487,138,2,POINT (166.85353750738983 154.2214916726539),0.0110006335766125,166.85353750738983,154.2214916726539,False,n/a,2
2025-09-03 15:31:10.726487,139,2,POINT (166.86395247216174 154.22494855936145),0.0109736756334836,166.86395247216174,154.22494855936145,False,n/a,2
2025-09-03 15:31:11.726487,140,2,POINT (166.8742821243008 154.22831129720848),0.010863227841755,166.8742821243008,154.22831129720848,False,n/a,2
2025-09-03 15:31:12.726487,141,2,POINT (166.88447411769494 154.23162171979467),0.0107161386256988,166.88447411769494,154.23162171979467,False,n/a,2
2025-09-03 15:31:13.726487,142,2,POINT (166.8946602812258 154.2348095637183),0.0106733441975386,166.8946602812258,154.2348095637183,False,n/a,2
2025-09-03 15:31:14.726487,143,2,POINT (166.90479368545647 154.2379199254195),0.0106000109063256,166.90479368545647,154.2379199254195,False,n/a,2
2025-09-03 15:31:15.726487,144,2,POINT (166.91486769872233 154.2409400432195),0.0105169793575263,166.91486769872233,154.2409400432195,False,n/a,2
2025-09-03 15:31:16.726487,145,2,POINT (166.92489649279693 154.2438687347636),0.0104476765240511,166.92489649279693,154.2438687347636,False,n/a,2
2025-09-03 15:31:17.726487,146,2,POINT (166.93490898246932 154.24668147361612),0.0104000696772786,166.93490898246932,154.24668147361612,False,n/a,2
2025-09-03 15:31:18.726487,147,2,POINT (166.94486475439453 154.24942166207435),0.0103259879630647,166.94486475439453,154.24942166207435,False,n/a,2
2025-09-03 15:31:19.726487,148,2,POINT (166.9547861009691 154.2520562705875),0.0102651975076139,166.9547861009691,154.2520562705875,False,n/a,2
2025-09-03 15:31:20.726487,149,2,POINT (166.96487111399327 154.25452240229987),0.0103821622661349,166.96487111399327,154.25452240229987,False,n/a,2
2025-09-03 15:31:21.726487,150,2,POINT (166.9748836072354 154.25689605905114),0.0102900081290812,166.9748836072354,154.25689605905114,False,n/a,2
2025-09-03 15:31:22.726487,151,2,POINT (166.9848777816394 154.25917463116107),0.0102506298771201,166.9848777816394,154.25917463116107,False,n/a,2
2025-09-03 15:31:23.726487,152,2,POINT (166.99491857950954 154.26135325491595),0.0102744354265606,166.99491857950954,154.26135325491595,False,n/a,2
2025-09-03 15:31:24.726487,153,2,POINT (167.00489411669298 154.26348026180386),0.0101997794289507,167.00489411669298,154.26348026180386,False,n/a,2
2025-09-03 15:31:25.726487,154,2,POINT (167.0147833673936 154.26552114409685),0.0100976472484111,167.0147833673936,154.26552114409685,False,n/a,2
2025-09-03 15:31:26.726487,155,2,POINT (167.02466801924666 154.26744642071083),0.0100704037802229,167.02466801924666,154.26744642071083,False,n/a,2
2025-09-03 15:31:27.726487,156,2,POINT (167.03468018763812 154.26923571206936),0.0101707954194634,167.03468018763812,154.26923571206936,False,n/a,2
2025-09-03 15:31:28.726487,157,2,POINT (167.04477975294995 154.27090705637357),0.0102369239164512,167.04477975294995,154.27090705637357,False,n/a,2
2025-09-03 15:31:29.726487,158,2,POINT (167.0548536486636 154.27252567045105),0.0102031018019619,167.0548536486636,154.27252567045105,False,n/a,2
2025-09-03 15:31:30.726487,159,2,POINT (167.06491841522268 154.27405182187331),0.0101798165038728,167.06491841522268,154.27405182187331,False,n/a,2
2025-09-03 15:31:31.726487,160,2,POINT (167.07493537950057 154.2755017947413),0.0101213632808297,167.07493537950057,154.2755017947413,False,n/a,2
2025-09-03 15:31:32.726487,161,2,POINT (167.0849349570314 154.2768791784426),0.0100939950790459,167.0849349570314,154.2768791784426,False,n/a,2
2025-09-03 15:31:33.726487,162,2,POINT (167.09500063548282 154.27816324165823),0.0101472509099224,167.09500063548282,154.27816324165823,False,n/a,2
2025-09-03 15:31:34.726487,163,2,POINT (167.10509722322686 154.27935984076657),0.0101672480789674,167.10509722322686,154.27935984076657,False,n/a,2
2025-09-03 15:31:35.726487,164,2,POINT (167.11513374672475 154.28049333386198),0.0101003272482132,167.11513374672475,154.28049333386198,False,n/a,2
2025-09-03 15:31:36.726487,165,2,POINT (167.1250983217324 154.28158214042222),0.0100238842176352,167.1250983217324,154.28158214042222,False,n/a,2
2025-09-03 15:31:37.726487,166,2,POINT (167.13509131019447 154.2826095690399),0.0100456671240666,167.13509131019447,154.2826095690399,False,n/a,2
2025-09-03 15:31:38.726487,167,2,POINT (167.14501158284818 154.28359802955563),0.0099693963566126,167.14501158284818,154.28359802955563,False,n/a,2
2025-09-03 15:31:39.726487,168,2,POINT (167.15494985611184 154.28454578939372),0.0099833623681505,167.15494985611184,154.28454578939372,False,n/a,2
2025-09-03 15:31:40.726487,169,2,POINT (167.16486736896834 154.28541756645103),0.0099557549435777,167.16486736896834,154.28541756645103,False,n/a,2
2025-09-03 15:31:41.726487,170,2,POINT (167.174776399244 154.28625034387565),0.0099439629546132,167.174776399244,154.28625034387565,False,n/a,2
2025-09-03 15:31:42.726487,171,2,POINT (167.18468961469625 154.28702395167997),0.0099433550493678,167.18468961469625,154.28702395167997,False,n/a,2
2025-09-03 15:31:43.726487,172,2,POINT (167.1946049449554 154.28775725832108),0.0099424098073645,167.1946049449554,154.28775725832108,False,n/a,2
2025-09-03 15:31:44.726487,173,2,POINT (167.2045596639956 154.28843989892042),0.0099780974818673,167.2045596639956,154.28843989892042,False,n/a,2
2025-09-03 15:31:45.726487,174,2,POINT (167.2145063669397 154.28906144023878),0.0099661032037822,167.2145063669397,154.28906144023878,False,n/a,2
2025-09-03 15:31:46.726487,175,2,POINT (167.2244720081845 154.28962649697544),0.0099816478868148,167.2244720081845,154.28962649697544,False,n/a,2
2025-09-03 15:31:47.726487,176,2,POINT (167.234433664617 154.2901514832889),0.0099754804148876,167.234433664617,154.2901514832889,False,n/a,2
2025-09-03 15:31:48.726487,177,2,POINT (167.24443348421843 154.29060539291245),0.010010116183518,167.24443348421843,154.29060539291245,False,n/a,2
2025-09-03 15:31:49.726487,178,2,POINT (167.25445766011546 154.29098983695988),0.0100315452269437,167.25445766011546,154.29098983695988,False,n/a,2
2025-09-03 15:31:50.726487,179,2,POINT (167.26445590895676 154.2913337812544),0.0100041630119799,167.26445590895676,154.2913337812544,False,n/a,2
2025-09-03 15:31:51.726487,180,2,POINT (167.27450421801657 154.2916201726061),0.0100523895152968,167.27450421801657,154.2916201726061,False,n/a,2
2025-09-03 15:31:52.726487,181,2,POINT (167.28465249976702 154.29183633668427),0.010150583697291,167.28465249976702,154.29183633668427,False,n/a,2
2025-09-03 15:31:53.726487,182,2,POINT (167.29473458524757 154.29201681901694),0.0100837007844082,167.29473458524757,154.29201681901694,False,n/a,2
2025-09-03 15:31:54.726487,183,2,POINT (167.3048309222158 154.29213829393228),0.0100970677095595,167.3048309222158,154.29213829393228,False,n/a,2
2025-09-03 15:31:55.726487,184,2,POINT (167.31476215065194 154.292261492928),0.0099319925615733,167.31476215065194,154.292261492928,False,n/a,2
2025-09-03 15:31:56.726487,185,2,POINT (167.32464608223478 154.2923599741161),0.009884422192448,167.32464608223478,154.2923599741161,False,n/a,2
2025-09-03 15:31:57.726487,186,2,POINT (167.33444041995384 154.2924458392692),0.0097947140938093,167.33444041995384,154.2924458392692,False,n/a,2
2025-09-03 15:31:58.726487,187,2,POINT (167.34421974675564 154.2925096706291),0.0097795351187575,167.34421974675564,154.2925096706291,False,n/a,2
2025-09-03 15:31:59.726487,188,2,POINT (167.35401401717297 154.2925119839091),0.009794270690514,167.35401401717297,154.2925119839091,False,n/a,2
2025-09-03 15:32:00.726487,189,2,POINT (167.36387846721 154.2924333853793),0.0098647631629773,167.36387846721,154.2924333853793,False,n/a,2
2025-09-03 15:32:01.726487,190,2,POINT (167.37383933738693 154.29228101861088),0.0099620354503468,167.37383933738693,154.29228101861088,False,n/a,2
2025-09-03 15:32:02.726487,191,2,POINT (167.38379594450362 154.29207791076766),0.0099586785304144,167.38379594450362,154.29207791076766,False,n/a,2
2025-09-03 15:32:03.726487,192,2,POINT (167.39377475332196 154.2918334374776),0.0099818030747278,167.39377475332196,154.2918334374776,False,n/a,2
2025-09-03 15:32:04.726487,193,2,POINT (167.40372991452162 154.29155658141403),0.0099590101812919,167.40372991452162,154.29155658141403,False,n/a,2
2025-09-03 15:32:05.726487,194,2,POINT (167.4136873699122 154.29124448909877),0.0099623450787737,167.4136873699122,154.29124448909877,False,n/a,2
2025-09-03 15:32:06.726487,195,2,POINT (167.42364216301192 154.29088890105103),0.0099611419284132,167.42364216301192,154.29088890105103,False,n/a,2
2025-09-03 15:32:07.726487,196,2,POINT (167.43354114423522 154.2905102840999),0.0099062192614016,167.43354114423522,154.2905102840999,False,n/a,2
2025-09-03 15:32:08.726487,197,2,POINT (167.4433620029629 154.29010551116303),0.0098291966751976,167.4433620029629,154.29010551116303,False,n/a,2
2025-09-03 15:32:09.726487,198,2,POINT (167.4532390850294 154.28965617711395),0.0098872974687557,167.4532390850294,154.28965617711395,False,n/a,2
2025-09-03 15:32:10.726487,199,2,POINT (167.46314729379762 154.28915777206257),0.0099207362927329,167.46314729379762,154.28915777206257,False,n/a,2
2025-09-03 15:32:11.726487,200,2,POINT (167.4729907303901 154.28861891793616),0.0098581746647093,167.4729907303901,154.28861891793616,False,n/a,2
2025-09-03 15:32:12.726487,201,2,POINT (167.4827968738633 154.28802877648425),0.009823885013066,167.4827968738633,154.28802877648425,False,n/a,2
2025-09-03 15:32:13.726487,202,2,POINT (167.49265516755008 154.28739738650674),0.0098784921783998,167.49265516755008,154.28739738650674,False,n/a,2
2025-09-03 15:32:14.726487,203,2,POINT (167.5025102047249 154.2867361720793),0.0098771940466955,167.5025102047249,154.2867361720793,False,n/a,2
2025-09-03 15:32:15.726487,204,2,POINT (167.5124093469298 154.28602812573814),0.0099244317728696,167.5124093469298,154.28602812573814,False,n/a,2
2025-09-03 15:32:16.726487,205,2,POINT (167.5224039666653 154.28529616093718),0.0100213869362963,167.5224039666653,154.28529616093718,False,n/a,2
2025-09-03 15:32:17.726487,206,2,POINT (167.53242049011263 154.2845499727281),0.0100442789096126,167.53242049011263,154.2845499727281,False,n/a,2
2025-09-03 15:32:18.726487,207,2,POINT (167.54244710939412 154.2837591033846),0.0100577616065612,167.54244710939412,154.2837591033846,False,n/a,2
2025-09-03 15:32:19.726487,208,2,POINT (167.55254647396714 154.28294095124184),0.0101324497387119,167.55254647396714,154.28294095124184,False,n/a,2
2025-09-03 15:32:20.726487,209,2,POINT (167.5627055222974 154.2820823899835),0.0101952631359242,167.5627055222974,154.2820823899835,False,n/a,2
2025-09-03 15:32:21.726487,210,2,POINT (167.5728241248527 154.28119243595535),0.0101576638970044,167.5728241248527,154.28119243595535,False,n/a,2
2025-09-03 15:32:22.726487,211,2,POINT (167.58301249387603 154.2802520729524),0.0102316736623744,167.58301249387603,154.2802520729524,False,n/a,2
2025-09-03 15:32:23.726487,212,2,POINT (167.593649701965 154.2808568867793),0.0106543885649463,167.593649701965,154.2808568867793,False,n/a,2
2025-09-03 15:32:24.726487,213,2,POINT (167.60468535690651 154.2830284807103),0.0112472885705481,167.60468535690651,154.2830284807103,False,n/a,2
2025-09-03 15:32:25.726487,214,2,POINT (167.616217295353 154.28675002154216),0.0121175686710235,167.616217295353,154.28675002154216,False,n/a,2
2025-09-03 15:32:26.726487,215,2,POINT (167.62809551645375 154.29206867765942),0.0130146163758969,167.62809551645375,154.29206867765942,False,n/a,2
2025-09-03 15:32:27.726487,216,2,POINT (167.6403360068982 154.2989885537671),0.014061091410911,167.6403360068982,154.2989885537671,False,n/a,2
2025-09-03 15:32:28.726487,217,2,POINT (167.65295840287783 154.30751311671636),0.0152313181879585,167.65295840287783,154.30751311671636,False,n/a,2
2025-09-03 15:32:29.726487,218,2,POINT (167.66606372828733 154.3176268926957),0.0165540937127043,167.66606372828733,154.3176268926957,False,n/a,2
2025-09-03 15:32:30.726487,219,2,POINT (167.67936525489853 154.32940664110117),0.017767754013514,167.67936525489853,154.32940664110117,False,n/a,2
2025-09-03 15:32:31.726487,220,2,POINT (167.69286215928668 154.34285909933848),0.0190561029775081,167.69286215928668,154.34285909933848,False,n/a,2
2025-09-03 15:32:32.726487,221,2,POINT (167.70661669248517 154.3579774356444),0.0204389646549639,167.70661669248517,154.3579774356444,False,n/a,2
2025-09-03 15:32:33.726487,222,2,POINT (167.7205685229675 154.3747820741819),0.0218414617227024,167.7205685229675,154.3747820741819,False,n/a,2
2025-09-03 15:32:34.726487,223,2,POINT (167.73463447145883 154.39329663799498),0.0232516661800675,167.73463447145883,154.39329663799498,False,n/a,2
2025-09-03 15:32:35.726487,224,2,POINT (167.7488492164563 154.4135139044055),0.0247143042883552,167.7488492164563,154.4135139044055,False,n/a,2
2025-09-03 15:32:36.726487,225,2,POINT (167.7631735582282 154.43541575571254),0.0261701711471968,167.7631735582282,154.43541575571254,False,n/a,2
2025-09-03 15:32:37.726487,226,2,POINT (167.7773355071619 154.45803743804208),0.026688973547486,167.7773355071619,154.45803743804208,False,n/a,2
2025-09-03 15:32:38.726487,227,2,POINT (167.79141027359378 154.48134504365748),0.0272276243847326,167.79141027359378,154.48134504365748,False,n/a,2
2025-09-03 15:32:39.726487,228,2,POINT (167.80515104199367 154.5043298078028),0.0267788741181415,167.80515104199367,154.5043298078028,False,n/a,2
2025-09-03 15:32:40.726487,229,2,POINT (167.81853423351984 154.5269717968792),0.0263015110737319,167.81853423351984,154.5269717968792,False,n/a,2
2025-09-03 15:32:41.726487,230,2,POINT (167.83156480738978 154.54823395068016),0.0249374224737785,167.83156480738978,154.54823395068016,False,n/a,2
2025-09-03 15:32:42.726487,231,2,POINT (167.8441397396463 154.56815145799783),0.023554957418883,167.8441397396463,154.56815145799783,False,n/a,2
2025-09-03 15:32:43.726487,232,2,POINT (167.8563934522701 154.58671347196162),0.022241893702177,167.8563934522701,154.58671347196162,False,n/a,2
2025-09-03 15:32:44.726487,233,2,POINT (167.86837578349707 154.60395246875314),0.0209942675988138,167.86837578349707,154.60395246875314,False,n/a,2
2025-09-03 15:32:45.726487,234,2,POINT (167.87997497895515 154.61990018763257),0.0197198142164675,167.87997497895515,154.61990018763257,False,n/a,2
2025-09-03 15:32:46.726487,235,2,POINT (167.89143728368845 154.63454847334734),0.0185999114024924,167.89143728368845,154.63454847334734,False,n/a,2
2025-09-03 15:32:47.726487,236,2,POINT (167.90270098032673 154.64794742487342),0.0175043641403393,167.90270098032673,154.64794742487342,False,n/a,2
2025-09-03 15:32:48.726487,237,2,POINT (167.91381664874234 154.66012006529928),0.0164842730887086,167.91381664874234,154.66012006529928,False,n/a,2
2025-09-03 15:32:49.726487,238,2,POINT (167.92488417689574 154.67105605222605),0.0155591127474812,167.92488417689574,154.67105605222605,False,n/a,2
2025-09-03 15:32:50.726487,239,2,POINT (167.93580225929128 154.68078962010352),0.0146269226709207,167.93580225929128,154.68078962010352,False,n/a,2
2025-09-03 15:32:51.726487,240,2,POINT (167.9466756336439 154.68933067192384),0.0138267796688056,167.9466756336439,154.68933067192384,False,n/a,2
2025-09-03 15:32:52.726487,241,2,POINT (167.95742647801123 154.69669738965442),0.0130326200256272,167.95742647801123,154.69669738965442,False,n/a,2
2025-09-03 15:32:53.726487,242,2,POINT (167.96797503572995 154.7029147849235),0.0122445119901647,167.96797503572995,154.7029147849235,False,n/a,2
2025-09-03 15:32:54.726487,243,2,POINT (167.97851306003545 154.70798399299244),0.0116938798826099,167.97851306003545,154.70798399299244,False,n/a,2
2025-09-03 15:32:55.726487,244,2,POINT (167.9890545849191 154.7119291567795),0.0112555792467495,167.9890545849191,154.7119291567795,False,n/a,2
2025-09-03 15:32:56.726487,245,2,POINT (167.99959893168986 154.71686379681256),0.0116419036707045,167.99959893168986,154.71686379681256,False,n/a,2
2025-09-03 15:32:57.726487,246,2,POINT (168.01017948030005 154.7227705046003),0.0121176402728606,168.01017948030005,154.7227705046003,False,n/a,2
2025-09-03 15:32:58.726487,247,2,POINT (168.0206788022706 154.72961862041038),0.0125352483816344,168.0206788022706,154.72961862041038,False,n/a,2
2025-09-03 15:32:59.726487,248,2,POINT (168.03116828394027 154.7374036582142),0.0130627730327582,168.03116828394027,154.7374036582142,False,n/a,2
2025-09-03 15:33:00.726487,249,2,POINT (168.04173633733677 154.7461248189202),0.0137019121531043,168.04173633733677,154.7461248189202,False,n/a,2
2025-09-03 15:33:01.726487,250,2,POINT (168.0523569891172 154.75471064886344),0.0136570392126353,168.0523569891172,154.75471064886344,False,n/a,2
2025-09-03 15:33:02.726487,251,2,POINT (168.06296365174776 154.76316344329533),0.0135628546355881,168.06296365174776,154.76316344329533,False,n/a,2
2025-09-03 15:33:03.726487,252,2,POINT (168.07351421679726 154.77149565661787),0.0134439652527121,168.07351421679726,154.77149565661787,False,n/a,2
2025-09-03 15:33:04.726487,253,2,POINT (168.08398503307583 154.77971309748762),0.0133103090868424,168.08398503307583,154.77971309748762,False,n/a,2
2025-09-03 15:33:05.726487,254,2,POINT (168.0943539099709 154.78779853492833),0.0131486845985647,168.0943539099709,154.78779853492833,False,n/a,2
2025-09-03 15:33:06.726487,255,2,POINT (168.10479658298624 154.79576190852185),0.0131325830930204,168.10479658298624,154.79576190852185,False,n/a,2
2025-09-03 15:33:07.726487,256,2,POINT (168.11525812408033 154.80361345273755),0.0130801601150285,168.11525812408033,154.80361345273755,False,n/a,2
2025-09-03 15:33:08.726487,257,2,POINT (168.1256083572429 154.81136879586845),0.0129333937385929,168.1256083572429,154.81136879586845,False,n/a,2
2025-09-03 15:33:09.726487,258,2,POINT (168.1360236817197 154.81902154415377),0.0129245324974001,168.1360236817197,154.81902154415377,False,n/a,2
2025-09-03 15:33:10.726487,259,2,POINT (168.146376584886 154.82654302221414),0.0127966884850321,168.146376584886,154.82654302221414,False,n/a,2
2025-09-03 15:33:11.726487,260,2,POINT (168.1567392966439 154.83395804009558),0.0127423814555704,168.1567392966439,154.83395804009558,False,n/a,2
2025-09-03 15:33:12.726487,261,2,POINT (168.16714693244396 154.84022658211012),0.0121496297035964,168.16714693244396,154.84022658211012,False,n/a,2
2025-09-03 15:33:13.726487,262,2,POINT (168.17759412947564 154.8453953555883),0.0116559060174423,168.17759412947564,154.8453953555883,False,n/a,2
2025-09-03 15:33:14.726487,263,2,POINT (168.18808427289522 154.84942837870184),0.011238700298431,168.18808427289522,154.84942837870184,False,n/a,2
2025-09-03 15:33:15.726487,264,2,POINT (168.19866383770812 154.8523896752848),0.0109861944768225,168.19866383770812,154.8523896752848,False,n/a,2
2025-09-03 15:33:16.726487,265,2,POINT (168.20930792890871 154.8542677621619),0.0108085099715176,168.20930792890871,154.8542677621619,False,n/a,2
2025-09-03 15:33:17.726487,266,2,POINT (168.22008835929066 154.85508762627725),0.0108115612372843,168.22008835929066,154.85508762627725,False,n/a,2
2025-09-03 15:33:18.726487,267,2,POINT (168.23103898685335 154.85487328046923),0.0109527251468399,168.23103898685335,154.85487328046923,False,n/a,2
2025-09-03 15:33:19.726487,268,2,POINT (168.24201194159932 154.8536195021574),0.011044351312423,168.24201194159932,154.8536195021574,False,n/a,2
2025-09-03 15:33:20.726487,269,2,POINT (168.25307796859275 154.85134393714108),0.0112975727288185,168.25307796859275,154.85134393714108,False,n/a,2
2025-09-03 15:33:21.726487,270,2,POINT (168.26423562201254 154.8480520039454),0.0116331446307876,168.26423562201254,154.8480520039454,False,n/a,2
2025-09-03 15:33:22.726487,271,2,POINT (168.27551773119697 154.84376385737266),0.0120695562751447,168.27551773119697,154.84376385737266,False,n/a,2
2025-09-03 15:33:23.726487,272,2,POINT (168.28687989228203 154.8384954033533),0.0125241890866013,168.28687989228203,154.8384954033533,False,n/a,2
2025-09-03 15:33:24.726487,273,2,POINT (168.2983109755814 154.8322807519296),0.01301120892596,168.2983109755814,154.8322807519296,False,n/a,2
2025-09-03 15:33:25.726487,274,2,POINT (168.30991443268658 154.8251082564729),0.0136412942153044,168.30991443268658,154.8251082564729,False,n/a,2
2025-09-03 15:33:26.726487,275,2,POINT (168.32157544826853 154.81701216145652),0.0141959867186752,168.32157544826853,154.81701216145652,False,n/a,2
2025-09-03 15:33:27.726487,276,2,POINT (168.33317532818748 154.80800475497074),0.0146864081971746,168.33317532818748,154.80800475497074,False,n/a,2
2025-09-03 15:33:28.726487,277,2,POINT (168.34479685657286 154.7980798756242),0.0152827730486073,168.34479685657286,154.7980798756242,False,n/a,2
2025-09-03 15:33:29.726487,278,2,POINT (168.35632210494614 154.78724963203348),0.0158153572928526,168.35632210494614,154.78724963203348,False,n/a,2
2025-09-03 15:33:30.726487,279,2,POINT (168.3677749520751 154.77552319737237),0.0163913689855606,168.3677749520751,154.77552319737237,False,n/a,2
2025-09-03 15:33:31.726487,280,2,POINT (168.37916683078703 154.76290761012348),0.0169978805214467,168.37916683078703,154.76290761012348,False,n/a,2
2025-09-03 15:33:32.726487,281,2,POINT (168.3904666840452 154.74945021069215),0.0175723727228291,168.3904666840452,154.74945021069215,False,n/a,2
2025-09-03 15:33:33.726487,282,2,POINT (168.40160435209205 154.7351361307905),0.0181367178109536,168.40160435209205,154.7351361307905,False,n/a,2
2025-09-03 15:33:34.726487,283,2,POINT (168.41264429557194 154.71999016237186),0.0187424841303536,168.41264429557194,154.71999016237186,False,n/a,2
2025-09-03 15:33:35.726487,284,2,POINT (168.42358317949834 154.70400247088165),0.0193717696853277,168.42358317949834,154.70400247088165,False,n/a,2
2025-09-03 15:33:36.726487,285,2,POINT (168.43445701814838 154.6871847106162),0.020026917569435,168.43445701814838,154.6871847106162,False,n/a,2
2025-09-03 15:33:37.726487,286,2,POINT (168.44514929144052 154.66954937873112),0.0206235214949084,168.44514929144052,154.66954937873112,False,n/a,2
2025-09-03 15:33:38.726487,287,2,POINT (168.45552323170892 154.65112165688166),0.0211470936360927,168.45552323170892,154.65112165688166,False,n/a,2
2025-09-03 15:33:39.726487,288,2,POINT (168.46570021513085 154.6319044004994),0.0217456647272923,168.46570021513085,154.6319044004994,False,n/a,2
2025-09-03 15:33:40.726487,289,2,POINT (168.47560306468327 154.6119210779692),0.0223024574565906,168.47560306468327,154.6119210779692,False,n/a,2
2025-09-03 15:33:41.726487,290,2,POINT (168.48531096255925 154.5911947370246),0.0228872123711598,168.48531096255925,154.5911947370246,False,n/a,2
2025-09-03 15:33:42.726487,291,2,POINT (168.4947371207093 154.56972900563778),0.0234441907823841,168.4947371207093,154.56972900563778,False,n/a,2
2025-09-03 15:33:43.726487,292,2,POINT (168.503890259695 154.54753723485166),0.0240053044953716,168.503890259695,154.54753723485166,False,n/a,2
2025-09-03 15:33:44.726487,293,2,POINT (168.5128230999249 154.52461001213624),0.024605958140573,168.5128230999249,154.52461001213624,False,n/a,2
2025-09-03 15:33:45.726487,294,2,POINT (168.5215807944539 154.502034732864),0.0242144677348758,168.5215807944539,154.502034732864,False,n/a,2
2025-09-03 15:33:46.726487,295,2,POINT (168.53016706237165 154.4797942312245),0.0238403840139199,168.53016706237165,154.4797942312245,False,n/a,2
2025-09-03 15:33:47.726487,296,2,POINT (168.53876721873183 154.4578431604022),0.0235756696546499,168.53876721873183,154.4578431604022,False,n/a,2
2025-09-03 15:33:48.726487,297,2,POINT (168.54718902263795 154.4362295021606),0.0231964868809616,168.54718902263795,154.4362295021606,False,n/a,2
2025-09-03 15:33:49.726487,298,2,POINT (168.555595259558 154.41489518598695),0.0229307188232886,168.555595259558,154.41489518598695,False,n/a,2
2025-09-03 15:33:50.726487,299,2,POINT (168.56392608420495 154.39386267105655),0.0226223191471509,168.56392608420495,154.39386267105655,False,n/a,2
2025-09-03 15:33:51.726487,300,2,POINT (168.5721750058494 154.37312776019357),0.0223154932007383,168.5721750058494,154.37312776019357,False,n/a,2
2025-09-03 15:33:52.726487,301,2,POINT (168.5804196902244 154.35267849092725),0.0220487513018295,168.5804196902244,154.35267849092725,False,n/a,2
2025-09-03 15:33:53.726487,302,2,POINT (168.5885785369352 154.33251835628084),0.0217485127907907,168.5885785369352,154.33251835628084,False,n/a,2
2025-09-03 15:33:54.726487,303,2,POINT (168.59688146039224 154.31365303541946),0.0206116197601372,168.59688146039224,154.31365303541946,False,n/a,2
2025-09-03 15:33:55.726487,304,2,POINT (168.60543414275998 154.29606280442658),0.0195592587299789,168.60543414275998,154.29606280442658,False,n/a,2
2025-09-03 15:33:56.726487,305,2,POINT (168.6141530004639 154.27974415449947),0.0185018057255172,168.6141530004639,154.27974415449947,False,n/a,2
2025-09-03 15:33:57.726487,306,2,POINT (168.62308928831288 154.26466681773869),0.0175266461229229,168.62308928831288,154.26466681773869,False,n/a,2
2025-09-03 15:33:58.726487,307,2,POINT (168.6321954449095 154.2507915778949),0.0165965167636249,168.6321954449095,154.2507915778949,False,n/a,2
2025-09-03 15:33:59.726487,308,2,POINT (168.64162803956623 154.2380885100711),0.0158221924553387,168.64162803956623,154.2380885100711,False,n/a,2
2025-09-03 15:34:00.726487,309,2,POINT (168.6514915221094 154.22648781359624),0.0152270958025956,168.6514915221094,154.22648781359624,False,n/a,2
2025-09-03 15:34:01.726487,310,2,POINT (168.66157004393602 154.21602811065696),0.0145252190271731,168.66157004393602,154.21602811065696,False,n/a,2
2025-09-03 15:34:02.726487,311,2,POINT (168.6718283101099 154.20670900636495),0.0138592110056492,168.6718283101099,154.20670900636495,False,n/a,2
2025-09-03 15:34:03.726487,312,2,POINT (168.68229176688664 154.19851285184157),0.0132913835506346,168.68229176688664,154.19851285184157,False,n/a,2
2025-09-03 15:34:04.726487,313,2,POINT (168.69282785141152 154.19144830699705),0.0126853013750505,168.69282785141152,154.19144830699705,False,n/a,2
2025-09-03 15:34:05.726487,314,2,POINT (168.7036360228329 154.18547098578736),0.0123509084005126,168.7036360228329,154.18547098578736,False,n/a,2
2025-09-03 15:34:06.726487,315,2,POINT (168.71478748600134 154.18052992103225),0.0121971001353243,168.71478748600134,154.18052992103225,False,n/a,2
2025-09-03 15:34:07.726487,316,2,POINT (168.7263311227885 154.17656231900446),0.0122064497756273,168.7263311227885,154.17656231900446,False,n/a,2
2025-09-03 15:34:08.726487,317,2,POINT (168.73813973225762 154.1736154989228),0.0121707438633684,168.73813973225762,154.1736154989228,False,n/a,2
2025-09-03 15:34:09.726487,318,2,POINT (168.75016588920252 154.17167535007098),0.0121816513014669,168.75016588920252,154.17167535007098,False,n/a,2
2025-09-03 15:34:10.726487,319,2,POINT (168.76219061408074 154.16971734457354),0.0121830945955783,168.76219061408074,154.16971734457354,False,n/a,2
2025-09-03 15:34:11.726487,320,2,POINT (168.7743229983057 154.1677095037861),0.012297405076273,168.7743229983057,154.1677095037861,False,n/a,2
2025-09-03 15:34:12.726487,321,2,POINT (168.7865007494523 154.16567045840944),0.0123472802283151,168.7865007494523,154.16567045840944,False,n/a,2
2025-09-03 15:34:13.726487,322,2,POINT (168.7986973586644 154.1636121962427),0.0123690629968481,168.7986973586644,154.1636121962427,False,n/a,2
2025-09-03 15:34:14.726487,323,2,POINT (168.81091578657038 154.16154691450555),0.0123917460088166,168.81091578657038,154.16154691450555,False,n/a,2
2025-09-03 15:34:15.726487,324,2,POINT (168.82308480393004 154.15947858071746),0.0123435403413622,168.82308480393004,154.15947858071746,False,n/a,2
2025-09-03 15:34:16.726487,325,2,POINT (168.8352266422726 154.1574203215862),0.0123150586270744,168.8352266422726,154.1574203215862,False,n/a,2
2025-09-03 15:34:17.726487,326,2,POINT (168.84739383905196 154.15534218630725),0.0123433919043833,168.84739383905196,154.15534218630725,False,n/a,2
2025-09-03 15:34:18.726487,327,2,POINT (168.8595117271085 154.15324624305174),0.0122978123697297,168.8595117271085,154.15324624305174,False,n/a,2
2025-09-03 15:34:19.726487,328,2,POINT (168.87159960247897 154.15113486449238),0.0122708862920704,168.87159960247897,154.15113486449238,False,n/a,2
2025-09-03 15:34:20.726487,329,2,POINT (168.88361123275243 154.14903219380312),0.012194280866612,168.88361123275243,154.14903219380312,False,n/a,2
2025-09-03 15:34:21.726487,330,2,POINT (168.89570534684907 154.14691730133978),0.0122776368212313,168.89570534684907,154.14691730133978,False,n/a,2
2025-09-03 15:34:22.726487,331,2,POINT (168.9077866320515 154.14481539652795),0.0122627670605225,168.9077866320515,154.14481539652795,False,n/a,2
2025-09-03 15:34:23.726487,332,2,POINT (168.91982474518656 154.1426792549027),0.0122261714733371,168.91982474518656,154.1426792549027,False,n/a,2
2025-09-03 15:34:24.726487,333,2,POINT (168.93188663248895 154.14053212495963),0.0122515016340072,168.93188663248895,154.14053212495963,False,n/a,2
2025-09-03 15:34:25.726487,334,2,POINT (168.94383830368653 154.13840689272033),0.0121391538620299,168.94383830368653,154.13840689272033,False,n/a,2
2025-09-03 15:34:26.726487,335,2,POINT (168.9556841410185 154.13629883911383),0.0120319471451408,168.9556841410185,154.13629883911383,False,n/a,2
2025-09-03 15:34:27.726487,336,2,POINT (168.96751889499916 154.13418543408704),0.0120219749870722,168.96751889499916,154.13418543408704,False,n/a,2
2025-09-03 15:34:28.726487,337,2,POINT (168.97943619546913 154.13203615275418),0.0121095607162046,168.97943619546913,154.13203615275418,False,n/a,2
2025-09-03 15:34:29.726487,338,2,POINT (168.99135917818455 154.12985408831173),0.0121210115940534,168.99135917818455,154.12985408831173,False,n/a,2
2025-09-03 15:34:30.726487,339,2,POINT (169.00338911202093 154.1276303035773),0.0122337454057477,169.00338911202093,154.1276303035773,False,n/a,2
2025-09-03 15:34:31.726487,340,2,POINT (169.015446458099 154.12539698350716),0.0122624350347823,169.015446458099,154.12539698350716,False,n/a,2
2025-09-03 15:34:32.726487,341,2,POINT (169.02754512700943 154.12312891918006),0.0123094234306872,169.02754512700943,154.12312891918006,False,n/a,2
2025-09-03 15:34:33.726487,342,2,POINT (169.03974922823556 154.12084024201113),0.0124168486308434,169.03974922823556,154.12084024201113,False,n/a,2
2025-09-03 15:34:34.726487,343,2,POINT (169.0519486534666 154.11853421649153),0.012415463328645,169.0519486534666,154.11853421649153,False,n/a,2
2025-09-03 15:34:35.726487,344,2,POINT (169.064080230139 154.1162364720367),0.012347258081781,169.064080230139,154.1162364720367,False,n/a,2
2025-09-03 15:34:36.726487,345,2,POINT (169.0762298607123 154.1139029151839),0.0123717020111337,169.0762298607123,154.1139029151839,False,n/a,2
2025-09-03 15:34:37.726487,346,2,POINT (169.0883870669871 154.1115712835853),0.0123787790318802,169.0883870669871,154.1115712835853,False,n/a,2
2025-09-03 15:34:38.726487,347,2,POINT (169.1005022692706 154.10922594007062),0.0123401281424438,169.1005022692706,154.10922594007062,False,n/a,2
2025-09-03 15:34:39.726487,348,2,POINT (169.1126291438794 154.106867531072),0.0123540754725671,169.1126291438794,154.106867531072,False,n/a,2
2025-09-03 15:34:40.726487,349,2,POINT (169.12469203816605 154.10448809695092),0.0122953294102939,169.12469203816605,154.10448809695092,False,n/a,2
2025-09-03 15:34:41.726487,350,2,POINT (169.13674587567124 154.10212987256674),0.0122823540434122,169.13674587567124,154.10212987256674,False,n/a,2
2025-09-03 15:34:42.726487,351,2,POINT (169.14885895015814 154.09973265127644),0.0123480056462551,169.14885895015814,154.09973265127644,False,n/a,2
2025-09-03 15:34:43.726487,352,2,POINT (169.1610072141193 154.0973066654739),0.0123881283648624,169.1610072141193,154.0973066654739,False,n/a,2
2025-09-03 15:34:44.726487,353,2,POINT (169.17308997534573 154.09487864590972),0.012324301110359,169.17308997534573,154.09487864590972,False,n/a,2
2025-09-03 15:34:45.726487,354,2,POINT (169.18513106383188 154.0924564349447),0.012282301001449,169.18513106383188,154.0924564349447,False,n/a,2
2025-09-03 15:34:46.726487,355,2,POINT (169.19721607049783 154.09000124688865),0.0123318828451598,169.19721607049783,154.09000124688865,False,n/a,2
2025-09-03 15:34:47.726487,356,2,POINT (169.20933292904118 154.08753350714844),0.0123655974536208,169.20933292904118,154.08753350714844,False,n/a,2
2025-09-03 15:34:48.726487,357,2,POINT (169.22136996640643 154.0850531805999),0.0122899262943126,169.22136996640643,154.0850531805999,False,n/a,2
2025-09-03 15:34:49.726487,358,2,POINT (169.2334462411731 154.08255742803198),0.0123314716526792,169.2334462411731,154.08255742803198,False,n/a,2
2025-09-03 15:34:50.726487,359,2,POINT (169.2454988229578 154.08004705890718),0.0123112420502129,169.2454988229578,154.08004705890718,False,n/a,2
2025-09-03 15:34:51.726487,360,2,POINT (169.25749386049196 154.07754444590267),0.0122533259687588,169.25749386049196,154.07754444590267,False,n/a,2
2025-09-03 15:34:52.726487,361,2,POINT (169.26957519495258 154.07503918651128),0.0123383534949966,169.26957519495258,154.07503918651128,False,n/a,2
2025-09-03 15:34:53.726487,362,2,POINT (169.281674510548 154.07251318904025),0.0123601820820277,169.281674510548,154.07251318904025,False,n/a,2
2025-09-03 15:34:54.726487,363,2,POINT (169.2937098692071 154.06998620649512),0.0122977843060062,169.2937098692071,154.06998620649512,False,n/a,2
2025-09-03 15:34:55.726487,364,2,POINT (169.3057823412799 154.06745176446378),0.012335638546818,169.3057823412799,154.06745176446378,False,n/a,2
2025-09-03 15:34:56.726487,365,2,POINT (169.3179354170067 154.06491644214108),0.0124147134039559,169.3179354170067,154.06491644214108,False,n/a,2
2025-09-03 15:34:57.726487,366,2,POINT (169.3302196861819 154.06236971133288),0.0125454815363065,169.3302196861819,154.06236971133288,False,n/a,2
2025-09-03 15:34:58.726487,367,2,POINT (169.34233074208387 154.05986100463434),0.0123681560614434,169.34233074208387,154.05986100463434,False,n/a,2
2025-09-03 15:34:59.726487,368,2,POINT (169.35450523369477 154.05733611827108),0.0124335552892594,169.35450523369477,154.05733611827108,False,n/a,2
2025-09-03 15:35:00.726487,369,2,POINT (169.36666779296004 154.05481957310636),0.0124201790424891,169.36666779296004,154.05481957310636,False,n/a,2
2025-09-03 15:35:01.726487,370,2,POINT (169.37880557162546 154.05231782467965),0.0123929179825113,169.37880557162546,154.05231782467965,False,n/a,2
2025-09-03 15:35:02.726487,371,2,POINT (169.39092745574058 154.0497988187341),0.0123808507564717,169.39092745574058,154.0497988187341,False,n/a,2
2025-09-03 15:35:03.726487,372,2,POINT (169.40306864221986 154.04727719214975),0.0124002826482162,169.40306864221986,154.04727719214975,False,n/a,2
2025-09-03 15:35:04.726487,373,2,POINT (169.41521007163652 154.04474997306878),0.0124016589439856,169.41521007163652,154.04474997306878,False,n/a,2
2025-09-03 15:35:05.726487,374,2,POINT (169.42734372231303 154.04219580280505),0.0123995671083907,169.42734372231303,154.04219580280505,False,n/a,2
2025-09-03 15:35:06.726487,375,2,POINT (169.4395355971745 154.0396162631673),0.0124617750493632,169.4395355971745,154.0396162631673,False,n/a,2
2025-09-03 15:35:07.726487,376,2,POINT (169.45174576660938 154.037042520902),0.0124784769453772,169.45174576660938,154.037042520902,False,n/a,2
2025-09-03 15:35:08.726487,377,2,POINT (169.46391729359027 154.03449087531445),0.0124361153199479,169.46391729359027,154.03449087531445,False,n/a,2
2025-09-03 15:35:09.726487,378,2,POINT (169.4761331576618 154.03192646843274),0.0124821279303174,169.4761331576618,154.03192646843274,False,n/a,2
2025-09-03 15:35:10.726487,379,2,POINT (169.48835951276988 154.02932794953378),0.0124994423754513,169.48835951276988,154.02932794953378,False,n/a,2
2025-09-03 15:35:11.726487,380,2,POINT (169.50062672403428 154.02670871624767),0.0125437177588035,169.50062672403428,154.02670871624767,False,n/a,2
2025-09-03 15:35:12.726487,381,2,POINT (169.51276565719434 154.02411057606673),0.0124138644532712,169.51276565719434,154.02411057606673,False,n/a,2
2025-09-03 15:35:13.726487,382,2,POINT (169.5248670289281 154.0215187945811),0.0123758041802513,169.5248670289281,154.0215187945811,False,n/a,2
2025-09-03 15:35:14.726487,383,2,POINT (169.53706083211392 154.01894210504767),0.0124630720565335,169.53706083211392,154.01894210504767,False,n/a,2
2025-09-03 15:35:15.726487,384,2,POINT (169.54938835804472 154.01631045272012),0.0126052960912331,169.54938835804472,154.01631045272012,False,n/a,2
2025-09-03 15:35:16.726487,385,2,POINT (169.56184498361634 154.01365000751142),0.0127375621427319,169.56184498361634,154.01365000751142,False,n/a,2
2025-09-03 15:35:17.726487,386,2,POINT (169.57432670174714 154.01097699718238),0.0127647276397057,169.57432670174714,154.01097699718238,False,n/a,2
2025-09-03 15:35:18.726487,387,2,POINT (169.58686310404406 154.0082898512741),0.0128211596855563,169.58686310404406,154.0082898512741,False,n/a,2
2025-09-03 15:35:19.726487,388,2,POINT (169.5994384958615 154.0055782868178),0.0128644106418832,169.5994384958615,154.0055782868178,False,n/a,2
2025-09-03 15:35:20.726487,389,2,POINT (169.61206343169883 154.00287649008445),0.01291079821254,169.61206343169883,154.00287649008445,False,n/a,2
2025-09-03 15:35:21.726487,390,2,POINT (169.62470864760175 154.0001693277621),0.0129317521268767,169.62470864760175,154.0001693277621,False,n/a,2
2025-09-03 15:35:22.726487,391,2,POINT (169.63732378782964 153.99745287553247),0.0129042967915847,169.63732378782964,153.99745287553247,False,n/a,2
2025-09-03 15:35:23.726487,392,2,POINT (169.65003691705465 153.99470235678723),0.0130072675093438,169.65003691705465,153.99470235678723,False,n/a,2
2025-09-03 15:35:24.726487,393,2,POINT (169.6628578538137 153.99191763791688),0.013119873420371,169.6628578538137,153.99191763791688,False,n/a,2
2025-09-03 15:35:25.726487,394,2,POINT (169.67573403312466 153.98912653177337),0.0131752141216808,169.67573403312466,153.98912653177337,False,n/a,2
2025-09-03 15:35:26.726487,395,2,POINT (169.68863733183755 153.98631508105734),0.0132060354687901,169.68863733183755,153.98631508105734,False,n/a,2
2025-09-03 15:35:27.726487,396,2,POINT (169.70152137399404 153.98350430012843),0.0131870782101433,169.70152137399404,153.98350430012843,False,n/a,2
2025-09-03 15:35:28.726487,397,2,POINT (169.7145709148444 153.9817271914462),0.0131699898129546,169.7145709148444,153.9817271914462,False,n/a,2
2025-09-03 15:35:29.726487,398,2,POINT (169.72783251912873 153.98095778334755),0.0132839051869787,169.72783251912873,153.98095778334755,False,n/a,2
2025-09-03 15:35:30.726487,399,2,POINT (169.7414138023359 153.98113268207743),0.013582409326742,169.7414138023359,153.98113268207743,False,n/a,2
2025-09-03 15:35:31.726487,400,2,POINT (169.75521848336876 153.9822635198593),0.0138509209985491,169.75521848336876,153.9822635198593,False,n/a,2
2025-09-03 15:35:32.726487,401,2,POINT (169.76923925757748 153.9843929482895),0.0141815575608325,169.76923925757748,153.9843929482895,False,n/a,2
2025-09-03 15:35:33.726487,402,2,POINT (169.78346570181694 153.9874682501853),0.0145550402764325,169.78346570181694,153.9874682501853,False,n/a,2
2025-09-03 15:35:34.726487,403,2,POINT (169.7979251229708 153.9914938828523),0.0150093497019278,169.7979251229708,153.9914938828523,False,n/a,2
2025-09-03 15:35:35.726487,404,2,POINT (169.81251134042554 153.99647484203396),0.0154132311345227,169.81251134042554,153.99647484203396,False,n/a,2
2025-09-03 15:35:36.726487,405,2,POINT (169.8272043124994 154.00239070640689),0.0158392196664365,169.8272043124994,154.00239070640689,False,n/a,2
2025-09-03 15:35:37.726487,406,2,POINT (169.84197720255207 154.00923800045686),0.0162826200691256,169.84197720255207,154.00923800045686,False,n/a,2
2025-09-03 15:35:38.726487,407,2,POINT (169.8568885659602 154.01700373061212),0.016812356275466,169.8568885659602,154.01700373061212,False,n/a,2
2025-09-03 15:35:39.726487,408,2,POINT (169.87189011864305 154.0256902897314),0.0173350192451353,169.87189011864305,154.0256902897314,False,n/a,2
2025-09-03 15:35:40.726487,409,2,POINT (169.88697094334228 154.03528521677345),0.0178743922568351,169.88697094334228,154.03528521677345,False,n/a,2
2025-09-03 15:35:41.726487,410,2,POINT (169.90212573069002 154.0457629199632),0.0184241646673059,169.90212573069002,154.0457629199632,False,n/a,2
2025-09-03 15:35:42.726487,411,2,POINT (169.91736907999675 154.05711421855588),0.0190055696528102,169.91736907999675,154.05711421855588,False,n/a,2
2025-09-03 15:35:43.726487,412,2,POINT (169.932670995447 154.06931841837036),0.0195727133928304,169.932670995447,154.06931841837036,False,n/a,2
2025-09-03 15:35:44.726487,413,2,POINT (169.9477545951281 154.08135709917048),0.0192988293620648,169.9477545951281,154.08135709917048,False,n/a,2
2025-09-03 15:35:45.726487,414,2,POINT (169.9627071874431 154.09321473342945),0.0190835926166574,169.9627071874431,154.09321473342945,False,n/a,2
2025-09-03 15:35:46.726487,415,2,POINT (169.97754804210228 154.1048753664742),0.0188738265865578,169.97754804210228,154.1048753664742,False,n/a,2
2025-09-03 15:35:47.726487,416,2,POINT (169.99222194483724 154.11636458066016),0.0186366698765022,169.99222194483724,154.11636458066016,False,n/a,2
2025-09-03 15:35:48.726487,417,2,POINT (170.0068385010781 154.12767497791842),0.018481580086183,170.0068385010781,154.12767497791842,False,n/a,2
2025-09-03 15:35:49.726487,418,2,POINT (170.02129212993776 154.1388311916991),0.0182583814488826,170.02129212993776,154.1388311916991,False,n/a,2
2025-09-03 15:35:50.726487,419,2,POINT (170.0357013845413 154.14981382354674),0.0181175279917182,170.0357013845413,154.14981382354674,False,n/a,2
2025-09-03 15:35:51.726487,420,2,POINT (170.05007184951 154.16062062286687),0.0179804664834399,170.05007184951,154.16062062286687,False,n/a,2
2025-09-03 15:35:52.726487,421,2,POINT (170.06438907931826 154.1712481199063),0.0178305009101076,170.06438907931826,154.1712481199063,False,n/a,2
2025-09-03 15:35:53.726487,422,2,POINT (170.07862129345233 154.18173288675897),0.0176772807612718,170.07862129345233,154.18173288675897,False,n/a,2
2025-09-03 15:35:54.726487,423,2,POINT (170.09282747780003 154.1920664243249),0.0175669482935295,170.09282747780003,154.1920664243249,False,n/a,2
2025-09-03 15:35:55.726487,424,2,POINT (170.10700507051277 154.20224838685152),0.0174549848473662,170.10700507051277,154.20224838685152,False,n/a,2
2025-09-03 15:35:56.726487,425,2,POINT (170.1211026371753 154.21230277198757),0.0173156589903107,170.1211026371753,154.21230277198757,False,n/a,2
2025-09-03 15:35:57.726487,426,2,POINT (170.1351750066821 154.22221382261517),0.0172122197312923,170.1351750066821,154.22221382261517,False,n/a,2
2025-09-03 15:35:58.726487,427,2,POINT (170.14907606568616 154.23197204776113),0.0169841808584884,170.14907606568616,154.23197204776113,False,n/a,2
2025-09-03 15:35:59.726487,428,2,POINT (170.1628303025023 154.24055710873606),0.0162136455597629,170.1628303025023,154.24055710873606,False,n/a,2
2025-09-03 15:36:00.726487,429,2,POINT (170.17651727832808 154.24902668875242),0.016095561279715,170.17651727832808,154.24902668875242,False,n/a,2
2025-09-03 15:36:01.726487,430,2,POINT (170.19025202810087 154.2573619475619),0.0160661100065346,170.19025202810087,154.2573619475619,False,n/a,2
2025-09-03 15:36:02.726487,431,2,POINT (170.2039594327483 154.2655673660875),0.0159756638468855,170.2039594327483,154.2655673660875,False,n/a,2
2025-09-03 15:36:03.726487,432,2,POINT (170.21759135864554 154.27364671159356),0.0158463001193977,170.21759135864554,154.27364671159356,False,n/a,2
2025-09-03 15:36:04.726487,433,2,POINT (170.2311934907255 154.2815899536375),0.0157516059908076,170.2311934907255,154.2815899536375,False,n/a,2
2025-09-03 15:36:05.726487,434,2,POINT (170.2447371580532 154.28836876400027),0.0151454017648116,170.2447371580532,154.28836876400027,False,n/a,2
2025-09-03 15:36:06.726487,435,2,POINT (170.25823226441543 154.293995277933),0.0146210654455743,170.25823226441543,154.293995277933,False,n/a,2
2025-09-03 15:36:07.726487,436,2,POINT (170.2716717325068 154.2984950388875),0.0141727608893272,170.2716717325068,154.2984950388875,False,n/a,2
2025-09-03 15:36:08.726487,437,2,POINT (170.28499744500328 154.30186583909548),0.0137454322442424,170.28499744500328,154.30186583909548,False,n/a,2
2025-09-03 15:36:09.726487,438,2,POINT (170.2983438250768 154.30413672269356),0.0135381968290859,170.2983438250768,154.30413672269356,False,n/a,2
2025-09-03 15:36:10.726487,439,2,POINT (170.31164745210086 154.3053417191229),0.0133580877519807,170.31164745210086,154.3053417191229,False,n/a,2
2025-09-03 15:36:11.726487,440,2,POINT (170.32498605958435 154.30547635860333),0.0133392869895024,170.32498605958435,154.30547635860333,False,n/a,2
2025-09-03 15:36:12.726487,441,2,POINT (170.3382372725508 154.30455869281946),0.01328294980692,170.3382372725508,154.30455869281946,False,n/a,2
2025-09-03 15:36:13.726487,442,2,POINT (170.35146585716458 154.30261632292363),0.013370424514438,170.35146585716458,154.30261632292363,False,n/a,2
2025-09-03 15:36:14.726487,443,2,POINT (170.36464811778208 154.29964627771685),0.0135127037826613,170.36464811778208,154.29964627771685,False,n/a,2
2025-09-03 15:36:15.726487,444,2,POINT (170.377842080083 154.29565792953974),0.0137835975848181,170.377842080083,154.29565792953974,False,n/a,2
2025-09-03 15:36:16.726487,445,2,POINT (170.390932168119 154.29068249871858),0.0140037608036646,170.390932168119,154.29068249871858,False,n/a,2
2025-09-03 15:36:17.726487,446,2,POINT (170.40396965009828 154.2847396905591),0.0143280461047631,170.40396965009828,154.2847396905591,False,n/a,2
2025-09-03 15:36:18.726487,447,2,POINT (170.41706367382974 154.27783907907232),0.0148010775408961,170.41706367382974,154.27783907907232,False,n/a,2
2025-09-03 15:36:19.726487,448,2,POINT (170.43002577437528 154.2699845803001),0.0151561605136449,170.43002577437528,154.2699845803001,False,n/a,2
2025-09-03 15:36:20.726487,449,2,POINT (170.4429717052084 154.26116864310913),0.0156626266536391,170.4429717052084,154.26116864310913,False,n/a,2
2025-09-03 15:36:21.726487,450,2,POINT (170.45585917118143 154.25143039488574),0.0161530262695908,170.45585917118143,154.25143039488574,False,n/a,2
2025-09-03 15:36:22.726487,451,2,POINT (170.46870346150484 154.24181966220775),0.0160418819506973,170.46870346150484,154.24181966220775,False,n/a,2
2025-09-03 15:36:23.726487,452,2,POINT (170.48158211379334 154.23231479275597),0.0160063183794137,170.48158211379334,154.23231479275597,False,n/a,2
2025-09-03 15:36:24.726487,453,2,POINT (170.4944969331381 154.22291472670173),0.0159735343782086,170.4944969331381,154.22291472670173,False,n/a,2
2025-09-03 15:36:25.726487,454,2,POINT (170.50727725161502 154.21362003296687),0.0158027805147233,170.50727725161502,154.21362003296687,False,n/a,2
2025-09-03 15:36:26.726487,455,2,POINT (170.5200708914847 154.20445344720602),0.0157385995446187,170.5200708914847,154.20445344720602,False,n/a,2
2025-09-03 15:36:27.726487,456,2,POINT (170.53294888277375 154.19537333164712),0.015757257318585,170.53294888277375,154.19537333164712,False,n/a,2
2025-09-03 15:36:28.726487,457,2,POINT (170.54577621192846 154.1864204257547),0.0156427266536727,170.54577621192846,154.1864204257547,False,n/a,2
2025-09-03 15:36:29.726487,458,2,POINT (170.5585744233896 154.17757071641765),0.0155599348312971,170.5585744233896,154.17757071641765,False,n/a,2
2025-09-03 15:36:30.726487,459,2,POINT (170.57141136315468 154.16880898358662),0.0155420392720858,170.57141136315468,154.16880898358662,False,n/a,2
2025-09-03 15:36:31.726487,460,2,POINT (170.5842643564235 154.16014161634587),0.0155023446889173,170.5842643564235,154.16014161634587,False,n/a,2
2025-09-03 15:36:32.726487,461,2,POINT (170.5972599686104 154.1515655146275),0.0155703390071055,170.5972599686104,154.1515655146275,False,n/a,2
2025-09-03 15:36:33.726487,462,2,POINT (170.61022743775868 154.1430794818174),0.0154973549022323,170.61022743775868,154.1430794818174,False,n/a,2
2025-09-03 15:36:34.726487,463,2,POINT (170.62326769307654 154.13469625925637),0.0155024733272752,170.62326769307654,154.13469625925637,False,n/a,2
2025-09-03 15:36:35.726487,464,2,POINT (170.6363256859925 154.1263854368055),0.0154784026567011,170.6363256859925,154.1263854368055,False,n/a,2
2025-09-03 15:36:36.726487,465,2,POINT (170.64944781761716 154.11815126415135),0.0154916731721709,170.64944781761716,154.11815126415135,False,n/a,2
2025-09-03 15:36:37.726487,466,2,POINT (170.66258100414566 154.11001180446644),0.015450934999373,170.66258100414566,154.11001180446644,False,n/a,2
2025-09-03 15:36:38.726487,467,2,POINT (170.67570709539655 154.1019666502545),0.0153954141815156,170.67570709539655,154.1019666502545,False,n/a,2
2025-09-03 15:36:39.726487,468,2,POINT (170.6888324019485 154.09400940091842),0.0153489898390496,170.6888324019485,154.09400940091842,False,n/a,2
2025-09-03 15:36:40.726487,469,2,POINT (170.70195994500114 154.08613775025896),0.0153067067229834,170.70195994500114,154.08613775025896,False,n/a,2
2025-09-03 15:36:41.726487,470,2,POINT (170.71514040458786 154.07834360502665),0.015312518238994,170.71514040458786,154.07834360502665,False,n/a,2
2025-09-03 15:36:42.726487,471,2,POINT (170.72832654845874 154.0706243739296),0.015279427964199,170.72832654845874,154.0706243739296,False,n/a,2
2025-09-03 15:36:43.726487,472,2,POINT (170.74153464672773 154.06297627174902),0.0152626120584884,170.74153464672773,154.06297627174902,False,n/a,2
2025-09-03 15:36:44.726487,473,2,POINT (170.7547958444877 154.05540646612064),0.0152696209278483,170.7547958444877,154.05540646612064,False,n/a,2
2025-09-03 15:36:45.726487,474,2,POINT (170.76804060697972 154.04790683588982),0.0152206500212555,170.76804060697972,154.04790683588982,False,n/a,2
2025-09-03 15:36:46.726487,475,2,POINT (170.78120737618406 154.04049641367587),0.0151088771478614,170.78120737618406,154.04049641367587,False,n/a,2
2025-09-03 15:36:47.726487,476,2,POINT (170.79441976999493 154.03316403951564),0.0151106274204356,170.79441976999493,154.03316403951564,False,n/a,2
2025-09-03 15:36:48.726487,477,2,POINT (170.80762467932254 154.02589520713173),0.0150733391979317,170.80762467932254,154.02589520713173,False,n/a,2
2025-09-03 15:36:49.726487,478,2,POINT (170.8209206878865 154.0187052559433),0.0151155298228361,170.8209206878865,154.0187052559433,False,n/a,2
2025-09-03 15:36:50.726487,479,2,POINT (170.83428976837624 154.0115778482328),0.0151503219045801,170.83428976837624,154.0115778482328,False,n/a,2
2025-09-03 15:36:51.726487,480,2,POINT (170.84764453642336 154.0045067979734),0.0151112402324752,170.84764453642336,154.0045067979734,False,n/a,2
2025-09-03 15:36:52.726487,481,2,POINT (170.8609612246902 153.99751327284088),0.0150413955527718,170.8609612246902,153.99751327284088,False,n/a,2
2025-09-03 15:36:53.726487,482,2,POINT (170.87428329036192 153.99059909391116),0.0150094404970357,170.87428329036192,153.99059909391116,False,n/a,2
2025-09-03 15:36:54.726487,483,2,POINT (170.8877981488747 153.98371529761755),0.0151670053745844,170.8877981488747,153.98371529761755,False,n/a,2
2025-09-03 15:36:55.726487,484,2,POINT (170.90127147633066 153.97688890974788),0.015103977094875,170.90127147633066,153.97688890974788,False,n/a,2
2025-09-03 15:36:56.726487,485,2,POINT (170.9147138323943 153.97011864366038),0.0150510278531892,170.9147138323943,153.97011864366038,False,n/a,2
2025-09-03 15:36:57.726487,486,2,POINT (170.92806904726172 153.9634449282065),0.0149298440083524,170.92806904726172,153.9634449282065,False,n/a,2
2025-09-03 15:36:58.726487,487,2,POINT (170.94139805814194 153.95683783611324),0.0148766998011736,170.94139805814194,153.95683783611324,False,n/a,2
2025-09-03 15:36:59.726487,488,2,POINT (170.95466170672697 153.95031384612915),0.0147812996417604,170.95466170672697,153.95031384612915,False,n/a,2
2025-09-03 15:37:00.726487,489,2,POINT (170.96789075210032 153.9438477457639),0.0147247443245634,170.96789075210032,153.9438477457639,False,n/a,2
2025-09-03 15:37:01.726487,490,2,POINT (170.9811969256281 153.93742511125714),0.0147751307256038,170.9811969256281,153.93742511125714,False,n/a,2
2025-09-03 15:37:02.726487,491,2,POINT (170.99448653667105 153.93106941849268),0.0147312114976699,170.99448653667105,153.93106941849268,False,n/a,2
2025-09-03 15:37:03.726487,492,2,POINT (171.0078181474616 153.92476602776927),0.0147466803343199,171.0078181474616,153.92476602776927,False,n/a,2
2025-09-03 15:37:04.726487,493,2,POINT (171.02105764946617 153.91851499413653),0.0146410325731108,171.02105764946617,153.91851499413653,False,n/a,2
2025-09-03 15:37:05.726487,494,2,POINT (171.03426320813634 153.91233577049886),0.0145797662723227,171.03426320813634,153.91233577049886,False,n/a,2
2025-09-03 15:37:06.726487,495,2,POINT (171.04749610973064 153.90620335231475),0.0145847947325083,171.04749610973064,153.90620335231475,False,n/a,2
2025-09-03 15:37:07.726487,496,2,POINT (171.06077408799194 153.90012699254424),0.014602289367361,171.06077408799194,153.90012699254424,False,n/a,2
2025-09-03 15:37:08.726487,497,2,POINT (171.07416519043463 153.89408219639608),0.0146922151190084,171.07416519043463,153.89408219639608,False,n/a,2
2025-09-03 15:37:09.726487,498,2,POINT (171.08755915421324 153.88807473227163),0.014679505812844,171.08755915421324,153.88807473227163,False,n/a,2
2025-09-03 15:37:10.726487,499,2,POINT (171.10101192083494 153.8820709430897),0.0147316806345686,171.10101192083494,153.8820709430897,False,n/a,2
2025-09-03 15:37:11.726487,500,2,POINT (171.1144766168762 153.8761261982497),0.0147186286961979,171.1144766168762,153.8761261982497,False,n/a,2
2025-09-03 15:37:12.726487,501,2,POINT (171.1279149851778 153.87022415883033),0.0146773230501009,171.1279149851778,153.87022415883033,False,n/a,2
2025-09-03 15:37:13.726487,502,2,POINT (171.14133897867993 153.86436037201912),0.0146488087335618,171.14133897867993,153.86436037201912,False,n/a,2
2025-09-03 15:37:14.726487,503,2,POINT (171.15468400105496 153.85856606222072),0.0145486648263696,171.15468400105496,153.85856606222072,False,n/a,2
2025-09-03 15:37:15.726487,504,2,POINT (171.1680469128586 153.85280151758488),0.014553260347085,171.1680469128586,153.85280151758488,False,n/a,2
2025-09-03 15:37:16.726487,505,2,POINT (171.1814251480058 153.84707978887852),0.0145504417473493,171.1814251480058,153.84707978887852,False,n/a,2
2025-09-03 15:37:17.726487,506,2,POINT (171.19478790559447 153.84139814038076),0.0145204827752348,171.19478790559447,153.84139814038076,False,n/a,2
2025-09-03 15:37:18.726487,507,2,POINT (171.2080829634605 153.83577017326638),0.0144371942392435,171.2080829634605,153.83577017326638,False,n/a,2
2025-09-03 15:37:19.726487,508,2,POINT (171.221273723785 153.8302085476454),0.0143153008171808,171.221273723785,153.8302085476454,False,n/a,2
2025-09-03 15:37:20.726487,509,2,POINT (171.2345708766646 153.82467114433905),0.0144040657482818,171.2345708766646,153.82467114433905,False,n/a,2
2025-09-03 15:37:21.726487,510,2,POINT (171.24789784321354 153.81915291615653),0.0144242462427234,171.24789784321354,153.81915291615653,False,n/a,2
2025-09-03 15:37:22.726487,511,2,POINT (171.2613635015249 153.8136399072634),0.014550505861106,171.2613635015249,153.8136399072634,False,n/a,2
2025-09-03 15:37:23.726487,512,2,POINT (171.2748575240703 153.80816411024333),0.0145627263059215,171.2748575240703,153.80816411024333,False,n/a,2
2025-09-03 15:37:24.726487,513,2,POINT (171.2882995000098 153.80272620001057),0.0145002615444427,171.2882995000098,153.80272620001057,False,n/a,2
2025-09-03 15:37:25.726487,514,2,POINT (171.30169914543856 153.79733314280705),0.0144442224995669,171.30169914543856,153.79733314280705,False,n/a,2
2025-09-03 15:37:26.726487,515,2,POINT (171.31524946968838 153.79193644450538),0.0145854598773736,171.31524946968838,153.79193644450538,False,n/a,2
2025-09-03 15:37:27.726487,516,2,POINT (171.32886675353234 153.7865643625121),0.0146386366929886,171.32886675353234,153.7865643625121,False,n/a,2
2025-09-03 15:37:28.726487,517,2,POINT (171.34240352361874 153.78123372993335),0.0145485321617649,171.34240352361874,153.78123372993335,False,n/a,2
2025-09-03 15:37:29.726487,518,2,POINT (171.35614643054848 153.77588631921813),0.0147466027354298,171.35614643054848,153.77588631921813,False,n/a,2
2025-09-03 15:37:30.726487,519,2,POINT (171.37003936715774 153.77052428405358),0.0148917799048669,171.37003936715774,153.77052428405358,False,n/a,2
2025-09-03 15:37:31.726487,520,2,POINT (171.38398539116812 153.76520234772562),0.0149269753123985,171.38398539116812,153.76520234772562,False,n/a,2
2025-09-03 15:37:32.726487,521,2,POINT (171.39797090382982 153.75993108861786),0.0149459271037776,171.39797090382982,153.75993108861786,False,n/a,2
2025-09-03 15:37:33.726487,522,2,POINT (171.41201453605552 153.75467564965234),0.0149947739166428,171.41201453605552,153.75467564965234,False,n/a,2
2025-09-03 15:37:34.726487,523,2,POINT (171.42634475281085 153.75046738048638),0.0149353487280267,171.42634475281085,153.75046738048638,False,n/a,2
2025-09-03 15:37:35.726487,524,2,POINT (171.44085914676805 153.7473010569969),0.0148557475875472,171.44085914676805,153.7473010569969,False,n/a,2
2025-09-03 15:37:36.726487,525,2,POINT (171.45548220361422 153.7451791743841),0.0147762030761941,171.45548220361422,153.7451791743841,False,n/a,2
2025-09-03 15:37:37.726487,526,2,POINT (171.47029790843555 153.74407304480388),0.0148569388502828,171.47029790843555,153.74407304480388,False,n/a,2
2025-09-03 15:37:38.726487,527,2,POINT (171.485338642839 153.74396439352475),0.0150411268359568,171.485338642839,153.74396439352475,False,n/a,2
2025-09-03 15:37:39.726487,528,2,POINT (171.50061424106397 153.74485013534473),0.0153012561478628,171.50061424106397,153.74485013534473,False,n/a,2
2025-09-03 15:37:40.726487,529,2,POINT (171.51599857445524 153.74673733922782),0.0154996532990259,171.51599857445524,153.74673733922782,False,n/a,2
2025-09-03 15:37:41.726487,530,2,POINT (171.53156221887778 153.74958893314957),0.0158227246580945,171.53156221887778,153.74958893314957,False,n/a,2
2025-09-03 15:37:42.726487,531,2,POINT (171.54730198765424 153.7533829842446),0.0161905881563358,171.54730198765424,153.7533829842446,False,n/a,2
2025-09-03 15:37:43.726487,532,2,POINT (171.5631443093537 153.75811995927162),0.0165353587574006,171.5631443093537,153.75811995927162,False,n/a,2
2025-09-03 15:37:44.726487,533,2,POINT (171.57920761687905 153.76379082712228),0.0170349226835145,171.57920761687905,153.76379082712228,False,n/a,2
2025-09-03 15:37:45.726487,534,2,POINT (171.5954833040136 153.7703648153879),0.0175532137632608,171.5954833040136,153.7703648153879,False,n/a,2
2025-09-03 15:37:46.726487,535,2,POINT (171.6118463955372 153.77783677486445),0.0179883557511275,171.6118463955372,153.77783677486445,False,n/a,2
2025-09-03 15:37:47.726487,536,2,POINT (171.62832615063394 153.78620287620427),0.0184817201492751,171.62832615063394,153.78620287620427,False,n/a,2
2025-09-03 15:37:48.726487,537,2,POINT (171.64498403596812 153.79546762418556),0.0190609731903602,171.64498403596812,153.79546762418556,False,n/a,2
2025-09-03 15:37:49.726487,538,2,POINT (171.66173650218718 153.80561450443278),0.0195858189303426,171.66173650218718,153.80561450443278,False,n/a,2
2025-09-03 15:37:50.726487,539,2,POINT (171.67839553194975 153.81560758696176),0.0194263988186435,171.67839553194975,153.81560758696176,False,n/a,2
2025-09-03 15:37:51.726487,540,2,POINT (171.69501540479126 153.8254491106284),0.0193151692032237,171.69501540479126,153.8254491106284,False,n/a,2
2025-09-03 15:37:52.726487,541,2,POINT (171.71149863356385 153.83514616969774),0.0191240629930892,171.71149863356385,153.83514616969774,False,n/a,2
2025-09-03 15:37:53.726487,542,2,POINT (171.72794230328296 153.8446645538194),0.018999839739289,171.72794230328296,153.8446645538194,False,n/a,2
2025-09-03 15:37:54.726487,543,2,POINT (171.74430478303836 153.85403410774202),0.0188552190243144,171.74430478303836,153.85403410774202,False,n/a,2
2025-09-03 15:37:55.726487,544,2,POINT (171.76049430656175 153.86326834798933),0.0186379147132816,171.76049430656175,153.86326834798933,False,n/a,2
2025-09-03 15:37:56.726487,545,2,POINT (171.77650140510076 153.87235693186682),0.0184073235570939,171.77650140510076,153.87235693186682,False,n/a,2
2025-09-03 15:37:57.726487,546,2,POINT (171.79237935648547 153.8813351099111),0.0182405323707978,171.79237935648547,153.8813351099111,False,n/a,2
2025-09-03 15:37:58.726487,547,2,POINT (171.80814634105394 153.89018066115904),0.0180787604459541,171.80814634105394,153.89018066115904,False,n/a,2
2025-09-03 15:37:59.726487,548,2,POINT (171.82378909579165 153.89890485350347),0.0179110945463095,171.82378909579165,153.89890485350347,False,n/a,2
2025-09-03 15:38:00.726487,549,2,POINT (171.83937108215792 153.90751643711195),0.0178033050685703,171.83937108215792,153.90751643711195,False,n/a,2
2025-09-03 15:38:01.726487,550,2,POINT (171.8548099432814 153.91600707733315),0.0176195744601175,171.8548099432814,153.91600707733315,False,n/a,2
2025-09-03 15:38:02.726487,551,2,POINT (171.87013740380243 153.92439344929107),0.0174717566558313,171.87013740380243,153.92439344929107,False,n/a,2
2025-09-03 15:38:03.726487,552,2,POINT (171.88546805575345 153.93264322175506),0.017409412251732,171.88546805575345,153.93264322175506,False,n/a,2
2025-09-03 15:38:04.726487,553,2,POINT (171.9006985911411 153.94076176570871),0.0172591994055598,171.9006985911411,153.94076176570871,False,n/a,2
2025-09-03 15:38:05.726487,554,2,POINT (171.91575038794994 153.94876349976616),0.017046534401507,171.91575038794994,153.94876349976616,False,n/a,2
2025-09-03 15:38:06.726487,555,2,POINT (171.9307163787084 153.9566412346371),0.0169127048717603,171.9307163787084,153.9566412346371,False,n/a,2
2025-09-03 15:38:07.726487,556,2,POINT (171.94555533314804 153.964418013646),0.0167532940228078,171.94555533314804,153.964418013646,False,n/a,2
2025-09-03 15:38:08.726487,557,2,POINT (171.96042080108631 153.9720792332661),0.016723529026239,171.96042080108631,153.9720792332661,False,n/a,2
2025-09-03 15:38:09.726487,558,2,POINT (171.97524521498767 153.97962630533888),0.0166349494856566,171.97524521498767,153.97962630533888,False,n/a,2
2025-09-03 15:38:10.726487,559,2,POINT (171.99010461850156 153.9870664217284),0.0166179783571389,171.99010461850156,153.9870664217284,False,n/a,2
2025-09-03 15:38:11.726487,560,2,POINT (172.0049871608563 153.9943862119065),0.0165852161635558,172.0049871608563,153.9943862119065,False,n/a,2
2025-09-03 15:38:12.726487,561,2,POINT (172.0197454893686 154.001611023813),0.0164318643970076,172.0197454893686,154.001611023813,False,n/a,2
2025-09-03 15:38:13.726487,562,2,POINT (172.03438229496288 154.00873260111555),0.0162773751348545,172.03438229496288,154.00873260111555,False,n/a,2
2025-09-03 15:38:14.726487,563,2,POINT (172.04899578870797 154.01680683681664),0.0166957324365973,172.04899578870797,154.01680683681664,False,n/a,2
2025-09-03 15:38:15.726487,564,2,POINT (172.0637316583807 154.02581111122157),0.0172691288885997,172.0637316583807,154.02581111122157,False,n/a,2
2025-09-03 15:38:16.726487,565,2,POINT (172.07835539178166 154.0347100070818),0.0171185258160072,172.07835539178166,154.0347100070818,False,n/a,2
2025-09-03 15:38:17.726487,566,2,POINT (172.09300295867834 154.04349098777294),0.0170779635170899,172.09300295867834,154.04349098777294,False,n/a,2
2025-09-03 15:38:18.726487,567,2,POINT (172.10760254089593 154.0521680085129),0.0169834769658508,172.10760254089593,154.0521680085129,False,n/a,2
2025-09-03 15:38:19.726487,568,2,POINT (172.12218499451654 154.0607005981957),0.0168953555834895,172.12218499451654,154.0607005981957,False,n/a,2
2025-09-03 15:38:20.726487,569,2,POINT (172.1368771383693 154.06912729884715),0.0169371891073843,172.1368771383693,154.06912729884715,False,n/a,2
2025-09-03 15:38:21.726487,570,2,POINT (172.1515963728011 154.0774204236837),0.0168947264497705,172.1515963728011,154.0774204236837,False,n/a,2
2025-09-03 15:38:22.726487,571,2,POINT (172.1662538042295 154.08562114595594),0.0167955988837953,172.1662538042295,154.08562114595594,False,n/a,2
2025-09-03 15:38:23.726487,572,2,POINT (172.18088236460974 154.09370154490068),0.0167119007268549,172.18088236460974,154.09370154490068,False,n/a,2
2025-09-03 15:38:24.726487,573,2,POINT (172.19552807223187 154.10165249258918),0.0166647628515364,172.19552807223187,154.10165249258918,False,n/a,2
2025-09-03 15:38:25.726487,574,2,POINT (172.21009522918837 154.10949786488112),0.0165454503775057,172.21009522918837,154.10949786488112,False,n/a,2
2025-09-03 15:38:26.726487,575,2,POINT (172.22466724337602 154.11725496099584),0.016508062806338,172.22466724337602,154.11725496099584,False,n/a,2
2025-09-03 15:38:27.726487,576,2,POINT (172.2391195258915 154.12491826981974),0.0163583242429713,172.2391195258915,154.12491826981974,False,n/a,2
2025-09-03 15:38:28.726487,577,2,POINT (172.25354865636655 154.13248462633132),0.0162926227822865,172.25354865636655,154.13248462633132,False,n/a,2
2025-09-03 15:38:29.726487,578,2,POINT (172.26801843200684 154.13995876557976),0.0162861034193437,172.26801843200684,154.13995876557976,False,n/a,2
2025-09-03 15:38:30.726487,579,2,POINT (172.28242835420264 154.1462851856567),0.0157375172336263,172.28242835420264,154.1462851856567,False,n/a,2
2025-09-03 15:38:31.726487,580,2,POINT (172.29693827348336 154.1514901245004),0.0154152244842573,172.29693827348336,154.1514901245004,False,n/a,2
2025-09-03 15:38:32.726487,581,2,POINT (172.31153071530133 154.155591676539),0.015157905110401,172.31153071530133,154.155591676539,False,n/a,2
2025-09-03 15:38:33.726487,582,2,POINT (172.32615773690256 154.15858338037796),0.0149298376676681,172.32615773690256,154.15858338037796,False,n/a,2
2025-09-03 15:38:34.726487,583,2,POINT (172.3407531702977 154.1605083699318),0.0147218293963083,172.3407531702977,154.1605083699318,False,n/a,2
2025-09-03 15:38:35.726487,584,2,POINT (172.35538799652312 154.16139024401994),0.0146613723967419,172.35538799652312,154.16139024401994,False,n/a,2
2025-09-03 15:38:36.726487,585,2,POINT (172.3701589086544 154.16121460673205),0.0147719563242841,172.3701589086544,154.16121460673205,False,n/a,2
2025-09-03 15:38:37.726487,586,2,POINT (172.38503863799633 154.16000749413396),0.0149286123304845,172.38503863799633,154.16000749413396,False,n/a,2
2025-09-03 15:38:38.726487,587,2,POINT (172.40000390273127 154.15778259856089),0.0151297491353274,172.40000390273127,154.15778259856089,False,n/a,2
2025-09-03 15:38:39.726487,588,2,POINT (172.41487166943958 154.15454947990224),0.0152152404895052,172.41487166943958,154.15454947990224,False,n/a,2
2025-09-03 15:38:40.726487,589,2,POINT (172.42981440982123 154.15030864239068),0.0155328745862775,172.42981440982123,154.15030864239068,False,n/a,2
2025-09-03 15:38:41.726487,590,2,POINT (172.44472442438718 154.14507581993104),0.0158016127420835,172.44472442438718,154.14507581993104,False,n/a,2
2025-09-03 15:38:42.726487,591,2,POINT (172.45960777061896 154.1388533203357),0.0161317542836836,172.45960777061896,154.1388533203357,False,n/a,2
2025-09-03 15:38:43.726487,592,2,POINT (172.47434425044503 154.1316529351217),0.0164015055679051,172.47434425044503,154.1316529351217,False,n/a,2
2025-09-03 15:38:44.726487,593,2,POINT (172.48894650803865 154.12348439679366),0.0167317346753808,172.48894650803865,154.12348439679366,False,n/a,2
2025-09-03 15:38:45.726487,594,2,POINT (172.50347451851863 154.11436927175745),0.0171507607100235,172.50347451851863,154.11436927175745,False,n/a,2
2025-09-03 15:38:46.726487,595,2,POINT (172.51791759251722 154.1043173142834),0.0175967109309749,172.51791759251722,154.1043173142834,False,n/a,2
2025-09-03 15:38:47.726487,596,2,POINT (172.5323486754595 154.09334811530522),0.0181267614622707,172.5323486754595,154.09334811530522,False,n/a,2
2025-09-03 15:38:48.726487,597,2,POINT (172.54673500703456 154.08145785565722),0.0186639977144288,172.54673500703456,154.08145785565722,False,n/a,2
2025-09-03 15:38:49.726487,598,2,POINT (172.56104020878306 154.0686636970341),0.0191919069385647,172.56104020878306,154.0686636970341,False,n/a,2
2025-09-03 15:38:50.726487,599,2,POINT (172.57523724051111 154.05498096356962),0.0197173249947313,172.57523724051111,154.05498096356962,False,n/a,2
2025-09-03 15:38:51.726487,600,2,POINT (172.58941625800682 154.04146134801286),0.019591440527591,172.58941625800682,154.04146134801286,False,n/a,2
2025-09-03 15:38:52.726487,601,2,POINT (172.60357825925706 154.0281207543727),0.019455943001651,172.60357825925706,154.0281207543727,False,n/a,2
2025-09-03 15:38:53.726487,602,2,POINT (172.61782147732015 154.01495060295613),0.0193990244375358,172.61782147732015,154.01495060295613,False,n/a,2
2025-09-03 15:38:54.726487,603,2,POINT (172.6320607099598 154.00194829420968),0.0192825252211476,172.6320607099598,154.00194829420968,False,n/a,2
2025-09-03 15:38:55.726487,604,2,POINT (172.6462407790632 153.98909734431243),0.0191369086594122,172.6462407790632,153.98909734431243,False,n/a,2
2025-09-03 15:38:56.726487,605,2,POINT (172.660268551382 153.97640866338838),0.0189151003121899,172.660268551382,153.97640866338838,False,n/a,2
2025-09-03 15:38:57.726487,606,2,POINT (172.67417224032872 153.96388322195685),0.0187136113399347,172.67417224032872,153.96388322195685,False,n/a,2
2025-09-03 15:38:58.726487,607,2,POINT (172.6880288214857 153.95150145808276),0.0185825971810573,172.6880288214857,153.95150145808276,False,n/a,2
2025-09-03 15:38:59.726487,608,2,POINT (172.70184925650136 153.93926867530723),0.0184565814401178,172.70184925650136,153.93926867530723,False,n/a,2
2025-09-03 15:39:00.726487,609,2,POINT (172.71550498899404 153.9272062649019),0.0182203395878896,172.71550498899404,153.9272062649019,False,n/a,2
2025-09-03 15:39:01.726487,610,2,POINT (172.72908139301936 153.915274155886),0.018074677640997,172.72908139301936,153.915274155886,False,n/a,2
2025-09-03 15:39:02.726487,611,2,POINT (172.7427588532633 153.90345348452146),0.0180776433816239,172.7427588532633,153.90345348452146,False,n/a,2
2025-09-03 15:39:03.726487,612,2,POINT (172.75641653700816 153.89175925424485),0.0179801931868756,172.75641653700816,153.89175925424485,False,n/a,2
2025-09-03 15:39:04.726487,613,2,POINT (172.76994746205196 153.88019954228025),0.0177964286654708,172.76994746205196,153.88019954228025,False,n/a,2
2025-09-03 15:39:05.726487,614,2,POINT (172.78357385362833 153.86876021395025),0.0177914805464296,172.78357385362833,153.86876021395025,False,n/a,2
2025-09-03 15:39:06.726487,615,2,POINT (172.79710592555233 153.85745324036904),0.0176341890123327,172.79710592555233,153.85745324036904,False,n/a,2
2025-09-03 15:39:07.726487,616,2,POINT (172.81064193911777 153.8462350078676),0.0175804551619233,172.81064193911777,153.8462350078676,False,n/a,2
2025-09-03 15:39:08.726487,617,2,POINT (172.82408110698807 153.8351477503586),0.0174223566751695,172.82408110698807,153.8351477503586,False,n/a,2
2025-09-03 15:39:09.726487,618,2,POINT (172.8375768519304 153.82419637089086),0.0173800990732203,172.8375768519304,153.82419637089086,False,n/a,2
2025-09-03 15:39:10.726487,619,2,POINT (172.85108950463515 153.81338846784342),0.0173032526249226,172.85108950463515,153.81338846784342,False,n/a,2
2025-09-03 15:39:11.726487,620,2,POINT (172.86474840909452 153.80268556367426),0.0173527470068661,172.86474840909452,153.80268556367426,False,n/a,2
2025-09-03 15:39:12.726487,621,2,POINT (172.87840012509875 153.792101547453),0.0172739905416235,172.87840012509875,153.792101547453,False,n/a,2
2025-09-03 15:39:13.726487,622,2,POINT (172.8920002201367 153.7816371380058),0.0171600247703795,172.8920002201367,153.7816371380058,False,n/a,2
2025-09-03 15:39:14.726487,623,2,POINT (172.90557142441287 153.77129314968914),0.0170638705984472,172.90557142441287,153.77129314968914,False,n/a,2
2025-09-03 15:39:15.726487,624,2,POINT (172.91907722073782 153.76106779552143),0.0169400236784438,172.91907722073782,153.76106779552143,False,n/a,2
2025-09-03 15:39:16.726487,625,2,POINT (172.9325941837501 153.75095760441997),0.0168796994399597,172.9325941837501,153.75095760441997,False,n/a,2
2025-09-03 15:39:17.726487,626,2,POINT (172.9460663080294 153.74091756397118),0.0168018018322515,172.9460663080294,153.74091756397118,False,n/a,2
2025-09-03 15:39:18.726487,627,2,POINT (172.95946379939664 153.7309923786444),0.0166733943366748,172.95946379939664,153.7309923786444,False,n/a,2
2025-09-03 15:39:19.726487,628,2,POINT (172.97288664693158 153.72116257982847),0.0166372407780824,172.97288664693158,153.72116257982847,False,n/a,2
2025-09-03 15:39:20.726487,629,2,POINT (172.98625637802522 153.71141772708904),0.0165442396147189,172.98625637802522,153.71141772708904,False,n/a,2
2025-09-03 15:39:21.726487,630,2,POINT (172.99962085320593 153.7017662363158),0.0164851591136367,172.99962085320593,153.7017662363158,False,n/a,2
2025-09-03 15:39:22.726487,631,2,POINT (173.01294871788053 153.69223180234317),0.016387111031627,173.01294871788053,153.69223180234317,False,n/a,2
2025-09-03 15:39:23.726487,632,2,POINT (173.026287048368 153.68278747221427),0.0163433910733562,173.026287048368,153.68278747221427,False,n/a,2
2025-09-03 15:39:24.726487,633,2,POINT (173.03965756539048 153.67341065275957),0.0163308134682412,173.03965756539048,153.67341065275957,False,n/a,2
2025-09-03 15:39:25.726487,634,2,POINT (173.0530290166006 153.6641177082013),0.0162835661335983,173.0530290166006,153.6641177082013,False,n/a,2
2025-09-03 15:39:26.726487,635,2,POINT (173.06639590210472 153.6548909794951),0.016242110413934,173.06639590210472,153.6548909794951,False,n/a,2
2025-09-03 15:39:27.726487,636,2,POINT (173.07959450021352 153.6457803260882),0.0160376743182552,173.07959450021352,153.6457803260882,False,n/a,2
2025-09-03 15:39:28.726487,637,2,POINT (173.09286101533633 153.63675645052592),0.0160446487548626,173.09286101533633,153.63675645052592,False,n/a,2
2025-09-03 15:39:29.726487,638,2,POINT (173.10614794539623 153.6278214636841),0.0160117613109896,173.10614794539623,153.6278214636841,False,n/a,2
2025-09-03 15:39:30.726487,639,2,POINT (173.11942531281414 153.61897143179826),0.015956551943667,173.11942531281414,153.61897143179826,False,n/a,2
2025-09-03 15:39:31.726487,640,2,POINT (173.1327970497065 153.61016460508242),0.0160113567295694,173.1327970497065,153.61016460508242,False,n/a,2
2025-09-03 15:39:32.726487,641,2,POINT (173.14609435582307 153.60144246284474),0.015902644911196,173.14609435582307,153.60144246284474,False,n/a,2
2025-09-03 15:39:33.726487,642,2,POINT (173.15928944819288 153.59284083183343),0.0157511434093761,173.15928944819288,153.59284083183343,False,n/a,2
2025-09-03 15:39:34.726487,643,2,POINT (173.1725079668695 153.58432620585515),0.0157234885300258,173.1725079668695,153.58432620585515,False,n/a,2
2025-09-03 15:39:35.726487,644,2,POINT (173.1857100933381 153.57586646601018),0.0156800300234847,173.1857100933381,153.57586646601018,False,n/a,2
2025-09-03 15:39:36.726487,645,2,POINT (173.19890697194512 153.56748280711173),0.0156346839269097,173.19890697194512,153.56748280711173,False,n/a,2
2025-09-03 15:39:37.726487,646,2,POINT (173.21212034543393 153.55917388585792),0.0156086966578529,173.21212034543393,153.55917388585792,False,n/a,2
2025-09-03 15:39:38.726487,647,2,POINT (173.2254155762144 153.55091062343516),0.0156539026243735,173.2254155762144,153.55091062343516,False,n/a,2
2025-09-03 15:39:39.726487,648,2,POINT (173.23870487791947 153.54270460715048),0.0156187145140939,173.23870487791947,153.54270460715048,False,n/a,2
2025-09-03 15:39:40.726487,649,2,POINT (173.25186951079883 153.53459567667517),0.0154616400262596,173.25186951079883,153.53459567667517,False,n/a,2
2025-09-03 15:39:41.726487,650,2,POINT (173.2652032768364 153.5265058663881),0.0155959721474681,173.2652032768364,153.5265058663881,False,n/a,2
2025-09-03 15:39:42.726487,651,2,POINT (173.27849911971782 153.51848182550606),0.0155294774543449,173.27849911971782,153.51848182550606,False,n/a,2
2025-09-03 15:39:43.726487,652,2,POINT (173.29222390829565 153.5119645024914),0.0151935947288206,173.29222390829565,153.5119645024914,False,n/a,2
2025-09-03 15:39:44.726487,653,2,POINT (173.3064017685697 153.50695994357127),0.0150352030892744,173.3064017685697,153.50695994357127,False,n/a,2
2025-09-03 15:39:45.726487,654,2,POINT (173.32098031812518 153.50349335377587),0.0149850376025826,173.32098031812518,153.50349335377587,False,n/a,2
2025-09-03 15:39:46.726487,655,2,POINT (173.33594139706622 153.50158159509758),0.0150827286763402,173.33594139706622,153.50158159509758,False,n/a,2
2025-09-03 15:39:47.726487,656,2,POINT (173.35130417476122 153.50123225749002),0.0153667490143537,173.35130417476122,153.50123225749002,False,n/a,2
2025-09-03 15:39:48.726487,657,2,POINT (173.36703969517842 153.50246486903768),0.0157837237060014,173.36703969517842,153.50246486903768,False,n/a,2
2025-09-03 15:39:49.726487,658,2,POINT (173.38318384871826 153.5052829814568),0.0163882717552731,173.38318384871826,153.5052829814568,False,n/a,2
2025-09-03 15:39:50.726487,659,2,POINT (173.39971534293778 153.50970425362163),0.0171125085445036,173.39971534293778,153.50970425362163,False,n/a,2
2025-09-03 15:39:51.726487,660,2,POINT (173.41659666694295 153.51575003203172),0.017931272591518,173.41659666694295,153.51575003203172,False,n/a,2
2025-09-03 15:39:52.726487,661,2,POINT (173.43382439239176 153.5234333690867),0.0188634088234256,173.43382439239176,153.5234333690867,False,n/a,2
2025-09-03 15:39:53.726487,662,2,POINT (173.45138327687127 153.53277004113107),0.0198868768042963,173.45138327687127,153.53277004113107,False,n/a,2
2025-09-03 15:39:54.726487,663,2,POINT (173.46913150211444 153.54380331088888),0.0208981468276652,173.46913150211444,153.54380331088888,False,n/a,2
2025-09-03 15:39:55.726487,664,2,POINT (173.48711351697926 153.55653432653526),0.0220325127479202,173.48711351697926,153.55653432653526,False,n/a,2
2025-09-03 15:39:56.726487,665,2,POINT (173.50542008919894 153.5709560858939),0.023304886385318,173.50542008919894,153.5709560858939,False,n/a,2
2025-09-03 15:39:57.726487,666,2,POINT (173.52391097526052 153.58710893027947),0.0245525405831463,173.52391097526052,153.58710893027947,False,n/a,2
2025-09-03 15:39:58.726487,667,2,POINT (173.54252167379562 153.6050158667268),0.0258266620548053,173.54252167379562,153.6050158667268,False,n/a,2
2025-09-03 15:39:59.726487,668,2,POINT (173.56083618441875 153.62269673141867),0.0254565173505103,173.56083618441875,153.62269673141867,False,n/a,2
2025-09-03 15:40:00.726487,669,2,POINT (173.57877781062436 153.6401818633853),0.0250525805215978,173.57877781062436,153.6401818633853,False,n/a,2
2025-09-03 15:40:01.726487,670,2,POINT (173.59649411207363 153.65745455597465),0.0247429433642975,173.59649411207363,153.65745455597465,False,n/a,2
2025-09-03 15:40:02.726487,671,2,POINT (173.61401270375546 153.67450748653636),0.0244479752792976,173.61401270375546,153.67450748653636,False,n/a,2
2025-09-03 15:40:03.726487,672,2,POINT (173.63129368123657 153.69135450498052),0.0241340881982445,173.63129368123657,153.69135450498052,False,n/a,2
2025-09-03 15:40:04.726487,673,2,POINT (173.64843040516342 153.70799232579247),0.0238848150153142,173.64843040516342,153.70799232579247,False,n/a,2
2025-09-03 15:40:05.726487,674,2,POINT (173.66536278602223 153.7244133549621),0.0235871939945729,173.66536278602223,153.7244133549621,False,n/a,2
2025-09-03 15:40:06.726487,675,2,POINT (173.6822513334539 153.74062105123153),0.0234075298293886,173.6822513334539,153.74062105123153,False,n/a,2
2025-09-03 15:40:07.726487,676,2,POINT (173.6989988112879 153.75662690068629),0.0231660361427832,173.6989988112879,153.75662690068629,False,n/a,2
2025-09-03 15:40:08.726487,677,2,POINT (173.71558575111928 153.77243306136293),0.0229120337007754,173.71558575111928,153.77243306136293,False,n/a,2
2025-09-03 15:40:09.726487,678,2,POINT (173.73200393131108 153.7880667058566),0.0226708509095986,173.73200393131108,153.7880667058566,False,n/a,2
2025-09-03 15:40:10.726487,679,2,POINT (173.74827442604237 153.80349272337665),0.022420771961052,173.74827442604237,153.80349272337665,False,n/a,2
2025-09-03 15:40:11.726487,680,2,POINT (173.76426368395698 153.81873621520936),0.0220911840315033,173.76426368395698,153.81873621520936,False,n/a,2
2025-09-03 15:40:12.726487,681,2,POINT (173.78018775614865 153.83378145953327),0.0219074291493017,173.78018775614865,153.83378145953327,False,n/a,2
2025-09-03 15:40:13.726487,682,2,POINT (173.79605931911223 153.84965856310606),0.0224496977433568,173.79605931911223,153.84965856310606,False,n/a,2
2025-09-03 15:40:14.726487,683,2,POINT (173.81177388278832 153.86636684282084),0.022937177737397,173.81177388278832,153.86636684282084,False,n/a,2
2025-09-03 15:40:15.726487,684,2,POINT (173.82737723331044 153.8839256066603),0.0234898858040393,173.82737723331044,153.8839256066603,False,n/a,2
2025-09-03 15:40:16.726487,685,2,POINT (173.84278886688497 153.90229499870824),0.0239781778633434,173.84278886688497,153.90229499870824,False,n/a,2
2025-09-03 15:40:17.726487,686,2,POINT (173.8580491016625 153.92145720527088),0.0244962226846132,173.8580491016625,153.92145720527088,False,n/a,2
2025-09-03 15:40:18.726487,687,2,POINT (173.8731884321869 153.94039536157004),0.0242456819400678,173.8731884321869,153.94039536157004,False,n/a,2
2025-09-03 15:40:19.726487,688,2,POINT (173.8881295670189 153.95911259705863),0.0239493718999702,173.8881295670189,153.95911259705863,False,n/a,2
2025-09-03 15:40:20.726487,689,2,POINT (173.90282955522432 153.97760541075655),0.0236235859196999,173.90282955522432,153.97760541075655,False,n/a,2
2025-09-03 15:40:21.726487,690,2,POINT (173.91736609437606 153.99589880442852),0.0233657703178798,173.91736609437606,153.99589880442852,False,n/a,2
2025-09-03 15:40:22.726487,691,2,POINT (173.9318279817356 154.0139718959369),0.0231469830144249,173.9318279817356,154.0139718959369,False,n/a,2
2025-09-03 15:40:23.726487,692,2,POINT (173.94603604364897 154.03181182065063),0.022806401231346,173.94603604364897,154.03181182065063,False,n/a,2
2025-09-03 15:40:24.726487,693,2,POINT (173.95999753045473 154.04939513658678),0.0224520848283302,173.95999753045473,154.04939513658678,False,n/a,2
2025-09-03 15:40:25.726487,694,2,POINT (173.9738757107728 154.06677157262564),0.0222383546683092,173.9738757107728,154.06677157262564,False,n/a,2
2025-09-03 15:40:26.726487,695,2,POINT (173.98757522490433 154.08393306196274),0.0219589026070832,173.98757522490433,154.08393306196274,False,n/a,2
2025-09-03 15:40:27.726487,696,2,POINT (174.00119826890236 154.10089926984406),0.0217586658057063,174.00119826890236,154.10089926984406,False,n/a,2
2025-09-03 15:40:28.726487,697,2,POINT (174.01480535772674 154.11766362567272),0.0215915838377948,174.01480535772674,154.11766362567272,False,n/a,2
2025-09-03 15:40:29.726487,698,2,POINT (174.0284285478531 154.13319136388037),0.0206567655518602,174.0284285478531,154.13319136388037,False,n/a,2
2025-09-03 15:40:30.726487,699,2,POINT (174.04205846695203 154.14749354367405),0.0197566961178639,174.04205846695203,154.14749354367405,False,n/a,2
2025-09-03 15:40:31.726487,700,2,POINT (174.05581244693022 154.16058879574584),0.0189909871271678,174.05581244693022,154.16058879574584,False,n/a,2
2025-09-03 15:40:32.726487,701,2,POINT (174.06961891903683 154.1724856692844),0.0182251000552372,174.06961891903683,154.1724856692844,False,n/a,2
2025-09-03 15:40:33.726487,702,2,POINT (174.08350168715836 154.18321213112904),0.0175438945055106,174.08350168715836,154.18321213112904,False,n/a,2
2025-09-03 15:40:34.726487,703,2,POINT (174.09738043234208 154.19276866626657),0.0168507249609309,174.09738043234208,154.19276866626657,False,n/a,2
2025-09-03 15:40:35.726487,704,2,POINT (174.1115247705137 154.20120592752752),0.01646965937412,174.1115247705137,154.20120592752752,False,n/a,2
2025-09-03 15:40:36.726487,705,2,POINT (174.1257824156392 154.2085204514518),0.0160244408564931,174.1257824156392,154.2085204514518,False,n/a,2
2025-09-03 15:40:37.726487,706,2,POINT (174.14017856275842 154.21473605553436),0.0156806500499602,174.14017856275842,154.21473605553436,False,n/a,2
2025-09-03 15:40:38.726487,707,2,POINT (174.1546571633703 154.21985905914667),0.0153582239106645,174.1546571633703,154.21985905914667,False,n/a,2
2025-09-03 15:40:39.726487,708,2,POINT (174.16917675893836 154.2239081178368),0.0150736038071905,174.16917675893836,154.2239081178368,False,n/a,2
2025-09-03 15:40:40.726487,709,2,POINT (174.18393366468553 154.22692112341056),0.0150613568385512,174.18393366468553,154.22692112341056,False,n/a,2
2025-09-03 15:40:41.726487,710,2,POINT (174.19891305627743 154.22888972297807),0.0151081950186279,174.19891305627743,154.22888972297807,False,n/a,2
2025-09-03 15:40:42.726487,711,2,POINT (174.2140590319866 154.22981767319553),0.0151743754991426,174.2140590319866,154.22981767319553,False,n/a,2
2025-09-03 15:40:43.726487,712,2,POINT (174.22935813114347 154.22971567581604),0.0152994391556339,174.22935813114347,154.22971567581604,False,n/a,2
2025-09-03 15:40:44.726487,713,2,POINT (174.2447417790041 154.22860232295673),0.0154238833012058,174.2447417790041,154.22860232295673,False,n/a,2
2025-09-03 15:40:45.726487,714,2,POINT (174.26034313862172 154.22651229261996),0.0157407321534584,174.26034313862172,154.22651229261996,False,n/a,2
2025-09-03 15:40:46.726487,715,2,POINT (174.27607353804183 154.22346264275578),0.0160232902429622,174.27607353804183,154.22346264275578,False,n/a,2
2025-09-03 15:40:47.726487,716,2,POINT (174.291646247045 154.2204460484663),0.0158621911098384,174.291646247045,154.2204460484663,False,n/a,2
2025-09-03 15:40:48.726487,717,2,POINT (174.30718838239173 154.21748637119765),0.01582143042428,174.30718838239173,154.21748637119765,False,n/a,2
2025-09-03 15:40:49.726487,718,2,POINT (174.32278658504256 154.21459400375704),0.0158641014667715,174.32278658504256,154.21459400375704,False,n/a,2
2025-09-03 15:40:50.726487,719,2,POINT (174.33842983087877 154.21176502210085),0.0158969895735931,174.33842983087877,154.21176502210085,False,n/a,2
2025-09-03 15:40:51.726487,720,2,POINT (174.3539967072787 154.20897696211767),0.0158145793279645,174.3539967072787,154.20897696211767,False,n/a,2
2025-09-03 15:40:52.726487,721,2,POINT (174.36955597544187 154.2062498881992),0.0157964476364244,174.36955597544187,154.2062498881992,False,n/a,2
2025-09-03 15:40:53.726487,722,2,POINT (174.38504708381535 154.20359455393253),0.0157170365752181,174.38504708381535,154.20359455393253,False,n/a,2
2025-09-03 15:40:54.726487,723,2,POINT (174.4004853552341 154.20097482156524),0.0156589661879549,174.4004853552341,154.20097482156524,False,n/a,2
2025-09-03 15:40:55.726487,724,2,POINT (174.4158936316057 154.19840684567117),0.015620802826237,174.4158936316057,154.19840684567117,False,n/a,2
2025-09-03 15:40:56.726487,725,2,POINT (174.43134076450255 154.19587083841722),0.0156539211549273,174.43134076450255,154.19587083841722,False,n/a,2
2025-09-03 15:40:57.726487,726,2,POINT (174.4467199611554 154.19337138321615),0.0155809809058687,174.4467199611554,154.19337138321615,False,n/a,2
2025-09-03 15:40:58.726487,727,2,POINT (174.46203671291877 154.19091463813334),0.0155125265827979,174.46203671291877,154.19091463813334,False,n/a,2
2025-09-03 15:40:59.726487,728,2,POINT (174.47723280347495 154.188497000142),0.0153872070776151,174.47723280347495,154.188497000142,False,n/a,2
2025-09-03 15:41:00.726487,729,2,POINT (174.49247578503957 154.18614408493514),0.0154235111745102,174.49247578503957,154.18614408493514,False,n/a,2
2025-09-03 15:41:01.726487,730,2,POINT (174.50771571785006 154.1838411623702),0.0154129492443315,174.50771571785006,154.1838411623702,False,n/a,2
2025-09-03 15:41:02.726487,731,2,POINT (174.522910132018 154.18156164691018),0.0153644528909953,174.522910132018,154.18156164691018,False,n/a,2
2025-09-03 15:41:03.726487,732,2,POINT (174.53815169255057 154.17829201977946),0.0155883170689331,174.53815169255057,154.17829201977946,False,n/a,2
2025-09-03 15:41:04.726487,733,2,POINT (174.55335392483315 154.17403808865075),0.0157861900540075,174.55335392483315,154.17403808865075,False,n/a,2
2025-09-03 15:41:05.726487,734,2,POINT (174.56871555774993 154.168842009869),0.0162166272873253,174.56871555774993,154.168842009869,False,n/a,2
2025-09-03 15:41:06.726487,735,2,POINT (174.58413161321485 154.16270074028972),0.0165942748604139,174.58413161321485,154.16270074028972,False,n/a,2
2025-09-03 15:41:07.726487,736,2,POINT (174.59964816316327 154.1556030329597),0.0170628477003187,174.59964816316327,154.1556030329597,False,n/a,2
2025-09-03 15:41:08.726487,737,2,POINT (174.61521234454574 154.14756308415176),0.017518119731893,174.61521234454574,154.14756308415176,False,n/a,2
2025-09-03 15:41:09.726487,738,2,POINT (174.63077906973822 154.13858665249947),0.0179693978314945,174.63077906973822,154.13858665249947,False,n/a,2
2025-09-03 15:41:10.726487,739,2,POINT (174.6464460319527 154.12871044646326),0.0185200742628255,174.6464460319527,154.12871044646326,False,n/a,2
2025-09-03 15:41:11.726487,740,2,POINT (174.66209209898716 154.11790711911914),0.0190134503799266,174.66209209898716,154.11790711911914,False,n/a,2
2025-09-03 15:41:12.726487,741,2,POINT (174.67770509955415 154.10621607944887),0.0195050299993972,174.67770509955415,154.10621607944887,False,n/a,2
2025-09-03 15:41:13.726487,742,2,POINT (174.69322653668164 154.0936098518715),0.0199957991646845,174.69322653668164,154.0936098518715,False,n/a,2
2025-09-03 15:41:14.726487,743,2,POINT (174.70871114108152 154.0801101177508),0.0205430230187914,174.70871114108152,154.0801101177508,False,n/a,2
2025-09-03 15:41:15.726487,744,2,POINT (174.72416302975182 154.06572439107606),0.0211118449084725,174.72416302975182,154.06572439107606,False,n/a,2
2025-09-03 15:41:16.726487,745,2,POINT (174.73969114044323 154.05047961205577),0.0217606412824189,174.73969114044323,154.05047961205577,False,n/a,2
2025-09-03 15:41:17.726487,746,2,POINT (174.75515001112356 154.03436744906838),0.0223288709710833,174.75515001112356,154.03436744906838,False,n/a,2
2025-09-03 15:41:18.726487,747,2,POINT (174.7706208535569 154.0174246160062),0.0229435515509288,174.7706208535569,154.0174246160062,False,n/a,2
2025-09-03 15:41:19.726487,748,2,POINT (174.78595488862416 153.9996425959823),0.0234804784358127,174.78595488862416,153.9996425959823,False,n/a,2
2025-09-03 15:41:20.726487,749,2,POINT (174.8012344749186 153.98101839095264),0.0240899724017232,174.8012344749186,153.98101839095264,False,n/a,2
2025-09-03 15:41:21.726487,750,2,POINT (174.8163708878524 153.96156939941372),0.0246449643615804,174.8163708878524,153.96156939941372,False,n/a,2
2025-09-03 15:41:22.726487,751,2,POINT (174.8313480798468 153.94236747346253),0.0243522122254299,174.8313480798468,153.94236747346253,False,n/a,2
2025-09-03 15:41:23.726487,752,2,POINT (174.84612859042815 153.92339041496533),0.0240539444218909,174.84612859042815,153.92339041496533,False,n/a,2
2025-09-03 15:41:24.726487,753,2,POINT (174.8607868155933 153.90463670426752),0.0238026307354648,174.8607868155933,153.90463670426752,False,n/a,2
2025-09-03 15:41:25.726487,754,2,POINT (174.87542287487904 153.88610245382478),0.0236163644723358,174.87542287487904,153.88610245382478,False,n/a,2
2025-09-03 15:41:26.726487,755,2,POINT (174.8898515998348 153.8677982049791),0.0233073728603991,174.8898515998348,153.8677982049791,False,n/a,2
2025-09-03 15:41:27.726487,756,2,POINT (174.90417562820213 153.84972077784923),0.0230645000011628,174.90417562820213,153.84972077784923,False,n/a,2
2025-09-03 15:41:28.726487,757,2,POINT (174.9184135807329 153.83188159305436),0.0228244563224198,174.9184135807329,153.83188159305436,False,n/a,2
2025-09-03 15:41:29.726487,758,2,POINT (174.93250401817417 153.8142546840631),0.0225665315871312,174.93250401817417,153.8142546840631,False,n/a,2
2025-09-03 15:41:30.726487,759,2,POINT (174.9464417136432 153.7968716440932),0.0222806964339631,174.9464417136432,153.7968716440932,False,n/a,2
2025-09-03 15:41:31.726487,760,2,POINT (174.96027913820103 153.7796945827938),0.0220573287883271,174.96027913820103,153.7796945827938,False,n/a,2
2025-09-03 15:41:32.726487,761,2,POINT (174.97396991485965 153.7627097313342),0.0218156490763121,174.97396991485965,153.7627097313342,False,n/a,2
2025-09-03 15:41:33.726487,762,2,POINT (174.98754437292934 153.7459320686497),0.0215813780153417,174.98754437292934,153.7459320686497,False,n/a,2
2025-09-03 15:41:34.726487,763,2,POINT (175.00110789125975 153.72934995024033),0.0214227841430924,175.00110789125975,153.72934995024033,False,n/a,2
2025-09-03 15:41:35.726487,764,2,POINT (175.0146149467328 153.7129676946153),0.0212324950704386,175.0146149467328,153.7129676946153,False,n/a,2
2025-09-03 15:41:36.726487,765,2,POINT (175.02801790222077 153.69676960061963),0.0210242113979273,175.02801790222077,153.69676960061963,False,n/a,2
2025-09-03 15:41:37.726487,766,2,POINT (175.0414274518703 153.6807492378396),0.0208918176664335,175.0414274518703,153.6807492378396,False,n/a,2
2025-09-03 15:41:38.726487,767,2,POINT (175.0547508379881 153.66492348674362),0.0206873636647067,175.0547508379881,153.66492348674362,False,n/a,2
2025-09-03 15:41:39.726487,768,2,POINT (175.06792314216867 153.6492778297264),0.0204522903589184,175.06792314216867,153.6492778297264,False,n/a,2
2025-09-03 15:41:40.726487,769,2,POINT (175.08109702099964 153.63381274724534),0.0203155078597351,175.08109702099964,153.63381274724534,False,n/a,2
2025-09-03 15:41:41.726487,770,2,POINT (175.09422144064632 153.61852951454023),0.0201451630169888,175.09422144064632,153.61852951454023,False,n/a,2
2025-09-03 15:41:42.726487,771,2,POINT (175.10724718907437 153.60342012528403),0.0199490291945767,175.10724718907437,153.60342012528403,False,n/a,2
2025-09-03 15:41:43.726487,772,2,POINT (175.12025063235035 153.58847228323845),0.0198123072571408,175.12025063235035,153.58847228323845,False,n/a,2
2025-09-03 15:41:44.726487,773,2,POINT (175.13326386942134 153.57367498122204),0.0197054430559314,175.13326386942134,153.57367498122204,False,n/a,2
2025-09-03 15:41:45.726487,774,2,POINT (175.1461455222666 153.55905043913594),0.0194888227262181,175.1461455222666,153.55905043913594,False,n/a,2
2025-09-03 15:41:46.726487,775,2,POINT (175.15898222728282 153.54459149054253),0.0193349990974985,175.15898222728282,153.54459149054253,False,n/a,2
2025-09-03 15:41:47.726487,776,2,POINT (175.17175840946086 153.5303000900436),0.0191696363885047,175.17175840946086,153.5303000900436,False,n/a,2
2025-09-03 15:41:48.726487,777,2,POINT (175.18438835597664 153.51617785412768),0.0189460575386064,175.18438835597664,153.51617785412768,False,n/a,2
2025-09-03 15:41:49.726487,778,2,POINT (175.19693240359686 153.50219526668354),0.0187847247073593,175.19693240359686,153.50219526668354,False,n/a,2
2025-09-03 15:41:50.726487,779,2,POINT (175.20944111662942 153.4883696484798),0.0186444528063146,175.20944111662942,153.4883696484798,False,n/a,2
2025-09-03 15:41:51.726487,780,2,POINT (175.22193736333534 153.47467508723497),0.0185390719676945,175.22193736333534,153.47467508723497,False,n/a,2
2025-09-03 15:41:52.726487,781,2,POINT (175.23443694677377 153.46113750470494),0.0184256811784985,175.23443694677377,153.46113750470494,False,n/a,2
2025-09-03 15:41:53.726487,782,2,POINT (175.24692373085617 153.44774687386035),0.0183092537023312,175.24692373085617,153.44774687386035,False,n/a,2
2025-09-03 15:41:54.726487,783,2,POINT (175.2596244458044 153.43550937006458),0.0176370252408952,175.2596244458044,153.43550937006458,False,n/a,2
2025-09-03 15:41:55.726487,784,2,POINT (175.27258108642383 153.42441812105244),0.0170555076380072,175.27258108642383,153.42441812105244,False,n/a,2
2025-09-03 15:41:56.726487,785,2,POINT (175.28586130705284 153.41442838546718),0.0166180346918275,175.28586130705284,153.41442838546718,False,n/a,2
2025-09-03 15:41:57.726487,786,2,POINT (175.29936250708818 153.4055501669484),0.0161587489138701,175.29936250708818,153.4055501669484,False,n/a,2
2025-09-03 15:41:58.726487,787,2,POINT (175.31307642486726 153.39776739899193),0.0157684183707677,175.31307642486726,153.39776739899193,False,n/a,2
2025-09-03 15:41:59.726487,788,2,POINT (175.32716814053293 153.39103074627104),0.0156191850070349,175.32716814053293,153.39103074627104,False,n/a,2
2025-09-03 15:42:00.726487,789,2,POINT (175.3414922913451 153.38535221096),0.0154086683320949,175.3414922913451,153.38535221096,False,n/a,2
2025-09-03 15:42:01.726487,790,2,POINT (175.35610796600892 153.38070511286165),0.0153366706495992,175.35610796600892,153.38070511286165,False,n/a,2
2025-09-03 15:42:02.726487,791,2,POINT (175.3710930432674 153.37706682807968),0.0154204298447584,175.3710930432674,153.37706682807968,False,n/a,2
2025-09-03 15:42:03.726487,792,2,POINT (175.38639800322127 153.3744069939269),0.0155343656745352,175.38639800322127,153.3744069939269,False,n/a,2
2025-09-03 15:42:04.726487,793,2,POINT (175.40194773766214 153.3727469262652),0.015638096617649,175.40194773766214,153.3727469262652,False,n/a,2
2025-09-03 15:42:05.726487,794,2,POINT (175.4177643382641 153.372058669769),0.0158315681979601,175.4177643382641,153.372058669769,False,n/a,2
2025-09-03 15:42:06.726487,795,2,POINT (175.43383110554936 153.37234165921527),0.0160692592867613,175.43383110554936,153.37234165921527,False,n/a,2
2025-09-03 15:42:07.726487,796,2,POINT (175.450146889338 153.37358507134502),0.0163630948894939,175.450146889338,153.37358507134502,False,n/a,2
2025-09-03 15:42:08.726487,797,2,POINT (175.46679066661306 153.37574605183514),0.0167834787413138,175.46679066661306,153.37574605183514,False,n/a,2
2025-09-03 15:42:09.726487,798,2,POINT (175.4836272250753 153.37883156211157),0.0171169528397602,175.4836272250753,153.37883156211157,False,n/a,2
2025-09-03 15:42:10.726487,799,2,POINT (175.50067694147756 153.38283766811222),0.017514043356282,175.50067694147756,153.38283766811222,False,n/a,2
2025-09-03 15:42:11.726487,800,2,POINT (175.51796719114424 153.38774810721918),0.0179740130677338,175.51796719114424,153.38774810721918,False,n/a,2
2025-09-03 15:42:12.726487,801,2,POINT (175.5354131817237 153.3935892511458),0.0183978680740526,175.5354131817237,153.3935892511458,False,n/a,2
2025-09-03 15:42:13.726487,802,2,POINT (175.55276016847623 153.3993326805451),0.0182730657159063,175.55276016847623,153.3993326805451,False,n/a,2
2025-09-03 15:42:14.726487,803,2,POINT (175.57014453775187 153.40492900331938),0.0182629440043258,175.57014453775187,153.40492900331938,False,n/a,2
2025-09-03 15:42:15.726487,804,2,POINT (175.58738965536827 153.41044251243832),0.0181050507982726,175.58738965536827,153.41044251243832,False,n/a,2
2025-09-03 15:42:16.726487,805,2,POINT (175.6045379958955 153.41585769404574),0.0179830413078295,175.6045379958955,153.41585769404574,False,n/a,2
2025-09-03 15:42:17.726487,806,2,POINT (175.62153819903003 153.42119708432304),0.017818978510245,175.62153819903003,153.42119708432304,False,n/a,2
2025-09-03 15:42:18.726487,807,2,POINT (175.63848824946598 153.42643090393986),0.017739703423753,175.63848824946598,153.42643090393986,False,n/a,2
2025-09-03 15:42:19.726487,808,2,POINT (175.65542145363855 153.43157554882492),0.0176974793273925,175.65542145363855,153.43157554882492,False,n/a,2
2025-09-03 15:42:20.726487,809,2,POINT (175.67236191510187 153.43659157850064),0.0176674782665189,175.67236191510187,153.43659157850064,False,n/a,2
2025-09-03 15:42:21.726487,810,2,POINT (175.68929439363052 153.4415038209042),0.0176306254725759,175.68929439363052,153.4415038209042,False,n/a,2
2025-09-03 15:42:22.726487,811,2,POINT (175.70619144244 153.4463372383012),0.0175747598050088,175.70619144244,153.4463372383012,False,n/a,2
2025-09-03 15:42:23.726487,812,2,POINT (175.72305774190443 153.45109989368058),0.0175258364675243,175.72305774190443,153.45109989368058,False,n/a,2
2025-09-03 15:42:24.726487,813,2,POINT (175.73995043831093 153.45575998052675),0.0175236868636732,175.73995043831093,153.45575998052675,False,n/a,2
2025-09-03 15:42:25.726487,814,2,POINT (175.75684934844506 153.46032367482735),0.0175042985975093,175.75684934844506,153.46032367482735,False,n/a,2
2025-09-03 15:42:26.726487,815,2,POINT (175.77388769544393 153.46582507147116),0.017904486406667,175.77388769544393,153.46582507147116,False,n/a,2
2025-09-03 15:42:27.726487,816,2,POINT (175.79099848007215 153.472265699358),0.0182827962349803,175.79099848007215,153.472265699358,False,n/a,2
2025-09-03 15:42:28.726487,817,2,POINT (175.80831966289725 153.47961457988805),0.0188156695205253,175.80831966289725,153.47961457988805,False,n/a,2
2025-09-03 15:42:29.726487,818,2,POINT (175.82573702008762 153.48785930408926),0.0192701792583982,175.82573702008762,153.48785930408926,False,n/a,2
2025-09-03 15:42:30.726487,819,2,POINT (175.84328541395948 153.4970391230437),0.0198044238370688,175.84328541395948,153.4970391230437,False,n/a,2
2025-09-03 15:42:31.726487,820,2,POINT (175.8609264319592 153.50713047436295),0.0203234073795528,175.8609264319592,153.50713047436295,False,n/a,2
2025-09-03 15:42:32.726487,821,2,POINT (175.87862469750564 153.5181142611354),0.0208295985370549,175.87862469750564,153.5181142611354,False,n/a,2
2025-09-03 15:42:33.726487,822,2,POINT (175.8963364232096 153.52998552428647),0.0213221039349783,175.8963364232096,153.52998552428647,False,n/a,2
2025-09-03 15:42:34.726487,823,2,POINT (175.91405654352252 153.54271682323676),0.0218194554667676,175.91405654352252,153.54271682323676,False,n/a,2
2025-09-03 15:42:35.726487,824,2,POINT (175.93186156929826 153.55629080571236),0.022389103222839,175.93186156929826,153.55629080571236,False,n/a,2
2025-09-03 15:42:36.726487,825,2,POINT (175.9496138116868 153.57073148637818),0.0228839543766578,175.9496138116868,153.57073148637818,False,n/a,2
2025-09-03 15:42:37.726487,826,2,POINT (175.96729384619977 153.58604080372217),0.0233871507011674,175.96729384619977,153.58604080372217,False,n/a,2
2025-09-03 15:42:38.726487,827,2,POINT (175.98495686230083 153.60218766915975),0.0239312223098986,175.98495686230083,153.60218766915975,False,n/a,2
2025-09-03 15:42:39.726487,828,2,POINT (176.00253509510344 153.61917438951687),0.024444691385938,176.00253509510344,153.61917438951687,False,n/a,2
2025-09-03 15:42:40.726487,829,2,POINT (176.02004981771896 153.63699639475007),0.0249877845922894,176.02004981771896,153.63699639475007,False,n/a,2
2025-09-03 15:42:41.726487,830,2,POINT (176.0374323246291 153.65565427836765),0.025500356224318,176.0374323246291,153.65565427836765,False,n/a,2
2025-09-03 15:42:42.726487,831,2,POINT (176.05459660856343 153.67408417576692),0.0251847922589636,176.05459660856343,153.67408417576692,False,n/a,2
2025-09-03 15:42:43.726487,832,2,POINT (176.0716459198381 153.69227392793357),0.024930826276407,176.0716459198381,153.69227392793357,False,n/a,2
2025-09-03 15:42:44.726487,833,2,POINT (176.08850644436197 153.7102604224371),0.0246534231243021,176.08850644436197,153.7102604224371,False,n/a,2
2025-09-03 15:42:45.726487,834,2,POINT (176.10518584547737 153.72803006855054),0.0243713508974174,176.10518584547737,153.72803006855054,False,n/a,2
2025-09-03 15:42:46.726487,835,2,POINT (176.12174394214338 153.74561298282558),0.0241522139690036,176.12174394214338,153.74561298282558,False,n/a,2
2025-09-03 15:42:47.726487,836,2,POINT (176.13806642957462 153.76299162364506),0.0238419955682342,176.13806642957462,153.76299162364506,False,n/a,2
2025-09-03 15:42:48.726487,837,2,POINT (176.15422850628272 153.7801659499258),0.0235832611552186,176.15422850628272,153.7801659499258,False,n/a,2
2025-09-03 15:42:49.726487,838,2,POINT (176.17031876010913 153.79714095983547),0.0233890408018817,176.17031876010913,153.79714095983547,False,n/a,2
2025-09-03 15:42:50.726487,839,2,POINT (176.18632458690763 153.81389194009475),0.023168552633912,176.18632458690763,153.81389194009475,False,n/a,2
2025-09-03 15:42:51.726487,840,2,POINT (176.20231337749516 153.8304285042088),0.0230021602713815,176.20231337749516,153.8304285042088,False,n/a,2
2025-09-03 15:42:52.726487,841,2,POINT (176.218109130923 153.84571698160633),0.0219827970806253,176.218109130923,153.84571698160633,False,n/a,2
2025-09-03 15:42:53.726487,842,2,POINT (176.2337949497196 153.85977291701656),0.0210621516368988,176.2337949497196,153.85977291701656,False,n/a,2
2025-09-03 15:42:54.726487,843,2,POINT (176.2494216497956 153.87261534137298),0.0202267550194302,176.2494216497956,153.87261534137298,False,n/a,2
2025-09-03 15:42:55.726487,844,2,POINT (176.26502492079064 153.88427120417387),0.0194761701414209,176.26502492079064,153.88427120417387,False,n/a,2
2025-09-03 15:42:56.726487,845,2,POINT (176.28061807181086 153.89473195662168),0.0187769459847444,176.28061807181086,153.89473195662168,False,n/a,2
2025-09-03 15:42:57.726487,846,2,POINT (176.29632131024587 153.90403289314722),0.0182510031943111,176.29632131024587,153.90403289314722,False,n/a,2
2025-09-03 15:42:58.726487,847,2,POINT (176.3120427923021 153.91218699277164),0.0177102890639613,176.3120427923021,153.91218699277164,False,n/a,2
2025-09-03 15:42:59.726487,848,2,POINT (176.32774184138435 153.9192141907788),0.0172000480789749,176.32774184138435,153.9192141907788,False,n/a,2
2025-09-03 15:43:00.726487,849,2,POINT (176.34350344064345 153.9251071769987),0.0168272189559576,176.34350344064345,153.9251071769987,False,n/a,2
2025-09-03 15:43:01.726487,850,2,POINT (176.35942971299838 153.92991547792113),0.0166362829046761,176.35942971299838,153.92991547792113,False,n/a,2
2025-09-03 15:43:02.726487,851,2,POINT (176.37541307874764 153.93362159256532),0.0164074149831902,176.37541307874764,153.93362159256532,False,n/a,2
2025-09-03 15:43:03.726487,852,2,POINT (176.3915274179372 153.9362908167931),0.016333912130726,176.3915274179372,153.9362908167931,False,n/a,2
2025-09-03 15:43:04.726487,853,2,POINT (176.40771053804622 153.93790758894605),0.0162636812763126,176.40771053804622,153.93790758894605,False,n/a,2
2025-09-03 15:43:05.726487,854,2,POINT (176.42390230357387 153.9384698290331),0.0162015241510765,176.42390230357387,153.9384698290331,False,n/a,2
2025-09-03 15:43:06.726487,855,2,POINT (176.44012618277682 153.937998390808),0.0162307273525291,176.44012618277682,153.937998390808,False,n/a,2
2025-09-03 15:43:07.726487,856,2,POINT (176.45643043820817 153.93653994422692),0.0163693558700566,176.45643043820817,153.93653994422692,False,n/a,2
2025-09-03 15:43:08.726487,857,2,POINT (176.47284632206384 153.93408159281017),0.0165989377506854,176.47284632206384,153.93408159281017,False,n/a,2
2025-09-03 15:43:09.726487,858,2,POINT (176.48938275635146 153.93063028526018),0.0168927553333756,176.48938275635146,153.93063028526018,False,n/a,2
2025-09-03 15:43:10.726487,859,2,POINT (176.50599203226926 153.92621119194808),0.0171871007506983,176.50599203226926,153.92621119194808,False,n/a,2
2025-09-03 15:43:11.726487,860,2,POINT (176.52245200937736 153.92289372831502),0.0167909621926753,176.52245200937736,153.92289372831502,False,n/a,2
2025-09-03 15:43:12.726487,861,2,POINT (176.53879299975333 153.92064353425786),0.0164951914133257,176.53879299975333,153.92064353425786,False,n/a,2
2025-09-03 15:43:13.726487,862,2,POINT (176.5550275462784 153.919460905791),0.0162775646509465,176.5550275462784,153.919460905791,False,n/a,2
2025-09-03 15:43:14.726487,863,2,POINT (176.57114411182886 153.91934700106486),0.0161169680594245,176.57114411182886,153.91934700106486,False,n/a,2
2025-09-03 15:43:15.726487,864,2,POINT (176.58721463517122 153.9202932361658),0.0160983564802038,176.58721463517122,153.9202932361658,False,n/a,2
2025-09-03 15:43:16.726487,865,2,POINT (176.60323958194914 153.92227920543235),0.0161475383003995,176.60323958194914,153.92227920543235,False,n/a,2
2025-09-03 15:43:17.726487,866,2,POINT (176.61923643027188 153.92529669102487),0.0162789549898559,176.61923643027188,153.92529669102487,False,n/a,2
2025-09-03 15:43:18.726487,867,2,POINT (176.63511431480404 153.92935371809406),0.0163880043280674,176.63511431480404,153.92935371809406,False,n/a,2
2025-09-03 15:43:19.726487,868,2,POINT (176.650962280304 153.93441978993525),0.0166380015142281,176.650962280304,153.93441978993525,False,n/a,2
2025-09-03 15:43:20.726487,869,2,POINT (176.66679869720753 153.94048505402736),0.0169581699734908,176.66679869720753,153.94048505402736,False,n/a,2
2025-09-03 15:43:21.726487,870,2,POINT (176.6826021030686 153.94754629628434),0.0173092108145267,176.6826021030686,153.94754629628434,False,n/a,2
2025-09-03 15:43:22.726487,871,2,POINT (176.6983068864749 153.95559693584497),0.0176480315948847,176.6983068864749,153.95559693584497,False,n/a,2
2025-09-03 15:43:23.726487,872,2,POINT (176.71392716278956 153.96459647623485),0.0180273336734825,176.71392716278956,153.96459647623485,False,n/a,2
2025-09-03 15:43:24.726487,873,2,POINT (176.72941076006967 153.97455478405843),0.018409499706466,176.72941076006967,153.97455478405843,False,n/a,2
2025-09-03 15:43:25.726487,874,2,POINT (176.74473084235856 153.9854578450872),0.0188037672059427,176.74473084235856,153.9854578450872,False,n/a,2
2025-09-03 15:43:26.726487,875,2,POINT (176.7599882563975 153.99727821721913),0.0193005150317907,176.7599882563975,153.99727821721913,False,n/a,2
2025-09-03 15:43:27.726487,876,2,POINT (176.7752900848626 154.00793825831866),0.0186489257229292,176.7752900848626,154.00793825831866,False,n/a,2
2025-09-03 15:43:28.726487,877,2,POINT (176.7906200415755 154.01743349484485),0.0180323900109608,176.7906200415755,154.01743349484485,False,n/a,2
2025-09-03 15:43:29.726487,878,2,POINT (176.80602726508317 154.02579437939076),0.0175296014388691,176.80602726508317,154.02579437939076,False,n/a,2
2025-09-03 15:43:30.726487,879,2,POINT (176.82148540651647 154.0330304760304),0.0170679591969914,176.82148540651647,154.0330304760304,False,n/a,2
2025-09-03 15:43:31.726487,880,2,POINT (176.83698595780635 154.03915126595425),0.016665268062106,176.83698595780635,154.03915126595425,False,n/a,2
2025-09-03 15:43:32.726487,881,2,POINT (176.852557982584 154.04414954321075),0.0163545324362491,176.852557982584,154.04414954321075,False,n/a,2
2025-09-03 15:43:33.726487,882,2,POINT (176.86829113265506 154.04805951898032),0.016211721736987,176.86829113265506,154.04805951898032,False,n/a,2
2025-09-03 15:43:34.726487,883,2,POINT (176.88410972657064 154.0509194836329),0.0160750524503055,176.88410972657064,154.0509194836329,False,n/a,2
2025-09-03 15:43:35.726487,884,2,POINT (176.9000163929532 154.0527144101937),0.0160076168358935,176.9000163929532,154.0527144101937,False,n/a,2
2025-09-03 15:43:36.726487,885,2,POINT (176.91597322764795 154.05344658808318),0.0159736238198278,176.91597322764795,154.05344658808318,False,n/a,2
2025-09-03 15:43:37.726487,886,2,POINT (176.93198313950748 154.05316492507123),0.016012389322088,176.93198313950748,154.05316492507123,False,n/a,2
2025-09-03 15:43:38.726487,887,2,POINT (176.94812076571247 154.05184707289462),0.0161913468831816,176.94812076571247,154.05184707289462,False,n/a,2
2025-09-03 15:43:39.726487,888,2,POINT (176.96439469000725 154.04953865652183),0.0164368305369807,176.96439469000725,154.04953865652183,False,n/a,2
2025-09-03 15:43:40.726487,889,2,POINT (176.9807485454139 154.04623681904894),0.0166838460002311,176.9807485454139,154.04623681904894,False,n/a,2
2025-09-03 15:43:41.726487,890,2,POINT (176.99713265641697 154.04194390013993),0.0169371853069082,176.99713265641697,154.04194390013993,False,n/a,2
2025-09-03 15:43:42.726487,891,2,POINT (177.01365332208468 154.0367124017206),0.0173291941479067,177.01365332208468,154.0367124017206,False,n/a,2
2025-09-03 15:43:43.726487,892,2,POINT (177.0303056388743 154.03053300853958),0.0177618848816035,177.0303056388743,154.03053300853958,False,n/a,2
2025-09-03 15:43:44.726487,893,2,POINT (177.0469873769835 154.02342037405086),0.0181347720061352,177.0469873769835,154.02342037405086,False,n/a,2
2025-09-03 15:43:45.726487,894,2,POINT (177.06363587804356 154.0153483488202),0.0185021668696074,177.06363587804356,154.0153483488202,False,n/a,2
2025-09-03 15:43:46.726487,895,2,POINT (177.08027721840477 154.0063267681581),0.0189294248898592,177.08027721840477,154.0063267681581,False,n/a,2
2025-09-03 15:43:47.726487,896,2,POINT (177.0969808299811 153.99639668744598),0.019432373572006,177.0969808299811,153.99639668744598,False,n/a,2
2025-09-03 15:43:48.726487,897,2,POINT (177.11369209119036 153.98555262213364),0.019921345429016,177.11369209119036,153.98555262213364,False,n/a,2
2025-09-03 15:43:49.726487,898,2,POINT (177.13034483924977 153.97381201298853),0.0203753753592049,177.13034483924977,153.97381201298853,False,n/a,2
2025-09-03 15:43:50.726487,899,2,POINT (177.14695416302052 153.96119798821147),0.0208562522327971,177.14695416302052,153.96119798821147,False,n/a,2
2025-09-03 15:43:51.726487,900,2,POINT (177.16356490570186 153.94770320276865),0.0214015421540886,177.16356490570186,153.94770320276865,False,n/a,2
2025-09-03 15:43:52.726487,901,2,POINT (177.18013875209743 153.93331866054586),0.0219455562541294,177.18013875209743,153.93331866054586,False,n/a,2
2025-09-03 15:43:53.726487,902,2,POINT (177.19654846749697 153.91805480647733),0.0224112471879461,177.19654846749697,153.91805480647733,False,n/a,2
2025-09-03 15:43:54.726487,903,2,POINT (177.21274032205582 153.90194843480563),0.0228383747775962,177.21274032205582,153.90194843480563,False,n/a,2
2025-09-03 15:43:55.726487,904,2,POINT (177.22884806745506 153.88501284937897),0.023372494851654,177.22884806745506,153.88501284937897,False,n/a,2
2025-09-03 15:43:56.726487,905,2,POINT (177.24486793160375 153.8672371334157),0.0239293151876355,177.24486793160375,153.8672371334157,False,n/a,2
2025-09-03 15:43:57.726487,906,2,POINT (177.26072509859532 153.8486209393318),0.0244542926123001,177.26072509859532,153.8486209393318,False,n/a,2
2025-09-03 15:43:58.726487,907,2,POINT (177.27631230068272 153.8291883026417),0.0249116084916716,177.27631230068272,153.8291883026417,False,n/a,2
2025-09-03 15:43:59.726487,908,2,POINT (177.2916948773441 153.80891919372854),0.0254452439736222,177.2916948773441,153.80891919372854,False,n/a,2
2025-09-03 15:44:00.726487,909,2,POINT (177.30693746768387 153.78783072834293),0.0260203753352314,177.30693746768387,153.78783072834293,False,n/a,2
2025-09-03 15:44:01.726487,910,2,POINT (177.32201046911385 153.76595296395226),0.0265674979409382,177.32201046911385,153.76595296395226,False,n/a,2
2025-09-03 15:44:02.726487,911,2,POINT (177.33682978550976 153.7433019394691),0.0270680817306892,177.33682978550976,153.7433019394691,False,n/a,2
2025-09-03 15:44:03.726487,912,2,POINT (177.35138215086258 153.7199036318272),0.0275545302603036,177.35138215086258,153.7199036318272,False,n/a,2
2025-09-03 15:44:04.726487,913,2,POINT (177.365679816288 153.69573649495953),0.0280797745895243,177.365679816288,153.69573649495953,False,n/a,2
2025-09-03 15:44:05.726487,914,2,POINT (177.37981191402764 153.67184481755794),0.0277583939662285,177.37981191402764,153.67184481755794,False,n/a,2
2025-09-03 15:44:06.726487,915,2,POINT (177.39373805297703 153.64827256879633),0.027378609492026,177.39373805297703,153.64827256879633,False,n/a,2
2025-09-03 15:44:07.726487,916,2,POINT (177.40733252801294 153.6239380321747),0.0278743506487945,177.40733252801294,153.6239380321747,False,n/a,2
2025-09-03 15:44:08.726487,917,2,POINT (177.42059707718445 153.59887497870417),0.0283567437127298,177.42059707718445,153.59887497870417,False,n/a,2
2025-09-03 15:44:09.726487,918,2,POINT (177.43353771768795 153.5730889415111),0.02885099462348,177.43353771768795,153.5730889415111,False,n/a,2
2025-09-03 15:44:10.726487,919,2,POINT (177.4459740573949 153.5465976467141),0.0292651882844963,177.4459740573949,153.5465976467141,False,n/a,2
2025-09-03 15:44:11.726487,920,2,POINT (177.45793995769 153.51940086027662),0.0297127575697496,177.45793995769,153.51940086027662,False,n/a,2
2025-09-03 15:44:12.726487,921,2,POINT (177.4694733066457 153.49151676773502),0.030175167853759,177.4694733066457,153.49151676773502,False,n/a,2
2025-09-03 15:44:13.726487,922,2,POINT (177.48058210413592 153.46292570695314),0.0306733457306421,177.48058210413592,153.46292570695314,False,n/a,2
2025-09-03 15:44:14.726487,923,2,POINT (177.49124321836027 153.43367545631895),0.0311325636378958,177.49124321836027,153.43367545631895,False,n/a,2
2025-09-03 15:44:15.726487,924,2,POINT (177.50145094787948 153.4037716868475),0.0315979931409733,177.50145094787948,153.4037716868475,False,n/a,2
2025-09-03 15:44:16.726487,925,2,POINT (177.51104821227105 153.37323787230488),0.0320065823593635,177.51104821227105,153.37323787230488,False,n/a,2
2025-09-03 15:44:17.726487,926,2,POINT (177.52006585990546 153.34211284094224),0.0324050234714344,177.52006585990546,153.34211284094224,False,n/a,2
2025-09-03 15:44:18.726487,927,2,POINT (177.52845781499775 153.31041632418732),0.0327886273678234,177.52845781499775,153.31041632418732,False,n/a,2
2025-09-03 15:44:19.726487,928,2,POINT (177.53635395619207 153.2781141912558),0.0332532229668843,177.53635395619207,153.2781141912558,False,n/a,2
2025-09-03 15:44:20.726487,929,2,POINT (177.54368664076614 153.24523422066196),0.0336876940338075,177.54368664076614,153.24523422066196,False,n/a,2
2025-09-03 15:44:21.726487,930,2,POINT (177.55038552703994 153.211815700985),0.0340833175425807,177.55038552703994,153.211815700985,False,n/a,2
2025-09-03 15:44:22.726487,931,2,POINT (177.55683938044325 153.17884114985316),0.033600197113976,177.55683938044325,153.17884114985316,False,n/a,2
2025-09-03 15:44:23.726487,932,2,POINT (177.56322713276668 153.14731999499438),0.0321618809054555,177.56322713276668,153.14731999499438,False,n/a,2
2025-09-03 15:44:24.726487,933,2,POINT (177.56980696453837 153.1171706040892),0.0308590336546077,177.56980696453837,153.1171706040892,False,n/a,2
2025-09-03 15:44:25.726487,934,2,POINT (177.57646689816275 153.08845985688924),0.0294730677171798,177.57646689816275,153.08845985688924,False,n/a,2
2025-09-03 15:44:26.726487,935,2,POINT (177.5833051033311 153.06110491078638),0.0281967041729147,177.5833051033311,153.06110491078638,False,n/a,2
2025-09-03 15:44:27.726487,936,2,POINT (177.5903548023271 153.03509366431004),0.0269496419120458,177.5903548023271,153.03509366431004,False,n/a,2
2025-09-03 15:44:28.726487,937,2,POINT (177.59767702163992 153.01037376336654),0.0257815515111314,177.59767702163992,153.01037376336654,False,n/a,2
2025-09-03 15:44:29.726487,938,2,POINT (177.60530147366046 152.98690817396562),0.0246731869556083,177.60530147366046,152.98690817396562,False,n/a,2
2025-09-03 15:44:30.726487,939,2,POINT (177.61317458245665 152.964727965015),0.0235360895479737,177.61317458245665,152.964727965015,False,n/a,2
2025-09-03 15:44:31.726487,940,2,POINT (177.6213371806256 152.94376381787654),0.0224971881378552,177.6213371806256,152.94376381787654,False,n/a,2
2025-09-03 15:44:32.726487,941,2,POINT (177.62984352726582 152.92401199840396),0.0215056342766558,177.62984352726582,152.92401199840396,False,n/a,2
2025-09-03 15:44:33.726487,942,2,POINT (177.638864666703 152.90534927054776),0.0207286846611037,177.638864666703,152.90534927054776,False,n/a,2
2025-09-03 15:44:34.726487,943,2,POINT (177.64835010557354 152.8878087081919),0.0199410350364932,177.64835010557354,152.8878087081919,False,n/a,2
2025-09-03 15:44:35.726487,944,2,POINT (177.658272952629 152.87136550439138),0.0192052556585837,177.658272952629,152.87136550439138,False,n/a,2
2025-09-03 15:44:36.726487,945,2,POINT (177.66870610976352 152.85599709931802),0.0185752158074233,177.66870610976352,152.85599709931802,False,n/a,2
2025-09-03 15:44:37.726487,946,2,POINT (177.67978613904236 152.84200887582872),0.0178448156394631,177.67978613904236,152.84200887582872,False,n/a,2
2025-09-03 15:44:38.726487,947,2,POINT (177.69148353459022 152.82942914558265),0.0171778542218456,177.69148353459022,152.82942914558265,False,n/a,2
2025-09-03 15:44:39.726487,948,2,POINT (177.70382093347948 152.8182614862281),0.0166411546117465,177.70382093347948,152.8182614862281,False,n/a,2
2025-09-03 15:44:40.726487,949,2,POINT (177.7169101216771 152.80846582557547),0.016348755772055,177.7169101216771,152.80846582557547,False,n/a,2
2025-09-03 15:44:41.726487,950,2,POINT (177.7306331906899 152.80011382124408),0.01606482491288,177.7306331906899,152.80011382124408,False,n/a,2
2025-09-03 15:44:42.726487,951,2,POINT (177.74504459870323 152.79319319035545),0.0159869888604246,177.74504459870323,152.79319319035545,False,n/a,2
2025-09-03 15:44:43.726487,952,2,POINT (177.76023191254072 152.78767526410553),0.0161586512957578,177.76023191254072,152.78767526410553,False,n/a,2
2025-09-03 15:44:44.726487,953,2,POINT (177.7761260954551 152.78360819717938),0.0164062818425759,177.7761260954551,152.78360819717938,False,n/a,2
2025-09-03 15:44:45.726487,954,2,POINT (177.79273460138378 152.78100265593207),0.0168116422271643,177.79273460138378,152.78100265593207,False,n/a,2
2025-09-03 15:44:46.726487,955,2,POINT (177.8100696841629 152.77986703249277),0.0173722403723477,177.8100696841629,152.77986703249277,False,n/a,2
2025-09-03 15:44:47.726487,956,2,POINT (177.82816252612844 152.7802007980924),0.0180959202547295,177.82816252612844,152.7802007980924,False,n/a,2
2025-09-03 15:44:48.726487,957,2,POINT (177.84685930601674 152.78209184007324),0.018792169059607,177.84685930601674,152.78209184007324,False,n/a,2
2025-09-03 15:44:49.726487,958,2,POINT (177.86622104882412 152.78552475751954),0.0196637231147138,177.86622104882412,152.78552475751954,False,n/a,2
2025-09-03 15:44:50.726487,959,2,POINT (177.88608918972977 152.79058673289865),0.0205028441389419,177.88608918972977,152.79058673289865,False,n/a,2
2025-09-03 15:44:51.726487,960,2,POINT (177.90626969784748 152.79647955413225),0.0210232787637872,177.90626969784748,152.79647955413225,False,n/a,2
2025-09-03 15:44:52.726487,961,2,POINT (177.9268652755878 152.80315400635538),0.0216500839475657,177.9268652755878,152.80315400635538,False,n/a,2
2025-09-03 15:44:53.726487,962,2,POINT (177.94770703968433 152.81068768377136),0.0221615754418195,177.94770703968433,152.81068768377136,False,n/a,2
2025-09-03 15:44:54.726487,963,2,POINT (177.96882326586348 152.8190519224177),0.022712452447544,177.96882326586348,152.8190519224177,False,n/a,2
2025-09-03 15:44:55.726487,964,2,POINT (177.99005976820217 152.82826596534505),0.0231492466108023,177.99005976820217,152.82826596534505,False,n/a,2
2025-09-03 15:44:56.726487,965,2,POINT (178.011554052982 152.8382949384708),0.0237188654904493,178.011554052982,152.8382949384708,False,n/a,2
2025-09-03 15:44:57.726487,966,2,POINT (178.03325481377348 152.84913536387634),0.0242577377737921,178.03325481377348,152.84913536387634,False,n/a,2
2025-09-03 15:44:58.726487,967,2,POINT (178.05512315944398 152.86078746860156),0.0247789444265038,178.05512315944398,152.86078746860156,False,n/a,2
2025-09-03 15:44:59.726487,968,2,POINT (178.07705293791955 152.87329374604187),0.0252452403316232,178.07705293791955,152.87329374604187,False,n/a,2
2025-09-03 15:45:00.726487,969,2,POINT (178.0991070480042 152.88663834420214),0.0257771618237112,178.0991070480042,152.88663834420214,False,n/a,2
2025-09-03 15:45:01.726487,970,2,POINT (178.12121054274908 152.9008276192822),0.0262659476744006,178.12121054274908,152.9008276192822,False,n/a,2
2025-09-03 15:45:02.726487,971,2,POINT (178.14343097550994 152.9158346784483),0.0268134193435788,178.14343097550994,152.9158346784483,False,n/a,2
2025-09-03 15:45:03.726487,972,2,POINT (178.16581338242284 152.93163681430454),0.0273985334796107,178.16581338242284,152.93163681430454,False,n/a,2
2025-09-03 15:45:04.726487,973,2,POINT (178.18825176164052 152.94823465249868),0.0279100178186111,178.18825176164052,152.94823465249868,False,n/a,2
2025-09-03 15:45:05.726487,974,2,POINT (178.21070239307363 152.96561743759543),0.028393521610839,178.21070239307363,152.96561743759543,False,n/a,2
2025-09-03 15:45:06.726487,975,2,POINT (178.23310386843724 152.98383273854267),0.0288725351686535,178.23310386843724,152.98383273854267,False,n/a,2
2025-09-03 15:45:07.726487,976,2,POINT (178.25548833780334 153.00282733732024),0.0293574394578738,178.25548833780334,153.00282733732024,False,n/a,2
2025-09-03 15:45:08.726487,977,2,POINT (178.2777940340463 153.02261070772815),0.0298148592077836,178.2777940340463,153.02261070772815,False,n/a,2
2025-09-03 15:45:09.726487,978,2,POINT (178.30002760542075 153.04317407676953),0.030285043212691,178.30002760542075,153.04317407676953,False,n/a,2
2025-09-03 15:45:10.726487,979,2,POINT (178.32206917150597 153.0645630413978),0.0307134895991753,178.32206917150597,153.0645630413978,False,n/a,2
2025-09-03 15:45:11.726487,980,2,POINT (178.343891309645 153.0867492503065),0.0311196654657213,178.343891309645,153.0867492503065,False,n/a,2
2025-09-03 15:45:12.726487,981,2,POINT (178.36552353387626 153.10974297461183),0.0315699933896371,178.36552353387626,153.10974297461183,False,n/a,2
2025-09-03 15:45:13.726487,982,2,POINT (178.38682393432188 153.1335516620843),0.0319462150857595,178.38682393432188,153.1335516620843,False,n/a,2
2025-09-03 15:45:14.726487,983,2,POINT (178.40761353177737 153.15713572326882),0.0314390728921289,178.40761353177737,153.15713572326882,False,n/a,2
2025-09-03 15:45:15.726487,984,2,POINT (178.42796648465563 153.180457933694),0.0309542919476459,178.42796648465563,153.180457933694,False,n/a,2
2025-09-03 15:45:16.726487,985,2,POINT (178.44802003706624 153.20353778926415),0.0305749030648677,178.44802003706624,153.20353778926415,False,n/a,2
2025-09-03 15:45:17.726487,986,2,POINT (178.46774240688993 153.2263563831764),0.0301605719374409,178.46774240688993,153.2263563831764,False,n/a,2
2025-09-03 15:45:18.726487,987,2,POINT (178.4871996729474 153.2499409525836),0.0305747790924768,178.4871996729474,153.2499409525836,False,n/a,2
2025-09-03 15:45:19.726487,988,2,POINT (178.50642333503694 153.2743001301646),0.0310309316095303,178.50642333503694,153.2743001301646,False,n/a,2
2025-09-03 15:45:20.726487,989,2,POINT (178.52540682861735 153.299425993074),0.0314909830818332,178.52540682861735,153.299425993074,False,n/a,2
2025-09-03 15:45:21.726487,990,2,POINT (178.54417502027167 153.32530533307838),0.0319685041413379,178.54417502027167,153.32530533307838,False,n/a,2
2025-09-03 15:45:22.726487,991,2,POINT (178.5626309675219 153.35192277012777),0.0323899667178258,178.5626309675219,153.35192277012777,False,n/a,2
2025-09-03 15:45:23.726487,992,2,POINT (178.58068797128237 153.3793037637993),0.032798996924389,178.58068797128237,153.3793037637993,False,n/a,2
2025-09-03 15:45:24.726487,993,2,POINT (178.59834197342144 153.40744497963),0.0332203524959547,178.59834197342144,153.40744497963,False,n/a,2
2025-09-03 15:45:25.726487,994,2,POINT (178.6157183274691 153.4363079097285),0.0336898562457764,178.6157183274691,153.4363079097285,False,n/a,2
2025-09-03 15:45:26.726487,995,2,POINT (178.63266810274746 153.46588518773018),0.0340897382796607,178.63266810274746,153.46588518773018,False,n/a,2
2025-09-03 15:45:27.726487,996,2,POINT (178.64919140834016 153.49615988850277),0.034490246948664,178.64919140834016,153.49615988850277,False,n/a,2
2025-09-03 15:45:28.726487,997,2,POINT (178.66538662519957 153.52711126203607),0.0349324000423856,178.66538662519957,153.52711126203607,False,n/a,2
2025-09-03 15:45:29.726487,998,2,POINT (178.68108970167452 153.5587336189394),0.0353066575435907,178.68108970167452,153.5587336189394,False,n/a,2
2025-09-03 15:45:30.726487,999,2,POINT (178.69625308308045 153.59103816565982),0.0356862981334968,178.69625308308045,153.59103816565982,False,n/a,2
2025-09-03 15:45:31.726487,1000,2,POINT (178.71083987920244 153.62295508825704),0.0350922294700884,178.71083987920244,153.62295508825704,False,n/a,2
2025-09-03 15:45:32.726487,1001,2,POINT (178.7249817442066 153.65447557505573),0.0345475532248168,178.7249817442066,153.65447557505573,False,n/a,2
2025-09-03 15:45:33.726487,1002,2,POINT (178.73876593805832 153.68558583858604),0.0340272316985592,178.73876593805832,153.68558583858604,False,n/a,2
2025-09-03 15:45:34.726487,1003,2,POINT (178.75220301120896 153.7153016413155),0.0326126335445705,178.75220301120896,153.7153016413155,False,n/a,2
2025-09-03 15:45:35.726487,1004,2,POINT (178.76550435971347 153.74362622782826),0.031292300541138,178.76550435971347,153.74362622782826,False,n/a,2
2025-09-03 15:45:36.726487,1005,2,POINT (178.77863539154188 153.7705569701997),0.0299614565993577,178.77863539154188,153.7705569701997,False,n/a,2
2025-09-03 15:45:37.726487,1006,2,POINT (178.79160737356955 153.79612149398142),0.0286673541491437,178.79160737356955,153.79612149398142,False,n/a,2
2025-09-03 15:45:38.726487,1007,2,POINT (178.8044516428124 153.82032535303674),0.0274007672438728,178.8044516428124,153.82032535303674,False,n/a,2
2025-09-03 15:45:39.726487,1008,2,POINT (178.81728257294185 153.84321018448077),0.0262363922483309,178.81728257294185,153.84321018448077,False,n/a,2
2025-09-03 15:45:40.726487,1009,2,POINT (178.83017440961655 153.86481171531048),0.0251560248655236,178.83017440961655,153.86481171531048,False,n/a,2
2025-09-03 15:45:41.726487,1010,2,POINT (178.8431349339201 153.88511525042594),0.0240875222554599,178.8431349339201,153.88511525042594,False,n/a,2
2025-09-03 15:45:42.726487,1011,2,POINT (178.85632038988317 153.90417233860433),0.0231738831185539,178.85632038988317,153.90417233860433,False,n/a,2
2025-09-03 15:45:43.726487,1012,2,POINT (178.86955865604153 153.92196643543687),0.0221784033006391,178.86955865604153,153.92196643543687,False,n/a,2
2025-09-03 15:45:44.726487,1013,2,POINT (178.8829726978423 153.93852823024838),0.0213126620770606,178.8829726978423,153.93852823024838,False,n/a,2
2025-09-03 15:45:45.726487,1014,2,POINT (178.89649047374013 153.95387996300315),0.0204549740600653,178.89649047374013,153.95387996300315,False,n/a,2
2025-09-03 15:45:46.726487,1015,2,POINT (178.91026525152623 153.9680876356879),0.0197889480815543,178.91026525152623,153.9680876356879,False,n/a,2
2025-09-03 15:45:47.726487,1016,2,POINT (178.9243401182968 153.9811590144913),0.019208404890333,178.9243401182968,153.9811590144913,False,n/a,2
2025-09-03 15:45:48.726487,1017,2,POINT (178.9386028969035 153.99307207514434),0.0185835375455231,178.9386028969035,153.99307207514434,False,n/a,2
2025-09-03 15:45:49.726487,1018,2,POINT (178.9530191168352 154.00384420980953),0.0179962852379211,178.9530191168352,154.00384420980953,False,n/a,2
2025-09-03 15:45:50.726487,1019,2,POINT (178.96768241686723 154.01352725153282),0.0175719567733432,178.96768241686723,154.01352725153282,False,n/a,2
2025-09-03 15:45:51.726487,1020,2,POINT (178.98256346196243 154.0221078657474),0.0171776728174805,178.98256346196243,154.0221078657474,False,n/a,2
2025-09-03 15:45:52.726487,1021,2,POINT (178.99774593323872 154.02962493982477),0.0169414827196517,178.99774593323872,154.02962493982477,False,n/a,2
2025-09-03 15:45:53.726487,1022,2,POINT (179.0132508777909 154.0361031275229),0.0168038751905211,179.0132508777909,154.0361031275229,False,n/a,2
2025-09-03 15:45:54.726487,1023,2,POINT (179.02900452012736 154.04154429291737),0.0166668391638836,179.02900452012736,154.04154429291737,False,n/a,2
2025-09-03 15:45:55.726487,1024,2,POINT (179.045031567497 154.0459730324935),0.0166276872000308,179.045031567497,154.0459730324935,False,n/a,2
2025-09-03 15:45:56.726487,1025,2,POINT (179.06133766704625 154.04939891570896),0.0166620994570243,179.06133766704625,154.04939891570896,False,n/a,2
2025-09-03 15:45:57.726487,1026,2,POINT (179.07789614868597 154.05181489670065),0.0167338064517648,179.07789614868597,154.05181489670065,False,n/a,2
2025-09-03 15:45:58.726487,1027,2,POINT (179.0946770644184 154.05322693636404),0.0168402193818776,179.0946770644184,154.05322693636404,False,n/a,2
2025-09-03 15:45:59.726487,1028,2,POINT (179.11176439373247 154.0536683445149),0.0170930296976126,179.11176439373247,154.0536683445149,False,n/a,2
2025-09-03 15:46:00.726487,1029,2,POINT (179.1290311482323 154.05310819985837),0.0172758378376597,179.1290311482323,154.05310819985837,False,n/a,2
2025-09-03 15:46:01.726487,1030,2,POINT (179.1465695830138 154.05160936841926),0.0176023632012515,179.1465695830138,154.05160936841926,False,n/a,2
2025-09-03 15:46:02.726487,1031,2,POINT (179.1643475727655 154.04917777404907),0.0179435105481745,179.1643475727655,154.04917777404907,False,n/a,2
2025-09-03 15:46:03.726487,1032,2,POINT (179.18241201494516 154.04583481931817),0.0183711572198089,179.18241201494516,154.04583481931817,False,n/a,2
2025-09-03 15:46:04.726487,1033,2,POINT (179.2006095936996 154.0415394586475),0.0186976467988621,179.2006095936996,154.0415394586475,False,n/a,2
2025-09-03 15:46:05.726487,1034,2,POINT (179.21898386018844 154.03631291898492),0.0191031512020311,179.21898386018844,154.03631291898492,False,n/a,2
2025-09-03 15:46:06.726487,1035,2,POINT (179.2375939565359 154.0301682987405),0.0195982663521393,179.2375939565359,154.0301682987405,False,n/a,2
2025-09-03 15:46:07.726487,1036,2,POINT (179.2562748248725 154.02309267462215),0.0199759680234432,179.2562748248725,154.02309267462215,False,n/a,2
2025-09-03 15:46:08.726487,1037,2,POINT (179.27510496108343 154.0151060168641),0.0204538683839142,179.27510496108343,154.0151060168641,False,n/a,2
2025-09-03 15:46:09.726487,1038,2,POINT (179.29409596471203 154.00624128497034),0.0209580936721312,179.29409596471203,154.00624128497034,False,n/a,2
2025-09-03 15:46:10.726487,1039,2,POINT (179.31318914584847 153.9964640692994),0.0214509559736844,179.31318914584847,153.9964640692994,False,n/a,2
2025-09-03 15:46:11.726487,1040,2,POINT (179.33255583890593 153.98585545807336),0.0220819254624097,179.33255583890593,153.98585545807336,False,n/a,2
2025-09-03 15:46:12.726487,1041,2,POINT (179.35197866373974 153.97434956448782),0.0225750240692356,179.35197866373974,153.97434956448782,False,n/a,2
2025-09-03 15:46:13.726487,1042,2,POINT (179.37139111665087 153.96194887530729),0.023035199590605,179.37139111665087,153.96194887530729,False,n/a,2
2025-09-03 15:46:14.726487,1043,2,POINT (179.39082084730256 153.94867906494528),0.0235287547533002,179.39082084730256,153.94867906494528,False,n/a,2
2025-09-03 15:46:15.726487,1044,2,POINT (179.41035379289514 153.93454783127032),0.0241086650127857,179.41035379289514,153.93454783127032,False,n/a,2
2025-09-03 15:46:16.726487,1045,2,POINT (179.42985655914717 153.9195544164402),0.0246000077184808,179.42985655914717,153.9195544164402,False,n/a,2
2025-09-03 15:46:17.726487,1046,2,POINT (179.44945577616187 153.9037145532441),0.0251998129687642,179.44945577616187,153.9037145532441,False,n/a,2
2025-09-03 15:46:18.726487,1047,2,POINT (179.46896802894577 153.88700227606742),0.0256910143266647,179.46896802894577,153.88700227606742,False,n/a,2
2025-09-03 15:46:19.726487,1048,2,POINT (179.48844768606128 153.86945769036592),0.0262158259220489,179.48844768606128,153.86945769036592,False,n/a,2
2025-09-03 15:46:20.726487,1049,2,POINT (179.5078077354222 153.85105607433312),0.0267101288629665,179.5078077354222,153.85105607433312,False,n/a,2
2025-09-03 15:46:21.726487,1050,2,POINT (179.52700245213984 153.83181173343448),0.0271805409529178,179.52700245213984,153.83181173343448,False,n/a,2
2025-09-03 15:46:22.726487,1051,2,POINT (179.54597876157573 153.8117537528827),0.0276120065120522,179.54597876157573,153.8117537528827,False,n/a,2
2025-09-03 15:46:23.726487,1052,2,POINT (179.5648579608991 153.7908691109202),0.0281530182572691,179.5648579608991,153.7908691109202,False,n/a,2
2025-09-03 15:46:24.726487,1053,2,POINT (179.5835048162079 153.7691871706588),0.0285974080364965,179.5835048162079,153.7691871706588,False,n/a,2
2025-09-03 15:46:25.726487,1054,2,POINT (179.6018840467911 153.74671107967308),0.0290339591311457,179.6018840467911,153.74671107967308,False,n/a,2
2025-09-03 15:46:26.726487,1055,2,POINT (179.62008555679347 153.7234544856284),0.0295324251108086,179.62008555679347,153.7234544856284,False,n/a,2
2025-09-03 15:46:27.726487,1056,2,POINT (179.6380365551034 153.6993988091684),0.0300152279730052,179.6380365551034,153.6993988091684,False,n/a,2
2025-09-03 15:46:28.726487,1057,2,POINT (179.65566332282657 153.67561404709872),0.0296043552045556,179.65566332282657,153.67561404709872,False,n/a,2
2025-09-03 15:46:29.726487,1058,2,POINT (179.6729268415154 153.65211647446162),0.0291575890182121,179.6729268415154,153.65211647446162,False,n/a,2
2025-09-03 15:46:30.726487,1059,2,POINT (179.68989504477713 153.628904855013),0.0287523772818838,179.68989504477713,153.628904855013,False,n/a,2
2025-09-03 15:46:31.726487,1060,2,POINT (179.70661036673752 153.60595644023306),0.0283906979335017,179.70661036673752,153.60595644023306,False,n/a,2
2025-09-03 15:46:32.726487,1061,2,POINT (179.72306541248284 153.58328680854828),0.0280121532768185,179.72306541248284,153.58328680854828,False,n/a,2
2025-09-03 15:46:33.726487,1062,2,POINT (179.7391781410833 153.56088501361296),0.0275945726416671,179.7391781410833,153.56088501361296,False,n/a,2
2025-09-03 15:46:34.726487,1063,2,POINT (179.7550548233517 153.5387396914813),0.0272485656900809,179.7550548233517,153.5387396914813,False,n/a,2
2025-09-03 15:46:35.726487,1064,2,POINT (179.77069557491478 153.51686855298956),0.0268882838497145,179.77069557491478,153.51686855298956,False,n/a,2
2025-09-03 15:46:36.726487,1065,2,POINT (179.7861193045223 153.49525631121384),0.0265514675597779,179.7861193045223,153.49525631121384,False,n/a,2
2025-09-03 15:46:37.726487,1066,2,POINT (179.8013719352336 153.47393138125918),0.026218226125855,179.8013719352336,153.47393138125918,False,n/a,2
2025-09-03 15:46:38.726487,1067,2,POINT (179.8164131353416 153.45284931423592),0.0258977074402833,179.8164131353416,153.45284931423592,False,n/a,2
2025-09-03 15:46:39.726487,1068,2,POINT (179.83115521882337 153.4320255977566),0.0255138431717902,179.83115521882337,153.4320255977566,False,n/a,2
2025-09-03 15:46:40.726487,1069,2,POINT (179.8457841325592 153.411461156492),0.0252369047550393,179.8457841325592,153.411461156492,False,n/a,2
2025-09-03 15:46:41.726487,1070,2,POINT (179.86028033555672 153.39114956056002),0.0249539742455903,179.86028033555672,153.39114956056002,False,n/a,2
2025-09-03 15:46:42.726487,1071,2,POINT (179.8747890482636 153.37212968423543),0.0239219238317841,179.8747890482636,153.37212968423543,False,n/a,2
2025-09-03 15:46:43.726487,1072,2,POINT (179.88934225772988 153.35435872777873),0.0229696059860662,179.88934225772988,153.35435872777873,False,n/a,2
2025-09-03 15:46:44.726487,1073,2,POINT (179.90387659779392 153.33785697872503),0.0219898786474299,179.90387659779392,153.33785697872503,False,n/a,2
2025-09-03 15:46:45.726487,1074,2,POINT (179.9183537821652 153.3225972877889),0.0210344249929997,179.9183537821652,153.3225972877889,False,n/a,2
2025-09-03 15:46:46.726487,1075,2,POINT (179.93290155204502 153.30853309004132),0.0202346056734293,179.93290155204502,153.30853309004132,False,n/a,2
2025-09-03 15:46:47.726487,1076,2,POINT (179.94755414564534 153.29565169225955),0.0195097131713464,179.94755414564534,153.29565169225955,False,n/a,2
2025-09-03 15:46:48.726487,1077,2,POINT (179.96233196750617 153.28392973154843),0.0188623535610719,179.96233196750617,153.28392973154843,False,n/a,2
2025-09-03 15:46:49.726487,1078,2,POINT (179.97730885534904 153.27335580448198),0.0183334422044815,179.97730885534904,153.27335580448198,False,n/a,2
2025-09-03 15:46:50.726487,1079,2,POINT (179.99256275975313 153.26387707486583),0.0179590621889114,179.99256275975313,153.26387707486583,False,n/a,2
2025-09-03 15:46:51.726487,1080,2,POINT (180.0081015722202 153.2554875531539),0.0176589571447975,180.0081015722202,153.2554875531539,False,n/a,2
2025-09-03 15:46:52.726487,1081,2,POINT (180.02382646742964 153.24818349391677),0.0173384431448588,180.02382646742964,153.24818349391677,False,n/a,2
2025-09-03 15:46:53.726487,1082,2,POINT (180.03967720675976 153.24196917309007),0.0170253845962007,180.03967720675976,153.24196917309007,False,n/a,2
2025-09-03 15:46:54.726487,1083,2,POINT (180.05558591646414 153.23579679994347),0.0170641505712697,180.05558591646414,153.23579679994347,False,n/a,2
2025-09-03 15:46:55.726487,1084,2,POINT (180.0715424562734 153.22965697992632),0.0170970334423052,180.0715424562734,153.22965697992632,False,n/a,2
2025-09-03 15:46:56.726487,1085,2,POINT (180.0874243444203 153.22359178510465),0.0170006164398743,180.0874243444203,153.22359178510465,False,n/a,2
2025-09-03 15:46:57.726487,1086,2,POINT (180.10324706990266 153.21756602046764),0.0169312870494492,180.10324706990266,153.21756602046764,False,n/a,2
2025-09-03 15:46:58.726487,1087,2,POINT (180.1189809471241 153.2115938630324),0.0168291876467837,180.1189809471241,153.2115938630324,False,n/a,2
2025-09-03 15:46:59.726487,1088,2,POINT (180.13466302517347 153.2056652205501),0.0167653324938509,180.13466302517347,153.2056652205501,False,n/a,2
2025-09-03 15:47:00.726487,1089,2,POINT (180.15043965543185 153.19975412481466),0.0168476442003722,180.15043965543185,153.19975412481466,False,n/a,2
2025-09-03 15:47:01.726487,1090,2,POINT (180.1661360237057 153.19386890658598),0.0167634056977434,180.1661360237057,153.19386890658598,False,n/a,2
2025-09-03 15:47:02.726487,1091,2,POINT (180.1819201840008 153.1879969006835),0.0168410263802882,180.1819201840008,153.1879969006835,False,n/a,2
2025-09-03 15:47:03.726487,1092,2,POINT (180.19764633231603 153.18216865055416),0.0167714114016207,180.19764633231603,153.18216865055416,False,n/a,2
2025-09-03 15:47:04.726487,1093,2,POINT (180.2133998818313 153.1763545217193),0.0167922129702782,180.2133998818313,153.1763545217193,False,n/a,2
2025-09-03 15:47:05.726487,1094,2,POINT (180.2293892131656 153.17161066147398),0.0166782171272512,180.2293892131656,153.17161066147398,False,n/a,2
2025-09-03 15:47:06.726487,1095,2,POINT (180.2456337844048 153.167904761067),0.016661926436407,180.2456337844048,153.167904761067,False,n/a,2
2025-09-03 15:47:07.726487,1096,2,POINT (180.26202419690665 153.1652577744252),0.0166027756794498,180.26202419690665,153.1652577744252,False,n/a,2
2025-09-03 15:47:08.726487,1097,2,POINT (180.2785558856137 153.16363173509615),0.0166114639754539,180.2785558856137,153.16363173509615,False,n/a,2
2025-09-03 15:47:09.726487,1098,2,POINT (180.2952630704585 153.16303195277246),0.0167179473702307,180.2952630704585,153.16303195277246,False,n/a,2
2025-09-03 15:47:10.726487,1099,2,POINT (180.31217013714027 153.16344203298962),0.0169120391900634,180.31217013714027,153.16344203298962,False,n/a,2
2025-09-03 15:47:11.726487,1100,2,POINT (180.32903171756288 153.1638130908493),0.0168656626992088,180.32903171756288,153.1638130908493,False,n/a,2
2025-09-03 15:47:12.726487,1101,2,POINT (180.34580862574936 153.1641561843686),0.0167804160097794,180.34580862574936,153.1641561843686,False,n/a,2
2025-09-03 15:47:13.726487,1102,2,POINT (180.36256203153755 153.1644579654781),0.0167561235773964,180.36256203153755,153.1644579654781,False,n/a,2
2025-09-03 15:47:14.726487,1103,2,POINT (180.3792365665326 153.16471269813488),0.0166764806247447,180.3792365665326,153.16471269813488,False,n/a,2
2025-09-03 15:47:15.726487,1104,2,POINT (180.39589768940596 153.1649215589303),0.0166624319423088,180.39589768940596,153.1649215589303,False,n/a,2
2025-09-03 15:47:16.726487,1105,2,POINT (180.4126284207058 153.16507060542705),0.0167313951805204,180.4126284207058,153.16507060542705,False,n/a,2
2025-09-03 15:47:17.726487,1106,2,POINT (180.42930427675404 153.1651994054821),0.016676353450192,180.42930427675404,153.1651994054821,False,n/a,2
2025-09-03 15:47:18.726487,1107,2,POINT (180.4459869949014 153.16528731838142),0.0166829497830056,180.4459869949014,153.16528731838142,False,n/a,2
2025-09-03 15:47:19.726487,1108,2,POINT (180.4626122174324 153.16535407904564),0.0166253565733562,180.4626122174324,153.16535407904564,False,n/a,2
2025-09-03 15:47:20.726487,1109,2,POINT (180.4792437005759 153.16538647931213),0.0166315147034103,180.4792437005759,153.16538647931213,False,n/a,2
2025-09-03 15:47:21.726487,1110,2,POINT (180.49585201109568 153.1654028759719),0.0166083186136367,180.49585201109568,153.1654028759719,False,n/a,2
2025-09-03 15:47:22.726487,1111,2,POINT (180.51249501034889 153.16537756040915),0.0166430185068687,180.51249501034889,153.16537756040915,False,n/a,2
2025-09-03 15:47:23.726487,1112,2,POINT (180.52904171573525 153.16534036138324),0.0165467472002974,180.52904171573525,153.16534036138324,False,n/a,2
2025-09-03 15:47:24.726487,1113,2,POINT (180.5455790293836 153.1652512840735),0.0165375535515615,180.5455790293836,153.1652512840735,False,n/a,2
2025-09-03 15:47:25.726487,1114,2,POINT (180.5619480741884 153.1651565395801),0.0163693189943806,180.5619480741884,153.1651565395801,False,n/a,2
2025-09-03 15:47:26.726487,1115,2,POINT (180.57834783722564 153.1650184851863),0.0164003441029227,180.57834783722564,153.1650184851863,False,n/a,2
2025-09-03 15:47:27.726487,1116,2,POINT (180.594689610845 153.16484877001636),0.0163426548719997,180.594689610845,153.16484877001636,False,n/a,2
2025-09-03 15:47:28.726487,1117,2,POINT (180.6111192280204 153.1646228084607),0.0164311709611205,180.6111192280204,153.1646228084607,False,n/a,2
2025-09-03 15:47:29.726487,1118,2,POINT (180.62746129705872 153.16438548648512),0.0163437921601628,180.62746129705872,153.16438548648512,False,n/a,2
2025-09-03 15:47:30.726487,1119,2,POINT (180.6438813929587 153.1640789757003),0.01642295643986,180.6438813929587,153.1640789757003,False,n/a,2
2025-09-03 15:47:31.726487,1120,2,POINT (180.66033435575585 153.16373934907784),0.0164564677572835,180.66033435575585,153.16373934907784,False,n/a,2
2025-09-03 15:47:32.726487,1121,2,POINT (180.6767848865638 153.16337944873325),0.0164544672390982,180.6767848865638,153.16337944873325,False,n/a,2
2025-09-03 15:47:33.726487,1122,2,POINT (180.69318356603347 153.16297964510676),0.0164035523984409,180.69318356603347,153.16297964510676,False,n/a,2
2025-09-03 15:47:34.726487,1123,2,POINT (180.70965300071185 153.16255145045938),0.0164750001299431,180.70965300071185,153.16255145045938,False,n/a,2
2025-09-03 15:47:35.726487,1124,2,POINT (180.726032077732 153.16212524630143),0.0163846212655273,180.726032077732,153.16212524630143,False,n/a,2
2025-09-03 15:47:36.726487,1125,2,POINT (180.742467312644 153.1616532987228),0.0164420096439367,180.742467312644,153.1616532987228,False,n/a,2
2025-09-03 15:47:37.726487,1126,2,POINT (180.75892632704503 153.16115152962732),0.0164666610846954,180.75892632704503,153.16115152962732,False,n/a,2
2025-09-03 15:47:38.726487,1127,2,POINT (180.77537308011077 153.16063504879335),0.0164548606452993,180.77537308011077,153.16063504879335,False,n/a,2
2025-09-03 15:47:39.726487,1128,2,POINT (180.7918308131184 153.1600905330291),0.0164667383888814,180.7918308131184,153.1600905330291,False,n/a,2
2025-09-03 15:47:40.726487,1129,2,POINT (180.808324033441 153.15951778157057),0.0165031621468287,180.808324033441,153.15951778157057,False,n/a,2
2025-09-03 15:47:41.726487,1130,2,POINT (180.8248542715476 153.15890928976836),0.0165414338596652,180.8248542715476,153.15890928976836,False,n/a,2
2025-09-03 15:47:42.726487,1131,2,POINT (180.8413652917791 153.15827329903246),0.0165232646078728,180.8413652917791,153.15827329903246,False,n/a,2
2025-09-03 15:47:43.726487,1132,2,POINT (180.85786128396091 153.15760867853962),0.0165093754716079,180.85786128396091,153.15760867853962,False,n/a,2
2025-09-03 15:47:44.726487,1133,2,POINT (180.8743816702256 153.15691812145317),0.01653481271204,180.8743816702256,153.15691812145317,False,n/a,2
2025-09-03 15:47:45.726487,1134,2,POINT (180.890874570207 153.15623643410726),0.0165069817784641,180.890874570207,153.15623643410726,False,n/a,2
2025-09-03 15:47:46.726487,1135,2,POINT (180.90737062394888 153.15554435858533),0.016510565029197,180.90737062394888,153.15554435858533,False,n/a,2
2025-09-03 15:47:47.726487,1136,2,POINT (180.92390120010072 153.15484020914107),0.0165455666071467,180.92390120010072,153.15484020914107,False,n/a,2
2025-09-03 15:47:48.726487,1137,2,POINT (180.9404852761937 153.15410206166342),0.0166004952202213,180.9404852761937,153.15410206166342,False,n/a,2
2025-09-03 15:47:49.726487,1138,2,POINT (180.9570336429291 153.15334634361125),0.0165656135227132,180.9570336429291,153.15334634361125,False,n/a,2
2025-09-03 15:47:50.726487,1139,2,POINT (180.9735993060669 153.15256375773018),0.0165841380800054,180.9735993060669,153.15256375773018,False,n/a,2
2025-09-03 15:47:51.726487,1140,2,POINT (180.9902438053045 153.1517408933245),0.0166648270527975,180.9902438053045,153.1517408933245,False,n/a,2
2025-09-03 15:47:52.726487,1141,2,POINT (181.00680344516135 153.15091615243318),0.0165801649487522,181.00680344516135,153.15091615243318,False,n/a,2
2025-09-03 15:47:53.726487,1142,2,POINT (181.02327822564104 153.1500712716205),0.0164964303847967,181.02327822564104,153.1500712716205,False,n/a,2
2025-09-03 15:47:54.726487,1143,2,POINT (181.0397722513989 153.14921846912742),0.016516057574185,181.0397722513989,153.14921846912742,False,n/a,2
2025-09-03 15:47:55.726487,1144,2,POINT (181.0562851447707 153.14835914620343),0.016535237627429,181.0562851447707,153.14835914620343,False,n/a,2
2025-09-03 15:47:56.726487,1145,2,POINT (181.07280029965497 153.1474794558045),0.0165385669285323,181.07280029965497,153.1474794558045,False,n/a,2
2025-09-03 15:47:57.726487,1146,2,POINT (181.08919470967083 153.1465899267308),0.0164185243472485,181.08919470967083,153.1465899267308,False,n/a,2
2025-09-03 15:47:58.726487,1147,2,POINT (181.1056124617621 153.14566313036943),0.0164438905136659,181.1056124617621,153.14566313036943,False,n/a,2
2025-09-03 15:47:59.726487,1148,2,POINT (181.12190032300148 153.14472611802668),0.0163147913221137,181.12190032300148,153.14472611802668,False,n/a,2
2025-09-03 15:48:00.726487,1149,2,POINT (181.1383227595661 153.1437548370564),0.0164511339865173,181.1383227595661,153.1437548370564,False,n/a,2
2025-09-03 15:48:01.726487,1150,2,POINT (181.15465060717247 153.1427732825128),0.0163573242548616,181.15465060717247,153.1427732825128,False,n/a,2
2025-09-03 15:48:02.726487,1151,2,POINT (181.17100594343984 153.141765906198),0.0163863306282474,181.17100594343984,153.141765906198,False,n/a,2
2025-09-03 15:48:03.726487,1152,2,POINT (181.18733225601747 153.14074776524646),0.0163580284074754,181.18733225601747,153.14074776524646,False,n/a,2
2025-09-03 15:48:04.726487,1153,2,POINT (181.20374489729676 153.13970928806734),0.0164454622499101,181.20374489729676,153.13970928806734,False,n/a,2
2025-09-03 15:48:05.726487,1154,2,POINT (181.2202375115484 153.13865215212115),0.0165264594291617,181.2202375115484,153.13865215212115,False,n/a,2
2025-09-03 15:48:06.726487,1155,2,POINT (181.23671140810737 153.13756891031852),0.0165094724518359,181.23671140810737,153.13756891031852,False,n/a,2
2025-09-03 15:48:07.726487,1156,2,POINT (181.25319169984223 153.1364752228621),0.0165165422506838,181.25319169984223,153.1364752228621,False,n/a,2
2025-09-03 15:48:08.726487,1157,2,POINT (181.2696538792873 153.1353641264772),0.0164996329431212,181.2696538792873,153.1353641264772,False,n/a,2
2025-09-03 15:48:09.726487,1158,2,POINT (181.28619192920976 153.13421584607292),0.0165778660606582,181.28619192920976,153.13421584607292,False,n/a,2
2025-09-03 15:48:10.726487,1159,2,POINT (181.3027256365888 153.133060759467),0.0165740069012571,181.3027256365888,153.133060759467,False,n/a,2
2025-09-03 15:48:11.726487,1160,2,POINT (181.3191954102787 153.13190949727678),0.0165099621449245,181.3191954102787,153.13190949727678,False,n/a,2
2025-09-03 15:48:12.726487,1161,2,POINT (181.3358078034615 153.13072547093077),0.0166545346872361,181.3358078034615,153.13072547093077,False,n/a,2
2025-09-03 15:48:13.726487,1162,2,POINT (181.3523099772353 153.12953304351765),0.0165451993761705,181.3523099772353,153.12953304351765,False,n/a,2
2025-09-03 15:48:14.726487,1163,2,POINT (181.3687516492792 153.12832586210328),0.016485929350946,181.3687516492792,153.12832586210328,False,n/a,2
2025-09-03 15:48:15.726487,1164,2,POINT (181.38519585296012 153.12710646688723),0.0164893529101162,181.38519585296012,153.12710646688723,False,n/a,2
2025-09-03 15:48:16.726487,1165,2,POINT (181.40171701316407 153.12584737704998),0.0165690688242255,181.40171701316407,153.12584737704998,False,n/a,2
2025-09-03 15:48:17.726487,1166,2,POINT (181.4183413088083 153.12456996653054),0.0166733015117465,181.4183413088083,153.12456996653054,False,n/a,2
2025-09-03 15:48:18.726487,1167,2,POINT (181.4349326705152 153.12329284411933),0.0166404424502922,181.4349326705152,153.12329284411933,False,n/a,2
2025-09-03 15:48:19.726487,1168,2,POINT (181.45144587655795 153.1220231951511),0.0165619437963422,181.45144587655795,153.1220231951511,False,n/a,2
2025-09-03 15:48:20.726487,1169,2,POINT (181.467971862552 153.1207149628208),0.0165776863556407,181.467971862552,153.1207149628208,False,n/a,2
2025-09-03 15:48:21.726487,1170,2,POINT (181.4845041392566 153.11938808641784),0.0165854386142481,181.4845041392566,153.11938808641784,False,n/a,2
2025-09-03 15:48:22.726487,1171,2,POINT (181.50100137371876 153.11806569772747),0.0165501497499762,181.50100137371876,153.11806569772747,False,n/a,2
2025-09-03 15:48:23.726487,1172,2,POINT (181.51741544877365 153.11677001126856),0.0164651347795294,181.51741544877365,153.11677001126856,False,n/a,2
2025-09-03 15:48:24.726487,1173,2,POINT (181.5338590350441 153.11546182004102),0.0164955416316703,181.5338590350441,153.11546182004102,False,n/a,2
2025-09-03 15:48:25.726487,1174,2,POINT (181.55028988282052 153.1141506785844),0.0164830777032572,181.55028988282052,153.1141506785844,False,n/a,2
2025-09-03 15:48:26.726487,1175,2,POINT (181.56666473947757 153.1128254569219),0.0164283944130839,181.56666473947757,153.1128254569219,False,n/a,2
2025-09-03 15:48:27.726487,1176,2,POINT (181.58297112333477 153.11152055162475),0.0163585125342393,181.58297112333477,153.11152055162475,False,n/a,2
2025-09-03 15:48:28.726487,1177,2,POINT (181.59945988099167 153.11018931806893),0.0165424094934534,181.59945988099167,153.11018931806893,False,n/a,2
2025-09-03 15:48:29.726487,1178,2,POINT (181.61599169511123 153.10886066046027),0.0165851201118577,181.61599169511123,153.10886066046027,False,n/a,2
2025-09-03 15:48:30.726487,1179,2,POINT (181.632540363322 153.10752028811658),0.0166028617283432,181.632540363322,153.10752028811658,False,n/a,2
2025-09-03 15:48:31.726487,1180,2,POINT (181.649031343577 153.10617930604965),0.0165454121337067,181.649031343577,153.10617930604965,False,n/a,2
2025-09-03 15:48:32.726487,1181,2,POINT (181.66563374226232 153.10479807441362),0.0166597551884234,181.66563374226232,153.10479807441362,False,n/a,2
2025-09-03 15:48:33.726487,1182,2,POINT (181.6821046657652 153.10340800035883),0.0165294775148699,181.6821046657652,153.10340800035883,False,n/a,2
2025-09-03 15:48:34.726487,1183,2,POINT (181.69853736140823 153.1020112565542),0.0164919489252848,181.69853736140823,153.1020112565542,False,n/a,2
2025-09-03 15:48:35.726487,1184,2,POINT (181.714889225712 153.1006240858109),0.0164105974564662,181.714889225712,153.1006240858109,False,n/a,2
2025-09-03 15:48:36.726487,1185,2,POINT (181.73119139841373 153.09922241385817),0.0163623201001856,181.73119139841373,153.09922241385817,False,n/a,2
2025-09-03 15:48:37.726487,1186,2,POINT (181.74750239104824 153.0978066551367),0.0163723197342535,181.74750239104824,153.0978066551367,False,n/a,2
2025-09-03 15:48:38.726487,1187,2,POINT (181.7637869797985 153.09638891645344),0.0163461865198062,181.7637869797985,153.09638891645344,False,n/a,2
2025-09-03 15:48:39.726487,1188,2,POINT (181.7800972252729 153.09497282383256),0.0163716042507966,181.7800972252729,153.09497282383256,False,n/a,2
2025-09-03 15:48:40.726487,1189,2,POINT (181.79637086949776 153.09355269687975),0.0163354907156059,181.79637086949776,153.09355269687975,False,n/a,2
2025-09-03 15:48:41.726487,1190,2,POINT (181.81265828115352 153.0921214404141),0.016350176559121,181.81265828115352,153.0921214404141,False,n/a,2
2025-09-03 15:48:42.726487,1191,2,POINT (181.82892272159845 153.09070835651062),0.0163257106768711,181.82892272159845,153.09070835651062,False,n/a,2
2025-09-03 15:48:43.726487,1192,2,POINT (181.8451656350856 153.08927271937404),0.016306234775059,181.8451656350856,153.08927271937404,False,n/a,2
2025-09-03 15:48:44.726487,1193,2,POINT (181.86142896660968 153.08783368700773),0.0163268725239456,181.86142896660968,153.08783368700773,False,n/a,2
2025-09-03 15:48:45.726487,1194,2,POINT (181.87780558310465 153.0863484328456),0.0164438300814745,181.87780558310465,153.0863484328456,False,n/a,2
2025-09-03 15:48:46.726487,1195,2,POINT (181.8943309473271 153.08483448948712),0.0165945680021535,181.8943309473271,153.08483448948712,False,n/a,2
2025-09-03 15:48:47.726487,1196,2,POINT (181.91078593058845 153.0833051182423),0.0165259024121544,181.91078593058845,153.0833051182423,False,n/a,2
2025-09-03 15:48:48.726487,1197,2,POINT (181.9272201287889 153.0817602031683),0.0165066542060509,181.9272201287889,153.0817602031683,False,n/a,2
2025-09-03 15:48:49.726487,1198,2,POINT (181.9436570718868 153.08020957181714),0.0165099229552848,181.9436570718868,153.08020957181714,False,n/a,2
2025-09-03 15:48:50.726487,1199,2,POINT (181.9600745657819 153.07865406375907),0.0164910191048027,181.9600745657819,153.07865406375907,False,n/a,2
2025-09-03 15:48:51.726487,1200,2,POINT (181.97650319510333 153.07710190708934),0.0165017893486928,181.97650319510333,153.07710190708934,False,n/a,2
2025-09-03 15:48:52.726487,1201,2,POINT (181.99297480805365 153.0755230619702),0.0165471080583637,181.99297480805365,153.0755230619702,False,n/a,2
2025-09-03 15:48:53.726487,1202,2,POINT (182.00944325473296 153.07393915694982),0.0165444398860428,182.00944325473296,153.07393915694982,False,n/a,2
2025-09-03 15:48:54.726487,1203,2,POINT (182.02601491439603 153.07232630246116),0.0166499610687307,182.02601491439603,153.07232630246116,False,n/a,2
2025-09-03 15:48:55.726487,1204,2,POINT (182.04272891661267 153.07069461237842),0.0167934595192338,182.04272891661267,153.07069461237842,False,n/a,2
2025-09-03 15:48:56.726487,1205,2,POINT (182.05933266565535 153.06908954694933),0.0166811485607158,182.05933266565535,153.06908954694933,False,n/a,2
2025-09-03 15:48:57.726487,1206,2,POINT (182.07600679000333 153.06746479487924),0.0167530964917058,182.07600679000333,153.06746479487924,False,n/a,2
2025-09-03 15:48:58.726487,1207,2,POINT (182.0927200856612 153.06583499937898),0.0167925723199248,182.0927200856612,153.06583499937898,False,n/a,2
2025-09-03 15:48:59.726487,1208,2,POINT (182.10949032648443 153.06417753304763),0.0168519486086578,182.10949032648443,153.06417753304763,False,n/a,2
2025-09-03 15:49:00.726487,1209,2,POINT (182.1262816535031 153.06250243765933),0.016874673555588,182.1262816535031,153.06250243765933,False,n/a,2
2025-09-03 15:49:01.726487,1210,2,POINT (182.1430465394198 153.06082981058915),0.0168481180289035,182.1430465394198,153.06082981058915,False,n/a,2
2025-09-03 15:49:02.726487,1211,2,POINT (182.1598346694392 153.05915825083483),0.0168711416792202,182.1598346694392,153.05915825083483,False,n/a,2
2025-09-03 15:49:03.726487,1212,2,POINT (182.17687162052025 153.05907096295311),0.0170371746869159,182.17687162052025,153.05907096295311,False,n/a,2
2025-09-03 15:49:04.726487,1213,2,POINT (182.19405373708776 153.06059365755604),0.0172494558927028,182.19405373708776,153.06059365755604,False,n/a,2
2025-09-03 15:49:05.726487,1214,2,POINT (182.21144916464584 153.06373206344958),0.0176762691617942,182.21144916464584,153.06373206344958,False,n/a,2
2025-09-03 15:49:06.726487,1215,2,POINT (182.229132157782 153.06849168247354),0.0183123515558975,182.229132157782,153.06849168247354,False,n/a,2
2025-09-03 15:49:07.726487,1216,2,POINT (182.24706800261472 153.07489067553848),0.0190431521053813,182.24706800261472,153.07489067553848,False,n/a,2
2025-09-03 15:49:08.726487,1217,2,POINT (182.26524667685436 153.08294456276516),0.0198828895427659,182.26524667685436,153.08294456276516,False,n/a,2
2025-09-03 15:49:09.726487,1218,2,POINT (182.28350913767596 153.09268379470012),0.0206971039989534,182.28350913767596,153.09268379470012,False,n/a,2
2025-09-03 15:49:10.726487,1219,2,POINT (182.30188382542332 153.10411900901806),0.0216423953459893,182.30188382542332,153.10411900901806,False,n/a,2
2025-09-03 15:49:11.726487,1220,2,POINT (182.32032251946725 153.11726816196185),0.0226469790741015,182.32032251946725,153.11726816196185,False,n/a,2
2025-09-03 15:49:12.726487,1221,2,POINT (182.33882430649552 153.13214471151306),0.0237408477058082,182.33882430649552,153.13214471151306,False,n/a,2
2025-09-03 15:49:13.726487,1222,2,POINT (182.35726048198487 153.14877148906834),0.0248262421350565,182.35726048198487,153.14877148906834,False,n/a,2
2025-09-03 15:49:14.726487,1223,2,POINT (182.37564234522355 153.1671596754399),0.0260003518083736,182.37564234522355,153.1671596754399,False,n/a,2
2025-09-03 15:49:15.726487,1224,2,POINT (182.3939602149789 153.18732223048357),0.0272410164689745,182.3939602149789,153.18732223048357,False,n/a,2
2025-09-03 15:49:16.726487,1225,2,POINT (182.4120951401077 153.20926011111106),0.0284630658196622,182.4120951401077,153.20926011111106,False,n/a,2
2025-09-03 15:49:17.726487,1226,2,POINT (182.43004322797728 153.23294284273246),0.0297154107362435,182.43004322797728,153.23294284273246,False,n/a,2
2025-09-03 15:49:18.726487,1227,2,POINT (182.4478086994235 153.2583618855564),0.0310119285726026,182.4478086994235,153.2583618855564,False,n/a,2
2025-09-03 15:49:19.726487,1228,2,POINT (182.46513160218916 153.28348937362344),0.0305200526996025,182.46513160218916,153.28348937362344,False,n/a,2
2025-09-03 15:49:20.726487,1229,2,POINT (182.48214487459245 153.3083340504015),0.0301116157333966,182.48214487459245,153.3083340504015,False,n/a,2
2025-09-03 15:49:21.726487,1230,2,POINT (182.49872019244972 153.3328817596793),0.029619777056193,182.49872019244972,153.3328817596793,False,n/a,2
2025-09-03 15:49:22.726487,1231,2,POINT (182.51516306682177 153.35716223581403),0.029324215913519,182.51516306682177,153.35716223581403,False,n/a,2
2025-09-03 15:49:23.726487,1232,2,POINT (182.5314095094988 153.3811449975417),0.0289675639249067,182.5314095094988,153.3811449975417,False,n/a,2
2025-09-03 15:49:24.726487,1233,2,POINT (182.5474940532256 153.40483952894175),0.0286381452815741,182.5474940532256,153.40483952894175,False,n/a,2
2025-09-03 15:49:25.726487,1234,2,POINT (182.56321195274543 153.42825144086004),0.0281987585716929,182.56321195274543,153.42825144086004,False,n/a,2
2025-09-03 15:49:26.726487,1235,2,POINT (182.5786658952844 153.4513981501761),0.0278315377253773,182.5786658952844,153.4513981501761,False,n/a,2
2025-09-03 15:49:27.726487,1236,2,POINT (182.5940536879872 153.47323427182437),0.0267132995510052,182.5940536879872,153.47323427182437,False,n/a,2
2025-09-03 15:49:28.726487,1237,2,POINT (182.6093558563568 153.4937731463129),0.0256125305674516,182.6093558563568,153.4937731463129,False,n/a,2
2025-09-03 15:49:29.726487,1238,2,POINT (182.624701760577 153.5130538808211),0.0246423111641688,182.624701760577,153.5130538808211,False,n/a,2
2025-09-03 15:49:30.726487,1239,2,POINT (182.63978864155297 153.53406869500157),0.0258696036425377,182.63978864155297,153.53406869500157,False,n/a,2
2025-09-03 15:49:31.726487,1240,2,POINT (182.65448772795148 153.5568158662739),0.0270831486693009,182.65448772795148,153.5568158662739,False,n/a,2
2025-09-03 15:49:32.726487,1241,2,POINT (182.66883992490784 153.58033806453955),0.0275550243825757,182.66883992490784,153.58033806453955,False,n/a,2
2025-09-03 15:49:33.726487,1242,2,POINT (182.68284673029 153.60462830479358),0.0280393717584956,182.68284673029,153.60462830479358,False,n/a,2
2025-09-03 15:49:34.726487,1243,2,POINT (182.69645928242943 153.62964874632144),0.028483750981887,182.69645928242943,153.62964874632144,False,n/a,2
2025-09-03 15:49:35.726487,1244,2,POINT (182.70974259284444 153.6554316562328),0.0290035304588554,182.70974259284444,153.6554316562328,False,n/a,2
2025-09-03 15:49:36.726487,1245,2,POINT (182.7224236806708 153.68189892297474),0.0293483593621278,182.7224236806708,153.68189892297474,False,n/a,2
2025-09-03 15:49:37.726487,1246,2,POINT (182.7345984679472 153.70904929747945),0.029755138732198,182.7345984679472,153.70904929747945,False,n/a,2
2025-09-03 15:49:38.726487,1247,2,POINT (182.7462773466572 153.73688049795274),0.0301823115037133,182.7462773466572,153.73688049795274,False,n/a,2
2025-09-03 15:49:39.726487,1248,2,POINT (182.75750733687337 153.76541607409507),0.0306658080935478,182.75750733687337,153.76541607409507,False,n/a,2
2025-09-03 15:49:40.726487,1249,2,POINT (182.7682405060672 153.79462754624203),0.0311209097864549,182.7682405060672,153.79462754624203,False,n/a,2
2025-09-03 15:49:41.726487,1250,2,POINT (182.77851041451467 153.82449872511194),0.0315873130638947,182.77851041451467,153.82449872511194,False,n/a,2
2025-09-03 15:49:42.726487,1251,2,POINT (182.7883461978056 153.8550242249687),0.0320709958443976,182.7883461978056,153.8550242249687,False,n/a,2
2025-09-03 15:49:43.726487,1252,2,POINT (182.79760550360172 153.8861928433794),0.0325148814769273,182.79760550360172,153.8861928433794,False,n/a,2
2025-09-03 15:49:44.726487,1253,2,POINT (182.80634816854695 153.91797024026283),0.0329581119457931,182.80634816854695,153.91797024026283,False,n/a,2
2025-09-03 15:49:45.726487,1254,2,POINT (182.81444086309853 153.95033116101),0.0333574713776386,182.81444086309853,153.95033116101,False,n/a,2
2025-09-03 15:49:46.726487,1255,2,POINT (182.82265911511587 153.98131298171825),0.0320532819008873,182.82265911511587,153.98131298171825,False,n/a,2
2025-09-03 15:49:47.726487,1256,2,POINT (182.8309502432677 154.01087980849476),0.030707328956815,182.8309502432677,154.01087980849476,False,n/a,2
2025-09-03 15:49:48.726487,1257,2,POINT (182.8394298672997 154.0390516482198),0.0294203429147018,182.8394298672997,154.0390516482198,False,n/a,2
2025-09-03 15:49:49.726487,1258,2,POINT (182.84809723489107 154.06580979587946),0.0281268861970053,182.84809723489107,154.06580979587946,False,n/a,2
2025-09-03 15:49:50.726487,1259,2,POINT (182.85706602787852 154.0911779900688),0.0269069605135833,182.85706602787852,154.0911779900688,False,n/a,2
2025-09-03 15:49:51.726487,1260,2,POINT (182.8663948088316 154.11516188686016),0.0257342856782304,182.8663948088316,154.11516188686016,False,n/a,2
2025-09-03 15:49:52.726487,1261,2,POINT (182.8760397499275 154.1377273352585),0.0245402597818642,182.8760397499275,154.1377273352585,False,n/a,2
2025-09-03 15:49:53.726487,1262,2,POINT (182.88618601347144 154.15893242838806),0.0235075017502297,182.88618601347144,154.15893242838806,False,n/a,2
2025-09-03 15:49:54.726487,1263,2,POINT (182.89684579993093 154.178767372133),0.0225179048920347,182.89684579993093,154.178767372133,False,n/a,2
2025-09-03 15:49:55.726487,1264,2,POINT (182.9079852943862 154.19720235316478),0.0215391936330396,182.9079852943862,154.19720235316478,False,n/a,2
2025-09-03 15:49:56.726487,1265,2,POINT (182.91967587535785 154.2142522421217),0.0206728903856568,182.91967587535785,154.2142522421217,False,n/a,2
2025-09-03 15:49:57.726487,1266,2,POINT (182.9319261126365 154.22990529000012),0.019876775927381,182.9319261126365,154.22990529000012,False,n/a,2
2025-09-03 15:49:58.726487,1267,2,POINT (182.9447198182008 154.2441385333321),0.0191380280544691,182.9447198182008,154.2441385333321,False,n/a,2
2025-09-03 15:49:59.726487,1268,2,POINT (182.95812791794415 154.25696810481682),0.0185573447241253,182.95812791794415,154.25696810481682,False,n/a,2
2025-09-03 15:50:00.726487,1269,2,POINT (182.97220560315583 154.26840375518944),0.0181371254713354,182.97220560315583,154.26840375518944,False,n/a,2
2025-09-03 15:50:01.726487,1270,2,POINT (182.98698213629527 154.27844369132606),0.0178646648232871,182.98698213629527,154.27844369132606,False,n/a,2
2025-09-03 15:50:02.726487,1271,2,POINT (183.00243117621488 154.28706046780394),0.0176895921746871,183.00243117621488,154.28706046780394,False,n/a,2
2025-09-03 15:50:03.726487,1272,2,POINT (183.0185521727462 154.29423832369824),0.017646760167331,183.0185521727462,154.29423832369824,False,n/a,2
2025-09-03 15:50:04.726487,1273,2,POINT (183.03537570951144 154.29997584371276),0.017774997192913,183.03537570951144,154.29997584371276,False,n/a,2
2025-09-03 15:50:05.726487,1274,2,POINT (183.05293991867188 154.30427498980944),0.0180827016950545,183.05293991867188,154.30427498980944,False,n/a,2
2025-09-03 15:50:06.726487,1275,2,POINT (183.0712313219973 154.3071137390435),0.0185103736544003,183.0712313219973,154.3071137390435,False,n/a,2
2025-09-03 15:50:07.726487,1276,2,POINT (183.0900895902871 154.30840309064894),0.01890229378817,183.0900895902871,154.30840309064894,False,n/a,2
2025-09-03 15:50:08.726487,1277,2,POINT (183.1096226669692 154.30817702114098),0.0195343848659346,183.1096226669692,154.30817702114098,False,n/a,2
2025-09-03 15:50:09.726487,1278,2,POINT (183.1297651806007 154.30639074733824),0.0202215634779948,183.1297651806007,154.30639074733824,False,n/a,2
2025-09-03 15:50:10.726487,1279,2,POINT (183.15060111365884 154.30306641888754),0.0210994612739457,183.15060111365884,154.30306641888754,False,n/a,2
2025-09-03 15:50:11.726487,1280,2,POINT (183.17212214583355 154.29818444100414),0.0220678167003274,183.17212214583355,154.29818444100414,False,n/a,2
2025-09-03 15:50:12.726487,1281,2,POINT (183.19421412607696 154.29168001458928),0.0230296147180378,183.19421412607696,154.29168001458928,False,n/a,2
2025-09-03 15:50:13.726487,1282,2,POINT (183.216920654445 154.28355683927916),0.0241158123986701,183.216920654445,154.28355683927916,False,n/a,2
2025-09-03 15:50:14.726487,1283,2,POINT (183.24012639479488 154.27375232220626),0.025191961817586,183.24012639479488,154.27375232220626,False,n/a,2
2025-09-03 15:50:15.726487,1284,2,POINT (183.26366462721643 154.2631702872336),0.0258075153723318,183.26366462721643,154.2631702872336,False,n/a,2
2025-09-03 15:50:16.726487,1285,2,POINT (183.2872824655352 154.25170077388762),0.0262555141492854,183.2872824655352,154.25170077388762,False,n/a,2
2025-09-03 15:50:17.726487,1286,2,POINT (183.31107441391765 154.23938377155542),0.0267911432060419,183.31107441391765,154.23938377155542,False,n/a,2
2025-09-03 15:50:18.726487,1287,2,POINT (183.3350122085016 154.22621725507625),0.0273198676010474,183.3350122085016,154.22621725507625,False,n/a,2
2025-09-03 15:50:19.726487,1288,2,POINT (183.35901724052545 154.21220775823406),0.0277940202964267,183.35901724052545,154.21220775823406,False,n/a,2
2025-09-03 15:50:20.726487,1289,2,POINT (183.3831476243029 154.19737026975702),0.0283271333804395,183.3831476243029,154.19737026975702,False,n/a,2
2025-09-03 15:50:21.726487,1290,2,POINT (183.4072561631219 154.1816810105426),0.0287641182497322,183.4072561631219,154.1816810105426,False,n/a,2
2025-09-03 15:50:22.726487,1291,2,POINT (183.43165961809123 154.16424969586168),0.0299896539817553,183.43165961809123,154.16424969586168,False,n/a,2
2025-09-03 15:50:23.726487,1292,2,POINT (183.45630317827883 154.1450786546634),0.0312223298193195,183.45630317827883,154.1450786546634,False,n/a,2
2025-09-03 15:50:24.726487,1293,2,POINT (183.48092407473865 154.1251284986681),0.0316890717238741,183.48092407473865,154.1251284986681,False,n/a,2
2025-09-03 15:50:25.726487,1294,2,POINT (183.5054099780537 154.1043693627767),0.0321014202818563,183.5054099780537,154.1043693627767,False,n/a,2
2025-09-03 15:50:26.726487,1295,2,POINT (183.5297277240368 154.08280607104427),0.0325012049012822,183.5297277240368,154.08280607104427,False,n/a,2
2025-09-03 15:50:27.726487,1296,2,POINT (183.55381503659336 154.0603921745293),0.0329026045045404,183.55381503659336,154.0603921745293,False,n/a,2
2025-09-03 15:50:28.726487,1297,2,POINT (183.5776526893497 154.03716069896183),0.033285659764738,183.5776526893497,154.03716069896183,False,n/a,2
2025-09-03 15:50:29.726487,1298,2,POINT (183.60129704292183 154.01312629528783),0.0337151007088828,183.60129704292183,154.01312629528783,False,n/a,2
2025-09-03 15:50:30.726487,1299,2,POINT (183.6247959652846 153.98830844425643),0.0341778449002651,183.6247959652846,153.98830844425643,False,n/a,2
2025-09-03 15:50:31.726487,1300,2,POINT (183.64806011172448 153.9626908885166),0.0346046192243224,183.64806011172448,153.9626908885166,False,n/a,2
2025-09-03 15:50:32.726487,1301,2,POINT (183.67106018918173 153.93628679746374),0.0350168471934166,183.67106018918173,153.93628679746374,False,n/a,2
2025-09-03 15:50:33.726487,1302,2,POINT (183.6937907166605 153.909113425424),0.0354269534037561,183.6937907166605,153.909113425424,False,n/a,2
2025-09-03 15:50:34.726487,1303,2,POINT (183.71616773445805 153.88115356859288),0.0358117930230909,183.71616773445805,153.88115356859288,False,n/a,2
2025-09-03 15:50:35.726487,1304,2,POINT (183.73817882810096 153.8524296601173),0.0361877211422883,183.73817882810096,153.8524296601173,False,n/a,2
2025-09-03 15:50:36.726487,1305,2,POINT (183.75975563502712 153.82293747092334),0.036542411258438,183.75975563502712,153.82293747092334,False,n/a,2
2025-09-03 15:50:37.726487,1306,2,POINT (183.78096707405223 153.79268879617692),0.0369446541387309,183.78096707405223,153.79268879617692,False,n/a,2
2025-09-03 15:50:38.726487,1307,2,POINT (183.8017554569834 153.76170799031473),0.0373090766002443,183.8017554569834,153.76170799031473,False,n/a,2
2025-09-03 15:50:39.726487,1308,2,POINT (183.8220087816404 153.73199469653022),0.0359593796830237,183.8220087816404,153.73199469653022,False,n/a,2
2025-09-03 15:50:40.726487,1309,2,POINT (183.84175994185836 153.70357183123707),0.0346116685732732,183.84175994185836,153.70357183123707,False,n/a,2
2025-09-03 15:50:41.726487,1310,2,POINT (183.8611059886911 153.67646384692145),0.0333033382968055,183.8611059886911,153.67646384692145,False,n/a,2
2025-09-03 15:50:42.726487,1311,2,POINT (183.88003610685968 153.6506900507326),0.0319787107910965,183.88003610685968,153.6506900507326,False,n/a,2
2025-09-03 15:50:43.726487,1312,2,POINT (183.89865277395165 153.62624601467192),0.0307260669879758,183.89865277395165,153.62624601467192,False,n/a,2
2025-09-03 15:50:44.726487,1313,2,POINT (183.91701510247435 153.60312248403568),0.0295274918992567,183.91701510247435,153.60312248403568,False,n/a,2
2025-09-03 15:50:45.726487,1314,2,POINT (183.93521899882404 153.58128077173652),0.0284331186905284,183.93521899882404,153.58128077173652,False,n/a,2
2025-09-03 15:50:46.726487,1315,2,POINT (183.95326172873737 153.5606863610668),0.0273800995899905,183.95326172873737,153.5606863610668,False,n/a,2
2025-09-03 15:50:47.726487,1316,2,POINT (183.9711516531301 153.54134480119555),0.026346637983478,183.9711516531301,153.54134480119555,False,n/a,2
2025-09-03 15:50:48.726487,1317,2,POINT (183.98885183856788 153.5232716227279),0.0252969631468776,183.98885183856788,153.5232716227279,False,n/a,2
2025-09-03 15:50:49.726487,1318,2,POINT (184.0064304780746 153.5064581790403),0.0243248937416651,184.0064304780746,153.5064581790403,False,n/a,2
2025-09-03 15:50:50.726487,1319,2,POINT (184.02391445784565 153.4908604222203),0.0234303129823525,184.02391445784565,153.4908604222203,False,n/a,2
2025-09-03 15:50:51.726487,1320,2,POINT (184.04139181712236 153.4764739124135),0.0226369112669222,184.04139181712236,153.4764739124135,False,n/a,2
2025-09-03 15:50:52.726487,1321,2,POINT (184.058895055997 153.4632534357364),0.0219350034117514,184.058895055997,153.4632534357364,False,n/a,2
2025-09-03 15:50:53.726487,1322,2,POINT (184.07644070399328 153.45120898308616),0.0212818843915007,184.07644070399328,153.45120898308616,False,n/a,2
2025-09-03 15:50:54.726487,1323,2,POINT (184.09404493124413 153.44032902191518),0.0206949842276204,184.09404493124413,153.44032902191518,False,n/a,2
2025-09-03 15:50:55.726487,1324,2,POINT (184.11166392103732 153.42955388420904),0.0206526606983154,184.11166392103732,153.42955388420904,False,n/a,2
2025-09-03 15:50:56.726487,1325,2,POINT (184.12914938934583 153.4188941383249),0.0204785689022027,184.12914938934583,153.4188941383249,False,n/a,2
2025-09-03 15:50:57.726487,1326,2,POINT (184.14649357270068 153.40836131117487),0.0202918984823526,184.14649357270068,153.40836131117487,False,n/a,2
2025-09-03 15:50:58.726487,1327,2,POINT (184.1638528512896 153.397912844804),0.0202611698238156,184.1638528512896,153.397912844804,False,n/a,2
2025-09-03 15:50:59.726487,1328,2,POINT (184.18118151005328 153.387559811075),0.0201858297313614,184.18118151005328,153.387559811075,False,n/a,2
2025-09-03 15:51:00.726487,1329,2,POINT (184.19856503147955 153.37729187092302),0.0201895371948465,184.19856503147955,153.37729187092302,False,n/a,2
2025-09-03 15:51:01.726487,1330,2,POINT (184.21599652600895 153.36710938575084),0.0201876201126163,184.21599652600895,153.36710938575084,False,n/a,2
2025-09-03 15:51:02.726487,1331,2,POINT (184.23339432867743 153.35701825278844),0.0201125458894532,184.23339432867743,153.35701825278844,False,n/a,2
2025-09-03 15:51:03.726487,1332,2,POINT (184.2506782621118 153.34701695243905),0.0199689850428586,184.2506782621118,153.34701695243905,False,n/a,2
2025-09-03 15:51:04.726487,1333,2,POINT (184.26785932061847 153.33605844233534),0.0203783638966173,184.26785932061847,153.33605844233534,False,n/a,2
2025-09-03 15:51:05.726487,1334,2,POINT (184.2847577523864 153.3241582858384),0.0206681087878574,184.2847577523864,153.3241582858384,False,n/a,2
2025-09-03 15:51:06.726487,1335,2,POINT (184.30155968781173 153.31130572327478),0.0211540397675967,184.30155968781173,153.31130572327478,False,n/a,2
2025-09-03 15:51:07.726487,1336,2,POINT (184.3182820257261 153.29858406813477),0.0210113563299331,184.3182820257261,153.29858406813477,False,n/a,2
2025-09-03 15:51:08.726487,1337,2,POINT (184.33496974076135 153.28598647726434),0.0209088289685885,184.33496974076135,153.28598647726434,False,n/a,2
2025-09-03 15:51:09.726487,1338,2,POINT (184.3517073542872 153.27348928554477),0.0208884539259368,184.3517073542872,153.27348928554477,False,n/a,2
2025-09-03 15:51:10.726487,1339,2,POINT (184.36830014796004 153.26115104585045),0.0206773538109723,184.36830014796004,153.26115104585045,False,n/a,2
2025-09-03 15:51:11.726487,1340,2,POINT (184.38489171708352 153.24892467053604),0.0206098136650311,184.38489171708352,153.24892467053604,False,n/a,2
2025-09-03 15:51:12.726487,1341,2,POINT (184.40142887132723 153.2368182875549),0.0204949256980089,184.40142887132723,153.2368182875549,False,n/a,2
2025-09-03 15:51:13.726487,1342,2,POINT (184.41790894352667 153.22481364142374),0.0203888280298947,184.41790894352667,153.22481364142374,False,n/a,2
2025-09-03 15:51:14.726487,1343,2,POINT (184.43432218573471 153.21294488693616),0.0202549216948971,184.43432218573471,153.21294488693616,False,n/a,2
2025-09-03 15:51:15.726487,1344,2,POINT (184.450710566608 153.20118104528385),0.0201734230627183,184.450710566608,153.20118104528385,False,n/a,2
2025-09-03 15:51:16.726487,1345,2,POINT (184.46697706644883 153.18951971989603),0.0200146328188374,184.46697706644883,153.18951971989603,False,n/a,2
2025-09-03 15:51:17.726487,1346,2,POINT (184.4833767349372 153.17791981334122),0.020087482634941,184.4833767349372,153.17791981334122,False,n/a,2
2025-09-03 15:51:18.726487,1347,2,POINT (184.49974673870813 153.16641589997224),0.0200079245865569,184.49974673870813,153.16641589997224,False,n/a,2
2025-09-03 15:51:19.726487,1348,2,POINT (184.51607407969584 153.15500864485278),0.0199175182462413,184.51607407969584,153.15500864485278,False,n/a,2
2025-09-03 15:51:20.726487,1349,2,POINT (184.5326624355285 153.14469181398965),0.0195348547035355,184.5326624355285,153.14469181398965,False,n/a,2
2025-09-03 15:51:21.726487,1350,2,POINT (184.5494820486348 153.1354669139479),0.0191832782867147,184.5494820486348,153.1354669139479,False,n/a,2
2025-09-03 15:51:22.726487,1351,2,POINT (184.56645557200173 153.12732927231428),0.0188234350437535,184.56645557200173,153.12732927231428,False,n/a,2
2025-09-03 15:51:23.726487,1352,2,POINT (184.58368167283197 153.1202695303582),0.0186166190888465,184.58368167283197,153.1202695303582,False,n/a,2
2025-09-03 15:51:24.726487,1353,2,POINT (184.6011977368729 153.11423745959786),0.0185256140827996,184.6011977368729,153.11423745959786,False,n/a,2
2025-09-03 15:51:25.726487,1354,2,POINT (184.618997350677 153.10924750438974),0.0184858298313643,184.618997350677,153.10924750438974,False,n/a,2
2025-09-03 15:51:26.726487,1355,2,POINT (184.6371233831423 153.10525567252483),0.0185603818541115,184.6371233831423,153.10525567252483,False,n/a,2
2025-09-03 15:51:27.726487,1356,2,POINT (184.65559355838533 153.10227209866255),0.0187095987797771,184.65559355838533,153.10227209866255,False,n/a,2
2025-09-03 15:51:28.726487,1357,2,POINT (184.67434604077252 153.10030556089126),0.0188553140119356,184.67434604077252,153.10030556089126,False,n/a,2
2025-09-03 15:51:29.726487,1358,2,POINT (184.69328046859377 153.09937317547937),0.0189573705843757,184.69328046859377,153.09937317547937,False,n/a,2
2025-09-03 15:51:30.726487,1359,2,POINT (184.7124403450541 153.09940722131836),0.0191599067089046,184.7124403450541,153.09940722131836,False,n/a,2
2025-09-03 15:51:31.726487,1360,2,POINT (184.7318098181156 153.1004242698513),0.019396156175852,184.7318098181156,153.1004242698513,False,n/a,2
2025-09-03 15:51:32.726487,1361,2,POINT (184.75138211045805 153.1024371218273),0.0196755228803868,184.75138211045805,153.1024371218273,False,n/a,2
2025-09-03 15:51:33.726487,1362,2,POINT (184.7710899501004 153.10543295720885),0.0199342412196315,184.7710899501004,153.10543295720885,False,n/a,2
2025-09-03 15:51:34.726487,1363,2,POINT (184.79093775827852 153.1094025008808),0.0202408687175061,184.79093775827852,153.1094025008808,False,n/a,2
2025-09-03 15:51:35.726487,1364,2,POINT (184.81085467189308 153.1143406959925),0.020519971220498,184.81085467189308,153.1143406959925,False,n/a,2
2025-09-03 15:51:36.726487,1365,2,POINT (184.83090069919683 153.12022569797443),0.0208920190261752,184.83090069919683,153.12022569797443,False,n/a,2
2025-09-03 15:51:37.726487,1366,2,POINT (184.85090442734452 153.12600027331715),0.0208205393829417,184.85090442734452,153.12600027331715,False,n/a,2
2025-09-03 15:51:38.726487,1367,2,POINT (184.8708902406125 153.13167722370463),0.0207764409292042,184.8708902406125,153.13167722370463,False,n/a,2
2025-09-03 15:51:39.726487,1368,2,POINT (184.89089731423408 153.13726192771662),0.0207719020265212,184.89089731423408,153.13726192771662,False,n/a,2
2025-09-03 15:51:40.726487,1369,2,POINT (184.91083129954092 153.14275444169164),0.020676834380049,184.91083129954092,153.14275444169164,False,n/a,2
2025-09-03 15:51:41.726487,1370,2,POINT (184.9307642305676 153.14814022505095),0.0206477214652617,184.9307642305676,153.14814022505095,False,n/a,2
2025-09-03 15:51:42.726487,1371,2,POINT (184.9506681784054 153.15339921942223),0.0205869900987837,184.9506681784054,153.15339921942223,False,n/a,2
2025-09-03 15:51:43.726487,1372,2,POINT (184.9705541844253 153.1585692383435),0.02054707597374,184.9705541844253,153.1585692383435,False,n/a,2
2025-09-03 15:51:44.726487,1373,2,POINT (184.9904838774264 153.1636548270063),0.0205683221280776,184.9904838774264,153.1636548270063,False,n/a,2
2025-09-03 15:51:45.726487,1374,2,POINT (185.01045586461265 153.16864761294735),0.0205866020416032,185.01045586461265,153.16864761294735,False,n/a,2
2025-09-03 15:51:46.726487,1375,2,POINT (185.03037855019008 153.1735709870465),0.0205220128919735,185.03037855019008,153.1735709870465,False,n/a,2
2025-09-03 15:51:47.726487,1376,2,POINT (185.0503143471033 153.1784185520335),0.0205166977086492,185.0503143471033,153.1784185520335,False,n/a,2
2025-09-03 15:51:48.726487,1377,2,POINT (185.07022261286872 153.1831856896647),0.0204710685354128,185.07022261286872,153.1831856896647,False,n/a,2
2025-09-03 15:51:49.726487,1378,2,POINT (185.09005700205267 153.18786847930235),0.0203796838319722,185.09005700205267,153.18786847930235,False,n/a,2
2025-09-03 15:51:50.726487,1379,2,POINT (185.1098648249818 153.19250041006146),0.0203421884699916,185.1098648249818,153.19250041006146,False,n/a,2
2025-09-03 15:51:51.726487,1380,2,POINT (185.12966913385887 153.19703920804872),0.0203177591596025,185.12966913385887,153.19703920804872,False,n/a,2
2025-09-03 15:51:52.726487,1381,2,POINT (185.14943469824888 153.2015335573366),0.0202700940100742,185.14943469824888,153.2015335573366,False,n/a,2
2025-09-03 15:51:53.726487,1382,2,POINT (185.1691903389709 153.2059520191164),0.0202437186514349,185.1691903389709,153.2059520191164,False,n/a,2
2025-09-03 15:51:54.726487,1383,2,POINT (185.188909830148 153.21031027366243),0.0201953636998672,185.188909830148,153.21031027366243,False,n/a,2
2025-09-03 15:51:55.726487,1384,2,POINT (185.2084833127387 153.21459289692933),0.0200365187289421,185.2084833127387,153.21459289692933,False,n/a,2
2025-09-03 15:51:56.726487,1385,2,POINT (185.22790939776172 153.21882805737772),0.0198823882706795,185.22790939776172,153.21882805737772,False,n/a,2
2025-09-03 15:51:57.726487,1386,2,POINT (185.2472179364938 153.22300228467122),0.0197545903897,185.2472179364938,153.22300228467122,False,n/a,2
2025-09-03 15:51:58.726487,1387,2,POINT (185.26638712006044 153.22712945208002),0.0196084448499111,185.26638712006044,153.22712945208002,False,n/a,2
2025-09-03 15:51:59.726487,1388,2,POINT (185.2856159488953 153.23117672711663),0.0196501474188397,185.2856159488953,153.23117672711663,False,n/a,2
2025-09-03 15:52:00.726487,1389,2,POINT (185.30476898494223 153.23516830958454),0.0195645475391863,185.30476898494223,153.23516830958454,False,n/a,2
2025-09-03 15:52:01.726487,1390,2,POINT (185.3239055294267 153.2391159410396),0.0195394761677712,185.3239055294267,153.2391159410396,False,n/a,2
2025-09-03 15:52:02.726487,1391,2,POINT (185.34300875982285 153.24301344284044),0.0194967672155207,185.34300875982285,153.24301344284044,False,n/a,2
2025-09-03 15:52:03.726487,1392,2,POINT (185.36204235597828 153.24685686204563),0.0194177664471134,185.36204235597828,153.24685686204563,False,n/a,2
2025-09-03 15:52:04.726487,1393,2,POINT (185.38100831947685 153.25062854270038),0.0193373562409815,185.38100831947685,153.25062854270038,False,n/a,2
2025-09-03 15:52:05.726487,1394,2,POINT (185.39995984410535 153.2543543506305),0.0193142934242519,185.39995984410535,153.2543543506305,False,n/a,2
2025-09-03 15:52:06.726487,1395,2,POINT (185.41889045462372 153.25800969343385),0.0192802890436857,185.41889045462372,153.25800969343385,False,n/a,2
2025-09-03 15:52:07.726487,1396,2,POINT (185.43793164989395 153.26159558255432),0.0193759056072845,185.43793164989395,153.26159558255432,False,n/a,2
2025-09-03 15:52:08.726487,1397,2,POINT (185.45701574547317 153.26515830723676),0.0194138020809541,185.45701574547317,153.26515830723676,False,n/a,2
2025-09-03 15:52:09.726487,1398,2,POINT (185.47597833210637 153.26869608040815),0.0192897778845058,185.47597833210637,153.26869608040815,False,n/a,2
2025-09-03 15:52:10.726487,1399,2,POINT (185.49501640187307 153.27216474171365),0.019351478281915,185.49501640187307,153.27216474171365,False,n/a,2
2025-09-03 15:52:11.726487,1400,2,POINT (185.51416349305237 153.27558539018133),0.0194502425837438,185.51416349305237,153.27558539018133,False,n/a,2
2025-09-03 15:52:12.726487,1401,2,POINT (185.5333270739816 153.27893614881015),0.0194543161642981,185.5333270739816,153.27893614881015,False,n/a,2
2025-09-03 15:52:13.726487,1402,2,POINT (185.55247237357656 153.2822534754012),0.0194305726187666,185.55247237357656,153.2822534754012,False,n/a,2
2025-09-03 15:52:14.726487,1403,2,POINT (185.5715536929873 153.28551614383102),0.0193582477444663,185.5715536929873,153.28551614383102,False,n/a,2
2025-09-03 15:52:15.726487,1404,2,POINT (185.590725314008 153.2887216506006),0.0194377551742196,185.590725314008,153.2887216506006,False,n/a,2
2025-09-03 15:52:16.726487,1405,2,POINT (185.60990927607727 153.29188393274828),0.0194428503326157,185.60990927607727,153.29188393274828,False,n/a,2
2025-09-03 15:52:17.726487,1406,2,POINT (185.62911738544105 153.2950029787232),0.0194596997182206,185.62911738544105,153.2950029787232,False,n/a,2
2025-09-03 15:52:18.726487,1407,2,POINT (185.64834284801407 153.29808658087745),0.0194711841806168,185.64834284801407,153.29808658087745,False,n/a,2
2025-09-03 15:52:19.726487,1408,2,POINT (185.6677100625008 153.3011123162886),0.0196021445702195,185.6677100625008,153.3011123162886,False,n/a,2
2025-09-03 15:52:20.726487,1409,2,POINT (185.68705000140068 153.30409754712076),0.0195689764620352,185.68705000140068,153.30409754712076,False,n/a,2
2025-09-03 15:52:21.726487,1410,2,POINT (185.70649177201324 153.30702865975124),0.019661481780474,185.70649177201324,153.30702865975124,False,n/a,2
2025-09-03 15:52:22.726487,1411,2,POINT (185.72592031912228 153.30992240232715),0.0196428661061453,185.72592031912228,153.30992240232715,False,n/a,2
2025-09-03 15:52:23.726487,1412,2,POINT (185.7453942824084 153.31276971652244),0.0196810173567261,185.7453942824084,153.31276971652244,False,n/a,2
2025-09-03 15:52:24.726487,1413,2,POINT (185.76486367239409 153.31558813107523),0.0196723310008005,185.76486367239409,153.31558813107523,False,n/a,2
2025-09-03 15:52:25.726487,1414,2,POINT (185.78437918649604 153.3183727058886),0.0197131719303607,185.78437918649604,153.3183727058886,False,n/a,2
2025-09-03 15:52:26.726487,1415,2,POINT (185.8038571533663 153.32111392623247),0.0196699131256946,185.8038571533663,153.32111392623247,False,n/a,2
2025-09-03 15:52:27.726487,1416,2,POINT (185.82340687145884 153.3238217289492),0.0197363540972216,185.82340687145884,153.3238217289492,False,n/a,2
2025-09-03 15:52:28.726487,1417,2,POINT (185.84296057641015 153.32648173459572),0.0197338036719556,185.84296057641015,153.32648173459572,False,n/a,2
2025-09-03 15:52:29.726487,1418,2,POINT (185.86251301632728 153.32908641100056),0.0197251678290676,185.86251301632728,153.32908641100056,False,n/a,2
2025-09-03 15:52:30.726487,1419,2,POINT (185.8821253644971 153.33164677161264),0.0197787675854592,185.8821253644971,153.33164677161264,False,n/a,2
2025-09-03 15:52:31.726487,1420,2,POINT (185.90173764980625 153.33418909682163),0.0197763786501508,185.90173764980625,153.33418909682163,False,n/a,2
2025-09-03 15:52:32.726487,1421,2,POINT (185.92144465863905 153.33669769563502),0.0198660329493228,185.92144465863905,153.33669769563502,False,n/a,2
2025-09-03 15:52:33.726487,1422,2,POINT (185.94131281561428 153.33915258062797),0.0200192437899428,185.94131281561428,153.33915258062797,False,n/a,2
2025-09-03 15:52:34.726487,1423,2,POINT (185.96120607325236 153.3415875213878),0.0200417223800133,185.96120607325236,153.3415875213878,False,n/a,2
2025-09-03 15:52:35.726487,1424,2,POINT (185.98121053267965 153.3439979112753),0.0201491532424894,185.98121053267965,153.3439979112753,False,n/a,2
2025-09-03 15:52:36.726487,1425,2,POINT (186.00133283505303 153.34638348116596),0.0202632178221768,186.00133283505303,153.34638348116596,False,n/a,2
2025-09-03 15:52:37.726487,1426,2,POINT (186.02138858245465 153.348735981921),0.0201932479715337,186.02138858245465,153.348735981921,False,n/a,2
2025-09-03 15:52:38.726487,1427,2,POINT (186.04131400094656 153.3510435477207),0.0200585932208305,186.04131400094656,153.3510435477207,False,n/a,2
2025-09-03 15:52:39.726487,1428,2,POINT (186.06126599720207 153.35332520345855),0.0200820344458665,186.06126599720207,153.35332520345855,False,n/a,2
2025-09-03 15:52:40.726487,1429,2,POINT (186.0812232472993 153.35557066291082),0.0200831750377118,186.0812232472993,153.35557066291082,False,n/a,2
2025-09-03 15:52:41.726487,1430,2,POINT (186.1011297981354 153.35778746532412),0.0200296025704251,186.1011297981354,153.35778746532412,False,n/a,2
2025-09-03 15:52:42.726487,1431,2,POINT (186.12105739106116 153.35997969411267),0.0200478135185688,186.12105739106116,153.35997969411267,False,n/a,2
2025-09-03 15:52:43.726487,1432,2,POINT (186.1409622694653 153.36215348032573),0.0200232247848489,186.1409622694653,153.36215348032573,False,n/a,2
2025-09-03 15:52:44.726487,1433,2,POINT (186.1608909698751 153.36432531008012),0.020046694104177,186.1608909698751,153.36432531008012,False,n/a,2
2025-09-03 15:52:45.726487,1434,2,POINT (186.1809258732177 153.36647011935003),0.0201493811009085,186.1809258732177,153.36647011935003,False,n/a,2
2025-09-03 15:52:46.726487,1435,2,POINT (186.2010367131095 153.3685777705615),0.0202209810539411,186.2010367131095,153.3685777705615,False,n/a,2
2025-09-03 15:52:47.726487,1436,2,POINT (186.2211291236216 153.37067101467946),0.0202011542027624,186.2211291236216,153.37067101467946,False,n/a,2
2025-09-03 15:52:48.726487,1437,2,POINT (186.2411835356218 153.37275383899555),0.020162281562533,186.2411835356218,153.37275383899555,False,n/a,2
2025-09-03 15:52:49.726487,1438,2,POINT (186.26118689146028 153.3748200599354),0.0201097865173311,186.26118689146028,153.3748200599354,False,n/a,2
2025-09-03 15:52:50.726487,1439,2,POINT (186.28123744105773 153.3768607366692),0.020154128626447,186.28123744105773,153.3768607366692,False,n/a,2
2025-09-03 15:52:51.726487,1440,2,POINT (186.3012758961795 153.3788893824658),0.0201408809994917,186.3012758961795,153.3788893824658,False,n/a,2
2025-09-03 15:52:52.726487,1441,2,POINT (186.3212854990776 153.38089621824943),0.02010998751868,186.3212854990776,153.38089621824943,False,n/a,2
2025-09-03 15:52:53.726487,1442,2,POINT (186.34132358287695 153.38290064389173),0.0201380864162152,186.34132358287695,153.38290064389173,False,n/a,2
2025-09-03 15:52:54.726487,1443,2,POINT (186.36141511754184 153.38489530927114),0.0201903059700685,186.36141511754184,153.38489530927114,False,n/a,2
2025-09-03 15:52:55.726487,1444,2,POINT (186.38157175944224 153.3868710933953),0.0202532450636006,186.38157175944224,153.3868710933953,False,n/a,2
2025-09-03 15:52:56.726487,1445,2,POINT (186.401729635762 153.38880235397693),0.0202501788919969,186.401729635762,153.38880235397693,False,n/a,2
2025-09-03 15:52:57.726487,1446,2,POINT (186.42182765725423 153.3907216415871),0.0201894559815667,186.42182765725423,153.3907216415871,False,n/a,2
2025-09-03 15:52:58.726487,1447,2,POINT (186.4419697173438 153.3926308977666),0.0202323464731778,186.4419697173438,153.3926308977666,False,n/a,2
2025-09-03 15:52:59.726487,1448,2,POINT (186.46210167447728 153.39451469453795),0.0202199007984779,186.46210167447728,153.39451469453795,False,n/a,2
2025-09-03 15:53:00.726487,1449,2,POINT (186.48235648233063 153.39637706347048),0.0203402472752159,186.48235648233063,153.39637706347048,False,n/a,2
2025-09-03 15:53:01.726487,1450,2,POINT (186.50258367899147 153.3982165283384),0.020310665074207,186.50258367899147,153.3982165283384,False,n/a,2
2025-09-03 15:53:02.726487,1451,2,POINT (186.5227758895061 153.40003496232262),0.0202739258068963,186.5227758895061,153.40003496232262,False,n/a,2
2025-09-03 15:53:03.726487,1452,2,POINT (186.54306319831463 153.40184021782235),0.0203674702923941,186.54306319831463,153.40184021782235,False,n/a,2
2025-09-03 15:53:04.726487,1453,2,POINT (186.56338188030776 153.40360379385845),0.0203950738751287,186.56338188030776,153.40360379385845,False,n/a,2
2025-09-03 15:53:05.726487,1454,2,POINT (186.58375489623072 153.40534921810652),0.0204476473855256,186.58375489623072,153.40534921810652,False,n/a,2
2025-09-03 15:53:06.726487,1455,2,POINT (186.60417933836212 153.4070945924591),0.0204988821161221,186.60417933836212,153.4070945924591,False,n/a,2
2025-09-03 15:53:07.726487,1456,2,POINT (186.624540145364 153.40885021692563),0.0204363567945207,186.624540145364,153.40885021692563,False,n/a,2
2025-09-03 15:53:08.726487,1457,2,POINT (186.64493466427325 153.41058290346473),0.0204679897445732,186.64493466427325,153.41058290346473,False,n/a,2
2025-09-03 15:53:09.726487,1458,2,POINT (186.6653886412383 153.4123169086244),0.0205273463355814,186.6653886412383,153.4123169086244,False,n/a,2
2025-09-03 15:53:10.726487,1459,2,POINT (186.68584026157816 153.41406619498446),0.0205262947775543,186.68584026157816,153.41406619498446,False,n/a,2
2025-09-03 15:53:11.726487,1460,2,POINT (186.7063466467774 153.41579133934084),0.0205788230224666,186.7063466467774,153.41579133934084,False,n/a,2
2025-09-03 15:53:12.726487,1461,2,POINT (186.7269481070244 153.4174953047984),0.0206718084014733,186.7269481070244,153.4174953047984,False,n/a,2
2025-09-03 15:53:13.726487,1462,2,POINT (186.74751153367563 153.4191699644136),0.0206315050461514,186.74751153367563,153.4191699644136,False,n/a,2
2025-09-03 15:53:14.726487,1463,2,POINT (186.7681451363254 153.42083749319323),0.0207008746322162,186.7681451363254,153.42083749319323,False,n/a,2
2025-09-03 15:53:15.726487,1464,2,POINT (186.78883423697508 153.42247532837172),0.020753828315877,186.78883423697508,153.42247532837172,False,n/a,2
2025-09-03 15:53:16.726487,1465,2,POINT (186.809406707783 153.4241126271685),0.0206375217139388,186.809406707783,153.4241126271685,False,n/a,2
2025-09-03 15:53:17.726487,1466,2,POINT (186.8299885575392 153.42574039061824),0.0206461171466508,186.8299885575392,153.42574039061824,False,n/a,2
2025-09-03 15:53:18.726487,1467,2,POINT (186.85057535297247 153.4273448236036),0.0206492215692778,186.85057535297247,153.4273448236036,False,n/a,2
2025-09-03 15:53:19.726487,1468,2,POINT (186.87114927276065 153.42893781466506),0.0206354984425163,186.87114927276065,153.42893781466506,False,n/a,2
2025-09-03 15:53:20.726487,1469,2,POINT (186.89169377720697 153.42946946246337),0.0205513822485859,186.89169377720697,153.42946946246337,False,n/a,2
2025-09-03 15:53:21.726487,1470,2,POINT (186.91241516390224 153.42893708568934),0.0207282245164533,186.91241516390224,153.42893708568934,False,n/a,2
2025-09-03 15:53:22.726487,1471,2,POINT (186.9331827815677 153.42734700582977),0.0208284012218499,186.9331827815677,153.42734700582977,False,n/a,2
2025-09-03 15:53:23.726487,1472,2,POINT (186.9540820043173 153.42472513686062),0.021063041291106,186.9540820043173,153.42472513686062,False,n/a,2
2025-09-03 15:53:24.726487,1473,2,POINT (186.9750606402446 153.4221173107153),0.0211401022365768,186.9750606402446,153.4221173107153,False,n/a,2
2025-09-03 15:53:25.726487,1474,2,POINT (186.9959891609977 153.41954116368228),0.0210864770516255,186.9959891609977,153.41954116368228,False,n/a,2
2025-09-03 15:53:26.726487,1475,2,POINT (187.0167857739862 153.41698330999753),0.0209533225829757,187.0167857739862,153.41698330999753,False,n/a,2
2025-09-03 15:53:27.726487,1476,2,POINT (187.03755813212868 153.41447173836485),0.0209236434414505,187.03755813212868,153.41447173836485,False,n/a,2
2025-09-03 15:53:28.726487,1477,2,POINT (187.058324875248 153.41196347864408),0.0209176716345637,187.058324875248,153.41196347864408,False,n/a,2
2025-09-03 15:53:29.726487,1478,2,POINT (187.07907278960863 153.40946336843405),0.0208980023298592,187.07907278960863,153.40946336843405,False,n/a,2
2025-09-03 15:53:30.726487,1479,2,POINT (187.09980035963477 153.4069806994331),0.0208757228510642,187.09980035963477,153.4069806994331,False,n/a,2
2025-09-03 15:53:31.726487,1480,2,POINT (187.1206075137581 153.40451345518528),0.0209529223950179,187.1206075137581,153.40451345518528,False,n/a,2
2025-09-03 15:53:32.726487,1481,2,POINT (187.14136339627885 153.4020674022553),0.0208995175578577,187.14136339627885,153.4020674022553,False,n/a,2
2025-09-03 15:53:33.726487,1482,2,POINT (187.16211604644928 153.399636675118),0.0208945189825618,187.16211604644928,153.399636675118,False,n/a,2
2025-09-03 15:53:34.726487,1483,2,POINT (187.1829374562299 153.39721545488976),0.0209617130178916,187.1829374562299,153.39721545488976,False,n/a,2
2025-09-03 15:53:35.726487,1484,2,POINT (187.20371705777572 153.39480685642798),0.0209187281390564,187.20371705777572,153.39480685642798,False,n/a,2
2025-09-03 15:53:36.726487,1485,2,POINT (187.22446821378415 153.39240878777923),0.0208892606123407,187.22446821378415,153.39240878777923,False,n/a,2
2025-09-03 15:53:37.726487,1486,2,POINT (187.2451573678393 153.39003605091867),0.0208247683234783,187.2451573678393,153.39003605091867,False,n/a,2
2025-09-03 15:53:38.726487,1487,2,POINT (187.265933766157 153.38769984905505),0.0209073328333004,187.265933766157,153.38769984905505,False,n/a,2
2025-09-03 15:53:39.726487,1488,2,POINT (187.2866068785228 153.3853909926856),0.0208016439885015,187.2866068785228,153.3853909926856,False,n/a,2
2025-09-03 15:53:40.726487,1489,2,POINT (187.3072905171006 153.3831052846948),0.0208095498710542,187.3072905171006,153.3831052846948,False,n/a,2
2025-09-03 15:53:41.726487,1490,2,POINT (187.3279875585301 153.3808216704494),0.0208226419542978,187.3279875585301,153.3808216704494,False,n/a,2
2025-09-03 15:53:42.726487,1491,2,POINT (187.3487297718719 153.3775084769085),0.0210051580749864,187.3487297718719,153.3775084769085,False,n/a,2
2025-09-03 15:53:43.726487,1492,2,POINT (187.36953945594084 153.37316849881444),0.0212574307221383,187.36953945594084,153.37316849881444,False,n/a,2
2025-09-03 15:53:44.726487,1493,2,POINT (187.3903775822603 153.36781221778588),0.0215155119614352,187.3903775822603,153.36781221778588,False,n/a,2
2025-09-03 15:53:45.726487,1494,2,POINT (187.41112895451383 153.3614593245935),0.0217020437359751,187.41112895451383,153.3614593245935,False,n/a,2
2025-09-03 15:53:46.726487,1495,2,POINT (187.43190081420244 153.35412648936725),0.0220281780313029,187.43190081420244,153.35412648936725,False,n/a,2
2025-09-03 15:53:47.726487,1496,2,POINT (187.452505500203 153.3458264752682),0.0222135841148059,187.452505500203,153.3458264752682,False,n/a,2
2025-09-03 15:53:48.726487,1497,2,POINT (187.47314472437745 153.33655668061226),0.0226253545272973,187.47314472437745,153.33655668061226,False,n/a,2
2025-09-03 15:53:49.726487,1498,2,POINT (187.4936348879042 153.32633320590585),0.0228990444435359,187.4936348879042,153.32633320590585,False,n/a,2
2025-09-03 15:53:50.726487,1499,2,POINT (187.51411900292996 153.31516964901024),0.0233286084228905,187.51411900292996,153.31516964901024,False,n/a,2
2025-09-03 15:53:51.726487,1500,2,POINT (187.53460352854097 153.30307769716418),0.0237872043114934,187.53460352854097,153.30307769716418,False,n/a,2
2025-09-03 15:28:51.726487,0,3,POINT (68.57316571787659 62.42832062009285),0.0010316323661001,68.57316571787659,62.42832062009285,False,n/a,3
2025-09-03 15:28:52.726487,1,3,POINT (68.57271627773838 62.429249204446016),0.0010316323661001,68.57271627773838,62.429249204446016,False,n/a,3
2025-09-03 15:28:53.726487,2,3,POINT (68.57175495093095 62.431063483594215),0.0020532311263638,68.57175495093095,62.431063483594215,False,n/a,3
2025-09-03 15:28:54.726487,3,3,POINT (68.57044796590458 62.43384948145897),0.0030773355295758,68.57044796590458,62.43384948145897,False,n/a,3
2025-09-03 15:28:55.726487,4,3,POINT (68.56873013779831 62.437499124933545),0.0040337118010808,68.56873013779831,62.437499124933545,False,n/a,3
2025-09-03 15:28:56.726487,5,3,POINT (68.56655077115074 62.44200095701755),0.0050016128495803,68.56655077115074,62.44200095701755,False,n/a,3
2025-09-03 15:28:57.726487,6,3,POINT (68.56386798117569 62.4472987120322),0.0059383137543855,68.56386798117569,62.4472987120322,False,n/a,3
2025-09-03 15:28:58.726487,7,3,POINT (68.56078169728016 62.45344639969314),0.0068788961222195,68.56078169728016,62.45344639969314,False,n/a,3
2025-09-03 15:28:59.726487,8,3,POINT (68.55728367952437 62.46038660523084),0.0077719097476276,68.55728367952437,62.46038660523084,False,n/a,3
2025-09-03 15:29:00.726487,9,3,POINT (68.55327909180119 62.46810542001084),0.0086957934911444,68.55327909180119,62.46810542001084,False,n/a,3
2025-09-03 15:29:01.726487,10,3,POINT (68.54882371210408 62.4765486328239),0.009546635577629,68.54882371210408,62.4765486328239,False,n/a,3
2025-09-03 15:29:02.726487,11,3,POINT (68.54394263145421 62.48573824552287),0.0104054759558386,68.54394263145421,62.48573824552287,False,n/a,3
2025-09-03 15:29:03.726487,12,3,POINT (68.53864172953735 62.49566447466521),0.0112529812102653,68.53864172953735,62.49566447466521,False,n/a,3
2025-09-03 15:29:04.726487,13,3,POINT (68.53291665993726 62.506301848275726),0.0120801547695187,68.53291665993726,62.506301848275726,False,n/a,3
2025-09-03 15:29:05.726487,14,3,POINT (68.52731768300099 62.51672964844353),0.011835859033992,68.52731768300099,62.51672964844353,False,n/a,3
2025-09-03 15:29:06.726487,15,3,POINT (68.52189165552916 62.527005180115246),0.0116201688998686,68.52189165552916,62.527005180115246,False,n/a,3
2025-09-03 15:29:07.726487,16,3,POINT (68.51667165465508 62.53713971350601),0.0113998761473014,68.51667165465508,62.53713971350601,False,n/a,3
2025-09-03 15:29:08.726487,17,3,POINT (68.51157817076333 62.54709216079789),0.0111801066745011,68.51157817076333,62.54709216079789,False,n/a,3
2025-09-03 15:29:09.726487,18,3,POINT (68.50668947654934 62.55693611414335),0.0109910303696,68.50668947654934,62.55693611414335,False,n/a,3
2025-09-03 15:29:10.726487,19,3,POINT (68.50205689811024 62.56673144919072),0.0108355605154824,68.50205689811024,62.56673144919072,False,n/a,3
2025-09-03 15:29:11.726487,20,3,POINT (68.49749014671309 62.57633174551444),0.0106311291886875,68.49749014671309,62.57633174551444,False,n/a,3
2025-09-03 15:29:12.726487,21,3,POINT (68.49314154850128 62.58582328146518),0.0104402854899654,68.49314154850128,62.58582328146518,False,n/a,3
2025-09-03 15:29:13.726487,22,3,POINT (68.48887421121793 62.59514807278708),0.0102548476676528,68.48887421121793,62.59514807278708,False,n/a,3
2025-09-03 15:29:14.726487,23,3,POINT (68.48483880653583 62.60440405001008),0.0100974058698749,68.48483880653583,62.60440405001008,False,n/a,3
2025-09-03 15:29:15.726487,24,3,POINT (68.48097346742335 62.6135427846086),0.0099225660248092,68.48097346742335,62.6135427846086,False,n/a,3
2025-09-03 15:29:16.726487,25,3,POINT (68.47731970982161 62.622623795358415),0.0097884983961056,68.47731970982161,62.622623795358415,False,n/a,3
2025-09-03 15:29:17.726487,26,3,POINT (68.4738768186941 62.631636008868895),0.0096474603743392,68.4738768186941,62.631636008868895,False,n/a,3
2025-09-03 15:29:18.726487,27,3,POINT (68.47060316913242 62.640555832047816),0.0095015802367758,68.47060316913242,62.640555832047816,False,n/a,3
2025-09-03 15:29:19.726487,28,3,POINT (68.46746767449504 62.6493839587439),0.0093684122231608,68.46746767449504,62.6493839587439,False,n/a,3
2025-09-03 15:29:20.726487,29,3,POINT (68.4644562619887 62.65811868550886),0.0092392671214714,68.4644562619887,62.65811868550886,False,n/a,3
2025-09-03 15:29:21.726487,30,3,POINT (68.46155076561436 62.666700314513456),0.0090601471044245,68.46155076561436,62.666700314513456,False,n/a,3
2025-09-03 15:29:22.726487,31,3,POINT (68.45887968550178 62.67530665661887),0.0090113147433183,68.45887968550178,62.67530665661887,False,n/a,3
2025-09-03 15:29:23.726487,32,3,POINT (68.4563756365455 62.68384069126575),0.0088938185572733,68.4563756365455,62.68384069126575,False,n/a,3
2025-09-03 15:29:24.726487,33,3,POINT (68.45392832555828 62.69222302870856),0.0087322913415278,68.45392832555828,62.69222302870856,False,n/a,3
2025-09-03 15:29:25.726487,34,3,POINT (68.45156522667298 62.70050471689559),0.0086122352248887,68.45156522667298,62.70050471689559,False,n/a,3
2025-09-03 15:29:26.726487,35,3,POINT (68.44940841507601 62.70878097231949),0.0085526744417463,68.44940841507601,62.70878097231949,False,n/a,3
2025-09-03 15:29:27.726487,36,3,POINT (68.44735772603285 62.716952497253295),0.0084249121832556,68.44735772603285,62.716952497253295,False,n/a,3
2025-09-03 15:29:28.726487,37,3,POINT (68.44554815188678 62.72515014906604),0.0083950017172769,68.44554815188678,62.72515014906604,False,n/a,3
2025-09-03 15:29:29.726487,38,3,POINT (68.44380610057911 62.733238465255695),0.0082737900349492,68.44380610057911,62.733238465255695,False,n/a,3
2025-09-03 15:29:30.726487,39,3,POINT (68.44219456739849 62.741291734255725),0.0082129276618684,68.44219456739849,62.741291734255725,False,n/a,3
2025-09-03 15:29:31.726487,40,3,POINT (68.44078278663105 62.749358423436185),0.0081892978495999,68.44078278663105,62.749358423436185,False,n/a,3
2025-09-03 15:29:32.726487,41,3,POINT (68.43944143023158 62.7573358408362),0.0080894020399794,68.43944143023158,62.7573358408362,False,n/a,3
2025-09-03 15:29:33.726487,42,3,POINT (68.43825909064748 62.76530485569304),0.0080562475558216,68.43825909064748,62.76530485569304,False,n/a,3
2025-09-03 15:29:34.726487,43,3,POINT (68.43716782074924 62.77319300109934),0.007963272439249,68.43716782074924,62.77319300109934,False,n/a,3
2025-09-03 15:29:35.726487,44,3,POINT (68.43612715349519 62.78100431621797),0.0078803319864262,68.43612715349519,62.78100431621797,False,n/a,3
2025-09-03 15:29:36.726487,45,3,POINT (68.43516487426085 62.78875608613991),0.0078112686708062,68.43516487426085,62.78875608613991,False,n/a,3
2025-09-03 15:29:37.726487,46,3,POINT (68.43425820092315 62.796389546124495),0.0076871170068827,68.43425820092315,62.796389546124495,False,n/a,3
2025-09-03 15:29:38.726487,47,3,POINT (68.43339318623005 62.80391319651352),0.0075732136900768,68.43339318623005,62.80391319651352,False,n/a,3
2025-09-03 15:29:39.726487,48,3,POINT (68.4326536475308 62.8113990755512),0.0075223202839601,68.4326536475308,62.8113990755512,False,n/a,3
2025-09-03 15:29:40.726487,49,3,POINT (68.43211553935156 62.818951534091575),0.007571604216851,68.43211553935156,62.818951534091575,False,n/a,3
2025-09-03 15:29:41.726487,50,3,POINT (68.4316386051561 62.826448144992405),0.0075117668510973,68.4316386051561,62.826448144992405,False,n/a,3
2025-09-03 15:29:42.726487,51,3,POINT (68.43122365318129 62.83389655317518),0.0074599577477771,68.43122365318129,62.83389655317518,False,n/a,3
2025-09-03 15:29:43.726487,52,3,POINT (68.43088275848575 62.84126873939564),0.0073800636083001,68.43088275848575,62.84126873939564,False,n/a,3
2025-09-03 15:29:44.726487,53,3,POINT (68.4306480786489 62.84859828214022),0.0073332988123035,68.4306480786489,62.84859828214022,False,n/a,3
2025-09-03 15:29:45.726487,54,3,POINT (68.43051816512717 62.85589532940505),0.007298203635708,68.43051816512717,62.85589532940505,False,n/a,3
2025-09-03 15:29:46.726487,55,3,POINT (68.43058153938189 62.863233043316974),0.0073379875817141,68.43058153938189,62.863233043316974,False,n/a,3
2025-09-03 15:29:47.726487,56,3,POINT (68.43076367991505 62.87056918798943),0.0073384054009741,68.43076367991505,62.87056918798943,False,n/a,3
2025-09-03 15:29:48.726487,57,3,POINT (68.43099377334998 62.87784320121743),0.0072776515051151,68.43099377334998,62.87784320121743,False,n/a,3
2025-09-03 15:29:49.726487,58,3,POINT (68.43138074939502 62.88514257823384),0.0073096275751306,68.43138074939502,62.88514257823384,False,n/a,3
2025-09-03 15:29:50.726487,59,3,POINT (68.43182160321852 62.89239172819621),0.0072625427551664,68.43182160321852,62.89239172819621,False,n/a,3
2025-09-03 15:29:51.726487,60,3,POINT (68.43233787905048 62.8996443161666),0.0072709403107804,68.43233787905048,62.8996443161666,False,n/a,3
2025-09-03 15:29:52.726487,61,3,POINT (68.43294602164258 62.90685897731612),0.0072402467440479,68.43294602164258,62.90685897731612,False,n/a,3
2025-09-03 15:29:53.726487,62,3,POINT (68.43358692390252 62.91397605380771),0.0071458752783639,68.43358692390252,62.91397605380771,False,n/a,3
2025-09-03 15:29:54.726487,63,3,POINT (68.4343417398504 62.921131884918175),0.0071955309739229,68.4343417398504,62.921131884918175,False,n/a,3
2025-09-03 15:29:55.726487,64,3,POINT (68.43520184061066 62.92828221337894),0.0072018727019202,68.43520184061066,62.92828221337894,False,n/a,3
2025-09-03 15:29:56.726487,65,3,POINT (68.4361469947868 62.93541796272545),0.0071980716273795,68.4361469947868,62.93541796272545,False,n/a,3
2025-09-03 15:29:57.726487,66,3,POINT (68.43715214800349 62.94250105800859),0.0071540598109754,68.43715214800349,62.94250105800859,False,n/a,3
2025-09-03 15:29:58.726487,67,3,POINT (68.43819078064202 62.94951593868596),0.0070913545021816,68.43819078064202,62.94951593868596,False,n/a,3
2025-09-03 15:29:59.726487,68,3,POINT (68.4393384077242 62.95652982176527),0.0071071515932877,68.4393384077242,62.95652982176527,False,n/a,3
2025-09-03 15:30:00.726487,69,3,POINT (68.44051088167843 62.963483386628255),0.0070517203203954,68.44051088167843,62.963483386628255,False,n/a,3
2025-09-03 15:30:01.726487,70,3,POINT (68.44171583799408 62.97036037852722),0.0069817574650671,68.44171583799408,62.97036037852722,False,n/a,3
2025-09-03 15:30:02.726487,71,3,POINT (68.44306814116923 62.9772862568825),0.0070566645711484,68.44306814116923,62.9772862568825,False,n/a,3
2025-09-03 15:30:03.726487,72,3,POINT (68.44452231018454 62.98424720896229),0.0071112208081494,68.44452231018454,62.98424720896229,False,n/a,3
2025-09-03 15:30:04.726487,73,3,POINT (68.44604700151801 62.9911787220438),0.0070972217988047,68.44604700151801,62.9911787220438,False,n/a,3
2025-09-03 15:30:05.726487,74,3,POINT (68.44759229078822 62.99806600506613),0.0070585116248614,68.44759229078822,62.99806600506613,False,n/a,3
2025-09-03 15:30:06.726487,75,3,POINT (68.44914150119318 63.00487646977791),0.0069844457524693,68.44914150119318,63.00487646977791,False,n/a,3
2025-09-03 15:30:07.726487,76,3,POINT (68.4507256730874 63.011652068582144),0.0069583288041349,68.4507256730874,63.011652068582144,False,n/a,3
2025-09-03 15:30:08.726487,77,3,POINT (68.45237048554054 63.01840384900746),0.0069492407439739,68.45237048554054,63.01840384900746,False,n/a,3
2025-09-03 15:30:09.726487,78,3,POINT (68.4540352563443 63.02511801438417),0.0069174763125584,68.4540352563443,63.02511801438417,False,n/a,3
2025-09-03 15:30:10.726487,79,3,POINT (68.45581435899906 63.03188389504452),0.0069958807427113,68.45581435899906,63.03188389504452,False,n/a,3
2025-09-03 15:30:11.726487,80,3,POINT (68.45685569499275 63.03932189275872),0.0075105386390249,68.45685569499275,63.03932189275872,False,n/a,3
2025-09-03 15:30:12.726487,81,3,POINT (68.4571365781294 63.04738557234083),0.0080685701173969,68.4571365781294,63.04738557234083,False,n/a,3
2025-09-03 15:30:13.726487,82,3,POINT (68.45669434085204 63.05606761589146),0.008693299375064,68.45669434085204,63.05606761589146,False,n/a,3
2025-09-03 15:30:14.726487,83,3,POINT (68.45552592692034 63.06535360426862),0.0093592078327508,68.45552592692034,63.06535360426862,False,n/a,3
2025-09-03 15:30:15.726487,84,3,POINT (68.45364422486479 63.07524738618952),0.0100711331698124,68.45364422486479,63.07524738618952,False,n/a,3
2025-09-03 15:30:16.726487,85,3,POINT (68.4510473014856 63.08570454441687),0.0107747932337134,68.4510473014856,63.08570454441687,False,n/a,3
2025-09-03 15:30:17.726487,86,3,POINT (68.44770497642969 63.09665806369593),0.0114521055433565,68.44770497642969,63.09665806369593,False,n/a,3
2025-09-03 15:30:18.726487,87,3,POINT (68.44359033101667 63.10811279992911),0.012171330619393,68.44359033101667,63.10811279992911,False,n/a,3
2025-09-03 15:30:19.726487,88,3,POINT (68.438809111705 63.12009652609983),0.0129023157239711,68.438809111705,63.12009652609983,False,n/a,3
2025-09-03 15:30:20.726487,89,3,POINT (68.43330874102949 63.1325410916851),0.0136059284936399,68.43330874102949,63.1325410916851,False,n/a,3
2025-09-03 15:30:21.726487,90,3,POINT (68.42713455505589 63.145508783302),0.0143625066860802,68.42713455505589,63.145508783302,False,n/a,3
2025-09-03 15:30:22.726487,91,3,POINT (68.4202708177605 63.15895168156817),0.0150937869156396,68.4202708177605,63.15895168156817,False,n/a,3
2025-09-03 15:30:23.726487,92,3,POINT (68.41272422405514 63.172854055455225),0.015818567452498,68.41272422405514,63.172854055455225,False,n/a,3
2025-09-03 15:30:24.726487,93,3,POINT (68.4045427846528 63.18725674875842),0.0165642242522863,68.4045427846528,63.18725674875842,False,n/a,3
2025-09-03 15:30:25.726487,94,3,POINT (68.39571166913002 63.202055830746914),0.0172337294013464,68.39571166913002,63.202055830746914,False,n/a,3
2025-09-03 15:30:26.726487,95,3,POINT (68.38625806520493 63.21731051930497),0.0179464801611832,68.38625806520493,63.21731051930497,False,n/a,3
2025-09-03 15:30:27.726487,96,3,POINT (68.37773691477561 63.231614955482),0.0166501321010289,68.37773691477561,63.231614955482,False,n/a,3
2025-09-03 15:30:28.726487,97,3,POINT (68.37020839749242 63.24506342946205),0.0154123335311541,68.37020839749242,63.24506342946205,False,n/a,3
2025-09-03 15:30:29.726487,98,3,POINT (68.36362138574626 63.25765637292027),0.0142116483451461,68.36362138574626,63.25765637292027,False,n/a,3
2025-09-03 15:30:30.726487,99,3,POINT (68.35796491262542 63.26943200835421),0.0130637390528015,68.35796491262542,63.26943200835421,False,n/a,3
2025-09-03 15:30:31.726487,100,3,POINT (68.35326394829615 63.280430244141655),0.0119607799102479,68.35326394829615,63.280430244141655,False,n/a,3
2025-09-03 15:30:32.726487,101,3,POINT (68.34964747037203 63.29086344295505),0.0110422167183684,68.34964747037203,63.29086344295505,False,n/a,3
2025-09-03 15:30:33.726487,102,3,POINT (68.34704308474983 63.300701863663136),0.0101772956377634,68.34704308474983,63.300701863663136,False,n/a,3
2025-09-03 15:30:34.726487,103,3,POINT (68.34539054895991 63.309825852794674),0.0092724350744224,68.34539054895991,63.309825852794674,False,n/a,3
2025-09-03 15:30:35.726487,104,3,POINT (68.3447177472514 63.31830851325026),0.0085093002381934,68.3447177472514,63.31830851325026,False,n/a,3
2025-09-03 15:30:36.726487,105,3,POINT (68.34496653889936 63.32615541207116),0.0078508418904952,68.34496653889936,63.32615541207116,False,n/a,3
2025-09-03 15:30:37.726487,106,3,POINT (68.34617290370615 63.33342112214845),0.007365178814823,68.34617290370615,63.33342112214845,False,n/a,3
2025-09-03 15:30:38.726487,107,3,POINT (68.34836259533944 63.34016043494066),0.0070861192736288,68.34836259533944,63.34016043494066,False,n/a,3
2025-09-03 15:30:39.726487,108,3,POINT (68.35149747818322 63.34639574877139),0.0069790134698251,68.35149747818322,63.34639574877139,False,n/a,3
2025-09-03 15:30:40.726487,109,3,POINT (68.35560322484856 63.35213878289421),0.0070597164685148,68.35560322484856,63.35213878289421,False,n/a,3
2025-09-03 15:30:41.726487,110,3,POINT (68.36060747113225 63.35729379464596),0.0071844712420934,68.36060747113225,63.35729379464596,False,n/a,3
2025-09-03 15:30:42.726487,111,3,POINT (68.36648400266897 63.361899318708566),0.0074662222571585,68.36648400266897,63.361899318708566,False,n/a,3
2025-09-03 15:30:43.726487,112,3,POINT (68.37319337556364 63.36593080024816),0.0078274215450478,68.37319337556364,63.36593080024816,False,n/a,3
2025-09-03 15:30:44.726487,113,3,POINT (68.38075540954249 63.36944087902036),0.0083369665277146,68.38075540954249,63.36944087902036,False,n/a,3
2025-09-03 15:30:45.726487,114,3,POINT (68.3892067618567 63.3725141174768),0.0089927832481987,68.3892067618567,63.3725141174768,False,n/a,3
2025-09-03 15:30:46.726487,115,3,POINT (68.39847045484278 63.375050051029646),0.009604528448852,68.39847045484278,63.375050051029646,False,n/a,3
2025-09-03 15:30:47.726487,116,3,POINT (68.40854123014263 63.37712194434349),0.0102816952417422,68.40854123014263,63.37712194434349,False,n/a,3
2025-09-03 15:30:48.726487,117,3,POINT (68.41937311014503 63.378630027611855),0.0109363586047045,68.41937311014503,63.378630027611855,False,n/a,3
2025-09-03 15:30:49.726487,118,3,POINT (68.43103820976799 63.37970006692717),0.0117140741567522,68.43103820976799,63.37970006692717,False,n/a,3
2025-09-03 15:30:50.726487,119,3,POINT (68.44344516445327 63.380261033835644),0.0124196299636854,68.44344516445327,63.380261033835644,False,n/a,3
2025-09-03 15:30:51.726487,120,3,POINT (68.45658540064957 63.38032802024667),0.0131404069371536,68.45658540064957,63.38032802024667,False,n/a,3
2025-09-03 15:30:52.726487,121,3,POINT (68.47043349325817 63.37986569473194),0.0138558079438864,68.47043349325817,63.37986569473194,False,n/a,3
2025-09-03 15:30:53.726487,122,3,POINT (68.48493784533592 63.37885310672784),0.0145396548673411,68.48493784533592,63.37885310672784,False,n/a,3
2025-09-03 15:30:54.726487,123,3,POINT (68.50011180871407 63.37730755623252),0.0152524716336364,68.50011180871407,63.37730755623252,False,n/a,3
2025-09-03 15:30:55.726487,124,3,POINT (68.51590425995164 63.37521308931143),0.015930734690361,68.51590425995164,63.37521308931143,False,n/a,3
2025-09-03 15:30:56.726487,125,3,POINT (68.53227773976867 63.37250873385836),0.0165953119806576,68.53227773976867,63.37250873385836,False,n/a,3
2025-09-03 15:30:57.726487,126,3,POINT (68.54923476421642 63.36921413404822),0.0172741154919871,68.54923476421642,63.36921413404822,False,n/a,3
2025-09-03 15:30:58.726487,127,3,POINT (68.56673014681131 63.36529304687121),0.017929398673442,68.56673014681131,63.36529304687121,False,n/a,3
2025-09-03 15:30:59.726487,128,3,POINT (68.58482150694735 63.36084319594574),0.0186305792940206,68.58482150694735,63.36084319594574,False,n/a,3
2025-09-03 15:31:00.726487,129,3,POINT (68.60343753496028 63.35581051056978),0.0192843050450756,68.60343753496028,63.35581051056978,False,n/a,3
2025-09-03 15:31:01.726487,130,3,POINT (68.62257199835265 63.35021042946377),0.0199371160830266,68.62257199835265,63.35021042946377,False,n/a,3
2025-09-03 15:31:02.726487,131,3,POINT (68.64213749848712 63.34395348763614),0.0205416191315575,68.64213749848712,63.34395348763614,False,n/a,3
2025-09-03 15:31:03.726487,132,3,POINT (68.66133987840978 63.33774900246215),0.0201798669710313,68.66133987840978,63.33774900246215,False,n/a,3
2025-09-03 15:31:04.726487,133,3,POINT (68.68023044735001 63.33160759972977),0.0198637967772285,68.68023044735001,63.33160759972977,False,n/a,3
2025-09-03 15:31:05.726487,134,3,POINT (68.69883268658823 63.32555290366224),0.0195627873562569,68.69883268658823,63.32555290366224,False,n/a,3
2025-09-03 15:31:06.726487,135,3,POINT (68.71713162840626 63.319615358920046),0.0192381316459075,68.71713162840626,63.319615358920046,False,n/a,3
2025-09-03 15:31:07.726487,136,3,POINT (68.73511299802524 63.31372251561577),0.0189223480462412,68.73511299802524,63.31372251561577,False,n/a,3
2025-09-03 15:31:08.726487,137,3,POINT (68.75276311888862 63.30787917726025),0.0185922395000994,68.75276311888862,63.30787917726025,False,n/a,3
2025-09-03 15:31:09.726487,138,3,POINT (68.77007446576886 63.30208440842113),0.0182554670361125,68.77007446576886,63.30208440842113,False,n/a,3
2025-09-03 15:31:10.726487,139,3,POINT (68.78708463855656 63.29638404900865),0.0179399017750678,68.78708463855656,63.29638404900865,False,n/a,3
2025-09-03 15:31:11.726487,140,3,POINT (68.8038111880159 63.29075089584412),0.0176496422454012,68.8038111880159,63.29075089584412,False,n/a,3
2025-09-03 15:31:12.726487,141,3,POINT (68.8203097653551 63.28523678071469),0.0173956465783358,68.8203097653551,63.28523678071469,False,n/a,3
2025-09-03 15:31:13.726487,142,3,POINT (68.83662047262506 63.27989214459637),0.0171640411000226,68.83662047262506,63.27989214459637,False,n/a,3
2025-09-03 15:31:14.726487,143,3,POINT (68.85268176232286 63.27465010087206),0.0168950894985604,68.85268176232286,63.27465010087206,False,n/a,3
2025-09-03 15:31:15.726487,144,3,POINT (68.86842957176661 63.26944933526698),0.0165843741261363,68.86842957176661,63.26944933526698,False,n/a,3
2025-09-03 15:31:16.726487,145,3,POINT (68.88400508945236 63.264397992046526),0.0163741509553894,68.88400508945236,63.264397992046526,False,n/a,3
2025-09-03 15:31:17.726487,146,3,POINT (68.89944701512276 63.2595149273976),0.0161955978208843,68.89944701512276,63.2595149273976,False,n/a,3
2025-09-03 15:31:18.726487,147,3,POINT (68.91473880598389 63.25479206839925),0.016004507641872,68.91473880598389,63.25479206839925,False,n/a,3
2025-09-03 15:31:19.726487,148,3,POINT (68.92989684970469 63.25024037968624),0.0158266913655976,68.92989684970469,63.25024037968624,False,n/a,3
2025-09-03 15:31:20.726487,149,3,POINT (68.94483877622622 63.24578795462059),0.0155911916523413,68.94483877622622,63.24578795462059,False,n/a,3
2025-09-03 15:31:21.726487,150,3,POINT (68.95963718393008 63.24150514479266),0.0154056914999613,68.95963718393008,63.24150514479266,False,n/a,3
2025-09-03 15:31:22.726487,151,3,POINT (68.97420935899659 63.23729315929696),0.0151686884068766,68.97420935899659,63.23729315929696,False,n/a,3
2025-09-03 15:31:23.726487,152,3,POINT (68.98864185000133 63.23320553949437),0.0150001810739881,68.98864185000133,63.23320553949437,False,n/a,3
2025-09-03 15:31:24.726487,153,3,POINT (69.0029603862634 63.22930769631866),0.0148395977745517,69.0029603862634,63.22930769631866,False,n/a,3
2025-09-03 15:31:25.726487,154,3,POINT (69.01712406383393 63.225529174731214),0.0146590241049306,69.01712406383393,63.225529174731214,False,n/a,3
2025-09-03 15:31:26.726487,155,3,POINT (69.0311089754627 63.22183774043342),0.0144639012869751,69.0311089754627,63.22183774043342,False,n/a,3
2025-09-03 15:31:27.726487,156,3,POINT (69.04492822473229 63.21824747235621),0.0142780137008355,69.04492822473229,63.21824747235621,False,n/a,3
2025-09-03 15:31:28.726487,157,3,POINT (69.0586824611699 63.21484380109954),0.014169121285565,69.0586824611699,63.21484380109954,False,n/a,3
2025-09-03 15:31:29.726487,158,3,POINT (69.0723017621951 63.21154254148451),0.0140136959957347,69.0723017621951,63.21154254148451,False,n/a,3
2025-09-03 15:31:30.726487,159,3,POINT (69.08582015893055 63.20836737845016),0.0138862777803034,69.08582015893055,63.20836737845016,False,n/a,3
2025-09-03 15:31:31.726487,160,3,POINT (69.09920749382907 63.20529718440444),0.0137348763068193,69.09920749382907,63.20529718440444,False,n/a,3
2025-09-03 15:31:32.726487,161,3,POINT (69.11247689365365 63.20233064954971),0.0135969592464226,69.11247689365365,63.20233064954971,False,n/a,3
2025-09-03 15:31:33.726487,162,3,POINT (69.1255556181769 63.19942546411114),0.0133975049015722,69.1255556181769,63.19942546411114,False,n/a,3
2025-09-03 15:31:34.726487,163,3,POINT (69.13853047747607 63.19660822325698),0.0132771917159996,69.13853047747607,63.19660822325698,False,n/a,3
2025-09-03 15:31:35.726487,164,3,POINT (69.15138541356268 63.1938984043056),0.0131374464999913,69.15138541356268,63.1938984043056,False,n/a,3
2025-09-03 15:31:36.726487,165,3,POINT (69.1640723413538 63.19125940892619),0.012958488854403,69.1640723413538,63.19125940892619,False,n/a,3
2025-09-03 15:31:37.726487,166,3,POINT (69.17663378932997 63.18874566275333),0.0128104994078909,69.17663378932997,63.18874566275333,False,n/a,3
2025-09-03 15:31:38.726487,167,3,POINT (69.18910172803238 63.18636764784184),0.0126926927957156,69.18910172803238,63.18636764784184,False,n/a,3
2025-09-03 15:31:39.726487,168,3,POINT (69.20148575542942 63.18413452003099),0.0125837591517826,69.20148575542942,63.18413452003099,False,n/a,3
2025-09-03 15:31:40.726487,169,3,POINT (69.213107404313 63.18281095440278),0.0116967751429879,69.213107404313,63.18281095440278,False,n/a,3
2025-09-03 15:31:41.726487,170,3,POINT (69.22411241695751 63.1824759174719),0.0110101114004687,69.22411241695751,63.1824759174719,False,n/a,3
2025-09-03 15:31:42.726487,171,3,POINT (69.23437760474553 63.18305397195157),0.0102814506420459,69.23437760474553,63.18305397195157,False,n/a,3
2025-09-03 15:31:43.726487,172,3,POINT (69.24404527592927 63.18456856007307),0.0097855936608152,69.24404527592927,63.18456856007307,False,n/a,3
2025-09-03 15:31:44.726487,173,3,POINT (69.25307453964214 63.18698027265235),0.0093457990970121,69.25307453964214,63.18698027265235,False,n/a,3
2025-09-03 15:31:45.726487,174,3,POINT (69.26158604462093 63.19036811139829),0.0091609589220993,69.26158604462093,63.19036811139829,False,n/a,3
2025-09-03 15:31:46.726487,175,3,POINT (69.26951772960545 63.19470514405975),0.0090399933075354,69.26951772960545,63.19470514405975,False,n/a,3
2025-09-03 15:31:47.726487,176,3,POINT (69.27685145838721 63.19995178839385),0.0090172531634059,69.27685145838721,63.19995178839385,False,n/a,3
2025-09-03 15:31:48.726487,177,3,POINT (69.283604904366 63.20605911826167),0.0091054110672071,69.283604904366,63.20605911826167,False,n/a,3
2025-09-03 15:31:49.726487,178,3,POINT (69.28982324700354 63.213014911943375),0.009330104549268,69.28982324700354,63.213014911943375,False,n/a,3
2025-09-03 15:31:50.726487,179,3,POINT (69.29542541578793 63.22075597068005),0.0095555369003266,69.29542541578793,63.22075597068005,False,n/a,3
2025-09-03 15:31:51.726487,180,3,POINT (69.30052934304051 63.22937126416146),0.0100136584308803,69.30052934304051,63.22937126416146,False,n/a,3
2025-09-03 15:31:52.726487,181,3,POINT (69.3051185696221 63.23883319900404),0.0105161405269443,69.3051185696221,63.23883319900404,False,n/a,3
2025-09-03 15:31:53.726487,182,3,POINT (69.30917795775919 63.24910998848284),0.0110494811660566,69.30917795775919,63.24910998848284,False,n/a,3
2025-09-03 15:31:54.726487,183,3,POINT (69.31262249632972 63.26011154123498),0.0115281832446418,69.31262249632972,63.26011154123498,False,n/a,3
2025-09-03 15:31:55.726487,184,3,POINT (69.31544000721163 63.27184956467068),0.0120714357781844,69.31544000721163,63.27184956467068,False,n/a,3
2025-09-03 15:31:56.726487,185,3,POINT (69.31771789213944 63.28434110831934),0.0126975360787297,69.31771789213944,63.28434110831934,False,n/a,3
2025-09-03 15:31:57.726487,186,3,POINT (69.32000128603539 63.29670205691033),0.0125700810559485,69.32000128603539,63.29670205691033,False,n/a,3
2025-09-03 15:31:58.726487,187,3,POINT (69.32232673329742 63.3089146712872),0.0124320414609432,69.32232673329742,63.3089146712872,False,n/a,3
2025-09-03 15:31:59.726487,188,3,POINT (69.32481604331706 63.3210644495092),0.0124021681659932,69.32481604331706,63.3210644495092,False,n/a,3
2025-09-03 15:32:00.726487,189,3,POINT (69.32734505728493 63.33308922277703),0.0122878429267495,69.32734505728493,63.33308922277703,False,n/a,3
2025-09-03 15:32:01.726487,190,3,POINT (69.32987850888789 63.34498444406536),0.0121620173706009,69.32987850888789,63.34498444406536,False,n/a,3
2025-09-03 15:32:02.726487,191,3,POINT (69.332510869446 63.35678893013117),0.0120944290227305,69.332510869446,63.35678893013117,False,n/a,3
2025-09-03 15:32:03.726487,192,3,POINT (69.33527643037604 63.368546554764),0.0120784959437952,69.33527643037604,63.368546554764,False,n/a,3
2025-09-03 15:32:04.726487,193,3,POINT (69.33811359676393 63.38020404175221),0.0119977712927415,69.33811359676393,63.38020404175221,False,n/a,3
2025-09-03 15:32:05.726487,194,3,POINT (69.34098040847735 63.39172554769645),0.011872813846071,69.34098040847735,63.39172554769645,False,n/a,3
2025-09-03 15:32:06.726487,195,3,POINT (69.34454747685082 63.40231330818767),0.0111724952002805,69.34454747685082,63.40231330818767,False,n/a,3
2025-09-03 15:32:07.726487,196,3,POINT (69.34879657940006 63.41197388886195),0.0105537524813843,69.34879657940006,63.41197388886195,False,n/a,3
2025-09-03 15:32:08.726487,197,3,POINT (69.35371006137107 63.420737557973005),0.0100470991518723,69.35371006137107,63.420737557973005,False,n/a,3
2025-09-03 15:32:09.726487,198,3,POINT (69.3593766383161 63.42869284728918),0.0097671245706177,69.3593766383161,63.42869284728918,False,n/a,3
2025-09-03 15:32:10.726487,199,3,POINT (69.36565433245228 63.43574403007265),0.0094407956398419,69.36565433245228,63.43574403007265,False,n/a,3
2025-09-03 15:32:11.726487,200,3,POINT (69.37268672830602 63.44201988572478),0.0094255480270459,69.37268672830602,63.44201988572478,False,n/a,3
2025-09-03 15:32:12.726487,201,3,POINT (69.38035939444852 63.44744687423125),0.0093979790371968,69.38035939444852,63.44744687423125,False,n/a,3
2025-09-03 15:32:13.726487,202,3,POINT (69.38870911655225 63.45206921449014),0.0095437879627757,69.38870911655225,63.45206921449014,False,n/a,3
2025-09-03 15:32:14.726487,203,3,POINT (69.39768704395675 63.455877293734126),0.0097521611968319,69.39768704395675,63.455877293734126,False,n/a,3
2025-09-03 15:32:15.726487,204,3,POINT (69.40731666087378 63.45890422306319),0.0100941479646283,69.40731666087378,63.45890422306319,False,n/a,3
2025-09-03 15:32:16.726487,205,3,POINT (69.4175854276463 63.46117397510607),0.0105166223363154,69.4175854276463,63.46117397510607,False,n/a,3
2025-09-03 15:32:17.726487,206,3,POINT (69.42843803398463 63.46266979016652),0.010955205476388,69.42843803398463,63.46266979016652,False,n/a,3
2025-09-03 15:32:18.726487,207,3,POINT (69.43988346740834 63.46338968044383),0.011468050761475,69.43988346740834,63.46338968044383,False,n/a,3
2025-09-03 15:32:19.726487,208,3,POINT (69.45187751015499 63.4633315051881),0.0119941838308762,69.45187751015499,63.4633315051881,False,n/a,3
2025-09-03 15:32:20.726487,209,3,POINT (69.46440385497047 63.46249282291133),0.0125543897660449,69.46440385497047,63.46249282291133,False,n/a,3
2025-09-03 15:32:21.726487,210,3,POINT (69.4774680134794 63.46089752350164),0.0131612012275804,69.4774680134794,63.46089752350164,False,n/a,3
2025-09-03 15:32:22.726487,211,3,POINT (69.49046072077216 63.45943016866171),0.0130753039361153,69.49046072077216,63.45943016866171,False,n/a,3
2025-09-03 15:32:23.726487,212,3,POINT (69.50333992663107 63.45804014092474),0.0129540001800872,69.50333992663107,63.45804014092474,False,n/a,3
2025-09-03 15:32:24.726487,213,3,POINT (69.5161210267459 63.45676796410465),0.0128442576277115,69.5161210267459,63.45676796410465,False,n/a,3
2025-09-03 15:32:25.726487,214,3,POINT (69.52876411355048 63.45556736151694),0.0126999641937125,69.52876411355048,63.45556736151694,False,n/a,3
2025-09-03 15:32:26.726487,215,3,POINT (69.54132127064169 63.45445983926491),0.0126059033691373,69.54132127064169,63.45445983926491,False,n/a,3
2025-09-03 15:32:27.726487,216,3,POINT (69.55314148016673 63.454295550013136),0.0118213511991701,69.55314148016673,63.454295550013136,False,n/a,3
2025-09-03 15:32:28.726487,217,3,POINT (69.56421090325298 63.45500101030922),0.0110918799890668,69.56421090325298,63.45500101030922,False,n/a,3
2025-09-03 15:32:29.726487,218,3,POINT (69.57454379853766 63.45657905883743),0.0104527011878019,69.57454379853766,63.45657905883743,False,n/a,3
2025-09-03 15:32:30.726487,219,3,POINT (69.58429691744143 63.45913174052122),0.01008164233297,69.58429691744143,63.45913174052122,False,n/a,3
2025-09-03 15:32:31.726487,220,3,POINT (69.59345047933665 63.46262983352725),0.009799201500552,69.59345047933665,63.46262983352725,False,n/a,3
2025-09-03 15:32:32.726487,221,3,POINT (69.60188582209305 63.46694149289257),0.0094734056125822,69.60188582209305,63.46694149289257,False,n/a,3
2025-09-03 15:32:33.726487,222,3,POINT (69.60970203012594 63.47212628732541),0.0093795096526532,69.60970203012594,63.47212628732541,False,n/a,3
2025-09-03 15:32:34.726487,223,3,POINT (69.61698927485233 63.47821947718092),0.0094989945950851,69.61698927485233,63.47821947718092,False,n/a,3
2025-09-03 15:32:35.726487,224,3,POINT (69.62373303770049 63.48520810830709),0.0097118125172333,69.62373303770049,63.48520810830709,False,n/a,3
2025-09-03 15:32:36.726487,225,3,POINT (69.62992035076077 63.493042965545584),0.0099833777276825,69.62992035076077,63.493042965545584,False,n/a,3
2025-09-03 15:32:37.726487,226,3,POINT (69.63551106544973 63.50167671597425),0.0102858027007065,69.63551106544973,63.50167671597425,False,n/a,3
2025-09-03 15:32:38.726487,227,3,POINT (69.64047874407568 63.5110719546818),0.0106277157142292,69.64047874407568,63.5110719546818,False,n/a,3
2025-09-03 15:32:39.726487,228,3,POINT (69.64484258137892 63.52123055083829),0.0110562268373943,69.64484258137892,63.52123055083829,False,n/a,3
2025-09-03 15:32:40.726487,229,3,POINT (69.64859640511465 63.532125627921374),0.011523623444265,69.64859640511465,63.532125627921374,False,n/a,3
2025-09-03 15:32:41.726487,230,3,POINT (69.65175382800597 63.54375350451969),0.012048934952947,69.65175382800597,63.54375350451969,False,n/a,3
2025-09-03 15:32:42.726487,231,3,POINT (69.65425338358492 63.55604543974058),0.0125435022847184,69.65425338358492,63.55604543974058,False,n/a,3
2025-09-03 15:32:43.726487,232,3,POINT (69.65679980593907 63.56824352004644),0.0124610364718953,69.65679980593907,63.56824352004644,False,n/a,3
2025-09-03 15:32:44.726487,233,3,POINT (69.6594843661402 63.580355134412585),0.0124055659293636,69.6594843661402,63.580355134412585,False,n/a,3
2025-09-03 15:32:45.726487,234,3,POINT (69.66220957133515 63.59233762125093),0.0122884797345229,69.66220957133515,63.59233762125093,False,n/a,3
2025-09-03 15:32:46.726487,235,3,POINT (69.66498559652418 63.60420215658195),0.0121849708440754,69.66498559652418,63.60420215658195,False,n/a,3
2025-09-03 15:32:47.726487,236,3,POINT (69.66777811128728 63.61593154202984),0.0120572228015913,69.66777811128728,63.61593154202984,False,n/a,3
2025-09-03 15:32:48.726487,237,3,POINT (69.67055262794284 63.62748231917424),0.0118793263829054,69.67055262794284,63.62748231917424,False,n/a,3
2025-09-03 15:32:49.726487,238,3,POINT (69.67324934412702 63.638835993978006),0.0116695419673521,69.67324934412702,63.638835993978006,False,n/a,3
2025-09-03 15:32:50.726487,239,3,POINT (69.67609043310155 63.65014564328396),0.0116610442922133,69.67609043310155,63.65014564328396,False,n/a,3
2025-09-03 15:32:51.726487,240,3,POINT (69.67896644418636 63.66133950799677),0.0115574238898034,69.67896644418636,63.66133950799677,False,n/a,3
2025-09-03 15:32:52.726487,241,3,POINT (69.68189250559867 63.67245845834862),0.011497516789095,69.68189250559867,63.67245845834862,False,n/a,3
2025-09-03 15:32:53.726487,242,3,POINT (69.68490691000765 63.6835310658608),0.0114755945841431,69.68490691000765,63.6835310658608,False,n/a,3
2025-09-03 15:32:54.726487,243,3,POINT (69.68800433025118 63.69451710336567),0.0114143345063742,69.68800433025118,63.69451710336567,False,n/a,3
2025-09-03 15:32:55.726487,244,3,POINT (69.69108571894374 63.70537279051692),0.0112845425162235,69.69108571894374,63.70537279051692,False,n/a,3
2025-09-03 15:32:56.726487,245,3,POINT (69.6941196649592 63.716101123727775),0.0111490789712834,69.6941196649592,63.716101123727775,False,n/a,3
2025-09-03 15:32:57.726487,246,3,POINT (69.69714692647521 63.72672083304048),0.0110427595361191,69.69714692647521,63.72672083304048,False,n/a,3
2025-09-03 15:32:58.726487,247,3,POINT (69.70019918641437 63.73725242839045),0.0109649802257803,69.70019918641437,63.73725242839045,False,n/a,3
2025-09-03 15:32:59.726487,248,3,POINT (69.7032843002547 63.7476856341911),0.010879784496328,69.7032843002547,63.7476856341911,False,n/a,3
2025-09-03 15:33:00.726487,249,3,POINT (69.70649242257797 63.75807335059226),0.0108718306127372,69.70649242257797,63.75807335059226,False,n/a,3
2025-09-03 15:33:01.726487,250,3,POINT (69.70974817496051 63.76840534848274),0.0108328253002327,69.70974817496051,63.76840534848274,False,n/a,3
2025-09-03 15:33:02.726487,251,3,POINT (69.71295893875576 63.77858996353312),0.0106787353124458,69.71295893875576,63.77858996353312,False,n/a,3
2025-09-03 15:33:03.726487,252,3,POINT (69.71621298041464 63.788689343570994),0.0106106674750964,69.71621298041464,63.788689343570994,False,n/a,3
2025-09-03 15:33:04.726487,253,3,POINT (69.71962474813812 63.79882491828683),0.0106943926344288,69.71962474813812,63.79882491828683,False,n/a,3
2025-09-03 15:33:05.726487,254,3,POINT (69.72306132813945 63.8088720117375),0.0106185765953817,69.72306132813945,63.8088720117375,False,n/a,3
2025-09-03 15:33:06.726487,255,3,POINT (69.72657385272659 63.81888518611342),0.0106113849264757,69.72657385272659,63.81888518611342,False,n/a,3
2025-09-03 15:33:07.726487,256,3,POINT (69.73023301946519 63.82887241529861),0.0106364584340107,69.73023301946519,63.82887241529861,False,n/a,3
2025-09-03 15:33:08.726487,257,3,POINT (69.73395883775666 63.8387778337462),0.0105829597260345,69.73395883775666,63.8387778337462,False,n/a,3
2025-09-03 15:33:09.726487,258,3,POINT (69.7376654470476 63.84856076777007),0.0104615845143581,69.7376654470476,63.84856076777007,False,n/a,3
2025-09-03 15:33:10.726487,259,3,POINT (69.74140409142672 63.858276900532765),0.0104106050571441,69.74140409142672,63.858276900532765,False,n/a,3
2025-09-03 15:33:11.726487,260,3,POINT (69.7451390804717 63.867914050889134),0.0103356088430931,69.7451390804717,63.867914050889134,False,n/a,3
2025-09-03 15:33:12.726487,261,3,POINT (69.74888788808106 63.87748610055566),0.0102799656278781,69.74888788808106,63.87748610055566,False,n/a,3
2025-09-03 15:33:13.726487,262,3,POINT (69.75273326865144 63.8870361068348),0.0102951236837018,69.75273326865144,63.8870361068348,False,n/a,3
2025-09-03 15:33:14.726487,263,3,POINT (69.75660363965952 63.89654145971311),0.0102631138102153,69.75660363965952,63.89654145971311,False,n/a,3
2025-09-03 15:33:15.726487,264,3,POINT (69.76046391465515 63.90591031710767),0.0101329764591364,69.76046391465515,63.90591031710767,False,n/a,3
2025-09-03 15:33:16.726487,265,3,POINT (69.76442502320204 63.91526256121646),0.0101565176507813,69.76442502320204,63.91526256121646,False,n/a,3
2025-09-03 15:33:17.726487,266,3,POINT (69.76837468050812 63.92451439900472),0.0100596369365731,69.76837468050812,63.92451439900472,False,n/a,3
2025-09-03 15:33:18.726487,267,3,POINT (69.77245276810424 63.933799202087016),0.0101409253383907,69.77245276810424,63.933799202087016,False,n/a,3
2025-09-03 15:33:19.726487,268,3,POINT (69.77661284828156 63.943070347396656),0.0101617125738795,69.77661284828156,63.943070347396656,False,n/a,3
2025-09-03 15:33:20.726487,269,3,POINT (69.78085888220987 63.95233069044282),0.0101873822669528,69.78085888220987,63.95233069044282,False,n/a,3
2025-09-03 15:33:21.726487,270,3,POINT (69.78509779981785 63.96150822098879),0.0101091784735171,69.78509779981785,63.96150822098879,False,n/a,3
2025-09-03 15:33:22.726487,271,3,POINT (69.78936972287804 63.970609165172256),0.0100536814979748,69.78936972287804,63.970609165172256,False,n/a,3
2025-09-03 15:33:23.726487,272,3,POINT (69.79368514461686 63.97965014995691),0.0100180971576573,69.79368514461686,63.97965014995691,False,n/a,3
2025-09-03 15:33:24.726487,273,3,POINT (69.79813204153423 63.988727459881225),0.0101080387640631,69.79813204153423,63.988727459881225,False,n/a,3
2025-09-03 15:33:25.726487,274,3,POINT (69.80263210160902 63.99776118028058),0.0100925043933789,69.80263210160902,63.99776118028058,False,n/a,3
2025-09-03 15:33:26.726487,275,3,POINT (69.80713056122532 64.00671128815202),0.0100170140176568,69.80713056122532,64.00671128815202,False,n/a,3
2025-09-03 15:33:27.726487,276,3,POINT (69.81172703002102 64.01566027149586),0.0100604089518357,69.81172703002102,64.01566027149586,False,n/a,3
2025-09-03 15:33:28.726487,277,3,POINT (69.81637151898174 64.02456605640049),0.0100441168090453,69.81637151898174,64.02456605640049,False,n/a,3
2025-09-03 15:33:29.726487,278,3,POINT (69.82101749759094 64.03339843890035),0.0099797844596482,69.82101749759094,64.03339843890035,False,n/a,3
2025-09-03 15:33:30.726487,279,3,POINT (69.82562877438065 64.04214446841776),0.0098872092094118,69.82562877438065,64.04214446841776,False,n/a,3
2025-09-03 15:33:31.726487,280,3,POINT (69.83029100804642 64.05087368915564),0.0098962476446785,69.83029100804642,64.05087368915564,False,n/a,3
2025-09-03 15:33:32.726487,281,3,POINT (69.83494899188996 64.05953622819497),0.0098354662367737,69.83494899188996,64.05953622819497,False,n/a,3
2025-09-03 15:33:33.726487,282,3,POINT (69.83971818224101 64.06823440111367),0.0099198482210256,69.83971818224101,64.06823440111367,False,n/a,3
2025-09-03 15:33:34.726487,283,3,POINT (69.84552266699461 64.07572782875226),0.009478581171756,69.84552266699461,64.07572782875226,False,n/a,3
2025-09-03 15:33:35.726487,284,3,POINT (69.85244116496371 64.08208171848267),0.0093934833184787,69.85244116496371,64.08208171848267,False,n/a,3
2025-09-03 15:33:36.726487,285,3,POINT (69.8604064742526 64.08722086755306),0.0094792934987463,69.8604064742526,64.08722086755306,False,n/a,3
2025-09-03 15:33:37.726487,286,3,POINT (69.86950791914795 64.09122101966709),0.0099417058957948,69.86950791914795,64.09122101966709,False,n/a,3
2025-09-03 15:33:38.726487,287,3,POINT (69.8797446427391 64.09407089315914),0.0106260194241441,69.8797446427391,64.09407089315914,False,n/a,3
2025-09-03 15:33:39.726487,288,3,POINT (69.89106957691101 64.09571505977677),0.0114436627818454,69.89106957691101,64.09571505977677,False,n/a,3
2025-09-03 15:33:40.726487,289,3,POINT (69.90350486295776 64.09616449795436),0.0124434052308859,69.90350486295776,64.09616449795436,False,n/a,3
2025-09-03 15:33:41.726487,290,3,POINT (69.91698974996467 64.09535185315677),0.0135093511745086,69.91698974996467,64.09535185315677,False,n/a,3
2025-09-03 15:33:42.726487,291,3,POINT (69.93160780970065 64.09334572452585),0.0147550744670604,69.93160780970065,64.09334572452585,False,n/a,3
2025-09-03 15:33:43.726487,292,3,POINT (69.94735549379457 64.09013201365357),0.0160722584565018,69.94735549379457,64.09013201365357,False,n/a,3
2025-09-03 15:33:44.726487,293,3,POINT (69.96425041850321 64.08571565164802),0.0174626096066611,69.96425041850321,64.08571565164802,False,n/a,3
2025-09-03 15:33:45.726487,294,3,POINT (69.98218360919978 64.0799871654526),0.0188259098757694,69.98218360919978,64.0799871654526,False,n/a,3
2025-09-03 15:33:46.726487,295,3,POINT (70.00106064977776 64.07285403704508),0.020179796378078,70.00106064977776,64.07285403704508,False,n/a,3
2025-09-03 15:33:47.726487,296,3,POINT (70.02090095907141 64.06432627934895),0.0215953820107867,70.02090095907141,64.06432627934895,False,n/a,3
2025-09-03 15:33:48.726487,297,3,POINT (70.04172125721023 64.05441043234461),0.0230609808204804,70.04172125721023,64.05441043234461,False,n/a,3
2025-09-03 15:33:49.726487,298,3,POINT (70.06345645119653 64.04308077523122),0.0245108096139079,70.06345645119653,64.04308077523122,False,n/a,3
2025-09-03 15:33:50.726487,299,3,POINT (70.08468542768307 64.03177363601611),0.0240524601630656,70.08468542768307,64.03177363601611,False,n/a,3
2025-09-03 15:33:51.726487,300,3,POINT (70.10555959764056 64.02061264681716),0.0236706284520198,70.10555959764056,64.02061264681716,False,n/a,3
2025-09-03 15:33:52.726487,301,3,POINT (70.12597606411259 64.00954416135224),0.0232237695839961,70.12597606411259,64.00954416135224,False,n/a,3
2025-09-03 15:33:53.726487,302,3,POINT (70.1460259722499 63.99859750397508),0.0228435576048808,70.1460259722499,63.99859750397508,False,n/a,3
2025-09-03 15:33:54.726487,303,3,POINT (70.16573232560117 63.987818299521074),0.0224617811196312,70.16573232560117,63.987818299521074,False,n/a,3
2025-09-03 15:33:55.726487,304,3,POINT (70.18448563455378 63.97803434716557),0.0211521233063465,70.18448563455378,63.97803434716557,False,n/a,3
2025-09-03 15:33:56.726487,305,3,POINT (70.20234827134317 63.96923763844136),0.0199111997993149,70.20234827134317,63.96923763844136,False,n/a,3
2025-09-03 15:33:57.726487,306,3,POINT (70.21937091651678 63.96144183645684),0.0187228463992104,70.21937091651678,63.96144183645684,False,n/a,3
2025-09-03 15:33:58.726487,307,3,POINT (70.23553438604945 63.95462338825317),0.017542775813416,70.23553438604945,63.95462338825317,False,n/a,3
2025-09-03 15:33:59.726487,308,3,POINT (70.25097478047728 63.94887572192105),0.016475480216135,70.25097478047728,63.94887572192105,False,n/a,3
2025-09-03 15:34:00.726487,309,3,POINT (70.2656043856326 63.94411456909754),0.015384860194664,70.2656043856326,63.94411456909754,False,n/a,3
2025-09-03 15:34:01.726487,310,3,POINT (70.27948336100891 63.94033804676115),0.014383604501433,70.27948336100891,63.94033804676115,False,n/a,3
2025-09-03 15:34:02.726487,311,3,POINT (70.29264420430567 63.93753252180756),0.0134565510643366,70.29264420430567,63.93753252180756,False,n/a,3
2025-09-03 15:34:03.726487,312,3,POINT (70.30510465971697 63.93568263012693),0.0125970253745493,70.30510465971697,63.93568263012693,False,n/a,3
2025-09-03 15:34:04.726487,313,3,POINT (70.31697533346306 63.93484449040916),0.0119002257698157,70.31697533346306,63.93484449040916,False,n/a,3
2025-09-03 15:34:05.726487,314,3,POINT (70.32818471301597 63.93495061214952),0.0112098818809546,70.32818471301597,63.93495061214952,False,n/a,3
2025-09-03 15:34:06.726487,315,3,POINT (70.33882953510262 63.93601065921694),0.0106974733952232,70.33882953510262,63.93601065921694,False,n/a,3
2025-09-03 15:34:07.726487,316,3,POINT (70.34879867380363 63.93796711767633),0.0101593039202144,70.34879867380363,63.93796711767633,False,n/a,3
2025-09-03 15:34:08.726487,317,3,POINT (70.35818302771744 63.94087998058394),0.0098260301596459,70.35818302771744,63.94087998058394,False,n/a,3
2025-09-03 15:34:09.726487,318,3,POINT (70.36703899373691 63.94474282754686),0.0096617659253854,70.36703899373691,63.94474282754686,False,n/a,3
2025-09-03 15:34:10.726487,319,3,POINT (70.37532760373837 63.949502209325054),0.0095578643360773,70.37532760373837,63.949502209325054,False,n/a,3
2025-09-03 15:34:11.726487,320,3,POINT (70.38309648486268 63.955178291257454),0.0096215081991816,70.38309648486268,63.955178291257454,False,n/a,3
2025-09-03 15:34:12.726487,321,3,POINT (70.39031604348617 63.96171449595248),0.0097387883503678,70.39031604348617,63.96171449595248,False,n/a,3
2025-09-03 15:34:13.726487,322,3,POINT (70.3969337556709 63.96908301709514),0.0099040001206483,70.3969337556709,63.96908301709514,False,n/a,3
2025-09-03 15:34:14.726487,323,3,POINT (70.40299344110943 63.97726632840269),0.0101826505179289,70.40299344110943,63.97726632840269,False,n/a,3
2025-09-03 15:34:15.726487,324,3,POINT (70.4085763472422 63.986325930243446),0.010641674041256,70.4085763472422,63.986325930243446,False,n/a,3
2025-09-03 15:34:16.726487,325,3,POINT (70.41363700935406 63.99621495896351),0.0111086988453519,70.41363700935406,63.99621495896351,False,n/a,3
2025-09-03 15:34:17.726487,326,3,POINT (70.41825388852202 64.00696038851595),0.0116952909120665,70.41825388852202,64.00696038851595,False,n/a,3
2025-09-03 15:34:18.726487,327,3,POINT (70.42233718249182 64.01847528151245),0.0122174486029073,70.42233718249182,64.01847528151245,False,n/a,3
2025-09-03 15:34:19.726487,328,3,POINT (70.42593169369901 64.03081156741543),0.0128492980624863,70.42593169369901,64.03081156741543,False,n/a,3
2025-09-03 15:34:20.726487,329,3,POINT (70.42902575595078 64.04392432073422),0.0134728438281347,70.42902575595078,64.04392432073422,False,n/a,3
2025-09-03 15:34:21.726487,330,3,POINT (70.43156860264548 64.05773742237089),0.0140452072301481,70.43156860264548,64.05773742237089,False,n/a,3
2025-09-03 15:34:22.726487,331,3,POINT (70.43364718040269 64.07234114734585),0.0147509073835151,70.43364718040269,64.07234114734585,False,n/a,3
2025-09-03 15:34:23.726487,332,3,POINT (70.43519100036201 64.08765972327174),0.015396173175956,70.43519100036201,64.08765972327174,False,n/a,3
2025-09-03 15:34:24.726487,333,3,POINT (70.4361431459215 64.10363679317281),0.0160054160767572,70.4361431459215,64.10363679317281,False,n/a,3
2025-09-03 15:34:25.726487,334,3,POINT (70.4365947612209 64.1202801889012),0.016649521847506,70.4365947612209,64.1202801889012,False,n/a,3
2025-09-03 15:34:26.726487,335,3,POINT (70.43649183035933 64.1375575962402),0.0172777139436849,70.43649183035933,64.1375575962402,False,n/a,3
2025-09-03 15:34:27.726487,336,3,POINT (70.43580765726405 64.15542000823929),0.0178755099297765,70.43580765726405,64.15542000823929,False,n/a,3
2025-09-03 15:34:28.726487,337,3,POINT (70.43458685692156 64.17391445658419),0.0185346964652312,70.43458685692156,64.17391445658419,False,n/a,3
2025-09-03 15:34:29.726487,338,3,POINT (70.43273527960466 64.19293392112596),0.0191093791112144,70.43273527960466,64.19293392112596,False,n/a,3
2025-09-03 15:34:30.726487,339,3,POINT (70.43037314630259 64.21255626501099),0.0197640090386344,70.43037314630259,64.21255626501099,False,n/a,3
2025-09-03 15:34:31.726487,340,3,POINT (70.42805849903637 64.23188561370232),0.0194674423794702,70.42805849903637,64.23188561370232,False,n/a,3
2025-09-03 15:34:32.726487,341,3,POINT (70.42585761562916 64.25096698054764),0.0192078746470842,70.42585761562916,64.25096698054764,False,n/a,3
2025-09-03 15:34:33.726487,342,3,POINT (70.42375620025676 64.26980883260016),0.0189586744087315,70.42375620025676,64.26980883260016,False,n/a,3
2025-09-03 15:34:34.726487,343,3,POINT (70.42172338284063 64.28840192756681),0.0187038906938129,70.42172338284063,64.28840192756681,False,n/a,3
2025-09-03 15:34:35.726487,344,3,POINT (70.41979094101245 64.30677636444568),0.018475775004988,70.41979094101245,64.30677636444568,False,n/a,3
2025-09-03 15:34:36.726487,345,3,POINT (70.41800606104565 64.32495388343776),0.0182649389049943,70.41800606104565,64.32495388343776,False,n/a,3
2025-09-03 15:34:37.726487,346,3,POINT (70.41632912068695 64.34291309335107),0.0180373321108501,70.41632912068695,64.34291309335107,False,n/a,3
2025-09-03 15:34:38.726487,347,3,POINT (70.41475027397892 64.36066480927236),0.0178217893343436,70.41475027397892,64.36066480927236,False,n/a,3
2025-09-03 15:34:39.726487,348,3,POINT (70.41318547504204 64.37815921204862),0.0175642456203094,70.41318547504204,64.37815921204862,False,n/a,3
2025-09-03 15:34:40.726487,349,3,POINT (70.4117543734476 64.39545620898893),0.0173560984938138,70.4117543734476,64.39545620898893,False,n/a,3
2025-09-03 15:34:41.726487,350,3,POINT (70.41032017240855 64.41248988424105),0.0170939470344085,70.41032017240855,64.41248988424105,False,n/a,3
2025-09-03 15:34:42.726487,351,3,POINT (70.40899361862272 64.42935873421696),0.0169209291841896,70.40899361862272,64.42935873421696,False,n/a,3
2025-09-03 15:34:43.726487,352,3,POINT (70.40774599327558 64.44603467313623),0.0167225448974076,70.40774599327558,64.44603467313623,False,n/a,3
2025-09-03 15:34:44.726487,353,3,POINT (70.40658887473714 64.46254968302884),0.0165554968232661,70.40658887473714,64.46254968302884,False,n/a,3
2025-09-03 15:34:45.726487,354,3,POINT (70.40549026304026 64.47884405019269),0.0163313609025982,70.40549026304026,64.47884405019269,False,n/a,3
2025-09-03 15:34:46.726487,355,3,POINT (70.40446347311456 64.494945663266),0.0161343187372102,70.40446347311456,64.494945663266,False,n/a,3
2025-09-03 15:34:47.726487,356,3,POINT (70.40352538050853 64.51091781605001),0.0159996775684215,70.40352538050853,64.51091781605001,False,n/a,3
2025-09-03 15:34:48.726487,357,3,POINT (70.40259178839301 64.5266595839242),0.0157694277018226,70.40259178839301,64.5266595839242,False,n/a,3
2025-09-03 15:34:49.726487,358,3,POINT (70.40180083585064 64.54226406997535),0.0156245188996234,70.40180083585064,64.54226406997535,False,n/a,3
2025-09-03 15:34:50.726487,359,3,POINT (70.40106198331603 64.55766844048767),0.0154220794301221,70.40106198331603,64.55766844048767,False,n/a,3
2025-09-03 15:34:51.726487,360,3,POINT (70.40045378327395 64.5729561354084),0.0152997883410356,70.40045378327395,64.5729561354084,False,n/a,3
2025-09-03 15:34:52.726487,361,3,POINT (70.39989559090712 64.58806094298386),0.0151151179489241,70.39989559090712,64.58806094298386,False,n/a,3
2025-09-03 15:34:53.726487,362,3,POINT (70.39942402918483 64.60304049838508),0.0149869760284162,70.39942402918483,64.60304049838508,False,n/a,3
2025-09-03 15:34:54.726487,363,3,POINT (70.39900824875023 64.61783866049907),0.014804002003571,70.39900824875023,64.61783866049907,False,n/a,3
2025-09-03 15:34:55.726487,364,3,POINT (70.39863885380464 64.63244597763551),0.0146119870842503,70.39863885380464,64.63244597763551,False,n/a,3
2025-09-03 15:34:56.726487,365,3,POINT (70.39843446406339 64.64696056188575),0.0145160232544428,70.39843446406339,64.64696056188575,False,n/a,3
2025-09-03 15:34:57.726487,366,3,POINT (70.3982992067361 64.66132282095039),0.0143628959470025,70.3982992067361,64.66132282095039,False,n/a,3
2025-09-03 15:34:58.726487,367,3,POINT (70.39818336721554 64.67549283108036),0.0141704836148266,70.39818336721554,64.67549283108036,False,n/a,3
2025-09-03 15:34:59.726487,368,3,POINT (70.39815603179453 64.68955894144756),0.0140661369283602,70.39815603179453,64.68955894144756,False,n/a,3
2025-09-03 15:35:00.726487,369,3,POINT (70.39816259229067 64.7034419310961),0.0138829911986384,70.39816259229067,64.7034419310961,False,n/a,3
2025-09-03 15:35:01.726487,370,3,POINT (70.3982677587005 64.71722112602055),0.0137795962473443,70.3982677587005,64.71722112602055,False,n/a,3
2025-09-03 15:35:02.726487,371,3,POINT (70.39841187426322 64.73082023502127),0.0135998726063498,70.39841187426322,64.73082023502127,False,n/a,3
2025-09-03 15:35:03.726487,372,3,POINT (70.39860332799475 64.74428311907418),0.0134642453020398,70.39860332799475,64.74428311907418,False,n/a,3
2025-09-03 15:35:04.726487,373,3,POINT (70.3988881990155 64.75764073505799),0.0133606532875202,70.3988881990155,64.75764073505799,False,n/a,3
2025-09-03 15:35:05.726487,374,3,POINT (70.39923601858315 64.77084643860262),0.0132102832884174,70.39923601858315,64.77084643860262,False,n/a,3
2025-09-03 15:35:06.726487,375,3,POINT (70.39964280918159 64.783937523035),0.0130974031856145,70.39964280918159,64.783937523035,False,n/a,3
2025-09-03 15:35:07.726487,376,3,POINT (70.40010367704372 64.79692217031494),0.0129928235642241,70.40010367704372,64.79692217031494,False,n/a,3
2025-09-03 15:35:08.726487,377,3,POINT (70.40066800664808 64.8098465093998),0.0129366536895301,70.40066800664808,64.8098465093998,False,n/a,3
2025-09-03 15:35:09.726487,378,3,POINT (70.40132710713824 64.82267341173394),0.0128438248565492,70.40132710713824,64.82267341173394,False,n/a,3
2025-09-03 15:35:10.726487,379,3,POINT (70.40205819826134 64.83543346626732),0.0127809814147795,70.40205819826134,64.83543346626732,False,n/a,3
2025-09-03 15:35:11.726487,380,3,POINT (70.40283060817866 64.84806693508703),0.0126570593543316,70.40283060817866,64.84806693508703,False,n/a,3
2025-09-03 15:35:12.726487,381,3,POINT (70.4036868724715 64.8606114045336),0.0125736590630985,70.4036868724715,64.8606114045336,False,n/a,3
2025-09-03 15:35:13.726487,382,3,POINT (70.40460247105402 64.87304619544479),0.0124684540248274,70.40460247105402,64.87304619544479,False,n/a,3
2025-09-03 15:35:14.726487,383,3,POINT (70.40560754611658 64.88542736472192),0.0124218971397463,70.40560754611658,64.88542736472192,False,n/a,3
2025-09-03 15:35:15.726487,384,3,POINT (70.40664624776791 64.89766565435994),0.0122822894602161,70.40664624776791,64.89766565435994,False,n/a,3
2025-09-03 15:35:16.726487,385,3,POINT (70.40860231061338 64.90922483236308),0.0117235138914778,70.40860231061338,64.90922483236308,False,n/a,3
2025-09-03 15:35:17.726487,386,3,POINT (70.41139703661551 64.9200593546339),0.0111891628938028,70.41139703661551,64.9200593546339,False,n/a,3
2025-09-03 15:35:18.726487,387,3,POINT (70.41506536455333 64.93020370191333),0.0107872337318181,70.41506536455333,64.93020370191333,False,n/a,3
2025-09-03 15:35:19.726487,388,3,POINT (70.4195947936868 64.93968412827077),0.0105068650031301,70.4195947936868,64.93968412827077,False,n/a,3
2025-09-03 15:35:20.726487,389,3,POINT (70.42494175262816 64.94843466953954),0.010254849702311,70.42494175262816,64.94843466953954,False,n/a,3
2025-09-03 15:35:21.726487,390,3,POINT (70.4311446471322 64.95652981345486),0.0101983947382973,70.4311446471322,64.95652981345486,False,n/a,3
2025-09-03 15:35:22.726487,391,3,POINT (70.43819532535356 64.96403864071594),0.0103002208819943,70.43819532535356,64.96403864071594,False,n/a,3
2025-09-03 15:35:23.726487,392,3,POINT (70.4460795933594 64.97096116345507),0.0104920447512237,70.4460795933594,64.97096116345507,False,n/a,3
2025-09-03 15:35:24.726487,393,3,POINT (70.45475642903912 64.97726289223094),0.0107237709308567,70.45475642903912,64.97726289223094,False,n/a,3
2025-09-03 15:35:25.726487,394,3,POINT (70.46417484972328 64.98289826112149),0.010975610721793,70.46417484972328,64.98289826112149,False,n/a,3
2025-09-03 15:35:26.726487,395,3,POINT (70.47438392257492 64.98794606784793),0.0113888331815647,70.47438392257492,64.98794606784793,False,n/a,3
2025-09-03 15:35:27.726487,396,3,POINT (70.4853579848044 64.99237001213604),0.0118322155524971,70.4853579848044,64.99237001213604,False,n/a,3
2025-09-03 15:35:28.726487,397,3,POINT (70.49702848055215 64.99614744681837),0.0122666003349572,70.49702848055215,64.99614744681837,False,n/a,3
2025-09-03 15:35:29.726487,398,3,POINT (70.50864080177972 64.99999538750716),0.0122332600657705,70.50864080177972,64.99999538750716,False,n/a,3
2025-09-03 15:35:30.726487,399,3,POINT (70.52010728205073 65.00386254525364),0.0121010362713973,70.52010728205073,65.00386254525364,False,n/a,3
2025-09-03 15:35:31.726487,400,3,POINT (70.53148591521716 65.00776926037345),0.0120306157682615,70.53148591521716,65.00776926037345,False,n/a,3
2025-09-03 15:35:32.726487,401,3,POINT (70.54279950603751 65.01174137690039),0.011990623292969,70.54279950603751,65.01174137690039,False,n/a,3
2025-09-03 15:35:33.726487,402,3,POINT (70.55401708070205 65.01574745257933),0.0119114492695055,70.55401708070205,65.01574745257933,False,n/a,3
2025-09-03 15:35:34.726487,403,3,POINT (70.56510101084241 65.01973370424435),0.0117789519777084,70.56510101084241,65.01973370424435,False,n/a,3
2025-09-03 15:35:35.726487,404,3,POINT (70.57611213019881 65.02375529876605),0.0117225411911327,70.57611213019881,65.02375529876605,False,n/a,3
2025-09-03 15:35:36.726487,405,3,POINT (70.5870456765091 65.02777903325371),0.0116504452338361,70.5870456765091,65.02777903325371,False,n/a,3
2025-09-03 15:35:37.726487,406,3,POINT (70.59787946619221 65.03180344961837),0.0115571158155426,70.59787946619221,65.03180344961837,False,n/a,3
2025-09-03 15:35:38.726487,407,3,POINT (70.60873922887988 65.03598611883108),0.0116374038073587,70.60873922887988,65.03598611883108,False,n/a,3
2025-09-03 15:35:39.726487,408,3,POINT (70.61946725089621 65.04015729149549),0.0115103925988243,70.61946725089621,65.04015729149549,False,n/a,3
2025-09-03 15:35:40.726487,409,3,POINT (70.63015860286895 65.0444207318434),0.0115100795221053,70.63015860286895,65.0444207318434,False,n/a,3
2025-09-03 15:35:41.726487,410,3,POINT (70.64080871480591 65.04874361984928),0.0114940090908819,70.64080871480591,65.04874361984928,False,n/a,3
2025-09-03 15:35:42.726487,411,3,POINT (70.6514056635357 65.05313285474666),0.011469991515521,70.6514056635357,65.05313285474666,False,n/a,3
2025-09-03 15:35:43.726487,412,3,POINT (70.66198284246032 65.05767905024358),0.0115128018961327,70.66198284246032,65.05767905024358,False,n/a,3
2025-09-03 15:35:44.726487,413,3,POINT (70.67259665748591 65.06235721932171),0.0115990661400434,70.67259665748591,65.06235721932171,False,n/a,3
2025-09-03 15:35:45.726487,414,3,POINT (70.68311079790165 65.06699213166716),0.0114904117041925,70.68311079790165,65.06699213166716,False,n/a,3
2025-09-03 15:35:46.726487,415,3,POINT (70.69348902883632 65.07158969163272),0.0113510014963619,70.69348902883632,65.07158969163272,False,n/a,3
2025-09-03 15:35:47.726487,416,3,POINT (70.70377830584452 65.07619118014416),0.0112713316814095,70.70377830584452,65.07619118014416,False,n/a,3
2025-09-03 15:35:48.726487,417,3,POINT (70.71402981629112 65.08086976191058),0.0112686553670627,70.71402981629112,65.08086976191058,False,n/a,3
2025-09-03 15:35:49.726487,418,3,POINT (70.72422817470414 65.08556073906648),0.0112254969153992,70.72422817470414,65.08556073906648,False,n/a,3
2025-09-03 15:35:50.726487,419,3,POINT (70.73435736121444 65.09026849333252),0.0111697524408458,70.73435736121444,65.09026849333252,False,n/a,3
2025-09-03 15:35:51.726487,420,3,POINT (70.74432930333677 65.09493611297631),0.0110102816871477,70.74432930333677,65.09493611297631,False,n/a,3
2025-09-03 15:35:52.726487,421,3,POINT (70.75424085499749 65.09964823516779),0.0109746504213376,70.75424085499749,65.09964823516779,False,n/a,3
2025-09-03 15:35:53.726487,422,3,POINT (70.76410051083313 65.10441268338597),0.0109504693972916,70.76410051083313,65.10441268338597,False,n/a,3
2025-09-03 15:35:54.726487,423,3,POINT (70.77394391978443 65.1092357564518),0.0109615114642436,70.77394391978443,65.1092357564518,False,n/a,3
2025-09-03 15:35:55.726487,424,3,POINT (70.78383489061156 65.11419091021719),0.011062768764727,70.78383489061156,65.11419091021719,False,n/a,3
2025-09-03 15:35:56.726487,425,3,POINT (70.79372871141929 65.11923203764992),0.011104082851302,70.79372871141929,65.11923203764992,False,n/a,3
2025-09-03 15:35:57.726487,426,3,POINT (70.80288920799079 65.12510672043742),0.0108823984162527,70.80288920799079,65.12510672043742,False,n/a,3
2025-09-03 15:35:58.726487,427,3,POINT (70.81120184900902 65.13167310179176),0.010593269787406,70.81120184900902,65.13167310179176,False,n/a,3
2025-09-03 15:35:59.726487,428,3,POINT (70.81874589694104 65.13898795308846),0.0105080782588133,70.81874589694104,65.13898795308846,False,n/a,3
2025-09-03 15:36:00.726487,429,3,POINT (70.825527272582 65.14706307898196),0.0105448904109801,70.825527272582,65.14706307898196,False,n/a,3
2025-09-03 15:36:01.726487,430,3,POINT (70.83161859233502 65.15588569082895),0.0107211312899493,70.83161859233502,65.15588569082895,False,n/a,3
2025-09-03 15:36:02.726487,431,3,POINT (70.83695293177523 65.16541345009163),0.0109194035474012,70.83695293177523,65.16541345009163,False,n/a,3
2025-09-03 15:36:03.726487,432,3,POINT (70.8415705463284 65.1756787399536),0.0112560446033118,70.8415705463284,65.1756787399536,False,n/a,3
2025-09-03 15:36:04.726487,433,3,POINT (70.84542694525176 65.18657575142741),0.0115592677846206,70.84542694525176,65.18657575142741,False,n/a,3
2025-09-03 15:36:05.726487,434,3,POINT (70.84852412562337 65.19812865617945),0.0119608584334039,70.84852412562337,65.19812865617945,False,n/a,3
2025-09-03 15:36:06.726487,435,3,POINT (70.85091041969152 65.21032643160996),0.0124290033724657,70.85091041969152,65.21032643160996,False,n/a,3
2025-09-03 15:36:07.726487,436,3,POINT (70.85268815557922 65.22325737794097),0.0130525751444646,70.85268815557922,65.22325737794097,False,n/a,3
2025-09-03 15:36:08.726487,437,3,POINT (70.85380187277137 65.23683835248394),0.0136265635991267,70.85380187277137,65.23683835248394,False,n/a,3
2025-09-03 15:36:09.726487,438,3,POINT (70.85426845305139 65.25108547845444),0.0142547639607596,70.85426845305139,65.25108547845444,False,n/a,3
2025-09-03 15:36:10.726487,439,3,POINT (70.85400121688313 65.26587986277009),0.0147967977092601,70.85400121688313,65.26587986277009,False,n/a,3
2025-09-03 15:36:11.726487,440,3,POINT (70.85309942277715 65.28130377992755),0.0154502573794054,70.85309942277715,65.28130377992755,False,n/a,3
2025-09-03 15:36:12.726487,441,3,POINT (70.85145519275117 65.29724037142005),0.0160211872461698,70.85145519275117,65.29724037142005,False,n/a,3
2025-09-03 15:36:13.726487,442,3,POINT (70.84991116770264 65.31303726260016),0.0158721701196442,70.84991116770264,65.31303726260016,False,n/a,3
2025-09-03 15:36:14.726487,443,3,POINT (70.84841514424463 65.3286941104334),0.0157281585145949,70.84841514424463,65.3286941104334,False,n/a,3
2025-09-03 15:36:15.726487,444,3,POINT (70.84702146220219 65.34423050437782),0.0155987783634321,70.84702146220219,65.34423050437782,False,n/a,3
2025-09-03 15:36:16.726487,445,3,POINT (70.84571684601653 65.35962967188901),0.0154543321897006,70.84571684601653,65.35962967188901,False,n/a,3
2025-09-03 15:36:17.726487,446,3,POINT (70.8444812357358 65.37487130493821),0.015291635320407,70.8444812357358,65.37487130493821,False,n/a,3
2025-09-03 15:36:18.726487,447,3,POINT (70.84405676793217 65.38921492001107),0.0143498942948965,70.84405676793217,65.38921492001107,False,n/a,3
2025-09-03 15:36:19.726487,448,3,POINT (70.84458209575244 65.40283405273912),0.0136292606396337,70.84458209575244,65.40283405273912,False,n/a,3
2025-09-03 15:36:20.726487,449,3,POINT (70.84595374489184 65.41566441215706),0.0129034702369152,70.84595374489184,65.41566441215706,False,n/a,3
2025-09-03 15:36:21.726487,450,3,POINT (70.84818167607159 65.42773534829125),0.0122748187969301,70.84818167607159,65.42773534829125,False,n/a,3
2025-09-03 15:36:22.726487,451,3,POINT (70.85124907104365 65.43903821917984),0.0117116951052639,70.85124907104365,65.43903821917984,False,n/a,3
2025-09-03 15:36:23.726487,452,3,POINT (70.85520366489924 65.44965023680976),0.011324916367922,70.85520366489924,65.44965023680976,False,n/a,3
2025-09-03 15:36:24.726487,453,3,POINT (70.86001449050187 65.4595944096895),0.0110467469076254,70.86001449050187,65.4595944096895,False,n/a,3
2025-09-03 15:36:25.726487,454,3,POINT (70.86410162987659 65.47024815336952),0.0114108265549879,70.86410162987659,65.47024815336952,False,n/a,3
2025-09-03 15:36:26.726487,455,3,POINT (70.86737504376102 65.48144806530816),0.0116684731602681,70.86737504376102,65.48144806530816,False,n/a,3
2025-09-03 15:36:27.726487,456,3,POINT (70.8699299359632 65.4933440545002),0.0121672524845151,70.8699299359632,65.4933440545002,False,n/a,3
2025-09-03 15:36:28.726487,457,3,POINT (70.87173795995753 65.5058250947204),0.0126113169709662,70.87173795995753,65.5058250947204,False,n/a,3
2025-09-03 15:36:29.726487,458,3,POINT (70.87272694074818 65.51879771309859),0.0130102617418207,70.87272694074818,65.51879771309859,False,n/a,3
2025-09-03 15:36:30.726487,459,3,POINT (70.87296014230445 65.5323027594861),0.0135070596687279,70.87296014230445,65.5323027594861,False,n/a,3
2025-09-03 15:36:31.726487,460,3,POINT (70.87244046809032 65.54636636387092),0.0140732025346561,70.87244046809032,65.54636636387092,False,n/a,3
2025-09-03 15:36:32.726487,461,3,POINT (70.8711777078109 65.56098889157835),0.0146769506396204,70.8711777078109,65.56098889157835,False,n/a,3
2025-09-03 15:36:33.726487,462,3,POINT (70.86919973693666 65.57616920667387),0.015308635967277,70.86919973693666,65.57616920667387,False,n/a,3
2025-09-03 15:36:34.726487,463,3,POINT (70.8664379000555 65.59179507842873),0.0158680689139417,70.8664379000555,65.59179507842873,False,n/a,3
2025-09-03 15:36:35.726487,464,3,POINT (70.86290692123306 65.6078535119471),0.0164420527461851,70.86290692123306,65.6078535119471,False,n/a,3
2025-09-03 15:36:36.726487,465,3,POINT (70.85865024859216 65.62439280965692),0.0170782795007609,70.85865024859216,65.62439280965692,False,n/a,3
2025-09-03 15:36:37.726487,466,3,POINT (70.85362847509053 65.64137934057952),0.0177132843336819,70.85362847509053,65.64137934057952,False,n/a,3
2025-09-03 15:36:38.726487,467,3,POINT (70.847873954817 65.65877662162129),0.0183242978371517,70.847873954817,65.65877662162129,False,n/a,3
2025-09-03 15:36:39.726487,468,3,POINT (70.84135700471795 65.67659085770926),0.01896885990226,70.84135700471795,65.67659085770926,False,n/a,3
2025-09-03 15:36:40.726487,469,3,POINT (70.83492023295867 65.6941203414248),0.0186739077328448,70.83492023295867,65.6941203414248,False,n/a,3
2025-09-03 15:36:41.726487,470,3,POINT (70.82946171551616 65.71082714937305),0.0175759166045325,70.82946171551616,65.71082714937305,False,n/a,3
2025-09-03 15:36:42.726487,471,3,POINT (70.82499334421057 65.72675705023794),0.0165447297859427,70.82499334421057,65.72675705023794,False,n/a,3
2025-09-03 15:36:43.726487,472,3,POINT (70.82148269852398 65.74189373998769),0.0155384687056681,70.82148269852398,65.74189373998769,False,n/a,3
2025-09-03 15:36:44.726487,473,3,POINT (70.81891655025528 65.75630791174218),0.0146408150150542,70.81891655025528,65.75630791174218,False,n/a,3
2025-09-03 15:36:45.726487,474,3,POINT (70.81734353483206 65.77005250710917),0.0138343152820759,70.81734353483206,65.77005250710917,False,n/a,3
2025-09-03 15:36:46.726487,475,3,POINT (70.81676592460208 65.78320961855268),0.0131697841711465,70.81676592460208,65.78320961855268,False,n/a,3
2025-09-03 15:36:47.726487,476,3,POINT (70.81713719106746 65.79571562664658),0.0125115177829552,70.81713719106746,65.79571562664658,False,n/a,3
2025-09-03 15:36:48.726487,477,3,POINT (70.81848219317686 65.80761454787341),0.0119746965321302,70.81848219317686,65.80761454787341,False,n/a,3
2025-09-03 15:36:49.726487,478,3,POINT (70.82081120821756 65.81895184723778),0.0115740514919008,70.82081120821756,65.81895184723778,False,n/a,3
2025-09-03 15:36:50.726487,479,3,POINT (70.82405489652652 65.82963541763635),0.0111651327939638,70.82405489652652,65.82963541763635,False,n/a,3
2025-09-03 15:36:51.726487,480,3,POINT (70.82816094630024 65.83968862071173),0.0108593985477551,70.82816094630024,65.83968862071173,False,n/a,3
2025-09-03 15:36:52.726487,481,3,POINT (70.83325969563688 65.84928233737354),0.0108644670456031,70.83325969563688,65.84928233737354,False,n/a,3
2025-09-03 15:36:53.726487,482,3,POINT (70.83924994400229 65.85833275706638),0.0108532562899721,70.83924994400229,65.85833275706638,False,n/a,3
2025-09-03 15:36:54.726487,483,3,POINT (70.8461215135347 65.86682117913882),0.0109211618941713,70.8461215135347,65.86682117913882,False,n/a,3
2025-09-03 15:36:55.726487,484,3,POINT (70.85384215984492 65.87471402455272),0.0110410773104387,70.85384215984492,65.87471402455272,False,n/a,3
2025-09-03 15:36:56.726487,485,3,POINT (70.86245934537276 65.88212969629083),0.0113687322841508,70.86245934537276,65.88212969629083,False,n/a,3
2025-09-03 15:36:57.726487,486,3,POINT (70.87190987821886 65.88900456634327),0.0116865910047897,70.87190987821886,65.88900456634327,False,n/a,3
2025-09-03 15:36:58.726487,487,3,POINT (70.88269082507081 65.89494101209192),0.0123073231513282,70.88269082507081,65.89494101209192,False,n/a,3
2025-09-03 15:36:59.726487,488,3,POINT (70.89480476605338 65.899927925153),0.0131002621350863,70.89480476605338,65.899927925153,False,n/a,3
2025-09-03 15:37:00.726487,489,3,POINT (70.90832573454796 65.90407024154048),0.0141412649393655,70.90832573454796,65.90407024154048,False,n/a,3
2025-09-03 15:37:01.726487,490,3,POINT (70.92319156584765 65.90725172609778),0.0152024598081729,70.92319156584765,65.90725172609778,False,n/a,3
2025-09-03 15:37:02.726487,491,3,POINT (70.93946307398421 65.90955411377742),0.016433592609827,70.93946307398421,65.90955411377742,False,n/a,3
2025-09-03 15:37:03.726487,492,3,POINT (70.95707820067415 65.91086384920727),0.0176637508813556,70.95707820067415,65.91086384920727,False,n/a,3
2025-09-03 15:37:04.726487,493,3,POINT (70.97604215464727 65.91117490247109),0.0189665048026204,70.97604215464727,65.91117490247109,False,n/a,3
2025-09-03 15:37:05.726487,494,3,POINT (70.99633633585829 65.91044494521692),0.0203073048093138,70.99633633585829,65.91044494521692,False,n/a,3
2025-09-03 15:37:06.726487,495,3,POINT (71.01799648119277 65.90871356282868),0.0217292333248342,71.01799648119277,65.90871356282868,False,n/a,3
2025-09-03 15:37:07.726487,496,3,POINT (71.04093353003299 65.90583573810447),0.023116878782437,71.04093353003299,65.90583573810447,False,n/a,3
2025-09-03 15:37:08.726487,497,3,POINT (71.06512491836597 65.90178528950665),0.0245281349335951,71.06512491836597,65.90178528950665,False,n/a,3
2025-09-03 15:37:09.726487,498,3,POINT (71.09048928735879 65.89646109691873),0.0259171418392821,71.09048928735879,65.89646109691873,False,n/a,3
2025-09-03 15:37:10.726487,499,3,POINT (71.11704034777135 65.88998591416257),0.0273292297871163,71.11704034777135,65.88998591416257,False,n/a,3
2025-09-03 15:37:11.726487,500,3,POINT (71.14472307963256 65.88230411342683),0.0287287957604033,71.14472307963256,65.88230411342683,False,n/a,3
2025-09-03 15:37:12.726487,501,3,POINT (71.17340703149621 65.87330851152204),0.0300614362289278,71.17340703149621,65.87330851152204,False,n/a,3
2025-09-03 15:37:13.726487,502,3,POINT (71.20313406695392 65.86306534192643),0.0314423148077308,71.20313406695392,65.86306534192643,False,n/a,3
2025-09-03 15:37:14.726487,503,3,POINT (71.23221933893473 65.85272176759295),0.0308697679970144,71.23221933893473,65.85272176759295,False,n/a,3
2025-09-03 15:37:15.726487,504,3,POINT (71.26068196599144 65.8423054119807),0.0303087710607063,71.26068196599144,65.8423054119807,False,n/a,3
2025-09-03 15:37:16.726487,505,3,POINT (71.2885510044629 65.83187238111952),0.0297578802718593,71.2885510044629,65.83187238111952,False,n/a,3
2025-09-03 15:37:17.726487,506,3,POINT (71.31588032890502 65.82145044525952),0.0292490806955169,71.31588032890502,65.82145044525952,False,n/a,3
2025-09-03 15:37:18.726487,507,3,POINT (71.3426284541135 65.81099195482113),0.0287200665810115,71.3426284541135,65.81099195482113,False,n/a,3
2025-09-03 15:37:19.726487,508,3,POINT (71.3687933013468 65.8004935475635),0.0281924774663232,71.3687933013468,65.8004935475635,False,n/a,3
2025-09-03 15:37:20.726487,509,3,POINT (71.39437721348202 65.78996289598867),0.0276664269961488,71.39437721348202,65.78996289598867,False,n/a,3
2025-09-03 15:37:21.726487,510,3,POINT (71.41943163105381 65.7794337359211),0.0271769581003875,71.41943163105381,65.7794337359211,False,n/a,3
2025-09-03 15:37:22.726487,511,3,POINT (71.44399545332824 65.7689312212051),0.0267148681465919,71.44399545332824,65.7689312212051,False,n/a,3
2025-09-03 15:37:23.726487,512,3,POINT (71.46801962673648 65.7584019832543),0.0262302451336884,71.46801962673648,65.7584019832543,False,n/a,3
2025-09-03 15:37:24.726487,513,3,POINT (71.49159578453849 65.74798103340137),0.0257765671209843,71.49159578453849,65.74798103340137,False,n/a,3
2025-09-03 15:37:25.726487,514,3,POINT (71.51477283214051 65.73767441022751),0.0253653704249358,71.51477283214051,65.73767441022751,False,n/a,3
2025-09-03 15:37:26.726487,515,3,POINT (71.53752349233103 65.72743698564325),0.0249478937231815,71.53752349233103,65.72743698564325,False,n/a,3
2025-09-03 15:37:27.726487,516,3,POINT (71.55992920050078 65.71736065298747),0.0245672187757936,71.55992920050078,65.71736065298747,False,n/a,3
2025-09-03 15:37:28.726487,517,3,POINT (71.58193706190649 65.70736544442985),0.0241712671939881,71.58193706190649,65.70736544442985,False,n/a,3
2025-09-03 15:37:29.726487,518,3,POINT (71.60352603386904 65.69743615558129),0.0237628804533121,71.60352603386904,65.69743615558129,False,n/a,3
2025-09-03 15:37:30.726487,519,3,POINT (71.62475960619219 65.68760817026917),0.0233977325588863,71.62475960619219,65.68760817026917,False,n/a,3
2025-09-03 15:37:31.726487,520,3,POINT (71.64563486139343 65.67787008345674),0.0230348999234569,71.64563486139343,65.67787008345674,False,n/a,3
2025-09-03 15:37:32.726487,521,3,POINT (71.66620982441285 65.66828794871452),0.0226968369925908,71.66620982441285,65.66828794871452,False,n/a,3
2025-09-03 15:37:33.726487,522,3,POINT (71.68643229075417 65.6588030220397),0.022336337635176,71.68643229075417,65.6588030220397,False,n/a,3
2025-09-03 15:37:34.726487,523,3,POINT (71.70635243385352 65.64947876541794),0.0219944052578686,71.70635243385352,65.64947876541794,False,n/a,3
2025-09-03 15:37:35.726487,524,3,POINT (71.72593419701744 65.64026588270443),0.0216407637688812,71.72593419701744,65.64026588270443,False,n/a,3
2025-09-03 15:37:36.726487,525,3,POINT (71.74458722898945 65.63203500474319),0.0203883043375743,71.74458722898945,65.63203500474319,False,n/a,3
2025-09-03 15:37:37.726487,526,3,POINT (71.76233007992535 65.62478847730684),0.0191656181538573,71.76233007992535,65.62478847730684,False,n/a,3
2025-09-03 15:37:38.726487,527,3,POINT (71.7792355978984 65.61853265732151),0.0180258653502736,71.7792355978984,65.61853265732151,False,n/a,3
2025-09-03 15:37:39.726487,528,3,POINT (71.79531850176723 65.61323114442061),0.0169341618006954,71.79531850176723,65.61323114442061,False,n/a,3
2025-09-03 15:37:40.726487,529,3,POINT (71.81064153605838 65.6089009206866),0.0159231346623272,71.81064153605838,65.6089009206866,False,n/a,3
2025-09-03 15:37:41.726487,530,3,POINT (71.82521973561367 65.60555058055675),0.0149582312209508,71.82521973561367,65.60555058055675,False,n/a,3
2025-09-03 15:37:42.726487,531,3,POINT (71.83912817580453 65.60319453149921),0.0141065827082349,71.83912817580453,65.60319453149921,False,n/a,3
2025-09-03 15:37:43.726487,532,3,POINT (71.85241397205515 65.60185660342663),0.013352993429948,71.85241397205515,65.60185660342663,False,n/a,3
2025-09-03 15:37:44.726487,533,3,POINT (71.86508020061962 65.60148448719139),0.0126716935150721,71.86508020061962,65.60148448719139,False,n/a,3
2025-09-03 15:37:45.726487,534,3,POINT (71.87705516430285 65.60202625998812),0.0119872128944951,71.87705516430285,65.60202625998812,False,n/a,3
2025-09-03 15:37:46.726487,535,3,POINT (71.88843460919271 65.60354432239667),0.0114802560719616,71.88843460919271,65.60354432239667,False,n/a,3
2025-09-03 15:37:47.726487,536,3,POINT (71.89928225281713 65.60605379594938),0.0111341290505394,71.89928225281713,65.60605379594938,False,n/a,3
2025-09-03 15:37:48.726487,537,3,POINT (71.90952295143616 65.60945780998874),0.0107916273001781,71.90952295143616,65.60945780998874,False,n/a,3
2025-09-03 15:37:49.726487,538,3,POINT (71.91913111989682 65.61376284207839),0.010528542276179,71.91913111989682,65.61376284207839,False,n/a,3
2025-09-03 15:37:50.726487,539,3,POINT (71.92820440186792 65.61898928834616),0.0104709209870448,71.92820440186792,65.61898928834616,False,n/a,3
2025-09-03 15:37:51.726487,540,3,POINT (71.93785143303116 65.62332602843179),0.0105769808941338,71.93785143303116,65.62332602843179,False,n/a,3
2025-09-03 15:37:52.726487,541,3,POINT (71.94804204683587 65.62677643909456),0.0107589006621711,71.94804204683587,65.62677643909456,False,n/a,3
2025-09-03 15:37:53.726487,542,3,POINT (71.95889976941177 65.62946196722154),0.0111849095148863,71.95889976941177,65.62946196722154,False,n/a,3
2025-09-03 15:37:54.726487,543,3,POINT (71.97039773814511 65.63134707890693),0.0116514776341531,71.97039773814511,65.63134707890693,False,n/a,3
2025-09-03 15:37:55.726487,544,3,POINT (71.98243052526641 65.6324121505839),0.0120798321008034,71.98243052526641,65.6324121505839,False,n/a,3
2025-09-03 15:37:56.726487,545,3,POINT (71.99498971415245 65.63267745249742),0.0125619907093043,71.99498971415245,65.63267745249742,False,n/a,3
2025-09-03 15:37:57.726487,546,3,POINT (72.00806866648986 65.63214332258121),0.013089854430497,72.00806866648986,65.63214332258121,False,n/a,3
2025-09-03 15:37:58.726487,547,3,POINT (72.02164710507006 65.63077962149532),0.0136467459464828,72.02164710507006,65.63077962149532,False,n/a,3
2025-09-03 15:37:59.726487,548,3,POINT (72.03559458720123 65.62855439696966),0.014123876308895,72.03559458720123,65.62855439696966,False,n/a,3
2025-09-03 15:38:00.726487,549,3,POINT (72.05001064667617 65.62554563281171),0.0147266911607183,72.05001064667617,65.62554563281171,False,n/a,3
2025-09-03 15:38:01.726487,550,3,POINT (72.0647575161078 65.62165701751177),0.0152509503633242,72.0647575161078,65.62165701751177,False,n/a,3
2025-09-03 15:38:02.726487,551,3,POINT (72.07984835549003 65.6169459207435),0.015809107059541,72.07984835549003,65.6169459207435,False,n/a,3
2025-09-03 15:38:03.726487,552,3,POINT (72.0953367889798 65.61144338180583),0.0164368338413304,72.0953367889798,65.61144338180583,False,n/a,3
2025-09-03 15:38:04.726487,553,3,POINT (72.11076554281301 65.60608405143132),0.0163330605493633,72.11076554281301,65.60608405143132,False,n/a,3
2025-09-03 15:38:05.726487,554,3,POINT (72.12610283921141 65.60089206470576),0.0161922631824829,72.12610283921141,65.60089206470576,False,n/a,3
2025-09-03 15:38:06.726487,555,3,POINT (72.14131070433461 65.59581766114087),0.0160321156790009,72.14131070433461,65.59581766114087,False,n/a,3
2025-09-03 15:38:07.726487,556,3,POINT (72.15583549652062 65.59176762516935),0.0150788719544045,72.15583549652062,65.59176762516935,False,n/a,3
2025-09-03 15:38:08.726487,557,3,POINT (72.16975697570611 65.58877945881694),0.014238564564644,72.16975697570611,65.58877945881694,False,n/a,3
2025-09-03 15:38:09.726487,558,3,POINT (72.18308019059465 65.58680837365083),0.0134682304590623,72.18308019059465,65.58680837365083,False,n/a,3
2025-09-03 15:38:10.726487,559,3,POINT (72.19580684251655 65.58587849393447),0.0127605777858197,72.19580684251655,65.58587849393447,False,n/a,3
2025-09-03 15:38:11.726487,560,3,POINT (72.20808938295544 65.58600706459445),0.0122832133437286,72.20808938295544,65.58600706459445,False,n/a,3
2025-09-03 15:38:12.726487,561,3,POINT (72.21978097944374 65.58708595434443),0.0117412704396903,72.21978097944374,65.58708595434443,False,n/a,3
2025-09-03 15:38:13.726487,562,3,POINT (72.23091799688066 65.5891381946976),0.0113245241779724,72.23091799688066,65.5891381946976,False,n/a,3
2025-09-03 15:38:14.726487,563,3,POINT (72.24165567246853 65.5922117520015),0.0111689046701349,72.24165567246853,65.5922117520015,False,n/a,3
2025-09-03 15:38:15.726487,564,3,POINT (72.25189613233043 65.59624047786953),0.0110044377549684,72.25189613233043,65.59624047786953,False,n/a,3
2025-09-03 15:38:16.726487,565,3,POINT (72.26166293069029 65.60119784042662),0.010952889743108,72.26166293069029,65.60119784042662,False,n/a,3
2025-09-03 15:38:17.726487,566,3,POINT (72.27094828137406 65.60708946485602),0.0109967711505517,72.27094828137406,65.60708946485602,False,n/a,3
2025-09-03 15:38:18.726487,567,3,POINT (72.27974068594554 65.6138921269755),0.0111167706668993,72.27974068594554,65.6138921269755,False,n/a,3
2025-09-03 15:38:19.726487,568,3,POINT (72.28814422982089 65.62163602067174),0.0114274861296607,72.28814422982089,65.62163602067174,False,n/a,3
2025-09-03 15:38:20.726487,569,3,POINT (72.29600711779639 65.63023667633179),0.011653166312125,72.29600711779639,65.63023667633179,False,n/a,3
2025-09-03 15:38:21.726487,570,3,POINT (72.30338730030377 65.63973458487379),0.0120281902426929,72.30338730030377,65.63973458487379,False,n/a,3
2025-09-03 15:38:22.726487,571,3,POINT (72.31023376929204 65.650059231253),0.0123884002382454,72.31023376929204,65.650059231253,False,n/a,3
2025-09-03 15:38:23.726487,572,3,POINT (72.31667509608128 65.66125207510208),0.0129139631498578,72.31667509608128,65.66125207510208,False,n/a,3
2025-09-03 15:38:24.726487,573,3,POINT (72.32270326242542 65.673317037964),0.0134871093393632,72.32270326242542,65.673317037964,False,n/a,3
2025-09-03 15:38:25.726487,574,3,POINT (72.32835286353132 65.6862552976991),0.0141179516088177,72.32835286353132,65.6862552976991,False,n/a,3
2025-09-03 15:38:26.726487,575,3,POINT (72.33356320416297 65.7000225065719),0.0147201796743419,72.33356320416297,65.7000225065719,False,n/a,3
2025-09-03 15:38:27.726487,576,3,POINT (72.33832827875841 65.71459128057877),0.0153282455605169,72.33832827875841,65.71459128057877,False,n/a,3
2025-09-03 15:38:28.726487,577,3,POINT (72.34264437781074 65.72993810477894),0.0159421994737336,72.34264437781074,65.72993810477894,False,n/a,3
2025-09-03 15:38:29.726487,578,3,POINT (72.34650585201278 65.74602428477147),0.0165431608154246,72.34650585201278,65.74602428477147,False,n/a,3
2025-09-03 15:38:30.726487,579,3,POINT (72.34989857888846 65.76282556583526),0.0171404095936314,72.34989857888846,65.76282556583526,False,n/a,3
2025-09-03 15:38:31.726487,580,3,POINT (72.35279314128718 65.78033277735267),0.0177448850826229,72.35279314128718,65.78033277735267,False,n/a,3
2025-09-03 15:38:32.726487,581,3,POINT (72.35508732446114 65.79850610611409),0.0183175641040602,72.35508732446114,65.79850610611409,False,n/a,3
2025-09-03 15:38:33.726487,582,3,POINT (72.35691280034852 65.81736570348323),0.0189477379953817,72.35691280034852,65.81736570348323,False,n/a,3
2025-09-03 15:38:34.726487,583,3,POINT (72.35825565800357 65.83688561803979),0.0195660504695475,72.35825565800357,65.83688561803979,False,n/a,3
2025-09-03 15:38:35.726487,584,3,POINT (72.35903572891021 65.8570028819291),0.0201323822984728,72.35903572891021,65.8570028819291,False,n/a,3
2025-09-03 15:38:36.726487,585,3,POINT (72.35918671542714 65.8776875288094),0.0206851979321183,72.35918671542714,65.8776875288094,False,n/a,3
2025-09-03 15:38:37.726487,586,3,POINT (72.35882553673973 65.89897780156615),0.021293336143047,72.35882553673973,65.89897780156615,False,n/a,3
2025-09-03 15:38:38.726487,587,3,POINT (72.35800282494661 65.92089156893837),0.0219292055291241,72.35800282494661,65.92089156893837,False,n/a,3
2025-09-03 15:38:39.726487,588,3,POINT (72.35666515346081 65.94341888854647),0.0225670001047878,72.35666515346081,65.94341888854647,False,n/a,3
2025-09-03 15:38:40.726487,589,3,POINT (72.35481623591434 65.96651187998454),0.0231668890801519,72.35481623591434,65.96651187998454,False,n/a,3
2025-09-03 15:38:41.726487,590,3,POINT (72.35243573111886 65.9901800687735),0.0237876010482599,72.35243573111886,65.9901800687735,False,n/a,3
2025-09-03 15:38:42.726487,591,3,POINT (72.34942250000658 66.01431739534564),0.0243246807951588,72.34942250000658,66.01431739534564,False,n/a,3
2025-09-03 15:38:43.726487,592,3,POINT (72.34578942037466 66.038898411376),0.0248480505612895,72.34578942037466,66.038898411376,False,n/a,3
2025-09-03 15:38:44.726487,593,3,POINT (72.34145574637213 66.06392158949467),0.025395672338392,72.34145574637213,66.06392158949467,False,n/a,3
2025-09-03 15:38:45.726487,594,3,POINT (72.33653583728946 66.08941333053184),0.025962171836886,72.33653583728946,66.08941333053184,False,n/a,3
2025-09-03 15:38:46.726487,595,3,POINT (72.33155204108633 66.11446190900342),0.0255395674991072,72.33155204108633,66.11446190900342,False,n/a,3
2025-09-03 15:38:47.726487,596,3,POINT (72.32646376747579 66.13899534836726),0.0250555418092429,72.32646376747579,66.13899534836726,False,n/a,3
2025-09-03 15:38:48.726487,597,3,POINT (72.32140499723202 66.16311203867443),0.0246415484040878,72.32140499723202,66.16311203867443,False,n/a,3
2025-09-03 15:38:49.726487,598,3,POINT (72.31706842022109 66.18604460808274),0.0233389939765785,72.31706842022109,66.18604460808274,False,n/a,3
2025-09-03 15:38:50.726487,599,3,POINT (72.31355845663282 66.20773320078672),0.0219707737203353,72.31355845663282,66.20773320078672,False,n/a,3
2025-09-03 15:38:51.726487,600,3,POINT (72.31095997444204 66.22823693823663),0.0206677371550636,72.31095997444204,66.22823693823663,False,n/a,3
2025-09-03 15:38:52.726487,601,3,POINT (72.30919642044348 66.2474764767946),0.0193201958227496,72.30919642044348,66.2474764767946,False,n/a,3
2025-09-03 15:38:53.726487,602,3,POINT (72.30835720955422 66.26551618080528),0.0180592135960967,72.30835720955422,66.26551618080528,False,n/a,3
2025-09-03 15:38:54.726487,603,3,POINT (72.30851599616157 66.28240921632353),0.0168937817615703,72.30851599616157,66.28240921632353,False,n/a,3
2025-09-03 15:38:55.726487,604,3,POINT (72.3097225439658 66.2981889390267),0.0158257829567102,72.3097225439658,66.2981889390267,False,n/a,3
2025-09-03 15:38:56.726487,605,3,POINT (72.31195636764872 66.31282469854),0.0148052499059424,72.31195636764872,66.31282469854,False,n/a,3
2025-09-03 15:38:57.726487,606,3,POINT (72.31526014928278 66.32634367696087),0.0139168153910895,72.31526014928278,66.32634367696087,False,n/a,3
2025-09-03 15:38:58.726487,607,3,POINT (72.31958580465191 66.33868831813923),0.0130805756828556,72.31958580465191,66.33868831813923,False,n/a,3
2025-09-03 15:38:59.726487,608,3,POINT (72.32490928544081 66.3498226339797),0.0123414924926058,72.32490928544081,66.3498226339797,False,n/a,3
2025-09-03 15:39:00.726487,609,3,POINT (72.33128910385078 66.35978878247433),0.0118332666141315,72.33128910385078,66.35978878247433,False,n/a,3
2025-09-03 15:39:01.726487,610,3,POINT (72.33870116254482 66.36855092998495),0.0114766651550819,72.33870116254482,66.36855092998495,False,n/a,3
2025-09-03 15:39:02.726487,611,3,POINT (72.34723989169785 66.37618631414938),0.0114546491385488,72.34723989169785,66.37618631414938,False,n/a,3
2025-09-03 15:39:03.726487,612,3,POINT (72.35687663528265 66.38265497489232),0.0116064808932889,72.35687663528265,66.38265497489232,False,n/a,3
2025-09-03 15:39:04.726487,613,3,POINT (72.36755369982548 66.38788938551747),0.0118911211348843,72.36755369982548,66.38788938551747,False,n/a,3
2025-09-03 15:39:05.726487,614,3,POINT (72.37814591764831 66.3931473013222),0.0118254284072925,72.37814591764831,66.3931473013222,False,n/a,3
2025-09-03 15:39:06.726487,615,3,POINT (72.38874084466535 66.39847434269694),0.0118587456463395,72.38874084466535,66.39847434269694,False,n/a,3
2025-09-03 15:39:07.726487,616,3,POINT (72.3993146794788 66.4038442535393),0.0118592548297596,72.3993146794788,66.4038442535393,False,n/a,3
2025-09-03 15:39:08.726487,617,3,POINT (72.40989123392896 66.40927543437932),0.0118895428572366,72.40989123392896,66.40927543437932,False,n/a,3
2025-09-03 15:39:09.726487,618,3,POINT (72.42032071672949 66.4146381837194),0.0117274546245603,72.42032071672949,66.4146381837194,False,n/a,3
2025-09-03 15:39:10.726487,619,3,POINT (72.4307682474651 66.42007488301961),0.0117774614307259,72.4307682474651,66.42007488301961,False,n/a,3
2025-09-03 15:39:11.726487,620,3,POINT (72.44117097332126 66.4255155638988),0.0117395789391165,72.44117097332126,66.4255155638988,False,n/a,3
2025-09-03 15:39:12.726487,621,3,POINT (72.45147230392192 66.4309154930907),0.0116308489553199,72.45147230392192,66.4309154930907,False,n/a,3
2025-09-03 15:39:13.726487,622,3,POINT (72.46169430816286 66.43631546512536),0.011560669041066,72.46169430816286,66.43631546512536,False,n/a,3
2025-09-03 15:39:14.726487,623,3,POINT (72.47189123461357 66.4417795121235),0.0115686264802248,72.47189123461357,66.4417795121235,False,n/a,3
2025-09-03 15:39:15.726487,624,3,POINT (72.48204119623091 66.4472771955931),0.0115432337048794,72.48204119623091,66.4472771955931,False,n/a,3
2025-09-03 15:39:16.726487,625,3,POINT (72.49213937154585 66.4527851073784),0.0115026186986208,72.49213937154585,66.4527851073784,False,n/a,3
2025-09-03 15:39:17.726487,626,3,POINT (72.50224095777963 66.45835497317661),0.0115353998391337,72.50224095777963,66.45835497317661,False,n/a,3
2025-09-03 15:39:18.726487,627,3,POINT (72.51237561112808 66.46399242689034),0.0115970721679053,72.51237561112808,66.46399242689034,False,n/a,3
2025-09-03 15:39:19.726487,628,3,POINT (72.52241369142918 66.46960793750716),0.0115020439757014,72.52241369142918,66.46960793750716,False,n/a,3
2025-09-03 15:39:20.726487,629,3,POINT (72.532453194334 66.47526069465208),0.011521513872544,72.532453194334,66.47526069465208,False,n/a,3
2025-09-03 15:39:21.726487,630,3,POINT (72.54248681887968 66.48094540277525),0.0115321085656262,72.54248681887968,66.48094540277525,False,n/a,3
2025-09-03 15:39:22.726487,631,3,POINT (72.55177364638683 66.487420963706),0.0113215747365601,72.55177364638683,66.487420963706,False,n/a,3
2025-09-03 15:39:23.726487,632,3,POINT (72.5603713619365 66.49469761891653),0.0112636771849156,72.5603713619365,66.49469761891653,False,n/a,3
2025-09-03 15:39:24.726487,633,3,POINT (72.56826472767031 66.50272887674947),0.011260831451842,72.56826472767031,66.50272887674947,False,n/a,3
2025-09-03 15:39:25.726487,634,3,POINT (72.57550516479947 66.51156358983744),0.0114226128870716,72.57550516479947,66.51156358983744,False,n/a,3
2025-09-03 15:39:26.726487,635,3,POINT (72.5820253180011 66.52113111216508),0.0115779912447165,72.5820253180011,66.52113111216508,False,n/a,3
2025-09-03 15:39:27.726487,636,3,POINT (72.58791560639644 66.53147911209005),0.0119069979351424,72.58791560639644,66.53147911209005,False,n/a,3
2025-09-03 15:39:28.726487,637,3,POINT (72.59309332121009 66.54252313818418),0.0121975097072837,72.59309332121009,66.54252313818418,False,n/a,3
2025-09-03 15:39:29.726487,638,3,POINT (72.59764653266919 66.5543062196407),0.0126322105429767,72.59764653266919,66.5543062196407,False,n/a,3
2025-09-03 15:39:30.726487,639,3,POINT (72.6015105031342 66.56675446241543),0.0130341480708656,72.6015105031342,66.56675446241543,False,n/a,3
2025-09-03 15:39:31.726487,640,3,POINT (72.60476738775223 66.57992295593198),0.013565268847705,72.60476738775223,66.57992295593198,False,n/a,3
2025-09-03 15:39:32.726487,641,3,POINT (72.60732961498381 66.59371338476662),0.0140264370325998,72.60732961498381,66.59371338476662,False,n/a,3
2025-09-03 15:39:33.726487,642,3,POINT (72.60920674385952 66.60811562560282),0.0145240543210238,72.60920674385952,66.60811562560282,False,n/a,3
2025-09-03 15:39:34.726487,643,3,POINT (72.61048255296745 66.62319247018975),0.0151307280584347,72.61048255296745,66.62319247018975,False,n/a,3
2025-09-03 15:39:35.726487,644,3,POINT (72.61114552853145 66.6389382895868),0.0157597704641629,72.61114552853145,66.6389382895868,False,n/a,3
2025-09-03 15:39:36.726487,645,3,POINT (72.61110712455707 66.6552538866332),0.0163156422443542,72.61110712455707,66.6552538866332,False,n/a,3
2025-09-03 15:39:37.726487,646,3,POINT (72.6104089278245 66.67213355005741),0.0168940970753645,72.6104089278245,66.67213355005741,False,n/a,3
2025-09-03 15:39:38.726487,647,3,POINT (72.60969225999217 66.68876968770361),0.0166515671504296,72.60969225999217,66.68876968770361,False,n/a,3
2025-09-03 15:39:39.726487,648,3,POINT (72.60902843730145 66.70520873708588),0.0164524467833043,72.60902843730145,66.70520873708588,False,n/a,3
2025-09-03 15:39:40.726487,649,3,POINT (72.6084485943714 66.72150585771041),0.0163074326144237,72.6084485943714,66.72150585771041,False,n/a,3
2025-09-03 15:39:41.726487,650,3,POINT (72.60797341379843 66.73765819715793),0.0161593275294698,72.60797341379843,66.73765819715793,False,n/a,3
2025-09-03 15:39:42.726487,651,3,POINT (72.60759768932951 66.75371358675712),0.0160597853054848,72.60759768932951,66.75371358675712,False,n/a,3
2025-09-03 15:39:43.726487,652,3,POINT (72.60732765985806 66.76964631328757),0.0159350146096448,72.60732765985806,66.76964631328757,False,n/a,3
2025-09-03 15:39:44.726487,653,3,POINT (72.607163489858 66.7854678393267),0.0158223777604974,72.607163489858,66.7854678393267,False,n/a,3
2025-09-03 15:39:45.726487,654,3,POINT (72.60711921597093 66.80118370028505),0.0157159233212473,72.60711921597093,66.80118370028505,False,n/a,3
2025-09-03 15:39:46.726487,655,3,POINT (72.60723456453105 66.81682442266518),0.0156411477156415,72.60723456453105,66.81682442266518,False,n/a,3
2025-09-03 15:39:47.726487,656,3,POINT (72.60741765794849 66.83229939586629),0.0154760563056138,72.60741765794849,66.83229939586629,False,n/a,3
2025-09-03 15:39:48.726487,657,3,POINT (72.60768092599751 66.84767964547422),0.0153825026594455,72.60768092599751,66.84767964547422,False,n/a,3
2025-09-03 15:39:49.726487,658,3,POINT (72.60803271322963 66.86293577515355),0.0152601850267026,72.60803271322963,66.86293577515355,False,n/a,3
2025-09-03 15:39:50.726487,659,3,POINT (72.60846660707463 66.8780969156625),0.0151673480015751,72.60846660707463,66.8780969156625,False,n/a,3
2025-09-03 15:39:51.726487,660,3,POINT (72.60901893608448 66.89319122332802),0.0151044096619671,72.60901893608448,66.89319122332802,False,n/a,3
2025-09-03 15:39:52.726487,661,3,POINT (72.60964539450107 66.90815080768353),0.0149726956236112,72.60964539450107,66.90815080768353,False,n/a,3
2025-09-03 15:39:53.726487,662,3,POINT (72.61031433216131 66.92293991349206),0.0148042267008189,72.61031433216131,66.92293991349206,False,n/a,3
2025-09-03 15:39:54.726487,663,3,POINT (72.61112861545973 66.93772508474312),0.0148075773242401,72.61112861545973,66.93772508474312,False,n/a,3
2025-09-03 15:39:55.726487,664,3,POINT (72.61202519101145 66.95244632159883),0.0147485139007884,72.61202519101145,66.95244632159883,False,n/a,3
2025-09-03 15:39:56.726487,665,3,POINT (72.61295658877681 66.96703938533155),0.014622756610998,72.61295658877681,66.96703938533155,False,n/a,3
2025-09-03 15:39:57.726487,666,3,POINT (72.61390706985081 66.98149212410412),0.0144839591376236,72.61390706985081,66.98149212410412,False,n/a,3
2025-09-03 15:39:58.726487,667,3,POINT (72.61489075950807 66.99581093142694),0.0143525568624525,72.61489075950807,66.99581093142694,False,n/a,3
2025-09-03 15:39:59.726487,668,3,POINT (72.61596854461094 67.01005482131421),0.0142846077947062,72.61596854461094,67.01005482131421,False,n/a,3
2025-09-03 15:40:00.726487,669,3,POINT (72.61703771586822 67.02412319882916),0.014108946561683,72.61703771586822,67.02412319882916,False,n/a,3
2025-09-03 15:40:01.726487,670,3,POINT (72.61813548898658 67.03807233831111),0.0139922692264812,72.61813548898658,67.03807233831111,False,n/a,3
2025-09-03 15:40:02.726487,671,3,POINT (72.61928836800774 67.05189550886163),0.0138711634013263,72.61928836800774,67.05189550886163,False,n/a,3
2025-09-03 15:40:03.726487,672,3,POINT (72.62133363520977 67.0649641552531),0.0132277222692602,72.62133363520977,67.0649641552531,False,n/a,3
2025-09-03 15:40:04.726487,673,3,POINT (72.62424194968823 67.07729746327016),0.0126715736887476,72.62424194968823,67.07729746327016,False,n/a,3
2025-09-03 15:40:05.726487,674,3,POINT (72.62808117508612 67.0889810298856),0.012298186065978,72.62808117508612,67.0889810298856,False,n/a,3
2025-09-03 15:40:06.726487,675,3,POINT (72.63189375793492 67.10054407663482),0.0121753783556609,72.63189375793492,67.10054407663482,False,n/a,3
2025-09-03 15:40:07.726487,676,3,POINT (72.63571908571639 67.1120338380814),0.0121098204253852,72.63571908571639,67.1120338380814,False,n/a,3
2025-09-03 15:40:08.726487,677,3,POINT (72.63955146298396 67.12345228221605),0.0120444170459626,72.63955146298396,67.12345228221605,False,n/a,3
2025-09-03 15:40:09.726487,678,3,POINT (72.64339249789242 67.13478866754049),0.0119694269450219,72.64339249789242,67.13478866754049,False,n/a,3
2025-09-03 15:40:10.726487,679,3,POINT (72.64730360533582 67.14613671832811),0.0120031253476821,72.64730360533582,67.14613671832811,False,n/a,3
2025-09-03 15:40:11.726487,680,3,POINT (72.65128487665571 67.15746277366115),0.0120054175574911,72.65128487665571,67.15746277366115,False,n/a,3
2025-09-03 15:40:12.726487,681,3,POINT (72.65532438051777 67.16880137306876),0.0120366701366206,72.65532438051777,67.16880137306876,False,n/a,3
2025-09-03 15:40:13.726487,682,3,POINT (72.65935087273094 67.18003433608926),0.0119328160030537,72.65935087273094,67.18003433608926,False,n/a,3
2025-09-03 15:40:14.726487,683,3,POINT (72.66337515560672 67.19118589185639),0.0118554649293745,72.66337515560672,67.19118589185639,False,n/a,3
2025-09-03 15:40:15.726487,684,3,POINT (72.66747384678258 67.20234685245703),0.0118897565527664,72.66747384678258,67.20234685245703,False,n/a,3
2025-09-03 15:40:16.726487,685,3,POINT (72.67158543629344 67.21344093514114),0.0118314766156915,72.67158543629344,67.21344093514114,False,n/a,3
2025-09-03 15:40:17.726487,686,3,POINT (72.6756268176807 67.22436655880682),0.0116491208252557,72.6756268176807,67.22436655880682,False,n/a,3
2025-09-03 15:40:18.726487,687,3,POINT (72.67975774978875 67.23533608040815),0.0117215615104513,72.67975774978875,67.23533608040815,False,n/a,3
2025-09-03 15:40:19.726487,688,3,POINT (72.68390451268398 67.24626540522071),0.0116895587328105,72.68390451268398,67.24626540522071,False,n/a,3
2025-09-03 15:40:20.726487,689,3,POINT (72.68805125865485 67.25711141811684),0.0116116965982507,72.68805125865485,67.25711141811684,False,n/a,3
2025-09-03 15:40:21.726487,690,3,POINT (72.69219526617019 67.26790962947835),0.0115660782850185,72.69219526617019,67.26790962947835,False,n/a,3
2025-09-03 15:40:22.726487,691,3,POINT (72.69725456528704 67.27808971150685),0.0113679627753049,72.69725456528704,67.27808971150685,False,n/a,3
2025-09-03 15:40:23.726487,692,3,POINT (72.70321699180226 67.28766720444418),0.0112817951104409,72.70321699180226,67.28766720444418,False,n/a,3
2025-09-03 15:40:24.726487,693,3,POINT (72.70999650217408 67.29659563218213),0.0112106459561186,72.70999650217408,67.29659563218213,False,n/a,3
2025-09-03 15:40:25.726487,694,3,POINT (72.71763668432607 67.30494501517668),0.0113174458118993,72.71763668432607,67.30494501517668,False,n/a,3
2025-09-03 15:40:26.726487,695,3,POINT (72.72605134793068 67.31262453380756),0.0113921714339631,72.72605134793068,67.31262453380756,False,n/a,3
2025-09-03 15:40:27.726487,696,3,POINT (72.7352383420708 67.31964890983433),0.0115647187555951,72.7352383420708,67.31964890983433,False,n/a,3
2025-09-03 15:40:28.726487,697,3,POINT (72.74524199900631 67.32608210873259),0.0118936621840374,72.74524199900631,67.32608210873259,False,n/a,3
2025-09-03 15:40:29.726487,698,3,POINT (72.75657619588029 67.33158390946902),0.0125989614699524,72.75657619588029,67.33158390946902,False,n/a,3
2025-09-03 15:40:30.726487,699,3,POINT (72.76924026176073 67.33613802110995),0.0134580272500187,72.76924026176073,67.33613802110995,False,n/a,3
2025-09-03 15:40:31.726487,700,3,POINT (72.78324107706848 67.33973818567287),0.0144562794024589,72.78324107706848,67.33973818567287,False,n/a,3
2025-09-03 15:40:32.726487,701,3,POINT (72.79791043345456 67.3426911493827),0.0149636229387599,72.79791043345456,67.3426911493827,False,n/a,3
2025-09-03 15:40:33.726487,702,3,POINT (72.81332015478444 67.34510982642918),0.0155983816506564,72.81332015478444,67.34510982642918,False,n/a,3
2025-09-03 15:40:34.726487,703,3,POINT (72.82941816719304 67.34697329590176),0.0162055090010419,72.82941816719304,67.34697329590176,False,n/a,3
2025-09-03 15:40:35.726487,704,3,POINT (72.84612880764678 67.34820763886748),0.0167561662360789,72.84612880764678,67.34820763886748,False,n/a,3
2025-09-03 15:40:36.726487,705,3,POINT (72.86348439263712 67.34887295567435),0.0173683325857853,72.86348439263712,67.34887295567435,False,n/a,3
2025-09-03 15:40:37.726487,706,3,POINT (72.88144843373242 67.34894035102386),0.0179641675177742,72.88144843373242,67.34894035102386,False,n/a,3
2025-09-03 15:40:38.726487,707,3,POINT (72.90001714496995 67.34840940957062),0.018576300381123,72.90001714496995,67.34840940957062,False,n/a,3
2025-09-03 15:40:39.726487,708,3,POINT (72.91912144189224 67.34722242288936),0.0191411362848876,72.91912144189224,67.34722242288936,False,n/a,3
2025-09-03 15:40:40.726487,709,3,POINT (72.93885584300789 67.34549699657948),0.0198096866038776,72.93885584300789,67.34549699657948,False,n/a,3
2025-09-03 15:40:41.726487,710,3,POINT (72.95915734995546 67.34316625172404),0.0204348612895615,72.95915734995546,67.34316625172404,False,n/a,3
2025-09-03 15:40:42.726487,711,3,POINT (72.97999837351757 67.34023255398021),0.0210464924766263,72.97999837351757,67.34023255398021,False,n/a,3
2025-09-03 15:40:43.726487,712,3,POINT (73.00131508370256 67.33663190033079),0.0216186687798767,73.00131508370256,67.33663190033079,False,n/a,3
2025-09-03 15:40:44.726487,713,3,POINT (73.0231879774568 67.33245318318112),0.0222684790275629,73.0231879774568,67.33245318318112,False,n/a,3
2025-09-03 15:40:45.726487,714,3,POINT (73.04473383495305 67.3283005802117),0.0219423810620058,73.04473383495305,67.3283005802117,False,n/a,3
2025-09-03 15:40:46.726487,715,3,POINT (73.06596404809663 67.32418279916823),0.0216258657825283,73.06596404809663,67.32418279916823,False,n/a,3
2025-09-03 15:40:47.726487,716,3,POINT (73.08691905036245 67.32014248660603),0.0213409523114796,73.08691905036245,67.32014248660603,False,n/a,3
2025-09-03 15:40:48.726487,717,3,POINT (73.10761522055265 67.31617420432457),0.0210731754799022,73.10761522055265,67.31617420432457,False,n/a,3
2025-09-03 15:40:49.726487,718,3,POINT (73.12813412792174 67.31241272545732),0.0208608313087045,73.12813412792174,67.31241272545732,False,n/a,3
2025-09-03 15:40:50.726487,719,3,POINT (73.1484080967166 67.30870241664496),0.0206106817494658,73.1484080967166,67.30870241664496,False,n/a,3
2025-09-03 15:40:51.726487,720,3,POINT (73.16843859634706 67.30507642670142),0.0203560486960693,73.16843859634706,67.30507642670142,False,n/a,3
2025-09-03 15:40:52.726487,721,3,POINT (73.18824219369324 67.30154475293078),0.020116043037137,73.18824219369324,67.30154475293078,False,n/a,3
2025-09-03 15:40:53.726487,722,3,POINT (73.20784198027403 67.2981311357465),0.0198948339096631,73.20784198027403,67.2981311357465,False,n/a,3
2025-09-03 15:40:54.726487,723,3,POINT (73.22713298662315 67.29473342504329),0.0195879392480309,73.22713298662315,67.29473342504329,False,n/a,3
2025-09-03 15:40:55.726487,724,3,POINT (73.24625186225593 67.29148217163387),0.0193933507727296,73.24625186225593,67.29148217163387,False,n/a,3
2025-09-03 15:40:56.726487,725,3,POINT (73.26520051901822 67.28836706416591),0.0192030072549083,73.26520051901822,67.28836706416591,False,n/a,3
2025-09-03 15:40:57.726487,726,3,POINT (73.28390643946395 67.28531258878402),0.0189536613766409,73.28390643946395,67.28531258878402,False,n/a,3
2025-09-03 15:40:58.726487,727,3,POINT (73.30236157221418 67.28231899860042),0.0186963500987792,73.30236157221418,67.28231899860042,False,n/a,3
2025-09-03 15:40:59.726487,728,3,POINT (73.32054423263477 67.27936183002124),0.0184215630709291,73.32054423263477,67.27936183002124,False,n/a,3
2025-09-03 15:41:00.726487,729,3,POINT (73.33853844285773 67.27652602713647),0.0182162943418544,73.33853844285773,67.27652602713647,False,n/a,3
2025-09-03 15:41:01.726487,730,3,POINT (73.35637687102938 67.27380882550291),0.0180441875503663,73.35637687102938,67.27380882550291,False,n/a,3
2025-09-03 15:41:02.726487,731,3,POINT (73.3740537356253 67.27119183595495),0.0178695320654002,73.3740537356253,67.27119183595495,False,n/a,3
2025-09-03 15:41:03.726487,732,3,POINT (73.3915799890729 67.26866970705593),0.0177067979627241,73.3915799890729,67.26866970705593,False,n/a,3
2025-09-03 15:41:04.726487,733,3,POINT (73.40887736354671 67.26618336548255),0.0174751554530101,73.40887736354671,67.26618336548255,False,n/a,3
2025-09-03 15:41:05.726487,734,3,POINT (73.42592770239985 67.26374387722564),0.0172239704470966,73.42592770239985,67.26374387722564,False,n/a,3
2025-09-03 15:41:06.726487,735,3,POINT (73.44281320273751 67.26139390972075),0.0170482394670913,73.44281320273751,67.26139390972075,False,n/a,3
2025-09-03 15:41:07.726487,736,3,POINT (73.45950391184661 67.25913509974222),0.0168428617842592,73.45950391184661,67.25913509974222,False,n/a,3
2025-09-03 15:41:08.726487,737,3,POINT (73.47605778649765 67.25698473448581),0.0166929576977316,73.47605778649765,67.25698473448581,False,n/a,3
2025-09-03 15:41:09.726487,738,3,POINT (73.49239907470447 67.2548820850535),0.0164760078566831,73.49239907470447,67.2548820850535,False,n/a,3
2025-09-03 15:41:10.726487,739,3,POINT (73.50807543845234 67.25380947174531),0.0157130162497363,73.50807543845234,67.25380947174531,False,n/a,3
2025-09-03 15:41:11.726487,740,3,POINT (73.52304157488548 67.25368255611187),0.0149666745576137,73.52304157488548,67.25368255611187,False,n/a,3
2025-09-03 15:41:12.726487,741,3,POINT (73.5372962721581 67.25447977906306),0.0142769730253976,73.5372962721581,67.25447977906306,False,n/a,3
2025-09-03 15:41:13.726487,742,3,POINT (73.55091620181912 67.25623511348613),0.0137325774313454,73.55091620181912,67.25623511348613,False,n/a,3
2025-09-03 15:41:14.726487,743,3,POINT (73.5638055746083 67.25888106457484),0.0131581529122505,73.5638055746083,67.25888106457484,False,n/a,3
2025-09-03 15:41:15.726487,744,3,POINT (73.57597862307415 67.26239552816219),0.0126702234889069,73.57597862307415,67.26239552816219,False,n/a,3
2025-09-03 15:41:16.726487,745,3,POINT (73.58754971146446 67.26682494836821),0.0123899091965169,73.58754971146446,67.26682494836821,False,n/a,3
2025-09-03 15:41:17.726487,746,3,POINT (73.59853027227622 67.27219908568655),0.0122251408031622,73.59853027227622,67.27219908568655,False,n/a,3
2025-09-03 15:41:18.726487,747,3,POINT (73.60897191768349 67.27851333183952),0.0122023630208011,73.60897191768349,67.27851333183952,False,n/a,3
2025-09-03 15:41:19.726487,748,3,POINT (73.6187093284425 67.28562616950634),0.012058591458557,73.6187093284425,67.28562616950634,False,n/a,3
2025-09-03 15:41:20.726487,749,3,POINT (73.6278566508556 67.29359836864555),0.0121338149995912,73.6278566508556,67.29359836864555,False,n/a,3
2025-09-03 15:41:21.726487,750,3,POINT (73.63647434185366 67.30249240313961),0.0123842015374209,73.63647434185366,67.30249240313961,False,n/a,3
2025-09-03 15:41:22.726487,751,3,POINT (73.64452811533664 67.3122239652419),0.0126319661282765,73.64452811533664,67.3122239652419,False,n/a,3
2025-09-03 15:41:23.726487,752,3,POINT (73.65210829504205 67.32284623573942),0.0130495883034245,73.65210829504205,67.32284623573942,False,n/a,3
2025-09-03 15:41:24.726487,753,3,POINT (73.65918255348933 67.33430248389813),0.0134644255151403,73.65918255348933,67.33430248389813,False,n/a,3
2025-09-03 15:41:25.726487,754,3,POINT (73.66562604437023 67.34652325847408),0.013815422757499,73.66562604437023,67.34652325847408,False,n/a,3
2025-09-03 15:41:26.726487,755,3,POINT (73.67149123286805 67.35951877193115),0.0142577630127551,73.67149123286805,67.35951877193115,False,n/a,3
2025-09-03 15:41:27.726487,756,3,POINT (73.67669525334198 67.37321027751268),0.0146471551566235,73.67669525334198,67.37321027751268,False,n/a,3
2025-09-03 15:41:28.726487,757,3,POINT (73.6813479974133 67.38766890107595),0.0151888058364577,73.6813479974133,67.38766890107595,False,n/a,3
2025-09-03 15:41:29.726487,758,3,POINT (73.68550727328144 67.40289476130195),0.0157837383204654,73.68550727328144,67.40289476130195,False,n/a,3
2025-09-03 15:41:30.726487,759,3,POINT (73.68906196474997 67.41878672032266),0.0162846612783992,73.68906196474997,67.41878672032266,False,n/a,3
2025-09-03 15:41:31.726487,760,3,POINT (73.69271727916271 67.4345895786779),0.0162201003588718,73.69271727916271,67.4345895786779,False,n/a,3
2025-09-03 15:41:32.726487,761,3,POINT (73.69638250997384 67.45022592726319),0.0160601778937715,73.69638250997384,67.45022592726319,False,n/a,3
2025-09-03 15:41:33.726487,762,3,POINT (73.70009531990779 67.46570105983969),0.0159142918744684,73.70009531990779,67.46570105983969,False,n/a,3
2025-09-03 15:41:34.726487,763,3,POINT (73.70381018206069 67.48101898341173),0.0157619473217615,73.70381018206069,67.48101898341173,False,n/a,3
2025-09-03 15:41:35.726487,764,3,POINT (73.70760590903002 67.49621272155039),0.0156606903376562,73.70760590903002,67.49621272155039,False,n/a,3
2025-09-03 15:41:36.726487,765,3,POINT (73.71151637996385 67.51133967752544),0.0156242305409069,73.71151637996385,67.51133967752544,False,n/a,3
2025-09-03 15:41:37.726487,766,3,POINT (73.71543157288419 67.52630095226392),0.0154650728224524,73.71543157288419,67.52630095226392,False,n/a,3
2025-09-03 15:41:38.726487,767,3,POINT (73.71932693164368 67.54108541965168),0.0152890253386137,73.71932693164368,67.54108541965168,False,n/a,3
2025-09-03 15:41:39.726487,768,3,POINT (73.72323771673844 67.5557270104342),0.0151548810849868,73.72323771673844,67.5557270104342,False,n/a,3
2025-09-03 15:41:40.726487,769,3,POINT (73.72724576468623 67.57030749190356),0.0151213388372303,73.72724576468623,67.57030749190356,False,n/a,3
2025-09-03 15:41:41.726487,770,3,POINT (73.7314158672436 67.58485305287216),0.0151315266655486,73.7314158672436,67.58485305287216,False,n/a,3
2025-09-03 15:41:42.726487,771,3,POINT (73.73556464711605 67.59920758796838),0.0149420564936219,73.73556464711605,67.59920758796838,False,n/a,3
2025-09-03 15:41:43.726487,772,3,POINT (73.73986044152277 67.61354733128918),0.0149693716665497,73.73986044152277,67.61354733128918,False,n/a,3
2025-09-03 15:41:44.726487,773,3,POINT (73.74415055910524 67.62772710136385),0.0148145532582563,73.74415055910524,67.62772710136385,False,n/a,3
2025-09-03 15:41:45.726487,774,3,POINT (73.74851305785768 67.64183674621665),0.0147686652490147,73.74851305785768,67.64183674621665,False,n/a,3
2025-09-03 15:41:46.726487,775,3,POINT (73.75298447508843 67.65587402003453),0.0147322309338901,73.75298447508843,67.65587402003453,False,n/a,3
2025-09-03 15:41:47.726487,776,3,POINT (73.75750103943258 67.669834320375),0.0146727413618276,73.75750103943258,67.669834320375,False,n/a,3
2025-09-03 15:41:48.726487,777,3,POINT (73.76204808829688 67.68370086024399),0.0145930319437892,73.76204808829688,67.68370086024399,False,n/a,3
2025-09-03 15:41:49.726487,778,3,POINT (73.76664405339369 67.69751042832402),0.014554279979725,73.76664405339369,67.69751042832402,False,n/a,3
2025-09-03 15:41:50.726487,779,3,POINT (73.77128516706901 67.71121328156458),0.0144674850295255,73.77128516706901,67.71121328156458,False,n/a,3
2025-09-03 15:41:51.726487,780,3,POINT (73.77607506887693 67.72491940389095),0.0145189857963613,73.77607506887693,67.72491940389095,False,n/a,3
2025-09-03 15:41:52.726487,781,3,POINT (73.78098940035176 67.73859864250845),0.014535206328047,73.78098940035176,67.73859864250845,False,n/a,3
2025-09-03 15:41:53.726487,782,3,POINT (73.7860111382135 67.75224461844837),0.014540650277927,73.7860111382135,67.75224461844837,False,n/a,3
2025-09-03 15:41:54.726487,783,3,POINT (73.79108674574756 67.76583245220846),0.014504861879093,73.79108674574756,67.76583245220846,False,n/a,3
2025-09-03 15:41:55.726487,784,3,POINT (73.79617187127396 67.77930542831204),0.0144006800779322,73.79617187127396,67.77930542831204,False,n/a,3
2025-09-03 15:41:56.726487,785,3,POINT (73.80130814136162 67.79271161133799),0.0143564276106092,73.80130814136162,67.79271161133799,False,n/a,3
2025-09-03 15:41:57.726487,786,3,POINT (73.80643752366997 67.80599236976983),0.0142368924765889,73.80643752366997,67.80599236976983,False,n/a,3
2025-09-03 15:41:58.726487,787,3,POINT (73.81169009202624 67.8192743339359),0.0142828584830214,73.81169009202624,67.8192743339359,False,n/a,3
2025-09-03 15:41:59.726487,788,3,POINT (73.8169335755829 67.83241760388852),0.014150606519029,73.8169335755829,67.83241760388852,False,n/a,3
2025-09-03 15:42:00.726487,789,3,POINT (73.82224827808352 67.8455238295924),0.0141428149557007,73.82224827808352,67.8455238295924,False,n/a,3
2025-09-03 15:42:01.726487,790,3,POINT (73.8276138838131 67.85859152145065),0.0141263687955386,73.8276138838131,67.85859152145065,False,n/a,3
2025-09-03 15:42:02.726487,791,3,POINT (73.8329973435298 67.87158786934414),0.0140672206597447,73.8329973435298,67.87158786934414,False,n/a,3
2025-09-03 15:42:03.726487,792,3,POINT (73.838455718625 67.88454766990581),0.0140623713959734,73.838455718625,67.88454766990581,False,n/a,3
2025-09-03 15:42:04.726487,793,3,POINT (73.84402575545069 67.89750843967501),0.0141069792389996,73.84402575545069,67.89750843967501,False,n/a,3
2025-09-03 15:42:05.726487,794,3,POINT (73.84966739820877 67.91046892821508),0.0141351475481214,73.84966739820877,67.91046892821508,False,n/a,3
2025-09-03 15:42:06.726487,795,3,POINT (73.85538193842027 67.923383897016),0.0141227613786192,73.85538193842027,67.923383897016,False,n/a,3
2025-09-03 15:42:07.726487,796,3,POINT (73.86114144968849 67.93623301543577),0.0140809024644843,73.86114144968849,67.93623301543577,False,n/a,3
2025-09-03 15:42:08.726487,797,3,POINT (73.86699826352029 67.94909552951712),0.014133171503708,73.86699826352029,67.94909552951712,False,n/a,3
2025-09-03 15:42:09.726487,798,3,POINT (73.87298519400932 67.96198479211053),0.0142118410799659,73.87298519400932,67.96198479211053,False,n/a,3
2025-09-03 15:42:10.726487,799,3,POINT (73.87892937291281 67.97475231737558),0.0140834287100241,73.87892937291281,67.97475231737558,False,n/a,3
2025-09-03 15:42:11.726487,800,3,POINT (73.88492008917501 67.98748734280127),0.0140737185536521,73.88492008917501,67.98748734280127,False,n/a,3
2025-09-03 15:42:12.726487,801,3,POINT (73.89096938994136 68.00017447638439),0.0140555113146956,73.89096938994136,68.00017447638439,False,n/a,3
2025-09-03 15:42:13.726487,802,3,POINT (73.89705932553592 68.01284632048441),0.0140592655726128,73.89705932553592,68.01284632048441,False,n/a,3
2025-09-03 15:42:14.726487,803,3,POINT (73.90316276516725 68.02546516725472),0.0140173916669915,73.90316276516725,68.02546516725472,False,n/a,3
2025-09-03 15:42:15.726487,804,3,POINT (73.90929688528757 68.03802769933561),0.0139801517135539,73.90929688528757,68.03802769933561,False,n/a,3
2025-09-03 15:42:16.726487,805,3,POINT (73.9154526884944 68.05053493972486),0.013940049328298,73.9154526884944,68.05053493972486,False,n/a,3
2025-09-03 15:42:17.726487,806,3,POINT (73.92171204109053 68.06303467375571),0.0139793721520242,73.92171204109053,68.06303467375571,False,n/a,3
2025-09-03 15:42:18.726487,807,3,POINT (73.92797314970805 68.07548495912431),0.0139359637944425,73.92797314970805,68.07548495912431,False,n/a,3
2025-09-03 15:42:19.726487,808,3,POINT (73.9342736786742 68.08791989692348),0.0139400266614717,73.9342736786742,68.08791989692348,False,n/a,3
2025-09-03 15:42:20.726487,809,3,POINT (73.94130848368376 68.09951724503448),0.0135641794713156,73.94130848368376,68.09951724503448,False,n/a,3
2025-09-03 15:42:21.726487,810,3,POINT (73.94911058050722 68.11036055809961),0.0133585236112139,73.94911058050722,68.11036055809961,False,n/a,3
2025-09-03 15:42:22.726487,811,3,POINT (73.95765036096844 68.1204077710513),0.0131861419081718,73.95765036096844,68.1204077710513,False,n/a,3
2025-09-03 15:42:23.726487,812,3,POINT (73.96701444061637 68.12980256653057),0.0132645455915348,73.96701444061637,68.12980256653057,False,n/a,3
2025-09-03 15:42:24.726487,813,3,POINT (73.97718986545085 68.13852136884869),0.0133998800153071,73.97718986545085,68.13852136884869,False,n/a,3
2025-09-03 15:42:25.726487,814,3,POINT (73.98739281592276 68.14730928203196),0.0134657943118431,73.98739281592276,68.14730928203196,False,n/a,3
2025-09-03 15:42:26.726487,815,3,POINT (73.99759540111864 68.15613922519387),0.0134929848781467,73.99759540111864,68.15613922519387,False,n/a,3
2025-09-03 15:42:27.726487,816,3,POINT (74.00773459492979 68.1649343426051),0.0134222703525569,74.00773459492979,68.1649343426051,False,n/a,3
2025-09-03 15:42:28.726487,817,3,POINT (74.01787901724043 68.17376137849996),0.0134471508768959,74.01787901724043,68.17376137849996,False,n/a,3
2025-09-03 15:42:29.726487,818,3,POINT (74.02798957872314 68.18259601378364),0.0134266240764809,74.02798957872314,68.18259601378364,False,n/a,3
2025-09-03 15:42:30.726487,819,3,POINT (74.03807976954752 68.19145561923568),0.0134277533354773,74.03807976954752,68.19145561923568,False,n/a,3
2025-09-03 15:42:31.726487,820,3,POINT (74.04812987575734 68.20027936403135),0.0133739712519356,74.04812987575734,68.20027936403135,False,n/a,3
2025-09-03 15:42:32.726487,821,3,POINT (74.0581864553812 68.20912152523567),0.0133909898250441,74.0581864553812,68.20912152523567,False,n/a,3
2025-09-03 15:42:33.726487,822,3,POINT (74.06831735024426 68.21807080212963),0.0135175658922368,74.06831735024426,68.21807080212963,False,n/a,3
2025-09-03 15:42:34.726487,823,3,POINT (74.07840573801928 68.22700966190095),0.0134788271711838,74.07840573801928,68.22700966190095,False,n/a,3
2025-09-03 15:42:35.726487,824,3,POINT (74.08847182906574 68.23594057127833),0.0134568692964797,74.08847182906574,68.23594057127833,False,n/a,3
2025-09-03 15:42:36.726487,825,3,POINT (74.09854879955189 68.24492878516759),0.0135030856880112,74.09854879955189,68.24492878516759,False,n/a,3
2025-09-03 15:42:37.726487,826,3,POINT (74.1085508770214 68.25387413827944),0.013418677133079,74.1085508770214,68.25387413827944,False,n/a,3
2025-09-03 15:42:38.726487,827,3,POINT (74.11854314835756 68.26283870637431),0.0134241933680557,74.11854314835756,68.26283870637431,False,n/a,3
2025-09-03 15:42:39.726487,828,3,POINT (74.12838421812907 68.27167477100406),0.0132258342795008,74.12838421812907,68.27167477100406,False,n/a,3
2025-09-03 15:42:40.726487,829,3,POINT (74.13825427949257 68.28053804984407),0.0132655879294903,74.13825427949257,68.28053804984407,False,n/a,3
2025-09-03 15:42:41.726487,830,3,POINT (74.14810259156579 68.28939782516622),0.0132470702213908,74.14810259156579,68.28939782516622,False,n/a,3
2025-09-03 15:42:42.726487,831,3,POINT (74.15794005661246 68.29827493047037),0.013250611952868,74.15794005661246,68.29827493047037,False,n/a,3
2025-09-03 15:42:43.726487,832,3,POINT (74.16772569656692 68.30709089630125),0.0131711807689924,74.16772569656692,68.30709089630125,False,n/a,3
2025-09-03 15:42:44.726487,833,3,POINT (74.17747937689147 68.3158927607254),0.013138002025223,74.17747937689147,68.3158927607254,False,n/a,3
2025-09-03 15:42:45.726487,834,3,POINT (74.18726006072336 68.32474297576202),0.0131904542155979,74.18726006072336,68.32474297576202,False,n/a,3
2025-09-03 15:42:46.726487,835,3,POINT (74.19703076664688 68.33358933939529),0.0131804720619485,74.19703076664688,68.33358933939529,False,n/a,3
2025-09-03 15:42:47.726487,836,3,POINT (74.20679875519986 68.34247056557605),0.0132018854276575,74.20679875519986,68.34247056557605,False,n/a,3
2025-09-03 15:42:48.726487,837,3,POINT (74.21653321062367 68.35135680599524),0.0131804738604403,74.21653321062367,68.35135680599524,False,n/a,3
2025-09-03 15:42:49.726487,838,3,POINT (74.22620422144291 68.36021354465177),0.0131137435500361,74.22620422144291,68.36021354465177,False,n/a,3
2025-09-03 15:42:50.726487,839,3,POINT (74.23583371572947 68.36907771687002),0.0130881896887873,74.23583371572947,68.36907771687002,False,n/a,3
2025-09-03 15:42:51.726487,840,3,POINT (74.24544662354376 68.37792742514176),0.0130661904601482,74.24544662354376,68.37792742514176,False,n/a,3
2025-09-03 15:42:52.726487,841,3,POINT (74.255111977247 68.38682973167312),0.013140400442412,74.255111977247,68.38682973167312,False,n/a,3
2025-09-03 15:42:53.726487,842,3,POINT (74.2647720223683 68.39573888815158),0.013141139254399,74.2647720223683,68.39573888815158,False,n/a,3
2025-09-03 15:42:54.726487,843,3,POINT (74.27444169107237 68.40467273533974),0.0131649579728817,74.27444169107237,68.40467273533974,False,n/a,3
2025-09-03 15:42:55.726487,844,3,POINT (74.28412683030172 68.41364692996437),0.0132037150473849,74.28412683030172,68.41364692996437,False,n/a,3
2025-09-03 15:42:56.726487,845,3,POINT (74.29380802681665 68.42266114674527),0.0132280637333574,74.29380802681665,68.42266114674527,False,n/a,3
2025-09-03 15:42:57.726487,846,3,POINT (74.30347831453199 68.43168156226577),0.0132243094587132,74.30347831453199,68.43168156226577,False,n/a,3
2025-09-03 15:42:58.726487,847,3,POINT (74.31316245346268 68.44073206714828),0.0132549683310568,74.31316245346268,68.44073206714828,False,n/a,3
2025-09-03 15:42:59.726487,848,3,POINT (74.32279158437827 68.44976164678373),0.0132005102394734,74.32279158437827,68.44976164678373,False,n/a,3
2025-09-03 15:43:00.726487,849,3,POINT (74.33238443612939 68.45874818757142),0.0131446080218394,74.33238443612939,68.45874818757142,False,n/a,3
2025-09-03 15:43:01.726487,850,3,POINT (74.34188585453097 68.46767336097653),0.0130359377090169,74.34188585453097,68.46767336097653,False,n/a,3
2025-09-03 15:43:02.726487,851,3,POINT (74.35144350157472 68.47670259008912),0.0131482164334345,74.35144350157472,68.47670259008912,False,n/a,3
2025-09-03 15:43:03.726487,852,3,POINT (74.36098967536776 68.48568714502989),0.0131092204791359,74.36098967536776,68.48568714502989,False,n/a,3
2025-09-03 15:43:04.726487,853,3,POINT (74.37059372719152 68.49474081195623),0.0131987384339061,74.37059372719152,68.49474081195623,False,n/a,3
2025-09-03 15:43:05.726487,854,3,POINT (74.38023076275894 68.50381374194883),0.0132359553179343,74.38023076275894,68.50381374194883,False,n/a,3
2025-09-03 15:43:06.726487,855,3,POINT (74.38985603747662 68.51286894456817),0.0132152414986637,74.38985603747662,68.51286894456817,False,n/a,3
2025-09-03 15:43:07.726487,856,3,POINT (74.3994564043047 68.52192333908691),0.013196556495342,74.3994564043047,68.52192333908691,False,n/a,3
2025-09-03 15:43:08.726487,857,3,POINT (74.4090769040278 68.53098752675312),0.0132179239281531,74.4090769040278,68.53098752675312,False,n/a,3
2025-09-03 15:43:09.726487,858,3,POINT (74.41871506842699 68.54005824374504),0.0132352604709257,74.41871506842699,68.54005824374504,False,n/a,3
2025-09-03 15:43:10.726487,859,3,POINT (74.42841129301887 68.54919331110135),0.013321645053839,74.42841129301887,68.54919331110135,False,n/a,3
2025-09-03 15:43:11.726487,860,3,POINT (74.43814953260174 68.5583914909326),0.0133955150099431,74.43814953260174,68.5583914909326,False,n/a,3
2025-09-03 15:43:12.726487,861,3,POINT (74.44781957559717 68.56752447737637),0.0133011718624806,74.44781957559717,68.56752447737637,False,n/a,3
2025-09-03 15:43:13.726487,862,3,POINT (74.45745137981594 68.57664758819143),0.0132666048201012,74.45745137981594,68.57664758819143,False,n/a,3
2025-09-03 15:43:14.726487,863,3,POINT (74.46712210896972 68.5858271876048),0.0133337184519471,74.46712210896972,68.5858271876048,False,n/a,3
2025-09-03 15:43:15.726487,864,3,POINT (74.47683770650937 68.59507839938351),0.0134155788144583,74.47683770650937,68.59507839938351,False,n/a,3
2025-09-03 15:43:16.726487,865,3,POINT (74.48648229421588 68.60427603493297),0.0133272117012165,74.48648229421588,68.60427603493297,False,n/a,3
2025-09-03 15:43:17.726487,866,3,POINT (74.49607845992787 68.61344421762105),0.0132718487850874,74.49607845992787,68.61344421762105,False,n/a,3
2025-09-03 15:43:18.726487,867,3,POINT (74.50567896496295 68.62262263242134),0.0132820553821604,74.50567896496295,68.62262263242134,False,n/a,3
2025-09-03 15:43:19.726487,868,3,POINT (74.51532435680956 68.63186802008208),0.0133607925240949,74.51532435680956,68.63186802008208,False,n/a,3
2025-09-03 15:43:20.726487,869,3,POINT (74.52497800997806 68.64111454333387),0.0133675432201865,74.52497800997806,68.64111454333387,False,n/a,3
2025-09-03 15:43:21.726487,870,3,POINT (74.53464645685943 68.65037949060253),0.013390971323586,74.53464645685943,68.65037949060253,False,n/a,3
2025-09-03 15:43:22.726487,871,3,POINT (74.54427972078466 68.65962531133944),0.0133523396808219,74.54427972078466,68.65962531133944,False,n/a,3
2025-09-03 15:43:23.726487,872,3,POINT (74.55390602244213 68.6688562609389),0.0133370204359304,74.55390602244213,68.6688562609389,False,n/a,3
2025-09-03 15:43:24.726487,873,3,POINT (74.56347264552826 68.67803550406212),0.0132581590572521,74.56347264552826,68.67803550406212,False,n/a,3
2025-09-03 15:43:25.726487,874,3,POINT (74.57304271541871 68.68721018720161),0.0132574902759928,74.57304271541871,68.68721018720161,False,n/a,3
2025-09-03 15:43:26.726487,875,3,POINT (74.58262887322431 68.6964008774188),0.0132801810282113,74.58262887322431,68.6964008774188,False,n/a,3
2025-09-03 15:43:27.726487,876,3,POINT (74.59225560760385 68.70563038152599),0.0133363323623447,74.59225560760385,68.70563038152599,False,n/a,3
2025-09-03 15:43:28.726487,877,3,POINT (74.60189473556537 68.71486560152294),0.0133492350436524,74.60189473556537,68.71486560152294,False,n/a,3
2025-09-03 15:43:29.726487,878,3,POINT (74.61161483823527 68.7241732595265),0.013457819044128,74.61161483823527,68.7241732595265,False,n/a,3
2025-09-03 15:43:30.726487,879,3,POINT (74.62130688090707 68.73344547523075),0.0134130412367328,74.62130688090707,68.73344547523075,False,n/a,3
2025-09-03 15:43:31.726487,880,3,POINT (74.63102201192864 68.74276291366222),0.0134609966083624,74.63102201192864,68.74276291366222,False,n/a,3
2025-09-03 15:43:32.726487,881,3,POINT (74.640793055445 68.75217772208862),0.01356878436355,74.640793055445,68.75217772208862,False,n/a,3
2025-09-03 15:43:33.726487,882,3,POINT (74.65053875661626 68.76156510353037),0.0135315047815238,74.65053875661626,68.76156510353037,False,n/a,3
2025-09-03 15:43:34.726487,883,3,POINT (74.65916824225722 68.77209600261318),0.013614986519272,74.65916824225722,68.77209600261318,False,n/a,3
2025-09-03 15:43:35.726487,884,3,POINT (74.66664653738913 68.78375044229442),0.0138474135622307,74.66664653738913,68.78375044229442,False,n/a,3
2025-09-03 15:43:36.726487,885,3,POINT (74.67294158206404 68.79651127924454),0.0142290740080568,74.67294158206404,68.79651127924454,False,n/a,3
2025-09-03 15:43:37.726487,886,3,POINT (74.67813748957185 68.81047961278264),0.0149034156038609,74.67813748957185,68.81047961278264,False,n/a,3
2025-09-03 15:43:38.726487,887,3,POINT (74.68212979721388 68.82556455883162),0.0156042980492221,74.68212979721388,68.82556455883162,False,n/a,3
2025-09-03 15:43:39.726487,888,3,POINT (74.68496404704288 68.84182863291386),0.016509181622538,74.68496404704288,68.84182863291386,False,n/a,3
2025-09-03 15:43:40.726487,889,3,POINT (74.68656243261186 68.85920716086662),0.0174518787020743,74.68656243261186,68.85920716086662,False,n/a,3
2025-09-03 15:43:41.726487,890,3,POINT (74.68692158560353 68.87771215877405),0.0185084828774627,74.68692158560353,68.87771215877405,False,n/a,3
2025-09-03 15:43:42.726487,891,3,POINT (74.68604234403514 68.8973605939084),0.0196680977464678,74.68604234403514,68.8973605939084,False,n/a,3
2025-09-03 15:43:43.726487,892,3,POINT (74.68391076639183 68.91815428826962),0.0209026636684697,74.68391076639183,68.91815428826962,False,n/a,3
2025-09-03 15:43:44.726487,893,3,POINT (74.68043231942002 68.94000673889565),0.0221275663302293,74.68043231942002,68.94000673889565,False,n/a,3
2025-09-03 15:43:45.726487,894,3,POINT (74.67552939426001 68.9628463734023),0.0233599567534306,74.67552939426001,68.9628463734023,False,n/a,3
2025-09-03 15:43:46.726487,895,3,POINT (74.66921139760626 68.98669721936754),0.0246734662132116,74.66921139760626,68.98669721936754,False,n/a,3
2025-09-03 15:43:47.726487,896,3,POINT (74.66143763528645 69.0115137574251),0.0260056136587372,74.66143763528645,69.0115137574251,False,n/a,3
2025-09-03 15:43:48.726487,897,3,POINT (74.65218027312869 69.03723061220671),0.0273323137326143,74.65218027312869,69.03723061220671,False,n/a,3
2025-09-03 15:43:49.726487,898,3,POINT (74.64142886942962 69.0638130312797),0.0286743384452375,74.64142886942962,69.0638130312797,False,n/a,3
2025-09-03 15:43:50.726487,899,3,POINT (74.63074960703062 69.08996274525813),0.0282463127954933,74.63074960703062,69.08996274525813,False,n/a,3
2025-09-03 15:43:51.726487,900,3,POINT (74.62097507714574 69.1150402239147),0.026915077006041,74.62097507714574,69.1150402239147,False,n/a,3
2025-09-03 15:43:52.726487,901,3,POINT (74.61215075579787 69.1391603799576),0.0256836635779295,74.61215075579787,69.1391603799576,False,n/a,3
2025-09-03 15:43:53.726487,902,3,POINT (74.6042787530253 69.1623079371179),0.0244494954986956,74.6042787530253,69.1623079371179,False,n/a,3
2025-09-03 15:43:54.726487,903,3,POINT (74.5974199687077 69.18463615636395),0.0233579172233952,74.5974199687077,69.18463615636395,False,n/a,3
2025-09-03 15:43:55.726487,904,3,POINT (74.59146160333273 69.20605377484361),0.0222309806189888,74.59146160333273,69.20605377484361,False,n/a,3
2025-09-03 15:43:56.726487,905,3,POINT (74.58651412321494 69.2267078004341),0.0212383222644468,74.58651412321494,69.2267078004341,False,n/a,3
2025-09-03 15:43:57.726487,906,3,POINT (74.58256663799273 69.24656301395116),0.0202438174114392,74.58256663799273,69.24656301395116,False,n/a,3
2025-09-03 15:43:58.726487,907,3,POINT (74.57960385049257 69.26568786519366),0.019352985423924,74.57960385049257,69.26568786519366,False,n/a,3
2025-09-03 15:43:59.726487,908,3,POINT (74.57767577133144 69.2841783580017),0.0185907453733254,74.57767577133144,69.2841783580017,False,n/a,3
2025-09-03 15:44:00.726487,909,3,POINT (74.57676198104915 69.30195884846877),0.0178039561314267,74.57676198104915,69.30195884846877,False,n/a,3
2025-09-03 15:44:01.726487,910,3,POINT (74.57679737474099 69.3190398765682),0.0170810647691179,74.57679737474099,69.3190398765682,False,n/a,3
2025-09-03 15:44:02.726487,911,3,POINT (74.5778146795721 69.3354996721626),0.0164912031134432,74.5778146795721,69.3354996721626,False,n/a,3
2025-09-03 15:44:03.726487,912,3,POINT (74.57970701958834 69.3512211069368),0.0158349127593652,74.57970701958834,69.3512211069368,False,n/a,3
2025-09-03 15:44:04.726487,913,3,POINT (74.58247609397964 69.36621751778608),0.0152499216832374,74.58247609397964,69.36621751778608,False,n/a,3
2025-09-03 15:44:05.726487,914,3,POINT (74.58615277207785 69.38053976677274),0.0147866418727766,74.58615277207785,69.38053976677274,False,n/a,3
2025-09-03 15:44:06.726487,915,3,POINT (74.59082123942635 69.39432947694712),0.0145585265077661,74.59082123942635,69.39432947694712,False,n/a,3
2025-09-03 15:44:07.726487,916,3,POINT (74.59643974672325 69.4075908607161),0.0144024971346441,74.59643974672325,69.4075908607161,False,n/a,3
2025-09-03 15:44:08.726487,917,3,POINT (74.6029556015686 69.42021982942893),0.0142108133164615,74.6029556015686,69.42021982942893,False,n/a,3
2025-09-03 15:44:09.726487,918,3,POINT (74.61040718202045 69.43232080952066),0.0142112550610759,74.61040718202045,69.43232080952066,False,n/a,3
2025-09-03 15:44:10.726487,919,3,POINT (74.61873935923977 69.4438549487849),0.0142288982630777,74.61873935923977,69.4438549487849,False,n/a,3
2025-09-03 15:44:11.726487,920,3,POINT (74.62790487822575 69.45478955475504),0.0142678781185041,74.62790487822575,69.45478955475504,False,n/a,3
2025-09-03 15:44:12.726487,921,3,POINT (74.63788735155715 69.46512278239321),0.0143675108224935,74.63788735155715,69.46512278239321,False,n/a,3
2025-09-03 15:44:13.726487,922,3,POINT (74.6487477185657 69.47495694565632),0.0146512231109145,74.6487477185657,69.47495694565632,False,n/a,3
2025-09-03 15:44:14.726487,923,3,POINT (74.66046512633584 69.48426797826856),0.0149663947949371,74.66046512633584,69.48426797826856,False,n/a,3
2025-09-03 15:44:15.726487,924,3,POINT (74.67308832058119 69.49316858772099),0.0154455780591222,74.67308832058119,69.49316858772099,False,n/a,3
2025-09-03 15:44:16.726487,925,3,POINT (74.68657681658603 69.50160138226225),0.0159075940433411,74.68657681658603,69.50160138226225,False,n/a,3
2025-09-03 15:44:17.726487,926,3,POINT (74.70084164130563 69.5094307125222),0.0162721736900885,74.70084164130563,69.5094307125222,False,n/a,3
2025-09-03 15:44:18.726487,927,3,POINT (74.71594024312064 69.51679721375855),0.016799795154507,74.71594024312064,69.51679721375855,False,n/a,3
2025-09-03 15:44:19.726487,928,3,POINT (74.73182853319298 69.52363630942182),0.017297716349684,74.73182853319298,69.52363630942182,False,n/a,3
2025-09-03 15:44:20.726487,929,3,POINT (74.74843581271385 69.52990677729979),0.0177516337415154,74.74843581271385,69.52990677729979,False,n/a,3
2025-09-03 15:44:21.726487,930,3,POINT (74.76572607255058 69.53551889533037),0.0181782549770528,74.76572607255058,69.53551889533037,False,n/a,3
2025-09-03 15:44:22.726487,931,3,POINT (74.78369193132548 69.54052450059012),0.0186501518904308,74.78369193132548,69.54052450059012,False,n/a,3
2025-09-03 15:44:23.726487,932,3,POINT (74.80238038293666 69.54498235742606),0.0192127746875166,74.80238038293666,69.54498235742606,False,n/a,3
2025-09-03 15:44:24.726487,933,3,POINT (74.82171977591061 69.54879209446216),0.0197110683851722,74.82171977591061,69.54879209446216,False,n/a,3
2025-09-03 15:44:25.726487,934,3,POINT (74.841731921911 69.5520507463031),0.0202757194536137,74.841731921911,69.5520507463031,False,n/a,3
2025-09-03 15:44:26.726487,935,3,POINT (74.86243765367121 69.55480641171951),0.0208882986289615,74.86243765367121,69.55480641171951,False,n/a,3
2025-09-03 15:44:27.726487,936,3,POINT (74.8837712778175 69.55699562115191),0.0214456559040346,74.8837712778175,69.55699562115191,False,n/a,3
2025-09-03 15:44:28.726487,937,3,POINT (74.90568510678447 69.55856832229405),0.0219701909157891,74.90568510678447,69.55856832229405,False,n/a,3
2025-09-03 15:44:29.726487,938,3,POINT (74.92819501026808 69.55952409677666),0.0225301855230488,74.92819501026808,69.55952409677666,False,n/a,3
2025-09-03 15:44:30.726487,939,3,POINT (74.95128258246119 69.55988019911779),0.0230903182881748,74.95128258246119,69.55988019911779,False,n/a,3
2025-09-03 15:44:31.726487,940,3,POINT (74.97493799368866 69.55963895302882),0.0236566413511294,74.97493799368866,69.55963895302882,False,n/a,3
2025-09-03 15:44:32.726487,941,3,POINT (74.99918348599795 69.5588269961315),0.0242590843051213,74.99918348599795,69.5588269961315,False,n/a,3
2025-09-03 15:44:33.726487,942,3,POINT (75.02393586741564 69.55736957644132),0.024795250714614,75.02393586741564,69.55736957644132,False,n/a,3
2025-09-03 15:44:34.726487,943,3,POINT (75.04834425662744 69.55588972052908),0.0244532091439077,75.04834425662744,69.55588972052908,False,n/a,3
2025-09-03 15:44:35.726487,944,3,POINT (75.07247081465985 69.55447768721866),0.024167843109405,75.07247081465985,69.55447768721866,False,n/a,3
2025-09-03 15:44:36.726487,945,3,POINT (75.09628660954364 69.5530849732039),0.023856482101802,75.09628660954364,69.5530849732039,False,n/a,3
2025-09-03 15:44:37.726487,946,3,POINT (75.11979332059418 69.5517311503004),0.0235456641628092,75.11979332059418,69.5517311503004,False,n/a,3
2025-09-03 15:44:38.726487,947,3,POINT (75.14299568356898 69.55042258440416),0.0232392339012964,75.14299568356898,69.55042258440416,False,n/a,3
2025-09-03 15:44:39.726487,948,3,POINT (75.16597458556305 69.54920406563919),0.0230111869496871,75.16597458556305,69.54920406563919,False,n/a,3
2025-09-03 15:44:40.726487,949,3,POINT (75.18938618601283 69.54723545248692),0.0234942221272224,75.18938618601283,69.54723545248692,False,n/a,3
2025-09-03 15:44:41.726487,950,3,POINT (75.2132274962097 69.54456478867839),0.0239904255293992,75.2132274962097,69.54456478867839,False,n/a,3
2025-09-03 15:44:42.726487,951,3,POINT (75.23750101395899 69.54123147138877),0.02450131972116,75.23750101395899,69.54123147138877,False,n/a,3
2025-09-03 15:44:43.726487,952,3,POINT (75.26219754519495 69.53719811996775),0.0250237203224096,75.26219754519495,69.53719811996775,False,n/a,3
2025-09-03 15:44:44.726487,953,3,POINT (75.28738215071256 69.53253042176652),0.0256135074047923,75.28738215071256,69.53253042176652,False,n/a,3
2025-09-03 15:44:45.726487,954,3,POINT (75.31293367482277 69.52715932615648),0.0261099416392883,75.31293367482277,69.52715932615648,False,n/a,3
2025-09-03 15:44:46.726487,955,3,POINT (75.33805999348978 69.52176943850587),0.025697913896698,75.33805999348978,69.52176943850587,False,n/a,3
2025-09-03 15:44:47.726487,956,3,POINT (75.36289654191987 69.51646395832718),0.0253968946496727,75.36289654191987,69.51646395832718,False,n/a,3
2025-09-03 15:44:48.726487,957,3,POINT (75.3874174929195 69.5112056576423),0.0250784123105696,75.3874174929195,69.5112056576423,False,n/a,3
2025-09-03 15:44:49.726487,958,3,POINT (75.41165982666429 69.50605068957547),0.0247843588007421,75.41165982666429,69.50605068957547,False,n/a,3
2025-09-03 15:44:50.726487,959,3,POINT (75.43562976472967 69.50098788267925),0.024498774347433,75.43562976472967,69.50098788267925,False,n/a,3
2025-09-03 15:44:51.726487,960,3,POINT (75.45928983262893 69.49597211131329),0.0241858796696144,75.45928983262893,69.49597211131329,False,n/a,3
2025-09-03 15:44:52.726487,961,3,POINT (75.48260601249106 69.49098217065558),0.0238441554920884,75.48260601249106,69.49098217065558,False,n/a,3
2025-09-03 15:44:53.726487,962,3,POINT (75.50573209804934 69.48612777524401),0.0236300865013336,75.50573209804934,69.48612777524401,False,n/a,3
2025-09-03 15:44:54.726487,963,3,POINT (75.52852046894185 69.48128471101435),0.0232973199975313,75.52852046894185,69.48128471101435,False,n/a,3
2025-09-03 15:44:55.726487,964,3,POINT (75.55101334557749 69.47648667011677),0.0229989281446099,75.55101334557749,69.47648667011677,False,n/a,3
2025-09-03 15:44:56.726487,965,3,POINT (75.5732154811635 69.47173756668899),0.0227043786073858,75.5732154811635,69.47173756668899,False,n/a,3
2025-09-03 15:44:57.726487,966,3,POINT (75.59514013557184 69.4670357105723),0.0224231559301321,75.59514013557184,69.4670357105723,False,n/a,3
2025-09-03 15:44:58.726487,967,3,POINT (75.61682120527291 69.46242979847143),0.0221649094215111,75.61682120527291,69.46242979847143,False,n/a,3
2025-09-03 15:44:59.726487,968,3,POINT (75.63824508791573 69.45788209778495),0.0219012403536252,75.63824508791573,69.45788209778495,False,n/a,3
2025-09-03 15:45:00.726487,969,3,POINT (75.65874640571586 69.45420708464219),0.0208281000847687,75.65874640571586,69.45420708464219,False,n/a,3
2025-09-03 15:45:01.726487,970,3,POINT (75.67837489381671 69.45141911318366),0.019825496966754,75.67837489381671,69.45141911318366,False,n/a,3
2025-09-03 15:45:02.726487,971,3,POINT (75.69713715280851 69.44952938786987),0.018857184949958,75.69713715280851,69.44952938786987,False,n/a,3
2025-09-03 15:45:03.726487,972,3,POINT (75.71510933853449 69.44855217096485),0.0179987336401374,75.71510933853449,69.44855217096485,False,n/a,3
2025-09-03 15:45:04.726487,973,3,POINT (75.7323746757612 69.44852469884596),0.0172653590831352,75.7323746757612,69.44852469884596,False,n/a,3
2025-09-03 15:45:05.726487,974,3,POINT (75.74902951547202 69.44951380457336),0.016684184604971,75.74902951547202,69.44951380457336,False,n/a,3
2025-09-03 15:45:06.726487,975,3,POINT (75.76506701434269 69.45146545483402),0.0161558134665762,75.76506701434269,69.45146545483402,False,n/a,3
2025-09-03 15:45:07.726487,976,3,POINT (75.78038216161663 69.45433756248713),0.0155821288145565,75.78038216161663,69.45433756248713,False,n/a,3
2025-09-03 15:45:08.726487,977,3,POINT (75.79505254916891 69.4581208417822),0.0151503621461282,75.79505254916891,69.4581208417822,False,n/a,3
2025-09-03 15:45:09.726487,978,3,POINT (75.80916211140635 69.46286440400378),0.0148856014014237,75.80916211140635,69.46286440400378,False,n/a,3
2025-09-03 15:45:10.726487,979,3,POINT (75.82263569237836 69.46850273307513),0.0146057570473403,75.82263569237836,69.46850273307513,False,n/a,3
2025-09-03 15:45:11.726487,980,3,POINT (75.8354405276144 69.47500780850251),0.0143624444903391,75.8354405276144,69.47500780850251,False,n/a,3
2025-09-03 15:45:12.726487,981,3,POINT (75.84765180222239 69.4823864846532),0.0142674485907119,75.84765180222239,69.4823864846532,False,n/a,3
2025-09-03 15:45:13.726487,982,3,POINT (75.85928009536586 69.49064655000952),0.0142634456258326,75.85928009536586,69.49064655000952,False,n/a,3
2025-09-03 15:45:14.726487,983,3,POINT (75.87038579939536 69.4997985151953),0.0143908001428917,75.87038579939536,69.4997985151953,False,n/a,3
2025-09-03 15:45:15.726487,984,3,POINT (75.88098077129723 69.5098211887415),0.0145844922645631,75.88098077129723,69.5098211887415,False,n/a,3
2025-09-03 15:45:16.726487,985,3,POINT (75.8909719960911 69.52065604286528),0.014738339009714,75.8909719960911,69.52065604286528,False,n/a,3
2025-09-03 15:45:17.726487,986,3,POINT (75.9003808067941 69.53230646746836),0.0149752499904669,75.9003808067941,69.53230646746836,False,n/a,3
2025-09-03 15:45:18.726487,987,3,POINT (75.90920959207392 69.54475505200355),0.0152615433835166,75.90920959207392,69.54475505200355,False,n/a,3
2025-09-03 15:45:19.726487,988,3,POINT (75.91752495978074 69.55807355906954),0.0157012092071383,75.91752495978074,69.55807355906954,False,n/a,3
2025-09-03 15:45:20.726487,989,3,POINT (75.92523355862829 69.57215601466977),0.016054222246034,75.92523355862829,69.57215601466977,False,n/a,3
2025-09-03 15:45:21.726487,990,3,POINT (75.93248568088345 69.58709254005792),0.0166040075847541,75.93248568088345,69.58709254005792,False,n/a,3
2025-09-03 15:45:22.726487,991,3,POINT (75.93920822290318 69.60279503835119),0.0170810135488806,75.93920822290318,69.60279503835119,False,n/a,3
2025-09-03 15:45:23.726487,992,3,POINT (75.94541379410956 69.61925451694772),0.017590439155038,75.94541379410956,69.61925451694772,False,n/a,3
2025-09-03 15:45:24.726487,993,3,POINT (75.95115104310521 69.63651346582286),0.0181875600978476,75.95115104310521,69.63651346582286,False,n/a,3
2025-09-03 15:45:25.726487,994,3,POINT (75.95625287995615 69.65443123162382),0.0186299509004086,75.95625287995615,69.65443123162382,False,n/a,3
2025-09-03 15:45:26.726487,995,3,POINT (75.96084621520382 69.67311931224738),0.0192443000935387,75.96084621520382,69.67311931224738,False,n/a,3
2025-09-03 15:45:27.726487,996,3,POINT (75.96487209991523 69.69250607164872),0.0198003582744129,75.96487209991523,69.69250607164872,False,n/a,3
2025-09-03 15:45:28.726487,997,3,POINT (75.96826527930175 69.71250551670103),0.0202852524940986,75.96826527930175,69.71250551670103,False,n/a,3
2025-09-03 15:45:29.726487,998,3,POINT (75.97116125286401 69.7332233069757),0.0209192135783989,75.97116125286401,69.7332233069757,False,n/a,3
2025-09-03 15:45:30.726487,999,3,POINT (75.97287036184177 69.75518658507991),0.0220296763158407,75.97287036184177,69.75518658507991,False,n/a,3
2025-09-03 15:45:31.726487,1000,3,POINT (75.97342388909232 69.77843188023526),0.0232518846392364,75.97342388909232,69.77843188023526,False,n/a,3
2025-09-03 15:45:32.726487,1001,3,POINT (75.97281751188183 69.80296959537252),0.0245452064052952,75.97281751188183,69.80296959537252,False,n/a,3
2025-09-03 15:45:33.726487,1002,3,POINT (75.97104578668792 69.82877105822001),0.0258622213901565,75.97104578668792,69.82877105822001,False,n/a,3
2025-09-03 15:45:34.726487,1003,3,POINT (75.96802121847463 69.85575767228653),0.0271555768057303,75.96802121847463,69.85575767228653,False,n/a,3
2025-09-03 15:45:35.726487,1004,3,POINT (75.96368108255422 69.88388225526435),0.0284574936964625,75.96368108255422,69.88388225526435,False,n/a,3
2025-09-03 15:45:36.726487,1005,3,POINT (75.95807596756407 69.91315501595084),0.0298045605949959,75.95807596756407,69.91315501595084,False,n/a,3
2025-09-03 15:45:37.726487,1006,3,POINT (75.95110641117029 69.9434402454859),0.0310768377464288,75.95110641117029,69.9434402454859,False,n/a,3
2025-09-03 15:45:38.726487,1007,3,POINT (75.94272824980233 69.97466317139805),0.0323274603150778,75.94272824980233,69.97466317139805,False,n/a,3
2025-09-03 15:45:39.726487,1008,3,POINT (75.93288154037215 70.00674604012744),0.0335599188394371,75.93288154037215,70.00674604012744,False,n/a,3
2025-09-03 15:45:40.726487,1009,3,POINT (75.92158666505192 70.03967302559361),0.0348103516269133,75.92158666505192,70.03967302559361,False,n/a,3
2025-09-03 15:45:41.726487,1010,3,POINT (75.90884412393922 70.07339695912363),0.0360510200513879,75.90884412393922,70.07339695912363,False,n/a,3
2025-09-03 15:45:42.726487,1011,3,POINT (75.895354339585 70.10725845047253),0.0364496210994719,75.895354339585,70.10725845047253,False,n/a,3
2025-09-03 15:45:43.726487,1012,3,POINT (75.8810163645147 70.14114824667803),0.0367980409256662,75.8810163645147,70.14114824667803,False,n/a,3
2025-09-03 15:45:44.726487,1013,3,POINT (75.86582280452112 70.17502652262517),0.0371292586302146,75.86582280452112,70.17502652262517,False,n/a,3
2025-09-03 15:45:45.726487,1014,3,POINT (75.84983795166248 70.20891335159413),0.0374677554503043,75.84983795166248,70.20891335159413,False,n/a,3
2025-09-03 15:45:46.726487,1015,3,POINT (75.83384989739687 70.24215648867923),0.0368879932018306,75.83384989739687,70.24215648867923,False,n/a,3
2025-09-03 15:45:47.726487,1016,3,POINT (75.8178260890173 70.27467829716544),0.0362550749854261,75.8178260890173,70.27467829716544,False,n/a,3
2025-09-03 15:45:48.726487,1017,3,POINT (75.80255327086805 70.30597731249642),0.0348265320540188,75.80255327086805,70.30597731249642,False,n/a,3
2025-09-03 15:45:49.726487,1018,3,POINT (75.78807333008916 70.33607575584597),0.0334003739054776,75.78807333008916,70.33607575584597,False,n/a,3
2025-09-03 15:45:50.726487,1019,3,POINT (75.77440376931301 70.36496460930944),0.0319597050400465,75.77440376931301,70.36496460930944,False,n/a,3
2025-09-03 15:45:51.726487,1020,3,POINT (75.7616538027161 70.39276062337392),0.0305807136295914,75.7616538027161,70.39276062337392,False,n/a,3
2025-09-03 15:45:52.726487,1021,3,POINT (75.74981857335654 70.41943798568627),0.0291848302023178,75.74981857335654,70.41943798568627,False,n/a,3
2025-09-03 15:45:53.726487,1022,3,POINT (75.73889708820147 70.44504961665615),0.0278430328615523,75.73889708820147,70.44504961665615,False,n/a,3
2025-09-03 15:45:54.726487,1023,3,POINT (75.72894634924471 70.46972927452401),0.0266101995156071,75.72894634924471,70.46972927452401,False,n/a,3
2025-09-03 15:45:55.726487,1024,3,POINT (75.71999158268817 70.49352332228094),0.0254233072738554,75.71999158268817,70.49352332228094,False,n/a,3
2025-09-03 15:45:56.726487,1025,3,POINT (75.71208487680774 70.51649546462636),0.0242947591430339,75.71208487680774,70.51649546462636,False,n/a,3
2025-09-03 15:45:57.726487,1026,3,POINT (75.7052219979305 70.53870768315366),0.0232482635564093,75.7052219979305,70.53870768315366,False,n/a,3
2025-09-03 15:45:58.726487,1027,3,POINT (75.69938579959565 70.56017607696694),0.0222475424244056,75.69938579959565,70.56017607696694,False,n/a,3
2025-09-03 15:45:59.726487,1028,3,POINT (75.69454678715707 70.58086236572615),0.0212447307351746,75.69454678715707,70.58086236572615,False,n/a,3
2025-09-03 15:46:00.726487,1029,3,POINT (75.69068982829403 70.6008182871397),0.0203252289319247,75.69068982829403,70.6008182871397,False,n/a,3
2025-09-03 15:46:01.726487,1030,3,POINT (75.68789691877286 70.62020432920978),0.0195861933702383,75.68789691877286,70.62020432920978,False,n/a,3
2025-09-03 15:46:02.726487,1031,3,POINT (75.68608739983598 70.63893110665218),0.0188139988349089,75.68608739983598,70.63893110665218,False,n/a,3
2025-09-03 15:46:03.726487,1032,3,POINT (75.68523440178602 70.6569992936071),0.0180883107423329,75.68523440178602,70.6569992936071,False,n/a,3
2025-09-03 15:46:04.726487,1033,3,POINT (75.68546305419333 70.67460179511315),0.0176039865142465,75.68546305419333,70.67460179511315,False,n/a,3
2025-09-03 15:46:05.726487,1034,3,POINT (75.68671821825336 70.69170641515714),0.0171506111747367,75.68671821825336,70.69170641515714,False,n/a,3
2025-09-03 15:46:06.726487,1035,3,POINT (75.68900817687405 70.7082963660172),0.0167472499241941,75.68900817687405,70.7082963660172,False,n/a,3
2025-09-03 15:46:07.726487,1036,3,POINT (75.69224975062872 70.72427861922303),0.0163076735907463,75.69224975062872,70.72427861922303,False,n/a,3
2025-09-03 15:46:08.726487,1037,3,POINT (75.69645800829461 70.73967865952751),0.0159646695538088,75.69645800829461,70.73967865952751,False,n/a,3
2025-09-03 15:46:09.726487,1038,3,POINT (75.70155844347396 70.75445668019414),0.0156334364054067,75.70155844347396,70.75445668019414,False,n/a,3
2025-09-03 15:46:10.726487,1039,3,POINT (75.70764553475475 70.76879396439277),0.0155759557797591,75.70764553475475,70.76879396439277,False,n/a,3
2025-09-03 15:46:11.726487,1040,3,POINT (75.71464679531836 70.7825833030031),0.015464912181766,75.71464679531836,70.7825833030031,False,n/a,3
2025-09-03 15:46:12.726487,1041,3,POINT (75.72257182795046 70.79586633284633),0.0154675474473554,75.72257182795046,70.79586633284633,False,n/a,3
2025-09-03 15:46:13.726487,1042,3,POINT (75.73145122452183 70.80870655322367),0.0156113722270152,75.73145122452183,70.80870655322367,False,n/a,3
2025-09-03 15:46:14.726487,1043,3,POINT (75.74122142934417 70.82104054164446),0.015734807677075,75.74122142934417,70.82104054164446,False,n/a,3
2025-09-03 15:46:15.726487,1044,3,POINT (75.7518546651553 70.83281251089402),0.0158633213365841,75.7518546651553,70.83281251089402,False,n/a,3
2025-09-03 15:46:16.726487,1045,3,POINT (75.76336763346882 70.84410479302657),0.0161265022602299,75.76336763346882,70.84410479302657,False,n/a,3
2025-09-03 15:46:17.726487,1046,3,POINT (75.77574305510575 70.85496943346044),0.0164678921677619,75.77574305510575,70.85496943346044,False,n/a,3
2025-09-03 15:46:18.726487,1047,3,POINT (75.7889912069175 70.86538854132604),0.0168544158944252,75.7889912069175,70.86538854132604,False,n/a,3
2025-09-03 15:46:19.726487,1048,3,POINT (75.80302604128451 70.87524457737912),0.0171498694569086,75.80302604128451,70.87524457737912,False,n/a,3
2025-09-03 15:46:20.726487,1049,3,POINT (75.8179099735742 70.88466041259898),0.0176121944484947,75.8179099735742,70.88466041259898,False,n/a,3
2025-09-03 15:46:21.726487,1050,3,POINT (75.83362789184146 70.89364311969375),0.0181036455280876,75.83362789184146,70.89364311969375,False,n/a,3
2025-09-03 15:46:22.726487,1051,3,POINT (75.85013940974993 70.90216641756717),0.0185816261473752,75.85013940974993,70.90216641756717,False,n/a,3
2025-09-03 15:46:23.726487,1052,3,POINT (75.8673764207209 70.91011345371716),0.0189807779288055,75.8673764207209,70.91011345371716,False,n/a,3
2025-09-03 15:46:24.726487,1053,3,POINT (75.88534019801632 70.91752245409327),0.0194316901295985,75.88534019801632,70.91752245409327,False,n/a,3
2025-09-03 15:46:25.726487,1054,3,POINT (75.9040434225178 70.92442328061206),0.0199356969628636,75.9040434225178,70.92442328061206,False,n/a,3
2025-09-03 15:46:26.726487,1055,3,POINT (75.92345575383449 70.93080092863987),0.0204331348920185,75.92345575383449,70.93080092863987,False,n/a,3
2025-09-03 15:46:27.726487,1056,3,POINT (75.94363018000509 70.93673661496248),0.0210294993624053,75.94363018000509,70.93673661496248,False,n/a,3
2025-09-03 15:46:28.726487,1057,3,POINT (75.96453611441234 70.9421670736624),0.0215997216447779,75.96453611441234,70.9421670736624,False,n/a,3
2025-09-03 15:46:29.726487,1058,3,POINT (75.98606245493256 70.94699305227678),0.022060675551286,75.98606245493256,70.94699305227678,False,n/a,3
2025-09-03 15:46:30.726487,1059,3,POINT (76.00823052471436 70.95123777197003),0.0225707989031168,76.00823052471436,70.95123777197003,False,n/a,3
2025-09-03 15:46:31.726487,1060,3,POINT (76.03106579519796 70.95495107896136),0.0231352161621821,76.03106579519796,70.95495107896136,False,n/a,3
2025-09-03 15:46:32.726487,1061,3,POINT (76.05447268203132 70.95804472638322),0.0236104427235145,76.05447268203132,70.95804472638322,False,n/a,3
2025-09-03 15:46:33.726487,1062,3,POINT (76.07857195634747 70.96066671506196),0.0242414902016527,76.07857195634747,70.96066671506196,False,n/a,3
2025-09-03 15:46:34.726487,1063,3,POINT (76.10331154528947 70.96274180049507),0.0248264625062391,76.10331154528947,70.96274180049507,False,n/a,3
2025-09-03 15:46:35.726487,1064,3,POINT (76.12862804795738 70.9641851044854),0.0253576109628365,76.12862804795738,70.9641851044854,False,n/a,3
2025-09-03 15:46:36.726487,1065,3,POINT (76.15447894640717 70.96496821977686),0.0258627573978695,76.15447894640717,70.96496821977686,False,n/a,3
2025-09-03 15:46:37.726487,1066,3,POINT (76.18086809612987 70.96514182553109),0.0263897207648198,76.18086809612987,70.96514182553109,False,n/a,3
2025-09-03 15:46:38.726487,1067,3,POINT (76.20784096059373 70.96473914393266),0.0269758701408378,76.20784096059373,70.96473914393266,False,n/a,3
2025-09-03 15:46:39.726487,1068,3,POINT (76.23534760564405 70.96375140657527),0.0275243736897255,76.23534760564405,70.96375140657527,False,n/a,3
2025-09-03 15:46:40.726487,1069,3,POINT (76.26334865814846 70.96216656007878),0.028045867427698,76.26334865814846,70.96216656007878,False,n/a,3
2025-09-03 15:46:41.726487,1070,3,POINT (76.29173540859621 70.9598416627047),0.0284817967969528,76.29173540859621,70.9598416627047,False,n/a,3
2025-09-03 15:46:42.726487,1071,3,POINT (76.32050367787471 70.9567724644343),0.0289315277042786,76.32050367787471,70.9567724644343,False,n/a,3
2025-09-03 15:46:43.726487,1072,3,POINT (76.34885732247183 70.95366397670314),0.0285235316522062,76.34885732247183,70.95366397670314,False,n/a,3
2025-09-03 15:46:44.726487,1073,3,POINT (76.37679575434362 70.95049876873931),0.0281171569848178,76.37679575434362,70.95049876873931,False,n/a,3
2025-09-03 15:46:45.726487,1074,3,POINT (76.40432622827292 70.9472862425148),0.0277172747490651,76.40432622827292,70.9472862425148,False,n/a,3
2025-09-03 15:46:46.726487,1075,3,POINT (76.43147837545541 70.94408064847178),0.0273407192624541,76.43147837545541,70.94408064847178,False,n/a,3
2025-09-03 15:46:47.726487,1076,3,POINT (76.4582652696346 70.94086223385615),0.0269795458153911,76.4582652696346,70.94086223385615,False,n/a,3
2025-09-03 15:46:48.726487,1077,3,POINT (76.48466771950277 70.93760206337043),0.0266029710866527,76.48466771950277,70.93760206337043,False,n/a,3
2025-09-03 15:46:49.726487,1078,3,POINT (76.5107297786209 70.93436556941184),0.0262622508292995,76.5107297786209,70.93436556941184,False,n/a,3
2025-09-03 15:46:50.726487,1079,3,POINT (76.53643796030677 70.93116823766347),0.0259062451139276,76.53643796030677,70.93116823766347,False,n/a,3
2025-09-03 15:46:51.726487,1080,3,POINT (76.56182971091637 70.92801810926566),0.025586408656605,76.56182971091637,70.92801810926566,False,n/a,3
2025-09-03 15:46:52.726487,1081,3,POINT (76.58699841841167 70.92499512243877),0.0253496013053336,76.58699841841167,70.92499512243877,False,n/a,3
2025-09-03 15:46:53.726487,1082,3,POINT (76.61185348839923 70.922006643111),0.0250340870170919,76.61185348839923,70.922006643111,False,n/a,3
2025-09-03 15:46:54.726487,1083,3,POINT (76.63641098081959 70.91907904224387),0.0247313825091349,76.63641098081959,70.91907904224387,False,n/a,3
2025-09-03 15:46:55.726487,1084,3,POINT (76.66077319775519 70.91630632951997),0.0245194932628408,76.66077319775519,70.91630632951997,False,n/a,3
2025-09-03 15:46:56.726487,1085,3,POINT (76.68484728769717 70.91357471831913),0.0242285679784616,76.68484728769717,70.91357471831913,False,n/a,3
2025-09-03 15:46:57.726487,1086,3,POINT (76.70874115927397 70.91099778637495),0.0240324296976744,76.70874115927397,70.91099778637495,False,n/a,3
2025-09-03 15:46:58.726487,1087,3,POINT (76.73231487918197 70.90842738066742),0.0237134404041709,76.73231487918197,70.90842738066742,False,n/a,3
2025-09-03 15:46:59.726487,1088,3,POINT (76.75574136944982 70.90598371961231),0.023553596872283,76.75574136944982,70.90598371961231,False,n/a,3
2025-09-03 15:47:00.726487,1089,3,POINT (76.77891042960763 70.90358309340483),0.0232930967195076,76.77891042960763,70.90358309340483,False,n/a,3
2025-09-03 15:47:01.726487,1090,3,POINT (76.80184300617334 70.90124868878985),0.0230510848518789,76.80184300617334,70.90124868878985,False,n/a,3
2025-09-03 15:47:02.726487,1091,3,POINT (76.82455297893581 70.89897235938483),0.0228237713455141,76.82455297893581,70.89897235938483,False,n/a,3
2025-09-03 15:47:03.726487,1092,3,POINT (76.8470351818992 70.89675564062638),0.022591221572572,76.8470351818992,70.89675564062638,False,n/a,3
2025-09-03 15:47:04.726487,1093,3,POINT (76.8693531762694 70.89466281715623),0.0224159046836257,76.8693531762694,70.89466281715623,False,n/a,3
2025-09-03 15:47:05.726487,1094,3,POINT (76.89149441509386 70.89266765693004),0.0222309496200666,76.89149441509386,70.89266765693004,False,n/a,3
2025-09-03 15:47:06.726487,1095,3,POINT (76.91338063085603 70.89069408496415),0.0219750182410077,76.91338063085603,70.89069408496415,False,n/a,3
2025-09-03 15:47:07.726487,1096,3,POINT (76.93510177378263 70.88882813483498),0.0218011426288329,76.93510177378263,70.88882813483498,False,n/a,3
2025-09-03 15:47:08.726487,1097,3,POINT (76.95664272670511 70.8870390230686),0.0216151237267117,76.95664272670511,70.8870390230686,False,n/a,3
2025-09-03 15:47:09.726487,1098,3,POINT (76.97805968805447 70.88537685859713),0.0214813645788663,76.97805968805447,70.88537685859713,False,n/a,3
2025-09-03 15:47:10.726487,1099,3,POINT (76.99874904686698 70.88468739730467),0.0207008435805484,76.99874904686698,70.88468739730467,False,n/a,3
2025-09-03 15:47:11.726487,1100,3,POINT (77.01860894026726 70.88490335846235),0.0198610675718129,77.01860894026726,70.88490335846235,False,n/a,3
2025-09-03 15:47:12.726487,1101,3,POINT (77.03768608335602 70.88604237565653),0.0191111158386381,77.03768608335602,70.88604237565653,False,n/a,3
2025-09-03 15:47:13.726487,1102,3,POINT (77.05610796702778 70.88813574939907),0.0185404425956322,77.05610796702778,70.88813574939907,False,n/a,3
2025-09-03 15:47:14.726487,1103,3,POINT (77.07388062033027 70.89120179039331),0.018035182638076,77.07388062033027,70.89120179039331,False,n/a,3
2025-09-03 15:47:15.726487,1104,3,POINT (77.0910185637883 70.8951967532817),0.0175974098790139,77.0910185637883,70.8951967532817,False,n/a,3
2025-09-03 15:47:16.726487,1105,3,POINT (77.10751200996859 70.90012713831312),0.0172146002991736,77.10751200996859,70.90012713831312,False,n/a,3
2025-09-03 15:47:17.726487,1106,3,POINT (77.12333407364841 70.90596376986255),0.016864280800914,77.12333407364841,70.90596376986255,False,n/a,3
2025-09-03 15:47:18.726487,1107,3,POINT (77.13856396271255 70.91269913905475),0.0166527691109131,77.13856396271255,70.91269913905475,False,n/a,3
2025-09-03 15:47:19.726487,1108,3,POINT (77.15319612964802 70.92034527460189),0.0165095032642602,77.15319612964802,70.92034527460189,False,n/a,3
2025-09-03 15:47:20.726487,1109,3,POINT (77.16727752641431 70.92892366060629),0.0164886155067701,77.16727752641431,70.92892366060629,False,n/a,3
2025-09-03 15:47:21.726487,1110,3,POINT (77.18078517279085 70.93836022482726),0.0164774165126161,77.18078517279085,70.93836022482726,False,n/a,3
2025-09-03 15:47:22.726487,1111,3,POINT (77.1937695846108 70.94871867319755),0.0166100091195057,77.1937695846108,70.94871867319755,False,n/a,3
2025-09-03 15:47:23.726487,1112,3,POINT (77.20609651805896 70.95989727521884),0.016640746118654,77.20609651805896,70.95989727521884,False,n/a,3
2025-09-03 15:47:24.726487,1113,3,POINT (77.2179242547282 70.97194658708464),0.0168843498884786,77.2179242547282,70.97194658708464,False,n/a,3
2025-09-03 15:47:25.726487,1114,3,POINT (77.22913562476542 70.98478465618514),0.0170443784380806,77.22913562476542,70.98478465618514,False,n/a,3
2025-09-03 15:47:26.726487,1115,3,POINT (77.23976680586728 70.99841903484152),0.0172892536844698,77.23976680586728,70.99841903484152,False,n/a,3
2025-09-03 15:47:27.726487,1116,3,POINT (77.24989253410025 71.0128996920994),0.0176697426938891,77.24989253410025,71.0128996920994,False,n/a,3
2025-09-03 15:47:28.726487,1117,3,POINT (77.25941540587463 71.02813098246858),0.0179632205670849,77.25941540587463,71.02813098246858,False,n/a,3
2025-09-03 15:47:29.726487,1118,3,POINT (77.2684232052515 71.04417351631113),0.0183984603079486,77.2684232052515,71.04417351631113,False,n/a,3
2025-09-03 15:47:30.726487,1119,3,POINT (77.27686193684781 71.06097413931717),0.018800880945996,77.27686193684781,71.06097413931717,False,n/a,3
2025-09-03 15:47:31.726487,1120,3,POINT (77.28469324267303 71.07850301290613),0.0191987176713916,77.28469324267303,71.07850301290613,False,n/a,3
2025-09-03 15:47:32.726487,1121,3,POINT (77.2918811951587 71.09670757718597),0.0195722462061732,77.2918811951587,71.09670757718597,False,n/a,3
2025-09-03 15:47:33.726487,1122,3,POINT (77.29845412386251 71.11560309817763),0.0200061017015271,77.29845412386251,71.11560309817763,False,n/a,3
2025-09-03 15:47:34.726487,1123,3,POINT (77.30439797873011 71.13519990602995),0.0204783858906881,77.30439797873011,71.13519990602995,False,n/a,3
2025-09-03 15:47:35.726487,1124,3,POINT (77.30981735164974 71.15552579528821),0.0210359543872172,77.30981735164974,71.15552579528821,False,n/a,3
2025-09-03 15:47:36.726487,1125,3,POINT (77.3146540857691 71.17650495984422),0.0215294993534357,77.3146540857691,71.17650495984422,False,n/a,3
2025-09-03 15:47:37.726487,1126,3,POINT (77.31960550934825 71.19737834177973),0.0214526144999958,77.31960550934825,71.19737834177973,False,n/a,3
2025-09-03 15:47:38.726487,1127,3,POINT (77.32465173082167 71.21812193766429),0.021348562513225,77.32465173082167,71.21812193766429,False,n/a,3
2025-09-03 15:47:39.726487,1128,3,POINT (77.32976381065704 71.2387381241663),0.0212405392146454,77.32976381065704,71.2387381241663,False,n/a,3
2025-09-03 15:47:40.726487,1129,3,POINT (77.33482453766418 71.25913858236454),0.0210187928420931,77.33482453766418,71.25913858236454,False,n/a,3
2025-09-03 15:47:41.726487,1130,3,POINT (77.33991826989087 71.27937148820953),0.0208642418249407,77.33991826989087,71.27937148820953,False,n/a,3
2025-09-03 15:47:42.726487,1131,3,POINT (77.34500958141307 71.29944098794375),0.0207052233167831,77.34500958141307,71.29944098794375,False,n/a,3
2025-09-03 15:47:43.726487,1132,3,POINT (77.35013460149841 71.31937579060856),0.0205830558508684,77.35013460149841,71.31937579060856,False,n/a,3
2025-09-03 15:47:44.726487,1133,3,POINT (77.35534881046864 71.33919686191113),0.020495434681092,77.35534881046864,71.33919686191113,False,n/a,3
2025-09-03 15:47:45.726487,1134,3,POINT (77.36059039410789 71.35885161978567),0.0203416741236745,77.36059039410789,71.35885161978567,False,n/a,3
2025-09-03 15:47:46.726487,1135,3,POINT (77.36575498406641 71.3782472991269),0.0200715063347898,77.36575498406641,71.3782472991269,False,n/a,3
2025-09-03 15:47:47.726487,1136,3,POINT (77.37102903467759 71.39756266075182),0.0200224575052778,77.37102903467759,71.39756266075182,False,n/a,3
2025-09-03 15:47:48.726487,1137,3,POINT (77.37639920779456 71.4167829229411),0.019956383388051,77.37639920779456,71.4167829229411,False,n/a,3
2025-09-03 15:47:49.726487,1138,3,POINT (77.38183205385252 71.43587811533844),0.0198530146068816,77.38183205385252,71.43587811533844,False,n/a,3
2025-09-03 15:47:50.726487,1139,3,POINT (77.38737078808978 71.45488167716704),0.0197942653090321,77.38737078808978,71.45488167716704,False,n/a,3
2025-09-03 15:47:51.726487,1140,3,POINT (77.39294032520014 71.47374293740685),0.0196663896396307,77.39294032520014,71.47374293740685,False,n/a,3
2025-09-03 15:47:52.726487,1141,3,POINT (77.39856229808578 71.49250002486097),0.0195814940412701,77.39856229808578,71.49250002486097,False,n/a,3
2025-09-03 15:47:53.726487,1142,3,POINT (77.40490246244245 71.51035792383314),0.018949993133765,77.40490246244245,71.51035792383314,False,n/a,3
2025-09-03 15:47:54.726487,1143,3,POINT (77.41199632682678 71.52736962914813),0.0184315227159117,77.41199632682678,71.52736962914813,False,n/a,3
2025-09-03 15:47:55.726487,1144,3,POINT (77.41985917292608 71.54356015631866),0.0179988199291275,77.41985917292608,71.54356015631866,False,n/a,3
2025-09-03 15:47:56.726487,1145,3,POINT (77.42841264020102 71.55885702101736),0.0175258629469041,77.42841264020102,71.55885702101736,False,n/a,3
2025-09-03 15:47:57.726487,1146,3,POINT (77.4376944803181 71.57330911491925),0.0171760174111542,77.4376944803181,71.57330911491925,False,n/a,3
2025-09-03 15:47:58.726487,1147,3,POINT (77.44772728873834 71.5869786048823),0.0169561847314497,77.44772728873834,71.5869786048823,False,n/a,3
2025-09-03 15:47:59.726487,1148,3,POINT (77.45852153121737 71.59986648167909),0.0168110986858464,77.45852153121737,71.59986648167909,False,n/a,3
2025-09-03 15:48:00.726487,1149,3,POINT (77.47013891282565 71.61206638120704),0.016846397357433,77.47013891282565,71.61206638120704,False,n/a,3
2025-09-03 15:48:01.726487,1150,3,POINT (77.4817687649524 71.62424899175421),0.0168424897278976,77.4817687649524,71.62424899175421,False,n/a,3
2025-09-03 15:48:02.726487,1151,3,POINT (77.49335672035417 71.63636641046),0.0167664112583641,77.49335672035417,71.63636641046,False,n/a,3
2025-09-03 15:48:03.726487,1152,3,POINT (77.50499942682939 71.64853497409561),0.016841215960314,77.50499942682939,71.64853497409561,False,n/a,3
2025-09-03 15:48:04.726487,1153,3,POINT (77.51669755667973 71.6607712583289),0.0169284640128155,77.51669755667973,71.6607712583289,False,n/a,3
2025-09-03 15:48:05.726487,1154,3,POINT (77.52844891604057 71.6730436631419),0.0169913615323177,77.52844891604057,71.6730436631419,False,n/a,3
2025-09-03 15:48:06.726487,1155,3,POINT (77.54025150719129 71.68536737008418),0.0170638480616222,77.54025150719129,71.68536737008418,False,n/a,3
2025-09-03 15:48:07.726487,1156,3,POINT (77.55213208315298 71.69774839918516),0.0171591948173844,77.55213208315298,71.69774839918516,False,n/a,3
2025-09-03 15:48:08.726487,1157,3,POINT (77.56398079573884 71.71012135447526),0.0171313167197741,77.56398079573884,71.71012135447526,False,n/a,3
2025-09-03 15:48:09.726487,1158,3,POINT (77.57585154355063 71.72250054983427),0.0171510679360597,77.57585154355063,71.72250054983427,False,n/a,3
2025-09-03 15:48:10.726487,1159,3,POINT (77.58774935952708 71.73490494310181),0.0171879899157949,77.58774935952708,71.73490494310181,False,n/a,3
2025-09-03 15:48:11.726487,1160,3,POINT (77.59963824042435 71.74730077556029),0.0171756266647912,77.59963824042435,71.74730077556029,False,n/a,3
2025-09-03 15:48:12.726487,1161,3,POINT (77.61149114082725 71.75963701225739),0.0171077170834633,77.61149114082725,71.75963701225739,False,n/a,3
2025-09-03 15:48:13.726487,1162,3,POINT (77.6234096952655 71.7720219260804),0.0171883108623482,77.6234096952655,71.7720219260804,False,n/a,3
2025-09-03 15:48:14.726487,1163,3,POINT (77.63536123902152 71.78443335424346),0.0172302915587369,77.63536123902152,71.78443335424346,False,n/a,3
2025-09-03 15:48:15.726487,1164,3,POINT (77.64728065864763 71.79678170553916),0.0171625855845007,77.64728065864763,71.79678170553916,False,n/a,3
2025-09-03 15:48:16.726487,1165,3,POINT (77.65918140806106 71.80911621480968),0.0171396603101013,77.65918140806106,71.80911621480968,False,n/a,3
2025-09-03 15:48:17.726487,1166,3,POINT (77.67102640053828 71.8214148938769),0.0170751677468813,77.67102640053828,71.8214148938769,False,n/a,3
2025-09-03 15:48:18.726487,1167,3,POINT (77.68293284924268 71.83375659157284),0.0171487907086216,77.68293284924268,71.83375659157284,False,n/a,3
2025-09-03 15:48:19.726487,1168,3,POINT (77.69490241440748 71.84613331137268),0.0172178303870842,77.69490241440748,71.84613331137268,False,n/a,3
2025-09-03 15:48:20.726487,1169,3,POINT (77.70684738272992 71.85849285715068),0.0171883867789409,77.70684738272992,71.85849285715068,False,n/a,3
2025-09-03 15:48:21.726487,1170,3,POINT (77.71875289022144 71.87080064448286),0.0171237477686604,77.71875289022144,71.87080064448286,False,n/a,3
2025-09-03 15:48:22.726487,1171,3,POINT (77.73072872147095 71.88318825373938),0.017230014428581,77.73072872147095,71.88318825373938,False,n/a,3
2025-09-03 15:48:23.726487,1172,3,POINT (77.74267979806717 71.89554795116014),0.0171927412631466,77.74267979806717,71.89554795116014,False,n/a,3
2025-09-03 15:48:24.726487,1173,3,POINT (77.75470711969959 71.90793579706236),0.0172660126186351,77.75470711969959,71.90793579706236,False,n/a,3
2025-09-03 15:48:25.726487,1174,3,POINT (77.76673553191193 71.92029150273235),0.0172437282208199,77.76673553191193,71.92029150273235,False,n/a,3
2025-09-03 15:48:26.726487,1175,3,POINT (77.77872595842105 71.93258835235304),0.0171750644384283,77.77872595842105,71.93258835235304,False,n/a,3
2025-09-03 15:48:27.726487,1176,3,POINT (77.79073242610842 71.94491035705667),0.017204274650338,77.79073242610842,71.94491035705667,False,n/a,3
2025-09-03 15:48:28.726487,1177,3,POINT (77.80281065178785 71.95729730826751),0.0173008698007665,77.80281065178785,71.95729730826751,False,n/a,3
2025-09-03 15:48:29.726487,1178,3,POINT (77.81488621305199 71.96964947584335),0.0172741200547427,77.81488621305199,71.96964947584335,False,n/a,3
2025-09-03 15:48:30.726487,1179,3,POINT (77.82693484663642 71.9819798821963),0.0172397358471797,77.82693484663642,71.9819798821963,False,n/a,3
2025-09-03 15:48:31.726487,1180,3,POINT (77.83900546594451 71.99431581435603),0.0172590577011113,77.83900546594451,71.99431581435603,False,n/a,3
2025-09-03 15:48:32.726487,1181,3,POINT (77.85101107711469 72.00658362471403),0.0171649022877896,77.85101107711469,72.00658362471403,False,n/a,3
2025-09-03 15:48:33.726487,1182,3,POINT (77.86300224970206 72.01883847001189),0.017145537416326,77.86300224970206,72.01883847001189,False,n/a,3
2025-09-03 15:48:34.726487,1183,3,POINT (77.87502836487724 72.03112048836498),0.0171893985069932,77.87502836487724,72.03112048836498,False,n/a,3
2025-09-03 15:48:35.726487,1184,3,POINT (77.88699580761198 72.04334636689856),0.0171082375342208,77.88699580761198,72.04334636689856,False,n/a,3
2025-09-03 15:48:36.726487,1185,3,POINT (77.89896944288635 72.0555664155808),0.0171084052874594,77.89896944288635,72.0555664155808,False,n/a,3
2025-09-03 15:48:37.726487,1186,3,POINT (77.9109894544905 72.06782812791513),0.0171706222465557,77.9109894544905,72.06782812791513,False,n/a,3
2025-09-03 15:48:38.726487,1187,3,POINT (77.92298744048242 72.08002184250903),0.0171066754063839,77.92298744048242,72.08002184250903,False,n/a,3
2025-09-03 15:48:39.726487,1188,3,POINT (77.93493271322139 72.09217822181301),0.0170430953347921,77.93493271322139,72.09217822181301,False,n/a,3
2025-09-03 15:48:40.726487,1189,3,POINT (77.94685295651135 72.10429761430495),0.0169991727582731,77.94685295651135,72.10429761430495,False,n/a,3
2025-09-03 15:48:41.726487,1190,3,POINT (77.95869715265856 72.1163281236621),0.0168824802018521,77.95869715265856,72.1163281236621,False,n/a,3
2025-09-03 15:48:42.726487,1191,3,POINT (77.97057660646534 72.12838805128892),0.0169281799704433,77.97057660646534,72.12838805128892,False,n/a,3
2025-09-03 15:48:43.726487,1192,3,POINT (77.98244063132454 72.1404099182227),0.0168902448304645,77.98244063132454,72.1404099182227,False,n/a,3
2025-09-03 15:48:44.726487,1193,3,POINT (77.99437321607996 72.15248565159649),0.016976746315486,77.99437321607996,72.15248565159649,False,n/a,3
2025-09-03 15:48:45.726487,1194,3,POINT (78.00630543718403 72.16454642897612),0.0169658554596347,78.00630543718403,72.16454642897612,False,n/a,3
2025-09-03 15:48:46.726487,1195,3,POINT (78.0182027795155 72.17657765269192),0.016920316151063,78.0182027795155,72.17657765269192,False,n/a,3
2025-09-03 15:48:47.726487,1196,3,POINT (78.0301449006725 72.18868084205056),0.0170029835728724,78.0301449006725,72.18868084205056,False,n/a,3
2025-09-03 15:48:48.726487,1197,3,POINT (78.04213281006211 72.20080820951527),0.0170523609262144,78.04213281006211,72.20080820951527,False,n/a,3
2025-09-03 15:48:49.726487,1198,3,POINT (78.05410490056646 72.21291264668594),0.0170249331940752,78.05410490056646,72.21291264668594,False,n/a,3
2025-09-03 15:48:50.726487,1199,3,POINT (78.06607461622728 72.22498930592577),0.0170035229113316,78.06607461622728,72.22498930592577,False,n/a,3
2025-09-03 15:48:51.726487,1200,3,POINT (78.07689929116385 72.23818760876725),0.0170695279775892,78.07689929116385,72.23818760876725,False,n/a,3
2025-09-03 15:48:52.726487,1201,3,POINT (78.0866601513301 72.2526058615216),0.0174115020510376,78.0866601513301,72.2526058615216,False,n/a,3
2025-09-03 15:48:53.726487,1202,3,POINT (78.09529679879195 72.26820430263204),0.0178298357944285,78.09529679879195,72.26820430263204,False,n/a,3
2025-09-03 15:48:54.726487,1203,3,POINT (78.10279036397763 72.28498370808214),0.0183766690793175,78.10279036397763,72.28498370808214,False,n/a,3
2025-09-03 15:48:55.726487,1204,3,POINT (78.10919529215494 72.30301760982742),0.0191375211852258,78.10919529215494,72.30301760982742,False,n/a,3
2025-09-03 15:48:56.726487,1205,3,POINT (78.11443336241243 72.3222486088971),0.0199316006692972,78.11443336241243,72.3222486088971,False,n/a,3
2025-09-03 15:48:57.726487,1206,3,POINT (78.11844704767338 72.34263883736732),0.0207815082812047,78.11844704767338,72.34263883736732,False,n/a,3
2025-09-03 15:48:58.726487,1207,3,POINT (78.12119515126888 72.36416590627194),0.0217017687987806,78.12119515126888,72.36416590627194,False,n/a,3
2025-09-03 15:48:59.726487,1208,3,POINT (78.12327449260465 72.38630227582173),0.0222338147252309,78.12327449260465,72.38630227582173,False,n/a,3
2025-09-03 15:49:00.726487,1209,3,POINT (78.12463240774275 72.4089809324325),0.0227192737382001,78.12463240774275,72.4089809324325,False,n/a,3
2025-09-03 15:49:01.726487,1210,3,POINT (78.12523560995002 72.43216073016065),0.0231876448916375,78.12523560995002,72.43216073016065,False,n/a,3
2025-09-03 15:49:02.726487,1211,3,POINT (78.12508733627088 72.45579370850196),0.0236334434724356,78.12508733627088,72.45579370850196,False,n/a,3
2025-09-03 15:49:03.726487,1212,3,POINT (78.12422775117419 72.479926764633),0.024148359877284,78.12422775117419,72.479926764633,False,n/a,3
2025-09-03 15:49:04.726487,1213,3,POINT (78.12263075694874 72.50450113154494),0.0246262035173619,78.12263075694874,72.50450113154494,False,n/a,3
2025-09-03 15:49:05.726487,1214,3,POINT (78.1203437274737 72.52958713595295),0.0251900401146644,78.1203437274737,72.52958713595295,False,n/a,3
2025-09-03 15:49:06.726487,1215,3,POINT (78.1173376345257 72.55512226848555),0.0257114680302244,78.1173376345257,72.55512226848555,False,n/a,3
2025-09-03 15:49:07.726487,1216,3,POINT (78.11436434128238 72.58037660999425),0.0254287679164512,78.11436434128238,72.58037660999425,False,n/a,3
2025-09-03 15:49:08.726487,1217,3,POINT (78.1114648089165 72.60542926927135),0.0252198934334723,78.1114648089165,72.60542926927135,False,n/a,3
2025-09-03 15:49:09.726487,1218,3,POINT (78.10945943078352 72.6296017289245),0.024255501378844,78.10945943078352,72.6296017289245,False,n/a,3
2025-09-03 15:49:10.726487,1219,3,POINT (78.10836012472116 72.65291714976865),0.0233413222195926,78.10836012472116,72.65291714976865,False,n/a,3
2025-09-03 15:49:11.726487,1220,3,POINT (78.10816347234845 72.67541088177684),0.0224945916124698,78.10816347234845,72.67541088177684,False,n/a,3
2025-09-03 15:49:12.726487,1221,3,POINT (78.10885340010041 72.69707932751615),0.0216794266773891,78.10885340010041,72.69707932751615,False,n/a,3
2025-09-03 15:49:13.726487,1222,3,POINT (78.11045657621891 72.71800357105657),0.0209855698375274,78.11045657621891,72.71800357105657,False,n/a,3
2025-09-03 15:49:14.726487,1223,3,POINT (78.11292567857797 72.7381203222853),0.0202677119196517,78.11292567857797,72.7381203222853,False,n/a,3
2025-09-03 15:49:15.726487,1224,3,POINT (78.11640443324909 72.75761697275163),0.0198045730443341,78.11640443324909,72.75761697275163,False,n/a,3
2025-09-03 15:49:16.726487,1225,3,POINT (78.1207836648001 72.77641728297527),0.0193036093382162,78.1207836648001,72.77641728297527,False,n/a,3
2025-09-03 15:49:17.726487,1226,3,POINT (78.12605823331184 72.79448319482977),0.0188201552628903,78.12605823331184,72.79448319482977,False,n/a,3
2025-09-03 15:49:18.726487,1227,3,POINT (78.13226762573483 72.81189579395964),0.0184866211818222,78.13226762573483,72.81189579395964,False,n/a,3
2025-09-03 15:49:19.726487,1228,3,POINT (78.13935523083974 72.82861769386722),0.0181619404977091,78.13935523083974,72.82861769386722,False,n/a,3
2025-09-03 15:49:20.726487,1229,3,POINT (78.14736720060804 72.8447690576473),0.0180293708022432,78.14736720060804,72.8447690576473,False,n/a,3
2025-09-03 15:49:21.726487,1230,3,POINT (78.1562563856898 72.86029547376613),0.0178909812171613,78.1562563856898,72.86029547376613,False,n/a,3
2025-09-03 15:49:22.726487,1231,3,POINT (78.16605153486543 72.87527377176056),0.0178967694901303,78.16605153486543,72.87527377176056,False,n/a,3
2025-09-03 15:49:23.726487,1232,3,POINT (78.17677380791397 72.88974541709466),0.0180109871468341,78.17677380791397,72.88974541709466,False,n/a,3
2025-09-03 15:49:24.726487,1233,3,POINT (78.18828273273446 72.90356346938725),0.0179831565550793,78.18828273273446,72.90356346938725,False,n/a,3
2025-09-03 15:49:25.726487,1234,3,POINT (78.2006334179035 72.91677545447614),0.0180857948162003,78.2006334179035,72.91677545447614,False,n/a,3
2025-09-03 15:49:26.726487,1235,3,POINT (78.21387388368366 72.92944115285181),0.0183229323368006,78.21387388368366,72.92944115285181,False,n/a,3
2025-09-03 15:49:27.726487,1236,3,POINT (78.22785167412879 72.94140861683628),0.0184010548596421,78.22785167412879,72.94140861683628,False,n/a,3
2025-09-03 15:49:28.726487,1237,3,POINT (78.24102341813011 72.95413556841031),0.0183158438627331,78.24102341813011,72.95413556841031,False,n/a,3
2025-09-03 15:49:29.726487,1238,3,POINT (78.25335802204897 72.96752684030419),0.0182062795971872,78.25335802204897,72.96752684030419,False,n/a,3
2025-09-03 15:49:30.726487,1239,3,POINT (78.26490476640589 72.98166943958434),0.0182576126490549,78.26490476640589,72.98166943958434,False,n/a,3
2025-09-03 15:49:31.726487,1240,3,POINT (78.27569366647732 72.99655843431543),0.0183870206627915,78.27569366647732,72.99655843431543,False,n/a,3
2025-09-03 15:49:32.726487,1241,3,POINT (78.28565695633142 73.01206482289165),0.0184313654240076,78.28565695633142,73.01206482289165,False,n/a,3
2025-09-03 15:49:33.726487,1242,3,POINT (78.29476799768713 73.02813413333769),0.0184725150641897,78.29476799768713,73.02813413333769,False,n/a,3
2025-09-03 15:49:34.726487,1243,3,POINT (78.3029954477648 73.04475149466164),0.018542589682979,78.3029954477648,73.04475149466164,False,n/a,3
2025-09-03 15:49:35.726487,1244,3,POINT (78.31043250206842 73.0620038435406),0.018787051885706,78.31043250206842,73.0620038435406,False,n/a,3
2025-09-03 15:49:36.726487,1245,3,POINT (78.31704090904574 73.07982253456471),0.0190046518671321,78.31704090904574,73.07982253456471,False,n/a,3
2025-09-03 15:49:37.726487,1246,3,POINT (78.32282114973752 73.09817838925495),0.0192444429346279,78.32282114973752,73.09817838925495,False,n/a,3
2025-09-03 15:49:38.726487,1247,3,POINT (78.32775057253369 73.11706205007938),0.0195164508872753,78.32775057253369,73.11706205007938,False,n/a,3
2025-09-03 15:49:39.726487,1248,3,POINT (78.33185981660631 73.13646397912326),0.0198323154843844,78.33185981660631,73.13646397912326,False,n/a,3
2025-09-03 15:49:40.726487,1249,3,POINT (78.33522830916577 73.15648906272025),0.0203064205410411,78.33522830916577,73.15648906272025,False,n/a,3
2025-09-03 15:49:41.726487,1250,3,POINT (78.33784600600161 73.17709031582883),0.0207668959252019,78.33784600600161,73.17709031582883,False,n/a,3
2025-09-03 15:49:42.726487,1251,3,POINT (78.33969346155865 73.19821663641515),0.0212069449367693,78.33969346155865,73.19821663641515,False,n/a,3
2025-09-03 15:49:43.726487,1252,3,POINT (78.34158546422168 73.2192323988383),0.0211007569604282,78.34158546422168,73.2192323988383,False,n/a,3
2025-09-03 15:49:44.726487,1253,3,POINT (78.34439168673597 73.23953475838684),0.0204953821149504,78.34439168673597,73.23953475838684,False,n/a,3
2025-09-03 15:49:45.726487,1254,3,POINT (78.34811005274632 73.25916464978444),0.0199789609857081,78.34811005274632,73.25916464978444,False,n/a,3
2025-09-03 15:49:46.726487,1255,3,POINT (78.35277644995288 73.27814016176535),0.0195408627707979,78.35277644995288,73.27814016176535,False,n/a,3
2025-09-03 15:49:47.726487,1256,3,POINT (78.35836631571189 73.29650397841104),0.0191957380946966,78.35836631571189,73.29650397841104,False,n/a,3
2025-09-03 15:49:48.726487,1257,3,POINT (78.36490372981427 73.31429858945384),0.018957477820392,78.36490372981427,73.31429858945384,False,n/a,3
2025-09-03 15:49:49.726487,1258,3,POINT (78.37239106429453 73.33156364608577),0.0188186704664,78.37239106429453,73.33156364608577,False,n/a,3
2025-09-03 15:49:50.726487,1259,3,POINT (78.3808364452184 73.34831259611701),0.0187577127096668,78.3808364452184,73.34831259611701,False,n/a,3
2025-09-03 15:49:51.726487,1260,3,POINT (78.39014000660447 73.3644284563707),0.0186085250941803,78.39014000660447,73.3644284563707,False,n/a,3
2025-09-03 15:49:52.726487,1261,3,POINT (78.40031568202527 73.37996294884861),0.0185705365247129,78.40031568202527,73.37996294884861,False,n/a,3
2025-09-03 15:49:53.726487,1262,3,POINT (78.41143180474012 73.39502854875543),0.0187227264244291,78.41143180474012,73.39502854875543,False,n/a,3
2025-09-03 15:49:54.726487,1263,3,POINT (78.42335124881087 73.40946016752594),0.0187174989593421,78.42335124881087,73.40946016752594,False,n/a,3
2025-09-03 15:49:55.726487,1264,3,POINT (78.4361284443926 73.42330975843316),0.0188432453476325,78.4361284443926,73.42330975843316,False,n/a,3
2025-09-03 15:49:56.726487,1265,3,POINT (78.44972389211323 73.43657136180559),0.0189922700784302,78.44972389211323,73.43657136180559,False,n/a,3
2025-09-03 15:49:57.726487,1266,3,POINT (78.4641404259496 73.44929923758278),0.019231101623533,78.4641404259496,73.44929923758278,False,n/a,3
2025-09-03 15:49:58.726487,1267,3,POINT (78.47943035927283 73.46151437373534),0.0195701714927206,78.47943035927283,73.46151437373534,False,n/a,3
2025-09-03 15:49:59.726487,1268,3,POINT (78.49556881795812 73.47322646869996),0.0199404868846563,78.49556881795812,73.47322646869996,False,n/a,3
2025-09-03 15:50:00.726487,1269,3,POINT (78.51253209845932 73.4844468601572),0.020338389066399,78.51253209845932,73.4844468601572,False,n/a,3
2025-09-03 15:50:01.726487,1270,3,POINT (78.530314918179 73.49515359888105),0.0207572380456403,78.530314918179,73.49515359888105,False,n/a,3
2025-09-03 15:50:02.726487,1271,3,POINT (78.54889982052813 73.50530915212461),0.0211786179201965,78.54889982052813,73.50530915212461,False,n/a,3
2025-09-03 15:50:03.726487,1272,3,POINT (78.568226899124 73.51487949854918),0.0215668147332181,78.568226899124,73.51487949854918,False,n/a,3
2025-09-03 15:50:04.726487,1273,3,POINT (78.5882906892104 73.5238855505867),0.0219923769959846,78.5882906892104,73.5238855505867,False,n/a,3
2025-09-03 15:50:05.726487,1274,3,POINT (78.60903554989518 73.53226563740978),0.022373535706132,78.60903554989518,73.53226563740978,False,n/a,3
2025-09-03 15:50:06.726487,1275,3,POINT (78.6304513234666 73.54003983431642),0.0227831844834187,78.6304513234666,73.54003983431642,False,n/a,3
2025-09-03 15:50:07.726487,1276,3,POINT (78.65257819730603 73.54720882220218),0.0232592547862582,78.65257819730603,73.54720882220218,False,n/a,3
2025-09-03 15:50:08.726487,1277,3,POINT (78.67532946079362 73.55373832458778),0.0236696935274931,78.67532946079362,73.55373832458778,False,n/a,3
2025-09-03 15:50:09.726487,1278,3,POINT (78.69877414931334 73.55969475452707),0.0241895117232287,78.69877414931334,73.55969475452707,False,n/a,3
2025-09-03 15:50:10.726487,1279,3,POINT (78.72282495834497 73.56499567100091),0.02462805576043,78.72282495834497,73.56499567100091,False,n/a,3
2025-09-03 15:50:11.726487,1280,3,POINT (78.74750926948188 73.56965710602378),0.0251205930020798,78.74750926948188,73.56965710602378,False,n/a,3
2025-09-03 15:50:12.726487,1281,3,POINT (78.77285917412678 73.573777009176),0.0256825089796354,78.77285917412678,73.573777009176,False,n/a,3
2025-09-03 15:50:13.726487,1282,3,POINT (78.79876408645889 73.57721196856342),0.0261316556866854,78.79876408645889,73.57721196856342,False,n/a,3
2025-09-03 15:50:14.726487,1283,3,POINT (78.82523202294308 73.58000339188172),0.0266147272365009,78.82523202294308,73.58000339188172,False,n/a,3
2025-09-03 15:50:15.726487,1284,3,POINT (78.85225526267065 73.5821498764433),0.0271083544566387,78.85225526267065,73.5821498764433,False,n/a,3
2025-09-03 15:50:16.726487,1285,3,POINT (78.87979253358498 73.5836214369622),0.0275765621455904,78.87979253358498,73.5836214369622,False,n/a,3
2025-09-03 15:50:17.726487,1286,3,POINT (78.90775417085023 73.58433889841218),0.0279708403428573,78.90775417085023,73.58433889841218,False,n/a,3
2025-09-03 15:50:18.726487,1287,3,POINT (78.9354250882343 73.58503913662892),0.0276797760546628,78.9354250882343,73.58503913662892,False,n/a,3
2025-09-03 15:50:19.726487,1288,3,POINT (78.96276066488846 73.585670738838),0.0273428724234736,78.96276066488846,73.585670738838,False,n/a,3
2025-09-03 15:50:20.726487,1289,3,POINT (78.98980284344826 73.58629922126856),0.027049480797705,78.98980284344826,73.58629922126856,False,n/a,3
2025-09-03 15:50:21.726487,1290,3,POINT (79.0165843242929 73.58695049245695),0.0267893984701463,79.0165843242929,73.58695049245695,False,n/a,3
2025-09-03 15:50:22.726487,1291,3,POINT (79.04304458734633 73.58756610362396),0.0264674233344695,79.04304458734633,73.58756610362396,False,n/a,3
2025-09-03 15:50:23.726487,1292,3,POINT (79.06921568862955 73.58817565780522),0.0261781989196492,79.06921568862955,73.58817565780522,False,n/a,3
2025-09-03 15:50:24.726487,1293,3,POINT (79.09513981116966 73.5887656332714),0.025930834936905,79.09513981116966,73.5887656332714,False,n/a,3
2025-09-03 15:50:25.726487,1294,3,POINT (79.12081878705234 73.58939869573436),0.0256867781254381,79.12081878705234,73.58939869573436,False,n/a,3
2025-09-03 15:50:26.726487,1295,3,POINT (79.14626121178347 73.59006250928196),0.0254510829754833,79.14626121178347,73.59006250928196,False,n/a,3
2025-09-03 15:50:27.726487,1296,3,POINT (79.17084484402017 73.59159349627336),0.0246312584964119,79.17084484402017,73.59159349627336,False,n/a,3
2025-09-03 15:50:28.726487,1297,3,POINT (79.19460928753672 73.59399247877946),0.0238852233130878,79.19460928753672,73.59399247877946,False,n/a,3
2025-09-03 15:50:29.726487,1298,3,POINT (79.2175287248326 73.59723444068389),0.0231475900030592,79.2175287248326,73.59723444068389,False,n/a,3
2025-09-03 15:50:30.726487,1299,3,POINT (79.23961254316225 73.60134499573927),0.0224631185475252,79.23961254316225,73.60134499573927,False,n/a,3
2025-09-03 15:50:31.726487,1300,3,POINT (79.26084198334328 73.60626838569226),0.0217928634885185,79.26084198334328,73.60626838569226,False,n/a,3
2025-09-03 15:50:32.726487,1301,3,POINT (79.28135236957513 73.61210015297499),0.0213233546380368,79.28135236957513,73.61210015297499,False,n/a,3
2025-09-03 15:50:33.726487,1302,3,POINT (79.3010024347892 73.6186899080459),0.0207255864769022,79.3010024347892,73.6186899080459,False,n/a,3
2025-09-03 15:50:34.726487,1303,3,POINT (79.31993608243538 73.62612296028635),0.020340434577438,79.31993608243538,73.62612296028635,False,n/a,3
2025-09-03 15:50:35.726487,1304,3,POINT (79.33874450004636 73.63353701981926),0.0202169446699207,79.33874450004636,73.63353701981926,False,n/a,3
2025-09-03 15:50:36.726487,1305,3,POINT (79.35754006512646 73.6410278148311),0.020233271524637,79.35754006512646,73.6410278148311,False,n/a,3
2025-09-03 15:50:37.726487,1306,3,POINT (79.37615305639963 73.64850924590536),0.0200602905027326,79.37615305639963,73.64850924590536,False,n/a,3
2025-09-03 15:50:38.726487,1307,3,POINT (79.39463844447155 73.65598517522976),0.019939886946345,79.39463844447155,73.65598517522976,False,n/a,3
2025-09-03 15:50:39.726487,1308,3,POINT (79.41306559327309 73.66348737747767),0.0198957998462594,79.41306559327309,73.66348737747767,False,n/a,3
2025-09-03 15:50:40.726487,1309,3,POINT (79.43138216062373 73.67093899690833),0.0197743083734923,79.43138216062373,73.67093899690833,False,n/a,3
2025-09-03 15:50:41.726487,1310,3,POINT (79.44957947408203 73.67839657964466),0.0196661576666307,79.44957947408203,73.67839657964466,False,n/a,3
2025-09-03 15:50:42.726487,1311,3,POINT (79.46779669058996 73.685948485299),0.0197205034496843,79.46779669058996,73.685948485299,False,n/a,3
2025-09-03 15:50:43.726487,1312,3,POINT (79.48601239435624 73.69358949950397),0.0197534038024159,79.48601239435624,73.69358949950397,False,n/a,3
2025-09-03 15:50:44.726487,1313,3,POINT (79.50418928197857 73.70129991162027),0.0197446118887659,79.50418928197857,73.70129991162027,False,n/a,3
2025-09-03 15:50:45.726487,1314,3,POINT (79.52232259953246 73.70905981795526),0.0197239284078531,79.52232259953246,73.70905981795526,False,n/a,3
2025-09-03 15:50:46.726487,1315,3,POINT (79.54033659534352 73.71681145060614),0.0196110135851026,79.54033659534352,73.71681145060614,False,n/a,3
2025-09-03 15:50:47.726487,1316,3,POINT (79.55833221225618 73.72460911130291),0.0196123874224685,79.55833221225618,73.72460911130291,False,n/a,3
2025-09-03 15:50:48.726487,1317,3,POINT (79.5762952070997 73.73245441669263),0.0196014795463673,79.5762952070997,73.73245441669263,False,n/a,3
2025-09-03 15:50:49.726487,1318,3,POINT (79.59420159625722 73.74034955557906),0.0195696701734184,79.59420159625722,73.74034955557906,False,n/a,3
2025-09-03 15:50:50.726487,1319,3,POINT (79.61204193348428 73.74822791750266),0.0195024669971355,79.61204193348428,73.74822791750266,False,n/a,3
2025-09-03 15:50:51.726487,1320,3,POINT (79.62990024338183 73.75619806037352),0.0195561348374055,79.62990024338183,73.75619806037352,False,n/a,3
2025-09-03 15:50:52.726487,1321,3,POINT (79.64767372922987 73.76415895856636),0.0194749248837351,79.64767372922987,73.76415895856636,False,n/a,3
2025-09-03 15:50:53.726487,1322,3,POINT (79.66544689422328 73.77222682101325),0.0195186013419282,79.66544689422328,73.77222682101325,False,n/a,3
2025-09-03 15:50:54.726487,1323,3,POINT (79.68312645497606 73.78028830332447),0.0194307582318711,79.68312645497606,73.78028830332447,False,n/a,3
2025-09-03 15:50:55.726487,1324,3,POINT (79.70087292056337 73.78846603619472),0.0195400193382376,79.70087292056337,73.78846603619472,False,n/a,3
2025-09-03 15:50:56.726487,1325,3,POINT (79.71861657636505 73.79671134743127),0.0195658498051093,79.71861657636505,73.79671134743127,False,n/a,3
2025-09-03 15:50:57.726487,1326,3,POINT (79.73623888134193 73.80492249571654),0.0194414142711103,79.73623888134193,73.80492249571654,False,n/a,3
2025-09-03 15:50:58.726487,1327,3,POINT (79.75394240055027 73.81325168910202),0.0195650212065496,79.75394240055027,73.81325168910202,False,n/a,3
2025-09-03 15:50:59.726487,1328,3,POINT (79.77157600532618 73.82158285219447),0.0195026227945364,79.77157600532618,73.82158285219447,False,n/a,3
2025-09-03 15:51:00.726487,1329,3,POINT (79.78918463431933 73.82994703225852),0.0194941869069232,79.78918463431933,73.82994703225852,False,n/a,3
2025-09-03 15:51:01.726487,1330,3,POINT (79.80680542839923 73.83836505855696),0.0195283268809089,79.80680542839923,73.83836505855696,False,n/a,3
2025-09-03 15:51:02.726487,1331,3,POINT (79.82448929545464 73.846871128884),0.0196232613609984,79.82448929545464,73.846871128884,False,n/a,3
2025-09-03 15:51:03.726487,1332,3,POINT (79.84208705802247 73.85538908163024),0.0195508763583835,79.84208705802247,73.85538908163024,False,n/a,3
2025-09-03 15:51:04.726487,1333,3,POINT (79.85957854567104 73.86392820463647),0.0194645514172715,79.85957854567104,73.86392820463647,False,n/a,3
2025-09-03 15:51:05.726487,1334,3,POINT (79.877079697148 73.87250005561403),0.0194876097097906,79.877079697148,73.87250005561403,False,n/a,3
2025-09-03 15:51:06.726487,1335,3,POINT (79.89457266884652 73.88111084910089),0.0194974311979437,79.89457266884652,73.88111084910089,False,n/a,3
2025-09-03 15:51:07.726487,1336,3,POINT (79.91206096279366 73.88973353530463),0.019498490776202,79.91206096279366,73.88973353530463,False,n/a,3
2025-09-03 15:51:08.726487,1337,3,POINT (79.92953878194218 73.8984057603312),0.019511064786424,79.92953878194218,73.8984057603312,False,n/a,3
2025-09-03 15:51:09.726487,1338,3,POINT (79.94699550252888 73.90710157771825),0.0195026750388455,79.94699550252888,73.90710157771825,False,n/a,3
2025-09-03 15:51:10.726487,1339,3,POINT (79.96450863854953 73.91588457422883),0.0195921147654532,79.96450863854953,73.91588457422883,False,n/a,3
2025-09-03 15:51:11.726487,1340,3,POINT (79.9820264940133 73.92471292315071),0.0196167021880807,79.9820264940133,73.92471292315071,False,n/a,3
2025-09-03 15:51:12.726487,1341,3,POINT (79.99958844703137 73.93359054970858),0.0196782734788938,79.99958844703137,73.93359054970858,False,n/a,3
2025-09-03 15:51:13.726487,1342,3,POINT (80.01710753302625 73.94247917281972),0.0196449992340968,80.01710753302625,73.94247917281972,False,n/a,3
2025-09-03 15:51:14.726487,1343,3,POINT (80.03449158291984 73.95129810776476),0.0194930450229764,80.03449158291984,73.95129810776476,False,n/a,3
2025-09-03 15:51:15.726487,1344,3,POINT (80.0518387079666 73.96014086132853),0.0194709280204432,80.0518387079666,73.96014086132853,False,n/a,3
2025-09-03 15:51:16.726487,1345,3,POINT (80.06918977020932 73.96904229923102),0.0195011527270277,80.06918977020932,73.96904229923102,False,n/a,3
2025-09-03 15:51:17.726487,1346,3,POINT (80.08654931896707 73.97798770753879),0.0195288059764407,80.08654931896707,73.97798770753879,False,n/a,3
2025-09-03 15:51:18.726487,1347,3,POINT (80.10396851668864 73.98700301588694),0.0196138786035626,80.10396851668864,73.98700301588694,False,n/a,3
2025-09-03 15:51:19.726487,1348,3,POINT (80.12130756963764 73.99600658649786),0.0195373243028281,80.12130756963764,73.99600658649786,False,n/a,3
2025-09-03 15:51:20.726487,1349,3,POINT (80.13858930985585 74.00500356285286),0.0194834321540693,80.13858930985585,74.00500356285286,False,n/a,3
2025-09-03 15:51:21.726487,1350,3,POINT (80.15583422446785 74.01400880629447),0.0194546007262554,80.15583422446785,74.01400880629447,False,n/a,3
2025-09-03 15:51:22.726487,1351,3,POINT (80.1730465671368 74.02304660570314),0.0194408476745349,80.1730465671368,74.02304660570314,False,n/a,3
2025-09-03 15:51:23.726487,1352,3,POINT (80.19032711740897 74.03214387266344),0.0195288935645645,80.19032711740897,74.03214387266344,False,n/a,3
2025-09-03 15:51:24.726487,1353,3,POINT (80.20760282749107 74.04129512724815),0.0195498240226099,80.20760282749107,74.04129512724815,False,n/a,3
2025-09-03 15:51:25.726487,1354,3,POINT (80.22483896907303 74.05045499406339),0.0195189071596313,80.22483896907303,74.05045499406339,False,n/a,3
2025-09-03 15:51:26.726487,1355,3,POINT (80.24208833150259 74.0596630131544),0.0195532125188328,80.24208833150259,74.0596630131544,False,n/a,3
2025-09-03 15:51:27.726487,1356,3,POINT (80.25927711832149 74.06887289821174),0.0195006762722486,80.25927711832149,74.06887289821174,False,n/a,3
2025-09-03 15:51:28.726487,1357,3,POINT (80.27641332210948 74.07808656910682),0.0194561355779137,80.27641332210948,74.07808656910682,False,n/a,3
2025-09-03 15:51:29.726487,1358,3,POINT (80.2936293906015 74.08737373054572),0.0195612980631186,80.2936293906015,74.08737373054572,False,n/a,3
2025-09-03 15:51:30.726487,1359,3,POINT (80.31088614966232 74.09671766383617),0.0196240878162501,80.31088614966232,74.09671766383617,False,n/a,3
2025-09-03 15:51:31.726487,1360,3,POINT (80.32811652807416 74.10606629468174),0.0196031333949907,80.32811652807416,74.10606629468174,False,n/a,3
2025-09-03 15:51:32.726487,1361,3,POINT (80.34535011843012 74.11544303408046),0.0196193750743596,80.34535011843012,74.11544303408046,False,n/a,3
2025-09-03 15:51:33.726487,1362,3,POINT (80.3626190225148 74.12485850117619),0.0196689112285609,80.3626190225148,74.12485850117619,False,n/a,3
2025-09-03 15:51:34.726487,1363,3,POINT (80.37983309827204 74.13428400397744),0.0196256084550847,80.37983309827204,74.13428400397744,False,n/a,3
2025-09-03 15:51:35.726487,1364,3,POINT (80.39706341735315 74.14375859108638),0.0196634609497332,80.39706341735315,74.14375859108638,False,n/a,3
2025-09-03 15:51:36.726487,1365,3,POINT (80.41434410824073 74.15327754096829),0.0197289808253282,80.41434410824073,74.15327754096829,False,n/a,3
2025-09-03 15:51:37.726487,1366,3,POINT (80.43164742382586 74.16282377703062),0.019761967341252,80.43164742382586,74.16282377703062,False,n/a,3
2025-09-03 15:51:38.726487,1367,3,POINT (80.4489721927175 74.17242485160278),0.0198072777051499,80.4489721927175,74.17242485160278,False,n/a,3
2025-09-03 15:51:39.726487,1368,3,POINT (80.46624359000162 74.18199835823157),0.0197472325483152,80.46624359000162,74.18199835823157,False,n/a,3
2025-09-03 15:51:40.726487,1369,3,POINT (80.48346770633522 74.19159056784312),0.0197149858915794,80.48346770633522,74.19159056784312,False,n/a,3
2025-09-03 15:51:41.726487,1370,3,POINT (80.50074541531633 74.20122525171168),0.0197824761059628,80.50074541531633,74.20122525171168,False,n/a,3
2025-09-03 15:51:42.726487,1371,3,POINT (80.5180565823869 74.2108682052612),0.0198157275542361,80.5180565823869,74.2108682052612,False,n/a,3
2025-09-03 15:51:43.726487,1372,3,POINT (80.53547609698587 74.22058935255977),0.0199484383765771,80.53547609698587,74.22058935255977,False,n/a,3
2025-09-03 15:51:44.726487,1373,3,POINT (80.5529827074463 74.23038066708502),0.0200586951207076,80.5529827074463,74.23038066708502,False,n/a,3
2025-09-03 15:51:45.726487,1374,3,POINT (80.57051563761937 74.2401946052216),0.0200927106733319,80.57051563761937,74.2401946052216,False,n/a,3
2025-09-03 15:51:46.726487,1375,3,POINT (80.58799277582224 74.24999010995774),0.0200350261491741,80.58799277582224,74.24999010995774,False,n/a,3
2025-09-03 15:51:47.726487,1376,3,POINT (80.60554923620398 74.25987208543211),0.0201465317216564,80.60554923620398,74.25987208543211,False,n/a,3
2025-09-03 15:51:48.726487,1377,3,POINT (80.62317078142365 74.26982093016078),0.0202360660051302,80.62317078142365,74.26982093016078,False,n/a,3
2025-09-03 15:51:49.726487,1378,3,POINT (80.6409132698676 74.2798287596727),0.020370384083839,80.6409132698676,74.2798287596727,False,n/a,3
2025-09-03 15:51:50.726487,1379,3,POINT (80.65865385947627 74.28985405838559),0.0203773191059621,80.65865385947627,74.28985405838559,False,n/a,3
2025-09-03 15:51:51.726487,1380,3,POINT (80.67634780675773 74.29988032987873),0.0203372045879784,80.67634780675773,74.29988032987873,False,n/a,3
2025-09-03 15:51:52.726487,1381,3,POINT (80.69402497499182 74.30992814396578),0.0203332448149339,80.69402497499182,74.30992814396578,False,n/a,3
2025-09-03 15:51:53.726487,1382,3,POINT (80.7116948548587 74.31999125470357),0.0203344744763963,80.7116948548587,74.31999125470357,False,n/a,3
2025-09-03 15:51:54.726487,1383,3,POINT (80.72937029172721 74.33010536126517),0.0203645824909769,80.72937029172721,74.33010536126517,False,n/a,3
2025-09-03 15:51:55.726487,1384,3,POINT (80.74715977586531 74.3402792681159),0.020493270273615,80.74715977586531,74.3402792681159,False,n/a,3
2025-09-03 15:51:56.726487,1385,3,POINT (80.76500941131383 74.3505490917316),0.0205931727216119,80.76500941131383,74.3505490917316,False,n/a,3
2025-09-03 15:51:57.726487,1386,3,POINT (80.78286245220599 74.36083306012591),0.0206031811872,80.78286245220599,74.36083306012591,False,n/a,3
2025-09-03 15:51:58.726487,1387,3,POINT (80.8006175453455 74.37107089317459),0.0204952813575558,80.8006175453455,74.37107089317459,False,n/a,3
2025-09-03 15:51:59.726487,1388,3,POINT (80.8183631435975 74.38134586635252),0.0205056414463979,80.8183631435975,74.38134586635252,False,n/a,3
2025-09-03 15:52:00.726487,1389,3,POINT (80.83614466724632 74.3916823448752),0.0205675805948002,80.83614466724632,74.3916823448752,False,n/a,3
2025-09-03 15:52:01.726487,1390,3,POINT (80.85392691002855 74.40201331764302),0.0205654359714459,80.85392691002855,74.40201331764302,False,n/a,3
2025-09-03 15:52:02.726487,1391,3,POINT (80.87172222010942 74.41235207918223),0.0205806474883281,80.87172222010942,74.41235207918223,False,n/a,3
2025-09-03 15:52:03.726487,1392,3,POINT (80.88952801694101 74.42271921174112),0.0206039762740547,80.88952801694101,74.42271921174112,False,n/a,3
2025-09-03 15:52:04.726487,1393,3,POINT (80.90730935064097 74.43309280453238),0.0205860937418444,80.90730935064097,74.43309280453238,False,n/a,3
2025-09-03 15:52:05.726487,1394,3,POINT (80.92500736643109 74.44343737365466),0.0204995090973636,80.92500736643109,74.44343737365466,False,n/a,3
2025-09-03 15:52:06.726487,1395,3,POINT (80.94263811394262 74.45375678430685),0.0204287418610121,80.94263811394262,74.45375678430685,False,n/a,3
2025-09-03 15:52:07.726487,1396,3,POINT (80.96020134915736 74.46405190025925),0.0203582082630472,80.96020134915736,74.46405190025925,False,n/a,3
2025-09-03 15:52:08.726487,1397,3,POINT (80.97782426729461 74.47440731182466),0.0204402003992446,80.97782426729461,74.47440731182466,False,n/a,3
2025-09-03 15:52:09.726487,1398,3,POINT (80.99542999871262 74.48472427690479),0.0204059194163791,80.99542999871262,74.48472427690479,False,n/a,3
2025-09-03 15:52:10.726487,1399,3,POINT (81.01307617597713 74.49509514073156),0.0204680821906717,81.01307617597713,74.49509514073156,False,n/a,3
2025-09-03 15:52:11.726487,1400,3,POINT (81.03062340030623 74.5054452828394),0.0203722979388179,81.03062340030623,74.5054452828394,False,n/a,3
2025-09-03 15:52:12.726487,1401,3,POINT (81.04820958252733 74.51582017664664),0.0204184286032379,81.04820958252733,74.51582017664664,False,n/a,3
2025-09-03 15:52:13.726487,1402,3,POINT (81.06574476222667 74.52618153894677),0.0203676300978441,81.06574476222667,74.52618153894677,False,n/a,3
2025-09-03 15:52:14.726487,1403,3,POINT (81.0833574548246 74.5365996431007),0.0204632312871398,81.0833574548246,74.5365996431007,False,n/a,3
2025-09-03 15:52:15.726487,1404,3,POINT (81.10093793437929 74.54698437731582),0.0204185201738959,81.10093793437929,74.54698437731582,False,n/a,3
2025-09-03 15:52:16.726487,1405,3,POINT (81.11853850307023 74.5573720982045),0.0204373374857242,81.11853850307023,74.5573720982045,False,n/a,3
2025-09-03 15:52:17.726487,1406,3,POINT (81.13618814954435 74.56780451650317),0.0205023260197523,81.13618814954435,74.56780451650317,False,n/a,3
2025-09-03 15:52:18.726487,1407,3,POINT (81.15382719653007 74.57825340911407),0.0205015934833979,81.15382719653007,74.57825340911407,False,n/a,3
2025-09-03 15:52:19.726487,1408,3,POINT (81.17149746026314 74.58873487512433),0.0205450565859623,81.17149746026314,74.58873487512433,False,n/a,3
2025-09-03 15:52:20.726487,1409,3,POINT (81.18920558895535 74.59925199802659),0.0205958174375507,81.18920558895535,74.59925199802659,False,n/a,3
2025-09-03 15:52:21.726487,1410,3,POINT (81.20695579486271 74.60981083266294),0.0206532999453272,81.20695579486271,74.60981083266294,False,n/a,3
2025-09-03 15:52:22.726487,1411,3,POINT (81.22474044078434 74.62039586138971),0.0206962910615513,81.22474044078434,74.62039586138971,False,n/a,3
2025-09-03 15:52:23.726487,1412,3,POINT (81.24257877541152 74.63101350609854),0.0207591079151753,81.24257877541152,74.63101350609854,False,n/a,3
2025-09-03 15:52:24.726487,1413,3,POINT (81.26045404966797 74.6416549340867),0.0208030146702511,81.26045404966797,74.6416549340867,False,n/a,3
2025-09-03 15:52:25.726487,1414,3,POINT (81.2782327528316 74.65225809614871),0.0207004669486872,81.2782327528316,74.65225809614871,False,n/a,3
2025-09-03 15:52:26.726487,1415,3,POINT (81.29601762322237 74.66286925687893),0.0207098611018777,81.29601762322237,74.66286925687893,False,n/a,3
2025-09-03 15:52:27.726487,1416,3,POINT (81.3138904038878 74.67353736097672),0.0208145317928546,81.3138904038878,74.67353736097672,False,n/a,3
2025-09-03 15:52:28.726487,1417,3,POINT (81.33174592854036 74.68418831767225),0.0207909268467812,81.33174592854036,74.68418831767225,False,n/a,3
2025-09-03 15:52:29.726487,1418,3,POINT (81.34968844061834 74.69488254407575),0.0208878006989197,81.34968844061834,74.69488254407575,False,n/a,3
2025-09-03 15:52:30.726487,1419,3,POINT (81.367598554276 74.70556551770791),0.0208542105306287,81.367598554276,74.70556551770791,False,n/a,3
2025-09-03 15:52:31.726487,1420,3,POINT (81.38556559191558 74.71628111826568),0.0209198120654992,81.38556559191558,74.71628111826568,False,n/a,3
2025-09-03 15:52:32.726487,1421,3,POINT (81.40357918615435 74.72702412787996),0.0209738368681387,81.40357918615435,74.72702412787996,False,n/a,3
2025-09-03 15:52:33.726487,1422,3,POINT (81.42160349920455 74.73779348780535),0.0209965467192678,81.42160349920455,74.73779348780535,False,n/a,3
2025-09-03 15:52:34.726487,1423,3,POINT (81.44052400080925 74.74722902606216),0.021142723645951,81.44052400080925,74.74722902606216,False,n/a,3
2025-09-03 15:52:35.726487,1424,3,POINT (81.46042428185318 74.75536391052228),0.0214987797515797,81.46042428185318,74.75536391052228,False,n/a,3
2025-09-03 15:52:36.726487,1425,3,POINT (81.48120306512172 74.76211348326872),0.0218475299835125,81.48120306512172,74.76211348326872,False,n/a,3
2025-09-03 15:52:37.726487,1426,3,POINT (81.50279957304302 74.76741942519435),0.0222387538795003,81.50279957304302,74.76741942519435,False,n/a,3
2025-09-03 15:52:38.726487,1427,3,POINT (81.52511123038872 74.77119822823593),0.0226293925225324,81.52511123038872,74.77119822823593,False,n/a,3
2025-09-03 15:52:39.726487,1428,3,POINT (81.54825160399305 74.7735021775583),0.0232547860241334,81.54825160399305,74.7735021775583,False,n/a,3
2025-09-03 15:52:40.726487,1429,3,POINT (81.57229844043219 74.77435975334662),0.0240621233261629,81.57229844043219,74.77435975334662,False,n/a,3
2025-09-03 15:52:41.726487,1430,3,POINT (81.59718286086284 74.77370912428407),0.0248929246643798,81.59718286086284,74.77370912428407,False,n/a,3
2025-09-03 15:52:42.726487,1431,3,POINT (81.62289113926842 74.77152289686725),0.025801069142509,81.62289113926842,74.77152289686725,False,n/a,3
2025-09-03 15:52:43.726487,1432,3,POINT (81.64946600151599 74.76780696721897),0.0268334015105865,81.64946600151599,74.76780696721897,False,n/a,3
2025-09-03 15:52:44.726487,1433,3,POINT (81.67679137643327 74.7624745802891),0.0278408057487565,81.67679137643327,74.7624745802891,False,n/a,3
2025-09-03 15:52:45.726487,1434,3,POINT (81.70503720660659 74.75560325554765),0.0290696065656601,81.70503720660659,74.75560325554765,False,n/a,3
2025-09-03 15:52:46.726487,1435,3,POINT (81.73396782647235 74.74706777788577),0.0301634736848002,81.73396782647235,74.74706777788577,False,n/a,3
2025-09-03 15:52:47.726487,1436,3,POINT (81.76357447132034 74.73684215585915),0.0313227834808188,81.76357447132034,74.73684215585915,False,n/a,3
2025-09-03 15:52:48.726487,1437,3,POINT (81.79386153418962 74.72496167010533),0.0325338611141422,81.79386153418962,74.72496167010533,False,n/a,3
2025-09-03 15:52:49.726487,1438,3,POINT (81.82468764017126 74.71134515385354),0.0336995300386644,81.82468764017126,74.71134515385354,False,n/a,3
2025-09-03 15:52:50.726487,1439,3,POINT (81.85516372158526 74.69783468306338),0.0333365319030687,81.85516372158526,74.69783468306338,False,n/a,3
2025-09-03 15:52:51.726487,1440,3,POINT (81.88520201874897 74.68436999312853),0.0329180371762533,81.88520201874897,74.68436999312853,False,n/a,3
2025-09-03 15:52:52.726487,1441,3,POINT (81.91499804060858 74.67105044694398),0.0326376045263843,81.91499804060858,74.67105044694398,False,n/a,3
2025-09-03 15:52:53.726487,1442,3,POINT (81.9445217612227 74.65786189596005),0.0323355525073622,81.9445217612227,74.65786189596005,False,n/a,3
2025-09-03 15:52:54.726487,1443,3,POINT (81.97375513510433 74.6447892739817),0.0320231727642924,81.97375513510433,74.6447892739817,False,n/a,3
2025-09-03 15:52:55.726487,1444,3,POINT (82.0027332613174 74.63185296977223),0.0317345200912357,82.0027332613174,74.63185296977223,False,n/a,3
2025-09-03 15:52:56.726487,1445,3,POINT (82.03139264591779 74.61900362313847),0.0314080568419541,82.03139264591779,74.61900362313847,False,n/a,3
2025-09-03 15:52:57.726487,1446,3,POINT (82.05975653440797 74.60623365901823),0.031105982606491,82.05975653440797,74.60623365901823,False,n/a,3
2025-09-03 15:52:58.726487,1447,3,POINT (82.08789949668994 74.59360091508682),0.0308482178616718,82.08789949668994,74.59360091508682,False,n/a,3
2025-09-03 15:52:59.726487,1448,3,POINT (82.1157013532623 74.58103468665739),0.0305098889839084,82.1157013532623,74.58103468665739,False,n/a,3
2025-09-03 15:53:00.726487,1449,3,POINT (82.14332284746664 74.56858725945614),0.0302966233433832,82.14332284746664,74.56858725945614,False,n/a,3
2025-09-03 15:53:01.726487,1450,3,POINT (82.17066479857931 74.55627131418112),0.029987744140985,82.17066479857931,74.55627131418112,False,n/a,3
2025-09-03 15:53:02.726487,1451,3,POINT (82.19778279987959 74.5440737081385),0.029734955653119,82.19778279987959,74.5440737081385,False,n/a,3
2025-09-03 15:53:03.726487,1452,3,POINT (82.22466637849055 74.53199963265439),0.0294704953763553,82.22466637849055,74.53199963265439,False,n/a,3
2025-09-03 15:53:04.726487,1453,3,POINT (82.25101123913008 74.5210343564008),0.0285357489026219,82.25101123913008,74.5210343564008,False,n/a,3
2025-09-03 15:53:05.726487,1454,3,POINT (82.27695720392003 74.51120628850026),0.0277449816640639,82.27695720392003,74.51120628850026,False,n/a,3
2025-09-03 15:53:06.726487,1455,3,POINT (82.30248630451604 74.50248050952929),0.0269791437204939,82.30248630451604,74.50248050952929,False,n/a,3
2025-09-03 15:53:07.726487,1456,3,POINT (82.3276770629754 74.49487633400047),0.0263134527804883,82.3276770629754,74.49487633400047,False,n/a,3
2025-09-03 15:53:08.726487,1457,3,POINT (82.35249201297341 74.48838797799414),0.0256491814112841,82.35249201297341,74.48838797799414,False,n/a,3
2025-09-03 15:53:09.726487,1458,3,POINT (82.37695639578114 74.48302783584329),0.0250447030335767,82.37695639578114,74.48302783584329,False,n/a,3
2025-09-03 15:53:10.726487,1459,3,POINT (82.40110951737374 74.4787815639765),0.0245235419022994,82.40110951737374,74.4787815639765,False,n/a,3
2025-09-03 15:53:11.726487,1460,3,POINT (82.42499497315083 74.475630875488),0.0240923605242604,82.42499497315083,74.475630875488,False,n/a,3
2025-09-03 15:53:12.726487,1461,3,POINT (82.44863553082413 74.47357405493976),0.0237298646829774,82.44863553082413,74.47357405493976,False,n/a,3
2025-09-03 15:53:13.726487,1462,3,POINT (82.47208064888785 74.47262817708581),0.0234641907155635,82.47208064888785,74.47262817708581,False,n/a,3
2025-09-03 15:53:14.726487,1463,3,POINT (82.49520410115271 74.47272962508629),0.0231236748018524,82.49520410115271,74.47272962508629,False,n/a,3
2025-09-03 15:53:15.726487,1464,3,POINT (82.51809422872171 74.47387142893572),0.0229185875689503,82.51809422872171,74.47387142893572,False,n/a,3
2025-09-03 15:53:16.726487,1465,3,POINT (82.54062425775676 74.47603507489373),0.0226336822490715,82.54062425775676,74.47603507489373,False,n/a,3
2025-09-03 15:53:17.726487,1466,3,POINT (82.56290499001231 74.47927936356207),0.0225156931673698,82.56290499001231,74.47927936356207,False,n/a,3
2025-09-03 15:53:18.726487,1467,3,POINT (82.58495843745021 74.48354855733857),0.0224628706846962,82.58495843745021,74.48354855733857,False,n/a,3
2025-09-03 15:53:19.726487,1468,3,POINT (82.60683057253263 74.48886635633738),0.0225093153884202,82.60683057253263,74.48886635633738,False,n/a,3
2025-09-03 15:53:20.726487,1469,3,POINT (82.62847135687734 74.49520341449809),0.0225495421946108,82.62847135687734,74.49520341449809,False,n/a,3
2025-09-03 15:53:21.726487,1470,3,POINT (82.6498788578585 74.50254447393696),0.0226312229440481,82.6498788578585,74.50254447393696,False,n/a,3
2025-09-03 15:53:22.726487,1471,3,POINT (82.67106066660556 74.51086671862633),0.0227580486524368,82.67106066660556,74.51086671862633,False,n/a,3
2025-09-03 15:53:23.726487,1472,3,POINT (82.69192389763931 74.52014131113958),0.0228318303132883,82.69192389763931,74.52014131113958,False,n/a,3
2025-09-03 15:53:24.726487,1473,3,POINT (82.71264455340884 74.53042803740182),0.0231335754416229,82.71264455340884,74.53042803740182,False,n/a,3
2025-09-03 15:53:25.726487,1474,3,POINT (82.73312090570043 74.54168628550582),0.0233672667109512,82.73312090570043,74.54168628550582,False,n/a,3
2025-09-03 15:53:26.726487,1475,3,POINT (82.75334059601921 74.55393368489268),0.0236396841842029,82.75334059601921,74.55393368489268,False,n/a,3
2025-09-03 15:53:27.726487,1476,3,POINT (82.77328159826949 74.56713740667492),0.0239161418219616,82.77328159826949,74.56713740667492,False,n/a,3
2025-09-03 15:53:28.726487,1477,3,POINT (82.79294803420257 74.58129117018959),0.0242300995445535,82.79294803420257,74.58129117018959,False,n/a,3
2025-09-03 15:53:29.726487,1478,3,POINT (82.81227821478359 74.59634626500531),0.0245012604003406,82.81227821478359,74.59634626500531,False,n/a,3
2025-09-03 15:53:30.726487,1479,3,POINT (82.83156179936158 74.61131593535235),0.0244120393346328,82.83156179936158,74.61131593535235,False,n/a,3
2025-09-03 15:53:31.726487,1480,3,POINT (82.85075118651245 74.62617189389829),0.0242679229342915,82.85075118651245,74.62617189389829,False,n/a,3
2025-09-03 15:53:32.726487,1481,3,POINT (82.86982047588202 74.64089839117325),0.0240937236443404,82.86982047588202,74.64089839117325,False,n/a,3
2025-09-03 15:53:33.726487,1482,3,POINT (82.88886091056465 74.65552602439973),0.0240105353274702,82.88886091056465,74.65552602439973,False,n/a,3
2025-09-03 15:53:34.726487,1483,3,POINT (82.90787538801109 74.67008640211053),0.0239490073206056,82.90787538801109,74.67008640211053,False,n/a,3
2025-09-03 15:53:35.726487,1484,3,POINT (82.92683450413101 74.68455745467743),0.0238507745459673,82.92683450413101,74.68455745467743,False,n/a,3
2025-09-03 15:53:36.726487,1485,3,POINT (82.94572946386923 74.69893824561532),0.0237450342494653,82.94572946386923,74.69893824561532,False,n/a,3
2025-09-03 15:53:37.726487,1486,3,POINT (82.96472889619025 74.71327120391729),0.0237994143248738,82.96472889619025,74.71327120391729,False,n/a,3
2025-09-03 15:53:38.726487,1487,3,POINT (82.98365922832906 74.7275079305868),0.0236863222376944,82.98365922832906,74.7275079305868,False,n/a,3
2025-09-03 15:53:39.726487,1488,3,POINT (83.00299922351532 74.74068666318769),0.0234032990574036,83.00299922351532,74.74068666318769,False,n/a,3
2025-09-03 15:53:40.726487,1489,3,POINT (83.0226713506417 74.7528095691446),0.0231075190039261,83.0226713506417,74.7528095691446,False,n/a,3
2025-09-03 15:53:41.726487,1490,3,POINT (83.04266093133079 74.76388069723191),0.022850672052503,83.04266093133079,74.76388069723191,False,n/a,3
2025-09-03 15:53:42.726487,1491,3,POINT (83.06288974020777 74.77390306617833),0.0225754864372746,83.06288974020777,74.77390306617833,False,n/a,3
2025-09-03 15:53:43.726487,1492,3,POINT (83.08335107470768 74.78284750439906),0.0223309020104802,83.08335107470768,74.78284750439906,False,n/a,3
2025-09-03 15:53:44.726487,1493,3,POINT (83.1041176366778 74.79077215843294),0.0222272408907544,83.1041176366778,74.79077215843294,False,n/a,3
2025-09-03 15:53:45.726487,1494,3,POINT (83.12513521108937 74.79766406368415),0.022118697794799,83.12513521108937,74.79766406368415,False,n/a,3
2025-09-03 15:53:46.726487,1495,3,POINT (83.14623297990866 74.80457340149903),0.0222003332901152,83.14623297990866,74.80457340149903,False,n/a,3
2025-09-03 15:53:47.726487,1496,3,POINT (83.16744842425427 74.81152745297065),0.0223260813993824,83.16744842425427,74.81152745297065,False,n/a,3
2025-09-03 15:53:48.726487,1497,3,POINT (83.18873350856046 74.81851141021478),0.0224015729963163,83.18873350856046,74.81851141021478,False,n/a,3
2025-09-03 15:53:49.726487,1498,3,POINT (83.21008663888655 74.82552880225428),0.022476653793638,83.21008663888655,74.82552880225428,False,n/a,3
2025-09-03 15:53:50.726487,1499,3,POINT (83.23155541476473 74.8325835617288),0.0225981850808999,83.23155541476473,74.8325835617288,False,n/a,3
2025-09-03 15:53:51.726487,1500,3,POINT (83.25297686095563 74.83962317315252),0.0225484918765443,83.25297686095563,74.83962317315252,False,n/a,3
