t,Step,AgentID,geometry,speed,x,y
2025-09-04 09:42:25.118133,0,0,POINT (-4.589747231778054 48.28432352295695),5.888168977219241e-07,-4.589747231778054,48.28432352295695
2025-09-04 09:42:26.118133,1,0,POINT (-4.5897477638863995 48.28432377508003),5.888168977219241e-07,-4.5897477638863995,48.28432377508003
2025-09-04 09:42:27.118133,2,0,POINT (-4.589748812534493 48.28432428884339),1.1677395322797137e-06,-4.589748812534493,48.28432428884339
2025-09-04 09:42:28.118133,3,0,POINT (-4.58975035224953 48.284325079934796),1.7310540148996232e-06,-4.58975035224953,48.284325079934796
2025-09-04 09:42:29.118133,4,0,POINT (-4.589752376203362 48.28432615284132),2.2907460604662287e-06,-4.589752376203362,48.28432615284132
2025-09-04 09:42:30.118133,5,0,POINT (-4.589754939313559 48.28432747399183),2.8835694132405016e-06,-4.589754939313559,48.28432747399183
2025-09-04 09:42:31.118133,6,0,POINT (-4.589758017088008 48.284329058834814),3.4618525164915247e-06,-4.589758017088008,48.284329058834814
2025-09-04 09:42:32.118133,7,0,POINT (-4.589761587601103 48.2843309217042),4.027262857490058e-06,-4.589761587601103,48.2843309217042
2025-09-04 09:42:33.118133,8,0,POINT (-4.589765689581611 48.28433303885024),4.616118655257134e-06,-4.589765689581611,48.28433303885024
2025-09-04 09:42:34.118133,9,0,POINT (-4.589770342613345 48.284335398230986),5.217028063424523e-06,-4.589770342613345,48.284335398230986
2025-09-04 09:42:35.118133,10,0,POINT (-4.589775553238531 48.28433799601893),5.822294823102098e-06,-4.589775553238531,48.28433799601893
2025-09-04 09:42:36.118133,11,0,POINT (-4.58978132147267 48.28434083273255),6.428022190738168e-06,-4.58978132147267,48.28434083273255
2025-09-04 09:42:37.118133,12,0,POINT (-4.589787686588564 48.2843438824627),7.0580134818724966e-06,-4.589787686588564,48.2843438824627
2025-09-04 09:42:38.118133,13,0,POINT (-4.589794635612744 48.28434715423303),7.680717294670322e-06,-4.589794635612744,48.28434715423303
2025-09-04 09:42:39.118133,14,0,POINT (-4.5898021855362945 48.284350636466854),8.314282771735459e-06,-4.5898021855362945,48.284350636466854
2025-09-04 09:42:40.118133,15,0,POINT (-4.5898103267424775 48.284354312917024),8.932834038914428e-06,-4.5898103267424775,48.284354312917024
2025-09-04 09:42:41.118133,16,0,POINT (-4.589817981371048 48.284357737471396),8.385756447130863e-06,-4.589817981371048,48.284357737471396
2025-09-04 09:42:42.118133,17,0,POINT (-4.589825144021253 48.28436092201482),7.83867812719823e-06,-4.589825144021253,48.28436092201482
2025-09-04 09:42:43.118133,18,0,POINT (-4.5898317809900275 48.284363898354876),7.273785441202532e-06,-4.5898317809900275,48.284363898354876
2025-09-04 09:42:44.118133,19,0,POINT (-4.589837912988343 48.284366675418966),6.731529417463436e-06,-4.589837912988343,48.284366675418966
2025-09-04 09:42:45.118133,20,0,POINT (-4.589843538780683 48.284369253318005),6.18830371858874e-06,-4.589843538780683,48.284369253318005
2025-09-04 09:42:46.118133,21,0,POINT (-4.589848669282992 48.2843716470211),5.661436960804562e-06,-4.589848669282992,48.2843716470211
2025-09-04 09:42:47.118133,22,0,POINT (-4.589853297392058 48.28437387474792),5.136356715130219e-06,-4.589853297392058,48.28437387474792
2025-09-04 09:42:48.118133,23,0,POINT (-4.589857426222391 48.28437594149126),4.617214307070941e-06,-4.589857426222391,48.28437594149126
2025-09-04 09:42:49.118133,24,0,POINT (-4.589861054853595 48.284377858586076),4.103927014669909e-06,-4.589861054853595,48.284377858586076
2025-09-04 09:42:50.118133,25,0,POINT (-4.589864204074633 48.28437962290251),3.609765315657605e-06,-4.589864204074633,48.28437962290251
2025-09-04 09:42:51.118133,26,0,POINT (-4.589866879820986 48.284381235704686),3.1242198051864834e-06,-4.589866879820986,48.284381235704686
2025-09-04 09:42:52.118133,27,0,POINT (-4.589869112824887 48.28438268844007),2.663971943811252e-06,-4.589869112824887,48.28438268844007
2025-09-04 09:42:53.118133,28,0,POINT (-4.58987088978568 48.28438401177765),2.2155838970221397e-06,-4.58987088978568,48.28438401177765
2025-09-04 09:42:54.118133,29,0,POINT (-4.589872182559297 48.284385221096855),1.7702306551861426e-06,-4.589872182559297,48.284385221096855
2025-09-04 09:42:55.118133,30,0,POINT (-4.58987299332119 48.284386326556735),1.3709034954709481e-06,-4.58987299332119,48.284386326556735
2025-09-04 09:42:56.118133,31,0,POINT (-4.589873361523723 48.28438731095864),1.0510091438659199e-06,-4.589873361523723,48.28438731095864
2025-09-04 09:42:57.118133,32,0,POINT (-4.589874074486999 48.28438845102394),1.3446432698096904e-06,-4.589874074486999,48.28438845102394
2025-09-04 09:42:58.118133,33,0,POINT (-4.589875172327957 48.28438970912989),1.6697560729194856e-06,-4.589875172327957,48.28438970912989
2025-09-04 09:42:59.118133,34,0,POINT (-4.589876602433466 48.284391100109694),1.9950003964239227e-06,-4.589876602433466,48.284391100109694
2025-09-04 09:43:00.118133,35,0,POINT (-4.58987839008233 48.28439260819354),2.33880425692609e-06,-4.58987839008233,48.28439260819354
2025-09-04 09:43:01.118133,36,0,POINT (-4.589880520374711 48.28439423788662),2.6821717262630406e-06,-4.589880520374711,48.28439423788662
2025-09-04 09:43:02.118133,37,0,POINT (-4.589882967667702 48.284395998944014),3.015056568985412e-06,-4.589882967667702,48.284395998944014
2025-09-04 09:43:03.118133,38,0,POINT (-4.58988575590647 48.284397864824655),3.3549643803632094e-06,-4.58988575590647,48.284397864824655
2025-09-04 09:43:04.118133,39,0,POINT (-4.589888862912987 48.28439984487322),3.684302080464247e-06,-4.589888862912987,48.28439984487322
2025-09-04 09:43:05.118133,40,0,POINT (-4.589892271145153 48.28440195294983),4.007497159736931e-06,-4.589892271145153,48.28440195294983
2025-09-04 09:43:06.118133,41,0,POINT (-4.589896009612509 48.28440415170285),4.337124972825925e-06,-4.589896009612509,48.28440415170285
2025-09-04 09:43:07.118133,42,0,POINT (-4.589900077244371 48.284406443298536),4.668729992580074e-06,-4.589900077244371,48.284406443298536
2025-09-04 09:43:08.118133,43,0,POINT (-4.589904476399167 48.28440881888574),4.999597730560693e-06,-4.589904476399167,48.28440881888574
2025-09-04 09:43:09.118133,44,0,POINT (-4.5899092016242236 48.28441126692651),5.321715462989253e-06,-4.5899092016242236,48.28441126692651
2025-09-04 09:43:10.118133,45,0,POINT (-4.589914249661659 48.28441380402095),5.649737174149808e-06,-4.589914249661659,48.28441380402095
2025-09-04 09:43:11.118133,46,0,POINT (-4.589919598624649 48.284416435323),5.961137102894347e-06,-4.589919598624649,48.284416435323
2025-09-04 09:43:12.118133,47,0,POINT (-4.589925263979381 48.28441913186739),6.274360195303439e-06,-4.589925263979381,48.28441913186739
2025-09-04 09:43:13.118133,48,0,POINT (-4.5899312363924825 48.28442189511076),6.580671105320061e-06,-4.5899312363924825,48.28442189511076
2025-09-04 09:43:14.118133,49,0,POINT (-4.589937503125609 48.28442473549914),6.880388811825797e-06,-4.589937503125609,48.28442473549914
2025-09-04 09:43:15.118133,50,0,POINT (-4.589944089473779 48.284427628337866),7.1936428970761255e-06,-4.589944089473779,48.284427628337866
2025-09-04 09:43:16.118133,51,0,POINT (-4.589950962178982 48.284430596482736),7.486251450198673e-06,-4.589950962178982,48.284430596482736
2025-09-04 09:43:17.118133,52,0,POINT (-4.5899581505682505 48.28443359870965),7.79014163586869e-06,-4.5899581505682505,48.28443359870965
2025-09-04 09:43:18.118133,53,0,POINT (-4.58996563664759 48.284436652251344),8.084893368010549e-06,-4.58996563664759,48.284436652251344
2025-09-04 09:43:19.118133,54,0,POINT (-4.589973435037427 48.2844397308012),8.384053511704502e-06,-4.589973435037427,48.2844397308012
2025-09-04 09:43:20.118133,55,0,POINT (-4.589981539620279 48.284442821704275),8.673980919967923e-06,-4.589981539620279,48.284442821704275
2025-09-04 09:43:21.118133,56,0,POINT (-4.589989935949102 48.28444595885895),8.96326264173268e-06,-4.589989935949102,48.28444595885895
2025-09-04 09:43:22.118133,57,0,POINT (-4.589998616744884 48.28444912422336),9.239899740635953e-06,-4.589998616744884,48.28444912422336
2025-09-04 09:43:23.118133,58,0,POINT (-4.5900076035495685 48.28445229536316),9.529889090732072e-06,-4.5900076035495685,48.28445229536316
2025-09-04 09:43:24.118133,59,0,POINT (-4.590016878595156 48.28445548080781),9.80681029970539e-06,-4.590016878595156,48.28445548080781
2025-09-04 09:43:25.118133,60,0,POINT (-4.590026453646557 48.28445865676518),1.0088028279557856e-05,-4.590026453646557,48.28445865676518
2025-09-04 09:43:26.118133,61,0,POINT (-4.590036329790885 48.28446181546039),1.0368972090066238e-05,-4.590036329790885,48.28446181546039
2025-09-04 09:43:27.118133,62,0,POINT (-4.590046049800221 48.28446488438408),1.0192981610147046e-05,-4.590046049800221,48.28446488438408
2025-09-04 09:43:28.118133,63,0,POINT (-4.590055613686595 48.28446787433429),1.0020365504646129e-05,-4.590055613686595,48.28446787433429
2025-09-04 09:43:29.118133,64,0,POINT (-4.590065039311546 48.284470777039786),9.862459374384138e-06,-4.590065039311546,48.284470777039786
2025-09-04 09:43:30.118133,65,0,POINT (-4.590074318418648 48.284473610171425),9.701982451885876e-06,-4.590074318418648,48.284473610171425
2025-09-04 09:43:31.118133,66,0,POINT (-4.590083461694923 48.28447635243136),9.545652968800253e-06,-4.590083461694923,48.28447635243136
2025-09-04 09:43:32.118133,67,0,POINT (-4.59009246530249 48.28447902206446),9.391053726708631e-06,-4.59009246530249,48.28447902206446
2025-09-04 09:43:33.118133,68,0,POINT (-4.590101315945667 48.28448163741204),9.228972186469436e-06,-4.590101315945667,48.28448163741204
2025-09-04 09:43:34.118133,69,0,POINT (-4.5901100216304505 48.28448419993188),9.07499065998614e-06,-4.5901100216304505,48.28448419993188
2025-09-04 09:43:35.118133,70,0,POINT (-4.590118586287738 48.28448671885924),8.92739320828717e-06,-4.590118586287738,48.28448671885924
2025-09-04 09:43:36.118133,71,0,POINT (-4.590127009260285 48.2844891787577),8.774825751290312e-06,-4.590127009260285,48.2844891787577
2025-09-04 09:43:37.118133,72,0,POINT (-4.590135295999219 48.284491569145885),8.624615807442326e-06,-4.590135295999219,48.284491569145885
2025-09-04 09:43:38.118133,73,0,POINT (-4.590143449570235 48.2844939149946),8.484322394542935e-06,-4.590143449570235,48.2844939149946
2025-09-04 09:43:39.118133,74,0,POINT (-4.590151458714493 48.284496225701474),8.335811778758857e-06,-4.590151458714493,48.284496225701474
2025-09-04 09:43:40.118133,75,0,POINT (-4.590159343429286 48.2844984921542),8.20399508306661e-06,-4.590159343429286,48.2844984921542
2025-09-04 09:43:41.118133,76,0,POINT (-4.590167097450257 48.2845007168281),8.06684666882533e-06,-4.590167097450257,48.2845007168281
2025-09-04 09:43:42.118133,77,0,POINT (-4.590174728660914 48.28450288945694),7.934462311227451e-06,-4.590174728660914,48.28450288945694
2025-09-04 09:43:43.118133,78,0,POINT (-4.590182225554365 48.284505047255884),7.801250393668245e-06,-4.590182225554365,48.284505047255884
2025-09-04 09:43:44.118133,79,0,POINT (-4.59018960052251 48.284507188207286),7.679441909390217e-06,-4.59018960052251,48.284507188207286
2025-09-04 09:43:45.118133,80,0,POINT (-4.5901968580953305 48.28450929818433),7.558066312731793e-06,-4.5901968580953305,48.28450929818433
2025-09-04 09:43:46.118133,81,0,POINT (-4.590203998034329 48.28451137493689),7.435834189081834e-06,-4.590203998034329,48.28451137493689
2025-09-04 09:43:47.118133,82,0,POINT (-4.590211028261374 48.284513389326314),7.313129087621532e-06,-4.590211028261374,48.284513389326314
2025-09-04 09:43:48.118133,83,0,POINT (-4.590217938856216 48.284515364905964),7.187435984143821e-06,-4.590217938856216,48.284515364905964
2025-09-04 09:43:49.118133,84,0,POINT (-4.590224735020213 48.284517319315285),7.071602425565195e-06,-4.590224735020213,48.284517319315285
2025-09-04 09:43:50.118133,85,0,POINT (-4.590231428960562 48.2845192349095),6.962638767961754e-06,-4.590231428960562,48.2845192349095
2025-09-04 09:43:51.118133,86,0,POINT (-4.590238006159499 48.28452115241655),6.851013000650748e-06,-4.590238006159499,48.28452115241655
2025-09-04 09:43:52.118133,87,0,POINT (-4.590244471131892 48.284523041424954),6.735296636779279e-06,-4.590244471131892,48.284523041424954
2025-09-04 09:43:53.118133,88,0,POINT (-4.590250833127868 48.28452490235129),6.628577497623904e-06,-4.590250833127868,48.28452490235129
2025-09-04 09:43:54.118133,89,0,POINT (-4.590257088777518 48.28452672612394),6.516080050007014e-06,-4.590257088777518,48.28452672612394
2025-09-04 09:43:55.118133,90,0,POINT (-4.590263245542005 48.284528518234566),6.412285819510142e-06,-4.590263245542005,48.284528518234566
2025-09-04 09:43:56.118133,91,0,POINT (-4.5902692920829375 48.284530294668805),6.302092974346942e-06,-4.5902692920829375,48.284530294668805
2025-09-04 09:43:57.118133,92,0,POINT (-4.590275237890972 48.28453204674583),6.19858105420093e-06,-4.590275237890972,48.28453204674583
2025-09-04 09:43:58.118133,93,0,POINT (-4.590281080878928 48.28453376880998),6.091470526958884e-06,-4.590281080878928,48.28453376880998
2025-09-04 09:43:59.118133,94,0,POINT (-4.59028636422583 48.28453547795176),5.552919964183168e-06,-4.59028636422583,48.28453547795176
2025-09-04 09:44:00.118133,95,0,POINT (-4.590291091480702 48.28453718725377),5.026793408177808e-06,-4.590291091480702,48.28453718725377
2025-09-04 09:44:01.118133,96,0,POINT (-4.590295273146497 48.28453890141008),4.519365075182655e-06,-4.590295273146497,48.28453890141008
2025-09-04 09:44:02.118133,97,0,POINT (-4.590298912995329 48.2845406167611),4.023795302637753e-06,-4.590298912995329,48.2845406167611
2025-09-04 09:44:03.118133,98,0,POINT (-4.590302032144364 48.284542336253466),3.5617053083625758e-06,-4.590302032144364,48.284542336253466
2025-09-04 09:44:04.118133,99,0,POINT (-4.590304642288736 48.28454408448943),3.1415255269536617e-06,-4.590304642288736,48.28454408448943
2025-09-04 09:44:05.118133,100,0,POINT (-4.5903067500551895 48.28454585015203),2.7495897558820257e-06,-4.5903067500551895,48.28454585015203
2025-09-04 09:44:06.118133,101,0,POINT (-4.590308365816067 48.28454764432839),2.41448794439312e-06,-4.590308365816067,48.28454764432839
2025-09-04 09:44:07.118133,102,0,POINT (-4.590309488896129 48.28454948064142),2.1525227882162676e-06,-4.590309488896129,48.28454948064142
2025-09-04 09:44:08.118133,103,0,POINT (-4.5903101340196955 48.284551307155446),1.9370952265256084e-06,-4.5903101340196955,48.284551307155446
2025-09-04 09:44:09.118133,104,0,POINT (-4.590310320435068 48.284553165761906),1.8679316539553044e-06,-4.590310320435068,48.284553165761906
2025-09-04 09:44:10.118133,105,0,POINT (-4.590310040963163 48.284555027138154),1.8822396451209227e-06,-4.590310040963163,48.284555027138154
2025-09-04 09:44:11.118133,106,0,POINT (-4.59030930257981 48.284556906941546),2.0196214421574234e-06,-4.59030930257981,48.284556906941546
2025-09-04 09:44:12.118133,107,0,POINT (-4.590308120355095 48.284558791207054),2.224435159906923e-06,-4.590308120355095,48.284558791207054
2025-09-04 09:44:13.118133,108,0,POINT (-4.590306496023991 48.284560693972615),2.5017930203985997e-06,-4.590306496023991,48.284560693972615
2025-09-04 09:44:14.118133,109,0,POINT (-4.590304433701008 48.28456260415267),2.811043208563763e-06,-4.590304433701008,48.28456260415267
2025-09-04 09:44:15.118133,110,0,POINT (-4.590301935853983 48.28456449952779),3.135552042326499e-06,-4.590301935853983,48.28456449952779
2025-09-04 09:44:16.118133,111,0,POINT (-4.590299023585255 48.284566401860154),3.4785309494558407e-06,-4.590299023585255,48.284566401860154
2025-09-04 09:44:17.118133,112,0,POINT (-4.590295699579574 48.28456832422561),3.8398571219248194e-06,-4.590295699579574,48.28456832422561
2025-09-04 09:44:18.118133,113,0,POINT (-4.5902919623619765 48.284570232798295),4.196360931210404e-06,-4.5902919623619765,48.284570232798295
2025-09-04 09:44:19.118133,114,0,POINT (-4.590287825189636 48.28457214280643),4.5567890078213015e-06,-4.590287825189636,48.28457214280643
2025-09-04 09:44:20.118133,115,0,POINT (-4.590283285458823 48.284574053027676),4.925251369184671e-06,-4.590283285458823,48.284574053027676
2025-09-04 09:44:21.118133,116,0,POINT (-4.590278352096285 48.28457595813952),5.288432383131371e-06,-4.590278352096285,48.28457595813952
2025-09-04 09:44:22.118133,117,0,POINT (-4.590273035191634 48.28457784564676),5.641999525067526e-06,-4.590273035191634,48.28457784564676
2025-09-04 09:44:23.118133,118,0,POINT (-4.590267338655953 48.28457972450508),5.998385395901366e-06,-4.590267338655953,48.28457972450508
2025-09-04 09:44:24.118133,119,0,POINT (-4.5902612664637745 48.28458160178769),6.355761784681039e-06,-4.5902612664637745,48.28458160178769
2025-09-04 09:44:25.118133,120,0,POINT (-4.590255750650451 48.28458347192226),5.824225263637919e-06,-4.590255750650451,48.28458347192226
2025-09-04 09:44:26.118133,121,0,POINT (-4.590250785262218 48.28458533030547),5.301760882000534e-06,-4.590250785262218,48.28458533030547
2025-09-04 09:44:27.118133,122,0,POINT (-4.59024636333127 48.284587204625744),4.802764808941523e-06,-4.59024636333127,48.284587204625744
2025-09-04 09:44:28.118133,123,0,POINT (-4.590242465347148 48.28458909045447),4.33019978564504e-06,-4.590242465347148,48.28458909045447
2025-09-04 09:44:29.118133,124,0,POINT (-4.590239094569741 48.28459098714048),3.867758804684569e-06,-4.590239094569741,48.28459098714048
2025-09-04 09:44:30.118133,125,0,POINT (-4.590236242236554 48.284592904839315),3.4370588322311293e-06,-4.590236242236554,48.284592904839315
2025-09-04 09:44:31.118133,126,0,POINT (-4.59023389918382 48.28459481872231),3.0253667944014457e-06,-4.59023389918382,48.28459481872231
2025-09-04 09:44:32.118133,127,0,POINT (-4.590232053793835 48.284596749059396),2.6705178262806883e-06,-4.590232053793835,48.284596749059396
2025-09-04 09:44:33.118133,128,0,POINT (-4.590230695785599 48.284598701759464),2.378491942675517e-06,-4.590230695785599,48.284598701759464
2025-09-04 09:44:34.118133,129,0,POINT (-4.590229815606701 48.28460069912275),2.182699013268042e-06,-4.590229815606701,48.28460069912275
2025-09-04 09:44:35.118133,130,0,POINT (-4.590229400426141 48.284602703682886),2.0471043554563484e-06,-4.590229400426141,48.284602703682886
2025-09-04 09:44:36.118133,131,0,POINT (-4.590229452485585 48.28460474950384),2.0464832201888607e-06,-4.590229452485585,48.28460474950384
2025-09-04 09:44:37.118133,132,0,POINT (-4.590229963236174 48.28460684022654),2.152205276842169e-06,-4.590229963236174,48.28460684022654
2025-09-04 09:44:38.118133,133,0,POINT (-4.590230919601754 48.284608972587385),2.337006184740466e-06,-4.590230919601754,48.284608972587385
2025-09-04 09:44:39.118133,134,0,POINT (-4.590232325568447 48.28461112226028),2.5686252932825406e-06,-4.590232325568447,48.28461112226028
2025-09-04 09:44:40.118133,135,0,POINT (-4.590234165713471 48.284613273061005),2.8305613344382648e-06,-4.590234165713471,48.284613273061005
2025-09-04 09:44:41.118133,136,0,POINT (-4.590235512894212 48.28461541356962),2.529164500749309e-06,-4.590235512894212,48.28461541356962
2025-09-04 09:44:42.118133,137,0,POINT (-4.590236360951621 48.284617531224036),2.2811535682694014e-06,-4.590236360951621,48.284617531224036
2025-09-04 09:44:43.118133,138,0,POINT (-4.590236721920834 48.28461962944864),2.12904797240675e-06,-4.590236721920834,48.28461962944864
2025-09-04 09:44:44.118133,139,0,POINT (-4.590236601336384 48.28462175914271),2.1331051146062665e-06,-4.590236601336384,48.28462175914271
2025-09-04 09:44:45.118133,140,0,POINT (-4.590236011252789 48.28462390780227),2.2282137599874123e-06,-4.590236011252789,48.28462390780227
2025-09-04 09:44:46.118133,141,0,POINT (-4.590234968285959 48.28462606144284),2.3928952180728836e-06,-4.590234968285959,48.28462606144284
2025-09-04 09:44:47.118133,142,0,POINT (-4.590233475183602 48.2846281995366),2.6078342649659645e-06,-4.590233475183602,48.2846281995366
2025-09-04 09:44:48.118133,143,0,POINT (-4.590231540941463 48.28463033339454),2.8800420761731468e-06,-4.590231540941463,48.28463033339454
2025-09-04 09:44:49.118133,144,0,POINT (-4.590229168268668 48.284632508740586),3.2189604872088287e-06,-4.590229168268668,48.284632508740586
2025-09-04 09:44:50.118133,145,0,POINT (-4.590226358847763 48.28463468411782),3.553183351062858e-06,-4.590226358847763,48.28463468411782
2025-09-04 09:44:51.118133,146,0,POINT (-4.590223121986724 48.28463685639173),3.89821027223397e-06,-4.590223121986724,48.28463685639173
2025-09-04 09:44:52.118133,147,0,POINT (-4.5902203975853615 48.2846390477507),3.4963433660167965e-06,-4.5902203975853615,48.2846390477507
2025-09-04 09:44:53.118133,148,0,POINT (-4.5902181822914025 48.284641241815216),3.1179234141374106e-06,-4.5902181822914025,48.284641241815216
2025-09-04 09:44:54.118133,149,0,POINT (-4.590216460857428 48.2846434405504),2.792448984008958e-06,-4.590216460857428,48.2846434405504
2025-09-04 09:44:55.118133,150,0,POINT (-4.590215227812942 48.28464564572398),2.5264974216113614e-06,-4.590215227812942,48.28464564572398
2025-09-04 09:44:56.118133,151,0,POINT (-4.590214476249836 48.28464787039724),2.3481946715017087e-06,-4.590214476249836,48.28464787039724
2025-09-04 09:44:57.118133,152,0,POINT (-4.590214193215221 48.28465011698838),2.2643498762956426e-06,-4.590214193215221,48.28465011698838
2025-09-04 09:44:58.118133,153,0,POINT (-4.590214378912629 48.28465238092509),2.2715397734782225e-06,-4.590214378912629,48.28465238092509
2025-09-04 09:44:59.118133,154,0,POINT (-4.590215019634156 48.28465468256679),2.3891585532176424e-06,-4.590215019634156,48.28465468256679
2025-09-04 09:45:00.118133,155,0,POINT (-4.590216116685815 48.284656996744985),2.561043355149466e-06,-4.590216116685815,48.284656996744985
2025-09-04 09:45:01.118133,156,0,POINT (-4.590217664004326 48.284659321636425),2.792725332917503e-06,-4.590217664004326,48.284659321636425
2025-09-04 09:45:02.118133,157,0,POINT (-4.590219658260561 48.28466166694054),3.0785563720874957e-06,-4.590219658260561,48.28466166694054
2025-09-04 09:45:03.118133,158,0,POINT (-4.590222079181364 48.2846640346214),3.3862619767911845e-06,-4.590222079181364,48.2846640346214
2025-09-04 09:45:04.118133,159,0,POINT (-4.590224914511427 48.28466639870829),3.6916125718274757e-06,-4.590224914511427,48.28466639870829
2025-09-04 09:45:05.118133,160,0,POINT (-4.5902281639197895 48.284668767029515),4.020895439958399e-06,-4.5902281639197895,48.284668767029515
2025-09-04 09:45:06.118133,161,0,POINT (-4.590231822711831 48.28467113503774),4.358236129327591e-06,-4.590231822711831,48.28467113503774
2025-09-04 09:45:07.118133,162,0,POINT (-4.590235886312313 48.2846735021595),4.702777296294834e-06,-4.590235886312313,48.2846735021595
2025-09-04 09:45:08.118133,163,0,POINT (-4.5902398866443255 48.284675878006645),4.6526665331162536e-06,-4.5902398866443255,48.284675878006645
2025-09-04 09:45:09.118133,164,0,POINT (-4.590243824622576 48.28467823544285),4.5896817040282214e-06,-4.590243824622576,48.28467823544285
2025-09-04 09:45:10.118133,165,0,POINT (-4.590247223468035 48.28468060521955),4.1434275755072175e-06,-4.590247223468035,48.28468060521955
2025-09-04 09:45:11.118133,166,0,POINT (-4.590250117873384 48.28468297126052),3.738413061057075e-06,-4.590250117873384,48.28468297126052
2025-09-04 09:45:12.118133,167,0,POINT (-4.590252499758401 48.28468530400067),3.333924537177589e-06,-4.590252499758401,48.28468530400067
2025-09-04 09:45:13.118133,168,0,POINT (-4.590254377138416 48.2846876019864),2.9673715875737667e-06,-4.590254377138416,48.2846876019864
2025-09-04 09:45:14.118133,169,0,POINT (-4.59025576224147 48.28468992546771),2.705009403541526e-06,-4.59025576224147,48.28468992546771
2025-09-04 09:45:15.118133,170,0,POINT (-4.590256662459996 48.28469224144065),2.4847784739851367e-06,-4.590256662459996,48.28469224144065
2025-09-04 09:45:16.118133,171,0,POINT (-4.590257086021241 48.284694530603524),2.328018638508115e-06,-4.590257086021241,48.284694530603524
2025-09-04 09:45:17.118133,172,0,POINT (-4.590257041391461 48.28469681149004),2.2813231101277057e-06,-4.590257041391461,48.28469681149004
2025-09-04 09:45:18.118133,173,0,POINT (-4.590256526617876 48.28469908266808),2.328785413653244e-06,-4.590256526617876,48.28469908266808
2025-09-04 09:45:19.118133,174,0,POINT (-4.590255553651832 48.28470135593622),2.47273350334561e-06,-4.590255553651832,48.28470135593622
2025-09-04 09:45:20.118133,175,0,POINT (-4.590254136598857 48.28470363461275),2.683357195999709e-06,-4.590254136598857,48.28470363461275
2025-09-04 09:45:21.118133,176,0,POINT (-4.590252273142899 48.28470591465282),2.944664808810383e-06,-4.590252273142899,48.28470591465282
2025-09-04 09:45:22.118133,177,0,POINT (-4.590249964543259 48.28470818409144),3.2372803354254628e-06,-4.590249964543259,48.28470818409144
2025-09-04 09:45:23.118133,178,0,POINT (-4.590247235309075 48.28471044820331),3.546113617812408e-06,-4.590247235309075,48.28471044820331
2025-09-04 09:45:24.118133,179,0,POINT (-4.590244076054927 48.28471269881009),3.878932538018522e-06,-4.590244076054927,48.28471269881009
2025-09-04 09:45:25.118133,180,0,POINT (-4.590240502178916 48.28471494335676),4.220258226945837e-06,-4.590240502178916,48.28471494335676
2025-09-04 09:45:26.118133,181,0,POINT (-4.59023651991393 48.284717193119484),4.573824081580471e-06,-4.59023651991393,48.284717193119484
2025-09-04 09:45:27.118133,182,0,POINT (-4.590232121528218 48.28471944289797),4.940374492004434e-06,-4.590232121528218,48.28471944289797
2025-09-04 09:45:28.118133,183,0,POINT (-4.590227789214665 48.284721676731266),4.874315531693599e-06,-4.590227789214665,48.284721676731266
2025-09-04 09:45:29.118133,184,0,POINT (-4.5902235154216475 48.28472389463865),4.8150202419196725e-06,-4.5902235154216475,48.28472389463865
2025-09-04 09:45:30.118133,185,0,POINT (-4.590219311444995 48.28472610757094),4.750840872871233e-06,-4.590219311444995,48.28472610757094
2025-09-04 09:45:31.118133,186,0,POINT (-4.590215168783749 48.28472830968915),4.691584680281404e-06,-4.590215168783749,48.28472830968915
2025-09-04 09:45:32.118133,187,0,POINT (-4.5902110817432495 48.28473051468682),4.643911581283436e-06,-4.5902110817432495,48.28473051468682
2025-09-04 09:45:33.118133,188,0,POINT (-4.590207054351221 48.28473274016419),4.601373280186866e-06,-4.590207054351221,48.28473274016419
2025-09-04 09:45:34.118133,189,0,POINT (-4.590203080972951 48.2847349649679),4.553843041718347e-06,-4.590203080972951,48.2847349649679
2025-09-04 09:45:35.118133,190,0,POINT (-4.590199159727792 48.28473716862459),4.4980291661314715e-06,-4.590199159727792,48.28473716862459
2025-09-04 09:45:36.118133,191,0,POINT (-4.590195287968887 48.2847393571077),4.447468421770728e-06,-4.590195287968887,48.2847393571077
2025-09-04 09:45:37.118133,192,0,POINT (-4.590191473568402 48.284741541596354),4.395638943957995e-06,-4.590191473568402,48.284741541596354
2025-09-04 09:45:38.118133,193,0,POINT (-4.590187707790154 48.28474372999319),4.355475464351193e-06,-4.590187707790154,48.28474372999319
2025-09-04 09:45:39.118133,194,0,POINT (-4.590183995483421 48.28474590161672),4.300833647043664e-06,-4.590183995483421,48.28474590161672
2025-09-04 09:45:40.118133,195,0,POINT (-4.590180345405396 48.28474804630284),4.233526675749172e-06,-4.590180345405396,48.28474804630284
2025-09-04 09:45:41.118133,196,0,POINT (-4.590176746444198 48.28475019115683),4.189620551192511e-06,-4.590176746444198,48.28475019115683
2025-09-04 09:45:42.118133,197,0,POINT (-4.590173207450502 48.28475233155022),4.135911053963272e-06,-4.590173207450502,48.28475233155022
2025-09-04 09:45:43.118133,198,0,POINT (-4.590169711758286 48.28475447936025),4.102798069049575e-06,-4.590169711758286,48.28475447936025
2025-09-04 09:45:44.118133,199,0,POINT (-4.590166249253309 48.28475664995969),4.086617504943705e-06,-4.590166249253309,48.28475664995969
2025-09-04 09:45:45.118133,200,0,POINT (-4.590162822072307 48.2847588263282),4.059821364489829e-06,-4.590162822072307,48.2847588263282
2025-09-04 09:45:46.118133,201,0,POINT (-4.590159436994106 48.28476102865343),4.03843915860304e-06,-4.590159436994106,48.28476102865343
2025-09-04 09:45:47.118133,202,0,POINT (-4.590156100607615 48.28476324260708),4.0041310640539835e-06,-4.590156100607615,48.28476324260708
2025-09-04 09:45:48.118133,203,0,POINT (-4.5901528060935775 48.28476547530758),3.979795758397784e-06,-4.5901528060935775,48.28476547530758
2025-09-04 09:45:49.118133,204,0,POINT (-4.590149544034797 48.284767727791106),3.9641782908343595e-06,-4.590149544034797,48.284767727791106
2025-09-04 09:45:50.118133,205,0,POINT (-4.590146322173202 48.284769972801925),3.926890082082551e-06,-4.590146322173202,48.284769972801925
2025-09-04 09:45:51.118133,206,0,POINT (-4.590143149319688 48.28477221317736),3.8841062706473025e-06,-4.590143149319688,48.28477221317736
2025-09-04 09:45:52.118133,207,0,POINT (-4.5901400245651764 48.28477444209842),3.838252183428171e-06,-4.5901400245651764,48.28477444209842
2025-09-04 09:45:53.118133,208,0,POINT (-4.590136934748291 48.28477667008793),3.8093182655800975e-06,-4.590136934748291,48.28477667008793
2025-09-04 09:45:54.118133,209,0,POINT (-4.5901338895269435 48.284778882783186),3.764225466093014e-06,-4.5901338895269435,48.284778882783186
2025-09-04 09:45:55.118133,210,0,POINT (-4.590130886212178 48.2847811014959),3.7339771956226477e-06,-4.590130886212178,48.2847811014959
2025-09-04 09:45:56.118133,211,0,POINT (-4.5901279200699685 48.28478331606543),3.7016641925537395e-06,-4.5901279200699685,48.28478331606543
2025-09-04 09:45:57.118133,212,0,POINT (-4.590124994477049 48.28478552494417),3.665820402409538e-06,-4.590124994477049,48.28478552494417
2025-09-04 09:45:58.118133,213,0,POINT (-4.59012209981149 48.28478774669912),3.6490113419942897e-06,-4.59012209981149,48.28478774669912
2025-09-04 09:45:59.118133,214,0,POINT (-4.590119230575613 48.284789976910524),3.634055228715964e-06,-4.590119230575613,48.284789976910524
2025-09-04 09:46:00.118133,215,0,POINT (-4.590116391034423 48.28479219994005),3.6062244031404973e-06,-4.590116391034423,48.28479219994005
2025-09-04 09:46:01.118133,216,0,POINT (-4.590113574536879 48.28479444557939),3.6021596916100268e-06,-4.590113574536879,48.28479444557939
2025-09-04 09:46:02.118133,217,0,POINT (-4.590110784454951 48.284796702438015),3.588588585579286e-06,-4.590110784454951,48.284796702438015
2025-09-04 09:46:03.118133,218,0,POINT (-4.5901080219137285 48.284798962096694),3.568990242429614e-06,-4.5901080219137285,48.284798962096694
2025-09-04 09:46:04.118133,219,0,POINT (-4.5901052807788885 48.28480125476389),3.5735336977852918e-06,-4.5901052807788885,48.28480125476389
2025-09-04 09:46:05.118133,220,0,POINT (-4.590102566283746 48.284803556093735),3.558736141559897e-06,-4.590102566283746,48.284803556093735
2025-09-04 09:46:06.118133,221,0,POINT (-4.590099879322861 48.28480586414269),3.5421531274116708e-06,-4.590099879322861,48.28480586414269
2025-09-04 09:46:07.118133,222,0,POINT (-4.590097229124741 48.28480815772187),3.5048616989013255e-06,-4.590097229124741,48.28480815772187
2025-09-04 09:46:08.118133,223,0,POINT (-4.590094590237506 48.28481048114612),3.5159673026664142e-06,-4.590094590237506,48.28481048114612
2025-09-04 09:46:09.118133,224,0,POINT (-4.590091976363581 48.284812814601864),3.5039053376565033e-06,-4.590091976363581,48.284812814601864
2025-09-04 09:46:10.118133,225,0,POINT (-4.590089381710215 48.28481515868381),3.4967050594758387e-06,-4.590089381710215,48.28481515868381
2025-09-04 09:46:11.118133,226,0,POINT (-4.59008681523377 48.284817500484586),3.4743103208392793e-06,-4.59008681523377,48.284817500484586
2025-09-04 09:46:12.118133,227,0,POINT (-4.590084267582768 48.28481987914196),3.4854750816677686e-06,-4.590084267582768,48.28481987914196
2025-09-04 09:46:13.118133,228,0,POINT (-4.590081737836774 48.28482226545056),3.4776548853204524e-06,-4.590081737836774,48.28482226545056
2025-09-04 09:46:14.118133,229,0,POINT (-4.590079227433199 48.28482464934365),3.4619463279422e-06,-4.590079227433199,48.28482464934365
2025-09-04 09:46:15.118133,230,0,POINT (-4.590076735568742 48.284827043798494),3.4558360032524216e-06,-4.590076735568742,48.284827043798494
2025-09-04 09:46:16.118133,231,0,POINT (-4.590074266399244 48.2848294261582),3.4310983317746727e-06,-4.590074266399244,48.2848294261582
2025-09-04 09:46:17.118133,232,0,POINT (-4.590071823228357 48.2848318160435),3.417694507785462e-06,-4.590071823228357,48.2848318160435
2025-09-04 09:46:18.118133,233,0,POINT (-4.590069407383316 48.28483419463808),3.3902830907400457e-06,-4.590069407383316,48.28483419463808
2025-09-04 09:46:19.118133,234,0,POINT (-4.590067023739183 48.28483656890866),3.36436028615551e-06,-4.590067023739183,48.28483656890866
2025-09-04 09:46:20.118133,235,0,POINT (-4.590064676115328 48.28483892667862),3.3272236084461617e-06,-4.590064676115328,48.28483892667862
2025-09-04 09:46:21.118133,236,0,POINT (-4.5900623503642795 48.284841273743616),3.3042142864687595e-06,-4.5900623503642795,48.284841273743616
2025-09-04 09:46:22.118133,237,0,POINT (-4.590060045820851 48.284843624900745),3.292242435643288e-06,-4.590060045820851,48.284843624900745
2025-09-04 09:46:23.118133,238,0,POINT (-4.590057762927864 48.284845985018805),3.2835586868731195e-06,-4.590057762927864,48.284845985018805
2025-09-04 09:46:24.118133,239,0,POINT (-4.590055479944911 48.28484837935716),3.308302783813144e-06,-4.590055479944911,48.28484837935716
2025-09-04 09:46:25.118133,240,0,POINT (-4.590053216875721 48.28485078239092),3.300917056808189e-06,-4.590053216875721,48.28485078239092
2025-09-04 09:46:26.118133,241,0,POINT (-4.590050975581762 48.28485319021706),3.2895326955537462e-06,-4.590050975581762,48.28485319021706
2025-09-04 09:46:27.118133,242,0,POINT (-4.590048759006061 48.28485558247479),3.261304167005088e-06,-4.590048759006061,48.28485558247479
2025-09-04 09:46:28.118133,243,0,POINT (-4.590046561515639 48.284857990510794),3.2600002373072773e-06,-4.590046561515639,48.284857990510794
2025-09-04 09:46:29.118133,244,0,POINT (-4.590044374010495 48.284860388499496),3.245847896886675e-06,-4.590044374010495,48.284860388499496
2025-09-04 09:46:30.118133,245,0,POINT (-4.590042203751487 48.28486277274286),3.2240720512704963e-06,-4.590042203751487,48.28486277274286
2025-09-04 09:46:31.118133,246,0,POINT (-4.590040038074174 48.28486518813717),3.2441158852875015e-06,-4.590040038074174,48.28486518813717
2025-09-04 09:46:32.118133,247,0,POINT (-4.590037893196685 48.2848676100351),3.2351335421506694e-06,-4.590037893196685,48.2848676100351
2025-09-04 09:46:33.118133,248,0,POINT (-4.590035762569066 48.28487001477758),3.212843048539712e-06,-4.590035762569066,48.28487001477758
2025-09-04 09:46:34.118133,249,0,POINT (-4.5900336556223555 48.28487241975359),3.1973636080954197e-06,-4.5900336556223555,48.28487241975359
2025-09-04 09:46:35.118133,250,0,POINT (-4.590031565970798 48.284874819180416),3.181806519248955e-06,-4.590031565970798,48.284874819180416
2025-09-04 09:46:36.118133,251,0,POINT (-4.590029491348278 48.28487723063513),3.18106467198911e-06,-4.590029491348278,48.28487723063513
2025-09-04 09:46:37.118133,252,0,POINT (-4.590027434701147 48.28487964848123),3.1742364707423668e-06,-4.590027434701147,48.28487964848123
2025-09-04 09:46:38.118133,253,0,POINT (-4.590025383839729 48.28488205560897),3.1623245413660908e-06,-4.590025383839729,48.28488205560897
2025-09-04 09:46:39.118133,254,0,POINT (-4.5900233416636995 48.28488446407908),3.1577224708357973e-06,-4.5900233416636995,48.28488446407908
2025-09-04 09:46:40.118133,255,0,POINT (-4.590021300451202 48.284886874396506),3.1585089149752393e-06,-4.590021300451202,48.284886874396506
2025-09-04 09:46:41.118133,256,0,POINT (-4.590019263462767 48.28488931040398),3.1754455300128147e-06,-4.590019263462767,48.28488931040398
2025-09-04 09:46:42.118133,257,0,POINT (-4.5900172431708155 48.28489175179927),3.1689099899698976e-06,-4.5900172431708155,48.28489175179927
2025-09-04 09:46:43.118133,258,0,POINT (-4.590015232586457 48.284894188581596),3.1591703909767545e-06,-4.590015232586457,48.284894188581596
2025-09-04 09:46:44.118133,259,0,POINT (-4.5900132337247985 48.28489662077133),3.148173251105624e-06,-4.5900132337247985,48.28489662077133
2025-09-04 09:46:45.118133,260,0,POINT (-4.590011234510308 48.284899067335836),3.1595152276519145e-06,-4.590011234510308,48.284899067335836
2025-09-04 09:46:46.118133,261,0,POINT (-4.590009242293448 48.284901529863156),3.1674861985342926e-06,-4.590009242293448,48.284901529863156
2025-09-04 09:46:47.118133,262,0,POINT (-4.5900072592410135 48.284903991656144),3.16115828035132e-06,-4.5900072592410135,48.284903991656144
2025-09-04 09:46:48.118133,263,0,POINT (-4.590005280207095 48.284906476214545),3.176413967960572e-06,-4.590005280207095,48.284906476214545
2025-09-04 09:46:49.118133,264,0,POINT (-4.590003292932627 48.28490898906143),3.203694628555838e-06,-4.590003292932627,48.28490898906143
2025-09-04 09:46:50.118133,265,0,POINT (-4.590001314909241 48.284911519070555),3.211467374326269e-06,-4.590001314909241,48.284911519070555
2025-09-04 09:46:51.118133,266,0,POINT (-4.589999355632366 48.28491403783145),3.1910691490935447e-06,-4.589999355632366,48.28491403783145
2025-09-04 09:46:52.118133,267,0,POINT (-4.589997404798533 48.28491657404274),3.1997062921322057e-06,-4.589997404798533,48.28491657404274
2025-09-04 09:46:53.118133,268,0,POINT (-4.589995462494463 48.28491913288006),3.2125058048418724e-06,-4.589995462494463,48.28491913288006
2025-09-04 09:46:54.118133,269,0,POINT (-4.589993534624299 48.28492168073563),3.195035422716564e-06,-4.589993534624299,48.28492168073563
2025-09-04 09:46:55.118133,270,0,POINT (-4.58999161471549 48.28492423405828),3.1946058284699545e-06,-4.58999161471549,48.28492423405828
2025-09-04 09:46:56.118133,271,0,POINT (-4.589989705046462 48.28492679985837),3.198463051023009e-06,-4.589989705046462,48.28492679985837
2025-09-04 09:46:57.118133,272,0,POINT (-4.589987808831464 48.284929378384504),3.2006918552993854e-06,-4.589987808831464,48.284929378384504
2025-09-04 09:46:58.118133,273,0,POINT (-4.5899859206725155 48.28493193869502),3.1812472611697013e-06,-4.5899859206725155,48.28493193869502
2025-09-04 09:46:59.118133,274,0,POINT (-4.589984023030375 48.284934527761784),3.210033086701014e-06,-4.589984023030375,48.284934527761784
2025-09-04 09:47:00.118133,275,0,POINT (-4.5899821185461285 48.284937129008554),3.2239021394074317e-06,-4.5899821185461285,48.284937129008554
2025-09-04 09:47:01.118133,276,0,POINT (-4.589980231397517 48.284939727094084),3.2111334918620937e-06,-4.589980231397517,48.284939727094084
2025-09-04 09:47:02.118133,277,0,POINT (-4.589978364642833 48.28494230954745),3.1865088193552077e-06,-4.589978364642833,48.28494230954745
2025-09-04 09:47:03.118133,278,0,POINT (-4.58997650313056 48.284944892334785),3.1837114096763587e-06,-4.58997650313056,48.284944892334785
2025-09-04 09:47:04.118133,279,0,POINT (-4.589974653165791 48.28494746797283),3.171163977947545e-06,-4.589974653165791,48.28494746797283
2025-09-04 09:47:05.118133,280,0,POINT (-4.589972813112056 48.28495004854031),3.1694047195111483e-06,-4.589972813112056,48.28495004854031
2025-09-04 09:47:06.118133,281,0,POINT (-4.589970988541108 48.284952619340885),3.1524712121053803e-06,-4.589970988541108,48.284952619340885
2025-09-04 09:47:07.118133,282,0,POINT (-4.58996919434489 48.28495517000146),3.118494738860524e-06,-4.58996919434489,48.28495517000146
2025-09-04 09:47:08.118133,283,0,POINT (-4.5899674084050845 48.284957721497086),3.1144358913327464e-06,-4.5899674084050845,48.284957721497086
2025-09-04 09:47:09.118133,284,0,POINT (-4.589965621163999 48.284960299810244),3.1371849543207397e-06,-4.589965621163999,48.284960299810244
2025-09-04 09:47:10.118133,285,0,POINT (-4.58996383637527 48.28496288121006),3.1383269159927146e-06,-4.58996383637527,48.28496288121006
2025-09-04 09:47:11.118133,286,0,POINT (-4.589962070053408 48.2849654419271),3.110814147089248e-06,-4.589962070053408,48.2849654419271
2025-09-04 09:47:12.118133,287,0,POINT (-4.589960300912373 48.28496801835555),3.1253549497605125e-06,-4.589960300912373,48.28496801835555
2025-09-04 09:47:13.118133,288,0,POINT (-4.589958538485522 48.28497058714186),3.1152546497328315e-06,-4.589958538485522,48.28497058714186
2025-09-04 09:47:14.118133,289,0,POINT (-4.589956786768652 48.2849731524711),3.1063525397952914e-06,-4.589956786768652,48.2849731524711
2025-09-04 09:47:15.118133,290,0,POINT (-4.589955047070326 48.284975711149954),3.0940891596039645e-06,-4.589955047070326,48.284975711149954
2025-09-04 09:47:16.118133,291,0,POINT (-4.589953310489456 48.284978283411675),3.103585584432399e-06,-4.589953310489456,48.284978283411675
2025-09-04 09:47:17.118133,292,0,POINT (-4.589951587458494 48.284980838426456),3.0817099515861856e-06,-4.589951587458494,48.284980838426456
2025-09-04 09:47:18.118133,293,0,POINT (-4.589949872928094 48.284983409172504),3.0900404102726276e-06,-4.589949872928094,48.284983409172504
2025-09-04 09:47:19.118133,294,0,POINT (-4.589948165699017 48.284985976650724),3.0832735086268275e-06,-4.589948165699017,48.284985976650724
2025-09-04 09:47:20.118133,295,0,POINT (-4.589946460558425 48.28498855866768),3.094239161780428e-06,-4.589946460558425,48.28498855866768
2025-09-04 09:47:21.118133,296,0,POINT (-4.589944748859587 48.28499117539816),3.1268500661807712e-06,-4.589944748859587,48.28499117539816
2025-09-04 09:47:22.118133,297,0,POINT (-4.589943054254679 48.28499377605141),3.1040430252746538e-06,-4.589943054254679,48.28499377605141
2025-09-04 09:47:23.118133,298,0,POINT (-4.589941366693658 48.28499637549874),3.0991916114626397e-06,-4.589941366693658,48.28499637549874
2025-09-04 09:47:24.118133,299,0,POINT (-4.589939677131996 48.28499898949636),3.112491308424419e-06,-4.589939677131996,48.28499898949636
2025-09-04 09:47:25.118133,300,0,POINT (-4.589937994242345 48.28500161061776),3.1148667689579796e-06,-4.589937994242345,48.28500161061776
2025-09-04 09:42:25.118133,0,1,POINT (-4.513882224257948 48.28929094492491),4.488765482880987e-07,-4.513882224257948,48.28929094492491
2025-09-04 09:42:26.118133,1,1,POINT (-4.513882666465101 48.289291022015696),4.488765482880987e-07,-4.513882666465101,48.289291022015696
2025-09-04 09:42:27.118133,2,1,POINT (-4.513883537636761 48.28929119115783),8.874396445153227e-07,-4.513883537636761,48.28929119115783
2025-09-04 09:42:28.118133,3,1,POINT (-4.513884829147824 48.28929145390749),1.317967454069384e-06,-4.513884829147824,48.28929145390749
2025-09-04 09:42:29.118133,4,1,POINT (-4.513886558047509 48.28929178759487),1.7608070276583588e-06,-4.513886558047509,48.28929178759487
2025-09-04 09:42:30.118133,5,1,POINT (-4.513888697136543 48.28929219599967),2.177727342180661e-06,-4.513888697136543,48.28929219599967
2025-09-04 09:42:31.118133,6,1,POINT (-4.513891227793502 48.28929269600566),2.579579546269452e-06,-4.513891227793502,48.28929269600566
2025-09-04 09:42:32.118133,7,1,POINT (-4.513894151226919 48.2892932641551),2.9781297358830178e-06,-4.513894151226919,48.2892932641551
2025-09-04 09:42:33.118133,8,1,POINT (-4.513897464361807 48.28929389022304),3.3717686543139922e-06,-4.513897464361807,48.28929389022304
2025-09-04 09:42:34.118133,9,1,POINT (-4.513901147419785 48.28929457847515),3.7468129173392426e-06,-4.513901147419785,48.28929457847515
2025-09-04 09:42:35.118133,10,1,POINT (-4.513905208079439 48.28929532820459),4.129291834461632e-06,-4.513905208079439,48.28929532820459
2025-09-04 09:42:36.118133,11,1,POINT (-4.513909652354817 48.28929611322826),4.5130749829436186e-06,-4.513909652354817,48.28929611322826
2025-09-04 09:42:37.118133,12,1,POINT (-4.513914463826852 48.28929695651813),4.884813296890154e-06,-4.513914463826852,48.28929695651813
2025-09-04 09:42:38.118133,13,1,POINT (-4.513919179068104 48.28929778465933),4.787412444589147e-06,-4.513919179068104,48.28929778465933
2025-09-04 09:42:39.118133,14,1,POINT (-4.513923793851939 48.28929861312426),4.688558838221464e-06,-4.513923793851939,48.28929861312426
2025-09-04 09:42:40.118133,15,1,POINT (-4.513928307417549 48.28929946663093),4.593555066887508e-06,-4.513928307417549,48.28929946663093
2025-09-04 09:42:41.118133,16,1,POINT (-4.513932727869348 48.289300342868636),4.506460543239148e-06,-4.513932727869348,48.289300342868636
2025-09-04 09:42:42.118133,17,1,POINT (-4.513937046695089 48.28930122020127),4.4070362290047895e-06,-4.513937046695089,48.28930122020127
2025-09-04 09:42:43.118133,18,1,POINT (-4.513941271376165 48.289302128892075),4.321301792171262e-06,-4.513941271376165,48.289302128892075
2025-09-04 09:42:44.118133,19,1,POINT (-4.513945406283519 48.28930306528554),4.239609834036816e-06,-4.513945406283519,48.28930306528554
2025-09-04 09:42:45.118133,20,1,POINT (-4.513949464921447 48.28930399564351),4.163905352315222e-06,-4.513949464921447,48.28930399564351
2025-09-04 09:42:46.118133,21,1,POINT (-4.513953434148629 48.2893049426629),4.0806384491437055e-06,-4.513953434148629,48.2893049426629
2025-09-04 09:42:47.118133,22,1,POINT (-4.513957316454109 48.289305912545785),4.00162075234448e-06,-4.513957316454109,48.289305912545785
2025-09-04 09:42:48.118133,23,1,POINT (-4.513961118717602 48.28930689890741),3.92811875233872e-06,-4.513961118717602,48.28930689890741
2025-09-04 09:42:49.118133,24,1,POINT (-4.513964851460562 48.28930788820663),3.8616166234084286e-06,-4.513964851460562,48.28930788820663
2025-09-04 09:42:50.118133,25,1,POINT (-4.513968510750787 48.2893088777157),3.7907167059148793e-06,-4.513968510750787,48.2893088777157
2025-09-04 09:42:51.118133,26,1,POINT (-4.513972096734512 48.289309884419175),3.724611546045727e-06,-4.513972096734512,48.289309884419175
2025-09-04 09:42:52.118133,27,1,POINT (-4.513975612225241 48.28931090771988),3.661395826178939e-06,-4.513975612225241,48.28931090771988
2025-09-04 09:42:53.118133,28,1,POINT (-4.5139790602176895 48.28931192780792),3.5957240636648115e-06,-4.5139790602176895,48.28931192780792
2025-09-04 09:42:54.118133,29,1,POINT (-4.513982436198552 48.289312967677496),3.5325027270242903e-06,-4.513982436198552,48.289312967677496
2025-09-04 09:42:55.118133,30,1,POINT (-4.513985748926346 48.28931401299177),3.4737368003035905e-06,-4.513985748926346,48.28931401299177
2025-09-04 09:42:56.118133,31,1,POINT (-4.513988997017234 48.28931507266081),3.416576196714327e-06,-4.513988997017234,48.28931507266081
2025-09-04 09:42:57.118133,32,1,POINT (-4.5139921920967865 48.289316129587085),3.365356814642187e-06,-4.5139921920967865,48.289316129587085
2025-09-04 09:42:58.118133,33,1,POINT (-4.5139953169516485 48.28931722684509),3.311901725992403e-06,-4.5139953169516485,48.28931722684509
2025-09-04 09:42:59.118133,34,1,POINT (-4.513998376233322 48.28931832032703),3.248831651139363e-06,-4.513998376233322,48.28931832032703
2025-09-04 09:43:00.118133,35,1,POINT (-4.5140013762364335 48.2893194092156),3.1915038769821588e-06,-4.5140013762364335,48.2893194092156
2025-09-04 09:43:01.118133,36,1,POINT (-4.514004318115176 48.289320493980874),3.1355009540406967e-06,-4.514004318115176,48.289320493980874
2025-09-04 09:43:02.118133,37,1,POINT (-4.514007205271775 48.28932158006602),3.084680563464688e-06,-4.514007205271775,48.28932158006602
2025-09-04 09:43:03.118133,38,1,POINT (-4.514010030782192 48.28932267984182),3.031998666259344e-06,-4.514010030782192,48.28932267984182
2025-09-04 09:43:04.118133,39,1,POINT (-4.514012798890901 48.289323800797575),2.986464069634254e-06,-4.514012798890901,48.289323800797575
2025-09-04 09:43:05.118133,40,1,POINT (-4.514015514538141 48.28932494106499),2.945326757186803e-06,-4.514015514538141,48.28932494106499
2025-09-04 09:43:06.118133,41,1,POINT (-4.514018168259202 48.289326094516795),2.8935594929872115e-06,-4.514018168259202,48.289326094516795
2025-09-04 09:43:07.118133,42,1,POINT (-4.514020772763455 48.289327244156546),2.846948183697551e-06,-4.514020772763455,48.289327244156546
2025-09-04 09:43:08.118133,43,1,POINT (-4.514023330357617 48.289328396229756),2.8050954664193714e-06,-4.514023330357617,48.289328396229756
2025-09-04 09:43:09.118133,44,1,POINT (-4.514025840342566 48.28932956608339),2.7692204623880313e-06,-4.514025840342566,48.28932956608339
2025-09-04 09:43:10.118133,45,1,POINT (-4.514028303189106 48.28933073981378),2.728233147408583e-06,-4.514028303189106,48.28933073981378
2025-09-04 09:43:11.118133,46,1,POINT (-4.514030723333281 48.289331928309224),2.6962231458693736e-06,-4.514030723333281,48.289331928309224
2025-09-04 09:43:12.118133,47,1,POINT (-4.514033096413509 48.289333125673586),2.658042735174878e-06,-4.514033096413509,48.289333125673586
2025-09-04 09:43:13.118133,48,1,POINT (-4.514035413598828 48.28933436789186),2.629154625718584e-06,-4.514035413598828,48.28933436789186
2025-09-04 09:43:14.118133,49,1,POINT (-4.514037690644186 48.289335628428724),2.602669542259554e-06,-4.514037690644186,48.289335628428724
2025-09-04 09:43:15.118133,50,1,POINT (-4.514039922351284 48.28933691151215),2.574260991317015e-06,-4.514039922351284,48.28933691151215
2025-09-04 09:43:16.118133,51,1,POINT (-4.5140421118532315 48.289338225148484),2.5533427487019686e-06,-4.5140421118532315,48.289338225148484
2025-09-04 09:43:17.118133,52,1,POINT (-4.514044261537974 48.289339543791755),2.52189701754746e-06,-4.514044261537974,48.289339543791755
2025-09-04 09:43:18.118133,53,1,POINT (-4.5140463810271125 48.28934086984028),2.5001277773985187e-06,-4.5140463810271125,48.28934086984028
2025-09-04 09:43:19.118133,54,1,POINT (-4.514048458606175 48.28934218636622),2.459588443030688e-06,-4.514048458606175,48.28934218636622
2025-09-04 09:43:20.118133,55,1,POINT (-4.514050502154855 48.28934350218193),2.4305271414961736e-06,-4.514050502154855,48.28934350218193
2025-09-04 09:43:21.118133,56,1,POINT (-4.51405251217888 48.2893448430469),2.416219246820618e-06,-4.51405251217888,48.2893448430469
2025-09-04 09:43:22.118133,57,1,POINT (-4.514054487769105 48.28934619489896),2.3938380765697075e-06,-4.514054487769105,48.28934619489896
2025-09-04 09:43:23.118133,58,1,POINT (-4.51405642707225 48.28934757338761),2.379312429874843e-06,-4.51405642707225,48.28934757338761
2025-09-04 09:43:24.118133,59,1,POINT (-4.514058329171301 48.289348970726685),2.3601985714466713e-06,-4.514058329171301,48.289348970726685
2025-09-04 09:43:25.118133,60,1,POINT (-4.514060206518027 48.28935038065622),2.3478356018418564e-06,-4.514060206518027,48.28935038065622
2025-09-04 09:43:26.118133,61,1,POINT (-4.514062054821378 48.28935178919974),2.323837373367811e-06,-4.514062054821378,48.28935178919974
2025-09-04 09:43:27.118133,62,1,POINT (-4.514063859829356 48.28935321365489),2.2993751924328065e-06,-4.514063859829356,48.28935321365489
2025-09-04 09:43:28.118133,63,1,POINT (-4.514065628685525 48.28935465199114),2.2798384394932505e-06,-4.514065628685525,48.28935465199114
2025-09-04 09:43:29.118133,64,1,POINT (-4.514067369636652 48.28935610790225),2.269490688880107e-06,-4.514067369636652,48.28935610790225
2025-09-04 09:43:30.118133,65,1,POINT (-4.5140690804697305 48.28935759851879),2.2691160159770857e-06,-4.5140690804697305,48.28935759851879
2025-09-04 09:43:31.118133,66,1,POINT (-4.514070755457774 48.28935910394484),2.2520862624654738e-06,-4.514070755457774,48.28935910394484
2025-09-04 09:43:32.118133,67,1,POINT (-4.514072405598798 48.289360619363286),2.2404147980211613e-06,-4.514072405598798,48.289360619363286
2025-09-04 09:43:33.118133,68,1,POINT (-4.514074026956606 48.289362141945524),2.2241982405534456e-06,-4.514074026956606,48.289362141945524
2025-09-04 09:43:34.118133,69,1,POINT (-4.514075619012579 48.28936365934306),2.1993493363166032e-06,-4.514075619012579,48.28936365934306
2025-09-04 09:43:35.118133,70,1,POINT (-4.514077190035996 48.28936518542191),2.1902125982053504e-06,-4.514077190035996,48.28936518542191
2025-09-04 09:43:36.118133,71,1,POINT (-4.514078729933998 48.28936672289285),2.1760291263008623e-06,-4.514078729933998,48.28936672289285
2025-09-04 09:43:37.118133,72,1,POINT (-4.51408024499527 48.28936828496753),2.176117635118229e-06,-4.51408024499527,48.28936828496753
2025-09-04 09:43:38.118133,73,1,POINT (-4.5140817238762825 48.289369846051486),2.150365588572563e-06,-4.5140817238762825,48.289369846051486
2025-09-04 09:43:39.118133,74,1,POINT (-4.514083169238648 48.28937141911403),2.1362579777895907e-06,-4.514083169238648,48.28937141911403
2025-09-04 09:43:40.118133,75,1,POINT (-4.514084593803464 48.28937301515806),2.1393320118984887e-06,-4.514084593803464,48.28937301515806
2025-09-04 09:43:41.118133,76,1,POINT (-4.5140859978091035 48.28937460900737),2.1240497742373253e-06,-4.5140859978091035,48.28937460900737
2025-09-04 09:43:42.118133,77,1,POINT (-4.51408738267873 48.28937619765501),2.107525851270235e-06,-4.51408738267873,48.28937619765501
2025-09-04 09:43:43.118133,78,1,POINT (-4.514088750378879 48.289377791129496),2.099943960233467e-06,-4.514088750378879,48.289377791129496
2025-09-04 09:43:44.118133,79,1,POINT (-4.514090099645985 48.289379387744695),2.0903831748379562e-06,-4.514090099645985,48.289379387744695
2025-09-04 09:43:45.118133,80,1,POINT (-4.514091435612284 48.289380985267236),2.0825187200626005e-06,-4.514091435612284,48.289380985267236
2025-09-04 09:43:46.118133,81,1,POINT (-4.514092755657538 48.289382596335194),2.0828008641124266e-06,-4.514092755657538,48.289382596335194
2025-09-04 09:43:47.118133,82,1,POINT (-4.514094058541344 48.289384248445906),2.1040380260215106e-06,-4.514094058541344,48.289384248445906
2025-09-04 09:43:48.118133,83,1,POINT (-4.514095344030853 48.28938587202392),2.0708666900644914e-06,-4.514095344030853,48.28938587202392
2025-09-04 09:43:49.118133,84,1,POINT (-4.514097072153915 48.28938750568416),2.3780780261734138e-06,-4.514097072153915,48.28938750568416
2025-09-04 09:43:50.118133,85,1,POINT (-4.514099236123262 48.289389132493774),2.7072629816353397e-06,-4.514099236123262,48.289389132493774
2025-09-04 09:43:51.118133,86,1,POINT (-4.514101839076004 48.28939073582373),3.0571277248168833e-06,-4.514101839076004,48.28939073582373
2025-09-04 09:43:52.118133,87,1,POINT (-4.514104856158652 48.28939231748582),3.4065294172646565e-06,-4.514104856158652,48.28939231748582
2025-09-04 09:43:53.118133,88,1,POINT (-4.514108288292355 48.28939389099243),3.7756409786347886e-06,-4.514108288292355,48.28939389099243
2025-09-04 09:43:54.118133,89,1,POINT (-4.514112143825661 48.28939546812015),4.165629474115606e-06,-4.514112143825661,48.28939546812015
2025-09-04 09:43:55.118133,90,1,POINT (-4.514116397652854 48.289397034969475),4.533217688184869e-06,-4.514116397652854,48.289397034969475
2025-09-04 09:43:56.118133,91,1,POINT (-4.514121049787065 48.28939858373782),4.903165926948036e-06,-4.514121049787065,48.28939858373782
2025-09-04 09:43:57.118133,92,1,POINT (-4.51412608178105 48.289400071750975),5.247394268064569e-06,-4.51412608178105,48.289400071750975
2025-09-04 09:43:58.118133,93,1,POINT (-4.51413148778015 48.28940154736991),5.603773507738616e-06,-4.51413148778015,48.28940154736991
2025-09-04 09:43:59.118133,94,1,POINT (-4.514137270808295 48.289402989780264),5.960198162776204e-06,-4.514137270808295,48.289402989780264
2025-09-04 09:44:00.118133,95,1,POINT (-4.514143425392928 48.28940440141006),6.314397096060233e-06,-4.514143425392928,48.28940440141006
2025-09-04 09:44:01.118133,96,1,POINT (-4.5141499474989955 48.28940579228674),6.6687634165272414e-06,-4.5141499474989955,48.28940579228674
2025-09-04 09:44:02.118133,97,1,POINT (-4.514156840638414 48.289407160975315),7.027707979772666e-06,-4.514156840638414,48.289407160975315
2025-09-04 09:44:03.118133,98,1,POINT (-4.514164087201251 48.28940848458279),7.3664516359376304e-06,-4.514164087201251,48.28940848458279
2025-09-04 09:44:04.118133,99,1,POINT (-4.514171675847115 48.28940979163462),7.700385089807721e-06,-4.514171675847115,48.28940979163462
2025-09-04 09:44:05.118133,100,1,POINT (-4.514178679991485 48.289411114357435),7.127947390149084e-06,-4.514178679991485,48.289411114357435
2025-09-04 09:44:06.118133,101,1,POINT (-4.514185112825319 48.28941247638227),6.5754439231576845e-06,-4.514185112825319,48.28941247638227
2025-09-04 09:44:07.118133,102,1,POINT (-4.51419098410231 48.28941386147274),6.03244304697603e-06,-4.51419098410231,48.28941386147274
2025-09-04 09:44:08.118133,103,1,POINT (-4.514196308783538 48.289415291415615),5.5133444310451445e-06,-4.514196308783538,48.289415291415615
2025-09-04 09:44:09.118133,104,1,POINT (-4.514201093150365 48.289416756365036),5.003622960692371e-06,-4.514201093150365,48.289416756365036
2025-09-04 09:44:10.118133,105,1,POINT (-4.514205346000061 48.28941823668958),4.503120172729796e-06,-4.514205346000061,48.28941823668958
2025-09-04 09:44:11.118133,106,1,POINT (-4.514209084778009 48.289419743797716),4.031108468055056e-06,-4.514209084778009,48.289419743797716
2025-09-04 09:44:12.118133,107,1,POINT (-4.514212314215082 48.28942130571232),3.5873166896695357e-06,-4.514212314215082,48.28942130571232
2025-09-04 09:44:13.118133,108,1,POINT (-4.514215034757213 48.28942291763867),3.1622232759677854e-06,-4.514215034757213,48.28942291763867
2025-09-04 09:44:14.118133,109,1,POINT (-4.514217259540947 48.28942457703828),2.775476489915079e-06,-4.514217259540947,48.28942457703828
2025-09-04 09:44:15.118133,110,1,POINT (-4.514219005359685 48.289426283921955),2.4415845134550135e-06,-4.514219005359685,48.289426283921955
2025-09-04 09:44:16.118133,111,1,POINT (-4.5142202721937155 48.289428031545164),2.158484500983947e-06,-4.5142202721937155,48.289428031545164
2025-09-04 09:44:17.118133,112,1,POINT (-4.514221073869899 48.28942984987253),1.9872088782096504e-06,-4.514221073869899,48.28942984987253
2025-09-04 09:44:18.118133,113,1,POINT (-4.5142214248858705 48.28943172591454),1.9085978679313536e-06,-4.5142214248858705,48.28943172591454
2025-09-04 09:44:19.118133,114,1,POINT (-4.514221314530814 48.289433645484436),1.9227394070127357e-06,-4.514221314530814,48.289433645484436
2025-09-04 09:44:20.118133,115,1,POINT (-4.514220759531149 48.289435605494674),2.0370725956112996e-06,-4.514220759531149,48.289435605494674
2025-09-04 09:44:21.118133,116,1,POINT (-4.514219769602354 48.28943762229007),2.2466469907381344e-06,-4.514219769602354,48.28943762229007
2025-09-04 09:44:22.118133,117,1,POINT (-4.514218339433889 48.289439653812664),2.4844447825262526e-06,-4.514218339433889,48.289439653812664
2025-09-04 09:44:23.118133,118,1,POINT (-4.514216475229397 48.289441717088856),2.7807134027487018e-06,-4.514216475229397,48.289441717088856
2025-09-04 09:44:24.118133,119,1,POINT (-4.514214185638382 48.28944382420384),3.111617037501116e-06,-4.514214185638382,48.28944382420384
2025-09-04 09:44:25.118133,120,1,POINT (-4.514211484060539 48.28944597785086),3.4549556172957032e-06,-4.514211484060539,48.28944597785086
2025-09-04 09:44:26.118133,121,1,POINT (-4.514208376200406 48.28944818466628),3.811670091720494e-06,-4.514208376200406,48.28944818466628
2025-09-04 09:44:27.118133,122,1,POINT (-4.514204880318459 48.28945041739294),4.148042784807729e-06,-4.514204880318459,48.28945041739294
2025-09-04 09:44:28.118133,123,1,POINT (-4.514200987382246 48.2894526912309),4.508357951224822e-06,-4.514200987382246,48.2894526912309
2025-09-04 09:44:29.118133,124,1,POINT (-4.514196711004712 48.289455020918126),4.8697892550280665e-06,-4.514196711004712,48.289455020918126
2025-09-04 09:44:30.118133,125,1,POINT (-4.514192042486318 48.28945736821441),5.225405613567519e-06,-4.514192042486318,48.28945736821441
2025-09-04 09:44:31.118133,126,1,POINT (-4.51418698286668 48.28945972922048),5.5833771650412275e-06,-4.51418698286668,48.28945972922048
2025-09-04 09:44:32.118133,127,1,POINT (-4.514181552156187 48.28946210366257),5.927106519736047e-06,-4.514181552156187,48.28946210366257
2025-09-04 09:44:33.118133,128,1,POINT (-4.514175749976435 48.28946447668127),6.26869265560918e-06,-4.514175749976435,48.28946447668127
2025-09-04 09:44:34.118133,129,1,POINT (-4.514169578384103 48.289466837150556),6.607599198415443e-06,-4.514169578384103,48.289466837150556
2025-09-04 09:44:35.118133,130,1,POINT (-4.514163043607025 48.28946918902698),6.94511585114783e-06,-4.514163043607025,48.28946918902698
2025-09-04 09:44:36.118133,131,1,POINT (-4.514156149873 48.28947152231447),7.277898001023157e-06,-4.514156149873,48.28947152231447
2025-09-04 09:44:37.118133,132,1,POINT (-4.514148898789913 48.289473830322116),7.609540407924562e-06,-4.514148898789913,48.289473830322116
2025-09-04 09:44:38.118133,133,1,POINT (-4.514141310224729 48.28947612448324),7.9277674538804e-06,-4.514141310224729,48.28947612448324
2025-09-04 09:44:39.118133,134,1,POINT (-4.514133842855699 48.289478367870714),7.797075580084639e-06,-4.514133842855699,48.289478367870714
2025-09-04 09:44:40.118133,135,1,POINT (-4.514126497455306 48.28948059210189),7.67477108765014e-06,-4.514126497455306,48.28948059210189
2025-09-04 09:44:41.118133,136,1,POINT (-4.514119267363217 48.28948277750396),7.553159196595228e-06,-4.514119267363217,48.28948277750396
2025-09-04 09:44:42.118133,137,1,POINT (-4.514112146852294 48.289484932950835),7.439598579401696e-06,-4.514112146852294,48.289484932950835
2025-09-04 09:44:43.118133,138,1,POINT (-4.514105126135378 48.289487044163565),7.331281279364624e-06,-4.514105126135378,48.289487044163565
2025-09-04 09:44:44.118133,139,1,POINT (-4.514098211842968 48.289489130697646),7.222261696510181e-06,-4.514098211842968,48.289489130697646
2025-09-04 09:44:45.118133,140,1,POINT (-4.514091405497101 48.28949118627476),7.109974776425709e-06,-4.514091405497101,48.28949118627476
2025-09-04 09:44:46.118133,141,1,POINT (-4.514084710806677 48.28949319491146),6.9895279714769826e-06,-4.514084710806677,48.28949319491146
2025-09-04 09:44:47.118133,142,1,POINT (-4.514078115826452 48.28949517664812),6.886293949225464e-06,-4.514078115826452,48.28949517664812
2025-09-04 09:44:48.118133,143,1,POINT (-4.514071625271367 48.28949714090188),6.781268182225151e-06,-4.514071625271367,48.28949714090188
2025-09-04 09:44:49.118133,144,1,POINT (-4.514065233560283 48.28949907080225),6.6767122165863046e-06,-4.514065233560283,48.28949907080225
2025-09-04 09:44:50.118133,145,1,POINT (-4.514058940565937 48.28950096753016),6.572621592657558e-06,-4.514058940565937,48.28950096753016
2025-09-04 09:44:51.118133,146,1,POINT (-4.514052745625934 48.28950283919834),6.4715085893546005e-06,-4.514052745625934,48.28950283919834
2025-09-04 09:44:52.118133,147,1,POINT (-4.514046653202272 48.28950470292318),6.371114215903161e-06,-4.514046653202272,48.28950470292318
2025-09-04 09:44:53.118133,148,1,POINT (-4.51404064609566 48.28950657969397),6.293456795940518e-06,-4.51404064609566,48.28950657969397
2025-09-04 09:44:54.118133,149,1,POINT (-4.514034726789754 48.28950842078626),6.199016311871164e-06,-4.514034726789754,48.28950842078626
2025-09-04 09:44:55.118133,150,1,POINT (-4.514028904565963 48.28951023160007),6.097322077366331e-06,-4.514028904565963,48.28951023160007
2025-09-04 09:44:56.118133,151,1,POINT (-4.514023172336188 48.28951203088255),6.007984324013634e-06,-4.514023172336188,48.28951203088255
2025-09-04 09:44:57.118133,152,1,POINT (-4.514017528624643 48.28951382501998),5.922027451125441e-06,-4.514017528624643,48.28951382501998
2025-09-04 09:44:58.118133,153,1,POINT (-4.514011976653237 48.28951561949092),5.83476755655335e-06,-4.514011976653237,48.28951561949092
2025-09-04 09:44:59.118133,154,1,POINT (-4.514006506665178 48.28951739012561),5.749427499222934e-06,-4.514006506665178,48.28951739012561
2025-09-04 09:45:00.118133,155,1,POINT (-4.51400112816211 48.28951914106689),5.656331905562324e-06,-4.51400112816211,48.28951914106689
2025-09-04 09:45:01.118133,156,1,POINT (-4.513995831452202 48.28952087228396),5.572454431165159e-06,-4.513995831452202,48.28952087228396
2025-09-04 09:45:02.118133,157,1,POINT (-4.513990615931156 48.28952261282781),5.498286340403067e-06,-4.513990615931156,48.28952261282781
2025-09-04 09:45:03.118133,158,1,POINT (-4.51398548544101 48.2895243610895),5.4201797078146276e-06,-4.51398548544101,48.2895243610895
2025-09-04 09:45:04.118133,159,1,POINT (-4.513980429577834 48.28952612977662),5.3563053110518886e-06,-4.513980429577834,48.28952612977662
2025-09-04 09:45:05.118133,160,1,POINT (-4.513975452629348 48.289527874308526),5.273841845408652e-06,-4.513975452629348,48.289527874308526
2025-09-04 09:45:06.118133,161,1,POINT (-4.513970557147343 48.28952961735486),5.1965329381357235e-06,-4.513970557147343,48.28952961735486
2025-09-04 09:45:07.118133,162,1,POINT (-4.513965730248342 48.28953136878331),5.134827707225432e-06,-4.513965730248342,48.28953136878331
2025-09-04 09:45:08.118133,163,1,POINT (-4.513960968478225 48.28953312943247),5.076843519282839e-06,-4.513960968478225,48.28953312943247
2025-09-04 09:45:09.118133,164,1,POINT (-4.513956272484812 48.2895348792331),5.0114026362904965e-06,-4.513956272484812,48.2895348792331
2025-09-04 09:45:10.118133,165,1,POINT (-4.513951649780827 48.289536612799736),4.9370685034442174e-06,-4.513951649780827,48.289536612799736
2025-09-04 09:45:11.118133,166,1,POINT (-4.51394709373635 48.28953834059914),4.872661700010227e-06,-4.51394709373635,48.28953834059914
2025-09-04 09:45:12.118133,167,1,POINT (-4.51394259350613 48.289540085034695),4.826502610846311e-06,-4.51394259350613,48.289540085034695
2025-09-04 09:45:13.118133,168,1,POINT (-4.513938778526323 48.28954188152199),4.216804184799341e-06,-4.513938778526323,48.28954188152199
2025-09-04 09:45:14.118133,169,1,POINT (-4.513935655338888 48.28954371835227),3.6232920427833075e-06,-4.513935655338888,48.28954371835227
2025-09-04 09:45:15.118133,170,1,POINT (-4.513933227481634 48.28954559475949),3.0684515465116788e-06,-4.513933227481634,48.28954559475949
2025-09-04 09:45:16.118133,171,1,POINT (-4.513931499908823 48.28954750513527),2.575663688394498e-06,-4.513931499908823,48.28954750513527
2025-09-04 09:45:17.118133,172,1,POINT (-4.513930452671147 48.28954952618391),2.2762566576974252e-06,-4.513930452671147,48.28954952618391
2025-09-04 09:45:18.118133,173,1,POINT (-4.513930104532872 48.28955160581632),2.108570894342146e-06,-4.513930104532872,48.28955160581632
2025-09-04 09:45:19.118133,174,1,POINT (-4.513930454393405 48.289553758057),2.180491301822663e-06,-4.513930454393405,48.289553758057
2025-09-04 09:45:20.118133,175,1,POINT (-4.513931511802926 48.28955596173325),2.444238925089893e-06,-4.513931511802926,48.28955596173325
2025-09-04 09:45:21.118133,176,1,POINT (-4.513933269882086 48.28955825044931),2.886011701796369e-06,-4.513933269882086,48.28955825044931
2025-09-04 09:45:22.118133,177,1,POINT (-4.513935748731024 48.28956056696701),3.3927785539058102e-06,-4.513935748731024,48.28956056696701
2025-09-04 09:45:23.118133,178,1,POINT (-4.513938947518416 48.28956292399279),3.973387886906347e-06,-4.513938947518416,48.28956292399279
2025-09-04 09:45:24.118133,179,1,POINT (-4.513942870024273 48.28956531836378),4.595548348678831e-06,-4.513942870024273,48.28956531836378
2025-09-04 09:45:25.118133,180,1,POINT (-4.513947508782663 48.289567788696814),5.255532771481366e-06,-4.513947508782663,48.289567788696814
2025-09-04 09:45:26.118133,181,1,POINT (-4.513952872173687 48.28957031682005),5.929365088483628e-06,-4.513952872173687,48.28957031682005
2025-09-04 09:45:27.118133,182,1,POINT (-4.513958970629688 48.28957287426978),6.612995897376295e-06,-4.513958970629688,48.28957287426978
2025-09-04 09:45:28.118133,183,1,POINT (-4.513965808987553 48.28957545268385),7.308307423656578e-06,-4.513965808987553,48.28957545268385
2025-09-04 09:45:29.118133,184,1,POINT (-4.513972551622485 48.28957798224545),7.201514264973046e-06,-4.513972551622485,48.28957798224545
2025-09-04 09:45:30.118133,185,1,POINT (-4.513979188914864 48.28958047825354),7.0911005157854494e-06,-4.513979188914864,48.28958047825354
2025-09-04 09:45:31.118133,186,1,POINT (-4.51398572278659 48.2895829574351),6.988406179840574e-06,-4.51398572278659,48.2895829574351
2025-09-04 09:45:32.118133,187,1,POINT (-4.513992163696681 48.28958539393647),6.886353296648889e-06,-4.513992163696681,48.28958539393647
2025-09-04 09:45:33.118133,188,1,POINT (-4.513998512158872 48.28958778172908),6.7826636173415185e-06,-4.513998512158872,48.28958778172908
2025-09-04 09:45:34.118133,189,1,POINT (-4.514004754629955 48.28959013285249),6.670549189926529e-06,-4.514004754629955,48.28959013285249
2025-09-04 09:45:35.118133,190,1,POINT (-4.5140109008378095 48.289592468960215),6.575201160726571e-06,-4.5140109008378095,48.289592468960215
2025-09-04 09:45:36.118133,191,1,POINT (-4.514016943085346 48.289594799468944),6.4761119678136595e-06,-4.514016943085346,48.289594799468944
2025-09-04 09:45:37.118133,192,1,POINT (-4.5140228911766505 48.28959708766563),6.37303964072756e-06,-4.5140228911766505,48.28959708766563
2025-09-04 09:45:38.118133,193,1,POINT (-4.514028751530379 48.28959935119385),6.282300996437437e-06,-4.514028751530379,48.28959935119385
2025-09-04 09:45:39.118133,194,1,POINT (-4.514034510517919 48.28960158335953),6.176447287752689e-06,-4.514034510517919,48.28960158335953
2025-09-04 09:45:40.118133,195,1,POINT (-4.514040182512456 48.289603792253246),6.0869313688961545e-06,-4.514040182512456,48.289603792253246
2025-09-04 09:45:41.118133,196,1,POINT (-4.514045761005152 48.28960597424195),5.9900463655844305e-06,-4.514045761005152,48.28960597424195
2025-09-04 09:45:42.118133,197,1,POINT (-4.514051246401999 48.28960814610734),5.899709979310903e-06,-4.514051246401999,48.28960814610734
2025-09-04 09:45:43.118133,198,1,POINT (-4.514056652915489 48.28961031212517),5.824261442970243e-06,-4.514056652915489,48.28961031212517
2025-09-04 09:45:44.118133,199,1,POINT (-4.514061972546331 48.289612456412264),5.735541774258567e-06,-4.514061972546331,48.289612456412264
2025-09-04 09:45:45.118133,200,1,POINT (-4.5140672104031765 48.28961459493716),5.65759958566308e-06,-4.5140672104031765,48.28961459493716
2025-09-04 09:45:46.118133,201,1,POINT (-4.514072363482049 48.289616725679586),5.576224990583767e-06,-4.514072363482049,48.289616725679586
2025-09-04 09:45:47.118133,202,1,POINT (-4.5140774338652125 48.28961886975987),5.505076355955293e-06,-4.5140774338652125,48.28961886975987
2025-09-04 09:45:48.118133,203,1,POINT (-4.514082430705614 48.28962101870151),5.439334901716771e-06,-4.514082430705614,48.28962101870151
2025-09-04 09:45:49.118133,204,1,POINT (-4.514086892270756 48.289623148343644),4.943777819463406e-06,-4.514086892270756,48.289623148343644
2025-09-04 09:45:50.118133,205,1,POINT (-4.514090817331649 48.28962528880066),4.470756003356658e-06,-4.514090817331649,48.28962528880066
2025-09-04 09:45:51.118133,206,1,POINT (-4.514094224955919 48.2896273963704),4.006713538713651e-06,-4.514094224955919,48.2896273963704
2025-09-04 09:45:52.118133,207,1,POINT (-4.514097115658803 48.28962950341732),3.5771231327118406e-06,-4.514097115658803,48.28962950341732
2025-09-04 09:45:53.118133,208,1,POINT (-4.514099502011882 48.28963163416922),3.1991849983919643e-06,-4.514099502011882,48.28963163416922
2025-09-04 09:45:54.118133,209,1,POINT (-4.5141013948486615 48.289633766310104),2.851114839684637e-06,-4.5141013948486615,48.289633766310104
2025-09-04 09:45:55.118133,210,1,POINT (-4.514102800256478 48.28963589467249),2.5505092809644806e-06,-4.514102800256478,48.28963589467249
2025-09-04 09:45:56.118133,211,1,POINT (-4.514103721443275 48.28963801337968),2.3103041482806647e-06,-4.514103721443275,48.28963801337968
2025-09-04 09:45:57.118133,212,1,POINT (-4.514104172336041 48.28964014159487),2.175454939937516e-06,-4.514104172336041,48.28964014159487
2025-09-04 09:45:58.118133,213,1,POINT (-4.514104142582986 48.28964225512992),2.1137444588247635e-06,-4.514104142582986,48.28964225512992
2025-09-04 09:45:59.118133,214,1,POINT (-4.514103655399451 48.28964435110018),2.1518455163139738e-06,-4.514103655399451,48.28964435110018
2025-09-04 09:46:00.118133,215,1,POINT (-4.514102713079368 48.28964647690543),2.325298929211362e-06,-4.514102713079368,48.28964647690543
2025-09-04 09:46:01.118133,216,1,POINT (-4.514101330704242 48.289648602257444),2.5353662780182978e-06,-4.514101330704242,48.289648602257444
2025-09-04 09:46:02.118133,217,1,POINT (-4.514099519791587 48.289650751357705),2.810344565239073e-06,-4.514099519791587,48.289650751357705
2025-09-04 09:46:03.118133,218,1,POINT (-4.514097276842473 48.28965291955809),3.1196015171886504e-06,-4.514097276842473,48.28965291955809
2025-09-04 09:46:04.118133,219,1,POINT (-4.514094608606814 48.28965510787647),3.450828723582481e-06,-4.514094608606814,48.28965510787647
2025-09-04 09:46:05.118133,220,1,POINT (-4.51409198570449 48.28965726877216),3.398394736178524e-06,-4.51409198570449,48.28965726877216
2025-09-04 09:46:06.118133,221,1,POINT (-4.514088936564732 48.28965943817556),3.7421336676283235e-06,-4.514088936564732,48.28965943817556
2025-09-04 09:46:07.118133,222,1,POINT (-4.514085473927636 48.28966159947645),4.0817982796364096e-06,-4.514085473927636,48.28966159947645
2025-09-04 09:46:08.118133,223,1,POINT (-4.5140816203144665 48.289663763737366),4.419769197765029e-06,-4.5140816203144665,48.289663763737366
2025-09-04 09:46:09.118133,224,1,POINT (-4.514077355482689 48.289665933388584),4.7849949318016805e-06,-4.514077355482689,48.289665933388584
2025-09-04 09:46:10.118133,225,1,POINT (-4.514072691023078 48.289668123570166),5.153064993186974e-06,-4.514072691023078,48.289668123570166
2025-09-04 09:46:11.118133,226,1,POINT (-4.514067637158343 48.289670310536216),5.506756692434529e-06,-4.514067637158343,48.289670310536216
2025-09-04 09:46:12.118133,227,1,POINT (-4.51406218951447 48.28967247458899),5.8617359350290496e-06,-4.51406218951447,48.28967247458899
2025-09-04 09:46:13.118133,228,1,POINT (-4.514056363444868 48.28967461368068),6.2063516070008994e-06,-4.514056363444868,48.28967461368068
2025-09-04 09:46:14.118133,229,1,POINT (-4.514050157307214 48.28967674376968),6.561510781746349e-06,-4.514050157307214,48.28967674376968
2025-09-04 09:46:15.118133,230,1,POINT (-4.514043589806985 48.28967883675452),6.892941663895807e-06,-4.514043589806985,48.28967883675452
2025-09-04 09:46:16.118133,231,1,POINT (-4.51403665318801 48.2896809072951),7.239048355640858e-06,-4.51403665318801,48.2896809072951
2025-09-04 09:46:17.118133,232,1,POINT (-4.514029364829859 48.289682952823725),7.569963797898417e-06,-4.514029364829859,48.289682952823725
2025-09-04 09:46:18.118133,233,1,POINT (-4.514021725271512 48.2896849667418),7.900551737559415e-06,-4.514021725271512,48.2896849667418
2025-09-04 09:46:19.118133,234,1,POINT (-4.5140137319835 48.28968695354117),8.236505628765234e-06,-4.5140137319835,48.28968695354117
2025-09-04 09:46:20.118133,235,1,POINT (-4.514005397521221 48.289688901415005),8.559058005696452e-06,-4.514005397521221,48.289688901415005
2025-09-04 09:46:21.118133,236,1,POINT (-4.513996728747792 48.289690795220984),8.873225674169886e-06,-4.513996728747792,48.289690795220984
2025-09-04 09:46:22.118133,237,1,POINT (-4.513988197180711 48.28969264669535),8.730154304134214e-06,-4.513988197180711,48.28969264669535
2025-09-04 09:46:23.118133,238,1,POINT (-4.513979800268771 48.28969448523943),8.59583471576454e-06,-4.513979800268771,48.28969448523943
2025-09-04 09:46:24.118133,239,1,POINT (-4.513971531976974 48.28969630938073),8.467121159148529e-06,-4.513971531976974,48.28969630938073
2025-09-04 09:46:25.118133,240,1,POINT (-4.51396339538752 48.28969808572748),8.32823485070907e-06,-4.51396339538752,48.28969808572748
2025-09-04 09:46:26.118133,241,1,POINT (-4.51395538562262 48.28969979800996),8.190741422118944e-06,-4.51395538562262,48.28969979800996
2025-09-04 09:46:27.118133,242,1,POINT (-4.513947500451628 48.2897014803243),8.06263623767305e-06,-4.513947500451628,48.2897014803243
2025-09-04 09:46:28.118133,243,1,POINT (-4.513939733351217 48.28970314738949),7.94398861689232e-06,-4.513939733351217,48.28970314738949
2025-09-04 09:46:29.118133,244,1,POINT (-4.513932094851995 48.28970475993617),7.806854498613672e-06,-4.513932094851995,48.28970475993617
2025-09-04 09:46:30.118133,245,1,POINT (-4.513924564655447 48.28970635130932),7.69651405193368e-06,-4.513924564655447,48.28970635130932
2025-09-04 09:46:31.118133,246,1,POINT (-4.513917149588759 48.28970790381171),7.575848312524531e-06,-4.513917149588759,48.28970790381171
2025-09-04 09:46:32.118133,247,1,POINT (-4.513909843041933 48.28970944559509),7.467444176290208e-06,-4.513909843041933,48.28970944559509
2025-09-04 09:46:33.118133,248,1,POINT (-4.513903107310053 48.289711025278855),6.9184886169840584e-06,-4.513903107310053,48.289711025278855
2025-09-04 09:46:34.118133,249,1,POINT (-4.5138969284470845 48.289712609239906),6.378658181729167e-06,-4.5138969284470845,48.289712609239906
2025-09-04 09:46:35.118133,250,1,POINT (-4.513891279131212 48.28971423334511),5.878136400236947e-06,-4.513891279131212,48.28971423334511
2025-09-04 09:46:36.118133,251,1,POINT (-4.513886150527982 48.289715933219185),5.402975380055242e-06,-4.513886150527982,48.289715933219185
2025-09-04 09:46:37.118133,252,1,POINT (-4.51388155293489 48.289717683423895),4.919459194548002e-06,-4.51388155293489,48.289717683423895
2025-09-04 09:46:38.118133,253,1,POINT (-4.513877480552103 48.28971948736209),4.4540424993641074e-06,-4.513877480552103,48.28971948736209
2025-09-04 09:46:39.118133,254,1,POINT (-4.513873911385003 48.28972134915736),4.0255726808896404e-06,-4.513873911385003,48.28972134915736
2025-09-04 09:46:40.118133,255,1,POINT (-4.5138708425703085 48.289723264605),3.617535527752951e-06,-4.5138708425703085,48.289723264605
2025-09-04 09:46:41.118133,256,1,POINT (-4.513868260173892 48.28972522030719),3.239373751770756e-06,-4.513868260173892,48.28972522030719
2025-09-04 09:46:42.118133,257,1,POINT (-4.513866156229604 48.289727228038785),2.9081897678604544e-06,-4.513866156229604,48.289727228038785
2025-09-04 09:46:43.118133,258,1,POINT (-4.513864522795641 48.289729295694364),2.6350153895973526e-06,-4.513864522795641,48.289729295694364
2025-09-04 09:46:44.118133,259,1,POINT (-4.513863360108421 48.28973141334176),2.4158377582020743e-06,-4.513863360108421,48.28973141334176
2025-09-04 09:46:45.118133,260,1,POINT (-4.5138626572074525 48.28973359428001),2.2914103526950397e-06,-4.5138626572074525,48.28973359428001
2025-09-04 09:46:46.118133,261,1,POINT (-4.513862420429898 48.28973580201188),2.2203926771723614e-06,-4.513862420429898,48.28973580201188
2025-09-04 09:46:47.118133,262,1,POINT (-4.513862626104148 48.28973804177108),2.2491827761801383e-06,-4.513862626104148,48.28973804177108
2025-09-04 09:46:48.118133,263,1,POINT (-4.513863272991931 48.28974032577683),2.3738462633073453e-06,-4.513863272991931,48.28974032577683
2025-09-04 09:46:49.118133,264,1,POINT (-4.513864355643843 48.289742646180635),2.5605485672130783e-06,-4.513864355643843,48.289742646180635
2025-09-04 09:46:50.118133,265,1,POINT (-4.513865849592371 48.28974502890143),2.812337210427174e-06,-4.513865849592371,48.28974502890143
2025-09-04 09:46:51.118133,266,1,POINT (-4.513867769244732 48.28974743381482),3.077120991272363e-06,-4.513867769244732,48.28974743381482
2025-09-04 09:46:52.118133,267,1,POINT (-4.513870104414347 48.28974988817763),3.3877594299437363e-06,-4.513870104414347,48.28974988817763
2025-09-04 09:46:53.118133,268,1,POINT (-4.513872834500305 48.289752388250086),3.7018551590445566e-06,-4.513872834500305,48.289752388250086
2025-09-04 09:46:54.118133,269,1,POINT (-4.513875966572609 48.2897549246975),4.030315420124529e-06,-4.513875966572609,48.2897549246975
2025-09-04 09:46:55.118133,270,1,POINT (-4.513879504433789 48.289757470117884),4.3583972596470866e-06,-4.513879504433789,48.289757470117884
2025-09-04 09:46:56.118133,271,1,POINT (-4.513883422495933 48.28976005927345),4.696268465269342e-06,-4.513883422495933,48.28976005927345
2025-09-04 09:46:57.118133,272,1,POINT (-4.513887728549173 48.28976266851353),5.034901024417094e-06,-4.513887728549173,48.28976266851353
2025-09-04 09:46:58.118133,273,1,POINT (-4.513892423422808 48.28976529341017),5.378840098526585e-06,-4.513892423422808,48.28976529341017
2025-09-04 09:46:59.118133,274,1,POINT (-4.513897038122071 48.2897679019084),5.3009161747046e-06,-4.513897038122071,48.2897679019084
2025-09-04 09:47:00.118133,275,1,POINT (-4.513901563197014 48.28977049849242),5.217140197568492e-06,-4.513901563197014,48.28977049849242
2025-09-04 09:47:01.118133,276,1,POINT (-4.513905996961861 48.289773098203355),5.139724471813622e-06,-4.513905996961861,48.289773098203355
2025-09-04 09:47:02.118133,277,1,POINT (-4.513910358862221 48.28977569891814),5.078374951906816e-06,-4.513910358862221,48.28977569891814
2025-09-04 09:47:03.118133,278,1,POINT (-4.51391464168957 48.28977828948214),5.0053603212362e-06,-4.51391464168957,48.28977828948214
2025-09-04 09:47:04.118133,279,1,POINT (-4.513918865658799 48.28978085847036),4.943846326576752e-06,-4.513918865658799,48.28978085847036
2025-09-04 09:47:05.118133,280,1,POINT (-4.513923010955529 48.289783419967),4.872858507285563e-06,-4.513923010955529,48.289783419967
2025-09-04 09:47:06.118133,281,1,POINT (-4.513927085428242 48.289785980493505),4.812236887894078e-06,-4.513927085428242,48.289785980493505
2025-09-04 09:47:07.118133,282,1,POINT (-4.513931098343241 48.28978849429032),4.735257248894045e-06,-4.513931098343241,48.28978849429032
2025-09-04 09:47:08.118133,283,1,POINT (-4.513935036787416 48.289790978918134),4.656685290430693e-06,-4.513935036787416,48.289790978918134
2025-09-04 09:47:09.118133,284,1,POINT (-4.51393891775542 48.28979343719063),4.594019625472245e-06,-4.51393891775542,48.28979343719063
2025-09-04 09:47:10.118133,285,1,POINT (-4.513942726034078 48.2897958701492),4.519100987022361e-06,-4.513942726034078,48.2897958701492
2025-09-04 09:47:11.118133,286,1,POINT (-4.513946467515561 48.28979828654057),4.4539455462937244e-06,-4.513946467515561,48.28979828654057
2025-09-04 09:47:12.118133,287,1,POINT (-4.513950145888808 48.28980070998368),4.40494111980389e-06,-4.513950145888808,48.28980070998368
2025-09-04 09:47:13.118133,288,1,POINT (-4.513953768488129 48.2898031342851),4.358952078175809e-06,-4.513953768488129,48.2898031342851
2025-09-04 09:47:14.118133,289,1,POINT (-4.513957344670305 48.28980550851556),4.292557424645504e-06,-4.513957344670305,48.28980550851556
2025-09-04 09:47:15.118133,290,1,POINT (-4.513960864453903 48.28980785817609),4.231994939313731e-06,-4.513960864453903,48.28980785817609
2025-09-04 09:47:16.118133,291,1,POINT (-4.513964327032598 48.28981019875107),4.1794428403177895e-06,-4.513964327032598,48.28981019875107
2025-09-04 09:47:17.118133,292,1,POINT (-4.513967729406258 48.28981251622846),4.116654949128419e-06,-4.513967729406258,48.28981251622846
2025-09-04 09:47:18.118133,293,1,POINT (-4.51397107486541 48.289814815462606),4.059381060864996e-06,-4.51397107486541,48.289814815462606
2025-09-04 09:47:19.118133,294,1,POINT (-4.513974371772825 48.28981710616757),4.014589360344879e-06,-4.513974371772825,48.28981710616757
2025-09-04 09:47:20.118133,295,1,POINT (-4.513977609898825 48.28981941716306),3.978210672229569e-06,-4.513977609898825,48.28981941716306
2025-09-04 09:47:21.118133,296,1,POINT (-4.513980794048084 48.28982171905947),3.929062684539436e-06,-4.513980794048084,48.28982171905947
2025-09-04 09:47:22.118133,297,1,POINT (-4.513983917072974 48.28982401288368),3.8749082524005185e-06,-4.513983917072974,48.28982401288368
2025-09-04 09:47:23.118133,298,1,POINT (-4.513986986913059 48.28982629401335),3.82458765631063e-06,-4.513986986913059,48.28982629401335
2025-09-04 09:47:24.118133,299,1,POINT (-4.513990012221593 48.28982858179822),3.7929475771683637e-06,-4.513990012221593,48.28982858179822
2025-09-04 09:47:25.118133,300,1,POINT (-4.513992993279024 48.289830865275384),3.7551260129849047e-06,-4.513992993279024,48.289830865275384
2025-09-04 09:42:25.118133,0,2,POINT (-4.348536180747959 48.33650207534516),5.0828789779211615e-08,-4.348536180747959,48.33650207534516
2025-09-04 09:42:26.118133,1,2,POINT (-4.348536230634384 48.33650206560296),5.0828789779211615e-08,-4.348536230634384,48.33650206560296
2025-09-04 09:42:27.118133,2,2,POINT (-4.348536315263403 48.33650205514853),8.52723049393683e-08,-4.348536315263403,48.33650205514853
2025-09-04 09:42:28.118133,3,2,POINT (-4.348536453832254 48.3365020365461),1.398119332895119e-07,-4.348536453832254,48.3365020365461
2025-09-04 09:42:29.118133,4,2,POINT (-4.34853665066036 48.33650201108274),1.9846835055117853e-07,-4.34853665066036,48.33650201108274
2025-09-04 09:42:30.118133,5,2,POINT (-4.3485369336771065 48.33650197695319),2.850671940717569e-07,-4.3485369336771065,48.33650197695319
2025-09-04 09:42:31.118133,6,2,POINT (-4.3485373195306956 48.336501926669804),3.8911619188973514e-07,-4.3485373195306956,48.336501926669804
2025-09-04 09:42:32.118133,7,2,POINT (-4.348537731504788 48.33650186779887),4.161591512481376e-07,-4.348537731504788,48.33650186779887
2025-09-04 09:42:33.118133,8,2,POINT (-4.34853818285153 48.336501804826725),4.557185240577573e-07,-4.34853818285153,48.336501804826725
2025-09-04 09:42:34.118133,9,2,POINT (-4.348538714255141 48.33650173582143),5.358652148670236e-07,-4.348538714255141,48.33650173582143
2025-09-04 09:42:35.118133,10,2,POINT (-4.348539284388048 48.336501664811145),5.745380685234351e-07,-4.348539284388048,48.336501664811145
2025-09-04 09:42:36.118133,11,2,POINT (-4.3485398979165275 48.33650158893731),6.182022598803041e-07,-4.3485398979165275,48.33650158893731
2025-09-04 09:42:37.118133,12,2,POINT (-4.348540584801135 48.33650151072307),6.913233195802793e-07,-4.348540584801135,48.33650151072307
2025-09-04 09:42:38.118133,13,2,POINT (-4.348541347327052 48.33650141981761),7.679255020615187e-07,-4.348541347327052,48.33650141981761
2025-09-04 09:42:39.118133,14,2,POINT (-4.348542152315654 48.33650132680905),8.103439031730637e-07,-4.348542152315654,48.33650132680905
2025-09-04 09:42:40.118133,15,2,POINT (-4.348542960609867 48.33650123609736),8.13368394251504e-07,-4.348542960609867,48.33650123609736
2025-09-04 09:42:41.118133,16,2,POINT (-4.348543835567882 48.33650113753267),8.804922062977188e-07,-4.348543835567882,48.33650113753267
2025-09-04 09:42:42.118133,17,2,POINT (-4.348544773733314 48.33650103443206),9.438136016060742e-07,-4.348544773733314,48.33650103443206
2025-09-04 09:42:43.118133,18,2,POINT (-4.348545764424928 48.33650092436827),9.967867934040878e-07,-4.348545764424928,48.33650092436827
2025-09-04 09:42:44.118133,19,2,POINT (-4.34854679652868 48.33650081049297),1.0383668614204877e-06,-4.34854679652868,48.33650081049297
2025-09-04 09:42:45.118133,20,2,POINT (-4.348547903283963 48.33650068970839),1.1133266242006168e-06,-4.348547903283963,48.33650068970839
2025-09-04 09:42:46.118133,21,2,POINT (-4.348549055703566 48.33650056368542),1.1592897526291383e-06,-4.348549055703566,48.33650056368542
2025-09-04 09:42:47.118133,22,2,POINT (-4.348550265266412 48.33650043899294),1.2159730633669312e-06,-4.348550265266412,48.33650043899294
2025-09-04 09:42:48.118133,23,2,POINT (-4.348551530152503 48.33650031073028),1.2713725393443312e-06,-4.348551530152503,48.33650031073028
2025-09-04 09:42:49.118133,24,2,POINT (-4.3485528280029895 48.33650018163301),1.3042553391902718e-06,-4.3485528280029895,48.33650018163301
2025-09-04 09:42:50.118133,25,2,POINT (-4.348554177261634 48.33650004956455),1.3557068151870588e-06,-4.348554177261634,48.33650004956455
2025-09-04 09:42:51.118133,26,2,POINT (-4.348555519273547 48.33649991527436),1.3487141394955558e-06,-4.348555519273547,48.33649991527436
2025-09-04 09:42:52.118133,27,2,POINT (-4.348556866141223 48.33649977700623),1.353946310573835e-06,-4.348556866141223,48.33649977700623
2025-09-04 09:42:53.118133,28,2,POINT (-4.348558229997416 48.336499636983795),1.3710251634139734e-06,-4.348558229997416,48.336499636983795
2025-09-04 09:42:54.118133,29,2,POINT (-4.348559664101363 48.336499491128755),1.4415019329391142e-06,-4.348559664101363,48.336499491128755
2025-09-04 09:42:55.118133,30,2,POINT (-4.3485611526678625 48.33649933795554),1.4964264959805523e-06,-4.3485611526678625,48.33649933795554
2025-09-04 09:42:56.118133,31,2,POINT (-4.34856265200597 48.336499187174525),1.5069006853551907e-06,-4.34856265200597,48.336499187174525
2025-09-04 09:42:57.118133,32,2,POINT (-4.348564177271044 48.33649903708663),1.532631697251749e-06,-4.348564177271044,48.33649903708663
2025-09-04 09:42:58.118133,33,2,POINT (-4.348565783527775 48.33649888025114),1.6138953056189455e-06,-4.348565783527775,48.33649888025114
2025-09-04 09:42:59.118133,34,2,POINT (-4.348567443577216 48.33649871798358),1.6679613029209308e-06,-4.348567443577216,48.33649871798358
2025-09-04 09:43:00.118133,35,2,POINT (-4.348569109558118 48.33649855101481),1.674327009320718e-06,-4.348569109558118,48.33649855101481
2025-09-04 09:43:01.118133,36,2,POINT (-4.34857081493122 48.33649837942545),1.7139837594225008e-06,-4.34857081493122,48.33649837942545
2025-09-04 09:43:02.118133,37,2,POINT (-4.348572576166545 48.336498202285206),1.7701210509236383e-06,-4.348572576166545,48.336498202285206
2025-09-04 09:43:03.118133,38,2,POINT (-4.348574354155598 48.33649802355212),1.7869500810954114e-06,-4.348574354155598,48.33649802355212
2025-09-04 09:43:04.118133,39,2,POINT (-4.348576211966381 48.336497840066016),1.8668497671204575e-06,-4.348576211966381,48.336497840066016
2025-09-04 09:43:05.118133,40,2,POINT (-4.3485780959837115 48.33649765304418),1.8932771774145892e-06,-4.3485780959837115,48.33649765304418
2025-09-04 09:43:06.118133,41,2,POINT (-4.348579983593669 48.336497463066664),1.8971459632864833e-06,-4.348579983593669,48.336497463066664
2025-09-04 09:43:07.118133,42,2,POINT (-4.348581924277203 48.33649726938345),1.9503245283361482e-06,-4.348581924277203,48.33649726938345
2025-09-04 09:43:08.118133,43,2,POINT (-4.348583871124223 48.33649707665634),1.956363222666825e-06,-4.348583871124223,48.33649707665634
2025-09-04 09:43:09.118133,44,2,POINT (-4.348585871364035 48.33649687624701),2.010254512693168e-06,-4.348585871364035,48.33649687624701
2025-09-04 09:43:10.118133,45,2,POINT (-4.348587833582613 48.33649667553622),1.9724569881168715e-06,-4.348587833582613,48.33649667553622
2025-09-04 09:43:11.118133,46,2,POINT (-4.348589782756548 48.33649647711288),1.959247521342971e-06,-4.348589782756548,48.33649647711288
2025-09-04 09:43:12.118133,47,2,POINT (-4.3485917627775486 48.33649627544226),1.990264857423527e-06,-4.3485917627775486,48.33649627544226
2025-09-04 09:43:13.118133,48,2,POINT (-4.348593780050913 48.33649606346078),2.028380628522886e-06,-4.348593780050913,48.33649606346078
2025-09-04 09:43:14.118133,49,2,POINT (-4.348595857251029 48.33649584491576),2.088665182998943e-06,-4.348595857251029,48.33649584491576
2025-09-04 09:43:15.118133,50,2,POINT (-4.348597954319405 48.336495624317024),2.108639270986746e-06,-4.348597954319405,48.336495624317024
2025-09-04 09:43:16.118133,51,2,POINT (-4.348600118898856 48.33649539761624),2.1764184910692236e-06,-4.348600118898856,48.33649539761624
2025-09-04 09:43:17.118133,52,2,POINT (-4.348602322551185 48.33649516657937),2.2157304942873493e-06,-4.348602322551185,48.33649516657937
2025-09-04 09:43:18.118133,53,2,POINT (-4.348604536412997 48.33649493119975),2.2263395255130295e-06,-4.348604536412997,48.33649493119975
2025-09-04 09:43:19.118133,54,2,POINT (-4.348606818736998 48.33649468949531),2.295086901647757e-06,-4.348606818736998,48.33649468949531
2025-09-04 09:43:20.118133,55,2,POINT (-4.34860911892575 48.336494444220584),2.313228908683669e-06,-4.34860911892575,48.336494444220584
2025-09-04 09:43:21.118133,56,2,POINT (-4.348611427343021 48.336494195172236),2.321812950981931e-06,-4.348611427343021,48.336494195172236
2025-09-04 09:43:22.118133,57,2,POINT (-4.348613759929712 48.33649394042241),2.346456508367478e-06,-4.348613759929712,48.33649394042241
2025-09-04 09:43:23.118133,58,2,POINT (-4.348616129835933 48.33649368412779),2.383724486245494e-06,-4.348616129835933,48.33649368412779
2025-09-04 09:43:24.118133,59,2,POINT (-4.348618553489275 48.33649342014506),2.437987367187526e-06,-4.348618553489275,48.33649342014506
2025-09-04 09:43:25.118133,60,2,POINT (-4.348620972938376 48.336493156291986),2.4337938276321805e-06,-4.348620972938376,48.336493156291986
2025-09-04 09:43:26.118133,61,2,POINT (-4.3486233969695265 48.33649289273354),2.4383170581570774e-06,-4.3486233969695265,48.33649289273354
2025-09-04 09:43:27.118133,62,2,POINT (-4.348625881643526 48.336492623387066),2.4992303630897637e-06,-4.348625881643526,48.336492623387066
2025-09-04 09:43:28.118133,63,2,POINT (-4.348628397191929 48.336492351380855),2.53021167971713e-06,-4.348628397191929,48.336492351380855
2025-09-04 09:43:29.118133,64,2,POINT (-4.348630936406292 48.336492074604095),2.5542542859117203e-06,-4.348630936406292,48.336492074604095
2025-09-04 09:43:30.118133,65,2,POINT (-4.348633527456375 48.33649178982054),2.6066534492403223e-06,-4.348633527456375,48.33649178982054
2025-09-04 09:43:31.118133,66,2,POINT (-4.348636183866678 48.33649149833417),2.672354767787357e-06,-4.348636183866678,48.33649149833417
2025-09-04 09:43:32.118133,67,2,POINT (-4.348638872590886 48.336491205288866),2.7046466340616965e-06,-4.348638872590886,48.336491205288866
2025-09-04 09:43:33.118133,68,2,POINT (-4.348641543625866 48.33649091169578),2.687122022092575e-06,-4.348641543625866,48.33649091169578
2025-09-04 09:43:34.118133,69,2,POINT (-4.3486442059916905 48.336490615879136),2.6787495727466004e-06,-4.3486442059916905,48.336490615879136
2025-09-04 09:43:35.118133,70,2,POINT (-4.3486468843838795 48.33649031656417),2.6950647792338786e-06,-4.3486468843838795,48.33649031656417
2025-09-04 09:43:36.118133,71,2,POINT (-4.348649600990542 48.33649001054217),2.7337888037580476e-06,-4.348649600990542,48.33649001054217
2025-09-04 09:43:37.118133,72,2,POINT (-4.3486523011979 48.33648970871838),2.7170236246070415e-06,-4.3486523011979,48.33648970871838
2025-09-04 09:43:38.118133,73,2,POINT (-4.348655017891472 48.33648940589033),2.7335194883308665e-06,-4.348655017891472,48.33648940589033
2025-09-04 09:43:39.118133,74,2,POINT (-4.348657754808714 48.33648910355476),2.7535654683372774e-06,-4.348657754808714,48.33648910355476
2025-09-04 09:43:40.118133,75,2,POINT (-4.348660490034968 48.33648880013671),2.75200384622831e-06,-4.348660490034968,48.33648880013671
2025-09-04 09:43:41.118133,76,2,POINT (-4.348663227409914 48.33648849968161),2.7538146029228835e-06,-4.348663227409914,48.33648849968161
2025-09-04 09:43:42.118133,77,2,POINT (-4.348665991737323 48.336488197357774),2.780810263774104e-06,-4.348665991737323,48.336488197357774
2025-09-04 09:43:43.118133,78,2,POINT (-4.348668785461117 48.33648788782891),2.8108185201564344e-06,-4.348668785461117,48.33648788782891
2025-09-04 09:43:44.118133,79,2,POINT (-4.348671577647238 48.33648757578112),2.809568856423757e-06,-4.348671577647238,48.33648757578112
2025-09-04 09:43:45.118133,80,2,POINT (-4.348674405202385 48.336487262407225),2.844867538191664e-06,-4.348674405202385,48.336487262407225
2025-09-04 09:43:46.118133,81,2,POINT (-4.34867727281493 48.336486946834356),2.8849242524874217e-06,-4.34867727281493,48.336486946834356
2025-09-04 09:43:47.118133,82,2,POINT (-4.348680156493789 48.33648662739019),2.9013183796954987e-06,-4.348680156493789,48.33648662739019
2025-09-04 09:43:48.118133,83,2,POINT (-4.348683035720798 48.33648630639953),2.897064578298044e-06,-4.348683035720798,48.33648630639953
2025-09-04 09:43:49.118133,84,2,POINT (-4.348685956479949 48.33648597472942),2.9395304180703444e-06,-4.348685956479949,48.33648597472942
2025-09-04 09:43:50.118133,85,2,POINT (-4.348688895456231 48.33648563936521),2.958048468299203e-06,-4.348688895456231,48.33648563936521
2025-09-04 09:43:51.118133,86,2,POINT (-4.348691834468499 48.33648530485966),2.9579869972644077e-06,-4.348691834468499,48.33648530485966
2025-09-04 09:43:52.118133,87,2,POINT (-4.3486948156833165 48.33648496739256),3.000254294188778e-06,-4.3486948156833165,48.33648496739256
2025-09-04 09:43:53.118133,88,2,POINT (-4.348697851813526 48.33648462275723),3.055627620617347e-06,-4.348697851813526,48.33648462275723
2025-09-04 09:43:54.118133,89,2,POINT (-4.348700915432424 48.33648427457092),3.0833414440603496e-06,-4.348700915432424,48.33648427457092
2025-09-04 09:43:55.118133,90,2,POINT (-4.34870398884273 48.33648392245588),3.0935151377583125e-06,-4.34870398884273,48.33648392245588
2025-09-04 09:43:56.118133,91,2,POINT (-4.348707140801753 48.3364835596179),3.1727743506938626e-06,-4.348707140801753,48.3364835596179
2025-09-04 09:43:57.118133,92,2,POINT (-4.348710321276772 48.33648318967683),3.20191782359676e-06,-4.348710321276772,48.33648318967683
2025-09-04 09:43:58.118133,93,2,POINT (-4.348713522638358 48.33648281998494),3.2226368241949565e-06,-4.348713522638358,48.33648281998494
2025-09-04 09:43:59.118133,94,2,POINT (-4.348716749805405 48.336482448039824),3.248530485147827e-06,-4.348716749805405,48.336482448039824
2025-09-04 09:44:00.118133,95,2,POINT (-4.348719979517034 48.33648207978552),3.2506381586680803e-06,-4.348719979517034,48.33648207978552
2025-09-04 09:44:01.118133,96,2,POINT (-4.348723245186619 48.336481710336926),3.2865011948421025e-06,-4.348723245186619,48.336481710336926
2025-09-04 09:44:02.118133,97,2,POINT (-4.3487265325797395 48.33648133528491),3.30871841414403e-06,-4.3487265325797395,48.33648133528491
2025-09-04 09:44:03.118133,98,2,POINT (-4.348729864619304 48.33648095880755),3.3532406504811454e-06,-4.348729864619304,48.33648095880755
2025-09-04 09:44:04.118133,99,2,POINT (-4.348733220690546 48.336480580001336),3.377381875073439e-06,-4.348733220690546,48.336480580001336
2025-09-04 09:44:05.118133,100,2,POINT (-4.348736597920299 48.33648020277675),3.3982317743615516e-06,-4.348736597920299,48.33648020277675
2025-09-04 09:44:06.118133,101,2,POINT (-4.348739989308397 48.33647982308389),3.4125767242760853e-06,-4.348739989308397,48.33647982308389
2025-09-04 09:44:07.118133,102,2,POINT (-4.348743335921494 48.3364794462827),3.3677586547169104e-06,-4.348743335921494,48.3364794462827
2025-09-04 09:44:08.118133,103,2,POINT (-4.348746706923844 48.3364790688065),3.392070920547958e-06,-4.348746706923844,48.3364790688065
2025-09-04 09:44:09.118133,104,2,POINT (-4.348750059053369 48.336478693142226),3.373113694723694e-06,-4.348750059053369,48.336478693142226
2025-09-04 09:44:10.118133,105,2,POINT (-4.348753385728287 48.336478317623914),3.3478022657795054e-06,-4.348753385728287,48.336478317623914
2025-09-04 09:44:11.118133,106,2,POINT (-4.3487567409822905 48.33647794095211),3.3763310083685623e-06,-4.3487567409822905,48.33647794095211
2025-09-04 09:44:12.118133,107,2,POINT (-4.348760161163091 48.336477554649505),3.441927717240691e-06,-4.348760161163091,48.336477554649505
2025-09-04 09:44:13.118133,108,2,POINT (-4.348763548801429 48.33647717012583),3.409391729242085e-06,-4.348763548801429,48.33647717012583
2025-09-04 09:44:14.118133,109,2,POINT (-4.348766989164401 48.33647678263825),3.4621155392249546e-06,-4.348766989164401,48.33647678263825
2025-09-04 09:44:15.118133,110,2,POINT (-4.348770420173429 48.33647639589885),3.4527366413901686e-06,-4.348770420173429,48.33647639589885
2025-09-04 09:44:16.118133,111,2,POINT (-4.348773864034259 48.33647600924454),3.4654983718414377e-06,-4.348773864034259,48.33647600924454
2025-09-04 09:44:17.118133,112,2,POINT (-4.348777331084908 48.33647562483131),3.488296681568748e-06,-4.348777331084908,48.33647562483131
2025-09-04 09:44:18.118133,113,2,POINT (-4.348780802835368 48.3364752457615),3.492383881315114e-06,-4.348780802835368,48.3364752457615
2025-09-04 09:44:19.118133,114,2,POINT (-4.348784277572582 48.33647487127879),3.494858510591087e-06,-4.348784277572582,48.33647487127879
2025-09-04 09:44:20.118133,115,2,POINT (-4.348787785015847 48.33647449515045),3.527553087346237e-06,-4.348787785015847,48.33647449515045
2025-09-04 09:44:21.118133,116,2,POINT (-4.348791272457055 48.33647412000584),3.5075603575160364e-06,-4.348791272457055,48.33647412000584
2025-09-04 09:44:22.118133,117,2,POINT (-4.348794765459171 48.33647374972021),3.5125738749936598e-06,-4.348794765459171,48.33647374972021
2025-09-04 09:44:23.118133,118,2,POINT (-4.348798260817866 48.33647337910337),3.5149522404276955e-06,-4.348798260817866,48.33647337910337
2025-09-04 09:44:24.118133,119,2,POINT (-4.348801802071752 48.33647300208534),3.561266863712986e-06,-4.348801802071752,48.33647300208534
2025-09-04 09:44:25.118133,120,2,POINT (-4.348805392149814 48.3364726184762),3.610514709430892e-06,-4.348805392149814,48.3364726184762
2025-09-04 09:44:26.118133,121,2,POINT (-4.348808984248524 48.336472233007164),3.612721898260634e-06,-4.348808984248524,48.336472233007164
2025-09-04 09:44:27.118133,122,2,POINT (-4.348812579299475 48.33647184228815),3.6162207746571823e-06,-4.348812579299475,48.33647184228815
2025-09-04 09:44:28.118133,123,2,POINT (-4.348816199416899 48.33647144892495),3.6414262007475436e-06,-4.348816199416899,48.33647144892495
2025-09-04 09:44:29.118133,124,2,POINT (-4.348819838137639 48.336471054266056),3.6600606910650646e-06,-4.348819838137639,48.336471054266056
2025-09-04 09:44:30.118133,125,2,POINT (-4.348823423669882 48.33647066178906),3.606948801621952e-06,-4.348823423669882,48.33647066178906
2025-09-04 09:44:31.118133,126,2,POINT (-4.34882701405419 48.336470269140904),3.611790698886322e-06,-4.34882701405419,48.336470269140904
2025-09-04 09:44:32.118133,127,2,POINT (-4.3488306236015175 48.33646987661916),3.6308270722130914e-06,-4.3488306236015175,48.33646987661916
2025-09-04 09:44:33.118133,128,2,POINT (-4.348834271351525 48.336469474919525),3.6698014548570766e-06,-4.348834271351525,48.336469474919525
2025-09-04 09:44:34.118133,129,2,POINT (-4.348837899346769 48.33646907920257),3.6495124873651432e-06,-4.348837899346769,48.33646907920257
2025-09-04 09:44:35.118133,130,2,POINT (-4.348841578979879 48.33646867466886),3.701803256832873e-06,-4.348841578979879,48.33646867466886
2025-09-04 09:44:36.118133,131,2,POINT (-4.348845269727953 48.33646826593331),3.7133120104414467e-06,-4.348845269727953,48.33646826593331
2025-09-04 09:44:37.118133,132,2,POINT (-4.348849113807762 48.33646822943249),3.84425309897715e-06,-4.348849113807762,48.33646822943249
2025-09-04 09:44:38.118133,133,2,POINT (-4.348853133784335 48.3364685644768),4.033914517972674e-06,-4.348853133784335,48.3364685644768
2025-09-04 09:44:39.118133,134,2,POINT (-4.34885733164658 48.33646927258911),4.257166954072473e-06,-4.34885733164658,48.33646927258911
2025-09-04 09:44:40.118133,135,2,POINT (-4.34886166375488 48.336470360021046),4.466505404521719e-06,-4.34886166375488,48.336470360021046
2025-09-04 09:44:41.118133,136,2,POINT (-4.348866133215851 48.33647182816931),4.7044171469943374e-06,-4.348866133215851,48.33647182816931
2025-09-04 09:44:42.118133,137,2,POINT (-4.348870754858662 48.336473677322516),4.977845905015255e-06,-4.348870754858662,48.336473677322516
2025-09-04 09:44:43.118133,138,2,POINT (-4.348875490477329 48.33647591299845),5.236824519650481e-06,-4.348875490477329,48.33647591299845
2025-09-04 09:44:44.118133,139,2,POINT (-4.34888036211703 48.33647853486982),5.532366839446545e-06,-4.34888036211703,48.33647853486982
2025-09-04 09:44:45.118133,140,2,POINT (-4.348885394039987 48.33648154269844),5.862361442552658e-06,-4.348885394039987,48.33648154269844
2025-09-04 09:44:46.118133,141,2,POINT (-4.34889051823627 48.33648494449112),6.150575659642857e-06,-4.34889051823627,48.33648494449112
2025-09-04 09:44:47.118133,142,2,POINT (-4.348895677314756 48.336488746676864),6.408799206213334e-06,-4.348895677314756,48.336488746676864
2025-09-04 09:44:48.118133,143,2,POINT (-4.348900859154107 48.3364929515413),6.673255877964225e-06,-4.348900859154107,48.3364929515413
2025-09-04 09:44:49.118133,144,2,POINT (-4.348906090843794 48.33649755849369),6.970981801753741e-06,-4.348906090843794,48.33649755849369
2025-09-04 09:44:50.118133,145,2,POINT (-4.348911329539214 48.336502569214865),7.249224537322092e-06,-4.348911329539214,48.336502569214865
2025-09-04 09:44:51.118133,146,2,POINT (-4.348916538355889 48.33650797885813),7.509727785072394e-06,-4.348916538355889,48.33650797885813
2025-09-04 09:44:52.118133,147,2,POINT (-4.34892168896893 48.33651378551129),7.761831978368525e-06,-4.34892168896893,48.33651378551129
2025-09-04 09:44:53.118133,148,2,POINT (-4.348926691724566 48.336519504701606),7.5984670682784195e-06,-4.348926691724566,48.336519504701606
2025-09-04 09:44:54.118133,149,2,POINT (-4.348931553580498 48.3365251430058),7.445006198825676e-06,-4.348931553580498,48.3365251430058
2025-09-04 09:44:55.118133,150,2,POINT (-4.348936289652498 48.33653069501161),7.297612383222354e-06,-4.348936289652498,48.33653069501161
2025-09-04 09:44:56.118133,151,2,POINT (-4.348940859822934 48.336535913849474),6.937054595672933e-06,-4.348940859822934,48.336535913849474
2025-09-04 09:44:57.118133,152,2,POINT (-4.348945293308687 48.33654080606965),6.602243116293492e-06,-4.348945293308687,48.33654080606965
2025-09-04 09:44:58.118133,153,2,POINT (-4.348949610896367 48.33654537548376),6.286581636432055e-06,-4.348949610896367,48.33654537548376
2025-09-04 09:44:59.118133,154,2,POINT (-4.34895382889376 48.33654962210848),5.985425926047814e-06,-4.34895382889376,48.33654962210848
2025-09-04 09:45:00.118133,155,2,POINT (-4.348958025701137 48.336553552095396),5.7496077545091896e-06,-4.348958025701137,48.336553552095396
2025-09-04 09:45:01.118133,156,2,POINT (-4.348962189146433 48.336557171654405),5.5168364267233094e-06,-4.348962189146433,48.336557171654405
2025-09-04 09:45:02.118133,157,2,POINT (-4.348966308454136 48.33656048836114),5.288595228809531e-06,-4.348966308454136,48.33656048836114
2025-09-04 09:45:03.118133,158,2,POINT (-4.348970412080089 48.33656350283805),5.091838273237768e-06,-4.348970412080089,48.33656350283805
2025-09-04 09:45:04.118133,159,2,POINT (-4.348974513618631 48.33656622058101),4.920238332065732e-06,-4.348974513618631,48.33656622058101
2025-09-04 09:45:05.118133,160,2,POINT (-4.348978573903923 48.33656864393666),4.728484877735304e-06,-4.348978573903923,48.33656864393666
2025-09-04 09:45:06.118133,161,2,POINT (-4.348982637473813 48.33657078193075),4.591690211170476e-06,-4.348982637473813,48.33657078193075
2025-09-04 09:45:07.118133,162,2,POINT (-4.3489867665181645 48.336572642776616),4.528990459841774e-06,-4.3489867665181645,48.336572642776616
2025-09-04 09:45:08.118133,163,2,POINT (-4.348990857331719 48.33657422803407),4.387231099801411e-06,-4.348990857331719,48.33657422803407
2025-09-04 09:45:09.118133,164,2,POINT (-4.348995009218676 48.33657554225605),4.354921896311983e-06,-4.348995009218676,48.33657554225605
2025-09-04 09:45:10.118133,165,2,POINT (-4.348999188108315 48.33657658943672),4.308097719812752e-06,-4.348999188108315,48.33657658943672
2025-09-04 09:45:11.118133,166,2,POINT (-4.349003365868399 48.33657737219272),4.250457185508076e-06,-4.349003365868399,48.33657737219272
2025-09-04 09:45:12.118133,167,2,POINT (-4.349007542095437 48.336577895216976),4.2088509885689115e-06,-4.349007542095437,48.336577895216976
2025-09-04 09:45:13.118133,168,2,POINT (-4.349011662001701 48.33657815507543),4.128093269406164e-06,-4.349011662001701,48.33657815507543
2025-09-04 09:45:14.118133,169,2,POINT (-4.34901583745771 48.3365781639477),4.17546543467033e-06,-4.34901583745771,48.3365781639477
2025-09-04 09:45:15.118133,170,2,POINT (-4.349020040266985 48.33657792517327),4.209586562484517e-06,-4.349020040266985,48.33657792517327
2025-09-04 09:45:16.118133,171,2,POINT (-4.349024289713474 48.33657744124966),4.276912148547165e-06,-4.349024289713474,48.33657744124966
2025-09-04 09:45:17.118133,172,2,POINT (-4.349028588171962 48.33657671294552),4.359721584584359e-06,-4.349028588171962,48.33657671294552
2025-09-04 09:45:18.118133,173,2,POINT (-4.3490329501754585 48.33657574525142),4.468053980213185e-06,-4.3490329501754585,48.33657574525142
2025-09-04 09:45:19.118133,174,2,POINT (-4.3490373382620255 48.336574545515624),4.549139446770589e-06,-4.3490373382620255,48.336574545515624
2025-09-04 09:45:20.118133,175,2,POINT (-4.349041772799748 48.336573119466614),4.658190699742573e-06,-4.349041772799748,48.336573119466614
2025-09-04 09:45:21.118133,176,2,POINT (-4.3490461996597105 48.33657146995633),4.724190226115824e-06,-4.3490461996597105,48.33657146995633
2025-09-04 09:45:22.118133,177,2,POINT (-4.34905065451783 48.33656959864532),4.831931888687558e-06,-4.34905065451783,48.33656959864532
2025-09-04 09:45:23.118133,178,2,POINT (-4.349055143930271 48.33656751026954),4.951377329847305e-06,-4.349055143930271,48.33656751026954
2025-09-04 09:45:24.118133,179,2,POINT (-4.349059631419129 48.336565208083954),5.04357162319614e-06,-4.349059631419129,48.336565208083954
2025-09-04 09:45:25.118133,180,2,POINT (-4.349064129003822 48.33656268873498),5.155132134918343e-06,-4.349064129003822,48.33656268873498
2025-09-04 09:45:26.118133,181,2,POINT (-4.349068604121426 48.3365599584003),5.242270979433475e-06,-4.349068604121426,48.3365599584003
2025-09-04 09:45:27.118133,182,2,POINT (-4.349073099155007 48.33655701830771),5.371170388839894e-06,-4.349073099155007,48.33655701830771
2025-09-04 09:45:28.118133,183,2,POINT (-4.349077529386665 48.336553875450946),5.431804596284082e-06,-4.349077529386665,48.336553875450946
2025-09-04 09:45:29.118133,184,2,POINT (-4.349081974989968 48.33655052894387),5.5643955967218425e-06,-4.349081974989968,48.33655052894387
2025-09-04 09:45:30.118133,185,2,POINT (-4.3490863864370155 48.3365469790696),5.662373384891223e-06,-4.3490863864370155,48.3365469790696
2025-09-04 09:45:31.118133,186,2,POINT (-4.349090714586046 48.33654323368308),5.723704589350467e-06,-4.349090714586046,48.33654323368308
2025-09-04 09:45:32.118133,187,2,POINT (-4.349095021091749 48.33653929116445),5.8386166624909996e-06,-4.349095021091749,48.33653929116445
2025-09-04 09:45:33.118133,188,2,POINT (-4.349099214518865 48.33653515875283),5.88741511682143e-06,-4.349099214518865,48.33653515875283
2025-09-04 09:45:34.118133,189,2,POINT (-4.349103359287306 48.33653108685741),5.810287232916443e-06,-4.349103359287306,48.33653108685741
2025-09-04 09:45:35.118133,190,2,POINT (-4.349107497461357 48.33652707515689),5.7635254470913005e-06,-4.349107497461357,48.33652707515689
2025-09-04 09:45:36.118133,191,2,POINT (-4.349111564194137 48.336523118859446),5.6736764932304e-06,-4.349111564194137,48.336523118859446
2025-09-04 09:45:37.118133,192,2,POINT (-4.349115597976287 48.33651922232994),5.6084169448003996e-06,-4.349115597976287,48.33651922232994
2025-09-04 09:45:38.118133,193,2,POINT (-4.349119607786601 48.33651538339795),5.551214061625917e-06,-4.349119607786601,48.33651538339795
2025-09-04 09:45:39.118133,194,2,POINT (-4.349123583837701 48.33651160384826),5.485797867501207e-06,-4.349123583837701,48.33651160384826
2025-09-04 09:45:40.118133,195,2,POINT (-4.349127558216161 48.33650787819309),5.447585756774303e-06,-4.349127558216161,48.33650787819309
2025-09-04 09:45:41.118133,196,2,POINT (-4.349131471898095 48.3365042095248),5.364329717366834e-06,-4.349131471898095,48.3365042095248
2025-09-04 09:45:42.118133,197,2,POINT (-4.349135336793791 48.3365005940501),5.29236015606864e-06,-4.349135336793791,48.3365005940501
2025-09-04 09:45:43.118133,198,2,POINT (-4.349139148509347 48.336497032089625),5.216966351794803e-06,-4.349139148509347,48.336497032089625
2025-09-04 09:45:44.118133,199,2,POINT (-4.349142967000032 48.33649351702462),5.190043649798485e-06,-4.349142967000032,48.33649351702462
2025-09-04 09:45:45.118133,200,2,POINT (-4.349146740118173 48.33649005549273),5.120412437693621e-06,-4.349146740118173,48.33649005549273
2025-09-04 09:45:46.118133,201,2,POINT (-4.34915046006595 48.336486645210925),5.046586317304801e-06,-4.34915046006595,48.336486645210925
2025-09-04 09:45:47.118133,202,2,POINT (-4.349154192019598 48.33648328044146),5.0248533875964064e-06,-4.349154192019598,48.33648328044146
2025-09-04 09:45:48.118133,203,2,POINT (-4.3491579352898615 48.33647996304856),5.001716498972548e-06,-4.3491579352898615,48.33647996304856
2025-09-04 09:45:49.118133,204,2,POINT (-4.349161671482353 48.33647669314326),4.965019133887919e-06,-4.349161671482353,48.33647669314326
2025-09-04 09:45:50.118133,205,2,POINT (-4.349165373747677 48.336473468108494),4.909950894169751e-06,-4.349165373747677,48.336473468108494
2025-09-04 09:45:51.118133,206,2,POINT (-4.349169054100083 48.33647029324498),4.860530029952875e-06,-4.349169054100083,48.33647029324498
2025-09-04 09:45:52.118133,207,2,POINT (-4.349172693013643 48.33646716948364),4.7957874010009184e-06,-4.349172693013643,48.33646716948364
2025-09-04 09:45:53.118133,208,2,POINT (-4.349176335459804 48.33646408898578),4.770417289096001e-06,-4.349176335459804,48.33646408898578
2025-09-04 09:45:54.118133,209,2,POINT (-4.349180031506291 48.33646104649045),4.787226490124615e-06,-4.349180031506291,48.33646104649045
2025-09-04 09:45:55.118133,210,2,POINT (-4.349183700752001 48.33645804921433),4.737829483831845e-06,-4.349183700752001,48.33645804921433
2025-09-04 09:45:56.118133,211,2,POINT (-4.349187394975307 48.33645509371957),4.7309866935893e-06,-4.349187394975307,48.33645509371957
2025-09-04 09:45:57.118133,212,2,POINT (-4.3491911107262435 48.33645217599975),4.7243935018686815e-06,-4.3491911107262435,48.33645217599975
2025-09-04 09:45:58.118133,213,2,POINT (-4.349194850297815 48.33644929413246),4.721181488751438e-06,-4.349194850297815,48.33644929413246
2025-09-04 09:45:59.118133,214,2,POINT (-4.349198563596458 48.33644645627233),4.67354650431751e-06,-4.349198563596458,48.33644645627233
2025-09-04 09:46:00.118133,215,2,POINT (-4.34920228184982 48.33644365818976),4.653458297738379e-06,-4.34920228184982,48.33644365818976
2025-09-04 09:46:01.118133,216,2,POINT (-4.349205938607628 48.33644090416634),4.577829470584635e-06,-4.349205938607628,48.33644090416634
2025-09-04 09:46:02.118133,217,2,POINT (-4.349209593379263 48.33643818558855),4.5549995505907604e-06,-4.349209593379263,48.33643818558855
2025-09-04 09:46:03.118133,218,2,POINT (-4.3492132527367255 48.33643550129608),4.538317209371473e-06,-4.3492132527367255,48.33643550129608
2025-09-04 09:46:04.118133,219,2,POINT (-4.349216928312599 48.33643284601799),4.534353286817516e-06,-4.349216928312599,48.33643284601799
2025-09-04 09:46:05.118133,220,2,POINT (-4.349220572727643 48.33643022483592),4.489137606662535e-06,-4.349220572727643,48.33643022483592
2025-09-04 09:46:06.118133,221,2,POINT (-4.349224221170787 48.336427637248235),4.472890275250495e-06,-4.349224221170787,48.336427637248235
2025-09-04 09:46:07.118133,222,2,POINT (-4.349227852686388 48.33642508089405),4.441041799834196e-06,-4.349227852686388,48.33642508089405
2025-09-04 09:46:08.118133,223,2,POINT (-4.349231438098664 48.33642256180688),4.381892443022059e-06,-4.349231438098664,48.33642256180688
2025-09-04 09:46:09.118133,224,2,POINT (-4.3492349879853975 48.33642007846171),4.332285662190171e-06,-4.3492349879853975,48.33642007846171
2025-09-04 09:46:10.118133,225,2,POINT (-4.349238589989186 48.336417613166816),4.364872299617437e-06,-4.349238589989186,48.336417613166816
2025-09-04 09:46:11.118133,226,2,POINT (-4.349242172890784 48.336415179590375),4.331221323318413e-06,-4.349242172890784,48.336415179590375
2025-09-04 09:46:12.118133,227,2,POINT (-4.349245788907788 48.336412770635896),4.344955771653982e-06,-4.349245788907788,48.336412770635896
2025-09-04 09:46:13.118133,228,2,POINT (-4.349249449181641 48.33641038535838),4.368884699672483e-06,-4.349249449181641,48.33641038535838
2025-09-04 09:46:14.118133,229,2,POINT (-4.349253158634057 48.336408019818236),4.399524677302647e-06,-4.349253158634057,48.336408019818236
2025-09-04 09:46:15.118133,230,2,POINT (-4.349256848827141 48.336405683116524),4.367802638092105e-06,-4.349256848827141,48.336405683116524
2025-09-04 09:46:16.118133,231,2,POINT (-4.349260521777698 48.33640337147708),4.339843626510479e-06,-4.349260521777698,48.33640337147708
2025-09-04 09:46:17.118133,232,2,POINT (-4.3492643130560085 48.33640132506972),4.308314555998815e-06,-4.3492643130560085,48.33640132506972
2025-09-04 09:46:18.118133,233,2,POINT (-4.349268239076878 48.33639954318601),4.311467200961044e-06,-4.349268239076878,48.33639954318601
2025-09-04 09:46:19.118133,234,2,POINT (-4.349272291479607 48.33639802151475),4.3286777768660755e-06,-4.349272291479607,48.33639802151475
2025-09-04 09:46:20.118133,235,2,POINT (-4.349276478770072 48.33639675168139),4.375600325616835e-06,-4.349276478770072,48.33639675168139
2025-09-04 09:46:21.118133,236,2,POINT (-4.34928084633445 48.336395718815616),4.488031896380868e-06,-4.34928084633445,48.336395718815616
2025-09-04 09:46:22.118133,237,2,POINT (-4.349285331457214 48.33639493544353),4.5530207592142204e-06,-4.349285331457214,48.33639493544353
2025-09-04 09:46:23.118133,238,2,POINT (-4.349289928614008 48.33639439919599),4.6283271289475905e-06,-4.349289928614008,48.33639439919599
2025-09-04 09:46:24.118133,239,2,POINT (-4.349294642804123 48.336394101750514),4.723564570995977e-06,-4.349294642804123,48.336394101750514
2025-09-04 09:46:25.118133,240,2,POINT (-4.349299492080407 48.33639403789204),4.849696730674839e-06,-4.349299492080407,48.33639403789204
2025-09-04 09:46:26.118133,241,2,POINT (-4.3493044772342175 48.3363942028465),4.987882164679517e-06,-4.3493044772342175,48.3363942028465
2025-09-04 09:46:27.118133,242,2,POINT (-4.349309603284364 48.336394592077276),5.140806424941438e-06,-4.349309603284364,48.336394592077276
2025-09-04 09:46:28.118133,243,2,POINT (-4.349314842216897 48.33639520562301),5.274737193252419e-06,-4.349314842216897,48.33639520562301
2025-09-04 09:46:29.118133,244,2,POINT (-4.349320185090329 48.336396041408115),5.4078492261201065e-06,-4.349320185090329,48.336396041408115
2025-09-04 09:46:30.118133,245,2,POINT (-4.349325657901766 48.336397095039345),5.573311743794046e-06,-4.349325657901766,48.336397095039345
2025-09-04 09:46:31.118133,246,2,POINT (-4.349331071612321 48.33639813282344),5.512282448868538e-06,-4.349331071612321,48.33639813282344
2025-09-04 09:46:32.118133,247,2,POINT (-4.349336453642834 48.336399146030224),5.476571959583701e-06,-4.349336453642834,48.336399146030224
2025-09-04 09:46:33.118133,248,2,POINT (-4.349341855061548 48.33640012963726),5.490246527180461e-06,-4.349341855061548,48.33640012963726
2025-09-04 09:46:34.118133,249,2,POINT (-4.349347274615136 48.33640108494698),5.503106190837306e-06,-4.349347274615136,48.33640108494698
2025-09-04 09:46:35.118133,250,2,POINT (-4.349352670554561 48.33640201608666),5.4756902198954215e-06,-4.349352670554561,48.33640201608666
2025-09-04 09:46:36.118133,251,2,POINT (-4.349358037189373 48.33640292525391),5.443101532356445e-06,-4.349358037189373,48.33640292525391
2025-09-04 09:46:37.118133,252,2,POINT (-4.34936336735019 48.33640381307773),5.4035956060191385e-06,-4.34936336735019,48.33640381307773
2025-09-04 09:46:38.118133,253,2,POINT (-4.349368705838622 48.33640467333707),5.4073565519087034e-06,-4.349368705838622,48.33640467333707
2025-09-04 09:46:39.118133,254,2,POINT (-4.349374011796075 48.33640551481311),5.372268274572263e-06,-4.349374011796075,48.33640551481311
2025-09-04 09:46:40.118133,255,2,POINT (-4.349379324360121 48.33640632732934),5.3743389703783375e-06,-4.349379324360121,48.33640632732934
2025-09-04 09:46:41.118133,256,2,POINT (-4.349384544682399 48.33640713189365),5.281958767110213e-06,-4.349384544682399,48.33640713189365
2025-09-04 09:46:42.118133,257,2,POINT (-4.349389759556973 48.33640791796562),5.273786681983948e-06,-4.349389759556973,48.33640791796562
2025-09-04 09:46:43.118133,258,2,POINT (-4.349394989364562 48.336408684023404),5.285615568599225e-06,-4.349394989364562,48.336408684023404
2025-09-04 09:46:44.118133,259,2,POINT (-4.349400215862809 48.33640943154886),5.2796854288642325e-06,-4.349400215862809,48.33640943154886
2025-09-04 09:46:45.118133,260,2,POINT (-4.349405418575015 48.33641016332838),5.253923825784021e-06,-4.349405418575015,48.33641016332838
2025-09-04 09:46:46.118133,261,2,POINT (-4.34941064309485 48.33641087500175),5.272768389564561e-06,-4.34941064309485,48.33641087500175
2025-09-04 09:46:47.118133,262,2,POINT (-4.349415816092039 48.33641157507118),5.2201529795487675e-06,-4.349415816092039,48.33641157507118
2025-09-04 09:46:48.118133,263,2,POINT (-4.349421018367652 48.33641225229516),5.246170400614234e-06,-4.349421018367652,48.33641225229516
2025-09-04 09:46:49.118133,264,2,POINT (-4.349426226747026 48.33641290421835),5.249020817822738e-06,-4.349426226747026,48.33641290421835
2025-09-04 09:46:50.118133,265,2,POINT (-4.3494314466772925 48.33641353767643),5.258226043722922e-06,-4.3494314466772925,48.33641353767643
2025-09-04 09:46:51.118133,266,2,POINT (-4.349436655810771 48.336414155470365),5.245640184351797e-06,-4.349436655810771,48.336414155470365
2025-09-04 09:46:52.118133,267,2,POINT (-4.349441868058922 48.336414756496715),5.246786012863887e-06,-4.349441868058922,48.336414756496715
2025-09-04 09:46:53.118133,268,2,POINT (-4.349447051899139 48.33641534499477),5.217138042165815e-06,-4.349447051899139,48.33641534499477
2025-09-04 09:46:54.118133,269,2,POINT (-4.349452224395951 48.336415918242416),5.20416526799937e-06,-4.349452224395951,48.336415918242416
2025-09-04 09:46:55.118133,270,2,POINT (-4.349457383842827 48.33641647451797),5.189348182132975e-06,-4.349457383842827,48.33641647451797
2025-09-04 09:46:56.118133,271,2,POINT (-4.349462517777761 48.33641701585387),5.162396000350863e-06,-4.349462517777761,48.33641701585387
2025-09-04 09:46:57.118133,272,2,POINT (-4.349467671327324 48.336417533935574),5.1795252439688646e-06,-4.349467671327324,48.336417533935574
2025-09-04 09:46:58.118133,273,2,POINT (-4.349472849332135 48.3364180337189),5.20206854937881e-06,-4.349472849332135,48.3364180337189
2025-09-04 09:46:59.118133,274,2,POINT (-4.3494779952936655 48.33641852186994),5.1690629238655225e-06,-4.3494779952936655,48.33641852186994
2025-09-04 09:47:00.118133,275,2,POINT (-4.349483129586155 48.33641899748672),5.156274885251128e-06,-4.349483129586155,48.33641899748672
2025-09-04 09:47:01.118133,276,2,POINT (-4.349488240660817 48.33641945745827),5.131730509505555e-06,-4.349488240660817,48.33641945745827
2025-09-04 09:47:02.118133,277,2,POINT (-4.349493308526939 48.336419905822126),5.0876612683299245e-06,-4.349493308526939,48.336419905822126
2025-09-04 09:47:03.118133,278,2,POINT (-4.349498352397232 48.33642034127966),5.0626327931955616e-06,-4.349498352397232,48.33642034127966
2025-09-04 09:47:04.118133,279,2,POINT (-4.349503373054074 48.33642076641184),5.038624067828041e-06,-4.349503373054074,48.33642076641184
2025-09-04 09:47:05.118133,280,2,POINT (-4.349508381165817 48.33642117921226),5.025095761896444e-06,-4.349508381165817,48.33642117921226
2025-09-04 09:47:06.118133,281,2,POINT (-4.349513408795908 48.3364215697604),5.042776237255911e-06,-4.349513408795908,48.3364215697604
2025-09-04 09:47:07.118133,282,2,POINT (-4.349518450295782 48.33642195106646),5.0558990586295665e-06,-4.349518450295782,48.33642195106646
2025-09-04 09:47:08.118133,283,2,POINT (-4.349523469814803 48.33642232292332),5.033274155319723e-06,-4.349523469814803,48.33642232292332
2025-09-04 09:47:09.118133,284,2,POINT (-4.349528504920961 48.33642268489122),5.048100116799451e-06,-4.349528504920961,48.33642268489122
2025-09-04 09:47:10.118133,285,2,POINT (-4.349533556417547 48.33642303711041),5.063761063685186e-06,-4.349533556417547,48.33642303711041
2025-09-04 09:47:11.118133,286,2,POINT (-4.34953864097501 48.336423370838844),5.0954979408089515e-06,-4.34953864097501,48.336423370838844
2025-09-04 09:47:12.118133,287,2,POINT (-4.349543743901371 48.33642369165979),5.113001420814469e-06,-4.349543743901371,48.33642369165979
2025-09-04 09:47:13.118133,288,2,POINT (-4.349548903624957 48.33642399612948),5.168698992105757e-06,-4.349548903624957,48.33642399612948
2025-09-04 09:47:14.118133,289,2,POINT (-4.349554048489928 48.33642429245114),5.15339132021195e-06,-4.349554048489928,48.33642429245114
2025-09-04 09:47:15.118133,290,2,POINT (-4.349559236253387 48.33642457309332),5.1953488560101485e-06,-4.349559236253387,48.33642457309332
2025-09-04 09:47:16.118133,291,2,POINT (-4.349564454532201 48.33642484000013),5.225100288959712e-06,-4.349564454532201,48.33642484000013
2025-09-04 09:47:17.118133,292,2,POINT (-4.349569666366931 48.336425096814445),5.218158185276425e-06,-4.349569666366931,48.336425096814445
2025-09-04 09:47:18.118133,293,2,POINT (-4.349574912248288 48.336425333752544),5.251229463013114e-06,-4.349574912248288,48.336425333752544
2025-09-04 09:47:19.118133,294,2,POINT (-4.349580109364777 48.336425569550464),5.202462922592416e-06,-4.349580109364777,48.336425569550464
2025-09-04 09:47:20.118133,295,2,POINT (-4.349585365278357 48.33642579173621),5.260607765816805e-06,-4.349585365278357,48.33642579173621
2025-09-04 09:47:21.118133,296,2,POINT (-4.349590645597112 48.33642600797402),5.284744548295518e-06,-4.349590645597112,48.33642600797402
2025-09-04 09:47:22.118133,297,2,POINT (-4.349595966547003 48.33642621071609),5.324810991402789e-06,-4.349595966547003,48.33642621071609
2025-09-04 09:47:23.118133,298,2,POINT (-4.349601365376239 48.33642640153451),5.402200365563037e-06,-4.349601365376239,48.33642640153451
2025-09-04 09:47:24.118133,299,2,POINT (-4.349606725833815 48.336426583140984),5.363533008301253e-06,-4.349606725833815,48.336426583140984
2025-09-04 09:47:25.118133,300,2,POINT (-4.349612059747302 48.336426754956335),5.336680016695744e-06,-4.349612059747302,48.336426754956335
2025-09-04 09:42:25.118133,0,3,POINT (-4.439590428883596 48.375957996754494),4.155316237398253e-07,-4.439590428883596,48.375957996754494
2025-09-04 09:42:26.118133,1,3,POINT (-4.43959023745526 48.375957627943265),4.155316237398253e-07,-4.43959023745526,48.375957627943265
2025-09-04 09:42:27.118133,2,3,POINT (-4.439589862584121 48.375956888613096),8.289375542229006e-07,-4.439589862584121,48.375956888613096
2025-09-04 09:42:28.118133,3,3,POINT (-4.439589313648788 48.375955776649285),1.2400780294120538e-06,-4.439589313648788,48.375955776649285
2025-09-04 09:42:29.118133,4,3,POINT (-4.439588574514677 48.37595429510438),1.6556855204171594e-06,-4.439588574514677,48.37595429510438
2025-09-04 09:42:30.118133,5,3,POINT (-4.43958760264828 48.375952452547764),2.0831560598043524e-06,-4.43958760264828,48.375952452547764
2025-09-04 09:42:31.118133,6,3,POINT (-4.4395863900292545 48.37595025038176),2.5139570401520598e-06,-4.4395863900292545,48.37595025038176
2025-09-04 09:42:32.118133,7,3,POINT (-4.439584917728632 48.37594769235258),2.951471228375212e-06,-4.439584917728632,48.37594769235258
2025-09-04 09:42:33.118133,8,3,POINT (-4.439583244917207 48.37594476516043),3.3714613952637822e-06,-4.439583244917207,48.37594476516043
2025-09-04 09:42:34.118133,9,3,POINT (-4.439581320990818 48.37594147924194),3.807722824602291e-06,-4.439581320990818,48.37594147924194
2025-09-04 09:42:35.118133,10,3,POINT (-4.439579091029776 48.37593784648885),4.262583867526401e-06,-4.439579091029776,48.37593784648885
2025-09-04 09:42:36.118133,11,3,POINT (-4.439576583272184 48.37593386005771),4.709615846506226e-06,-4.439576583272184,48.37593386005771
2025-09-04 09:42:37.118133,12,3,POINT (-4.439573755352207 48.37592952936282),5.172238353765734e-06,-4.439573755352207,48.37592952936282
2025-09-04 09:42:38.118133,13,3,POINT (-4.4395706036726335 48.37592485488167),5.63771746307259e-06,-4.4395706036726335,48.37592485488167
2025-09-04 09:42:39.118133,14,3,POINT (-4.439567110137397 48.37591984970437),6.103817514707124e-06,-4.439567110137397,48.37591984970437
2025-09-04 09:42:40.118133,15,3,POINT (-4.4395632614332525 48.37591451663789),6.576786572948579e-06,-4.4395632614332525,48.37591451663789
2025-09-04 09:42:41.118133,16,3,POINT (-4.439559041134613 48.375908874224095),7.04611623936021e-06,-4.439559041134613,48.375908874224095
2025-09-04 09:42:42.118133,17,3,POINT (-4.439554451148823 48.37590293339958),7.507420693376509e-06,-4.439554451148823,48.37590293339958
2025-09-04 09:42:43.118133,18,3,POINT (-4.439549476828308 48.37589670086844),7.974227801170756e-06,-4.439549476828308,48.37589670086844
2025-09-04 09:42:44.118133,19,3,POINT (-4.439544068714075 48.37589019935872),8.456791835443379e-06,-4.439544068714075,48.37589019935872
2025-09-04 09:42:45.118133,20,3,POINT (-4.439538175964956 48.37588344847005),8.960970374515076e-06,-4.439538175964956,48.37588344847005
2025-09-04 09:42:46.118133,21,3,POINT (-4.439531845759986 48.37587644640228),9.439303363778892e-06,-4.439531845759986,48.37587644640228
2025-09-04 09:42:47.118133,22,3,POINT (-4.43952501636382 48.37586922258673),9.941034307705641e-06,-4.43952501636382,48.37586922258673
2025-09-04 09:42:48.118133,23,3,POINT (-4.439517681439226 48.37586178342625),1.0447115745534881e-05,-4.439517681439226,48.37586178342625
2025-09-04 09:42:49.118133,24,3,POINT (-4.439509834109774 48.37585413676006),1.0956828161645062e-05,-4.439509834109774,48.37585413676006
2025-09-04 09:42:50.118133,25,3,POINT (-4.43950143293699 48.3758463085583),1.1483050419604772e-05,-4.43950143293699,48.3758463085583
2025-09-04 09:42:51.118133,26,3,POINT (-4.439492438818061 48.375838333443575),1.2020675114587488e-05,-4.439492438818061,48.375838333443575
2025-09-04 09:42:52.118133,27,3,POINT (-4.439482837713037 48.37583021730625),1.2571909272044049e-05,-4.439482837713037,48.37583021730625
2025-09-04 09:42:53.118133,28,3,POINT (-4.439472636927444 48.37582197376898),1.3115332000135624e-05,-4.439472636927444,48.37582197376898
2025-09-04 09:42:54.118133,29,3,POINT (-4.439461802682613 48.375813622126984),1.3679575471106888e-05,-4.439461802682613,48.375813622126984
2025-09-04 09:42:55.118133,30,3,POINT (-4.439450349260085 48.37580517155972),1.42335158942853e-05,-4.439450349260085,48.37580517155972
2025-09-04 09:42:56.118133,31,3,POINT (-4.439438257508255 48.37579664431427),1.4796093310625574e-05,-4.439438257508255,48.37579664431427
2025-09-04 09:42:57.118133,32,3,POINT (-4.4394254861007045 48.37578806274868),1.5386751403483235e-05,-4.4394254861007045,48.37578806274868
2025-09-04 09:42:58.118133,33,3,POINT (-4.439412042312886 48.37577944435491),1.5969099601773073e-05,-4.439412042312886,48.37577944435491
2025-09-04 09:42:59.118133,34,3,POINT (-4.439397910789287 48.37577081041496),1.6560340524172757e-05,-4.439397910789287,48.37577081041496
2025-09-04 09:43:00.118133,35,3,POINT (-4.43938308247129 48.3757621807467),1.7156636879175292e-05,-4.43938308247129,48.3757621807467
2025-09-04 09:43:01.118133,36,3,POINT (-4.439367550350324 48.37575357868619),1.7755062002666922e-05,-4.439367550350324,48.37575357868619
2025-09-04 09:43:02.118133,37,3,POINT (-4.439351313635243 48.375745023577466),1.835267832895163e-05,-4.439351313635243,48.375745023577466
2025-09-04 09:43:03.118133,38,3,POINT (-4.439334375156116 48.37573652487557),1.895098965921499e-05,-4.439334375156116,48.37573652487557
2025-09-04 09:43:04.118133,39,3,POINT (-4.439316724164515 48.37572810166183),1.9557812613959703e-05,-4.439316724164515,48.37572810166183
2025-09-04 09:43:05.118133,40,3,POINT (-4.439298380437855 48.37571975663726),2.0152710557161676e-05,-4.439298380437855,48.37571975663726
2025-09-04 09:43:06.118133,41,3,POINT (-4.439279297543168 48.37571154880649),2.0773188382061814e-05,-4.439279297543168,48.37571154880649
2025-09-04 09:43:07.118133,42,3,POINT (-4.439259486412377 48.37570348619125),2.138893797709154e-05,-4.439259486412377,48.37570348619125
2025-09-04 09:43:08.118133,43,3,POINT (-4.439238941537537 48.37569560401667),2.2005012116918075e-05,-4.439238941537537,48.37569560401667
2025-09-04 09:43:09.118133,44,3,POINT (-4.4392176469583555 48.37568794256636),2.2630884282413737e-05,-4.4392176469583555,48.37568794256636
2025-09-04 09:43:10.118133,45,3,POINT (-4.439195653797355 48.375680477529166),2.3225544366033972e-05,-4.439195653797355,48.375680477529166
2025-09-04 09:43:11.118133,46,3,POINT (-4.439173768342832 48.37567344585906),2.2987333559294987e-05,-4.439173768342832,48.37567344585906
2025-09-04 09:43:12.118133,47,3,POINT (-4.439151989504634 48.37566685325387),2.2754784913491946e-05,-4.439151989504634,48.37566685325387
2025-09-04 09:43:13.118133,48,3,POINT (-4.43913034756547 48.37566068298518),2.2504349501118056e-05,-4.43913034756547,48.37566068298518
2025-09-04 09:43:14.118133,49,3,POINT (-4.439108873295851 48.37565490567817),2.223784009230533e-05,-4.439108873295851,48.37565490567817
2025-09-04 09:43:15.118133,50,3,POINT (-4.439087583345814 48.3756495011705),2.1965215129816858e-05,-4.439087583345814,48.3756495011705
2025-09-04 09:43:16.118133,51,3,POINT (-4.4390667150504965 48.37564451007195),2.145685937392041e-05,-4.4390667150504965,48.37564451007195
2025-09-04 09:43:17.118133,52,3,POINT (-4.4390463124001664 48.37563988676796),2.0919920657401065e-05,-4.4390463124001664,48.37563988676796
2025-09-04 09:43:18.118133,53,3,POINT (-4.439026399332796 48.375635613060254),2.0366512455831785e-05,-4.439026399332796,48.375635613060254
2025-09-04 09:43:19.118133,54,3,POINT (-4.439006992453531 48.3756316830576),1.9800805127451932e-05,-4.439006992453531,48.3756316830576
2025-09-04 09:43:20.118133,55,3,POINT (-4.438988118310484 48.37562806747647),1.921732818695498e-05,-4.438988118310484,48.37562806747647
2025-09-04 09:43:21.118133,56,3,POINT (-4.438969797395499 48.37562474507164),1.8619728777356648e-05,-4.438969797395499,48.37562474507164
2025-09-04 09:43:22.118133,57,3,POINT (-4.438952043348659 48.375621709558416),1.801167731561694e-05,-4.438952043348659,48.375621709558416
2025-09-04 09:43:23.118133,58,3,POINT (-4.438934876912882 48.375618930543894),1.738992349115553e-05,-4.438934876912882,48.375618930543894
2025-09-04 09:43:24.118133,59,3,POINT (-4.438918321126703 48.375616357599924),1.6754524662252214e-05,-4.438918321126703,48.375616357599924
2025-09-04 09:43:25.118133,60,3,POINT (-4.438902383437813 48.375613989136355),1.6112713826245127e-05,-4.438902383437813,48.375613989136355
2025-09-04 09:43:26.118133,61,3,POINT (-4.438887080679234 48.375611776001904),1.5461965729172012e-05,-4.438887080679234,48.375611776001904
2025-09-04 09:43:27.118133,62,3,POINT (-4.438872417061918 48.37560972401607),1.4806495825794703e-05,-4.438872417061918,48.37560972401607
2025-09-04 09:43:28.118133,63,3,POINT (-4.438858401699334 48.375607808720964),1.4145626310648649e-05,-4.438858401699334,48.375607808720964
2025-09-04 09:43:29.118133,64,3,POINT (-4.4388450384153835 48.37560604578992),1.3479068358056406e-05,-4.4388450384153835,48.37560604578992
2025-09-04 09:43:30.118133,65,3,POINT (-4.4388323372049845 48.37560438152563),1.2809782247288704e-05,-4.4388323372049845,48.37560438152563
2025-09-04 09:43:31.118133,66,3,POINT (-4.438820302550197 48.375602805106936),1.213746315172612e-05,-4.438820302550197,48.375602805106936
2025-09-04 09:43:32.118133,67,3,POINT (-4.438808938595048 48.37560130265939),1.1462845426174595e-05,-4.438808938595048,48.37560130265939
2025-09-04 09:43:33.118133,68,3,POINT (-4.438798249127147 48.37559987792094),1.0783997573180291e-05,-4.438798249127147,48.37559987792094
2025-09-04 09:43:34.118133,69,3,POINT (-4.438788237331285 48.37559850160502),1.01059537843954e-05,-4.438788237331285,48.37559850160502
2025-09-04 09:43:35.118133,70,3,POINT (-4.438778906886587 48.375597181117094),9.423422234968128e-06,-4.438778906886587,48.375597181117094
2025-09-04 09:43:36.118133,71,3,POINT (-4.438770259737781 48.37559589216088),8.742687835547116e-06,-4.438770259737781,48.37559589216088
2025-09-04 09:43:37.118133,72,3,POINT (-4.438762295324107 48.37559459627537),8.06915140726926e-06,-4.438762295324107,48.37559459627537
2025-09-04 09:43:38.118133,73,3,POINT (-4.438755017371648 48.37559330914107),7.390893499100457e-06,-4.438755017371648,48.37559330914107
2025-09-04 09:43:39.118133,74,3,POINT (-4.438748424817479 48.375592000788),6.721127749065937e-06,-4.438748424817479,48.375592000788
2025-09-04 09:43:40.118133,75,3,POINT (-4.4387425192999235 48.375590668388114),6.053959617509759e-06,-4.4387425192999235,48.375590668388114
2025-09-04 09:43:41.118133,76,3,POINT (-4.438737302842438 48.37558931103535),5.390160964919121e-06,-4.438737302842438,48.37558931103535
2025-09-04 09:43:42.118133,77,3,POINT (-4.4387327779607375 48.37558793010025),4.730912823387155e-06,-4.4387327779607375,48.37558793010025
2025-09-04 09:43:43.118133,78,3,POINT (-4.438728945890246 48.37558651865153),4.083742369743738e-06,-4.438728945890246,48.37558651865153
2025-09-04 09:43:44.118133,79,3,POINT (-4.438725807323255 48.37558506729568),3.4578948163174804e-06,-4.438725807323255,48.37558506729568
2025-09-04 09:43:45.118133,80,3,POINT (-4.438723366298535 48.375583585392135),2.8556329951388225e-06,-4.438723366298535,48.375583585392135
2025-09-04 09:43:46.118133,81,3,POINT (-4.438721624615085 48.37558206949432),2.308984067364039e-06,-4.438721624615085,48.37558206949432
2025-09-04 09:43:47.118133,82,3,POINT (-4.438720584482299 48.37558051848732),1.8674846547160604e-06,-4.438720584482299,48.37558051848732
2025-09-04 09:43:48.118133,83,3,POINT (-4.438720245343485 48.37557891708758),1.6369166919705727e-06,-4.438720245343485,48.37557891708758
2025-09-04 09:43:49.118133,84,3,POINT (-4.438720613604808 48.37557728594668),1.6721952720221921e-06,-4.438720613604808,48.37557728594668
2025-09-04 09:43:50.118133,85,3,POINT (-4.438721689614478 48.37557561450543),1.987841209600721e-06,-4.438721689614478,48.37557561450543
2025-09-04 09:43:51.118133,86,3,POINT (-4.438723473030191 48.375573888291704),2.482012375472764e-06,-4.438723473030191,48.375573888291704
2025-09-04 09:43:52.118133,87,3,POINT (-4.438725968544043 48.375572118855786),3.059165385140655e-06,-4.438725968544043,48.375572118855786
2025-09-04 09:43:53.118133,88,3,POINT (-4.4387291811981875 48.37557032030327),3.6818389169849568e-06,-4.4387291811981875,48.37557032030327
2025-09-04 09:43:54.118133,89,3,POINT (-4.438733109266792 48.37556846882485),4.3425447939094005e-06,-4.438733109266792,48.37556846882485
2025-09-04 09:43:55.118133,90,3,POINT (-4.438737760495583 48.37556659455595),5.014659827476288e-06,-4.438737760495583,48.37556659455595
2025-09-04 09:43:56.118133,91,3,POINT (-4.438743139008744 48.37556470890651),5.699480470321599e-06,-4.438743139008744,48.37556470890651
2025-09-04 09:43:57.118133,92,3,POINT (-4.438749245534302 48.375562801413395),6.3975139213528326e-06,-4.438749245534302,48.375562801413395
2025-09-04 09:43:58.118133,93,3,POINT (-4.438756084188422 48.37556088421357),7.1023126758216195e-06,-4.438756084188422,48.37556088421357
2025-09-04 09:43:59.118133,94,3,POINT (-4.4387636595472895 48.375558976619885),7.81184841345099e-06,-4.4387636595472895,48.375558976619885
2025-09-04 09:44:00.118133,95,3,POINT (-4.438771975356439 48.37555709701077),8.525585741849847e-06,-4.438771975356439,48.37555709701077
2025-09-04 09:44:01.118133,96,3,POINT (-4.438781031120123 48.37555521961162),9.248323278588437e-06,-4.438781031120123,48.37555521961162
2025-09-04 09:44:02.118133,97,3,POINT (-4.438790829917359 48.37555335070062),9.975432601764451e-06,-4.438790829917359,48.37555335070062
2025-09-04 09:44:03.118133,98,3,POINT (-4.438801346674635 48.375551507064294),1.0677133441063178e-05,-4.438801346674635,48.375551507064294
2025-09-04 09:44:04.118133,99,3,POINT (-4.4388125863484165 48.37554972455615),1.1380140683809526e-05,-4.4388125863484165,48.37554972455615
2025-09-04 09:44:05.118133,100,3,POINT (-4.438824532864078 48.375547994756424),1.2071099516596581e-05,-4.438824532864078,48.375547994756424
2025-09-04 09:44:06.118133,101,3,POINT (-4.4388371740011845 48.375546321302004),1.2751423334338886e-05,-4.4388371740011845,48.375546321302004
2025-09-04 09:44:07.118133,102,3,POINT (-4.438850498586872 48.37554475291724),1.3416572382496384e-05,-4.438850498586872,48.37554475291724
2025-09-04 09:44:08.118133,103,3,POINT (-4.438864480006773 48.37554332413103),1.4054235393242467e-05,-4.438864480006773,48.37554332413103
2025-09-04 09:44:09.118133,104,3,POINT (-4.438879116389687 48.375542016664625),1.4694664787682746e-05,-4.438879116389687,48.375542016664625
2025-09-04 09:44:10.118133,105,3,POINT (-4.43889439282842 48.37554085654618),1.5320426076224838e-05,-4.43889439282842,48.37554085654618
2025-09-04 09:44:11.118133,106,3,POINT (-4.438909861578663 48.37553985225045),1.5501317492754224e-05,-4.438909861578663,48.37553985225045
2025-09-04 09:44:12.118133,107,3,POINT (-4.438925527974566 48.375538985166756),1.5690372675548398e-05,-4.438925527974566,48.375538985166756
2025-09-04 09:44:13.118133,108,3,POINT (-4.438941372839942 48.37553827641168),1.5860709080780597e-05,-4.438941372839942,48.37553827641168
2025-09-04 09:44:14.118133,109,3,POINT (-4.438957375103834 48.37553774649795),1.601103551389301e-05,-4.438957375103834,48.37553774649795
2025-09-04 09:44:15.118133,110,3,POINT (-4.4389735400519275 48.37553738296534),1.6169035309303913e-05,-4.4389735400519275,48.37553738296534
2025-09-04 09:44:16.118133,111,3,POINT (-4.438989875245052 48.37553714334358),1.6336950541638643e-05,-4.438989875245052,48.37553714334358
2025-09-04 09:44:17.118133,112,3,POINT (-4.439006368743672 48.3755370438927),1.6493798447059113e-05,-4.439006368743672,48.3755370438927
2025-09-04 09:44:18.118133,113,3,POINT (-4.43902299776002 48.375537124575885),1.662921208222826e-05,-4.43902299776002,48.375537124575885
2025-09-04 09:44:19.118133,114,3,POINT (-4.439039757102147 48.37553739836143),1.6761578298853043e-05,-4.439039757102147,48.37553739836143
2025-09-04 09:44:20.118133,115,3,POINT (-4.439056649954543 48.37553782077839),1.6898132978596376e-05,-4.439056649954543,48.37553782077839
2025-09-04 09:44:21.118133,116,3,POINT (-4.439073632646821 48.375538458378),1.6994657109000598e-05,-4.439073632646821,48.375538458378
2025-09-04 09:44:22.118133,117,3,POINT (-4.439090704055103 48.37553929449723),1.709187163863946e-05,-4.439090704055103,48.37553929449723
2025-09-04 09:44:23.118133,118,3,POINT (-4.439107859390973 48.37554033672097),1.71869653846508e-05,-4.439107859390973,48.37554033672097
2025-09-04 09:44:24.118133,119,3,POINT (-4.439125110886211 48.37554154774678),1.7293948983707035e-05,-4.439125110886211,48.37554154774678
2025-09-04 09:44:25.118133,120,3,POINT (-4.4391420089143985 48.37554286825842),1.694954594144963e-05,-4.4391420089143985,48.37554286825842
2025-09-04 09:44:26.118133,121,3,POINT (-4.439158565280044 48.37554425841732),1.6614625639991204e-05,-4.439158565280044,48.37554425841732
2025-09-04 09:44:27.118133,122,3,POINT (-4.439174773375751 48.375545737700435),1.627546143706182e-05,-4.439174773375751,48.375545737700435
2025-09-04 09:44:28.118133,123,3,POINT (-4.439190647112363 48.375547291912824),1.5949642320682302e-05,-4.439190647112363,48.375547291912824
2025-09-04 09:44:29.118133,124,3,POINT (-4.439206198117048 48.375548915706965),1.5635550969532024e-05,-4.439206198117048,48.375548915706965
2025-09-04 09:44:30.118133,125,3,POINT (-4.439221396634541 48.37555062969158),1.529485787000274e-05,-4.439221396634541,48.37555062969158
2025-09-04 09:44:31.118133,126,3,POINT (-4.43923628335231 48.37555239388293),1.4990888467019528e-05,-4.43923628335231,48.37555239388293
2025-09-04 09:44:32.118133,127,3,POINT (-4.439250854679724 48.37555420599999),1.4683574185284629e-05,-4.439250854679724,48.37555420599999
2025-09-04 09:44:33.118133,128,3,POINT (-4.43926508311999 48.3755560938387),1.4353133714012257e-05,-4.43926508311999,48.3755560938387
2025-09-04 09:44:34.118133,129,3,POINT (-4.439279040272505 48.37555799922315),1.4086610529883435e-05,-4.439279040272505,48.37555799922315
2025-09-04 09:44:35.118133,130,3,POINT (-4.439292698241507 48.375559948977745),1.3796436505520614e-05,-4.439292698241507,48.375559948977745
2025-09-04 09:44:36.118133,131,3,POINT (-4.439306064997603 48.37556193972195),1.3514186287110308e-05,-4.439306064997603,48.37556193972195
2025-09-04 09:44:37.118133,132,3,POINT (-4.4393191432556804 48.37556395720104),1.3232953420129018e-05,-4.4393191432556804,48.37556395720104
2025-09-04 09:44:38.118133,133,3,POINT (-4.439331943989031 48.37556599930344),1.2962598371227205e-05,-4.439331943989031,48.37556599930344
2025-09-04 09:44:39.118133,134,3,POINT (-4.439344489565424 48.37556806053818),1.2713778969130017e-05,-4.439344489565424,48.37556806053818
2025-09-04 09:44:40.118133,135,3,POINT (-4.439356397489528 48.37556999917524),1.2064699338084914e-05,-4.439356397489528,48.37556999917524
2025-09-04 09:44:41.118133,136,3,POINT (-4.43936768257522 48.37557180955884),1.1429376530363441e-05,-4.43936768257522,48.37557180955884
2025-09-04 09:44:42.118133,137,3,POINT (-4.439378367835846 48.37557347623482),1.0814462698278663e-05,-4.439378367835846,48.37557347623482
2025-09-04 09:44:43.118133,138,3,POINT (-4.439388482440547 48.375574970289414),1.0224354619920423e-05,-4.439388482440547,48.375574970289414
2025-09-04 09:44:44.118133,139,3,POINT (-4.439398060885232 48.37557628834414),9.668705748014343e-06,-4.439398060885232,48.37557628834414
2025-09-04 09:44:45.118133,140,3,POINT (-4.439407103719732 48.37557745386879),9.11763694737904e-06,-4.439407103719732,48.37557745386879
2025-09-04 09:44:46.118133,141,3,POINT (-4.439415621804152 48.375578457566775),8.577014155591632e-06,-4.439415621804152,48.375578457566775
2025-09-04 09:44:47.118133,142,3,POINT (-4.439423667321874 48.37557927664874),8.087103974252711e-06,-4.439423667321874,48.37557927664874
2025-09-04 09:44:48.118133,143,3,POINT (-4.4394312403143195 48.37557991984685),7.600257784103213e-06,-4.4394312403143195,48.37557991984685
2025-09-04 09:44:49.118133,144,3,POINT (-4.439438354228248 48.37558038956904),7.129404625309661e-06,-4.439438354228248,48.37558038956904
2025-09-04 09:44:50.118133,145,3,POINT (-4.43944502983332 48.375580682770206),6.682040856364556e-06,-4.43944502983332,48.375580682770206
2025-09-04 09:44:51.118133,146,3,POINT (-4.439451312304024 48.37558077320702),6.283121593577905e-06,-4.439451312304024,48.37558077320702
2025-09-04 09:44:52.118133,147,3,POINT (-4.439457184915328 48.37558067304676),5.8734653837722646e-06,-4.439457184915328,48.37558067304676
2025-09-04 09:44:53.118133,148,3,POINT (-4.439462629173944 48.37558040068312),5.45106721900935e-06,-4.439462629173944,48.37558040068312
2025-09-04 09:44:54.118133,149,3,POINT (-4.439467665396857 48.375579942879334),5.056987793104063e-06,-4.439467665396857,48.375579942879334
2025-09-04 09:44:55.118133,150,3,POINT (-4.439472267119257 48.37557932585642),4.64290494385238e-06,-4.439472267119257,48.37557932585642
2025-09-04 09:44:56.118133,151,3,POINT (-4.439476470537546 48.37557853905419),4.276421759478297e-06,-4.439476470537546,48.37557853905419
2025-09-04 09:44:57.118133,152,3,POINT (-4.43948028802393 48.37557757519785),3.937286036031835e-06,-4.43948028802393,48.37557757519785
2025-09-04 09:44:58.118133,153,3,POINT (-4.439483762033969 48.37557642822986),3.6584534059315356e-06,-4.439483762033969,48.37557642822986
2025-09-04 09:44:59.118133,154,3,POINT (-4.439486857170321 48.37557511048976),3.363972057986052e-06,-4.439486857170321,48.37557511048976
2025-09-04 09:45:00.118133,155,3,POINT (-4.439489637781908 48.375573601040756),3.163895874180306e-06,-4.439489637781908,48.375573601040756
2025-09-04 09:45:01.118133,156,3,POINT (-4.4394920617567415 48.37557192457013),2.947237307620388e-06,-4.4394920617567415,48.37557192457013
2025-09-04 09:45:02.118133,157,3,POINT (-4.439494140632718 48.3755700816774),2.778125075579084e-06,-4.439494140632718,48.3755700816774
2025-09-04 09:45:03.118133,158,3,POINT (-4.439495897432928 48.37556806064007),2.6778608769894787e-06,-4.439495897432928,48.37556806064007
2025-09-04 09:45:04.118133,159,3,POINT (-4.439497329593829 48.37556587767864),2.6108246697733704e-06,-4.439497329593829,48.37556587767864
2025-09-04 09:45:05.118133,160,3,POINT (-4.4394984129904875 48.375563553655304),2.564143673812402e-06,-4.4394984129904875,48.375563553655304
2025-09-04 09:45:06.118133,161,3,POINT (-4.439499159783201 48.375561073349466),2.590292726271922e-06,-4.439499159783201,48.375561073349466
2025-09-04 09:45:07.118133,162,3,POINT (-4.439499571988171 48.3755584476423),2.6578658863560754e-06,-4.439499571988171,48.3755584476423
2025-09-04 09:45:08.118133,163,3,POINT (-4.43949969387378 48.375555660823984),2.7894824638941082e-06,-4.43949969387378,48.375555660823984
2025-09-04 09:45:09.118133,164,3,POINT (-4.439499491322953 48.37555273746736),2.9303653007757296e-06,-4.439499491322953,48.37555273746736
2025-09-04 09:45:10.118133,165,3,POINT (-4.4394989696262375 48.3755496828599),3.098837556987585e-06,-4.4394989696262375,48.3755496828599
2025-09-04 09:45:11.118133,166,3,POINT (-4.439498131623057 48.37554649304038),3.2980597138177177e-06,-4.439498131623057,48.37554649304038
2025-09-04 09:45:12.118133,167,3,POINT (-4.439496981677444 48.37554317158034),3.5148928466038118e-06,-4.439496981677444,48.37554317158034
2025-09-04 09:45:13.118133,168,3,POINT (-4.439495539221921 48.37553971652365),3.7440746096916117e-06,-4.439495539221921,48.37553971652365
2025-09-04 09:45:14.118133,169,3,POINT (-4.43949377108879 48.37553614575873),3.984552279342891e-06,-4.43949377108879,48.37553614575873
2025-09-04 09:45:15.118133,170,3,POINT (-4.43949170868647 48.37553244814651),4.2338917643306855e-06,-4.43949170868647,48.37553244814651
2025-09-04 09:45:16.118133,171,3,POINT (-4.439489329530298 48.3755286380669),4.491891659777896e-06,-4.439489329530298,48.3755286380669
2025-09-04 09:45:17.118133,172,3,POINT (-4.4394866675825515 48.375524705897874),4.748464918534874e-06,-4.4394866675825515,48.375524705897874
2025-09-04 09:45:18.118133,173,3,POINT (-4.439483700884799 48.37552067406794),5.005691575428764e-06,-4.439483700884799,48.37552067406794
2025-09-04 09:45:19.118133,174,3,POINT (-4.4394804232227125 48.37551654411019),5.272534474584309e-06,-4.4394804232227125,48.37551654411019
2025-09-04 09:45:20.118133,175,3,POINT (-4.439476845528338 48.37551231426401),5.539990593307691e-06,-4.439476845528338,48.37551231426401
2025-09-04 09:45:21.118133,176,3,POINT (-4.439472941227238 48.375508011570574),5.8100548933795676e-06,-4.439472941227238,48.375508011570574
2025-09-04 09:45:22.118133,177,3,POINT (-4.439468728626702 48.37550362417641),6.082370493625504e-06,-4.439468728626702,48.37550362417641
2025-09-04 09:45:23.118133,178,3,POINT (-4.439464210197448 48.37549915233303),6.357168092916372e-06,-4.439464210197448,48.37549915233303
2025-09-04 09:45:24.118133,179,3,POINT (-4.439459363851565 48.375494627284276),6.630470165927863e-06,-4.439459363851565,48.375494627284276
2025-09-04 09:45:25.118133,180,3,POINT (-4.439454200627083 48.3754900437634),6.904169079279722e-06,-4.439454200627083,48.3754900437634
2025-09-04 09:45:26.118133,181,3,POINT (-4.439448717688213 48.37548539432299),7.188874372364626e-06,-4.439448717688213,48.37548539432299
2025-09-04 09:45:27.118133,182,3,POINT (-4.43944292401431 48.37548068304753),7.467447610258441e-06,-4.43944292401431,48.37548068304753
2025-09-04 09:45:28.118133,183,3,POINT (-4.439436810811733 48.37547592333899),7.747649393112708e-06,-4.439436810811733,48.37547592333899
2025-09-04 09:45:29.118133,184,3,POINT (-4.439430358925579 48.37547114035575),8.031423511324116e-06,-4.439430358925579,48.37547114035575
2025-09-04 09:45:30.118133,185,3,POINT (-4.439423619092061 48.37546629632781),8.29999774380138e-06,-4.439423619092061,48.37546629632781
2025-09-04 09:45:31.118133,186,3,POINT (-4.439416534673333 48.375461445680905),8.585904966325208e-06,-4.439416534673333,48.375461445680905
2025-09-04 09:45:32.118133,187,3,POINT (-4.43940915491774 48.37545654883069),8.856632239395355e-06,-4.43940915491774,48.37545654883069
2025-09-04 09:45:33.118133,188,3,POINT (-4.439401846483211 48.37545176801203),8.733237794043536e-06,-4.439401846483211,48.37545176801203
2025-09-04 09:45:34.118133,189,3,POINT (-4.439394625126837 48.375447092093225),8.603034611679832e-06,-4.439394625126837,48.375447092093225
2025-09-04 09:45:35.118133,190,3,POINT (-4.439387498265045 48.37544250214685),8.477014019455942e-06,-4.439387498265045,48.37544250214685
2025-09-04 09:45:36.118133,191,3,POINT (-4.439380442166796 48.37543802554983),8.356341506778405e-06,-4.439380442166796,48.37543802554983
2025-09-04 09:45:37.118133,192,3,POINT (-4.439373464500463 48.3754336442758),8.23913767350982e-06,-4.439373464500463,48.3754336442758
2025-09-04 09:45:38.118133,193,3,POINT (-4.43936656027163 48.37542937203159),8.119140741754068e-06,-4.43936656027163,48.37542937203159
2025-09-04 09:45:39.118133,194,3,POINT (-4.439359746993514 48.37542517465331),8.002421078765452e-06,-4.439359746993514,48.37542517465331
2025-09-04 09:45:40.118133,195,3,POINT (-4.439353036501938 48.375421052304226),7.875560878212766e-06,-4.439353036501938,48.375421052304226
2025-09-04 09:45:41.118133,196,3,POINT (-4.439346405522306 48.375417003467746),7.769360831170811e-06,-4.439346405522306,48.375417003467746
2025-09-04 09:45:42.118133,197,3,POINT (-4.439339872502764 48.37541302442512),7.649387200620971e-06,-4.439339872502764,48.37541302442512
2025-09-04 09:45:43.118133,198,3,POINT (-4.439333433556738 48.37540911743617),7.531572783361042e-06,-4.439333433556738,48.37540911743617
2025-09-04 09:45:44.118133,199,3,POINT (-4.4393270841591805 48.37540527454765),7.4217680842560975e-06,-4.4393270841591805,48.37540527454765
2025-09-04 09:45:45.118133,200,3,POINT (-4.439320820793948 48.37540149906822),7.313274847910168e-06,-4.439320820793948,48.37540149906822
2025-09-04 09:45:46.118133,201,3,POINT (-4.439314632061492 48.375397801439796),7.209220856893239e-06,-4.439314632061492,48.375397801439796
2025-09-04 09:45:47.118133,202,3,POINT (-4.439308525408312 48.37539415942681),7.110237101183457e-06,-4.439308525408312,48.37539415942681
2025-09-04 09:45:48.118133,203,3,POINT (-4.439302527390547 48.37539056877074),6.990638606881634e-06,-4.439302527390547,48.37539056877074
2025-09-04 09:45:49.118133,204,3,POINT (-4.439296628712903 48.37538702572392),6.880957690568804e-06,-4.439296628712903,48.37538702572392
2025-09-04 09:45:50.118133,205,3,POINT (-4.439290823042244 48.37538353699976),6.7732568253565615e-06,-4.439290823042244,48.37538353699976
2025-09-04 09:45:51.118133,206,3,POINT (-4.439284676183407 48.37537999479429),7.094441006887636e-06,-4.439284676183407,48.37537999479429
2025-09-04 09:45:52.118133,207,3,POINT (-4.439278183628156 48.375376427389426),7.4080801239051354e-06,-4.439278183628156,48.375376427389426
2025-09-04 09:45:53.118133,208,3,POINT (-4.439271345110619 48.37537283662999),7.723915808515857e-06,-4.439271345110619,48.37537283662999
2025-09-04 09:45:54.118133,209,3,POINT (-4.439264166359708 48.37536923570117),8.031260985432575e-06,-4.439264166359708,48.37536923570117
2025-09-04 09:45:55.118133,210,3,POINT (-4.43925661308481 48.375365667010826),8.35389205517302e-06,-4.43925661308481,48.375365667010826
2025-09-04 09:45:56.118133,211,3,POINT (-4.4392487371704545 48.37536208077175),8.653966583775406e-06,-4.4392487371704545,48.37536208077175
2025-09-04 09:45:57.118133,212,3,POINT (-4.439240524511273 48.375358502591986),8.958300132059992e-06,-4.439240524511273,48.375358502591986
2025-09-04 09:45:58.118133,213,3,POINT (-4.439231969259552 48.375354943755575),9.265940244632702e-06,-4.439231969259552,48.375354943755575
2025-09-04 09:45:59.118133,214,3,POINT (-4.439223092283737 48.375351407483556),9.555413094432944e-06,-4.439223092283737,48.375351407483556
2025-09-04 09:46:00.118133,215,3,POINT (-4.439213884535411 48.375347884877016),9.85856917022128e-06,-4.439213884535411,48.375347884877016
2025-09-04 09:46:01.118133,216,3,POINT (-4.4392043474541225 48.37534437953425),1.016087335913425e-05,-4.4392043474541225,48.37534437953425
2025-09-04 09:46:02.118133,217,3,POINT (-4.439194489564057 48.37534090522556),1.0452215907170566e-05,-4.439194489564057,48.37534090522556
2025-09-04 09:46:03.118133,218,3,POINT (-4.4391842968546795 48.37533748728372),1.0750518633423062e-05,-4.4391842968546795,48.37533748728372
2025-09-04 09:46:04.118133,219,3,POINT (-4.439173797434786 48.37533408050371),1.1038295526816487e-05,-4.439173797434786,48.37533408050371
2025-09-04 09:46:05.118133,220,3,POINT (-4.4391629797273975 48.37533073400948),1.1323507265347762e-05,-4.4391629797273975,48.37533073400948
2025-09-04 09:46:06.118133,221,3,POINT (-4.439151852505116 48.37532742428284),1.1609020895660575e-05,-4.439151852505116,48.37532742428284
2025-09-04 09:46:07.118133,222,3,POINT (-4.439141342235001 48.375324245924375),1.0980334257818974e-05,-4.439141342235001,48.375324245924375
2025-09-04 09:46:08.118133,223,3,POINT (-4.439131445495721 48.37532118558045),1.0359109678441712e-05,-4.439131445495721,48.37532118558045
2025-09-04 09:46:09.118133,224,3,POINT (-4.4391221542701595 48.37531823502725),9.748468422885725e-06,-4.4391221542701595,48.37531823502725
2025-09-04 09:46:10.118133,225,3,POINT (-4.439113464010323 48.375315369326174),9.150566030853716e-06,-4.439113464010323,48.375315369326174
2025-09-04 09:46:11.118133,226,3,POINT (-4.4391053666461335 48.375312558923085),8.571211836427822e-06,-4.4391053666461335,48.375312558923085
2025-09-04 09:46:12.118133,227,3,POINT (-4.4390978457507515 48.37530983385663),7.999365881936149e-06,-4.4390978457507515,48.37530983385663
2025-09-04 09:46:13.118133,228,3,POINT (-4.439090899825293 48.37530717353951),7.437954535329161e-06,-4.439090899825293,48.37530717353951
2025-09-04 09:46:14.118133,229,3,POINT (-4.439084524075233 48.375304558104375),6.891348907976312e-06,-4.439084524075233,48.375304558104375
2025-09-04 09:46:15.118133,230,3,POINT (-4.439078697777709 48.37530201280297),6.358010859622657e-06,-4.439078697777709,48.37530201280297
2025-09-04 09:46:16.118133,231,3,POINT (-4.43907343459867 48.375299495688026),5.834117004909542e-06,-4.43907343459867,48.375299495688026
2025-09-04 09:46:17.118133,232,3,POINT (-4.439068720234369 48.37529699702127),5.335594278885663e-06,-4.439068720234369,48.37529699702127
2025-09-04 09:46:18.118133,233,3,POINT (-4.439064547472166 48.375294505329144),4.860089923463625e-06,-4.439064547472166,48.375294505329144
2025-09-04 09:46:19.118133,234,3,POINT (-4.439060896372286 48.37529202725223),4.41264042643715e-06,-4.439060896372286,48.37529202725223
2025-09-04 09:46:20.118133,235,3,POINT (-4.439057759227866 48.37528956110554),3.990432884403259e-06,-4.439057759227866,48.37528956110554
2025-09-04 09:46:21.118133,236,3,POINT (-4.4390553123819885 48.37528714242758),3.440502552900501e-06,-4.4390553123819885,48.37528714242758
2025-09-04 09:46:22.118133,237,3,POINT (-4.439053561390418 48.375284741231596),2.9718199203120185e-06,-4.439053561390418,48.375284741231596
2025-09-04 09:46:23.118133,238,3,POINT (-4.439052510555721 48.37528234303554),2.6183196648286754e-06,-4.439052510555721,48.37528234303554
2025-09-04 09:46:24.118133,239,3,POINT (-4.439052163091537 48.37527995386726),2.414302472676346e-06,-4.439052163091537,48.37527995386726
2025-09-04 09:46:25.118133,240,3,POINT (-4.439052522640742 48.37527757165048),2.4091974680323023e-06,-4.439052522640742,48.37527757165048
2025-09-04 09:46:26.118133,241,3,POINT (-4.439053592709881 48.375275197369646),2.604276758224818e-06,-4.439053592709881,48.375275197369646
2025-09-04 09:46:27.118133,242,3,POINT (-4.439055377166419 48.37527282475071),2.9687717588165433e-06,-4.439055377166419,48.37527282475071
2025-09-04 09:46:28.118133,243,3,POINT (-4.439057877327408 48.37527049786985),3.415432551132107e-06,-4.439057877327408,48.37527049786985
2025-09-04 09:46:29.118133,244,3,POINT (-4.439061098041614 48.375268188598504),3.9630460680939426e-06,-4.439061098041614,48.375268188598504
2025-09-04 09:46:30.118133,245,3,POINT (-4.439065042488837 48.375265901706555),4.559444996993654e-06,-4.439065042488837,48.375265901706555
2025-09-04 09:46:31.118133,246,3,POINT (-4.4390697139569255 48.37526363934974),5.190459754787568e-06,-4.4390697139569255,48.37526363934974
2025-09-04 09:46:32.118133,247,3,POINT (-4.4390747775689725 48.375261403134374),5.535415623472828e-06,-4.4390747775689725,48.375261403134374
2025-09-04 09:46:33.118133,248,3,POINT (-4.439080227658514 48.37525918946889),5.882498693254091e-06,-4.439080227658514,48.37525918946889
2025-09-04 09:46:34.118133,249,3,POINT (-4.439086059988371 48.3752570024673),6.2288881451632515e-06,-4.439086059988371,48.3752570024673
2025-09-04 09:46:35.118133,250,3,POINT (-4.439092278786259 48.3752548505935),6.580578091503414e-06,-4.439092278786259,48.3752548505935
2025-09-04 09:46:36.118133,251,3,POINT (-4.439098867287818 48.37525272820529),6.921913356356831e-06,-4.439098867287818,48.37525272820529
2025-09-04 09:46:37.118133,252,3,POINT (-4.439105829122118 48.37525063855146),7.268685573399682e-06,-4.439105829122118,48.37525063855146
2025-09-04 09:46:38.118133,253,3,POINT (-4.439113150318421 48.37524857847322),7.605513634594259e-06,-4.439113150318421,48.37524857847322
2025-09-04 09:46:39.118133,254,3,POINT (-4.43912082123969 48.37524656101114),7.93178330333553e-06,-4.43912082123969,48.37524656101114
2025-09-04 09:46:40.118133,255,3,POINT (-4.439128826893699 48.37524459435462),8.243678424326119e-06,-4.439128826893699,48.37524459435462
2025-09-04 09:46:41.118133,256,3,POINT (-4.439137173639214 48.37524263209192),8.574300881256235e-06,-4.439137173639214,48.37524263209192
2025-09-04 09:46:42.118133,257,3,POINT (-4.439145851165997 48.375240762419736),8.876662950988818e-06,-4.439145851165997,48.375240762419736
2025-09-04 09:46:43.118133,258,3,POINT (-4.439154857357908 48.37523894409461),9.187915921774967e-06,-4.439154857357908,48.37523894409461
2025-09-04 09:46:44.118133,259,3,POINT (-4.439164185973829 48.375237187321424),9.492593272806023e-06,-4.439164185973829,48.375237187321424
2025-09-04 09:46:45.118133,260,3,POINT (-4.43917384250797 48.375235508314724),9.801413934807644e-06,-4.43917384250797,48.375235508314724
2025-09-04 09:46:46.118133,261,3,POINT (-4.439183813862562 48.37523390776041),1.009899433134342e-05,-4.439183813862562,48.37523390776041
2025-09-04 09:46:47.118133,262,3,POINT (-4.439194088374842 48.37523236939493),1.0389040906042239e-05,-4.439194088374842,48.37523236939493
2025-09-04 09:46:48.118133,263,3,POINT (-4.4392046436541674 48.37523093012138),1.0652954049274528e-05,-4.4392046436541674,48.37523093012138
2025-09-04 09:46:49.118133,264,3,POINT (-4.439215498048652 48.37522956795752),1.0939532440642103e-05,-4.439215498048652,48.37522956795752
2025-09-04 09:46:50.118133,265,3,POINT (-4.439226638594963 48.37522830942097),1.1211408758922635e-05,-4.439226638594963,48.37522830942097
2025-09-04 09:46:51.118133,266,3,POINT (-4.4392380669318925 48.37522712792632),1.1489247780733504e-05,-4.4392380669318925,48.37522712792632
2025-09-04 09:46:52.118133,267,3,POINT (-4.439249757771487 48.37522605335668),1.1740120541985106e-05,-4.439249757771487,48.37522605335668
2025-09-04 09:46:53.118133,268,3,POINT (-4.439261706574798 48.37522507620408),1.1988691661938831e-05,-4.439261706574798,48.37522507620408
2025-09-04 09:46:54.118133,269,3,POINT (-4.4392734864916 48.37522412934611),1.1817909285658723e-05,-4.4392734864916,48.37522412934611
2025-09-04 09:46:55.118133,270,3,POINT (-4.439285090999966 48.37522321143446),1.1640754967224083e-05,-4.439285090999966,48.37522321143446
2025-09-04 09:46:56.118133,271,3,POINT (-4.439296503520876 48.37522235616563),1.1444523507106537e-05,-4.439296503520876,48.37522235616563
2025-09-04 09:46:57.118133,272,3,POINT (-4.439308587787593 48.375221681313235),1.2103095795840914e-05,-4.439308587787593,48.375221681313235
2025-09-04 09:46:58.118133,273,3,POINT (-4.439321327020391 48.375221185461015),1.2748879232850282e-05,-4.439321327020391,48.375221185461015
2025-09-04 09:46:59.118133,274,3,POINT (-4.439334711563448 48.37522086356924),1.3388413168094935e-05,-4.439334711563448,48.37522086356924
2025-09-04 09:47:00.118133,275,3,POINT (-4.439348710416125 48.37522074716252),1.3999336655630955e-05,-4.439348710416125,48.37522074716252
2025-09-04 09:47:01.118133,276,3,POINT (-4.439363275453388 48.3752208816173),1.4565657848908696e-05,-4.439363275453388,48.3752208816173
2025-09-04 09:47:02.118133,277,3,POINT (-4.439378404751382 48.37522125760747),1.5133969287573704e-05,-4.439378404751382,48.37522125760747
2025-09-04 09:47:03.118133,278,3,POINT (-4.439394061127031 48.37522188092982),1.5668778803573162e-05,-4.439394061127031,48.37522188092982
2025-09-04 09:47:04.118133,279,3,POINT (-4.439410235433788 48.375222772185865),1.6198843674950536e-05,-4.439410235433788,48.375222772185865
2025-09-04 09:47:05.118133,280,3,POINT (-4.439426882719183 48.375223962742105),1.6689803330212114e-05,-4.439426882719183,48.375223962742105
2025-09-04 09:47:06.118133,281,3,POINT (-4.439443631171524 48.375225315338646),1.6802981080989106e-05,-4.439443631171524,48.375225315338646
2025-09-04 09:47:07.118133,282,3,POINT (-4.439460443954798 48.375226888746596),1.688624570459147e-05,-4.439460443954798,48.375226888746596
2025-09-04 09:47:08.118133,283,3,POINT (-4.4394773146406 48.375228667209996),1.696416727984134e-05,-4.4394773146406,48.375228667209996
2025-09-04 09:47:09.118133,284,3,POINT (-4.439494252563203 48.375230630837606),1.7051365209393522e-05,-4.439494252563203,48.375230630837606
2025-09-04 09:47:10.118133,285,3,POINT (-4.439511245430315 48.375232789602215),1.71294424109703e-05,-4.439511245430315,48.375232789602215
2025-09-04 09:47:11.118133,286,3,POINT (-4.439528290518201 48.37523513375258),1.720552417062997e-05,-4.439528290518201,48.37523513375258
2025-09-04 09:47:12.118133,287,3,POINT (-4.439545382971767 48.37523766506001),1.7278873985960345e-05,-4.439545382971767,48.37523766506001
2025-09-04 09:47:13.118133,288,3,POINT (-4.439561764189001 48.375240184448614),1.6573822643010063e-05,-4.439561764189001,48.375240184448614
2025-09-04 09:47:14.118133,289,3,POINT (-4.439577449865914 48.37524266767834),1.5881022955103187e-05,-4.439577449865914,48.37524266767834
2025-09-04 09:47:15.118133,290,3,POINT (-4.439592463585841 48.375245086096214),1.5207252580333432e-05,-4.439592463585841,48.375245086096214
2025-09-04 09:47:16.118133,291,3,POINT (-4.4396068292179125 48.37524741311213),1.4552882459275416e-05,-4.4396068292179125,48.37524741311213
2025-09-04 09:47:17.118133,292,3,POINT (-4.439620555274305 48.37524963552444),1.3904809980267505e-05,-4.439620555274305,48.37524963552444
2025-09-04 09:47:18.118133,293,3,POINT (-4.439633663564179 48.37525173114663),1.3274746543606902e-05,-4.439633663564179,48.37525173114663
2025-09-04 09:47:19.118133,294,3,POINT (-4.439646175149274 48.37525367971698),1.2662412407362671e-05,-4.439646175149274,48.37525367971698
2025-09-04 09:47:20.118133,295,3,POINT (-4.439658093967163 48.37525547378083),1.2053086118103862e-05,-4.439658093967163,48.37525547378083
2025-09-04 09:47:21.118133,296,3,POINT (-4.439669415180019 48.375257111793545),1.1439097262357155e-05,-4.439669415180019,48.375257111793545
2025-09-04 09:47:22.118133,297,3,POINT (-4.439680176237067 48.37525856459965),1.085868290197347e-05,-4.439680176237067,48.37525856459965
2025-09-04 09:47:23.118133,298,3,POINT (-4.439690351318262 48.37525984464474),1.0255281213406654e-05,-4.439690351318262,48.37525984464474
2025-09-04 09:47:24.118133,299,3,POINT (-4.439699952483751 48.375260939843294),9.66342789143049e-06,-4.439699952483751,48.375260939843294
2025-09-04 09:47:25.118133,300,3,POINT (-4.439708996799203 48.37526183556802),9.088562305435714e-06,-4.439708996799203,48.37526183556802
