t,Step,AgentID,geometry,speed,x,y
2025-09-04 09:50:04.353778,0,0,POINT (-4.475309812162162 48.39380504416),5.760174380697295e-07,-4.475309812162162,48.39380504416
2025-09-04 09:50:05.353778,1,0,POINT (-4.47530947054173 48.39380458038034),5.760174380697295e-07,-4.47530947054173,48.39380458038034
2025-09-04 09:50:06.353778,2,0,POINT (-4.475308809643763 48.39380364724268),1.143473664658301e-06,-4.475308809643763,48.39380364724268
2025-09-04 09:50:07.353778,3,0,POINT (-4.475307824519164 48.39380224583799),1.7130106758293736e-06,-4.475307824519164,48.39380224583799
2025-09-04 09:50:08.353778,4,0,POINT (-4.475306510361126 48.39380037712087),2.284538252403149e-06,-4.475306510361126,48.39380037712087
2025-09-04 09:50:09.353778,5,0,POINT (-4.475304862434001 48.393798041897604),2.858134269593556e-06,-4.475304862434001,48.393798041897604
2025-09-04 09:50:10.353778,6,0,POINT (-4.475302914433878 48.39379523165047),3.4193849478309914e-06,-4.475302914433878,48.39379523165047
2025-09-04 09:50:11.353778,7,0,POINT (-4.475300629020798 48.39379195474202),3.995152305566685e-06,-4.475300629020798,48.39379195474202
2025-09-04 09:50:12.353778,8,0,POINT (-4.475298042173289 48.39378820203786),4.5579127398902415e-06,-4.475298042173289,48.39378820203786
2025-09-04 09:50:13.353778,9,0,POINT (-4.475295332031959 48.3937842100932),4.824985822922915e-06,-4.475295332031959,48.3937842100932
2025-09-04 09:50:14.353778,10,0,POINT (-4.4752925366936225 48.39377997650549),5.073182562574885e-06,-4.4752925366936225,48.39377997650549
2025-09-04 09:50:15.353778,11,0,POINT (-4.475289587748792 48.39377551409654),5.348772688539341e-06,-4.475289587748792,48.39377551409654
2025-09-04 09:50:16.353778,12,0,POINT (-4.475286559767738 48.39377082230897),5.584043323094295e-06,-4.475286559767738,48.39377082230897
2025-09-04 09:50:17.353778,13,0,POINT (-4.47528338395183 48.393765916814736),5.843772787075764e-06,-4.47528338395183,48.393765916814736
2025-09-04 09:50:18.353778,14,0,POINT (-4.475280087876431 48.393760795924756),6.089961184139734e-06,-4.475280087876431,48.393760795924756
2025-09-04 09:50:19.353778,15,0,POINT (-4.475276676510347 48.393755453130446),6.3389959455581894e-06,-4.475276676510347,48.393755453130446
2025-09-04 09:50:20.353778,16,0,POINT (-4.4752731602268865 48.3937499019381),6.571147983968827e-06,-4.4752731602268865,48.3937499019381
2025-09-04 09:50:21.353778,17,0,POINT (-4.475269587358818 48.393744122854315),6.794350273162764e-06,-4.475269587358818,48.393744122854315
2025-09-04 09:50:22.353778,18,0,POINT (-4.475265998186611 48.39373812334328),6.9911579697097505e-06,-4.475265998186611,48.39373812334328
2025-09-04 09:50:23.353778,19,0,POINT (-4.475262359484608 48.393731911525116),7.199085859340626e-06,-4.475262359484608,48.393731911525116
2025-09-04 09:50:24.353778,20,0,POINT (-4.475258697468151 48.393725484137526),7.397410070787267e-06,-4.475258697468151,48.393725484137526
2025-09-04 09:50:25.353778,21,0,POINT (-4.475255044251173 48.39371884732825),7.5758320753812054e-06,-4.475255044251173,48.39371884732825
2025-09-04 09:50:26.353778,22,0,POINT (-4.475251414620693 48.393711996691096),7.752770270396957e-06,-4.475251414620693,48.393711996691096
2025-09-04 09:50:27.353778,23,0,POINT (-4.475247772677967 48.39370495312313),7.929413380076184e-06,-4.475247772677967,48.39370495312313
2025-09-04 09:50:28.353778,24,0,POINT (-4.47524418529479 48.39369769950054),8.092240644978782e-06,-4.47524418529479,48.39369769950054
2025-09-04 09:50:29.353778,25,0,POINT (-4.47524060368852 48.393690245431166),8.269888375104635e-06,-4.47524060368852,48.393690245431166
2025-09-04 09:50:30.353778,26,0,POINT (-4.475237072157778 48.393682589450506),8.431236519448486e-06,-4.475237072157778,48.393682589450506
2025-09-04 09:50:31.353778,27,0,POINT (-4.475233540742023 48.39367473883073),8.60831737742038e-06,-4.475233540742023,48.39367473883073
2025-09-04 09:50:32.353778,28,0,POINT (-4.475230076578753 48.393666688759055),8.76379376625557e-06,-4.475230076578753,48.393666688759055
2025-09-04 09:50:33.353778,29,0,POINT (-4.475226713666883 48.393658441927904),8.906143961779508e-06,-4.475226713666883,48.393658441927904
2025-09-04 09:50:34.353778,30,0,POINT (-4.475223617748215 48.393650665157885),8.370356284463632e-06,-4.475223617748215,48.393650665157885
2025-09-04 09:50:35.353778,31,0,POINT (-4.475220737057315 48.39364335353117),7.858642714637857e-06,-4.475220737057315,48.39364335353117
2025-09-04 09:50:36.353778,32,0,POINT (-4.47521803360819 48.393636496939976),7.370310708626105e-06,-4.47521803360819,48.393636496939976
2025-09-04 09:50:37.353778,33,0,POINT (-4.475215463767879 48.393630098479385),6.89524308253189e-06,-4.475215463767879,48.393630098479385
2025-09-04 09:50:38.353778,34,0,POINT (-4.475212979490759 48.39362415330339),6.443349314571672e-06,-4.475212979490759,48.39362415330339
2025-09-04 09:50:39.353778,35,0,POINT (-4.475210601080613 48.39361864760233),5.9974643804984075e-06,-4.475210601080613,48.39361864760233
2025-09-04 09:50:40.353778,36,0,POINT (-4.47520828601024 48.39361364200657),5.515028535599464e-06,-4.47520828601024,48.39361364200657
2025-09-04 09:50:41.353778,37,0,POINT (-4.475206042171558 48.393609137043626),5.032842453891071e-06,-4.475206042171558,48.393609137043626
2025-09-04 09:50:42.353778,38,0,POINT (-4.4752038577334 48.39360513406727),4.560218169568044e-06,-4.4752038577334,48.39360513406727
2025-09-04 09:50:43.353778,39,0,POINT (-4.475201631072325 48.3936016365694),4.146144100999277e-06,-4.475201631072325,48.3936016365694
2025-09-04 09:50:44.353778,40,0,POINT (-4.475199452778598 48.393598643035205),3.702189965984366e-06,-4.475199452778598,48.393598643035205
2025-09-04 09:50:45.353778,41,0,POINT (-4.475197239539973 48.393596156058436),3.3291858848046193e-06,-4.475197239539973,48.393596156058436
2025-09-04 09:50:46.353778,42,0,POINT (-4.475195014950112 48.39359417600421),2.978156275692608e-06,-4.475195014950112,48.39359417600421
2025-09-04 09:50:47.353778,43,0,POINT (-4.475192817119107 48.39359270332182),2.6456104267923816e-06,-4.475192817119107,48.39359270332182
2025-09-04 09:50:48.353778,44,0,POINT (-4.4751906890966024 48.393591738649505),2.3364658055953743e-06,-4.4751906890966024,48.393591738649505
2025-09-04 09:50:49.353778,45,0,POINT (-4.475188499982846 48.393591284594706),2.235706778065635e-06,-4.475188499982846,48.393591284594706
2025-09-04 09:50:50.353778,46,0,POINT (-4.4751862457722265 48.393590840498106),2.2975394030911627e-06,-4.4751862457722265,48.393590840498106
2025-09-04 09:50:51.353778,47,0,POINT (-4.4751839287932125 48.393590403705296),2.3577912778779997e-06,-4.4751839287932125,48.393590403705296
2025-09-04 09:50:52.353778,48,0,POINT (-4.475181525651585 48.39358998028904),2.4401579881783013e-06,-4.475181525651585,48.39358998028904
2025-09-04 09:50:53.353778,49,0,POINT (-4.4751790903670985 48.3935895607163),2.471164060632849e-06,-4.4751790903670985,48.3935895607163
2025-09-04 09:50:54.353778,50,0,POINT (-4.4751766610327275 48.39358914866136),2.4640322152587755e-06,-4.4751766610327275,48.39358914866136
2025-09-04 09:50:55.353778,51,0,POINT (-4.475174202540611 48.39358874349673),2.4916544439446038e-06,-4.475174202540611,48.39358874349673
2025-09-04 09:50:56.353778,52,0,POINT (-4.475171700834413 48.393588346345496),2.5330343467059507e-06,-4.475171700834413,48.393588346345496
2025-09-04 09:50:57.353778,53,0,POINT (-4.47516916787439 48.3935879508951),2.5636434017424575e-06,-4.47516916787439,48.3935879508951
2025-09-04 09:50:58.353778,54,0,POINT (-4.4751665843659465 48.39358756869908),2.6116258683874993e-06,-4.4751665843659465,48.39358756869908
2025-09-04 09:50:59.353778,55,0,POINT (-4.475163973185159 48.3935871907918),2.638385684196889e-06,-4.475163973185159,48.3935871907918
2025-09-04 09:51:00.353778,56,0,POINT (-4.4751613178665774 48.39358681741951),2.6814405898047275e-06,-4.4751613178665774,48.39358681741951
2025-09-04 09:51:01.353778,57,0,POINT (-4.475158672585341 48.39358644801392),2.670949889402923e-06,-4.475158672585341,48.39358644801392
2025-09-04 09:51:02.353778,58,0,POINT (-4.475156019279288 48.393586085954084),2.677894758285882e-06,-4.475156019279288,48.393586085954084
2025-09-04 09:51:03.353778,59,0,POINT (-4.475153335691267 48.393585731706175),2.7068683461900903e-06,-4.475153335691267,48.393585731706175
2025-09-04 09:51:04.353778,60,0,POINT (-4.475150622177985 48.393585378554434),2.736397355351264e-06,-4.475150622177985,48.393585378554434
2025-09-04 09:51:05.353778,61,0,POINT (-4.475147890659201 48.393585030358146),2.753622254418304e-06,-4.475147890659201,48.393585030358146
2025-09-04 09:51:06.353778,62,0,POINT (-4.475145121969773 48.39358468620373),2.7899970268641523e-06,-4.475145121969773,48.39358468620373
2025-09-04 09:51:07.353778,63,0,POINT (-4.475142294650623 48.39358434694901),2.8476002777813503e-06,-4.475142294650623,48.39358434694901
2025-09-04 09:51:08.353778,64,0,POINT (-4.475139449711169 48.39358401343218),2.864422100834888e-06,-4.475139449711169,48.39358401343218
2025-09-04 09:51:09.353778,65,0,POINT (-4.475136601565872 48.393583686534875),2.8668438193649933e-06,-4.475136601565872,48.393583686534875
2025-09-04 09:51:10.353778,66,0,POINT (-4.475133732032488 48.393583370574866),2.886875917852656e-06,-4.475133732032488,48.393583370574866
2025-09-04 09:51:11.353778,67,0,POINT (-4.475130852791349 48.39358306181094),2.8957494195432233e-06,-4.475130852791349,48.39358306181094
2025-09-04 09:51:12.353778,68,0,POINT (-4.475127990939864 48.39358276511292),2.877190233386028e-06,-4.475127990939864,48.39358276511292
2025-09-04 09:51:13.353778,69,0,POINT (-4.4751250856827625 48.393582480893016),2.919126543721288e-06,-4.4751250856827625,48.393582480893016
2025-09-04 09:51:14.353778,70,0,POINT (-4.47512219464114 48.39358220102992),2.9045559062207605e-06,-4.47512219464114,48.39358220102992
2025-09-04 09:51:15.353778,71,0,POINT (-4.475119268528405 48.393581923164774),2.939276233971927e-06,-4.475119268528405,48.393581923164774
2025-09-04 09:51:16.353778,72,0,POINT (-4.475116256351011 48.3935816539201),3.0241867245839503e-06,-4.475116256351011,48.3935816539201
2025-09-04 09:51:17.353778,73,0,POINT (-4.475113215858463 48.39358138896709),3.052014913755691e-06,-4.475113215858463,48.39358138896709
2025-09-04 09:51:18.353778,74,0,POINT (-4.475110215013218 48.39358112942504),3.0120481842189487e-06,-4.475110215013218,48.39358112942504
2025-09-04 09:51:19.353778,75,0,POINT (-4.475107144240236 48.39358087190343),3.081552219650538e-06,-4.475107144240236,48.39358087190343
2025-09-04 09:51:20.353778,76,0,POINT (-4.475104078385603 48.39358061576432),3.0765356939291124e-06,-4.475104078385603,48.39358061576432
2025-09-04 09:51:21.353778,77,0,POINT (-4.475101001768714 48.39358037236019),3.0862302334793123e-06,-4.475101001768714,48.39358037236019
2025-09-04 09:51:22.353778,78,0,POINT (-4.475097918131123 48.393580124739465),3.0935637724147656e-06,-4.475097918131123,48.393580124739465
2025-09-04 09:51:23.353778,79,0,POINT (-4.475094819273476 48.393579883197795),3.1082569222002536e-06,-4.475094819273476,48.393579883197795
2025-09-04 09:51:24.353778,80,0,POINT (-4.4750917211528725 48.39357964561911),3.1072165847793945e-06,-4.4750917211528725,48.39357964561911
2025-09-04 09:51:25.353778,81,0,POINT (-4.475088612924964 48.393579407816354),3.117311483529646e-06,-4.475088612924964,48.393579407816354
2025-09-04 09:51:26.353778,82,0,POINT (-4.47508547043289 48.39357917966731),3.150763148507318e-06,-4.47508547043289,48.39357917966731
2025-09-04 09:51:27.353778,83,0,POINT (-4.475082313429445 48.39357895357125),3.1650892852220937e-06,-4.475082313429445,48.39357895357125
2025-09-04 09:51:28.353778,84,0,POINT (-4.4750791487776755 48.3935787306631),3.1724925314923458e-06,-4.4750791487776755,48.3935787306631
2025-09-04 09:51:29.353778,85,0,POINT (-4.47507600128393 48.39357850632417),3.155478543069886e-06,-4.47507600128393,48.39357850632417
2025-09-04 09:51:30.353778,86,0,POINT (-4.475072859607616 48.39357829017736),3.1491029680657817e-06,-4.475072859607616,48.39357829017736
2025-09-04 09:51:31.353778,87,0,POINT (-4.4750696557772995 48.39357807827836),3.210830092613668e-06,-4.4750696557772995,48.39357807827836
2025-09-04 09:51:32.353778,88,0,POINT (-4.475066470279689 48.39357786854541),3.1923945461827165e-06,-4.475066470279689,48.39357786854541
2025-09-04 09:51:33.353778,89,0,POINT (-4.475063298229392 48.39357766225283),3.178751282214415e-06,-4.475063298229392,48.39357766225283
2025-09-04 09:51:34.353778,90,0,POINT (-4.475060096118064 48.393577459265195),3.2085387542782995e-06,-4.475060096118064,48.393577459265195
2025-09-04 09:51:35.353778,91,0,POINT (-4.4750568951585485 48.39357725871072),3.207236180156104e-06,-4.4750568951585485,48.39357725871072
2025-09-04 09:51:36.353778,92,0,POINT (-4.475053705154563 48.39357706652083),3.195788225519403e-06,-4.475053705154563,48.39357706652083
2025-09-04 09:51:37.353778,93,0,POINT (-4.475050431348154 48.3935768662711),3.27992505377029e-06,-4.475050431348154,48.3935768662711
2025-09-04 09:51:38.353778,94,0,POINT (-4.475047112568285 48.39357667269731),3.3244203448144607e-06,-4.475047112568285,48.39357667269731
2025-09-04 09:51:39.353778,95,0,POINT (-4.475043775519682 48.3935764828286),3.342445737675684e-06,-4.475043775519682,48.3935764828286
2025-09-04 09:51:40.353778,96,0,POINT (-4.475040405331333 48.393576297341376),3.3752888790212653e-06,-4.475040405331333,48.393576297341376
2025-09-04 09:51:41.353778,97,0,POINT (-4.4750370502244206 48.39357610361441),3.360695245232341e-06,-4.4750370502244206,48.39357610361441
2025-09-04 09:51:42.353778,98,0,POINT (-4.475033658199573 48.39357591442147),3.3972969454035315e-06,-4.475033658199573,48.39357591442147
2025-09-04 09:51:43.353778,99,0,POINT (-4.475030246746796 48.393575727235365),3.4165843598479204e-06,-4.475030246746796,48.393575727235365
2025-09-04 09:51:44.353778,100,0,POINT (-4.47502685105672 48.39357554737611),3.4004500353531213e-06,-4.47502685105672,48.39357554737611
2025-09-04 09:51:45.353778,101,0,POINT (-4.475023442563275 48.39357536492005),3.4133733718458156e-06,-4.475023442563275,48.39357536492005
2025-09-04 09:51:46.353778,102,0,POINT (-4.475019944020012 48.393575185639435),3.503133811889131e-06,-4.475019944020012,48.393575185639435
2025-09-04 09:51:47.353778,103,0,POINT (-4.4750164785632 48.39357501252123),3.4697782103611682e-06,-4.4750164785632,48.39357501252123
2025-09-04 09:51:48.353778,104,0,POINT (-4.475013030262329 48.39357484259298),3.452485264882927e-06,-4.475013030262329,48.39357484259298
2025-09-04 09:51:49.353778,105,0,POINT (-4.475009518223936 48.39357467360009),3.516101857757195e-06,-4.475009518223936,48.39357467360009
2025-09-04 09:51:50.353778,106,0,POINT (-4.47500597992339 48.39357450794916),3.542176023867082e-06,-4.47500597992339,48.39357450794916
2025-09-04 09:51:51.353778,107,0,POINT (-4.475002400200354 48.39357434562778),3.583401351464523e-06,-4.475002400200354,48.39357434562778
2025-09-04 09:51:52.353778,108,0,POINT (-4.474998756333774 48.39357418715055),3.6473111585139595e-06,-4.474998756333774,48.39357418715055
2025-09-04 09:51:53.353778,109,0,POINT (-4.474995066008378 48.39357402910789),3.6937080294634334e-06,-4.474995066008378,48.39357402910789
2025-09-04 09:51:54.353778,110,0,POINT (-4.47499136781931 48.393573863573984),3.7018919291823233e-06,-4.47499136781931,48.393573863573984
2025-09-04 09:51:55.353778,111,0,POINT (-4.474987642923083 48.39357370197539),3.728399925852205e-06,-4.474987642923083,48.39357370197539
2025-09-04 09:51:56.353778,112,0,POINT (-4.474983896586889 48.39357354400014),3.7496654596716578e-06,-4.474983896586889,48.39357354400014
2025-09-04 09:51:57.353778,113,0,POINT (-4.474980135521274 48.393573384212125),3.7644583638626602e-06,-4.474980135521274,48.393573384212125
2025-09-04 09:51:58.353778,114,0,POINT (-4.47497632088374 48.39357322866818),3.8178074117424015e-06,-4.47497632088374,48.39357322866818
2025-09-04 09:51:59.353778,115,0,POINT (-4.474972500362929 48.39357307536518),3.823595307479855e-06,-4.474972500362929,48.39357307536518
2025-09-04 09:52:00.353778,116,0,POINT (-4.474968625490068 48.393572930192555),3.877591363099632e-06,-4.474968625490068,48.393572930192555
2025-09-04 09:52:01.353778,117,0,POINT (-4.474964719498084 48.393572788879624),3.9085473931087635e-06,-4.474964719498084,48.393572788879624
2025-09-04 09:52:02.353778,118,0,POINT (-4.4749608436630925 48.39357265253956),3.8782322641859505e-06,-4.4749608436630925,48.39357265253956
2025-09-04 09:52:03.353778,119,0,POINT (-4.474956959616011 48.39357251630634),3.886435541665154e-06,-4.474956959616011,48.39357251630634
2025-09-04 09:52:04.353778,120,0,POINT (-4.474953008790761 48.3935723742704),3.953377589594967e-06,-4.474953008790761,48.3935723742704
2025-09-04 09:52:05.353778,121,0,POINT (-4.474949049256326 48.393572227988344),3.96223565490626e-06,-4.474949049256326,48.393572227988344
2025-09-04 09:52:06.353778,122,0,POINT (-4.4749450669203945 48.39357208489043),3.984906081983821e-06,-4.4749450669203945,48.39357208489043
2025-09-04 09:52:07.353778,123,0,POINT (-4.474940995463976 48.39357194794728),4.073758803847818e-06,-4.474940995463976,48.39357194794728
2025-09-04 09:52:08.353778,124,0,POINT (-4.474936904079232 48.39357180538545),4.093867730900714e-06,-4.474936904079232,48.39357180538545
2025-09-04 09:52:09.353778,125,0,POINT (-4.474932798937932 48.39357166893797),4.107408308416244e-06,-4.474932798937932,48.39357166893797
2025-09-04 09:52:10.353778,126,0,POINT (-4.47492868464844 48.39357153489169),4.116472570538931e-06,-4.47492868464844,48.39357153489169
2025-09-04 09:52:11.353778,127,0,POINT (-4.474924547253047 48.393571399500615),4.139610052265972e-06,-4.474924547253047,48.393571399500615
2025-09-04 09:52:12.353778,128,0,POINT (-4.474920420261193 48.393571267895766),4.129089681727005e-06,-4.474920420261193,48.393571267895766
2025-09-04 09:52:13.353778,129,0,POINT (-4.474916286537076 48.39357113498435),4.135860311766422e-06,-4.474916286537076,48.39357113498435
2025-09-04 09:52:14.353778,130,0,POINT (-4.474912155063432 48.39357100558138),4.133499679503842e-06,-4.474912155063432,48.39357100558138
2025-09-04 09:52:15.353778,131,0,POINT (-4.474908009260162 48.39357087837034),4.147754501605973e-06,-4.474908009260162,48.39357087837034
2025-09-04 09:52:16.353778,132,0,POINT (-4.474903888276318 48.39357075336789),4.122879267556018e-06,-4.474903888276318,48.39357075336789
2025-09-04 09:52:17.353778,133,0,POINT (-4.474899742814624 48.3935706343212),4.147170694567251e-06,-4.474899742814624,48.3935706343212
2025-09-04 09:52:18.353778,134,0,POINT (-4.474895540537259 48.3935705154337),4.203958764241034e-06,-4.474895540537259,48.3935705154337
2025-09-04 09:52:19.353778,135,0,POINT (-4.474891340437093 48.39357039338772),4.201872989693181e-06,-4.474891340437093,48.39357039338772
2025-09-04 09:52:20.353778,136,0,POINT (-4.474887118652676 48.393570266145574),4.2237014843255594e-06,-4.474887118652676,48.393570266145574
2025-09-04 09:52:21.353778,137,0,POINT (-4.47488294227653 48.393570140551034),4.178264197394252e-06,-4.47488294227653,48.393570140551034
2025-09-04 09:52:22.353778,138,0,POINT (-4.474878771609435 48.39357001571826),4.172534869023809e-06,-4.474878771609435,48.39357001571826
2025-09-04 09:52:23.353778,139,0,POINT (-4.474874593379433 48.3935698926409),4.180042342711066e-06,-4.474874593379433,48.3935698926409
2025-09-04 09:52:24.353778,140,0,POINT (-4.474870394273956 48.39356977051208),4.200881128957541e-06,-4.474870394273956,48.39356977051208
2025-09-04 09:52:25.353778,141,0,POINT (-4.4748662039644955 48.393569647895205),4.1921030845068804e-06,-4.4748662039644955,48.393569647895205
2025-09-04 09:52:26.353778,142,0,POINT (-4.4748619542280474 48.393569525176225),4.251507947324917e-06,-4.4748619542280474,48.393569525176225
2025-09-04 09:52:27.353778,143,0,POINT (-4.474857670749695 48.3935694031111),4.285217227932426e-06,-4.474857670749695,48.3935694031111
2025-09-04 09:52:28.353778,144,0,POINT (-4.47485345640583 48.39356928237192),4.216073073620446e-06,-4.47485345640583,48.39356928237192
2025-09-04 09:52:29.353778,145,0,POINT (-4.474849223096921 48.39356916159648),4.235031407638961e-06,-4.474849223096921,48.39356916159648
2025-09-04 09:52:30.353778,146,0,POINT (-4.474844961638128 48.39356903502983),4.263337913179878e-06,-4.474844961638128,48.39356903502983
2025-09-04 09:52:31.353778,147,0,POINT (-4.474840644380594 48.39356891060486),4.31905014924553e-06,-4.474840644380594,48.39356891060486
2025-09-04 09:52:32.353778,148,0,POINT (-4.474836332644758 48.39356878760002),4.313490015151578e-06,-4.474836332644758,48.39356878760002
2025-09-04 09:52:33.353778,149,0,POINT (-4.474831958404708 48.39356866554894),4.375942467847194e-06,-4.474831958404708,48.39356866554894
2025-09-04 09:52:34.353778,150,0,POINT (-4.47482759681713 48.393568539348614),4.3634129666062836e-06,-4.47482759681713,48.393568539348614
2025-09-04 09:52:35.353778,151,0,POINT (-4.474823238939019 48.393568416880676),4.359598609082879e-06,-4.474823238939019,48.393568416880676
2025-09-04 09:52:36.353778,152,0,POINT (-4.474818865557325 48.39356829470337),4.3750879680878486e-06,-4.474818865557325,48.39356829470337
2025-09-04 09:52:37.353778,153,0,POINT (-4.474814523931517 48.39356817949257),4.3431541749628945e-06,-4.474814523931517,48.39356817949257
2025-09-04 09:52:38.353778,154,0,POINT (-4.474810188746423 48.39356806267352),4.336758754247486e-06,-4.474810188746423,48.39356806267352
2025-09-04 09:52:39.353778,155,0,POINT (-4.474805876437535 48.393567951024345),4.313753989570534e-06,-4.474805876437535,48.393567951024345
2025-09-04 09:52:40.353778,156,0,POINT (-4.474801584207303 48.393567838498456),4.2937049779285e-06,-4.474801584207303,48.393567838498456
2025-09-04 09:52:41.353778,157,0,POINT (-4.474797257180693 48.393567721152024),4.328617500746504e-06,-4.474797257180693,48.393567721152024
2025-09-04 09:52:42.353778,158,0,POINT (-4.474792930020072 48.393567611221044),4.328556787161012e-06,-4.474792930020072,48.393567611221044
2025-09-04 09:52:43.353778,159,0,POINT (-4.474788624130311 48.39356749958491),4.307336678479482e-06,-4.474788624130311,48.39356749958491
2025-09-04 09:52:44.353778,160,0,POINT (-4.474784325450528 48.393567390909986),4.300053268784467e-06,-4.474784325450528,48.393567390909986
2025-09-04 09:52:45.353778,161,0,POINT (-4.474780030242636 48.393567284019724),4.296537718632162e-06,-4.474780030242636,48.393567284019724
2025-09-04 09:52:46.353778,162,0,POINT (-4.474775719416492 48.393567171543026),4.31229324743262e-06,-4.474775719416492,48.393567171543026
2025-09-04 09:52:47.353778,163,0,POINT (-4.474771419526198 48.393567058515956),4.301375553895417e-06,-4.474771419526198,48.393567058515956
2025-09-04 09:52:48.353778,164,0,POINT (-4.474767116085128 48.39356695210825),4.304756397734725e-06,-4.474767116085128,48.39356695210825
2025-09-04 09:52:49.353778,165,0,POINT (-4.474762799221234 48.3935668450551),4.3181910861216564e-06,-4.474762799221234,48.3935668450551
2025-09-04 09:52:50.353778,166,0,POINT (-4.47475845659322 48.39356674047807),4.343887018200454e-06,-4.47475845659322,48.39356674047807
2025-09-04 09:52:51.353778,167,0,POINT (-4.474754111209177 48.39356663176356),4.346743761035121e-06,-4.474754111209177,48.39356663176356
2025-09-04 09:52:52.353778,168,0,POINT (-4.474749736152942 48.39356651751725),4.376547643515805e-06,-4.474749736152942,48.39356651751725
2025-09-04 09:52:53.353778,169,0,POINT (-4.474745368276976 48.39356640546037),4.369313126483454e-06,-4.474745368276976,48.39356640546037
2025-09-04 09:52:54.353778,170,0,POINT (-4.474740963419242 48.39356629193241),4.406320489879089e-06,-4.474740963419242,48.39356629193241
2025-09-04 09:52:55.353778,171,0,POINT (-4.4747365939354316 48.3935661760084),4.371021293108871e-06,-4.4747365939354316,48.3935661760084
2025-09-04 09:52:56.353778,172,0,POINT (-4.474732226263357 48.393566058612336),4.36924949933676e-06,-4.474732226263357,48.393566058612336
2025-09-04 09:52:57.353778,173,0,POINT (-4.474727804332479 48.3935659443903),4.4234058549740525e-06,-4.474727804332479,48.3935659443903
2025-09-04 09:52:58.353778,174,0,POINT (-4.474723344980529 48.393565826507846),4.4609097833325955e-06,-4.474723344980529,48.393565826507846
2025-09-04 09:52:59.353778,175,0,POINT (-4.474718852203538 48.393565706161745),4.4943885312536945e-06,-4.474718852203538,48.393565706161745
2025-09-04 09:53:00.353778,176,0,POINT (-4.4747144119361035 48.39356558705829),4.4418645323547606e-06,-4.4747144119361035,48.39356558705829
2025-09-04 09:53:01.353778,177,0,POINT (-4.474709985381944 48.393565467676865),4.428163688621817e-06,-4.474709985381944,48.393565467676865
2025-09-04 09:53:02.353778,178,0,POINT (-4.474705549309823 48.39356535534131),4.437494241300311e-06,-4.474705549309823,48.39356535534131
2025-09-04 09:53:03.353778,179,0,POINT (-4.47470107842067 48.39356523857912),4.472413578813568e-06,-4.47470107842067,48.39356523857912
2025-09-04 09:53:04.353778,180,0,POINT (-4.474696577127134 48.39356512475593),4.502732416787118e-06,-4.474696577127134,48.39356512475593
2025-09-04 09:53:05.353778,181,0,POINT (-4.474692087723278 48.39356501716284),4.490692959988046e-06,-4.474692087723278,48.39356501716284
2025-09-04 09:53:06.353778,182,0,POINT (-4.4746875622611135 48.393564577122156),4.546805868374605e-06,-4.4746875622611135,48.393564577122156
2025-09-04 09:53:07.353778,183,0,POINT (-4.474683052812554 48.39356381245269),4.573821782914277e-06,-4.474683052812554,48.39356381245269
2025-09-04 09:53:08.353778,184,0,POINT (-4.474678537340528 48.39356272332515),4.64496355515003e-06,-4.474678537340528,48.39356272332515
2025-09-04 09:53:09.353778,185,0,POINT (-4.474674030899986 48.39356132146122),4.719452174027787e-06,-4.474674030899986,48.39356132146122
2025-09-04 09:53:10.353778,186,0,POINT (-4.474669512044219 48.39355960676709),4.833242534556918e-06,-4.474669512044219,48.39355960676709
2025-09-04 09:53:11.353778,187,0,POINT (-4.474665004610332 48.39355757872387),4.942663204224083e-06,-4.474665004610332,48.39355757872387
2025-09-04 09:53:12.353778,188,0,POINT (-4.474660517728619 48.393555242297246),5.058754478860898e-06,-4.474660517728619,48.393555242297246
2025-09-04 09:53:13.353778,189,0,POINT (-4.474656031699324 48.393552605018755),5.203815588884175e-06,-4.474656031699324,48.393552605018755
2025-09-04 09:53:14.353778,190,0,POINT (-4.474651566860246 48.39354967255361),5.341735655287694e-06,-4.474651566860246,48.39354967255361
2025-09-04 09:53:15.353778,191,0,POINT (-4.4746471222215325 48.39354644971801),5.4901259190416595e-06,-4.4746471222215325,48.39354644971801
2025-09-04 09:53:16.353778,192,0,POINT (-4.474642736885858 48.3935429373794),5.618513279779047e-06,-4.474642736885858,48.3935429373794
2025-09-04 09:53:17.353778,193,0,POINT (-4.474638413155371 48.39353913640486),5.75691347670136e-06,-4.474638413155371,48.39353913640486
2025-09-04 09:53:18.353778,194,0,POINT (-4.4746341924583035 48.39353506336508),5.865486919847772e-06,-4.4746341924583035,48.39353506336508
2025-09-04 09:53:19.353778,195,0,POINT (-4.474630043259556 48.393530718915734),6.007502838046512e-06,-4.474630043259556,48.393530718915734
2025-09-04 09:53:20.353778,196,0,POINT (-4.474625931326447 48.39352610872366),6.177529023407834e-06,-4.474625931326447,48.39352610872366
2025-09-04 09:53:21.353778,197,0,POINT (-4.474621899572666 48.393521228944515),6.329872279868404e-06,-4.474621899572666,48.393521228944515
2025-09-04 09:53:22.353778,198,0,POINT (-4.474617915693273 48.393516426542355),6.239740501287686e-06,-4.474617915693273,48.393516426542355
2025-09-04 09:53:23.353778,199,0,POINT (-4.474613962288638 48.39351169608161),6.164954749649227e-06,-4.474613962288638,48.39351169608161
2025-09-04 09:53:24.353778,200,0,POINT (-4.474610023071771 48.3935070382545),6.100228104804334e-06,-4.474610023071771,48.3935070382545
2025-09-04 09:53:25.353778,201,0,POINT (-4.4746061025131985 48.39350244811688),6.03656714567592e-06,-4.4746061025131985,48.39350244811688
2025-09-04 09:53:26.353778,202,0,POINT (-4.474602226582057 48.39349793263522),5.950833286155738e-06,-4.474602226582057,48.39349793263522
2025-09-04 09:53:27.353778,203,0,POINT (-4.474598359564264 48.393493488319656),5.891160110584918e-06,-4.474598359564264,48.393493488319656
2025-09-04 09:53:28.353778,204,0,POINT (-4.4745945059489864 48.39348911040455),5.832365846470039e-06,-4.4745945059489864,48.39348911040455
2025-09-04 09:53:29.353778,205,0,POINT (-4.474590657963512 48.39348480059538),5.7776679810702745e-06,-4.474590657963512,48.39348480059538
2025-09-04 09:53:30.353778,206,0,POINT (-4.474586885159932 48.39348055835591),5.6772037634543136e-06,-4.474586885159932,48.39348055835591
2025-09-04 09:53:31.353778,207,0,POINT (-4.474583188235982 48.39347638139499),5.5780148107936995e-06,-4.474583188235982,48.39347638139499
2025-09-04 09:53:32.353778,208,0,POINT (-4.474579389702814 48.39347259361377),5.364339733893203e-06,-4.474579389702814,48.39347259361377
2025-09-04 09:53:33.353778,209,0,POINT (-4.4745755281754755 48.39346918639838),5.149806805805625e-06,-4.4745755281754755,48.39346918639838
2025-09-04 09:53:34.353778,210,0,POINT (-4.474571554920818 48.393466149270935),5.00108944871309e-06,-4.474571554920818,48.393466149270935
2025-09-04 09:53:35.353778,211,0,POINT (-4.474567494173865 48.3934634781093),4.860531896290439e-06,-4.474567494173865,48.3934634781093
2025-09-04 09:53:36.353778,212,0,POINT (-4.474563380396998 48.39346117574555),4.714237895088974e-06,-4.474563380396998,48.39346117574555
2025-09-04 09:53:37.353778,213,0,POINT (-4.474559153176504 48.39345937160377),4.596120176633886e-06,-4.474559153176504,48.39345937160377
2025-09-04 09:53:38.353778,214,0,POINT (-4.474554827695033 48.393458069884844),4.517107715435915e-06,-4.474554827695033,48.393458069884844
2025-09-04 09:53:39.353778,215,0,POINT (-4.474550374091799 48.39345726968848),4.524919444525601e-06,-4.474550374091799,48.39345726968848
2025-09-04 09:53:40.353778,216,0,POINT (-4.4745457189749605 48.393456965071074),4.665072834084072e-06,-4.4745457189749605,48.393456965071074
2025-09-04 09:53:41.353778,217,0,POINT (-4.474540912565446 48.393457164189456),4.810532252717485e-06,-4.474540912565446,48.393457164189456
2025-09-04 09:53:42.353778,218,0,POINT (-4.474536001590003 48.39345787479269),4.962120186712041e-06,-4.474536001590003,48.39345787479269
2025-09-04 09:53:43.353778,219,0,POINT (-4.474530936326015 48.39345909369946),5.2098592111833354e-06,-4.474530936326015,48.39345909369946
2025-09-04 09:53:44.353778,220,0,POINT (-4.474525776236407 48.39346082995669),5.44436533627244e-06,-4.474525776236407,48.39346082995669
2025-09-04 09:53:45.353778,221,0,POINT (-4.474520435098634 48.39346307657786),5.79439896788884e-06,-4.474520435098634,48.39346307657786
2025-09-04 09:53:46.353778,222,0,POINT (-4.474515000152684 48.39346584544822),6.099613146774315e-06,-4.474515000152684,48.39346584544822
2025-09-04 09:53:47.353778,223,0,POINT (-4.474509425792688 48.39346913424792),6.472224722908784e-06,-4.474509425792688,48.39346913424792
2025-09-04 09:53:48.353778,224,0,POINT (-4.474503738008903 48.3934729481872),6.84813968967236e-06,-4.474503738008903,48.3934729481872
2025-09-04 09:53:49.353778,225,0,POINT (-4.474497932612363 48.39347728945842),7.249087166605328e-06,-4.474497932612363,48.39347728945842
2025-09-04 09:53:50.353778,226,0,POINT (-4.474492136188046 48.39348189894085),7.405799291215157e-06,-4.474492136188046,48.39348189894085
2025-09-04 09:53:51.353778,227,0,POINT (-4.474486364431382 48.393486773518774),7.554778947482869e-06,-4.474486364431382,48.393486773518774
2025-09-04 09:53:52.353778,228,0,POINT (-4.474480613693243 48.39349189750605),7.702352548289044e-06,-4.474480613693243,48.39349189750605
2025-09-04 09:53:53.353778,229,0,POINT (-4.474474969235794 48.39349694629878),7.572992005848751e-06,-4.474474969235794,48.39349694629878
2025-09-04 09:53:54.353778,230,0,POINT (-4.474469419596728 48.393501916161355),7.449699843187272e-06,-4.474469419596728,48.393501916161355
2025-09-04 09:53:55.353778,231,0,POINT (-4.474463997380836 48.393506807551304),7.302473609433082e-06,-4.474463997380836,48.393506807551304
2025-09-04 09:53:56.353778,232,0,POINT (-4.474458622080573 48.393511621751465),7.2159806053887e-06,-4.474458622080573,48.393511621751465
2025-09-04 09:53:57.353778,233,0,POINT (-4.474453318779969 48.39351635981566),7.111557469918495e-06,-4.474453318779969,48.39351635981566
2025-09-04 09:53:58.353778,234,0,POINT (-4.474448042801884 48.39352102899151),7.045363569248752e-06,-4.474448042801884,48.39352102899151
2025-09-04 09:53:59.353778,235,0,POINT (-4.474442831510085 48.39352562673942),6.9495933738348254e-06,-4.474442831510085,48.39352562673942
2025-09-04 09:54:00.353778,236,0,POINT (-4.474437698030865 48.393530151573465),6.843006068230529e-06,-4.474437698030865,48.393530151573465
2025-09-04 09:54:01.353778,237,0,POINT (-4.474432631764135 48.393534608372875),6.747601022076058e-06,-4.474432631764135,48.393534608372875
2025-09-04 09:54:02.353778,238,0,POINT (-4.474427605567317 48.39353899071117),6.668398863853969e-06,-4.474427605567317,48.39353899071117
2025-09-04 09:54:03.353778,239,0,POINT (-4.474422608286049 48.39354330377791),6.60116389497549e-06,-4.474422608286049,48.39354330377791
2025-09-04 09:54:04.353778,240,0,POINT (-4.474417637792895 48.393547547337384),6.535564183713576e-06,-4.474417637792895,48.393547547337384
2025-09-04 09:54:05.353778,241,0,POINT (-4.474412766264564 48.39355172494835),6.4174934110973485e-06,-4.474412766264564,48.39355172494835
2025-09-04 09:54:06.353778,242,0,POINT (-4.47440796763928 48.39355583750232),6.319802587373353e-06,-4.47440796763928,48.39355583750232
2025-09-04 09:54:07.353778,243,0,POINT (-4.4744031945589615 48.393559882519796),6.256553533110906e-06,-4.4744031945589615,48.393559882519796
2025-09-04 09:54:08.353778,244,0,POINT (-4.474398477059889 48.39356386700926),6.175026624360295e-06,-4.474398477059889,48.39356386700926
2025-09-04 09:54:09.353778,245,0,POINT (-4.474393803205758 48.39356779498242),6.105234273786269e-06,-4.474393803205758,48.39356779498242
2025-09-04 09:54:10.353778,246,0,POINT (-4.474389189679161 48.393571653157565),6.0141618815622715e-06,-4.474389189679161,48.393571653157565
2025-09-04 09:54:11.353778,247,0,POINT (-4.474384538719236 48.393575450853895),6.004492121352382e-06,-4.474384538719236,48.393575450853895
2025-09-04 09:54:12.353778,248,0,POINT (-4.4743799190990625 48.39357919660374),5.947397114581839e-06,-4.4743799190990625,48.39357919660374
2025-09-04 09:54:13.353778,249,0,POINT (-4.474375339769054 48.393582884411416),5.879641892972575e-06,-4.474375339769054,48.393582884411416
2025-09-04 09:54:14.353778,250,0,POINT (-4.47437077880861 48.3935865181904),5.831527236048198e-06,-4.47437077880861,48.3935865181904
2025-09-04 09:54:15.353778,251,0,POINT (-4.474366210058199 48.39359010282426),5.807157671407217e-06,-4.474366210058199,48.39359010282426
2025-09-04 09:54:16.353778,252,0,POINT (-4.474361635144311 48.39359363100274),5.7773592955159026e-06,-4.474361635144311,48.39359363100274
2025-09-04 09:54:17.353778,253,0,POINT (-4.47435707752307 48.39359710907168),5.733138314515466e-06,-4.47435707752307,48.39359710907168
2025-09-04 09:54:18.353778,254,0,POINT (-4.474352519540152 48.39360054507512),5.70800559882491e-06,-4.474352519540152,48.39360054507512
2025-09-04 09:54:19.353778,255,0,POINT (-4.474347979581592 48.39360393231818),5.664330436129058e-06,-4.474347979581592,48.39360393231818
2025-09-04 09:54:20.353778,256,0,POINT (-4.474343466578597 48.39360727330809),5.615105486770701e-06,-4.474343466578597,48.39360727330809
2025-09-04 09:54:21.353778,257,0,POINT (-4.474338919843599 48.39361057074779),5.616574374282558e-06,-4.474338919843599,48.39361057074779
2025-09-04 09:54:22.353778,258,0,POINT (-4.47433438218043 48.393613823188986),5.5828989574433445e-06,-4.47433438218043,48.393613823188986
2025-09-04 09:54:23.353778,259,0,POINT (-4.474329799069601 48.3936170285892),5.592807469797738e-06,-4.474329799069601,48.3936170285892
2025-09-04 09:54:24.353778,260,0,POINT (-4.4743252350072655 48.39362018268065),5.547878683521806e-06,-4.4743252350072655,48.39362018268065
2025-09-04 09:54:25.353778,261,0,POINT (-4.474320698652093 48.393623294210606),5.5009214609356864e-06,-4.474320698652093,48.393623294210606
2025-09-04 09:54:26.353778,262,0,POINT (-4.474316233662966 48.39362636226885),5.41748182043451e-06,-4.474316233662966,48.39362636226885
2025-09-04 09:54:27.353778,263,0,POINT (-4.474311758234957 48.39362938862708),5.402619738708928e-06,-4.474311758234957,48.39362938862708
2025-09-04 09:54:28.353778,264,0,POINT (-4.474307325668722 48.39363236852268),5.341106739353485e-06,-4.474307325668722,48.39363236852268
2025-09-04 09:54:29.353778,265,0,POINT (-4.474302820911001 48.39363497462474),5.204287660836745e-06,-4.474302820911001,48.39363497462474
2025-09-04 09:54:30.353778,266,0,POINT (-4.47429825684015 48.39363721818179),5.085694737545992e-06,-4.47429825684015,48.39363721818179
2025-09-04 09:54:31.353778,267,0,POINT (-4.474293643116866 48.3936390999651),4.982725256178688e-06,-4.474293643116866,48.3936390999651
2025-09-04 09:54:32.353778,268,0,POINT (-4.4742889506756525 48.39364062188701),4.93307721804783e-06,-4.4742889506756525,48.39364062188701
2025-09-04 09:54:33.353778,269,0,POINT (-4.474284169436892 48.393641798577626),4.923905451222458e-06,-4.474284169436892,48.393641798577626
2025-09-04 09:54:34.353778,270,0,POINT (-4.474279347214189 48.393642634562674),4.894149854428496e-06,-4.474279347214189,48.393642634562674
2025-09-04 09:54:35.353778,271,0,POINT (-4.474274435679164 48.393643140539915),4.937528660055407e-06,-4.474274435679164,48.393643140539915
2025-09-04 09:54:36.353778,272,0,POINT (-4.4742694760155395 48.393643321691535),4.962970801787375e-06,-4.4742694760155395,48.393643321691535
2025-09-04 09:54:37.353778,273,0,POINT (-4.474264486450654 48.39364316767243),4.991941469345252e-06,-4.474264486450654,48.39364316767243
2025-09-04 09:54:38.353778,274,0,POINT (-4.474259423932296 48.3936426884446),5.085150089348882e-06,-4.474259423932296,48.3936426884446
2025-09-04 09:54:39.353778,275,0,POINT (-4.4742543349544555 48.393641885621044),5.151914316916669e-06,-4.4742543349544555,48.393641885621044
2025-09-04 09:54:40.353778,276,0,POINT (-4.474249168458251 48.39364077502679),5.2845153634617955e-06,-4.474249168458251,48.39364077502679
2025-09-04 09:54:41.353778,277,0,POINT (-4.474243927830267 48.39363935121414),5.4306007148471295e-06,-4.474243927830267,48.39363935121414
2025-09-04 09:54:42.353778,278,0,POINT (-4.474238633672143 48.393637619693486),5.570123340076984e-06,-4.474238633672143,48.393637619693486
2025-09-04 09:54:43.353778,279,0,POINT (-4.47423328059847 48.39363558461426),5.726861724429672e-06,-4.47423328059847,48.39363558461426
2025-09-04 09:54:44.353778,280,0,POINT (-4.474227860659423 48.39363325698226),5.898610851986306e-06,-4.474227860659423,48.39363325698226
2025-09-04 09:54:45.353778,281,0,POINT (-4.474222347243672 48.39363063902601),6.103396447385505e-06,-4.474222347243672,48.39363063902601
2025-09-04 09:54:46.353778,282,0,POINT (-4.474216864658637 48.39362806635825),6.056183457497159e-06,-4.474216864658637,48.39362806635825
2025-09-04 09:54:47.353778,283,0,POINT (-4.474211392859677 48.39362554119677),6.0263607883537185e-06,-4.474211392859677,48.39362554119677
2025-09-04 09:54:48.353778,284,0,POINT (-4.474205922411843 48.39362306378165),6.005279776049987e-06,-4.474205922411843,48.39362306378165
2025-09-04 09:54:49.353778,285,0,POINT (-4.474200458454636 48.39362062624719),5.983009492415776e-06,-4.474200458454636,48.39362062624719
2025-09-04 09:54:50.353778,286,0,POINT (-4.474195040096098 48.39361822906078),5.924956704249082e-06,-4.474195040096098,48.39361822906078
2025-09-04 09:54:51.353778,287,0,POINT (-4.4741896231121405 48.39361586766088),5.909308308491176e-06,-4.4741896231121405,48.39361586766088
2025-09-04 09:54:52.353778,288,0,POINT (-4.474184238722145 48.39361354535793),5.863850833653846e-06,-4.474184238722145,48.39361354535793
2025-09-04 09:54:53.353778,289,0,POINT (-4.474178778040014 48.39361126576352),5.917398078765371e-06,-4.474178778040014,48.39361126576352
2025-09-04 09:54:54.353778,290,0,POINT (-4.474173333455812 48.39360901827903),5.890219321845816e-06,-4.474173333455812,48.39360901827903
2025-09-04 09:54:55.353778,291,0,POINT (-4.474167886939614 48.39360680139419),5.880401098416549e-06,-4.474167886939614,48.39360680139419
2025-09-04 09:54:56.353778,292,0,POINT (-4.474162462731237 48.39360462145185),5.845869065327344e-06,-4.474162462731237,48.39360462145185
2025-09-04 09:54:57.353778,293,0,POINT (-4.47415702776345 48.39360246849593),5.845861275039607e-06,-4.47415702776345,48.39360246849593
2025-09-04 09:54:58.353778,294,0,POINT (-4.4741515783629175 48.39360035575169),5.844626112258138e-06,-4.4741515783629175,48.39360035575169
2025-09-04 09:54:59.353778,295,0,POINT (-4.474146082588767 48.39359827657329),5.875926846567925e-06,-4.474146082588767,48.39359827657329
2025-09-04 09:55:00.353778,296,0,POINT (-4.474140541938469 48.393596235886264),5.904507538484015e-06,-4.474140541938469,48.393596235886264
2025-09-04 09:55:01.353778,297,0,POINT (-4.474134971517169 48.39359422882771),5.920969304502389e-06,-4.474134971517169,48.39359422882771
2025-09-04 09:55:02.353778,298,0,POINT (-4.474129338388467 48.39359225483038),5.968986884484469e-06,-4.474129338388467,48.39359225483038
2025-09-04 09:55:03.353778,299,0,POINT (-4.474123704195013 48.3935903100551),5.960393171423939e-06,-4.474123704195013,48.3935903100551
2025-09-04 09:55:04.353778,300,0,POINT (-4.474118090906338 48.39358839512765),5.930932211153939e-06,-4.474118090906338,48.39358839512765
2025-09-04 09:55:05.353778,301,0,POINT (-4.474112468451052 48.39358651044705),5.9299261723774415e-06,-4.474112468451052,48.39358651044705
2025-09-04 09:55:06.353778,302,0,POINT (-4.474106835785027 48.39358464576824),5.933291970503334e-06,-4.474106835785027,48.39358464576824
2025-09-04 09:55:07.353778,303,0,POINT (-4.474101174110044 48.39358280570898),5.953182485238551e-06,-4.474101174110044,48.39358280570898
2025-09-04 09:55:08.353778,304,0,POINT (-4.474095522050735 48.393580997261445),5.934328682940928e-06,-4.474095522050735,48.393580997261445
2025-09-04 09:55:09.353778,305,0,POINT (-4.474089927288759 48.39357921007507),5.8732781919758204e-06,-4.474089927288759,48.39357921007507
2025-09-04 09:55:10.353778,306,0,POINT (-4.474084274175411 48.39357743984424),5.923800106120238e-06,-4.474084274175411,48.39357743984424
2025-09-04 09:55:11.353778,307,0,POINT (-4.474078575042909 48.39357569422539),5.960477871321369e-06,-4.474078575042909,48.39357569422539
2025-09-04 09:55:12.353778,308,0,POINT (-4.474072870283475 48.39357397966751),5.956843873113973e-06,-4.474072870283475,48.39357397966751
2025-09-04 09:55:13.353778,309,0,POINT (-4.474067175045053 48.393572289291505),5.940800595566656e-06,-4.474067175045053,48.393572289291505
2025-09-04 09:55:14.353778,310,0,POINT (-4.474061499380193 48.39357062113286),5.915735361679599e-06,-4.474061499380193,48.39357062113286
2025-09-04 09:55:15.353778,311,0,POINT (-4.47405582623326 48.39356897302975),5.907693287144821e-06,-4.47405582623326,48.39356897302975
2025-09-04 09:55:16.353778,312,0,POINT (-4.474050162381813 48.393567347202996),5.892582273970998e-06,-4.474050162381813,48.393567347202996
2025-09-04 09:55:17.353778,313,0,POINT (-4.474044484028839 48.39356574263835),5.900705058879177e-06,-4.474044484028839,48.39356574263835
2025-09-04 09:55:18.353778,314,0,POINT (-4.474038722045791 48.39356415870461),5.97572545653953e-06,-4.474038722045791,48.39356415870461
2025-09-04 09:55:19.353778,315,0,POINT (-4.47403298181714 48.393562592872776),5.949962547371093e-06,-4.47403298181714,48.393562592872776
2025-09-04 09:55:20.353778,316,0,POINT (-4.474027297562754 48.39356105679712),5.888147106217205e-06,-4.474027297562754,48.39356105679712
2025-09-04 09:55:21.353778,317,0,POINT (-4.474021546609652 48.39355954096218),5.947370607597914e-06,-4.474021546609652,48.39355954096218
2025-09-04 09:55:22.353778,318,0,POINT (-4.474015766889192 48.39355804384954),5.970470238045185e-06,-4.474015766889192,48.39355804384954
2025-09-04 09:55:23.353778,319,0,POINT (-4.47400995105709 48.39355656096889),6.001902869744188e-06,-4.47400995105709,48.39355656096889
2025-09-04 09:55:24.353778,320,0,POINT (-4.474004167689853 48.39355509954293),5.965157368430431e-06,-4.474004167689853,48.39355509954293
2025-09-04 09:55:25.353778,321,0,POINT (-4.47399837554985 48.39355365589622),5.9693384590721406e-06,-4.47399837554985,48.39355365589622
2025-09-04 09:55:26.353778,322,0,POINT (-4.47399257529462 48.393552228801),5.9732371040115685e-06,-4.47399257529462,48.393552228801
2025-09-04 09:55:27.353778,323,0,POINT (-4.473986803062414 48.39355083243063),5.93873007100848e-06,-4.473986803062414,48.39355083243063
2025-09-04 09:55:28.353778,324,0,POINT (-4.47398098321154 48.39354945172263),5.981389368428082e-06,-4.47398098321154,48.39354945172263
2025-09-04 09:55:29.353778,325,0,POINT (-4.473975156537564 48.393548081909245),5.985525735334617e-06,-4.473975156537564,48.393548081909245
2025-09-04 09:55:30.353778,326,0,POINT (-4.473969390229538 48.39354673585778),5.921331166788859e-06,-4.473969390229538,48.39354673585778
2025-09-04 09:55:31.353778,327,0,POINT (-4.473963633946947 48.39354541270396),5.906396982228928e-06,-4.473963633946947,48.39354541270396
2025-09-04 09:55:32.353778,328,0,POINT (-4.47395792593484 48.39354410589097),5.855694869085256e-06,-4.47395792593484,48.39354410589097
2025-09-04 09:55:33.353778,329,0,POINT (-4.473952228844054 48.39354281309062),5.841932571753887e-06,-4.473952228844054,48.39354281309062
2025-09-04 09:55:34.353778,330,0,POINT (-4.47394648741653 48.393541535139654),5.881934093225487e-06,-4.47394648741653,48.393541535139654
2025-09-04 09:55:35.353778,331,0,POINT (-4.473940803132291 48.39354027947126),5.821322051237818e-06,-4.473940803132291,48.39354027947126
2025-09-04 09:55:36.353778,332,0,POINT (-4.473935097499047 48.39353903490073),5.83979507447378e-06,-4.473935097499047,48.39353903490073
2025-09-04 09:55:37.353778,333,0,POINT (-4.473929354896609 48.3935378077948),5.872245884898618e-06,-4.473929354896609,48.3935378077948
2025-09-04 09:55:38.353778,334,0,POINT (-4.473923589107415 48.39353660365286),5.890185296983367e-06,-4.473923589107415,48.39353660365286
2025-09-04 09:55:39.353778,335,0,POINT (-4.473917790669055 48.39353540988604),5.920047858175438e-06,-4.473917790669055,48.39353540988604
2025-09-04 09:55:40.353778,336,0,POINT (-4.473911998097019 48.39353423392267),5.910734357190035e-06,-4.473911998097019,48.39353423392267
2025-09-04 09:55:41.353778,337,0,POINT (-4.473906147675184 48.39353307299559),5.964493888185412e-06,-4.473906147675184,48.39353307299559
2025-09-04 09:55:42.353778,338,0,POINT (-4.473900314863657 48.39353192785563),5.944159807373108e-06,-4.473900314863657,48.39353192785563
2025-09-04 09:55:43.353778,339,0,POINT (-4.473894495745152 48.39353080210148),5.927011269729319e-06,-4.473894495745152,48.39353080210148
2025-09-04 09:55:44.353778,340,0,POINT (-4.473888666136052 48.39352968743543),5.9352188386021204e-06,-4.473888666136052,48.39352968743543
2025-09-04 09:55:45.353778,341,0,POINT (-4.4738828071970875 48.39352858454037),5.961840597078341e-06,-4.4738828071970875,48.39352858454037
2025-09-04 09:55:46.353778,342,0,POINT (-4.473876902114464 48.393527492898826),6.005137971169555e-06,-4.473876902114464,48.393527492898826
2025-09-04 09:55:47.353778,343,0,POINT (-4.473871004849531 48.3935264173823),5.994536636577559e-06,-4.473871004849531,48.3935264173823
2025-09-04 09:55:48.353778,344,0,POINT (-4.473865076713922 48.39352534636897),6.024106684947939e-06,-4.473865076713922,48.39352534636897
2025-09-04 09:55:49.353778,345,0,POINT (-4.473859126571631 48.393524289501144),6.043274185241082e-06,-4.473859126571631,48.393524289501144
2025-09-04 09:55:50.353778,346,0,POINT (-4.473853135375144 48.39352324006174),6.082413864114451e-06,-4.473853135375144,48.39352324006174
2025-09-04 09:55:51.353778,347,0,POINT (-4.4738471984503745 48.39352220870144),6.0258426618151435e-06,-4.4738471984503745,48.39352220870144
2025-09-04 09:55:52.353778,348,0,POINT (-4.473841288750396 48.393521189437635),5.99695360486972e-06,-4.473841288750396,48.393521189437635
2025-09-04 09:55:53.353778,349,0,POINT (-4.473835384828148 48.39352018290087),5.989107960784921e-06,-4.473835384828148,48.39352018290087
2025-09-04 09:55:54.353778,350,0,POINT (-4.473829472245367 48.39351918793958),5.995713728850969e-06,-4.473829472245367,48.39351918793958
2025-09-04 09:55:55.353778,351,0,POINT (-4.47382357899951 48.39351820510291),5.9746392908006015e-06,-4.47382357899951,48.39351820510291
2025-09-04 09:55:56.353778,352,0,POINT (-4.473817688007976 48.39351724209579),5.969184530456881e-06,-4.473817688007976,48.39351724209579
2025-09-04 09:55:57.353778,353,0,POINT (-4.473811804848569 48.393516290509915),5.959620817900577e-06,-4.473811804848569,48.393516290509915
2025-09-04 09:55:58.353778,354,0,POINT (-4.473805938457157 48.39351534398716),5.942259967289434e-06,-4.473805938457157,48.39351534398716
2025-09-04 09:55:59.353778,355,0,POINT (-4.473800089107218 48.39351440584658),5.9241035147170545e-06,-4.473800089107218,48.39351440584658
2025-09-04 09:56:00.353778,356,0,POINT (-4.473794245860249 48.39351347124674),5.91751738483004e-06,-4.473794245860249,48.39351347124674
2025-09-04 09:56:01.353778,357,0,POINT (-4.473788454941773 48.393512540764334),5.865196868814655e-06,-4.473788454941773,48.393512540764334
2025-09-04 09:56:02.353778,358,0,POINT (-4.473782650482202 48.39351161108286),5.878440146568523e-06,-4.473782650482202,48.39351161108286
2025-09-04 09:56:03.353778,359,0,POINT (-4.47377688113621 48.3935106949955),5.841623851732374e-06,-4.47377688113621,48.3935106949955
2025-09-04 09:56:04.353778,360,0,POINT (-4.473771096127908 48.393509791195974),5.855183570232992e-06,-4.473771096127908,48.393509791195974
2025-09-04 09:56:05.353778,361,0,POINT (-4.473765315715803 48.39350888913521),5.850374151853029e-06,-4.473765315715803,48.39350888913521
2025-09-04 09:56:06.353778,362,0,POINT (-4.473759558902996 48.393507999995116),5.8250720000001715e-06,-4.473759558902996,48.393507999995116
2025-09-04 09:56:07.353778,363,0,POINT (-4.473753803601148 48.393507118931225),5.822351152698539e-06,-4.473753803601148,48.393507118931225
2025-09-04 09:56:08.353778,364,0,POINT (-4.473748028462227 48.39350624642284),5.840676368467644e-06,-4.473748028462227,48.39350624642284
2025-09-04 09:56:09.353778,365,0,POINT (-4.473742264357143 48.39350537997863),5.82886206633732e-06,-4.473742264357143,48.39350537997863
2025-09-04 09:56:10.353778,366,0,POINT (-4.473736473060768 48.39350451822257),5.8550608197756665e-06,-4.473736473060768,48.39350451822257
2025-09-04 09:56:11.353778,367,0,POINT (-4.473730731441607 48.39350366896528),5.804087227134138e-06,-4.473730731441607,48.39350366896528
2025-09-04 09:56:12.353778,368,0,POINT (-4.473724959962076 48.393502830660175),5.832043503210016e-06,-4.473724959962076,48.393502830660175
2025-09-04 09:56:13.353778,369,0,POINT (-4.473719173488239 48.39350199530025),5.846460952890713e-06,-4.473719173488239,48.39350199530025
2025-09-04 09:56:14.353778,370,0,POINT (-4.473713352442097 48.39350116291481),5.880258812838991e-06,-4.473713352442097,48.39350116291481
2025-09-04 09:56:15.353778,371,0,POINT (-4.473707575939041 48.39350034047715),5.8347571721037045e-06,-4.473707575939041,48.39350034047715
2025-09-04 09:56:16.353778,372,0,POINT (-4.473701749219773 48.39349952744639),5.883168912633043e-06,-4.473701749219773,48.39349952744639
2025-09-04 09:56:17.353778,373,0,POINT (-4.473695927634726 48.393498723269026),5.8768659748768934e-06,-4.473695927634726,48.393498723269026
2025-09-04 09:56:18.353778,374,0,POINT (-4.473690074783062 48.39349792493982),5.907046818457091e-06,-4.473690074783062,48.39349792493982
2025-09-04 09:56:19.353778,375,0,POINT (-4.473684212388372 48.39349713549692),5.915309931923015e-06,-4.473684212388372,48.39349713549692
2025-09-04 09:56:20.353778,376,0,POINT (-4.4736782867596885 48.39349634407228),5.9782462526779654e-06,-4.4736782867596885,48.39349634407228
2025-09-04 09:56:21.353778,377,0,POINT (-4.473672302914241 48.393495557974944),6.035259345376656e-06,-4.473672302914241,48.393495557974944
2025-09-04 09:56:22.353778,378,0,POINT (-4.473666228799974 48.393494779193816),6.123835740014868e-06,-4.473666228799974,48.393494779193816
2025-09-04 09:56:23.353778,379,0,POINT (-4.473660118591024 48.39349400594273),6.158942333082496e-06,-4.473660118591024,48.39349400594273
2025-09-04 09:56:24.353778,380,0,POINT (-4.4736539845085765 48.39349325016066),6.180467134842058e-06,-4.4736539845085765,48.39349325016066
2025-09-04 09:56:25.353778,381,0,POINT (-4.47364790092033 48.393492497416595),6.129981205471061e-06,-4.47364790092033,48.393492497416595
2025-09-04 09:56:26.353778,382,0,POINT (-4.473641768562708 48.393491749652945),6.17777957496658e-06,-4.473641768562708,48.393491749652945
2025-09-04 09:56:27.353778,383,0,POINT (-4.4736356205368075 48.39349100537983),6.192912477050006e-06,-4.4736356205368075,48.39349100537983
2025-09-04 09:56:28.353778,384,0,POINT (-4.473629436219008 48.3934902607965),6.228979930900893e-06,-4.473629436219008,48.3934902607965
2025-09-04 09:56:29.353778,385,0,POINT (-4.473623215509039 48.39348951169826),6.265650859030506e-06,-4.473623215509039,48.39348951169826
2025-09-04 09:56:30.353778,386,0,POINT (-4.473616986330488 48.39348876049776),6.2743101303981626e-06,-4.473616986330488,48.39348876049776
2025-09-04 09:56:31.353778,387,0,POINT (-4.473610767611788 48.393488013408295),6.263433957470383e-06,-4.473610767611788,48.393488013408295
2025-09-04 09:56:32.353778,388,0,POINT (-4.473604581740254 48.39348726799036),6.230622323247539e-06,-4.473604581740254,48.39348726799036
2025-09-04 09:56:33.353778,389,0,POINT (-4.473598379190503 48.39348652278839),6.247155303449652e-06,-4.473598379190503,48.39348652278839
2025-09-04 09:56:34.353778,390,0,POINT (-4.4735921517276696 48.39348578021939),6.271578912948419e-06,-4.4735921517276696,48.39348578021939
2025-09-04 09:56:35.353778,391,0,POINT (-4.4735858758182 48.39348503791422),6.3196563705875145e-06,-4.4735858758182,48.39348503791422
2025-09-04 09:56:36.353778,392,0,POINT (-4.473579610796484 48.39348430052968),6.3082670415228095e-06,-4.473579610796484,48.39348430052968
2025-09-04 09:56:37.353778,393,0,POINT (-4.4735733210623865 48.39348356219647),6.3329212008053706e-06,-4.4735733210623865,48.39348356219647
2025-09-04 09:56:38.353778,394,0,POINT (-4.473566992112849 48.39348282393352),6.371862713694543e-06,-4.473566992112849,48.39348282393352
2025-09-04 09:56:39.353778,395,0,POINT (-4.473560669177163 48.39348208779347),6.365643553137587e-06,-4.473560669177163,48.39348208779347
2025-09-04 09:56:40.353778,396,0,POINT (-4.473554363545892 48.39348136082588),6.347398491503226e-06,-4.473554363545892,48.39348136082588
2025-09-04 09:56:41.353778,397,0,POINT (-4.473548068373703 48.39348064080026),6.336215730049394e-06,-4.473548068373703,48.39348064080026
2025-09-04 09:56:42.353778,398,0,POINT (-4.473541724364602 48.39347992499959),6.384263628659439e-06,-4.473541724364602,48.39347992499959
2025-09-04 09:56:43.353778,399,0,POINT (-4.473535324472573 48.39347920318432),6.440468559225513e-06,-4.473535324472573,48.39347920318432
2025-09-04 09:56:44.353778,400,0,POINT (-4.473528900419785 48.39347848544952),6.464023319153812e-06,-4.473528900419785,48.39347848544952
2025-09-04 09:56:45.353778,401,0,POINT (-4.473522425774926 48.39347776877719),6.514187998138035e-06,-4.473522425774926,48.39347776877719
2025-09-04 09:56:46.353778,402,0,POINT (-4.473515923177415 48.393477050924254),6.542101132436977e-06,-4.473515923177415,48.393477050924254
2025-09-04 09:56:47.353778,403,0,POINT (-4.4735094155294615 48.393476331055105),6.5473424748625e-06,-4.4735094155294615,48.393476331055105
2025-09-04 09:56:48.353778,404,0,POINT (-4.473502936177722 48.39347561554178),6.518739010040925e-06,-4.473502936177722,48.39347561554178
2025-09-04 09:56:49.353778,405,0,POINT (-4.473496513296519 48.3934749062456),6.461927268140218e-06,-4.473496513296519,48.3934749062456
2025-09-04 09:56:50.353778,406,0,POINT (-4.473490052314195 48.39347419897371),6.499578918436137e-06,-4.473490052314195,48.39347419897371
2025-09-04 09:56:51.353778,407,0,POINT (-4.473483616230618 48.3934734978704),6.474157679056139e-06,-4.473483616230618,48.3934734978704
2025-09-04 09:56:52.353778,408,0,POINT (-4.473477145789365 48.393472793812805),6.5086332751213454e-06,-4.473477145789365,48.393472793812805
2025-09-04 09:56:53.353778,409,0,POINT (-4.4734706580381545 48.39347209939489),6.524808963741197e-06,-4.4734706580381545,48.39347209939489
2025-09-04 09:56:54.353778,410,0,POINT (-4.473464195834397 48.39347140771098),6.499115635031751e-06,-4.473464195834397,48.39347140771098
2025-09-04 09:56:55.353778,411,0,POINT (-4.473457746273513 48.39347071999998),6.486122263106549e-06,-4.473457746273513,48.39347071999998
2025-09-04 09:56:56.353778,412,0,POINT (-4.473451297392524 48.39347003251928),6.485421784731347e-06,-4.473451297392524,48.39347003251928
2025-09-04 09:56:57.353778,413,0,POINT (-4.473444857490755 48.39346934719267),6.47626492363584e-06,-4.473444857490755,48.39346934719267
2025-09-04 09:56:58.353778,414,0,POINT (-4.473438412713678 48.39346865998184),6.4813123893421344e-06,-4.473438412713678,48.39346865998184
2025-09-04 09:56:59.353778,415,0,POINT (-4.4734319407800704 48.393467966237715),6.509009566459268e-06,-4.4734319407800704,48.393467966237715
2025-09-04 09:57:00.353778,416,0,POINT (-4.473425542386715 48.39346727527625),6.435593622785638e-06,-4.473425542386715,48.39346727527625
2025-09-04 09:57:01.353778,417,0,POINT (-4.473419093754546 48.393466585110474),6.4854595555656765e-06,-4.473419093754546,48.393466585110474
2025-09-04 09:57:02.353778,418,0,POINT (-4.473412653186497 48.393465898980374),6.4770125301243736e-06,-4.473412653186497,48.393465898980374
2025-09-04 09:57:03.353778,419,0,POINT (-4.473406183708158 48.39346521452073),6.505584906757264e-06,-4.473406183708158,48.39346521452073
2025-09-04 09:57:04.353778,420,0,POINT (-4.473399708984666 48.3934645308158),6.510721674849476e-06,-4.473399708984666,48.3934645308158
2025-09-04 09:57:05.353778,421,0,POINT (-4.473393268135923 48.39346385342813),6.476371405785907e-06,-4.473393268135923,48.39346385342813
2025-09-04 09:57:06.353778,422,0,POINT (-4.473386850219412 48.39346318112452),6.453033743343556e-06,-4.473386850219412,48.39346318112452
2025-09-04 09:57:07.353778,423,0,POINT (-4.4733802674356165 48.39346283569652),6.591840638203288e-06,-4.4733802674356165,48.39346283569652
2025-09-04 09:57:08.353778,424,0,POINT (-4.473373623326547 48.393462826611845),6.644115280000791e-06,-4.473373623326547,48.393462826611845
2025-09-04 09:57:09.353778,425,0,POINT (-4.473366919224138 48.39346314203238),6.711518399567607e-06,-4.473366919224138,48.39346314203238
2025-09-04 09:57:10.353778,426,0,POINT (-4.473360157874607 48.393463778295114),6.791220637335395e-06,-4.473360157874607,48.393463778295114
2025-09-04 09:57:11.353778,427,0,POINT (-4.473353369675492 48.39346473525998),6.855321216502029e-06,-4.473353369675492,48.39346473525998
2025-09-04 09:57:12.353778,428,0,POINT (-4.473346509259471 48.39346601061693),6.977954093686174e-06,-4.473346509259471,48.39346601061693
2025-09-04 09:57:13.353778,429,0,POINT (-4.473339592774706 48.393467597351275),7.09616004484248e-06,-4.473339592774706,48.393467597351275
2025-09-04 09:57:14.353778,430,0,POINT (-4.47333262445379 48.39346948286442),7.218909626699483e-06,-4.47333262445379,48.39346948286442
2025-09-04 09:57:15.353778,431,0,POINT (-4.473325641281706 48.393471674138986),7.3189054228874685e-06,-4.473325641281706,48.393471674138986
2025-09-04 09:57:16.353778,432,0,POINT (-4.4733186126685185 48.39347417327472),7.459697228886322e-06,-4.4733186126685185,48.39347417327472
2025-09-04 09:57:17.353778,433,0,POINT (-4.473311571383815 48.393476970742974),7.576642984754676e-06,-4.473311571383815,48.393476970742974
2025-09-04 09:57:18.353778,434,0,POINT (-4.473304542933382 48.39348006190075),7.678175036915785e-06,-4.473304542933382,48.39348006190075
2025-09-04 09:57:19.353778,435,0,POINT (-4.473297445214676 48.39348344553265),7.862987705681412e-06,-4.473297445214676,48.39348344553265
2025-09-04 09:57:20.353778,436,0,POINT (-4.473290425177122 48.393487119084334),7.923124965273166e-06,-4.473290425177122,48.393487119084334
2025-09-04 09:57:21.353778,437,0,POINT (-4.473283398572212 48.393491079495234),8.065855879424604e-06,-4.473283398572212,48.393491079495234
2025-09-04 09:57:22.353778,438,0,POINT (-4.473276396110581 48.39349531342931),8.182949753624497e-06,-4.473276396110581,48.39349531342931
2025-09-04 09:57:23.353778,439,0,POINT (-4.473269438468444 48.39349948011434),8.109873504169338e-06,-4.473269438468444,48.39349948011434
2025-09-04 09:57:24.353778,440,0,POINT (-4.473262516965189 48.39350358049681),8.04489550596171e-06,-4.473262516965189,48.39350358049681
2025-09-04 09:57:25.353778,441,0,POINT (-4.473255715577993 48.393507626912076),7.914059910592882e-06,-4.473255715577993,48.393507626912076
2025-09-04 09:57:26.353778,442,0,POINT (-4.4732489480550415 48.39351162052295),7.858008317844011e-06,-4.4732489480550415,48.39351162052295
2025-09-04 09:57:27.353778,443,0,POINT (-4.4732422222102715 48.39351556472212),7.797031164263903e-06,-4.4732422222102715,48.39351556472212
2025-09-04 09:57:28.353778,444,0,POINT (-4.473235522813231 48.39351945604335),7.747535195623485e-06,-4.473235522813231,48.39351945604335
2025-09-04 09:57:29.353778,445,0,POINT (-4.4732288911946725 48.39352330273023),7.666509287579701e-06,-4.4732288911946725,48.39352330273023
2025-09-04 09:57:30.353778,446,0,POINT (-4.473222315063695 48.39352710063936),7.594051118856126e-06,-4.473222315063695,48.39352710063936
2025-09-04 09:57:31.353778,447,0,POINT (-4.473215736283083 48.39353084608393),7.5702516032146585e-06,-4.473215736283083,48.39353084608393
2025-09-04 09:57:32.353778,448,0,POINT (-4.473209178253493 48.39353454003193),7.52681897985809e-06,-4.473209178253493,48.39353454003193
2025-09-04 09:57:33.353778,449,0,POINT (-4.473202644192436 48.39353817790783),7.478508872099935e-06,-4.473202644192436,48.39353817790783
2025-09-04 09:57:34.353778,450,0,POINT (-4.473196180892376 48.39354176526479),7.392115911582655e-06,-4.473196180892376,48.39354176526479
2025-09-04 09:57:35.353778,451,0,POINT (-4.473189753243272 48.39354486347739),7.1353762545647736e-06,-4.473189753243272,48.39354486347739
2025-09-04 09:57:36.353778,452,0,POINT (-4.473183306664708 48.393547469740334),6.953487018571397e-06,-4.473183306664708,48.393547469740334
2025-09-04 09:57:37.353778,453,0,POINT (-4.473176840853008 48.393549580737755),6.8016932491976e-06,-4.473176840853008,48.393549580737755
2025-09-04 09:57:38.353778,454,0,POINT (-4.473170313011684 48.393551193930826),6.724217741830365e-06,-4.473170313011684,48.393551193930826
2025-09-04 09:57:39.353778,455,0,POINT (-4.4731638081128455 48.39355230428849),6.598985000803869e-06,-4.4731638081128455,48.39355230428849
2025-09-04 09:57:40.353778,456,0,POINT (-4.473157230142471 48.39355291039977),6.605835687581471e-06,-4.473157230142471,48.39355291039977
2025-09-04 09:57:41.353778,457,0,POINT (-4.473150583324513 48.39355300882445),6.647546644249042e-06,-4.473150583324513,48.39355300882445
2025-09-04 09:57:42.353778,458,0,POINT (-4.473143912876338 48.3935525951385),6.68326379154563e-06,-4.473143912876338,48.3935525951385
2025-09-04 09:57:43.353778,459,0,POINT (-4.473137249273005 48.39355166524907),6.728172391930474e-06,-4.473137249273005,48.39355166524907
2025-09-04 09:57:44.353778,460,0,POINT (-4.473130557503559 48.39355021651166),6.8467962139645435e-06,-4.473130557503559,48.39355021651166
2025-09-04 09:57:45.353778,461,0,POINT (-4.473123849134828 48.39354824527187),6.9919952329386825e-06,-4.473123849134828,48.39354824527187
2025-09-04 09:57:46.353778,462,0,POINT (-4.473117174553365 48.3935457472692),7.126714184246281e-06,-4.473117174553365,48.3935457472692
2025-09-04 09:57:47.353778,463,0,POINT (-4.473110493678968 48.393542719901625),7.334782692575968e-06,-4.473110493678968,48.393542719901625
2025-09-04 09:57:48.353778,464,0,POINT (-4.473103853428088 48.39353915925504),7.534662290729472e-06,-4.473103853428088,48.39353915925504
2025-09-04 09:57:49.353778,465,0,POINT (-4.473097188874983 48.39353506269724),7.822918503746767e-06,-4.473097188874983,48.39353506269724
2025-09-04 09:57:50.353778,466,0,POINT (-4.473090515341674 48.39353042650093),8.125906905667859e-06,-4.473090515341674,48.39353042650093
2025-09-04 09:57:51.353778,467,0,POINT (-4.473083953936285 48.3935258462422),8.001925438968545e-06,-4.473083953936285,48.3935258462422
2025-09-04 09:57:52.353778,468,0,POINT (-4.473077426512441 48.39352132610406),7.939704708323486e-06,-4.473077426512441,48.39352132610406
2025-09-04 09:57:53.353778,469,0,POINT (-4.473070913035605 48.39351686969407),7.892082772553756e-06,-4.473070913035605,48.39351686969407
2025-09-04 09:57:54.353778,470,0,POINT (-4.473064405308946 48.393512471015114),7.854863639997799e-06,-4.473064405308946,48.393512471015114
2025-09-04 09:57:55.353778,471,0,POINT (-4.473057925172306 48.39350812878721),7.800456015305322e-06,-4.473057925172306,48.39350812878721
2025-09-04 09:57:56.353778,472,0,POINT (-4.473051452964206 48.3935038385849),7.76500570339101e-06,-4.473051452964206,48.3935038385849
2025-09-04 09:57:57.353778,473,0,POINT (-4.47304499046788 48.39349960294357),7.726869755188754e-06,-4.47304499046788,48.39349960294357
2025-09-04 09:57:58.353778,474,0,POINT (-4.473038626108564 48.393494830141044),7.955168977491963e-06,-4.473038626108564,48.393494830141044
2025-09-04 09:57:59.353778,475,0,POINT (-4.473032358471177 48.39348951693259),8.216657623064483e-06,-4.473032358471177,48.39348951693259
2025-09-04 09:58:00.353778,476,0,POINT (-4.47302619905323 48.39348366050507),8.499186593675164e-06,-4.47302619905323,48.39348366050507
2025-09-04 09:58:01.353778,477,0,POINT (-4.4730201988581 48.39347725997409),8.773205708341077e-06,-4.4730201988581,48.39347725997409
2025-09-04 09:58:02.353778,478,0,POINT (-4.473014378139751 48.393470313581055),9.062733489875402e-06,-4.473014378139751,48.393470313581055
2025-09-04 09:58:03.353778,479,0,POINT (-4.47300875301717 48.39346282607557),9.365081016164136e-06,-4.47300875301717,48.39346282607557
2025-09-04 09:58:04.353778,480,0,POINT (-4.473003314232954 48.393454802737374),9.69300415569225e-06,-4.473003314232954,48.393454802737374
2025-09-04 09:58:05.353778,481,0,POINT (-4.472998085493628 48.39344625119166),1.0023405059939797e-05,-4.472998085493628,48.39344625119166
2025-09-04 09:58:06.353778,482,0,POINT (-4.472993073669809 48.39343717874283),1.0364733755492297e-05,-4.472993073669809,48.39343717874283
2025-09-04 09:58:07.353778,483,0,POINT (-4.472988347385195 48.39342759672254),1.0684235072641961e-05,-4.472988347385195,48.39342759672254
2025-09-04 09:58:08.353778,484,0,POINT (-4.472983918046879 48.39341751716868),1.1009833965117925e-05,-4.472983918046879,48.39341751716868
2025-09-04 09:58:09.353778,485,0,POINT (-4.472979820700286 48.39340695426535),1.1329747384596698e-05,-4.472979820700286,48.39340695426535
2025-09-04 09:58:10.353778,486,0,POINT (-4.4729760023422225 48.3933959025926),1.16927040876163e-05,-4.4729760023422225,48.3933959025926
2025-09-04 09:58:11.353778,487,0,POINT (-4.472972489887764 48.39338469160948),1.1748339412591416e-05,-4.472972489887764,48.39338469160948
2025-09-04 09:58:12.353778,488,0,POINT (-4.472969367842486 48.393373330771034),1.1782012426979796e-05,-4.472969367842486,48.393373330771034
2025-09-04 09:58:13.353778,489,0,POINT (-4.4729665280227175 48.39336180276715),1.1872634493028947e-05,-4.4729665280227175,48.39336180276715
2025-09-04 09:58:14.353778,490,0,POINT (-4.472963864951723 48.393350753586525),1.1365576961974218e-05,-4.472963864951723,48.393350753586525
2025-09-04 09:58:15.353778,491,0,POINT (-4.47296126581925 48.39334017179445),1.0896321082808733e-05,-4.47296126581925,48.39334017179445
2025-09-04 09:58:16.353778,492,0,POINT (-4.472958717051733 48.39333006137264),1.0426737028794384e-05,-4.472958717051733,48.39333006137264
2025-09-04 09:58:17.353778,493,0,POINT (-4.472956189597336 48.39332042317713),9.964077396763142e-06,-4.472956189597336,48.39332042317713
2025-09-04 09:58:18.353778,494,0,POINT (-4.472953609235267 48.393311245668684),9.533358782535247e-06,-4.472953609235267,48.393311245668684
2025-09-04 09:58:19.353778,495,0,POINT (-4.4729509123326565 48.39330250656657),9.14577440401656e-06,-4.4729509123326565,48.39330250656657
2025-09-04 09:58:20.353778,496,0,POINT (-4.472948129282238 48.393294209495195),8.751386349114992e-06,-4.472948129282238,48.393294209495195
2025-09-04 09:58:21.353778,497,0,POINT (-4.4729452491576644 48.393286346435225),8.373937523924963e-06,-4.4729452491576644,48.393286346435225
2025-09-04 09:58:22.353778,498,0,POINT (-4.472942267616785 48.39327891208288),8.009942624462375e-06,-4.472942267616785,48.39327891208288
2025-09-04 09:58:23.353778,499,0,POINT (-4.47293917508824 48.39327189793338),7.665639304964531e-06,-4.47293917508824,48.39327189793338
2025-09-04 09:58:24.353778,500,0,POINT (-4.472935881321431 48.39326533981661),7.3387870527982565e-06,-4.472935881321431,48.39326533981661
2025-09-04 09:58:25.353778,501,0,POINT (-4.472932347047799 48.393259231670136),7.056950009119002e-06,-4.472932347047799,48.393259231670136
2025-09-04 09:58:26.353778,502,0,POINT (-4.472928603960555 48.39325358593229),6.7738510399200764e-06,-4.472928603960555,48.39325358593229
2025-09-04 09:58:27.353778,503,0,POINT (-4.472924616258162 48.39324839721311),6.54404898868995e-06,-4.472924616258162,48.39324839721311
2025-09-04 09:58:28.353778,504,0,POINT (-4.4729203556516826 48.39324366176024),6.37002994061978e-06,-4.4729203556516826,48.39324366176024
2025-09-04 09:58:29.353778,505,0,POINT (-4.472915785512583 48.39323937318819),6.267218012553332e-06,-4.472915785512583,48.39323937318819
2025-09-04 09:58:30.353778,506,0,POINT (-4.472910902958348 48.39323553442555),6.210912529639087e-06,-4.472910902958348,48.39323553442555
2025-09-04 09:58:31.353778,507,0,POINT (-4.472905729003176 48.39323215534056),6.179646225252626e-06,-4.472905729003176,48.39323215534056
2025-09-04 09:58:32.353778,508,0,POINT (-4.472900229493231 48.39322922999809),6.2291442600369936e-06,-4.472900229493231,48.39322922999809
2025-09-04 09:58:33.353778,509,0,POINT (-4.472894499222465 48.393226623708614),6.295136844122317e-06,-4.472894499222465,48.393226623708614
2025-09-04 09:58:34.353778,510,0,POINT (-4.472888547835144 48.39322432871594),6.3785580215603134e-06,-4.472888547835144,48.39322432871594
2025-09-04 09:58:35.353778,511,0,POINT (-4.472882407542668 48.39322234786904),6.451894768946419e-06,-4.472882407542668,48.39322234786904
2025-09-04 09:58:36.353778,512,0,POINT (-4.472876105263539 48.39322068644291),6.51759610766799e-06,-4.472876105263539,48.39322068644291
2025-09-04 09:58:37.353778,513,0,POINT (-4.472869627567585 48.393219343462135),6.615447243317303e-06,-4.472869627567585,48.393219343462135
2025-09-04 09:58:38.353778,514,0,POINT (-4.472862951755501 48.393218304674306),6.756148838585215e-06,-4.472862951755501,48.393218304674306
2025-09-04 09:58:39.353778,515,0,POINT (-4.472856068019231 48.39321756284277),6.923592929942004e-06,-4.472856068019231,48.39321756284277
2025-09-04 09:58:40.353778,516,0,POINT (-4.4728489670234985 48.39321710947627),7.115453715896925e-06,-4.4728489670234985,48.39321710947627
2025-09-04 09:58:41.353778,517,0,POINT (-4.47284165485232 48.39321693628778),7.314221872526298e-06,-4.47284165485232,48.39321693628778
2025-09-04 09:58:42.353778,518,0,POINT (-4.472834157297666 48.39321705130594),7.498436834464154e-06,-4.472834157297666,48.39321705130594
2025-09-04 09:58:43.353778,519,0,POINT (-4.472826451988898 48.393217442626245),7.715239127265908e-06,-4.472826451988898,48.393217442626245
2025-09-04 09:58:44.353778,520,0,POINT (-4.472818618900009 48.39321812839514),7.863050332389228e-06,-4.472818618900009,48.39321812839514
2025-09-04 09:58:45.353778,521,0,POINT (-4.472810643521358 48.39321909884538),8.03420427220554e-06,-4.472810643521358,48.39321909884538
2025-09-04 09:58:46.353778,522,0,POINT (-4.472802503974348 48.3932203509471),8.235288958904164e-06,-4.472802503974348,48.3932203509471
2025-09-04 09:58:47.353778,523,0,POINT (-4.472794143344905 48.393221861091234),8.495920197342945e-06,-4.472794143344905,48.393221861091234
2025-09-04 09:58:48.353778,524,0,POINT (-4.472785653567049 48.39322365665609),8.677579224254933e-06,-4.472785653567049,48.39322365665609
2025-09-04 09:58:49.353778,525,0,POINT (-4.472776804972096 48.39322593854232),9.13808718657088e-06,-4.472776804972096,48.39322593854232
2025-09-04 09:58:50.353778,526,0,POINT (-4.472767728072248 48.393228744698135),9.500769510449478e-06,-4.472767728072248,48.393228744698135
2025-09-04 09:58:51.353778,527,0,POINT (-4.47275837557543 48.393232066430016),9.924872766008138e-06,-4.47275837557543,48.393232066430016
2025-09-04 09:58:52.353778,528,0,POINT (-4.4727487589321555 48.393235910330745),1.035641833262811e-05,-4.4727487589321555,48.393235910330745
2025-09-04 09:58:53.353778,529,0,POINT (-4.472738909385435 48.39324028763014),1.0778419207600368e-05,-4.472738909385435,48.39324028763014
2025-09-04 09:58:54.353778,530,0,POINT (-4.4727288406102375 48.3932452050008),1.1205390139912303e-05,-4.4727288406102375,48.3932452050008
2025-09-04 09:58:55.353778,531,0,POINT (-4.4727187408586575 48.39325037657779),1.1346814112788108e-05,-4.4727187408586575,48.39325037657779
2025-09-04 09:58:56.353778,532,0,POINT (-4.472708643602932 48.393255803193675),1.1463103120909202e-05,-4.472708643602932,48.393255803193675
2025-09-04 09:58:57.353778,533,0,POINT (-4.472698546621865 48.39326148362731),1.1585178158817966e-05,-4.472698546621865,48.39326148362731
2025-09-04 09:58:58.353778,534,0,POINT (-4.4726884487734955 48.393267408432585),1.1707683768149562e-05,-4.4726884487734955,48.393267408432585
2025-09-04 09:58:59.353778,535,0,POINT (-4.472678331732856 48.39327358524519),1.1853587020849076e-05,-4.472678331732856,48.39327358524519
2025-09-04 09:59:00.353778,536,0,POINT (-4.472668293787841 48.39328002105215),1.1923923487565379e-05,-4.472668293787841,48.39328002105215
2025-09-04 09:59:01.353778,537,0,POINT (-4.472658332867779 48.39328670648748),1.1996456728731786e-05,-4.472658332867779,48.39328670648748
2025-09-04 09:59:02.353778,538,0,POINT (-4.472648440647074 48.393293648449635),1.2084985272585166e-05,-4.472648440647074,48.393293648449635
2025-09-04 09:59:03.353778,539,0,POINT (-4.4726386224965955 48.393300840425965),1.2170480777205352e-05,-4.4726386224965955,48.393300840425965
2025-09-04 09:59:04.353778,540,0,POINT (-4.472628855068834 48.39330826987985),1.2271895947609765e-05,-4.472628855068834,48.39330826987985
2025-09-04 09:59:05.353778,541,0,POINT (-4.4726192325205485 48.39331594464426),1.2308348555613788e-05,-4.4726192325205485,48.39331594464426
2025-09-04 09:59:06.353778,542,0,POINT (-4.4726097417527 48.39332385917024),1.2357766620217569e-05,-4.4726097417527,48.39332385917024
2025-09-04 09:59:07.353778,543,0,POINT (-4.472600336563942 48.393332004345666),1.2441923418070289e-05,-4.472600336563942,48.393332004345666
2025-09-04 09:59:08.353778,544,0,POINT (-4.472591073806658 48.39334038445498),1.2490992939505255e-05,-4.472591073806658,48.39334038445498
2025-09-04 09:59:09.353778,545,0,POINT (-4.472581967556663 48.3933490010866),1.253675115054911e-05,-4.472581967556663,48.3933490010866
2025-09-04 09:59:10.353778,546,0,POINT (-4.472573003199446 48.39335784593496),1.2593293565391591e-05,-4.472573003199446,48.39335784593496
2025-09-04 09:59:11.353778,547,0,POINT (-4.472564190111691 48.393366917476655),1.2647663204685837e-05,-4.472564190111691,48.393366917476655
2025-09-04 09:59:12.353778,548,0,POINT (-4.472555603396227 48.39337621803505),1.2658280647189461e-05,-4.472555603396227,48.39337621803505
2025-09-04 09:59:13.353778,549,0,POINT (-4.472547286997732 48.393385401548784),1.2389487818601673e-05,-4.472547286997732,48.393385401548784
2025-09-04 09:59:14.353778,550,0,POINT (-4.472539180482971 48.393394467808434),1.2161934287718136e-05,-4.472539180482971,48.393394467808434
2025-09-04 09:59:15.353778,551,0,POINT (-4.472531269189284 48.393403424299386),1.1950200749970228e-05,-4.472531269189284,48.393403424299386
2025-09-04 09:59:16.353778,552,0,POINT (-4.4725235523244535 48.393412262839554),1.1733277254038198e-05,-4.4725235523244535,48.393412262839554
2025-09-04 09:59:17.353778,553,0,POINT (-4.472516047869613 48.393420991355356),1.1511030820732406e-05,-4.472516047869613,48.393420991355356
2025-09-04 09:59:18.353778,554,0,POINT (-4.472508712655796 48.39342960731495),1.1315481494828106e-05,-4.472508712655796,48.39342960731495
2025-09-04 09:59:19.353778,555,0,POINT (-4.4725015443931735 48.39343811169815),1.1122433307947694e-05,-4.4725015443931735,48.39343811169815
2025-09-04 09:59:20.353778,556,0,POINT (-4.472494526231979 48.3934465031209),1.0939404108676204e-05,-4.472494526231979,48.3934465031209
2025-09-04 09:59:21.353778,557,0,POINT (-4.472487712295364 48.39345479115032),1.0729453101671171e-05,-4.472487712295364,48.39345479115032
2025-09-04 09:59:22.353778,558,0,POINT (-4.472481008664603 48.39346297208792),1.0576691607779278e-05,-4.472481008664603,48.39346297208792
2025-09-04 09:59:23.353778,559,0,POINT (-4.4724744159833305 48.393471050799874),1.0427321480282132e-05,-4.4724744159833305,48.393471050799874
2025-09-04 09:59:24.353778,560,0,POINT (-4.472467873483621 48.39347903116146),1.0319422150091106e-05,-4.472467873483621,48.39347903116146
2025-09-04 09:59:25.353778,561,0,POINT (-4.472461425926772 48.3934869134818),1.0183416089913911e-05,-4.472461425926772,48.3934869134818
2025-09-04 09:59:26.353778,562,0,POINT (-4.472455143822255 48.393494682052236),9.990771930001471e-06,-4.472455143822255,48.393494682052236
2025-09-04 09:59:27.353778,563,0,POINT (-4.47244895600982 48.393502016236),9.595794610398417e-06,-4.47244895600982,48.393502016236
2025-09-04 09:59:28.353778,564,0,POINT (-4.472442828481912 48.3935089235703),9.233518583111874e-06,-4.472442828481912,48.3935089235703
2025-09-04 09:59:29.353778,565,0,POINT (-4.472436736149886 48.39351574162299),9.143432178206685e-06,-4.472436736149886,48.39351574162299
2025-09-04 09:59:30.353778,566,0,POINT (-4.472430733535016 48.39352247195453),9.018245280623267e-06,-4.472430733535016,48.39352247195453
2025-09-04 09:59:31.353778,567,0,POINT (-4.472424808240265 48.39352911462817),8.901361186165908e-06,-4.472424808240265,48.39352911462817
2025-09-04 09:59:32.353778,568,0,POINT (-4.472418972562401 48.39353567147302),8.77766201545891e-06,-4.472418972562401,48.39353567147302
2025-09-04 09:59:33.353778,569,0,POINT (-4.472413200131156 48.393542142724954),8.67168173416229e-06,-4.472413200131156,48.393542142724954
2025-09-04 09:59:34.353778,570,0,POINT (-4.472407387516678 48.39354820746559),8.400450349836047e-06,-4.472407387516678,48.39354820746559
2025-09-04 09:59:35.353778,571,0,POINT (-4.472401557349285 48.393553867591514),8.125753951718826e-06,-4.472401557349285,48.393553867591514
2025-09-04 09:59:36.353778,572,0,POINT (-4.472395636871427 48.39355914164234),7.928913557089616e-06,-4.472395636871427,48.39355914164234
2025-09-04 09:59:37.353778,573,0,POINT (-4.47238965278951 48.39356401993946),7.720558216427108e-06,-4.47238965278951,48.39356401993946
2025-09-04 09:59:38.353778,574,0,POINT (-4.472383600346893 48.39356851168661),7.537098518756334e-06,-4.472383600346893,48.39356851168661
2025-09-04 09:59:39.353778,575,0,POINT (-4.472377463827237 48.39357262095609),7.385321196220502e-06,-4.472377463827237,48.39357262095609
2025-09-04 09:59:40.353778,576,0,POINT (-4.4723712335237265 48.39357636144291),7.26690604509375e-06,-4.4723712335237265,48.39357636144291
2025-09-04 09:59:41.353778,577,0,POINT (-4.472365109712553 48.393580388653405),7.329357929177841e-06,-4.472365109712553,48.393580388653405
2025-09-04 09:59:42.353778,578,0,POINT (-4.472359069188317 48.393584704446134),7.423880381755112e-06,-4.472359069188317,48.393584704446134
2025-09-04 09:59:43.353778,579,0,POINT (-4.472353157197165 48.393589310099856),7.494243496928105e-06,-4.472353157197165,48.393589310099856
2025-09-04 09:59:44.353778,580,0,POINT (-4.472347415813813 48.39359419074556),7.535528202160229e-06,-4.472347415813813,48.39359419074556
2025-09-04 09:59:45.353778,581,0,POINT (-4.472341827325384 48.393599342338796),7.60066548268521e-06,-4.472341827325384,48.393599342338796
2025-09-04 09:59:46.353778,582,0,POINT (-4.472336311853513 48.39360476729743),7.736317352277981e-06,-4.472336311853513,48.39360476729743
2025-09-04 09:59:47.353778,583,0,POINT (-4.472330915951383 48.393610462593664),7.845518399758721e-06,-4.472330915951383,48.393610462593664
2025-09-04 09:59:48.353778,584,0,POINT (-4.472325688781473 48.39361640918853),7.91740461176396e-06,-4.472325688781473,48.39361640918853
2025-09-04 09:59:49.353778,585,0,POINT (-4.47232058296579 48.39362261749288),8.038183667837617e-06,-4.47232058296579,48.39362261749288
2025-09-04 09:59:50.353778,586,0,POINT (-4.472315654661939 48.39362907375786),8.122286396180007e-06,-4.472315654661939,48.39362907375786
2025-09-04 09:59:51.353778,587,0,POINT (-4.472310900977405 48.39363576979813),8.211849486653358e-06,-4.472310900977405,48.39363576979813
2025-09-04 09:59:52.353778,588,0,POINT (-4.472306359035097 48.39364270198071),8.287604915483573e-06,-4.472306359035097,48.39364270198071
2025-09-04 09:59:53.353778,589,0,POINT (-4.47230196101499 48.393649881881274),8.419830934791951e-06,-4.47230196101499,48.393649881881274
2025-09-04 09:59:54.353778,590,0,POINT (-4.472297839629151 48.393657281389494),8.469860868743824e-06,-4.472297839629151,48.393657281389494
2025-09-04 09:59:55.353778,591,0,POINT (-4.47229375857886 48.39366458526206),8.366691456039858e-06,-4.47229375857886,48.39366458526206
2025-09-04 09:59:56.353778,592,0,POINT (-4.472289710191958 48.39367179153671),8.26558109739895e-06,-4.472289710191958,48.39367179153671
2025-09-04 09:59:57.353778,593,0,POINT (-4.472285514082563 48.39367859494533),7.993353668146125e-06,-4.472285514082563,48.39367859494533
2025-09-04 09:59:58.353778,594,0,POINT (-4.472281152471644 48.393685001968855),7.750716113956471e-06,-4.472281152471644,48.393685001968855
2025-09-04 09:59:59.353778,595,0,POINT (-4.4722766280600155 48.39369102477739),7.532896071750315e-06,-4.4722766280600155,48.39369102477739
2025-09-04 10:00:00.353778,596,0,POINT (-4.4722719773767174 48.39369665972258),7.306261864180467e-06,-4.4722719773767174,48.39369665972258
2025-09-04 10:00:01.353778,597,0,POINT (-4.472267172280345 48.39370191557463),7.121301281553708e-06,-4.472267172280345,48.39370191557463
2025-09-04 10:00:02.353778,598,0,POINT (-4.472262238028046 48.39370679869813),6.94202714542783e-06,-4.472262238028046,48.39370679869813
2025-09-04 10:00:03.353778,599,0,POINT (-4.472257088514118 48.39371132608703),6.8567298262329395e-06,-4.472257088514118,48.39371132608703
2025-09-04 10:00:04.353778,600,0,POINT (-4.472251700644306 48.39371551503904),6.824694869763651e-06,-4.472251700644306,48.39371551503904
2025-09-04 10:00:05.353778,601,0,POINT (-4.472246106636681 48.39371936488958),6.790748888048805e-06,-4.472246106636681,48.39371936488958
2025-09-04 10:00:06.353778,602,0,POINT (-4.47224019945007 48.3937227622744),6.814475569998792e-06,-4.47224019945007,48.3937227622744
2025-09-04 10:00:07.353778,603,0,POINT (-4.47223400826232 48.393725695534556),6.850899276507131e-06,-4.47223400826232,48.393725695534556
2025-09-04 10:00:08.353778,604,0,POINT (-4.472227513347316 48.39372816570096),6.948787159645724e-06,-4.472227513347316,48.39372816570096
2025-09-04 10:00:09.353778,605,0,POINT (-4.472220729760522 48.39373016465153),7.07197660854373e-06,-4.472220729760522,48.39373016465153
2025-09-04 10:00:10.353778,606,0,POINT (-4.4722136405704624 48.39373169269902),7.252002815800257e-06,-4.4722136405704624,48.39373169269902
2025-09-04 10:00:11.353778,607,0,POINT (-4.472206274096541 48.39373273819455),7.440295621816631e-06,-4.472206274096541,48.39373273819455
2025-09-04 10:00:12.353778,608,0,POINT (-4.4721985865299345 48.39373330856009),7.708696204466258e-06,-4.4721985865299345,48.39373330856009
2025-09-04 10:00:13.353778,609,0,POINT (-4.472190603915828 48.39373339277254),7.98305829317583e-06,-4.472190603915828,48.39373339277254
2025-09-04 10:00:14.353778,610,0,POINT (-4.472182343261001 48.39373298228934),8.270847273545774e-06,-4.472182343261001,48.39373298228934
2025-09-04 10:00:15.353778,611,0,POINT (-4.472173801651254 48.39373207382638),8.589784748338569e-06,-4.472173801651254,48.39373207382638
2025-09-04 10:00:16.353778,612,0,POINT (-4.472164966242506 48.393730666603105),8.946771769499434e-06,-4.472164966242506,48.393730666603105
2025-09-04 10:00:17.353778,613,0,POINT (-4.472155854408932 48.39372875213864),9.310783278348353e-06,-4.472155854408932,48.39372875213864
2025-09-04 10:00:18.353778,614,0,POINT (-4.472146659933214 48.393726553402104),9.453720224822155e-06,-4.472146659933214,48.393726553402104
2025-09-04 10:00:19.353778,615,0,POINT (-4.4721373177549655 48.39372409269384),9.660816715194063e-06,-4.4721373177549655,48.39372409269384
2025-09-04 10:00:20.353778,616,0,POINT (-4.4721279002022065 48.393721350621405),9.808631973491408e-06,-4.4721279002022065,48.393721350621405
2025-09-04 10:00:21.353778,617,0,POINT (-4.472118294569447 48.39371836035345),1.0060312277983127e-05,-4.472118294569447,48.39371836035345
2025-09-04 10:00:22.353778,618,0,POINT (-4.472108561304393 48.39371510597968),1.0262913683454837e-05,-4.472108561304393,48.39371510597968
2025-09-04 10:00:23.353778,619,0,POINT (-4.472098728027844 48.39371158147359),1.0445835096786918e-05,-4.472098728027844,48.39371158147359
2025-09-04 10:00:24.353778,620,0,POINT (-4.472088865709289 48.393707771141074),1.0572793441263222e-05,-4.472088865709289,48.393707771141074
2025-09-04 10:00:25.353778,621,0,POINT (-4.47207892247756 48.39370369525185),1.0746196079635932e-05,-4.47207892247756,48.39370369525185
2025-09-04 10:00:26.353778,622,0,POINT (-4.47206895910531 48.39369935008093),1.0869650267105196e-05,-4.47206895910531,48.39369935008093
2025-09-04 10:00:27.353778,623,0,POINT (-4.472058955024276 48.39369474038431),1.1015032466335844e-05,-4.472058955024276,48.39369474038431
2025-09-04 10:00:28.353778,624,0,POINT (-4.4720489112209245 48.393689864859915),1.1164619290846147e-05,-4.4720489112209245,48.393689864859915
2025-09-04 10:00:29.353778,625,0,POINT (-4.4720388793374335 48.39368472116772),1.1273697518797904e-05,-4.4720388793374335,48.39368472116772
2025-09-04 10:00:30.353778,626,0,POINT (-4.4720288030502235 48.39367932370427),1.1430843174245528e-05,-4.4720288030502235,48.39367932370427
2025-09-04 10:00:31.353778,627,0,POINT (-4.472018741977836 48.39367366438089),1.1543531465094372e-05,-4.472018741977836,48.39367366438089
2025-09-04 10:00:32.353778,628,0,POINT (-4.472008647603873 48.39366775192893),1.1698438950758613e-05,-4.472008647603873,48.39366775192893
2025-09-04 10:00:33.353778,629,0,POINT (-4.471998574135797 48.393661581030315),1.1813329285557516e-05,-4.471998574135797,48.393661581030315
2025-09-04 10:00:34.353778,630,0,POINT (-4.471988540408836 48.39365515401835),1.1915626695736684e-05,-4.471988540408836,48.39365515401835
2025-09-04 10:00:35.353778,631,0,POINT (-4.47197859475085 48.393648470750136),1.198257846850784e-05,-4.47197859475085,48.393648470750136
2025-09-04 10:00:36.353778,632,0,POINT (-4.4719687388403475 48.39364152660121),1.2056540805095917e-05,-4.4719687388403475,48.39364152660121
2025-09-04 10:00:37.353778,633,0,POINT (-4.471959007676329 48.39363433582881),1.2099700858880879e-05,-4.471959007676329,48.39363433582881
2025-09-04 10:00:38.353778,634,0,POINT (-4.471949415717222 48.39362689423251),1.2140141471053633e-05,-4.471949415717222,48.39362689423251
2025-09-04 10:00:39.353778,635,0,POINT (-4.471939957178057 48.39361919956162),1.2193109663647051e-05,-4.471939957178057,48.39361919956162
2025-09-04 10:00:40.353778,636,0,POINT (-4.471930642314144 48.3936112592122),1.2239928048284986e-05,-4.471930642314144,48.3936112592122
2025-09-04 10:00:41.353778,637,0,POINT (-4.471921423293449 48.39360308717686),1.2319598378992142e-05,-4.471921423293449,48.39360308717686
2025-09-04 10:00:42.353778,638,0,POINT (-4.471912445492256 48.39359500882734),1.2077278053152456e-05,-4.471912445492256,48.39359500882734
2025-09-04 10:00:43.353778,639,0,POINT (-4.471903665657761 48.393587028159196),1.1864929742137087e-05,-4.471903665657761,48.393587028159196
2025-09-04 10:00:44.353778,640,0,POINT (-4.471895030449646 48.39357914885036),1.168975307560185e-05,-4.471895030449646,48.39357914885036
2025-09-04 10:00:45.353778,641,0,POINT (-4.4718866412648985 48.39357135888365),1.144823139441022e-05,-4.4718866412648985,48.39357135888365
2025-09-04 10:00:46.353778,642,0,POINT (-4.471878437297792 48.39356365536228),1.1253857906149165e-05,-4.471878437297792,48.39356365536228
2025-09-04 10:00:47.353778,643,0,POINT (-4.471870318018767 48.39355605304751),1.1122854026946279e-05,-4.471870318018767,48.39355605304751
2025-09-04 10:00:48.353778,644,0,POINT (-4.471862331785104 48.39354855027706),1.0957713838194725e-05,-4.471862331785104,48.39354855027706
2025-09-04 10:00:49.353778,645,0,POINT (-4.471854489059648 48.39354113839022),1.0790941067407635e-05,-4.471854489059648,48.39354113839022
2025-09-04 10:00:50.353778,646,0,POINT (-4.471846793922771 48.39353381761386),1.0621153331860987e-05,-4.471846793922771,48.39353381761386
2025-09-04 10:00:51.353778,647,0,POINT (-4.471839206701608 48.393526583275445),1.0483395310633102e-05,-4.471839206701608,48.393526583275445
2025-09-04 10:00:52.353778,648,0,POINT (-4.471831751875334 48.39351943515172),1.0328122172380548e-05,-4.471831751875334,48.39351943515172
2025-09-04 10:00:53.353778,649,0,POINT (-4.471824448215379 48.39351237809807),1.0156055083974839e-05,-4.471824448215379,48.39351237809807
2025-09-04 10:00:54.353778,650,0,POINT (-4.471817225908056 48.39350540419418),1.0039773831187174e-05,-4.471817225908056,48.39350540419418
2025-09-04 10:00:55.353778,651,0,POINT (-4.47181011456908 48.39349851822369),9.898875272465189e-06,-4.47181011456908,48.39349851822369
2025-09-04 10:00:56.353778,652,0,POINT (-4.4718030718146204 48.393491711743515),9.794312774022102e-06,-4.4718030718146204,48.393491711743515
2025-09-04 10:00:57.353778,653,0,POINT (-4.471796124441002 48.39348499101021),9.666139680841067e-06,-4.471796124441002,48.39348499101021
2025-09-04 10:00:58.353778,654,0,POINT (-4.4717893117642 48.393478361684764),9.505815120412986e-06,-4.4717893117642,48.393478361684764
2025-09-04 10:00:59.353778,655,0,POINT (-4.471782538526369 48.39347181949088),9.416849343593808e-06,-4.471782538526369,48.39347181949088
2025-09-04 10:01:00.353778,656,0,POINT (-4.471775846326332 48.39346535669903),9.303398291675066e-06,-4.471775846326332,48.39346535669903
2025-09-04 10:01:01.353778,657,0,POINT (-4.471769267763297 48.39345897641263),9.164362834115665e-06,-4.471769267763297,48.39345897641263
2025-09-04 10:01:02.353778,658,0,POINT (-4.471762749020356 48.39345267544203),9.066214208951e-06,-4.471762749020356,48.39345267544203
2025-09-04 10:01:03.353778,659,0,POINT (-4.471756263448504 48.393446453037825),8.987822667789789e-06,-4.471756263448504,48.393446453037825
2025-09-04 10:01:04.353778,660,0,POINT (-4.471749790182896 48.393440639116214),8.700853528716365e-06,-4.471749790182896,48.393440639116214
2025-09-04 10:01:05.353778,661,0,POINT (-4.4717433272469185 48.39343522912187),8.42837945586779e-06,-4.4717433272469185,48.39343522912187
2025-09-04 10:01:06.353778,662,0,POINT (-4.471736808351554 48.39343021197979),8.226038622836753e-06,-4.471736808351554,48.39343021197979
2025-09-04 10:01:07.353778,663,0,POINT (-4.471730290015875 48.393425584292004),7.994009899107492e-06,-4.471730290015875,48.393425584292004
2025-09-04 10:01:08.353778,664,0,POINT (-4.471723701812445 48.393421341601524),7.836124484816807e-06,-4.471723701812445,48.393421341601524
2025-09-04 10:01:09.353778,665,0,POINT (-4.471717015508231 48.39341747401292),7.724306159741074e-06,-4.471717015508231,48.39341747401292
2025-09-04 10:01:10.353778,666,0,POINT (-4.471710220934883 48.393413974728674),7.642723155386814e-06,-4.471710220934883,48.393413974728674
2025-09-04 10:01:11.353778,667,0,POINT (-4.471703335718908 48.39341084249257),7.564198702691631e-06,-4.471703335718908,48.39341084249257
2025-09-04 10:01:12.353778,668,0,POINT (-4.47169654774103 48.393407411125075),7.6059796588229546e-06,-4.47169654774103,48.393407411125075
2025-09-04 10:01:13.353778,669,0,POINT (-4.471689879406826 48.393403680408184),7.641003178632559e-06,-4.471689879406826,48.393403680408184
2025-09-04 10:01:14.353778,670,0,POINT (-4.471683278067917 48.39339965340497),7.732685838982077e-06,-4.471683278067917,48.39339965340497
2025-09-04 10:01:15.353778,671,0,POINT (-4.471676783119137 48.393395341425496),7.795994268490997e-06,-4.471676783119137,48.393395341425496
2025-09-04 10:01:16.353778,672,0,POINT (-4.471670409716876 48.39339074920071),7.855493927434696e-06,-4.471670409716876,48.39339074920071
2025-09-04 10:01:17.353778,673,0,POINT (-4.471664096698474 48.39338586538788),7.981593146415006e-06,-4.471664096698474,48.39338586538788
2025-09-04 10:01:18.353778,674,0,POINT (-4.471657890403145 48.39338069960195),8.07486507407672e-06,-4.471657890403145,48.39338069960195
2025-09-04 10:01:19.353778,675,0,POINT (-4.471651824855495 48.39337525674509),8.149574167175503e-06,-4.471651824855495,48.39337525674509
2025-09-04 10:01:20.353778,676,0,POINT (-4.471645937553533 48.39336955114114),8.19842916549815e-06,-4.471645937553533,48.39336955114114
2025-09-04 10:01:21.353778,677,0,POINT (-4.471640214570256 48.39336358902901),8.264340184808065e-06,-4.471640214570256,48.39336358902901
2025-09-04 10:01:22.353778,678,0,POINT (-4.471634658628058 48.393357369588614),8.33966021598823e-06,-4.471634658628058,48.393357369588614
2025-09-04 10:01:23.353778,679,0,POINT (-4.471629243350548 48.39335088426088),8.448947051935342e-06,-4.471629243350548,48.39335088426088
2025-09-04 10:01:24.353778,680,0,POINT (-4.4716240487771195 48.393344158876424),8.497904990339172e-06,-4.4716240487771195,48.393344158876424
2025-09-04 10:01:25.353778,681,0,POINT (-4.4716190782079925 48.39333719535015),8.55553947010763e-06,-4.4716190782079925,48.39333719535015
2025-09-04 10:01:26.353778,682,0,POINT (-4.471614306013415 48.39332999196132),8.640755271396089e-06,-4.471614306013415,48.39332999196132
2025-09-04 10:01:27.353778,683,0,POINT (-4.471609749036168 48.3933225644647),8.713997232572518e-06,-4.471609749036168,48.3933225644647
2025-09-04 10:01:28.353778,684,0,POINT (-4.471605103454178 48.39331555527589),8.4089333300588e-06,-4.471605103454178,48.39331555527589
2025-09-04 10:01:29.353778,685,0,POINT (-4.471600369216403 48.393308955565466),8.122141650897937e-06,-4.471600369216403,48.393308955565466
2025-09-04 10:01:30.353778,686,0,POINT (-4.47159550538448 48.393302753409685),7.881852403235322e-06,-4.47159550538448,48.393302753409685
2025-09-04 10:01:31.353778,687,0,POINT (-4.4715905078929135 48.39329694281727),7.66406590137498e-06,-4.4715905078929135,48.39329694281727
2025-09-04 10:01:32.353778,688,0,POINT (-4.471585363269955 48.39329150542404),7.485478646851732e-06,-4.471585363269955,48.39329150542404
2025-09-04 10:01:33.353778,689,0,POINT (-4.47158004899755 48.39328644167787),7.340505188078567e-06,-4.47158004899755,48.39328644167787
2025-09-04 10:01:34.353778,690,0,POINT (-4.471574614891516 48.39328175400774),7.176611992162985e-06,-4.471574614891516,48.39328175400774
2025-09-04 10:01:35.353778,691,0,POINT (-4.4715690138883115 48.393277422341484),7.080576913803828e-06,-4.4715690138883115,48.393277422341484
2025-09-04 10:01:36.353778,692,0,POINT (-4.471563313646187 48.39327346212464),6.94089891381063e-06,-4.471563313646187,48.39327346212464
2025-09-04 10:01:37.353778,693,0,POINT (-4.471557404664636 48.39326983903642),6.931293617580727e-06,-4.471557404664636,48.39326983903642
2025-09-04 10:01:38.353778,694,0,POINT (-4.471551254502376 48.39326654853773),6.9750897803194205e-06,-4.471551254502376,48.39326654853773
2025-09-04 10:01:39.353778,695,0,POINT (-4.471544903872999 48.39326358639809),7.007479199221485e-06,-4.471544903872999,48.39326358639809
2025-09-04 10:01:40.353778,696,0,POINT (-4.471538367200384 48.393260961451325),7.044035378354705e-06,-4.471538367200384,48.393260961451325
2025-09-04 10:01:41.353778,697,0,POINT (-4.471531620640353 48.39325865254414),7.130716978947853e-06,-4.471531620640353,48.39325865254414
2025-09-04 10:01:42.353778,698,0,POINT (-4.471524707703194 48.39325666472824),7.193060003248585e-06,-4.471524707703194,48.39325666472824
2025-09-04 10:01:43.353778,699,0,POINT (-4.471517551387095 48.39325516250484),7.31228659564361e-06,-4.471517551387095,48.39325516250484
2025-09-04 10:01:44.353778,700,0,POINT (-4.471510109347863 48.393254139721854),7.511992610005764e-06,-4.471510109347863,48.393254139721854
2025-09-04 10:01:45.353778,701,0,POINT (-4.471502370728808 48.39325359790467),7.757563453855914e-06,-4.471502370728808,48.39325359790467
2025-09-04 10:01:46.353778,702,0,POINT (-4.471494346817285 48.393253543970246),8.02409278654274e-06,-4.471494346817285,48.393253543970246
2025-09-04 10:01:47.353778,703,0,POINT (-4.471486198956402 48.39325379451783),8.151712155106766e-06,-4.471486198956402,48.39325379451783
2025-09-04 10:01:48.353778,704,0,POINT (-4.4714778704448745 48.393254333547766),8.34593658816869e-06,-4.4714778704448745,48.393254333547766
2025-09-04 10:01:49.353778,705,0,POINT (-4.471469389243303 48.393255158084315),8.521187746639638e-06,-4.471469389243303,48.393255158084315
2025-09-04 10:01:50.353778,706,0,POINT (-4.4714607838323355 48.39325627564046),8.677674208164007e-06,-4.4714607838323355,48.39325627564046
2025-09-04 10:01:51.353778,707,0,POINT (-4.471452004926011 48.39325766393785),8.888001232178309e-06,-4.471452004926011,48.39325766393785
2025-09-04 10:01:52.353778,708,0,POINT (-4.471443259099769 48.39325902675465),8.851369739962604e-06,-4.471443259099769,48.39325902675465
2025-09-04 10:01:53.353778,709,0,POINT (-4.471434574189271 48.39326037112818),8.788345154329108e-06,-4.471434574189271,48.39326037112818
2025-09-04 10:01:54.353778,710,0,POINT (-4.471425932755939 48.39326168360502),8.740535766172591e-06,-4.471425932755939,48.39326168360502
2025-09-04 10:01:55.353778,711,0,POINT (-4.471417273766929 48.39326295823309),8.752300691458708e-06,-4.471417273766929,48.39326295823309
2025-09-04 10:01:56.353778,712,0,POINT (-4.471408588005998 48.39326419176301),8.772915080934401e-06,-4.471408588005998,48.39326419176301
2025-09-04 10:01:57.353778,713,0,POINT (-4.4713999260198625 48.39326539150599),8.744677640409202e-06,-4.4713999260198625,48.39326539150599
2025-09-04 10:01:58.353778,714,0,POINT (-4.471391296153023 48.39326656706381),8.709565882457278e-06,-4.471391296153023,48.39326656706381
2025-09-04 10:01:59.353778,715,0,POINT (-4.471382683836599 48.39326770872601),8.687657149615909e-06,-4.471382683836599,48.39326770872601
2025-09-04 10:02:00.353778,716,0,POINT (-4.471374092510678 48.39326881662272),8.662465942783576e-06,-4.471374092510678,48.39326881662272
2025-09-04 10:02:01.353778,717,0,POINT (-4.471365501529835 48.39326989100471),8.657900928957954e-06,-4.471365501529835,48.39326989100471
2025-09-04 10:02:02.353778,718,0,POINT (-4.471356962327842 48.393270937198565),8.603051334302056e-06,-4.471356962327842,48.393270937198565
2025-09-04 10:02:03.353778,719,0,POINT (-4.471348477746265 48.39327195807713),8.54577776401475e-06,-4.471348477746265,48.39327195807713
2025-09-04 10:02:04.353778,720,0,POINT (-4.4713399924929655 48.39327295271177),8.543349554839045e-06,-4.4713399924929655,48.39327295271177
2025-09-04 10:02:05.353778,721,0,POINT (-4.471331538573739 48.393273922059436),8.509311675698956e-06,-4.471331538573739,48.393273922059436
2025-09-04 10:02:06.353778,722,0,POINT (-4.471323112382682 48.39327485829185),8.478043811370627e-06,-4.471323112382682,48.39327485829185
2025-09-04 10:02:07.353778,723,0,POINT (-4.471314717425604 48.393275775235225),8.444885403964155e-06,-4.471314717425604,48.393275775235225
2025-09-04 10:02:08.353778,724,0,POINT (-4.471306264981196 48.39327699118027),8.539457759196555e-06,-4.471306264981196,48.39327699118027
2025-09-04 10:02:09.353778,725,0,POINT (-4.47129767966243 48.393278497730726),8.71650116658134e-06,-4.47129767966243,48.393278497730726
2025-09-04 10:02:10.353778,726,0,POINT (-4.471289022696497 48.39328030440844),8.84348028446875e-06,-4.471289022696497,48.39328030440844
2025-09-04 10:02:11.353778,727,0,POINT (-4.471280255488806 48.39328239845852),9.013821409565801e-06,-4.471280255488806,48.39328239845852
2025-09-04 10:02:12.353778,728,0,POINT (-4.471271429320498 48.393284789130874),9.144209168832307e-06,-4.471271429320498,48.393284789130874
2025-09-04 10:02:13.353778,729,0,POINT (-4.471262474241912 48.39328746023928),9.344958672731091e-06,-4.471262474241912,48.39328746023928
2025-09-04 10:02:14.353778,730,0,POINT (-4.47125350372354 48.39329042650088),9.448222465732478e-06,-4.47125350372354,48.39329042650088
2025-09-04 10:02:15.353778,731,0,POINT (-4.47124451287686 48.393293681625195),9.561964145546756e-06,-4.47124451287686,48.393293681625195
2025-09-04 10:02:16.353778,732,0,POINT (-4.471235510463255 48.39329721741706),9.671880623899803e-06,-4.471235510463255,48.39329721741706
2025-09-04 10:02:17.353778,733,0,POINT (-4.471226438908385 48.39330102211265),9.837114227728778e-06,-4.471226438908385,48.39330102211265
2025-09-04 10:02:18.353778,734,0,POINT (-4.4712173163554745 48.39330510155398),9.993138302301637e-06,-4.4712173163554745,48.39330510155398
2025-09-04 10:02:19.353778,735,0,POINT (-4.471208169476776 48.393309453380425),1.012935256385855e-05,-4.471208169476776,48.393309453380425
2025-09-04 10:02:20.353778,736,0,POINT (-4.471199065156697 48.39331407709368),1.0211139423541007e-05,-4.471199065156697,48.39331407709368
2025-09-04 10:02:21.353778,737,0,POINT (-4.4711899368292265 48.39331896750438),1.0355794476170488e-05,-4.4711899368292265,48.39331896750438
2025-09-04 10:02:22.353778,738,0,POINT (-4.471180801561009 48.393324124585014),1.0490405430391712e-05,-4.471180801561009,48.393324124585014
2025-09-04 10:02:23.353778,739,0,POINT (-4.471171709396012 48.39332955130152),1.0588518138142018e-05,-4.471171709396012,48.39332955130152
2025-09-04 10:02:24.353778,740,0,POINT (-4.471162630246112 48.39333524481437),1.0716671659209225e-05,-4.471162630246112,48.39333524481437
2025-09-04 10:02:25.353778,741,0,POINT (-4.471153559816998 48.39334120294626),1.0852281786168081e-05,-4.471153559816998,48.39334120294626
2025-09-04 10:02:26.353778,742,0,POINT (-4.471144579065505 48.39334742885972),1.0927758040603255e-05,-4.471144579065505,48.39334742885972
2025-09-04 10:02:27.353778,743,0,POINT (-4.4711356192209815 48.39335390616117),1.1055959837027252e-05,-4.4711356192209815,48.39335390616117
2025-09-04 10:02:28.353778,744,0,POINT (-4.471126788055626 48.393360642858276),1.110732053557863e-05,-4.471126788055626,48.393360642858276
2025-09-04 10:02:29.353778,745,0,POINT (-4.471117974740937 48.39336762285726),1.1242548716624245e-05,-4.471117974740937,48.39336762285726
2025-09-04 10:02:30.353778,746,0,POINT (-4.471109293453293 48.39337451785867),1.1086288808408168e-05,-4.471109293453293,48.39337451785867
2025-09-04 10:02:31.353778,747,0,POINT (-4.47110073241625 48.39338132993297),1.094055353117816e-05,-4.47110073241625,48.39338132993297
2025-09-04 10:02:32.353778,748,0,POINT (-4.471092239243189 48.39338805833634),1.083537726879038e-05,-4.471092239243189,48.39338805833634
2025-09-04 10:02:33.353778,749,0,POINT (-4.471083882302211 48.39339470478052),1.0677718984723225e-05,-4.471083882302211,48.39339470478052
2025-09-04 10:02:34.353778,750,0,POINT (-4.471075629389677 48.39340127137242),1.0546596345090087e-05,-4.471075629389677,48.39340127137242
2025-09-04 10:02:35.353778,751,0,POINT (-4.471067532116455 48.39340741749409),1.0165660097953623e-05,-4.471067532116455,48.39340741749409
2025-09-04 10:02:36.353778,752,0,POINT (-4.471059529153357 48.39341314871702),9.84349199548861e-06,-4.471059529153357,48.39341314871702
2025-09-04 10:02:37.353778,753,0,POINT (-4.471051604303419 48.39341847677335),9.549420440182675e-06,-4.471051604303419,48.39341847677335
2025-09-04 10:02:38.353778,754,0,POINT (-4.471043801787662 48.39342340841816),9.23040479446069e-06,-4.471043801787662,48.39342340841816
2025-09-04 10:02:39.353778,755,0,POINT (-4.471036002317487 48.393427945938186),9.023348768738672e-06,-4.471036002317487,48.393427945938186
2025-09-04 10:02:40.353778,756,0,POINT (-4.4710282413807185 48.39343209144436),8.798713597702872e-06,-4.4710282413807185,48.39343209144436
2025-09-04 10:02:41.353778,757,0,POINT (-4.471020469560713 48.39343585039404),8.633127411419294e-06,-4.471020469560713,48.39343585039404
2025-09-04 10:02:42.353778,758,0,POINT (-4.471012755333381 48.3934392290496),8.42167540960355e-06,-4.471012755333381,48.3934392290496
2025-09-04 10:02:43.353778,759,0,POINT (-4.471005024305659 48.39344223427013),8.294584986617898e-06,-4.471005024305659,48.39344223427013
2025-09-04 10:02:44.353778,760,0,POINT (-4.470997278784236 48.39344486799628),8.181052226047658e-06,-4.470997278784236,48.39344486799628
2025-09-04 10:02:45.353778,761,0,POINT (-4.47098954993232 48.39344713097151),8.053335261809441e-06,-4.47098954993232,48.39344713097151
2025-09-04 10:02:46.353778,762,0,POINT (-4.470981863139477 48.39344903894832),7.920047961022598e-06,-4.470981863139477,48.39344903894832
2025-09-04 10:02:47.353778,763,0,POINT (-4.470974124908612 48.39345058820331),7.891793708729406e-06,-4.470974124908612,48.39345058820331
2025-09-04 10:02:48.353778,764,0,POINT (-4.4709663318934965 48.39345178611752),7.884547104804744e-06,-4.4709663318934965,48.39345178611752
2025-09-04 10:02:49.353778,765,0,POINT (-4.470958549088478 48.39345297178193),7.872601479826788e-06,-4.470958549088478,48.39345297178193
2025-09-04 10:02:50.353778,766,0,POINT (-4.470950713555881 48.39345414606104),7.923036191826017e-06,-4.470950713555881,48.39345414606104
2025-09-04 10:02:51.353778,767,0,POINT (-4.470942867464462 48.39345531374181),7.932504582002545e-06,-4.470942867464462,48.39345531374181
2025-09-04 10:02:52.353778,768,0,POINT (-4.470935040874963 48.39345646784023),7.911222810179445e-06,-4.470935040874963,48.39345646784023
2025-09-04 10:02:53.353778,769,0,POINT (-4.470927239237788 48.39345761197134),7.885085833602929e-06,-4.470927239237788,48.39345761197134
2025-09-04 10:02:54.353778,770,0,POINT (-4.47091942362587 48.39345873806997),7.89632115433846e-06,-4.47091942362587,48.39345873806997
2025-09-04 10:02:55.353778,771,0,POINT (-4.470911628992611 48.39345985185762),7.873806612957143e-06,-4.470911628992611,48.39345985185762
2025-09-04 10:02:56.353778,772,0,POINT (-4.470903832075156 48.39346095872493),7.875092192238637e-06,-4.470903832075156,48.39346095872493
2025-09-04 10:02:57.353778,773,0,POINT (-4.470896116658576 48.39346205563163),7.79300053363192e-06,-4.470896116658576,48.39346205563163
2025-09-04 10:02:58.353778,774,0,POINT (-4.470888438386264 48.39346313111141),7.75322658362443e-06,-4.470888438386264,48.39346313111141
2025-09-04 10:02:59.353778,775,0,POINT (-4.470880772358552 48.39346419531473),7.739541948413663e-06,-4.470880772358552,48.39346419531473
2025-09-04 10:03:00.353778,776,0,POINT (-4.470873083567902 48.393465243838165),7.759955094154734e-06,-4.470873083567902,48.393465243838165
2025-09-04 10:03:01.353778,777,0,POINT (-4.470865377273451 48.393466282658224),7.775996482008783e-06,-4.470865377273451,48.393466282658224
2025-09-04 10:03:02.353778,778,0,POINT (-4.47085764605073 48.39346731096191),7.799308509540708e-06,-4.47085764605073,48.39346731096191
2025-09-04 10:03:03.353778,779,0,POINT (-4.47084986929351 48.393468329771856),7.843208945245057e-06,-4.47084986929351,48.393468329771856
2025-09-04 10:03:04.353778,780,0,POINT (-4.470842099249978 48.393469335627536),7.834878565722253e-06,-4.470842099249978,48.393469335627536
2025-09-04 10:03:05.353778,781,0,POINT (-4.470834312044977 48.3934703261644),7.849950636711286e-06,-4.470834312044977,48.3934703261644
2025-09-04 10:03:06.353778,782,0,POINT (-4.470826531015825 48.39347130354762),7.842173973967301e-06,-4.470826531015825,48.39347130354762
2025-09-04 10:03:07.353778,783,0,POINT (-4.470818704750402 48.393472271260116),7.885866974201514e-06,-4.470818704750402,48.393472271260116
2025-09-04 10:03:08.353778,784,0,POINT (-4.4708108670071125 48.39347322482296),7.895536839326004e-06,-4.4708108670071125,48.39347322482296
2025-09-04 10:03:09.353778,785,0,POINT (-4.4708029841149015 48.39347417793946),7.940303562727767e-06,-4.4708029841149015,48.39347417793946
2025-09-04 10:03:10.353778,786,0,POINT (-4.470795108842789 48.39347513023379),7.932639871877848e-06,-4.470795108842789,48.39347513023379
2025-09-04 10:03:11.353778,787,0,POINT (-4.47078721036303 48.39347607217075),7.954447041923862e-06,-4.47078721036303,48.39347607217075
2025-09-04 10:03:12.353778,788,0,POINT (-4.470779311680712 48.39347701723659),7.955019283890781e-06,-4.470779311680712,48.39347701723659
2025-09-04 10:03:13.353778,789,0,POINT (-4.470771406855898 48.39347796527853),7.961472153045923e-06,-4.470771406855898,48.39347796527853
2025-09-04 10:03:14.353778,790,0,POINT (-4.470763462411304 48.393478904801526),7.999806458964928e-06,-4.470763462411304,48.393478904801526
2025-09-04 10:03:15.353778,791,0,POINT (-4.470755529611282 48.39347983221024),7.9868268479937e-06,-4.470755529611282,48.39347983221024
2025-09-04 10:03:16.353778,792,0,POINT (-4.470747574260466 48.393480755816405),8.008786110281735e-06,-4.470747574260466,48.393480755816405
2025-09-04 10:03:17.353778,793,0,POINT (-4.4707396022158115 48.39348168024349),8.025463314322804e-06,-4.4707396022158115,48.39348168024349
2025-09-04 10:03:18.353778,794,0,POINT (-4.470731605786721 48.39348259903362),8.049040532791659e-06,-4.470731605786721,48.39348259903362
2025-09-04 10:03:19.353778,795,0,POINT (-4.470723595573396 48.393483506080536),8.061405064683123e-06,-4.470723595573396,48.393483506080536
2025-09-04 10:03:20.353778,796,0,POINT (-4.47071556799596 48.39348441611572),8.078995205761743e-06,-4.47071556799596,48.39348441611572
2025-09-04 10:03:21.353778,797,0,POINT (-4.4707075398468845 48.3934853201188),8.078886008888547e-06,-4.4707075398468845,48.3934853201188
2025-09-04 10:03:22.353778,798,0,POINT (-4.4706995244854255 48.393486213951896),8.065045376358307e-06,-4.4706995244854255,48.393486213951896
2025-09-04 10:03:23.353778,799,0,POINT (-4.47069146585947 48.39348711110091),8.108410981886135e-06,-4.47069146585947,48.39348711110091
2025-09-04 10:03:24.353778,800,0,POINT (-4.470683394907937 48.39348800345752),8.120132940130072e-06,-4.470683394907937,48.39348800345752
2025-09-04 09:50:04.353778,0,1,POINT (-4.325029588018017 48.35280616256),7.365200012358096e-07,-4.325029588018017,48.35280616256
2025-09-04 09:50:05.353778,1,1,POINT (-4.325030279467315 48.3528059088681),7.365200012358096e-07,-4.325030279467315,48.3528059088681
2025-09-04 09:50:06.353778,2,1,POINT (-4.3250316673302045 48.35280540609593),1.4761244026082418e-06,-4.3250316673302045,48.35280540609593
2025-09-04 09:50:07.353778,3,1,POINT (-4.325033730783509 48.35280463415855),2.2031175313720104e-06,-4.325033730783509,48.35280463415855
2025-09-04 09:50:08.353778,4,1,POINT (-4.325036450851236 48.35280357480793),2.9190738574279647e-06,-4.325036450851236,48.35280357480793
2025-09-04 09:50:09.353778,5,1,POINT (-4.325039890968591 48.3528022873029),3.673156219411308e-06,-4.325039890968591,48.3528022873029
2025-09-04 09:50:10.353778,6,1,POINT (-4.325043982948551 48.35280070695564),4.386547327300888e-06,-4.325043982948551,48.35280070695564
2025-09-04 09:50:11.353778,7,1,POINT (-4.325048739990845 48.35279884551711),5.108268278541208e-06,-4.325048739990845,48.35279884551711
2025-09-04 09:50:12.353778,8,1,POINT (-4.325054147994695 48.35279668936087),5.821985516268452e-06,-4.325054147994695,48.35279668936087
2025-09-04 09:50:13.353778,9,1,POINT (-4.325060202809913 48.35279423407921),6.5336969132351685e-06,-4.325060202809913,48.35279423407921
2025-09-04 09:50:14.353778,10,1,POINT (-4.325066899593508 48.35279147460006),7.243040500974426e-06,-4.325066899593508,48.35279147460006
2025-09-04 09:50:15.353778,11,1,POINT (-4.325074223563801 48.3527883971663),7.944251972759815e-06,-4.325074223563801,48.3527883971663
2025-09-04 09:50:16.353778,12,1,POINT (-4.325082170752633 48.35278499763852),8.64376072279178e-06,-4.325082170752633,48.35278499763852
2025-09-04 09:50:17.353778,13,1,POINT (-4.3250907173091395 48.35278125512212),9.330062013184339e-06,-4.3250907173091395,48.35278125512212
2025-09-04 09:50:18.353778,14,1,POINT (-4.325099867088376 48.35277717636079),1.001772199918566e-05,-4.325099867088376,48.35277717636079
2025-09-04 09:50:19.353778,15,1,POINT (-4.3251095644085344 48.352772733642084),1.0666572446018872e-05,-4.3251095644085344,48.352772733642084
2025-09-04 09:50:20.353778,16,1,POINT (-4.32511975879893 48.35276790301841),1.1280980481235419e-05,-4.32511975879893,48.35276790301841
2025-09-04 09:50:21.353778,17,1,POINT (-4.325130470736573 48.35276271591404),1.1901750283698397e-05,-4.325130470736573,48.35276271591404
2025-09-04 09:50:22.353778,18,1,POINT (-4.3251416249810894 48.35275712425869),1.2477330656424361e-05,-4.3251416249810894,48.35275712425869
2025-09-04 09:50:23.353778,19,1,POINT (-4.325153220799093 48.35275115752623),1.3040893045043613e-05,-4.325153220799093,48.35275115752623
2025-09-04 09:50:24.353778,20,1,POINT (-4.325165261190993 48.35274481414255),1.360917167372725e-05,-4.325165261190993,48.35274481414255
2025-09-04 09:50:25.353778,21,1,POINT (-4.325177683875185 48.35273807245037),1.4134125226128252e-05,-4.325177683875185,48.35273807245037
2025-09-04 09:50:26.353778,22,1,POINT (-4.3251904444391975 48.3527309241352),1.462635989193733e-05,-4.3251904444391975,48.3527309241352
2025-09-04 09:50:27.353778,23,1,POINT (-4.32520346780336 48.35272333814793),1.5071669348608809e-05,-4.32520346780336,48.35272333814793
2025-09-04 09:50:28.353778,24,1,POINT (-4.3252167437747575 48.35271530937673),1.5514914876339116e-05,-4.3252167437747575,48.35271530937673
2025-09-04 09:50:29.353778,25,1,POINT (-4.325230281553745 48.352706859307965),1.595854385589464e-05,-4.325230281553745,48.352706859307965
2025-09-04 09:50:30.353778,26,1,POINT (-4.325244000966231 48.3526979727337),1.634605399210075e-05,-4.325244000966231,48.3526979727337
2025-09-04 09:50:31.353778,27,1,POINT (-4.3252578638296475 48.352688632284064),1.6715949913718595e-05,-4.3252578638296475,48.352688632284064
2025-09-04 09:50:32.353778,28,1,POINT (-4.325271838589372 48.352678829961086),1.706984021973964e-05,-4.325271838589372,48.352678829961086
2025-09-04 09:50:33.353778,29,1,POINT (-4.325285863954266 48.352668552511794),1.7387835528370207e-05,-4.325285863954266,48.352668552511794
2025-09-04 09:50:34.353778,30,1,POINT (-4.325299932624151 48.35265781438125),1.769844399459791e-05,-4.325299932624151,48.35265781438125
2025-09-04 09:50:35.353778,31,1,POINT (-4.325313955987805 48.35264659394634),1.795975745471075e-05,-4.325313955987805,48.35264659394634
2025-09-04 09:50:36.353778,32,1,POINT (-4.325327922017326 48.352634894487586),1.821887251453341e-05,-4.325327922017326,48.352634894487586
2025-09-04 09:50:37.353778,33,1,POINT (-4.3253417649361054 48.35262270108369),1.844737105743011e-05,-4.3253417649361054,48.35262270108369
2025-09-04 09:50:38.353778,34,1,POINT (-4.32535543554661 48.35261001466277),1.8650224321635576e-05,-4.32535543554661,48.35261001466277
2025-09-04 09:50:39.353778,35,1,POINT (-4.32536895910416 48.352596858191646),1.8867414801717542e-05,-4.32536895910416,48.352596858191646
2025-09-04 09:50:40.353778,36,1,POINT (-4.325382297226254 48.35258323897516),1.9062753178932164e-05,-4.325382297226254,48.35258323897516
2025-09-04 09:50:41.353778,37,1,POINT (-4.325395383923549 48.352569144292275),1.923334946532868e-05,-4.325395383923549,48.352569144292275
2025-09-04 09:50:42.353778,38,1,POINT (-4.325407953073473 48.35255485071528),1.9033913762931147e-05,-4.325407953073473,48.35255485071528
2025-09-04 09:50:43.353778,39,1,POINT (-4.325420043331405 48.35254036938846),1.886486584648618e-05,-4.325420043331405,48.35254036938846
2025-09-04 09:50:44.353778,40,1,POINT (-4.3254315925153 48.35252569885078),1.8671055788627483e-05,-4.3254315925153,48.35252569885078
2025-09-04 09:50:45.353778,41,1,POINT (-4.325442590528289 48.35251084492928),1.8482296226957596e-05,-4.325442590528289,48.35251084492928
2025-09-04 09:50:46.353778,42,1,POINT (-4.325453108855533 48.352495836803065),1.8327003585008754e-05,-4.325453108855533,48.352495836803065
2025-09-04 09:50:47.353778,43,1,POINT (-4.325463050795573 48.352480656074576),1.8146533807579142e-05,-4.325463050795573,48.352480656074576
2025-09-04 09:50:48.353778,44,1,POINT (-4.325472388305624 48.3524653112868),1.7962505555929526e-05,-4.325472388305624,48.3524653112868
2025-09-04 09:50:49.353778,45,1,POINT (-4.325481166728288 48.35244981822005),1.780718455354454e-05,-4.325481166728288,48.35244981822005
2025-09-04 09:50:50.353778,46,1,POINT (-4.32548932187347 48.35243417962173),1.763723760593482e-05,-4.32548932187347,48.35243417962173
2025-09-04 09:50:51.353778,47,1,POINT (-4.325496755550272 48.3524189214043),1.697270602956367e-05,-4.325496755550272,48.3524189214043
2025-09-04 09:50:52.353778,48,1,POINT (-4.325503457942221 48.352404052308366),1.6309876509676477e-05,-4.325503457942221,48.352404052308366
2025-09-04 09:50:53.353778,49,1,POINT (-4.32550943200074 48.35238958374715),1.565339065251765e-05,-4.32550943200074,48.35238958374715
2025-09-04 09:50:54.353778,50,1,POINT (-4.325514821030284 48.35237554085418),1.5041425538155378e-05,-4.325514821030284,48.35237554085418
2025-09-04 09:50:55.353778,51,1,POINT (-4.3255196347969695 48.35236193234868),1.4434811109801773e-05,-4.3255196347969695,48.35236193234868
2025-09-04 09:50:56.353778,52,1,POINT (-4.325523899783097 48.35234876830333),1.3837709225823608e-05,-4.325523899783097,48.35234876830333
2025-09-04 09:50:57.353778,53,1,POINT (-4.325527678679063 48.35233606015254),1.3258097572961891e-05,-4.325527678679063,48.35233606015254
2025-09-04 09:50:58.353778,54,1,POINT (-4.325531075441754 48.352323818973815),1.2703718089915252e-05,-4.325531075441754,48.352323818973815
2025-09-04 09:50:59.353778,55,1,POINT (-4.325534121068477 48.352312050555234),1.2156130882579216e-05,-4.325534121068477,48.352312050555234
2025-09-04 09:51:00.353778,56,1,POINT (-4.325536864964613 48.35230076039295),1.1618809336967207e-05,-4.325536864964613,48.35230076039295
2025-09-04 09:51:01.353778,57,1,POINT (-4.3255393454867095 48.352289952764565),1.1088634775323562e-05,-4.3255393454867095,48.352289952764565
2025-09-04 09:51:02.353778,58,1,POINT (-4.32554164144041 48.35227963083428),1.057419728219373e-05,-4.32554164144041,48.35227963083428
2025-09-04 09:51:03.353778,59,1,POINT (-4.325543713983024 48.35226979795016),1.0048932435667826e-05,-4.325543713983024,48.35226979795016
2025-09-04 09:51:04.353778,60,1,POINT (-4.325545599016103 48.3522604569394),9.529314336242973e-06,-4.325545599016103,48.3522604569394
2025-09-04 09:51:05.353778,61,1,POINT (-4.325547316464186 48.352251610541266),9.011569664296455e-06,-4.325547316464186,48.352251610541266
2025-09-04 09:51:06.353778,62,1,POINT (-4.325548940963529 48.35224325868286),8.508380394085745e-06,-4.325548940963529,48.35224325868286
2025-09-04 09:51:07.353778,63,1,POINT (-4.325550443443087 48.3522353927073),8.008184335983596e-06,-4.325550443443087,48.3522353927073
2025-09-04 09:51:08.353778,64,1,POINT (-4.3255518722396955 48.352228000318966),7.529200822150536e-06,-4.3255518722396955,48.352228000318966
2025-09-04 09:51:09.353778,65,1,POINT (-4.325553284930144 48.35222106672101),7.076049389165766e-06,-4.325553284930144,48.35222106672101
2025-09-04 09:51:10.353778,66,1,POINT (-4.325554672585177 48.35221459253363),6.621230151807628e-06,-4.325554672585177,48.35221459253363
2025-09-04 09:51:11.353778,67,1,POINT (-4.325556063151474 48.3522085675322),6.183390397367074e-06,-4.325556063151474,48.3522085675322
2025-09-04 09:51:12.353778,68,1,POINT (-4.325557507086883 48.35220298206326),5.7690911547307915e-06,-4.325557507086883,48.35220298206326
2025-09-04 09:51:13.353778,69,1,POINT (-4.3255589964514485 48.35219783292579),5.36020741345897e-06,-4.3255589964514485,48.35219783292579
2025-09-04 09:51:14.353778,70,1,POINT (-4.325560620071308 48.35219309401743),5.009330682335925e-06,-4.325560620071308,48.35219309401743
2025-09-04 09:51:15.353778,71,1,POINT (-4.325562336878805 48.35218876070622),4.661009979315335e-06,-4.325562336878805,48.35218876070622
2025-09-04 09:51:16.353778,72,1,POINT (-4.325564110795268 48.35218483503091),4.3078656250108e-06,-4.325564110795268,48.35218483503091
2025-09-04 09:51:17.353778,73,1,POINT (-4.325565949389425 48.35218131049649),3.975269972845496e-06,-4.325565949389425,48.35218131049649
2025-09-04 09:51:18.353778,74,1,POINT (-4.325567941197225 48.3521781707421),3.7182463538546776e-06,-4.325567941197225,48.3521781707421
2025-09-04 09:51:19.353778,75,1,POINT (-4.325570024358537 48.35217540653459),3.461272049388802e-06,-4.325570024358537,48.35217540653459
2025-09-04 09:51:20.353778,76,1,POINT (-4.325572198094567 48.352173014126954),3.2324514889881365e-06,-4.325572198094567,48.352173014126954
2025-09-04 09:51:21.353778,77,1,POINT (-4.325574452801112 48.352170987039855),3.0319603743078355e-06,-4.325574452801112,48.352170987039855
2025-09-04 09:51:22.353778,78,1,POINT (-4.325576849086785 48.35216930763564),2.9261892523127513e-06,-4.325576849086785,48.35216930763564
2025-09-04 09:51:23.353778,79,1,POINT (-4.325579375892875 48.35216797499618),2.856689860581729e-06,-4.325579375892875,48.35216797499618
2025-09-04 09:51:24.353778,80,1,POINT (-4.325582099602917 48.35216696970007),2.9033113251562243e-06,-4.325582099602917,48.35216696970007
2025-09-04 09:51:25.353778,81,1,POINT (-4.325584918836072 48.352166306629485),2.896159213083997e-06,-4.325584918836072,48.352166306629485
2025-09-04 09:51:26.353778,82,1,POINT (-4.325587835891694 48.352165973789276),2.9359829880387954e-06,-4.325587835891694,48.352165973789276
2025-09-04 09:51:27.353778,83,1,POINT (-4.325590721283573 48.352165303859024),2.962143284640641e-06,-4.325590721283573,48.352165303859024
2025-09-04 09:51:28.353778,84,1,POINT (-4.325593528773569 48.35216430838131),2.9787540943059787e-06,-4.325593528773569,48.35216430838131
2025-09-04 09:51:29.353778,85,1,POINT (-4.325596292740611 48.35216299001084),3.062289096592561e-06,-4.325596292740611,48.35216299001084
2025-09-04 09:51:30.353778,86,1,POINT (-4.325598985838331 48.35216135164804),3.1523020131711535e-06,-4.325598985838331,48.35216135164804
2025-09-04 09:51:31.353778,87,1,POINT (-4.325601580535972 48.352159405650916),3.243356388860701e-06,-4.325601580535972,48.352159405650916
2025-09-04 09:51:32.353778,88,1,POINT (-4.325604113285004 48.352157158360015),3.3860203855925046e-06,-4.325604113285004,48.352157158360015
2025-09-04 09:51:33.353778,89,1,POINT (-4.325606667797375 48.35215494274967),3.381488230423005e-06,-4.325606667797375,48.35215494274967
2025-09-04 09:51:34.353778,90,1,POINT (-4.325609266637111 48.35215275063763),3.3999004655316548e-06,-4.325609266637111,48.35215275063763
2025-09-04 09:51:35.353778,91,1,POINT (-4.325611841290495 48.35215059201543),3.359834796808003e-06,-4.325611841290495,48.35215059201543
2025-09-04 09:51:36.353778,92,1,POINT (-4.325614446800875 48.35214845769725),3.368085276990823e-06,-4.325614446800875,48.35214845769725
2025-09-04 09:51:37.353778,93,1,POINT (-4.3256170967637635 48.352146344767995),3.389214264842178e-06,-4.3256170967637635,48.352146344767995
2025-09-04 09:51:38.353778,94,1,POINT (-4.3256197621689045 48.35214424944445),3.3903930927975625e-06,-4.3256197621689045,48.35214424944445
2025-09-04 09:51:39.353778,95,1,POINT (-4.325622484488073 48.35214217452971),3.4229070730440474e-06,-4.325622484488073,48.35214217452971
2025-09-04 09:51:40.353778,96,1,POINT (-4.325625234727067 48.3521401228159),3.4312306972588386e-06,-4.325625234727067,48.3521401228159
2025-09-04 09:51:41.353778,97,1,POINT (-4.325627982411936 48.35213810614081),3.4083354484612165e-06,-4.325627982411936,48.35213810614081
2025-09-04 09:51:42.353778,98,1,POINT (-4.325630802605267 48.35213610037025),3.460723330480427e-06,-4.325630802605267,48.35213610037025
2025-09-04 09:51:43.353778,99,1,POINT (-4.325633774215751 48.35213443933564),3.404336182240843e-06,-4.325633774215751,48.35213443933564
2025-09-04 09:51:44.353778,100,1,POINT (-4.325636881104461 48.35213311864161),3.3759428583068453e-06,-4.325636881104461,48.35213311864161
2025-09-04 09:51:45.353778,101,1,POINT (-4.325640093167898 48.352132141404034),3.3574312809859123e-06,-4.325640093167898,48.352132141404034
2025-09-04 09:51:46.353778,102,1,POINT (-4.325643475163964 48.35213149124603),3.443922592212628e-06,-4.325643475163964,48.35213149124603
2025-09-04 09:51:47.353778,103,1,POINT (-4.325647014846211 48.35213116164253),3.55499491965943e-06,-4.325647014846211,48.35213116164253
2025-09-04 09:51:48.353778,104,1,POINT (-4.325650685682332 48.352131149721835),3.6708554760306454e-06,-4.325650685682332,48.352131149721835
2025-09-04 09:51:49.353778,105,1,POINT (-4.325654513007296 48.35213144585097),3.83876397423429e-06,-4.325654513007296,48.35213144585097
2025-09-04 09:51:50.353778,106,1,POINT (-4.3256584578089115 48.35213204907101),3.9906558604360485e-06,-4.3256584578089115,48.35213204907101
2025-09-04 09:51:51.353778,107,1,POINT (-4.325662532203627 48.35213295313034),4.173489615069112e-06,-4.325662532203627,48.35213295313034
2025-09-04 09:51:52.353778,108,1,POINT (-4.32566673880044 48.35213415866657),4.375931256858391e-06,-4.32566673880044,48.35213415866657
2025-09-04 09:51:53.353778,109,1,POINT (-4.325671056880443 48.35213566189621),4.572254833553316e-06,-4.325671056880443,48.35213566189621
2025-09-04 09:51:54.353778,110,1,POINT (-4.325675540195042 48.3521374421546),4.823839727330397e-06,-4.325675540195042,48.3521374421546
2025-09-04 09:51:55.353778,111,1,POINT (-4.325680061242925 48.352139521475834),4.9762888534926905e-06,-4.325680061242925,48.352139521475834
2025-09-04 09:51:56.353778,112,1,POINT (-4.325684622873122 48.35214189230318),5.140942750110213e-06,-4.325684622873122,48.35214189230318
2025-09-04 09:51:57.353778,113,1,POINT (-4.325689302119533 48.352144540942454),5.376861257027612e-06,-4.325689302119533,48.352144540942454
2025-09-04 09:51:58.353778,114,1,POINT (-4.32569405484467 48.35214746128043),5.578240773442145e-06,-4.32569405484467,48.35214746128043
2025-09-04 09:51:59.353778,115,1,POINT (-4.3256988632383635 48.35215066335435),5.777017163134941e-06,-4.3256988632383635,48.35215066335435
2025-09-04 09:52:00.353778,116,1,POINT (-4.325703729692995 48.35215413962301),5.980537139078552e-06,-4.325703729692995,48.35215413962301
2025-09-04 09:52:01.353778,117,1,POINT (-4.325708561329854 48.35215789227646),6.117771052108786e-06,-4.325708561329854,48.35215789227646
2025-09-04 09:52:02.353778,118,1,POINT (-4.325713407305404 48.352161919060954),6.300672376754019e-06,-4.325713407305404,48.352161919060954
2025-09-04 09:52:03.353778,119,1,POINT (-4.32571830916023 48.352166208222776),6.513454526767837e-06,-4.32571830916023,48.352166208222776
2025-09-04 09:52:04.353778,120,1,POINT (-4.3257232279535724 48.35217075399407),6.697653666131117e-06,-4.3257232279535724,48.35217075399407
2025-09-04 09:52:05.353778,121,1,POINT (-4.325728187801528 48.352175557337134),6.904505506920399e-06,-4.325728187801528,48.352175557337134
2025-09-04 09:52:06.353778,122,1,POINT (-4.325733116030096 48.35218061376137),7.060797608900337e-06,-4.325733116030096,48.35218061376137
2025-09-04 09:52:07.353778,123,1,POINT (-4.3257380444496825 48.352185917213276),7.239884097643177e-06,-4.3257380444496825,48.352185917213276
2025-09-04 09:52:08.353778,124,1,POINT (-4.325742899636463 48.352191472118975),7.377656537773894e-06,-4.325742899636463,48.352191472118975
2025-09-04 09:52:09.353778,125,1,POINT (-4.325747775745555 48.3521972657241),7.572469889867547e-06,-4.325747775745555,48.3521972657241
2025-09-04 09:52:10.353778,126,1,POINT (-4.3257526575523215 48.35220329549347),7.758231494458234e-06,-4.3257526575523215,48.35220329549347
2025-09-04 09:52:11.353778,127,1,POINT (-4.3257575044546135 48.35220955878112),7.919673859478319e-06,-4.3257575044546135,48.35220955878112
2025-09-04 09:52:12.353778,128,1,POINT (-4.325762324441786 48.3522160514677),8.086238642180565e-06,-4.325762324441786,48.3522160514677
2025-09-04 09:52:13.353778,129,1,POINT (-4.325767072111645 48.35222277654363),8.23207235811067e-06,-4.325767072111645,48.35222277654363
2025-09-04 09:52:14.353778,130,1,POINT (-4.325771742069964 48.35222972238661),8.369781685172543e-06,-4.325771742069964,48.35222972238661
2025-09-04 09:52:15.353778,131,1,POINT (-4.325776279151492 48.35223689411721),8.486390788366996e-06,-4.325776279151492,48.35223689411721
2025-09-04 09:52:16.353778,132,1,POINT (-4.325780665129593 48.35224428689091),8.595923849415239e-06,-4.325780665129593,48.35224428689091
2025-09-04 09:52:17.353778,133,1,POINT (-4.325784934458461 48.35225189554543),8.724608449643232e-06,-4.325784934458461,48.35225189554543
2025-09-04 09:52:18.353778,134,1,POINT (-4.325789096056947 48.352259387374204),8.570087534520505e-06,-4.325789096056947,48.352259387374204
2025-09-04 09:52:19.353778,135,1,POINT (-4.325793101684183 48.35226675713705),8.387994634616168e-06,-4.325793101684183,48.35226675713705
2025-09-04 09:52:20.353778,136,1,POINT (-4.3257969769792055 48.35227401075538),8.223921835958024e-06,-4.3257969769792055,48.35227401075538
2025-09-04 09:52:21.353778,137,1,POINT (-4.325800740470392 48.35228115111472),8.071468104750069e-06,-4.325800740470392,48.35228115111472
2025-09-04 09:52:22.353778,138,1,POINT (-4.325804412458199 48.35228818035905),7.930559267964868e-06,-4.325804412458199,48.35228818035905
2025-09-04 09:52:23.353778,139,1,POINT (-4.325807979386381 48.35229509515326),7.78057553537463e-06,-4.325807979386381,48.35229509515326
2025-09-04 09:52:24.353778,140,1,POINT (-4.325811402156524 48.352301896672735),7.614198751562033e-06,-4.325811402156524,48.352301896672735
2025-09-04 09:52:25.353778,141,1,POINT (-4.325814718587959 48.35230859010784),7.469992701173321e-06,-4.325814718587959,48.35230859010784
2025-09-04 09:52:26.353778,142,1,POINT (-4.325817957491168 48.3523151679834),7.332048886622949e-06,-4.325817957491168,48.3523151679834
2025-09-04 09:52:27.353778,143,1,POINT (-4.325821108976457 48.35232163281286),7.19207059796667e-06,-4.325821108976457,48.35232163281286
2025-09-04 09:52:28.353778,144,1,POINT (-4.3258242186197515 48.35232799612199),7.082484348219898e-06,-4.3258242186197515,48.35232799612199
2025-09-04 09:52:29.353778,145,1,POINT (-4.325827218452089 48.35233425441522),6.940117301046701e-06,-4.325827218452089,48.35233425441522
2025-09-04 09:52:30.353778,146,1,POINT (-4.325830200548118 48.35234040964158),6.839569303587861e-06,-4.325830200548118,48.35234040964158
2025-09-04 09:52:31.353778,147,1,POINT (-4.325833150383129 48.35234646087497),6.731935245716286e-06,-4.325833150383129,48.35234646087497
2025-09-04 09:52:32.353778,148,1,POINT (-4.325836074426732 48.352352416752964),6.6349463965587164e-06,-4.325836074426732,48.352352416752964
2025-09-04 09:52:33.353778,149,1,POINT (-4.325838994856878 48.352358274814414),6.5456700328767185e-06,-4.325838994856878,48.352358274814414
2025-09-04 09:52:34.353778,150,1,POINT (-4.325841890702853 48.35236403626225),6.448271481779424e-06,-4.325841890702853,48.35236403626225
2025-09-04 09:52:35.353778,151,1,POINT (-4.325844721232639 48.35236970735358),6.3382312784656164e-06,-4.325844721232639,48.35236970735358
2025-09-04 09:52:36.353778,152,1,POINT (-4.32584749711091 48.35237528608403),6.231190386337578e-06,-4.32584749711091,48.35237528608403
2025-09-04 09:52:37.353778,153,1,POINT (-4.325850236770425 48.35238077909307),6.138312675767884e-06,-4.325850236770425,48.35238077909307
2025-09-04 09:52:38.353778,154,1,POINT (-4.325853030753513 48.35238619080303),6.090397871225701e-06,-4.325853030753513,48.35238619080303
2025-09-04 09:52:39.353778,155,1,POINT (-4.325855834505879 48.35239153287731),6.033140555426542e-06,-4.325855834505879,48.35239153287731
2025-09-04 09:52:40.353778,156,1,POINT (-4.32585859048842 48.352396787970726),5.933923368518418e-06,-4.32585859048842,48.352396787970726
2025-09-04 09:52:41.353778,157,1,POINT (-4.325861305915495 48.35240196569905),5.846572912355265e-06,-4.325861305915495,48.35240196569905
2025-09-04 09:52:42.353778,158,1,POINT (-4.3258640062395095 48.35240706701663),5.771931288260692e-06,-4.3258640062395095,48.35240706701663
2025-09-04 09:52:43.353778,159,1,POINT (-4.325866670874832 48.35241208803932),5.6842721872642175e-06,-4.325866670874832,48.35241208803932
2025-09-04 09:52:44.353778,160,1,POINT (-4.325869420225195 48.35241670482832),5.373422380829866e-06,-4.325869420225195,48.35241670482832
2025-09-04 09:52:45.353778,161,1,POINT (-4.325872229316113 48.35242092467404),5.0693283276936444e-06,-4.325872229316113,48.35242092467404
2025-09-04 09:52:46.353778,162,1,POINT (-4.325875149531217 48.35242474745468),4.810541344638441e-06,-4.325875149531217,48.35242474745468
2025-09-04 09:52:47.353778,163,1,POINT (-4.325878189057421 48.35242818891363),4.591553032968567e-06,-4.325878189057421,48.35242818891363
2025-09-04 09:52:48.353778,164,1,POINT (-4.3258813089977455 48.35243124540893),4.36762992506914e-06,-4.3258813089977455,48.35243124540893
2025-09-04 09:52:49.353778,165,1,POINT (-4.325884578138363 48.352433938539235),4.23559101198048e-06,-4.325884578138363,48.352433938539235
2025-09-04 09:52:50.353778,166,1,POINT (-4.32588795376346 48.35243626861749),4.101720304842815e-06,-4.32588795376346,48.35243626861749
2025-09-04 09:52:51.353778,167,1,POINT (-4.3258914991519175 48.352438246328724),4.059694698636086e-06,-4.3258914991519175,48.352438246328724
2025-09-04 09:52:52.353778,168,1,POINT (-4.325895214337517 48.35243988429285),4.060237740790655e-06,-4.325895214337517,48.35243988429285
2025-09-04 09:52:53.353778,169,1,POINT (-4.325899012262877 48.352441171113874),4.010005659596174e-06,-4.325899012262877,48.352441171113874
2025-09-04 09:52:54.353778,170,1,POINT (-4.325902992484786 48.35244213184046),4.094528303117608e-06,-4.325902992484786,48.35244213184046
2025-09-04 09:52:55.353778,171,1,POINT (-4.325907104639069 48.35244275966126),4.159804298073936e-06,-4.325907104639069,48.35244275966126
2025-09-04 09:52:56.353778,172,1,POINT (-4.32591135347306 48.352443065515274),4.259828278781359e-06,-4.32591135347306,48.352443065515274
2025-09-04 09:52:57.353778,173,1,POINT (-4.325915747147346 48.35244305288137),4.393692449936423e-06,-4.325915747147346,48.35244305288137
2025-09-04 09:52:58.353778,174,1,POINT (-4.325920274454592 48.35244272738847),4.538992898261275e-06,-4.325920274454592,48.35244272738847
2025-09-04 09:52:59.353778,175,1,POINT (-4.3259249291464394 48.35244208813783),4.6983824425494426e-06,-4.3259249291464394,48.35244208813783
2025-09-04 09:53:00.353778,176,1,POINT (-4.325929673480234 48.35244114099877),4.8379515856076505e-06,-4.325929673480234,48.35244114099877
2025-09-04 09:53:01.353778,177,1,POINT (-4.325934582369348 48.35243990296476),5.062600175894599e-06,-4.325934582369348,48.35243990296476
2025-09-04 09:53:02.353778,178,1,POINT (-4.325939588139236 48.352438361924534),5.237607961327926e-06,-4.325939588139236,48.352438361924534
2025-09-04 09:53:03.353778,179,1,POINT (-4.325944666415441 48.35243652998826),5.398599792938233e-06,-4.325944666415441,48.35243652998826
2025-09-04 09:53:04.353778,180,1,POINT (-4.325949883108132 48.35243441313784),5.629825781012538e-06,-4.325949883108132,48.35243441313784
2025-09-04 09:53:05.353778,181,1,POINT (-4.325955147962732 48.35243201058871),5.787135414977833e-06,-4.325955147962732,48.35243201058871
2025-09-04 09:53:06.353778,182,1,POINT (-4.325960529966859 48.3524293378874),6.009101488135867e-06,-4.325960529966859,48.3524293378874
2025-09-04 09:53:07.353778,183,1,POINT (-4.325966019469431 48.352426381870366),6.234795521370191e-06,-4.325966019469431,48.352426381870366
2025-09-04 09:53:08.353778,184,1,POINT (-4.3259715885823145 48.352423151776854),6.438052687471419e-06,-4.3259715885823145,48.352423151776854
2025-09-04 09:53:09.353778,185,1,POINT (-4.325977179788349 48.352419643665996),6.600638356031423e-06,-4.325977179788349,48.352419643665996
2025-09-04 09:53:10.353778,186,1,POINT (-4.325982776115155 48.35241586642674),6.751770888560527e-06,-4.325982776115155,48.35241586642674
2025-09-04 09:53:11.353778,187,1,POINT (-4.325988430091451 48.35241182157414),6.951854466947813e-06,-4.325988430091451,48.35241182157414
2025-09-04 09:53:12.353778,188,1,POINT (-4.325994119577211 48.35240751237209),7.1371892576080286e-06,-4.325994119577211,48.35240751237209
2025-09-04 09:53:13.353778,189,1,POINT (-4.325999877969286 48.35240294510292),7.349763736798096e-06,-4.325999877969286,48.35240294510292
2025-09-04 09:53:14.353778,190,1,POINT (-4.326005677816425 48.35239812048888),7.544211519225575e-06,-4.326005677816425,48.35239812048888
2025-09-04 09:53:15.353778,191,1,POINT (-4.326011510849169 48.35239275595037),7.924805638670887e-06,-4.326011510849169,48.35239275595037
2025-09-04 09:53:16.353778,192,1,POINT (-4.326017405334517 48.35238685262207),8.342316378196025e-06,-4.326017405334517,48.35238685262207
2025-09-04 09:53:17.353778,193,1,POINT (-4.3260233394901935 48.352380406392356),8.761739615304988e-06,-4.3260233394901935,48.352380406392356
2025-09-04 09:53:18.353778,194,1,POINT (-4.326029248647313 48.35237342036405),9.15001253086863e-06,-4.326029248647313,48.35237342036405
2025-09-04 09:53:19.353778,195,1,POINT (-4.326035180049947 48.3523659068027),9.572624580847639e-06,-4.326035180049947,48.3523659068027
2025-09-04 09:53:20.353778,196,1,POINT (-4.326041042818287 48.352357865124446),9.951916488460634e-06,-4.326041042818287,48.352357865124446
2025-09-04 09:53:21.353778,197,1,POINT (-4.326046787963574 48.352349301085276),1.031258751644869e-05,-4.326046787963574,48.352349301085276
2025-09-04 09:53:22.353778,198,1,POINT (-4.326052325964358 48.352340529921676),1.0373175192838205e-05,-4.326052325964358,48.352340529921676
2025-09-04 09:53:23.353778,199,1,POINT (-4.326057682267311 48.35233155878975),1.044850177557773e-05,-4.326057682267311,48.35233155878975
2025-09-04 09:53:24.353778,200,1,POINT (-4.326062852979067 48.352322382706575),1.0532652206599095e-05,-4.326062852979067,48.352322382706575
2025-09-04 09:53:25.353778,201,1,POINT (-4.3260677497335855 48.35231300843351),1.057616188730562e-05,-4.3260677497335855,48.35231300843351
2025-09-04 09:53:26.353778,202,1,POINT (-4.326072380061513 48.35230378022219),1.0324718923832338e-05,-4.326072380061513,48.35230378022219
2025-09-04 09:53:27.353778,203,1,POINT (-4.326076756529127 48.35229470028043),1.0079623563353403e-05,-4.326076756529127,48.35229470028043
2025-09-04 09:53:28.353778,204,1,POINT (-4.3260809072954824 48.352285766270825),9.851161809250677e-06,-4.3260809072954824,48.352285766270825
2025-09-04 09:53:29.353778,205,1,POINT (-4.3260848907278175 48.35227697558569),9.651107622091531e-06,-4.3260848907278175,48.35227697558569
2025-09-04 09:53:30.353778,206,1,POINT (-4.326088657786742 48.352268321641176),9.438299028857782e-06,-4.326088657786742,48.352268321641176
2025-09-04 09:53:31.353778,207,1,POINT (-4.326092218340587 48.352259808695315),9.227556064390554e-06,-4.326092218340587,48.352259808695315
2025-09-04 09:53:32.353778,208,1,POINT (-4.32609560253409 48.35225143548833),9.031243598118807e-06,-4.32609560253409,48.35225143548833
2025-09-04 09:53:33.353778,209,1,POINT (-4.326098869784449 48.35224319023704),8.868996205671417e-06,-4.326098869784449,48.35224319023704
2025-09-04 09:53:34.353778,210,1,POINT (-4.326102002588441 48.35223508381339),8.69071718799759e-06,-4.326102002588441,48.35223508381339
2025-09-04 09:53:35.353778,211,1,POINT (-4.326105031210393 48.35222710664339),8.532748217050788e-06,-4.326105031210393,48.35222710664339
2025-09-04 09:53:36.353778,212,1,POINT (-4.3261079184959215 48.35221925973387),8.36124432835723e-06,-4.3261079184959215,48.35221925973387
2025-09-04 09:53:37.353778,213,1,POINT (-4.326110689022271 48.35221154163028),8.200301169269387e-06,-4.326110689022271,48.35221154163028
2025-09-04 09:53:38.353778,214,1,POINT (-4.326113344172437 48.35220395085847),8.04174353963544e-06,-4.326113344172437,48.35220395085847
2025-09-04 09:53:39.353778,215,1,POINT (-4.326115931053748 48.352196490314824),7.89630713418594e-06,-4.326115931053748,48.352196490314824
2025-09-04 09:53:40.353778,216,1,POINT (-4.326118424667859 48.352189154103115),7.748426522877365e-06,-4.326118424667859,48.352189154103115
2025-09-04 09:53:41.353778,217,1,POINT (-4.326120859905128 48.35218193671884),7.61715276801132e-06,-4.326120859905128,48.35218193671884
2025-09-04 09:53:42.353778,218,1,POINT (-4.326123258815533 48.35217517169699),7.177763703260998e-06,-4.326123258815533,48.35217517169699
2025-09-04 09:53:43.353778,219,1,POINT (-4.326125724350265 48.352168844959486),6.790174443796653e-06,-4.326125724350265,48.352168844959486
2025-09-04 09:53:44.353778,220,1,POINT (-4.326128218855378 48.352162948525965),6.402381121493086e-06,-4.326128218855378,48.352162948525965
2025-09-04 09:53:45.353778,221,1,POINT (-4.326130818423018 48.352157463678914),6.0697033775483475e-06,-4.326130818423018,48.352157463678914
2025-09-04 09:53:46.353778,222,1,POINT (-4.326133506231211 48.35215238665529),5.744604577233339e-06,-4.326133506231211,48.35215238665529
2025-09-04 09:53:47.353778,223,1,POINT (-4.326136333902544 48.35214770926056),5.4656881240233e-06,-4.326136333902544,48.35214770926056
2025-09-04 09:53:48.353778,224,1,POINT (-4.326139259982263 48.3521434278537),5.185787039235456e-06,-4.326139259982263,48.3521434278537
2025-09-04 09:53:49.353778,225,1,POINT (-4.326142377132093 48.35213952664297),4.993602725826903e-06,-4.326142377132093,48.35213952664297
2025-09-04 09:53:50.353778,226,1,POINT (-4.326145600700452 48.35213600281873),4.775848641609202e-06,-4.326145600700452,48.35213600281873
2025-09-04 09:53:51.353778,227,1,POINT (-4.326148926592494 48.35213285310165),4.5806413921445335e-06,-4.326148926592494,48.35213285310165
2025-09-04 09:53:52.353778,228,1,POINT (-4.326152431318554 48.35213005975851),4.481726304105232e-06,-4.326152431318554,48.35213005975851
2025-09-04 09:53:53.353778,229,1,POINT (-4.326156044388521 48.35212762883333),4.354729821077498e-06,-4.326156044388521,48.35212762883333
2025-09-04 09:53:54.353778,230,1,POINT (-4.326159808804379 48.352125549728875),4.300407199372046e-06,-4.326159808804379,48.352125549728875
2025-09-04 09:53:55.353778,231,1,POINT (-4.326163639955835 48.35212382831836),4.2001161455849815e-06,-4.326163639955835,48.35212382831836
2025-09-04 09:53:56.353778,232,1,POINT (-4.326167612848668 48.35212244738963),4.206048218301832e-06,-4.326167612848668,48.35212244738963
2025-09-04 09:53:57.353778,233,1,POINT (-4.326171755105524 48.352121394857456),4.273887673988611e-06,-4.326171755105524,48.352121394857456
2025-09-04 09:53:58.353778,234,1,POINT (-4.326176050036636 48.35212067405351),4.3549961637905074e-06,-4.326176050036636,48.35212067405351
2025-09-04 09:53:59.353778,235,1,POINT (-4.32618047271844 48.352120273369536),4.4407951973507014e-06,-4.32618047271844,48.352120273369536
2025-09-04 09:54:00.353778,236,1,POINT (-4.3261850256399965 48.352120187309346),4.553734846621005e-06,-4.3261850256399965,48.352120187309346
2025-09-04 09:54:01.353778,237,1,POINT (-4.326189729344877 48.35212041087983),4.7090151162256415e-06,-4.326189729344877,48.35212041087983
2025-09-04 09:54:02.353778,238,1,POINT (-4.326194512190742 48.35212093993927),4.812018127811869e-06,-4.326194512190742,48.35212093993927
2025-09-04 09:54:03.353778,239,1,POINT (-4.326199388833489 48.35212178145966),4.948717110809029e-06,-4.326199388833489,48.35212178145966
2025-09-04 09:54:04.353778,240,1,POINT (-4.326204118089889 48.35212226894473),4.7543146502090985e-06,-4.326204118089889,48.35212226894473
2025-09-04 09:54:05.353778,241,1,POINT (-4.326208732542774 48.3521224142501),4.616740092539778e-06,-4.326208732542774,48.3521224142501
2025-09-04 09:54:06.353778,242,1,POINT (-4.3262132530471265 48.352122217932354),4.524765215355617e-06,-4.3262132530471265,48.352122217932354
2025-09-04 09:54:07.353778,243,1,POINT (-4.326217635689195 48.3521216878461),4.414582985968572e-06,-4.326217635689195,48.3521216878461
2025-09-04 09:54:08.353778,244,1,POINT (-4.326221879589784 48.352120833518825),4.329037688055612e-06,-4.326221879589784,48.352120833518825
2025-09-04 09:54:09.353778,245,1,POINT (-4.326225964355533 48.352119664034696),4.248882717894589e-06,-4.326225964355533,48.352119664034696
2025-09-04 09:54:10.353778,246,1,POINT (-4.32622993581654 48.3521181691008),4.243504434961316e-06,-4.32622993581654,48.3521181691008
2025-09-04 09:54:11.353778,247,1,POINT (-4.326233755790483 48.35211635999235),4.226709629788554e-06,-4.326233755790483,48.35211635999235
2025-09-04 09:54:12.353778,248,1,POINT (-4.326237456843049 48.35211424102451),4.264717436153101e-06,-4.326237456843049,48.35211424102451
2025-09-04 09:54:13.353778,249,1,POINT (-4.326241025930779 48.35211182206858),4.3115814982958415e-06,-4.326241025930779,48.35211182206858
2025-09-04 09:54:14.353778,250,1,POINT (-4.326244536488603 48.35210909222054),4.447031208247764e-06,-4.326244536488603,48.35210909222054
2025-09-04 09:54:15.353778,251,1,POINT (-4.32624793869836 48.352106065993176),4.553359559183941e-06,-4.32624793869836,48.352106065993176
2025-09-04 09:54:16.353778,252,1,POINT (-4.3262511551041944 48.352102764685),4.6091107779848444e-06,-4.3262511551041944,48.352102764685
2025-09-04 09:54:17.353778,253,1,POINT (-4.326254230786749 48.35209918631614),4.718532281170981e-06,-4.326254230786749,48.35209918631614
2025-09-04 09:54:18.353778,254,1,POINT (-4.326257202937412 48.35209532840214),4.870028742846269e-06,-4.326257202937412,48.35209532840214
2025-09-04 09:54:19.353778,255,1,POINT (-4.326260064068579 48.352091196173845),5.026070260785792e-06,-4.326260064068579,48.352091196173845
2025-09-04 09:54:20.353778,256,1,POINT (-4.326263072734338 48.35208744744731),4.806768173717975e-06,-4.326263072734338,48.35208744744731
2025-09-04 09:54:21.353778,257,1,POINT (-4.326266231283641 48.352084074775256),4.62075215596142e-06,-4.326266231283641,48.352084074775256
2025-09-04 09:54:22.353778,258,1,POINT (-4.3262695468536805 48.35208106070464),4.480806440577044e-06,-4.3262695468536805,48.35208106070464
2025-09-04 09:54:23.353778,259,1,POINT (-4.326273001239572 48.35207840818183),4.35530241649019e-06,-4.326273001239572,48.35207840818183
2025-09-04 09:54:24.353778,260,1,POINT (-4.326276599718703 48.352076106112484),4.271835125728587e-06,-4.326276599718703,48.352076106112484
2025-09-04 09:54:25.353778,261,1,POINT (-4.326280415109188 48.35207414678621),4.289074959230452e-06,-4.326280415109188,48.35207414678621
2025-09-04 09:54:26.353778,262,1,POINT (-4.32628434958426 48.35207253120512),4.253257146462078e-06,-4.32628434958426,48.35207253120512
2025-09-04 09:54:27.353778,263,1,POINT (-4.3262884745577015 48.352071241934055),4.321761882216861e-06,-4.3262884745577015,48.352071241934055
2025-09-04 09:54:28.353778,264,1,POINT (-4.326292747045479 48.35207027993397),4.379451561346336e-06,-4.326292747045479,48.35207027993397
2025-09-04 09:54:29.353778,265,1,POINT (-4.326297147266461 48.352069649583896),4.445141831123653e-06,-4.326297147266461,48.352069649583896
2025-09-04 09:54:30.353778,266,1,POINT (-4.326301716834915 48.3520693319129),4.58059720120864e-06,-4.326301716834915,48.3520693319129
2025-09-04 09:54:31.353778,267,1,POINT (-4.326306447837742 48.35206932132838),4.731014667021484e-06,-4.326306447837742,48.35206932132838
2025-09-04 09:54:32.353778,268,1,POINT (-4.326311344208009 48.3520696190065),4.905410692226989e-06,-4.326311344208009,48.3520696190065
2025-09-04 09:54:33.353778,269,1,POINT (-4.326316402408273 48.35207022064135),5.093854572502343e-06,-4.326316402408273,48.35207022064135
2025-09-04 09:54:34.353778,270,1,POINT (-4.326321526624266 48.35207113781465),5.205650429629248e-06,-4.326321526624266,48.35207113781465
2025-09-04 09:54:35.353778,271,1,POINT (-4.326326833406898 48.35207233710735),5.440610709631228e-06,-4.326326833406898,48.35207233710735
2025-09-04 09:54:36.353778,272,1,POINT (-4.326332255132155 48.35207383486548),5.624800811795832e-06,-4.326332255132155,48.35207383486548
2025-09-04 09:54:37.353778,273,1,POINT (-4.326337769585096 48.35207561291475),5.7940185065222745e-06,-4.326337769585096,48.35207561291475
2025-09-04 09:54:38.353778,274,1,POINT (-4.326343403036776 48.35207767472253),5.99890232816479e-06,-4.326343403036776,48.35207767472253
2025-09-04 09:54:39.353778,275,1,POINT (-4.3263491316663005 48.35208001638055),6.1887445012047364e-06,-4.3263491316663005,48.35208001638055
2025-09-04 09:54:40.353778,276,1,POINT (-4.326354981714359 48.3520826358632),6.409738812251698e-06,-4.326354981714359,48.3520826358632
2025-09-04 09:54:41.353778,277,1,POINT (-4.326360825468591 48.35208554534734),6.527982958817955e-06,-4.326360825468591,48.35208554534734
2025-09-04 09:54:42.353778,278,1,POINT (-4.326366753411613 48.35208872732648),6.7279640100212354e-06,-4.326366753411613,48.35208872732648
2025-09-04 09:54:43.353778,279,1,POINT (-4.3263727697097005 48.352092179866915),6.93656097191896e-06,-4.3263727697097005,48.352092179866915
2025-09-04 09:54:44.353778,280,1,POINT (-4.326378830227295 48.3520958942794),7.108215924473436e-06,-4.326378830227295,48.3520958942794
2025-09-04 09:54:45.353778,281,1,POINT (-4.326384946387508 48.35209987202423),7.295880323887991e-06,-4.326384946387508,48.35209987202423
2025-09-04 09:54:46.353778,282,1,POINT (-4.326391086580259 48.35210411289172),7.46236719037408e-06,-4.326391086580259,48.35210411289172
2025-09-04 09:54:47.353778,283,1,POINT (-4.326397256412987 48.35210861368111),7.637011261265558e-06,-4.326397256412987,48.35210861368111
2025-09-04 09:54:48.353778,284,1,POINT (-4.326403442616998 48.352113374530376),7.806074928765438e-06,-4.326403442616998,48.352113374530376
2025-09-04 09:54:49.353778,285,1,POINT (-4.326409639651978 48.35211838400688),7.968569342700332e-06,-4.326409639651978,48.35211838400688
2025-09-04 09:54:50.353778,286,1,POINT (-4.326415857698456 48.352123642628236),8.143537350970279e-06,-4.326415857698456,48.352123642628236
2025-09-04 09:54:51.353778,287,1,POINT (-4.326422039693525 48.352129147869086),8.277967132388401e-06,-4.326422039693525,48.352129147869086
2025-09-04 09:54:52.353778,288,1,POINT (-4.326428207479416 48.35213489995716),8.433747682963964e-06,-4.326428207479416,48.35213489995716
2025-09-04 09:54:53.353778,289,1,POINT (-4.326434322921637 48.352140893447384),8.562742472933187e-06,-4.326434322921637,48.352140893447384
2025-09-04 09:54:54.353778,290,1,POINT (-4.32644040147224 48.352147127104644),8.70673648783074e-06,-4.32644040147224,48.352147127104644
2025-09-04 09:54:55.353778,291,1,POINT (-4.326446288687869 48.35215327429939),8.511598622257513e-06,-4.326446288687869,48.35215327429939
2025-09-04 09:54:56.353778,292,1,POINT (-4.32645203560218 48.35215933052322),8.348944316165669e-06,-4.32645203560218,48.35215933052322
2025-09-04 09:54:57.353778,293,1,POINT (-4.326457646865145 48.352165297886216),8.191196077439846e-06,-4.326457646865145,48.352165297886216
2025-09-04 09:54:58.353778,294,1,POINT (-4.326463150177639 48.35217117763115),8.053437084701692e-06,-4.326463150177639,48.35217117763115
2025-09-04 09:54:59.353778,295,1,POINT (-4.326468546203445 48.35217697506665),7.920060155595818e-06,-4.326468546203445,48.35217697506665
2025-09-04 09:55:00.353778,296,1,POINT (-4.326473889897835 48.35218268138611),7.817745937959352e-06,-4.326473889897835,48.35218268138611
2025-09-04 09:55:01.353778,297,1,POINT (-4.326479128299089 48.352188296998186),7.679579849543437e-06,-4.326479128299089,48.352188296998186
2025-09-04 09:55:02.353778,298,1,POINT (-4.326484259853729 48.35219381948163),7.5386123649950745e-06,-4.326484259853729,48.35219381948163
2025-09-04 09:55:03.353778,299,1,POINT (-4.326489290130756 48.35219925552759),7.40636770942396e-06,-4.326489290130756,48.35219925552759
2025-09-04 09:55:04.353778,300,1,POINT (-4.326494221681196 48.352204608903435),7.278655281509403e-06,-4.326494221681196,48.352204608903435
2025-09-04 09:55:05.353778,301,1,POINT (-4.326499053952847 48.35220988251691),7.152751106017639e-06,-4.326499053952847,48.35220988251691
2025-09-04 09:55:06.353778,302,1,POINT (-4.326503873116354 48.3522150774198),7.085996962184555e-06,-4.326503873116354,48.3522150774198
2025-09-04 09:55:07.353778,303,1,POINT (-4.326508626734134 48.35222018931754),6.980571647815338e-06,-4.326508626734134,48.35222018931754
2025-09-04 09:55:08.353778,304,1,POINT (-4.32651328372563 48.352225218621896),6.854303179597778e-06,-4.32651328372563,48.352225218621896
2025-09-04 09:55:09.353778,305,1,POINT (-4.326517948285754 48.352230171057556),6.803288918908828e-06,-4.326517948285754,48.352230171057556
2025-09-04 09:55:10.353778,306,1,POINT (-4.326522509644117 48.35223471711371),6.439923653962992e-06,-4.326522509644117,48.35223471711371
2025-09-04 09:55:11.353778,307,1,POINT (-4.326526972111993 48.352238853194955),6.084471021159135e-06,-4.326526972111993,48.352238853194955
2025-09-04 09:55:12.353778,308,1,POINT (-4.326531398723995 48.35224259398314),5.795549161526649e-06,-4.326531398723995,48.35224259398314
2025-09-04 09:55:13.353778,309,1,POINT (-4.326535777866664 48.35224594192935),5.512316600532089e-06,-4.326535777866664,48.35224594192935
2025-09-04 09:55:14.353778,310,1,POINT (-4.326540145075345 48.3522489077195),5.279055113285576e-06,-4.326540145075345,48.3522489077195
2025-09-04 09:55:15.353778,311,1,POINT (-4.326544518195948 48.35225148903381),5.0781263655311265e-06,-4.326544518195948,48.35225148903381
2025-09-04 09:55:16.353778,312,1,POINT (-4.326548881624239 48.352253686820234),4.885670027056163e-06,-4.326548881624239,48.352253686820234
2025-09-04 09:55:17.353778,313,1,POINT (-4.326553290341132 48.35225551296058),4.771956958443215e-06,-4.326553290341132,48.35225551296058
2025-09-04 09:55:18.353778,314,1,POINT (-4.326557692584678 48.3522569780587),4.639640150304226e-06,-4.326557692584678,48.3522569780587
2025-09-04 09:55:19.353778,315,1,POINT (-4.326562100549554 48.35225808266334),4.544260749794153e-06,-4.326562100549554,48.35225808266334
2025-09-04 09:55:20.353778,316,1,POINT (-4.326566506893769 48.35225883492521),4.47009700864412e-06,-4.326566506893769,48.35225883492521
2025-09-04 09:55:21.353778,317,1,POINT (-4.326571001912694 48.35225924183731),4.513399228331147e-06,-4.326571001912694,48.35225924183731
2025-09-04 09:55:22.353778,318,1,POINT (-4.326575542989429 48.352259300824),4.541459824309751e-06,-4.326575542989429,48.352259300824
2025-09-04 09:55:23.353778,319,1,POINT (-4.326580058258848 48.35225902522767),4.523672321500997e-06,-4.326580058258848,48.35225902522767
2025-09-04 09:55:24.353778,320,1,POINT (-4.326584565245121 48.35225841967793),4.547484551835804e-06,-4.326584565245121,48.35225841967793
2025-09-04 09:55:25.353778,321,1,POINT (-4.3265890602991774 48.35225748778628),4.590635360306274e-06,-4.3265890602991774,48.35225748778628
2025-09-04 09:55:26.353778,322,1,POINT (-4.3265935213974975 48.352256241837644),4.631823208112522e-06,-4.3265935213974975,48.352256241837644
2025-09-04 09:55:27.353778,323,1,POINT (-4.326597978542487 48.3522546838033),4.721611214743443e-06,-4.326597978542487,48.3522546838033
2025-09-04 09:55:28.353778,324,1,POINT (-4.326602467285462 48.352252606863445),4.945957204812842e-06,-4.326602467285462,48.352252606863445
2025-09-04 09:55:29.353778,325,1,POINT (-4.326607035898677 48.35225000924904),5.255456906986152e-06,-4.326607035898677,48.35225000924904
2025-09-04 09:55:30.353778,326,1,POINT (-4.326611587231719 48.35224688736787),5.519128056792e-06,-4.326611587231719,48.35224688736787
2025-09-04 09:55:31.353778,327,1,POINT (-4.3266161164903645 48.352243238978595),5.8159202344939845e-06,-4.3266161164903645,48.352243238978595
2025-09-04 09:55:32.353778,328,1,POINT (-4.326620613073141 48.35223906184162),6.1374041703345445e-06,-4.326620613073141,48.35223906184162
2025-09-04 09:55:33.353778,329,1,POINT (-4.326625060746805 48.35223435379782),6.476687230313673e-06,-4.326625060746805,48.35223435379782
2025-09-04 09:55:34.353778,330,1,POINT (-4.326629426665724 48.35222911293941),6.821132226108522e-06,-4.326629426665724,48.35222911293941
2025-09-04 09:55:35.353778,331,1,POINT (-4.326633699410182 48.3522233375213),7.184135268374514e-06,-4.326633699410182,48.3522233375213
2025-09-04 09:55:36.353778,332,1,POINT (-4.326637866199779 48.35221702591578),7.562968983221329e-06,-4.326637866199779,48.35221702591578
2025-09-04 09:55:37.353778,333,1,POINT (-4.326641946530349 48.3522101758281),7.973255217915206e-06,-4.326641946530349,48.3522101758281
2025-09-04 09:55:38.353778,334,1,POINT (-4.326645923523921 48.35220279841091),8.381095530186604e-06,-4.326645923523921,48.35220279841091
2025-09-04 09:55:39.353778,335,1,POINT (-4.3266497524491285 48.35219489652807),8.780684519933768e-06,-4.3266497524491285,48.35219489652807
2025-09-04 09:55:40.353778,336,1,POINT (-4.326653396556837 48.35218647504639),9.176103458955483e-06,-4.326653396556837,48.35218647504639
2025-09-04 09:55:41.353778,337,1,POINT (-4.326656812498723 48.352177553622894),9.553033869921328e-06,-4.326656812498723,48.352177553622894
2025-09-04 09:55:42.353778,338,1,POINT (-4.326659972213854 48.35216813439116),9.935075552499279e-06,-4.326659972213854,48.35216813439116
2025-09-04 09:55:43.353778,339,1,POINT (-4.326662811433755 48.352158222816634),1.031021237264687e-05,-4.326662811433755,48.352158222816634
2025-09-04 09:55:44.353778,340,1,POINT (-4.326665471491555 48.3521484707664),1.0108332762385457e-05,-4.326665471491555,48.3521484707664
2025-09-04 09:55:45.353778,341,1,POINT (-4.326668004470501 48.35213920270182),9.607965622911007e-06,-4.326668004470501,48.35213920270182
2025-09-04 09:55:46.353778,342,1,POINT (-4.326670449591193 48.35213041949561),9.11719949115408e-06,-4.326670449591193,48.35213041949561
2025-09-04 09:55:47.353778,343,1,POINT (-4.3266729109920465 48.352122112820915),8.663679278048266e-06,-4.3266729109920465,48.352122112820915
2025-09-04 09:55:48.353778,344,1,POINT (-4.326675366478302 48.352114266698244),8.221377847598704e-06,-4.326675366478302,48.352114266698244
2025-09-04 09:55:49.353778,345,1,POINT (-4.326677825880841 48.35210687392603),7.791132255252206e-06,-4.326677825880841,48.35210687392603
2025-09-04 09:55:50.353778,346,1,POINT (-4.3266803249161745 48.352099928358626),7.381468972782246e-06,-4.3266803249161745,48.352099928358626
2025-09-04 09:55:51.353778,347,1,POINT (-4.3266829101381665 48.352093410391525),7.011937526812014e-06,-4.3266829101381665,48.352093410391525
2025-09-04 09:55:52.353778,348,1,POINT (-4.326685587786437 48.352087317327225),6.655466386782804e-06,-4.326685587786437,48.352087317327225
2025-09-04 09:55:53.353778,349,1,POINT (-4.326688309262467 48.35208164268441),6.293488925356274e-06,-4.326688309262467,48.35208164268441
2025-09-04 09:55:54.353778,350,1,POINT (-4.32669107514741 48.35207638968514),5.936675911707147e-06,-4.32669107514741,48.35207638968514
2025-09-04 09:55:55.353778,351,1,POINT (-4.326694014590883 48.3520715277648),5.681425640190988e-06,-4.326694014590883,48.3520715277648
2025-09-04 09:55:56.353778,352,1,POINT (-4.326697106415923 48.352067048265724),5.442912276493568e-06,-4.326697106415923,48.352067048265724
2025-09-04 09:55:57.353778,353,1,POINT (-4.3267002940779005 48.35206296573304),5.179600562928469e-06,-4.3267002940779005,48.35206296573304
2025-09-04 09:55:58.353778,354,1,POINT (-4.326703581474296 48.35205926417416),4.950607357961729e-06,-4.326703581474296,48.35205926417416
2025-09-04 09:55:59.353778,355,1,POINT (-4.3267069940250895 48.352055935230425),4.7673230754200166e-06,-4.3267069940250895,48.352055935230425
2025-09-04 09:56:00.353778,356,1,POINT (-4.326710533270358 48.35205297383201),4.614773845444817e-06,-4.326710533270358,48.35205297383201
2025-09-04 09:56:01.353778,357,1,POINT (-4.32671419367641 48.35205037597389),4.488589898922803e-06,-4.32671419367641,48.35205037597389
2025-09-04 09:56:02.353778,358,1,POINT (-4.326718037655834 48.352048124122106),4.454998794532232e-06,-4.326718037655834,48.352048124122106
2025-09-04 09:56:03.353778,359,1,POINT (-4.326722004233454 48.35204622075805),4.399605977274672e-06,-4.326722004233454,48.35204622075805
2025-09-04 09:56:04.353778,360,1,POINT (-4.326726132634552 48.35204465128497),4.416666318644793e-06,-4.326726132634552,48.35204465128497
2025-09-04 09:56:05.353778,361,1,POINT (-4.326730472210315 48.35204340097549),4.516103585879285e-06,-4.326730472210315,48.35204340097549
2025-09-04 09:56:06.353778,362,1,POINT (-4.326734969722382 48.352042477776884),4.591286361800453e-06,-4.326734969722382,48.352042477776884
2025-09-04 09:56:07.353778,363,1,POINT (-4.326739646198558 48.35204187412247),4.71527603396245e-06,-4.326739646198558,48.35204187412247
2025-09-04 09:56:08.353778,364,1,POINT (-4.326744488916474 48.35204158830524),4.851145051117659e-06,-4.326744488916474,48.35204158830524
2025-09-04 09:56:09.353778,365,1,POINT (-4.3267495235429925 48.35204180273723),5.039190932933255e-06,-4.3267495235429925,48.35204180273723
2025-09-04 09:56:10.353778,366,1,POINT (-4.326754793227425 48.35204251180841),5.317175562308804e-06,-4.326754793227425,48.35204251180841
2025-09-04 09:56:11.353778,367,1,POINT (-4.326760372564963 48.35204370424439),5.705340560578539e-06,-4.326760372564963,48.35204370424439
2025-09-04 09:56:12.353778,368,1,POINT (-4.326766161997786 48.352045401312836),6.033040173064462e-06,-4.326766161997786,48.352045401312836
2025-09-04 09:56:13.353778,369,1,POINT (-4.326772136511319 48.3520476101195),6.369744015862042e-06,-4.326772136511319,48.3520476101195
2025-09-04 09:56:14.353778,370,1,POINT (-4.326778315805096 48.35205032961524),6.7512464524800206e-06,-4.326778315805096,48.35205032961524
2025-09-04 09:56:15.353778,371,1,POINT (-4.326784702647735 48.352053561938234),7.158189075618402e-06,-4.326784702647735,48.352053561938234
2025-09-04 09:56:16.353778,372,1,POINT (-4.326791197927399 48.35205706200097),7.37828551198066e-06,-4.326791197927399,48.35205706200097
2025-09-04 09:56:17.353778,373,1,POINT (-4.326797753787745 48.352060826742665),7.55993286237352e-06,-4.326797753787745,48.352060826742665
2025-09-04 09:56:18.353778,374,1,POINT (-4.326804344544551 48.352064854223094),7.7239027624826e-06,-4.326804344544551,48.352064854223094
2025-09-04 09:56:19.353778,375,1,POINT (-4.326810959824814 48.3520691498124),7.887586478115508e-06,-4.326810959824814,48.3520691498124
2025-09-04 09:56:20.353778,376,1,POINT (-4.326817639152571 48.35207369303143),8.078010795621465e-06,-4.326817639152571,48.35207369303143
2025-09-04 09:56:21.353778,377,1,POINT (-4.326824337885698 48.3520784945783),8.241837044972973e-06,-4.326824337885698,48.3520784945783
2025-09-04 09:56:22.353778,378,1,POINT (-4.326831052018372 48.35208354569691),8.401986475484264e-06,-4.326831052018372,48.35208354569691
2025-09-04 09:56:23.353778,379,1,POINT (-4.326837769378655 48.352088847789894),8.557751995404523e-06,-4.326837769378655,48.352088847789894
2025-09-04 09:56:24.353778,380,1,POINT (-4.326844475926552 48.352094399777414),8.706454508912451e-06,-4.326844475926552,48.352094399777414
2025-09-04 09:56:25.353778,381,1,POINT (-4.326851040002257 48.352099875971795),8.548438147861927e-06,-4.326851040002257,48.352099875971795
2025-09-04 09:56:26.353778,382,1,POINT (-4.326857501705806 48.35210527363588),8.41952435162142e-06,-4.326857501705806,48.35210527363588
2025-09-04 09:56:27.353778,383,1,POINT (-4.326863849549748 48.352110587998794),8.278742411442692e-06,-4.326863849549748,48.352110587998794
2025-09-04 09:56:28.353778,384,1,POINT (-4.326870047566228 48.352115834708705),8.120552516389923e-06,-4.326870047566228,48.352115834708705
2025-09-04 09:56:29.353778,385,1,POINT (-4.326876195043567 48.35212099349907),8.02524738970861e-06,-4.326876195043567,48.35212099349907
2025-09-04 09:56:30.353778,386,1,POINT (-4.326882229062179 48.35212607497032),7.888645681790029e-06,-4.326882229062179,48.35212607497032
2025-09-04 09:56:31.353778,387,1,POINT (-4.326888219494583 48.35213107611882),7.803638043562749e-06,-4.326888219494583,48.35213107611882
2025-09-04 09:56:32.353778,388,1,POINT (-4.32689420383824 48.35213599705364),7.747771837352444e-06,-4.32689420383824,48.35213599705364
2025-09-04 09:56:33.353778,389,1,POINT (-4.326900085229312 48.35214084288787),7.6205557775669195e-06,-4.326900085229312,48.35214084288787
2025-09-04 09:56:34.353778,390,1,POINT (-4.326905893451426 48.35214561864998),7.519531091282596e-06,-4.326905893451426,48.35214561864998
2025-09-04 09:56:35.353778,391,1,POINT (-4.326911630231602 48.35215031727838),7.415372927216417e-06,-4.326911630231602,48.35215031727838
2025-09-04 09:56:36.353778,392,1,POINT (-4.326917336313083 48.3521549379807),7.342360369930608e-06,-4.326917336313083,48.3521549379807
2025-09-04 09:56:37.353778,393,1,POINT (-4.326922938609734 48.35215949365696),7.220797322559877e-06,-4.326922938609734,48.35215949365696
2025-09-04 09:56:38.353778,394,1,POINT (-4.326928447914438 48.352163980051024),7.104939830663364e-06,-4.326928447914438,48.352163980051024
2025-09-04 09:56:39.353778,395,1,POINT (-4.326933886408869 48.352168391403126),7.00266014068112e-06,-4.326933886408869,48.352168391403126
2025-09-04 09:56:40.353778,396,1,POINT (-4.326939344106069 48.35217273333387),6.974153808273495e-06,-4.326939344106069,48.35217273333387
2025-09-04 09:56:41.353778,397,1,POINT (-4.3269447984458465 48.352176999597276),6.924653480754918e-06,-4.3269447984458465,48.352176999597276
2025-09-04 09:56:42.353778,398,1,POINT (-4.326950226209719 48.352181207709435),6.86795665360933e-06,-4.326950226209719,48.352181207709435
2025-09-04 09:56:43.353778,399,1,POINT (-4.326955541955022 48.352185345705244),6.736479603462031e-06,-4.326955541955022,48.352185345705244
2025-09-04 09:56:44.353778,400,1,POINT (-4.326960769209071 48.35218942614811),6.631304461236124e-06,-4.326960769209071,48.35218942614811
2025-09-04 09:56:45.353778,401,1,POINT (-4.32696594885058 48.352193450920545),6.559533468776328e-06,-4.32696594885058,48.352193450920545
2025-09-04 09:56:46.353778,402,1,POINT (-4.326971045118696 48.35219708826394),6.261167279227075e-06,-4.326971045118696,48.35219708826394
2025-09-04 09:56:47.353778,403,1,POINT (-4.326976057123325 48.352200338092786),5.973405888879929e-06,-4.326976057123325,48.352200338092786
2025-09-04 09:56:48.353778,404,1,POINT (-4.326981088377859 48.35220320079439),5.788659833863356e-06,-4.326981088377859,48.35220320079439
2025-09-04 09:56:49.353778,405,1,POINT (-4.326986093308385 48.352205685029666),5.587553531624098e-06,-4.326986093308385,48.352205685029666
2025-09-04 09:56:50.353778,406,1,POINT (-4.326991090873199 48.352207802636876),5.427698809666183e-06,-4.326991090873199,48.352207802636876
2025-09-04 09:56:51.353778,407,1,POINT (-4.326996088529323 48.352209556032726),5.2963160532656025e-06,-4.326996088529323,48.352209556032726
2025-09-04 09:56:52.353778,408,1,POINT (-4.327001082044134 48.35221094746775),5.18375169236189e-06,-4.327001082044134,48.35221094746775
2025-09-04 09:56:53.353778,409,1,POINT (-4.327006103401645 48.352211978670894),5.12614974145675e-06,-4.327006103401645,48.352211978670894
2025-09-04 09:56:54.353778,410,1,POINT (-4.327011179854348 48.352212663589576),5.1224491840172346e-06,-4.327011179854348,48.352212663589576
2025-09-04 09:56:55.353778,411,1,POINT (-4.327016266347677 48.35221301237233),5.098437387478766e-06,-4.327016266347677,48.35221301237233
2025-09-04 09:56:56.353778,412,1,POINT (-4.327021388467873 48.35221302530544),5.122136524142877e-06,-4.327021388467873,48.35221302530544
2025-09-04 09:56:57.353778,413,1,POINT (-4.327026506384416 48.35221270359531),5.128017857403168e-06,-4.327026506384416,48.35221270359531
2025-09-04 09:56:58.353778,414,1,POINT (-4.327031584121991 48.35221205580493),5.118891604599138e-06,-4.327031584121991,48.35221205580493
2025-09-04 09:56:59.353778,415,1,POINT (-4.327036665103352 48.352211084045386),5.173073380013023e-06,-4.327036665103352,48.352211084045386
2025-09-04 09:57:00.353778,416,1,POINT (-4.327041761181045 48.35220979321091),5.25702021097431e-06,-4.327041761181045,48.35220979321091
2025-09-04 09:57:01.353778,417,1,POINT (-4.327046853721019 48.352208189542516),5.3390744247052e-06,-4.327046853721019,48.352208189542516
2025-09-04 09:57:02.353778,418,1,POINT (-4.327051886926619 48.35220627102124),5.386453611048973e-06,-4.327051886926619,48.35220627102124
2025-09-04 09:57:03.353778,419,1,POINT (-4.327056857018226 48.35220404203216),5.44703615519702e-06,-4.327056857018226,48.35220404203216
2025-09-04 09:57:04.353778,420,1,POINT (-4.327061866193722 48.35220151621245),5.609955824566351e-06,-4.327061866193722,48.35220151621245
2025-09-04 09:57:05.353778,421,1,POINT (-4.327066824601888 48.35219869033708),5.707134408390257e-06,-4.327066824601888,48.35219869033708
2025-09-04 09:57:06.353778,422,1,POINT (-4.327071759509402 48.35219591397529),5.6622872581721714e-06,-4.327071759509402,48.35219591397529
2025-09-04 09:57:07.353778,423,1,POINT (-4.327076667515 48.35219350343107),5.468019968730356e-06,-4.327076667515,48.35219350343107
2025-09-04 09:57:08.353778,424,1,POINT (-4.3270815775387454 48.35219146735734),5.315442539744114e-06,-4.3270815775387454,48.35219146735734
2025-09-04 09:57:09.353778,425,1,POINT (-4.327086448207186 48.35218979326057),5.1503408680141735e-06,-4.327086448207186,48.35218979326057
2025-09-04 09:57:10.353778,426,1,POINT (-4.32709137336295 48.35218848753461),5.095299753862126e-06,-4.32709137336295,48.35218848753461
2025-09-04 09:57:11.353778,427,1,POINT (-4.327096268971109 48.35218753361799),4.987678434804927e-06,-4.327096268971109,48.35218753361799
2025-09-04 09:57:12.353778,428,1,POINT (-4.327101193868434 48.35218692466356),4.962402558828157e-06,-4.327101193868434,48.35218692466356
2025-09-04 09:57:13.353778,429,1,POINT (-4.327106108321779 48.35218665823792),4.921669869190806e-06,-4.327106108321779,48.35218665823792
2025-09-04 09:57:14.353778,430,1,POINT (-4.327111019631667 48.35218672840285),4.911811065056053e-06,-4.327111019631667,48.35218672840285
2025-09-04 09:57:15.353778,431,1,POINT (-4.327115975136398 48.352187131563326),4.971877463254402e-06,-4.327115975136398,48.352187131563326
2025-09-04 09:57:16.353778,432,1,POINT (-4.3271209355354605 48.35218786181687),5.013863689629893e-06,-4.3271209355354605,48.35218786181687
2025-09-04 09:57:17.353778,433,1,POINT (-4.327125874923979 48.352188916424645),5.05071841329518e-06,-4.327125874923979,48.352188916424645
2025-09-04 09:57:18.353778,434,1,POINT (-4.327130772680402 48.35219028823671),5.086244815832186e-06,-4.327130772680402,48.35219028823671
2025-09-04 09:57:19.353778,435,1,POINT (-4.327135683919649 48.35219197664097),5.19335920846267e-06,-4.327135683919649,48.35219197664097
2025-09-04 09:57:20.353778,436,1,POINT (-4.327140687712423 48.35219397366782),5.387583724718451e-06,-4.327140687712423,48.35219397366782
2025-09-04 09:57:21.353778,437,1,POINT (-4.327145772787045 48.35219628247633),5.5846737254225995e-06,-4.327145772787045,48.35219628247633
2025-09-04 09:57:22.353778,438,1,POINT (-4.3271508537256125 48.352198893157535),5.712406944015008e-06,-4.3271508537256125,48.352198893157535
2025-09-04 09:57:23.353778,439,1,POINT (-4.3271559567307945 48.3522011267102),5.570405675424821e-06,-4.3271559567307945,48.3522011267102
2025-09-04 09:57:24.353778,440,1,POINT (-4.327161028535019 48.35220299761129),5.405873564746982e-06,-4.327161028535019,48.35220299761129
2025-09-04 09:57:25.353778,441,1,POINT (-4.327166110056936 48.352204504056324),5.300117133090317e-06,-4.327166110056936,48.352204504056324
2025-09-04 09:57:26.353778,442,1,POINT (-4.327171195302897 48.35220599291284),5.298718733813981e-06,-4.327171195302897,48.35220599291284
2025-09-04 09:57:27.353778,443,1,POINT (-4.32717630885773 48.35220746173938),5.320328413948461e-06,-4.32717630885773,48.35220746173938
2025-09-04 09:57:28.353778,444,1,POINT (-4.327181445057637 48.352208913717206),5.337489024412147e-06,-4.327181445057637,48.352208913717206
2025-09-04 09:57:29.353778,445,1,POINT (-4.3271865767479225 48.352210341298246),5.326559190382363e-06,-4.3271865767479225,48.352210341298246
2025-09-04 09:57:30.353778,446,1,POINT (-4.327191738957071 48.35221174991548),5.350944384853057e-06,-4.327191738957071,48.35221174991548
2025-09-04 09:57:31.353778,447,1,POINT (-4.327196870410586 48.35221314268724),5.317107141063224e-06,-4.327196870410586,48.35221314268724
2025-09-04 09:57:32.353778,448,1,POINT (-4.327202040657091 48.3522145136678),5.348928549076894e-06,-4.327202040657091,48.3522145136678
2025-09-04 09:57:33.353778,449,1,POINT (-4.327207221000072 48.352215867407416),5.354303348034388e-06,-4.327207221000072,48.352215867407416
2025-09-04 09:57:34.353778,450,1,POINT (-4.327212392977823 48.352217202154414),5.341432710747019e-06,-4.327212392977823,48.352217202154414
2025-09-04 09:57:35.353778,451,1,POINT (-4.32721752780934 48.352218524496465),5.302365812634462e-06,-4.32721752780934,48.352218524496465
2025-09-04 09:57:36.353778,452,1,POINT (-4.327222647875636 48.35221982052653),5.281550226511872e-06,-4.327222647875636,48.35221982052653
2025-09-04 09:57:37.353778,453,1,POINT (-4.327227762843343 48.35222110358312),5.273436153060789e-06,-4.327227762843343,48.35222110358312
2025-09-04 09:57:38.353778,454,1,POINT (-4.327232910666667 48.352222375993996),5.302745931675632e-06,-4.327232910666667,48.352222375993996
2025-09-04 09:57:39.353778,455,1,POINT (-4.32723803301683 48.352223635295644),5.274875527402996e-06,-4.32723803301683,48.352223635295644
2025-09-04 09:57:40.353778,456,1,POINT (-4.327243172480272 48.352224879404254),5.2879004064792265e-06,-4.327243172480272,48.352224879404254
2025-09-04 09:57:41.353778,457,1,POINT (-4.3272483079692 48.35222610585537),5.27990803697785e-06,-4.3272483079692,48.35222610585537
2025-09-04 09:57:42.353778,458,1,POINT (-4.327253417612275 48.35222697812417),5.183561055012154e-06,-4.327253417612275,48.35222697812417
2025-09-04 09:57:43.353778,459,1,POINT (-4.327258512755144 48.35222751441957),5.123289334194748e-06,-4.327258512755144,48.35222751441957
2025-09-04 09:57:44.353778,460,1,POINT (-4.327263600868664 48.35222771271322),5.091975998035308e-06,-4.327263600868664,48.35222771271322
2025-09-04 09:57:45.353778,461,1,POINT (-4.3272686781105865 48.35222757130217),5.079210827344599e-06,-4.3272686781105865,48.35222757130217
2025-09-04 09:57:46.353778,462,1,POINT (-4.327273748489052 48.352227095138396),5.092687868515319e-06,-4.327273748489052,48.352227095138396
2025-09-04 09:57:47.353778,463,1,POINT (-4.32727880610358 48.35222629057941),5.12120882969785e-06,-4.32727880610358,48.35222629057941
2025-09-04 09:57:48.353778,464,1,POINT (-4.327283892365136 48.35222517015825),5.208205083498322e-06,-4.327283892365136,48.35222517015825
2025-09-04 09:57:49.353778,465,1,POINT (-4.327289000427246 48.35222373013463),5.3071618157354455e-06,-4.327289000427246,48.35222373013463
2025-09-04 09:57:50.353778,466,1,POINT (-4.327294151892548 48.35222197473829),5.442335074532092e-06,-4.327294151892548,48.35222197473829
2025-09-04 09:57:51.353778,467,1,POINT (-4.32729937886963 48.35221990738435),5.620964483980145e-06,-4.32729937886963,48.35221990738435
2025-09-04 09:57:52.353778,468,1,POINT (-4.327304591846047 48.35221752763695),5.730473000512887e-06,-4.327304591846047,48.35221752763695
2025-09-04 09:57:53.353778,469,1,POINT (-4.327309718191369 48.35221484795965),5.784469448849136e-06,-4.327309718191369,48.35221484795965
2025-09-04 09:57:54.353778,470,1,POINT (-4.32731484095015 48.35221187337534),5.923749602735948e-06,-4.32731484095015,48.35221187337534
2025-09-04 09:57:55.353778,471,1,POINT (-4.327319945863386 48.352208615676425),6.055802289036417e-06,-4.327319945863386,48.352208615676425
2025-09-04 09:57:56.353778,472,1,POINT (-4.327324995081165 48.35220506468207),6.172856802549876e-06,-4.327324995081165,48.35220506468207
2025-09-04 09:57:57.353778,473,1,POINT (-4.327329994225589 48.35220123013146),6.300414534408747e-06,-4.327329994225589,48.35220123013146
2025-09-04 09:57:58.353778,474,1,POINT (-4.32733500482328 48.35219711846854),6.481655747760195e-06,-4.32733500482328,48.35219711846854
2025-09-04 09:57:59.353778,475,1,POINT (-4.327339974511427 48.35219273448553),6.6269983645602156e-06,-4.327339974511427,48.35219273448553
2025-09-04 09:58:00.353778,476,1,POINT (-4.327344934987481 48.352188411451),6.579889830258343e-06,-4.327344934987481,48.352188411451
2025-09-04 09:58:01.353778,477,1,POINT (-4.327349887020606 48.35218415579377),6.529414256906069e-06,-4.327349887020606,48.35218415579377
2025-09-04 09:58:02.353778,478,1,POINT (-4.32735482948569 48.35217996242247),6.481691445149724e-06,-4.32735482948569,48.35217996242247
2025-09-04 09:58:03.353778,479,1,POINT (-4.327359732264128 48.35217583174998),6.410904117833655e-06,-4.327359732264128,48.35217583174998
2025-09-04 09:58:04.353778,480,1,POINT (-4.327364559505621 48.35217175840572),6.31620090932502e-06,-4.327364559505621,48.35217175840572
2025-09-04 09:58:05.353778,481,1,POINT (-4.327369319590471 48.35216775198204),6.221723112548202e-06,-4.327369319590471,48.35216775198204
2025-09-04 09:58:06.353778,482,1,POINT (-4.327374048769236 48.35216379698011),6.164995705249356e-06,-4.327374048769236,48.35216379698011
2025-09-04 09:58:07.353778,483,1,POINT (-4.327378714839947 48.35215990141591),6.078456737094322e-06,-4.327378714839947,48.35215990141591
2025-09-04 09:58:08.353778,484,1,POINT (-4.327383298026192 48.352156067150254),5.975549286618264e-06,-4.327383298026192,48.352156067150254
2025-09-04 09:58:09.353778,485,1,POINT (-4.327387868144936 48.352152285041726),5.932143816124868e-06,-4.327387868144936,48.352152285041726
2025-09-04 09:58:10.353778,486,1,POINT (-4.327392460433246 48.35214855046922),5.919133698761887e-06,-4.327392460433246,48.35214855046922
2025-09-04 09:58:11.353778,487,1,POINT (-4.3273970312798555 48.35214486780525),5.869808567048857e-06,-4.3273970312798555,48.35214486780525
2025-09-04 09:58:12.353778,488,1,POINT (-4.327401613488902 48.35214123572432),5.847106263130249e-06,-4.327401613488902,48.35214123572432
2025-09-04 09:58:13.353778,489,1,POINT (-4.327406122654523 48.352137653881655),5.758660560522561e-06,-4.327406122654523,48.352137653881655
2025-09-04 09:58:14.353778,490,1,POINT (-4.327410588215459 48.352134120037014),5.694672283853287e-06,-4.327410588215459,48.352134120037014
2025-09-04 09:58:15.353778,491,1,POINT (-4.327415077630623 48.35213062779493),5.687759076026693e-06,-4.327415077630623,48.35213062779493
2025-09-04 09:58:16.353778,492,1,POINT (-4.327419637947418 48.352127179892484),5.717037741151653e-06,-4.327419637947418,48.352127179892484
2025-09-04 09:58:17.353778,493,1,POINT (-4.327424188709339 48.35212377469701),5.6837303120887235e-06,-4.327424188709339,48.35212377469701
2025-09-04 09:58:18.353778,494,1,POINT (-4.327428731117713 48.35212041570748),5.649449929355411e-06,-4.327428731117713,48.35212041570748
2025-09-04 09:58:19.353778,495,1,POINT (-4.327433304773833 48.35211709803353),5.650246963049104e-06,-4.327433304773833,48.35211709803353
2025-09-04 09:58:20.353778,496,1,POINT (-4.327437936666158 48.35211381909281),5.675022359590324e-06,-4.327437936666158,48.35211381909281
2025-09-04 09:58:21.353778,497,1,POINT (-4.327442529564805 48.35211058377919),5.6180042903771824e-06,-4.327442529564805,48.35211058377919
2025-09-04 09:58:22.353778,498,1,POINT (-4.32744713444293 48.35210739674586),5.600186067026552e-06,-4.32744713444293,48.35210739674586
2025-09-04 09:58:23.353778,499,1,POINT (-4.327451742738129 48.35210425146417),5.579353146970381e-06,-4.327451742738129,48.35210425146417
2025-09-04 09:58:24.353778,500,1,POINT (-4.327456355970791 48.35210114252387),5.56304101870945e-06,-4.327456355970791,48.35210114252387
2025-09-04 09:58:25.353778,501,1,POINT (-4.327460907669034 48.352098084465254),5.483582715170646e-06,-4.327460907669034,48.352098084465254
2025-09-04 09:58:26.353778,502,1,POINT (-4.327465465086834 48.35209506889074),5.4647732483154555e-06,-4.327465465086834,48.35209506889074
2025-09-04 09:58:27.353778,503,1,POINT (-4.3274700367158925 48.35209208175056),5.461025424784055e-06,-4.3274700367158925,48.35209208175056
2025-09-04 09:58:28.353778,504,1,POINT (-4.327474625975366 48.35208912746614),5.4579390787398405e-06,-4.327474625975366,48.35208912746614
2025-09-04 09:58:29.353778,505,1,POINT (-4.3274791476677406 48.352086216269896),5.377803034571556e-06,-4.3274791476677406,48.352086216269896
2025-09-04 09:58:30.353778,506,1,POINT (-4.3274836703225565 48.35208334088255),5.359315158581518e-06,-4.3274836703225565,48.35208334088255
2025-09-04 09:58:31.353778,507,1,POINT (-4.327488134312715 48.3520805077872),5.2871199539422255e-06,-4.327488134312715,48.3520805077872
2025-09-04 09:58:32.353778,508,1,POINT (-4.327492587424094 48.35207771098719),5.2585445942726645e-06,-4.327492587424094,48.35207771098719
2025-09-04 09:58:33.353778,509,1,POINT (-4.327496969593566 48.35207494812061),5.180428652206594e-06,-4.327496969593566,48.35207494812061
2025-09-04 09:58:34.353778,510,1,POINT (-4.327501367732912 48.3520722146209),5.1783829896196405e-06,-4.327501367732912,48.3520722146209
2025-09-04 09:58:35.353778,511,1,POINT (-4.327505841514818 48.352069497918826),5.2340419066211745e-06,-4.327505841514818,48.352069497918826
2025-09-04 09:58:36.353778,512,1,POINT (-4.327510298302114 48.35206681492749),5.202056853910487e-06,-4.327510298302114,48.35206681492749
2025-09-04 09:58:37.353778,513,1,POINT (-4.327514754930717 48.35206415997748),5.187513668096082e-06,-4.327514754930717,48.35206415997748
2025-09-04 09:58:38.353778,514,1,POINT (-4.327519212148401 48.352061538333906),5.171054487368697e-06,-4.327519212148401,48.352061538333906
2025-09-04 09:58:39.353778,515,1,POINT (-4.327523662052359 48.352058947209834),5.149327062542837e-06,-4.327523662052359,48.352058947209834
2025-09-04 09:58:40.353778,516,1,POINT (-4.327528124348782 48.352056391836385),5.142180746539972e-06,-4.327528124348782,48.352056391836385
2025-09-04 09:58:41.353778,517,1,POINT (-4.327532545813354 48.35205386759257),5.091282331844942e-06,-4.327532545813354,48.35205386759257
2025-09-04 09:58:42.353778,518,1,POINT (-4.3275369088824815 48.35205137887358),5.022956741343329e-06,-4.3275369088824815,48.35205137887358
2025-09-04 09:58:43.353778,519,1,POINT (-4.327541225844538 48.35204892400583),4.966139052315254e-06,-4.327541225844538,48.35204892400583
2025-09-04 09:58:44.353778,520,1,POINT (-4.32754553973643 48.352046498139714),4.949190809116934e-06,-4.32754553973643,48.352046498139714
2025-09-04 09:58:45.353778,521,1,POINT (-4.327549879212935 48.352044102136894),4.957003716562715e-06,-4.327549879212935,48.352044102136894
2025-09-04 09:58:46.353778,522,1,POINT (-4.327554239580378 48.3520417326659),4.962579673517235e-06,-4.327554239580378,48.3520417326659
2025-09-04 09:58:47.353778,523,1,POINT (-4.3275586168803954 48.35203939283426),4.963422969517342e-06,-4.3275586168803954,48.35203939283426
2025-09-04 09:58:48.353778,524,1,POINT (-4.32756298984025 48.35203708091335),4.946489278239753e-06,-4.32756298984025,48.35203708091335
2025-09-04 09:58:49.353778,525,1,POINT (-4.3275673960816015 48.35203478405248),4.968956903030872e-06,-4.3275673960816015,48.35203478405248
2025-09-04 09:58:50.353778,526,1,POINT (-4.327571836778371 48.35203251005664),4.989072546730725e-06,-4.327571836778371,48.35203251005664
2025-09-04 09:58:51.353778,527,1,POINT (-4.327576250543991 48.352030257806135),4.9551951811546705e-06,-4.327576250543991,48.352030257806135
2025-09-04 09:58:52.353778,528,1,POINT (-4.327580726160154 48.352028015524354),5.005893289180747e-06,-4.327580726160154,48.352028015524354
2025-09-04 09:58:53.353778,529,1,POINT (-4.327585202204098 48.352025792636695),4.997619326023919e-06,-4.327585202204098,48.352025792636695
2025-09-04 09:58:54.353778,530,1,POINT (-4.3275896759193975 48.352023595604614),4.9840825182738514e-06,-4.3275896759193975,48.352023595604614
2025-09-04 09:58:55.353778,531,1,POINT (-4.327594190082245 48.352021412429934),5.014371136856515e-06,-4.327594190082245,48.352021412429934
2025-09-04 09:58:56.353778,532,1,POINT (-4.3275986871020296 48.35201924342937),4.992769812145604e-06,-4.3275986871020296,48.35201924342937
2025-09-04 09:58:57.353778,533,1,POINT (-4.327603191816584 48.35201708903039),4.99338444037698e-06,-4.327603191816584,48.35201708903039
2025-09-04 09:58:58.353778,534,1,POINT (-4.327607821152956 48.35201528085172),4.969936152552446e-06,-4.327607821152956,48.35201528085172
2025-09-04 09:58:59.353778,535,1,POINT (-4.327612598519041 48.35201381189633),4.998105305561258e-06,-4.327612598519041,48.35201381189633
2025-09-04 09:59:00.353778,536,1,POINT (-4.327617516866809 48.352012674315404),5.048191272779739e-06,-4.327617516866809,48.352012674315404
2025-09-04 09:59:01.353778,537,1,POINT (-4.327622581865169 48.35201186390446),5.129422412922158e-06,-4.327622581865169,48.35201186390446
2025-09-04 09:59:02.353778,538,1,POINT (-4.327627805092972 48.35201136604145),5.246901586309805e-06,-4.327627805092972,48.35201136604145
2025-09-04 09:59:03.353778,539,1,POINT (-4.327633169473336 48.35201118502747),5.367433534750148e-06,-4.327633169473336,48.35201118502747
2025-09-04 09:59:04.353778,540,1,POINT (-4.327638617388792 48.35201132407315),5.449689579550766e-06,-4.327638617388792,48.35201132407315
2025-09-04 09:59:05.353778,541,1,POINT (-4.327644187759253 48.3520117809288),5.589073639866954e-06,-4.327644187759253,48.3520117809288
2025-09-04 09:59:06.353778,542,1,POINT (-4.327649888074509 48.35201254719053),5.751586830365686e-06,-4.327649888074509,48.35201254719053
2025-09-04 09:59:07.353778,543,1,POINT (-4.327655551976765 48.35201329244469),5.712721988465169e-06,-4.327655551976765,48.35201329244469
2025-09-04 09:59:08.353778,544,1,POINT (-4.327661208997909 48.35201401618973),5.703130290006568e-06,-4.327661208997909,48.35201401618973
2025-09-04 09:59:09.353778,545,1,POINT (-4.32766681116462 48.352014727671644),5.647165516934092e-06,-4.32766681116462,48.352014727671644
2025-09-04 09:59:10.353778,546,1,POINT (-4.327672428748642 48.35201541444821),5.65940918256689e-06,-4.327672428748642,48.35201541444821
2025-09-04 09:59:11.353778,547,1,POINT (-4.32767804886692 48.352016079540896),5.6593354505452925e-06,-4.32767804886692,48.352016079540896
2025-09-04 09:59:12.353778,548,1,POINT (-4.327683657802159 48.35201672652569),5.646126445538942e-06,-4.327683657802159,48.35201672652569
2025-09-04 09:59:13.353778,549,1,POINT (-4.327689240337661 48.352017358034686),5.618140817643968e-06,-4.327689240337661,48.352017358034686
2025-09-04 09:59:14.353778,550,1,POINT (-4.327694826370789 48.352017973482525),5.619834707949556e-06,-4.327694826370789,48.352017973482525
2025-09-04 09:59:15.353778,551,1,POINT (-4.327700403939378 48.35201856859128),5.6092268445470376e-06,-4.327700403939378,48.35201856859128
2025-09-04 09:59:16.353778,552,1,POINT (-4.3277059617885305 48.35201914627144),5.58779040144422e-06,-4.3277059617885305,48.35201914627144
2025-09-04 09:59:17.353778,553,1,POINT (-4.327711558830704 48.35201969806296),5.624175937776379e-06,-4.327711558830704,48.35201969806296
2025-09-04 09:59:18.353778,554,1,POINT (-4.327717144954719 48.35202023275206),5.611655187530857e-06,-4.327717144954719,48.35202023275206
2025-09-04 09:59:19.353778,555,1,POINT (-4.327722758263969 48.352020739541814),5.636140220367082e-06,-4.327722758263969,48.352020739541814
2025-09-04 09:59:20.353778,556,1,POINT (-4.327728363800049 48.35202122432092),5.626459413742584e-06,-4.327728363800049,48.35202122432092
2025-09-04 09:59:21.353778,557,1,POINT (-4.32773396089952 48.35202168952762),5.616399180849777e-06,-4.32773396089952,48.35202168952762
2025-09-04 09:59:22.353778,558,1,POINT (-4.3277395740793425 48.3520221394684),5.631184105262864e-06,-4.3277395740793425,48.3520221394684
2025-09-04 09:59:23.353778,559,1,POINT (-4.327745188325533 48.35202257204697),5.630886653555747e-06,-4.327745188325533,48.35202257204697
2025-09-04 09:59:24.353778,560,1,POINT (-4.327750809378919 48.35202298474239),5.636182988706131e-06,-4.327750809378919,48.35202298474239
2025-09-04 09:59:25.353778,561,1,POINT (-4.327756385847358 48.35202338439088),5.590770891269477e-06,-4.327756385847358,48.35202338439088
2025-09-04 09:59:26.353778,562,1,POINT (-4.327761908741157 48.35202377964628),5.5370193016489875e-06,-4.327761908741157,48.35202377964628
2025-09-04 09:59:27.353778,563,1,POINT (-4.32776738552483 48.35202415762967),5.4898115497476495e-06,-4.32776738552483,48.35202415762967
2025-09-04 09:59:28.353778,564,1,POINT (-4.327772859246164 48.35202452403104),5.485970762141527e-06,-4.327772859246164,48.35202452403104
2025-09-04 09:59:29.353778,565,1,POINT (-4.327778324061236 48.352024876084414),5.476143291273086e-06,-4.327778324061236,48.352024876084414
2025-09-04 09:59:30.353778,566,1,POINT (-4.327783819018936 48.35202520947937),5.505062427190538e-06,-4.327783819018936,48.35202520947937
2025-09-04 09:59:31.353778,567,1,POINT (-4.327789382793101 48.35202552236583),5.572565019180662e-06,-4.327789382793101,48.35202552236583
2025-09-04 09:59:32.353778,568,1,POINT (-4.327794978655899 48.35202582379656),5.6039754585412275e-06,-4.327794978655899,48.35202582379656
2025-09-04 09:59:33.353778,569,1,POINT (-4.3278006066189 48.35202611712122),5.635601732887371e-06,-4.3278006066189,48.35202611712122
2025-09-04 09:59:34.353778,570,1,POINT (-4.327806215661632 48.352026397446096),5.616043305677712e-06,-4.327806215661632,48.352026397446096
2025-09-04 09:59:35.353778,571,1,POINT (-4.327811808619 48.35202666826588),5.5995102883102576e-06,-4.327811808619,48.35202666826588
2025-09-04 09:59:36.353778,572,1,POINT (-4.32781743318834 48.352026926243006),5.630482435769108e-06,-4.32781743318834,48.352026926243006
2025-09-04 09:59:37.353778,573,1,POINT (-4.327823041510352 48.35202717042341),5.613635173597452e-06,-4.327823041510352,48.35202717042341
2025-09-04 09:59:38.353778,574,1,POINT (-4.327828634494423 48.352027405987336),5.597942584167413e-06,-4.327828634494423,48.352027405987336
2025-09-04 09:59:39.353778,575,1,POINT (-4.327834196839975 48.352027636718496),5.567128964733957e-06,-4.327834196839975,48.352027636718496
2025-09-04 09:59:40.353778,576,1,POINT (-4.327839734899503 48.35202785557372),5.5423822449810505e-06,-4.327839734899503,48.35202785557372
2025-09-04 09:59:41.353778,577,1,POINT (-4.3278452791025455 48.35202805818931),5.5479041495350415e-06,-4.3278452791025455,48.35202805818931
2025-09-04 09:59:42.353778,578,1,POINT (-4.3278507864026405 48.35202825073908),5.510665091539381e-06,-4.3278507864026405,48.35202825073908
2025-09-04 09:59:43.353778,579,1,POINT (-4.327856296905116 48.3520284259011),5.513285705286057e-06,-4.327856296905116,48.3520284259011
2025-09-04 09:59:44.353778,580,1,POINT (-4.327861747213491 48.352028597107605),5.452996702931169e-06,-4.327861747213491,48.352028597107605
2025-09-04 09:59:45.353778,581,1,POINT (-4.327867198749882 48.35202875044075),5.453692334424048e-06,-4.327867198749882,48.35202875044075
2025-09-04 09:59:46.353778,582,1,POINT (-4.32787265459669 48.3520288926852),5.457700786582967e-06,-4.32787265459669,48.3520288926852
2025-09-04 09:59:47.353778,583,1,POINT (-4.327878126620036 48.35202902097075),5.473526896450488e-06,-4.327878126620036,48.35202902097075
2025-09-04 09:59:48.353778,584,1,POINT (-4.327883635044147 48.35202913900466),5.509688574351948e-06,-4.327883635044147,48.35202913900466
2025-09-04 09:59:49.353778,585,1,POINT (-4.327889160660533 48.35202924595421),5.526651305312714e-06,-4.327889160660533,48.35202924595421
2025-09-04 09:59:50.353778,586,1,POINT (-4.327894590001945 48.35202935443261),5.430425004600096e-06,-4.327894590001945,48.35202935443261
2025-09-04 09:59:51.353778,587,1,POINT (-4.327900104054389 48.35202944437386),5.5147859236664404e-06,-4.327900104054389,48.35202944437386
2025-09-04 09:59:52.353778,588,1,POINT (-4.32790553410514 48.35202953268656),5.430768849210694e-06,-4.32790553410514,48.35202953268656
2025-09-04 09:59:53.353778,589,1,POINT (-4.327910961180878 48.352029616300506),5.42771981220215e-06,-4.327910961180878,48.352029616300506
2025-09-04 09:59:54.353778,590,1,POINT (-4.327916413328394 48.352029689305006),5.45263626054624e-06,-4.327916413328394,48.352029689305006
2025-09-04 09:59:55.353778,591,1,POINT (-4.327921841819965 48.35202975865359),5.428934514447797e-06,-4.327921841819965,48.35202975865359
2025-09-04 09:59:56.353778,592,1,POINT (-4.327927255542164 48.35202982894167),5.414178466383867e-06,-4.327927255542164,48.35202982894167
2025-09-04 09:59:57.353778,593,1,POINT (-4.3279326942739695 48.35202989164767),5.4390932785851495e-06,-4.3279326942739695,48.35202989164767
2025-09-04 09:59:58.353778,594,1,POINT (-4.3279381882255645 48.352029945231884),5.494212900529459e-06,-4.3279381882255645,48.352029945231884
2025-09-04 09:59:59.353778,595,1,POINT (-4.327943706558444 48.352029988500774),5.518502511216913e-06,-4.327943706558444,48.352029988500774
2025-09-04 10:00:00.353778,596,1,POINT (-4.327949196494425 48.35203002441296),5.4900534391525595e-06,-4.327949196494425,48.35203002441296
2025-09-04 10:00:01.353778,597,1,POINT (-4.327954689671712 48.35203005898494),5.4932860767522486e-06,-4.327954689671712,48.35203005898494
2025-09-04 10:00:02.353778,598,1,POINT (-4.327960124631983 48.35203009281946),5.435065586008147e-06,-4.327960124631983,48.35203009281946
2025-09-04 10:00:03.353778,599,1,POINT (-4.327965584233425 48.352030111152686),5.459632223249476e-06,-4.327965584233425,48.352030111152686
2025-09-04 10:00:04.353778,600,1,POINT (-4.327971055776545 48.35203011721376),5.471546476975318e-06,-4.327971055776545,48.35203011721376
2025-09-04 10:00:05.353778,601,1,POINT (-4.327976554527164 48.35203010933698),5.498756260890918e-06,-4.327976554527164,48.35203010933698
2025-09-04 10:00:06.353778,602,1,POINT (-4.327982062775417 48.352030090679925),5.508279849749624e-06,-4.327982062775417,48.352030090679925
2025-09-04 10:00:07.353778,603,1,POINT (-4.327987575101989 48.35203006502946),5.5123862513157715e-06,-4.327987575101989,48.35203006502946
2025-09-04 10:00:08.353778,604,1,POINT (-4.327993029453278 48.35203004088483),5.454404728790281e-06,-4.327993029453278,48.35203004088483
2025-09-04 10:00:09.353778,605,1,POINT (-4.327998454199497 48.35203001183892),5.424823978648859e-06,-4.327998454199497,48.35203001183892
2025-09-04 10:00:10.353778,606,1,POINT (-4.3280038848156925 48.35202998294785),5.430693046071863e-06,-4.3280038848156925,48.35202998294785
2025-09-04 10:00:11.353778,607,1,POINT (-4.328009258377148 48.35202994769647),5.373677081287333e-06,-4.328009258377148,48.35202994769647
2025-09-04 10:00:12.353778,608,1,POINT (-4.3280146429928115 48.35202990278725),5.3848029381348374e-06,-4.3280146429928115,48.35202990278725
2025-09-04 10:00:13.353778,609,1,POINT (-4.3280199681553215 48.352029863058185),5.325310709927599e-06,-4.3280199681553215,48.352029863058185
2025-09-04 10:00:14.353778,610,1,POINT (-4.328025327827116 48.35202981521135),5.359885359113208e-06,-4.328025327827116,48.35202981521135
2025-09-04 10:00:15.353778,611,1,POINT (-4.3280306321377 48.35202976587663),5.304540006706623e-06,-4.3280306321377,48.35202976587663
2025-09-04 10:00:16.353778,612,1,POINT (-4.328035972918043 48.352029702695894),5.341154040168115e-06,-4.328035972918043,48.352029702695894
2025-09-04 10:00:17.353778,613,1,POINT (-4.3280413237232676 48.352029631464355),5.351279331591617e-06,-4.3280413237232676,48.352029631464355
2025-09-04 10:00:18.353778,614,1,POINT (-4.328046667798285 48.35202954499075),5.344774595210695e-06,-4.328046667798285,48.35202954499075
2025-09-04 10:00:19.353778,615,1,POINT (-4.328052034787174 48.352029443961406),5.367939703590626e-06,-4.328052034787174,48.352029443961406
2025-09-04 10:00:20.353778,616,1,POINT (-4.328057384919658 48.35202933761477),5.351189326591068e-06,-4.328057384919658,48.35202933761477
2025-09-04 10:00:21.353778,617,1,POINT (-4.328062745538068 48.35202922414714),5.361819153768549e-06,-4.328062745538068,48.35202922414714
2025-09-04 10:00:22.353778,618,1,POINT (-4.3280681278037845 48.352029105338254),5.38357685891729e-06,-4.3280681278037845,48.352029105338254
2025-09-04 10:00:23.353778,619,1,POINT (-4.32807348101333 48.35202899025299),5.354446475588441e-06,-4.32807348101333,48.35202899025299
2025-09-04 10:00:24.353778,620,1,POINT (-4.328078847894767 48.352028862701395),5.368396945870644e-06,-4.328078847894767,48.352028862701395
2025-09-04 10:00:25.353778,621,1,POINT (-4.328084215071917 48.35202872353951),5.368980963604225e-06,-4.328084215071917,48.35202872353951
2025-09-04 10:00:26.353778,622,1,POINT (-4.328089532654801 48.35202858598514),5.319361702964811e-06,-4.328089532654801,48.35202858598514
2025-09-04 10:00:27.353778,623,1,POINT (-4.328094862781386 48.35202844520762),5.331985345603301e-06,-4.328094862781386,48.35202844520762
2025-09-04 10:00:28.353778,624,1,POINT (-4.328100211647191 48.35202829666072),5.350928105139673e-06,-4.328100211647191,48.35202829666072
2025-09-04 10:00:29.353778,625,1,POINT (-4.328105566228408 48.352028142125),5.356810739066594e-06,-4.328105566228408,48.352028142125
2025-09-04 10:00:30.353778,626,1,POINT (-4.32811097384854 48.35202797579981),5.4101774059079825e-06,-4.32811097384854,48.35202797579981
2025-09-04 10:00:31.353778,627,1,POINT (-4.328116380449799 48.35202779807101),5.409521670106332e-06,-4.328116380449799,48.35202779807101
2025-09-04 10:00:32.353778,628,1,POINT (-4.328121792591721 48.3520276147073),5.415247217471449e-06,-4.328121792591721,48.3520276147073
2025-09-04 10:00:33.353778,629,1,POINT (-4.328127193784082 48.35202743146347),5.404299883619043e-06,-4.328127193784082,48.35202743146347
2025-09-04 10:00:34.353778,630,1,POINT (-4.328132631958863 48.3520272383513),5.441602452992202e-06,-4.328132631958863,48.3520272383513
2025-09-04 10:00:35.353778,631,1,POINT (-4.328138086381902 48.352027038158965),5.458095606842415e-06,-4.328138086381902,48.352027038158965
2025-09-04 10:00:36.353778,632,1,POINT (-4.328143538871974 48.35202683005097),5.456460109177038e-06,-4.328143538871974,48.35202683005097
2025-09-04 10:00:37.353778,633,1,POINT (-4.328148990264201 48.35202661492825),5.455635160159829e-06,-4.328148990264201,48.35202661492825
2025-09-04 10:00:38.353778,634,1,POINT (-4.32815447453993 48.352026398095454),5.4885605334276425e-06,-4.32815447453993,48.352026398095454
2025-09-04 10:00:39.353778,635,1,POINT (-4.328160001520525 48.35202616492076),5.531897046750159e-06,-4.328160001520525,48.35202616492076
2025-09-04 10:00:40.353778,636,1,POINT (-4.328165597846108 48.352025921468176),5.601618444275889e-06,-4.328165597846108,48.352025921468176
2025-09-04 10:00:41.353778,637,1,POINT (-4.3281711367448565 48.35202567944804),5.544183717432097e-06,-4.3281711367448565,48.35202567944804
2025-09-04 10:00:42.353778,638,1,POINT (-4.328176625738778 48.352025442129616),5.49412179570667e-06,-4.328176625738778,48.352025442129616
2025-09-04 10:00:43.353778,639,1,POINT (-4.328182028265507 48.352024867042786),5.433048860471223e-06,-4.328182028265507,48.352024867042786
2025-09-04 10:00:44.353778,640,1,POINT (-4.328187335768797 48.352023962121365),5.384094534299722e-06,-4.328187335768797,48.352023962121365
2025-09-04 10:00:45.353778,641,1,POINT (-4.328192568153584 48.352022734424594),5.3744850840084556e-06,-4.328192568153584,48.352022734424594
2025-09-04 10:00:46.353778,642,1,POINT (-4.3281977548061965 48.35202118815981),5.412236146185636e-06,-4.3281977548061965,48.35202118815981
2025-09-04 10:00:47.353778,643,1,POINT (-4.3282028755349184 48.35201932860467),5.447917764253189e-06,-4.3282028755349184,48.35201932860467
2025-09-04 10:00:48.353778,644,1,POINT (-4.3282079786218794 48.352017155016135),5.546709262876527e-06,-4.3282079786218794,48.352017155016135
2025-09-04 10:00:49.353778,645,1,POINT (-4.328212981197942 48.352014682134566),5.580404153548831e-06,-4.328212981197942,48.352014682134566
2025-09-04 10:00:50.353778,646,1,POINT (-4.328217910574112 48.352011902921646),5.658866836762468e-06,-4.328217910574112,48.352011902921646
2025-09-04 10:00:51.353778,647,1,POINT (-4.328222746816068 48.35200882718106),5.731441041812506e-06,-4.328222746816068,48.35200882718106
2025-09-04 10:00:52.353778,648,1,POINT (-4.328227465404022 48.3520054595209),5.79708609628991e-06,-4.328227465404022,48.3520054595209
2025-09-04 10:00:53.353778,649,1,POINT (-4.328232031732064 48.35200180765177),5.847007779424762e-06,-4.328232031732064,48.35200180765177
2025-09-04 10:00:54.353778,650,1,POINT (-4.328236468803496 48.35199787231581),5.930807024675879e-06,-4.328236468803496,48.35199787231581
2025-09-04 10:00:55.353778,651,1,POINT (-4.3282407710995106 48.35199366274131),6.019158455906e-06,-4.3282407710995106,48.35199366274131
2025-09-04 10:00:56.353778,652,1,POINT (-4.328244965809128 48.35198917891652),6.1400548462454394e-06,-4.328244965809128,48.35198917891652
2025-09-04 10:00:57.353778,653,1,POINT (-4.328249041199435 48.35198443164027),6.2566315179434645e-06,-4.328249041199435,48.35198443164027
2025-09-04 10:00:58.353778,654,1,POINT (-4.3282530264570545 48.35197941788408),6.404688079349566e-06,-4.3282530264570545,48.35197941788408
2025-09-04 10:00:59.353778,655,1,POINT (-4.3282570159785845 48.35197447339987),6.353283099824869e-06,-4.3282570159785845,48.35197447339987
2025-09-04 10:01:00.353778,656,1,POINT (-4.328260976887079 48.351969592663515),6.285728555551915e-06,-4.328260976887079,48.351969592663515
2025-09-04 10:01:01.353778,657,1,POINT (-4.328264954454671 48.35196477058773),6.250876646344454e-06,-4.328264954454671,48.35196477058773
2025-09-04 10:01:02.353778,658,1,POINT (-4.328268957227262 48.351960006923136),6.222112885677255e-06,-4.328268957227262,48.351960006923136
2025-09-04 10:01:03.353778,659,1,POINT (-4.328272913599781 48.35195531151674),6.140010157152667e-06,-4.328272913599781,48.35195531151674
2025-09-04 10:01:04.353778,660,1,POINT (-4.328276933974358 48.351951007683354),5.889515561833537e-06,-4.328276933974358,48.351951007683354
2025-09-04 10:01:05.353778,661,1,POINT (-4.328281033651052 48.35194708624565),5.6731845247091185e-06,-4.328281033651052,48.35194708624565
2025-09-04 10:01:06.353778,662,1,POINT (-4.328285296129087 48.351943527665476),5.552676098944485e-06,-4.328285296129087,48.351943527665476
2025-09-04 10:01:07.353778,663,1,POINT (-4.328289662859358 48.35194034184576),5.405347400443332e-06,-4.328289662859358,48.35194034184576
2025-09-04 10:01:08.353778,664,1,POINT (-4.328294143964443 48.35193751921007),5.2959961322888515e-06,-4.328294143964443,48.35193751921007
2025-09-04 10:01:09.353778,665,1,POINT (-4.3282987177944365 48.35193505800782),5.1939808748347e-06,-4.3282987177944365,48.35193505800782
2025-09-04 10:01:10.353778,666,1,POINT (-4.328303392279272 48.35193295622243),5.125261974654607e-06,-4.328303392279272,48.35193295622243
2025-09-04 10:01:11.353778,667,1,POINT (-4.328308177508398 48.35193119887041),5.097715556765655e-06,-4.328308177508398,48.35193119887041
2025-09-04 10:01:12.353778,668,1,POINT (-4.328313166090102 48.351929765916736),5.190308627704581e-06,-4.328313166090102,48.351929765916736
2025-09-04 10:01:13.353778,669,1,POINT (-4.32831835717186 48.35192865539871),5.308538415663109e-06,-4.32831835717186,48.35192865539871
2025-09-04 10:01:14.353778,670,1,POINT (-4.328323685325708 48.35192787704061),5.384706561958474e-06,-4.328323685325708,48.35192787704061
2025-09-04 10:01:15.353778,671,1,POINT (-4.328329173853697 48.351927415276876),5.5079184113532545e-06,-4.328329173853697,48.351927415276876
2025-09-04 10:01:16.353778,672,1,POINT (-4.328334768338514 48.351927279463),5.596133109036052e-06,-4.328334768338514,48.351927279463
2025-09-04 10:01:17.353778,673,1,POINT (-4.3283405577647445 48.35192743768578),5.791587911054767e-06,-4.3283405577647445,48.35192743768578
2025-09-04 10:01:18.353778,674,1,POINT (-4.328346478462215 48.35192790042845),5.938753178945981e-06,-4.328346478462215,48.35192790042845
2025-09-04 10:01:19.353778,675,1,POINT (-4.328352508760504 48.3519286728601),6.079568084630792e-06,-4.328352508760504,48.3519286728601
2025-09-04 10:01:20.353778,676,1,POINT (-4.328358618214748 48.35192974880462),6.203473848452095e-06,-4.328358618214748,48.35192974880462
2025-09-04 10:01:21.353778,677,1,POINT (-4.328364818106987 48.35193112801784),6.351448092228492e-06,-4.328364818106987,48.35193112801784
2025-09-04 10:01:22.353778,678,1,POINT (-4.3283711414325525 48.35193279973707),6.540572711752476e-06,-4.3283711414325525,48.35193279973707
2025-09-04 10:01:23.353778,679,1,POINT (-4.328377551608827 48.35193475512929),6.701784732927778e-06,-4.328377551608827,48.35193475512929
2025-09-04 10:01:24.353778,680,1,POINT (-4.3283840744501 48.351936992926454),6.896027437191877e-06,-4.3283840744501,48.351936992926454
2025-09-04 10:01:25.353778,681,1,POINT (-4.328390730338262 48.35193950332834),7.113576093689087e-06,-4.328390730338262,48.35193950332834
2025-09-04 10:01:26.353778,682,1,POINT (-4.328397483248764 48.35194229113251),7.305727366411977e-06,-4.328397483248764,48.35194229113251
2025-09-04 10:01:27.353778,683,1,POINT (-4.328404272389005 48.351945358182604),7.449779962202363e-06,-4.328404272389005,48.351945358182604
2025-09-04 10:01:28.353778,684,1,POINT (-4.328411007875401 48.35194837720507),7.381143111793872e-06,-4.328411007875401,48.35194837720507
2025-09-04 10:01:29.353778,685,1,POINT (-4.328417658210476 48.35195135351834),7.285972638592619e-06,-4.328417658210476,48.35195135351834
2025-09-04 10:01:30.353778,686,1,POINT (-4.328424253773857 48.35195428490153),7.21764946049424e-06,-4.328424253773857,48.35195428490153
2025-09-04 10:01:31.353778,687,1,POINT (-4.328430871710141 48.351957162909976),7.216648340617284e-06,-4.328430871710141,48.351957162909976
2025-09-04 10:01:32.353778,688,1,POINT (-4.328437246863173 48.35195957055838),6.814642103709308e-06,-4.328437246863173,48.35195957055838
2025-09-04 10:01:33.353778,689,1,POINT (-4.328443493064391 48.351961490870906),6.534724926540399e-06,-4.328443493064391,48.351961490870906
2025-09-04 10:01:34.353778,690,1,POINT (-4.3284495553632425 48.351962927334355),6.230160078604069e-06,-4.3284495553632425,48.351962927334355
2025-09-04 10:01:35.353778,691,1,POINT (-4.328455502091019 48.351963869098256),6.020838022799398e-06,-4.328455502091019,48.351963869098256
2025-09-04 10:01:36.353778,692,1,POINT (-4.328461365961718 48.35196430966628),5.880397924436529e-06,-4.328461365961718,48.35196430966628
2025-09-04 10:01:37.353778,693,1,POINT (-4.328467100496947 48.3519642513327),5.734831915371463e-06,-4.328467100496947,48.3519642513327
2025-09-04 10:01:38.353778,694,1,POINT (-4.3284726749589915 48.35196369450062),5.602203946643937e-06,-4.3284726749589915,48.35196369450062
2025-09-04 10:01:39.353778,695,1,POINT (-4.328478095823387 48.351962635487325),5.52333956499492e-06,-4.328478095823387,48.351962635487325
2025-09-04 10:01:40.353778,696,1,POINT (-4.328483418942151 48.351961065213764),5.5498966140970825e-06,-4.328483418942151,48.351961065213764
2025-09-04 10:01:41.353778,697,1,POINT (-4.32848865442797 48.35195897953719),5.6356329322243345e-06,-4.32848865442797,48.35195897953719
2025-09-04 10:01:42.353778,698,1,POINT (-4.32849375900522 48.35195638020552),5.7282836884308695e-06,-4.32849375900522,48.35195638020552
2025-09-04 10:01:43.353778,699,1,POINT (-4.328498713187878 48.351953266407385),5.8514668796508606e-06,-4.328498713187878,48.351953266407385
2025-09-04 10:01:44.353778,700,1,POINT (-4.328503488560167 48.35194963847757),5.99717060234221e-06,-4.328503488560167,48.35194963847757
2025-09-04 10:01:45.353778,701,1,POINT (-4.328508130803652 48.35194548805263),6.227074094146307e-06,-4.328508130803652,48.35194548805263
2025-09-04 10:01:46.353778,702,1,POINT (-4.3285126122426965 48.351940815331844),6.474381471763672e-06,-4.3285126122426965,48.351940815331844
2025-09-04 10:01:47.353778,703,1,POINT (-4.328516962262625 48.35193561340212),6.7810578992485856e-06,-4.328516962262625,48.35193561340212
2025-09-04 10:01:48.353778,704,1,POINT (-4.3285213476296835 48.35193047810258),6.752980496838123e-06,-4.3285213476296835,48.35193047810258
2025-09-04 10:01:49.353778,705,1,POINT (-4.328525871968357 48.35192573724592),6.5532711148194125e-06,-4.328525871968357,48.35192573724592
2025-09-04 10:01:50.353778,706,1,POINT (-4.328530504248073 48.35192138843001),6.353755993113042e-06,-4.328530504248073,48.35192138843001
2025-09-04 10:01:51.353778,707,1,POINT (-4.328535305817192 48.351917420810764),6.228729280899295e-06,-4.328535305817192,48.351917420810764
2025-09-04 10:01:52.353778,708,1,POINT (-4.328540193155438 48.35191382979181),6.064774707151043e-06,-4.328540193155438,48.35191382979181
2025-09-04 10:01:53.353778,709,1,POINT (-4.328545243454533 48.3519106015525),5.993917752808078e-06,-4.328545243454533,48.3519106015525
2025-09-04 10:01:54.353778,710,1,POINT (-4.328550433605683 48.35190773105085),5.931057971206987e-06,-4.328550433605683,48.35190773105085
2025-09-04 10:01:55.353778,711,1,POINT (-4.328555755902428 48.351905215804486),5.8867059485018195e-06,-4.328555755902428,48.351905215804486
2025-09-04 10:01:56.353778,712,1,POINT (-4.328561198075311 48.35190304495135),5.859167946748297e-06,-4.328561198075311,48.35190304495135
2025-09-04 10:01:57.353778,713,1,POINT (-4.328566803743334 48.35190121159035),5.897857790880916e-06,-4.328566803743334,48.35190121159035
2025-09-04 10:01:58.353778,714,1,POINT (-4.328572544676772 48.3518997150138),5.932795135863006e-06,-4.328572544676772,48.3518997150138
2025-09-04 10:01:59.353778,715,1,POINT (-4.3285784240162295 48.35189855155909),5.9933512593968785e-06,-4.3285784240162295,48.35189855155909
2025-09-04 10:02:00.353778,716,1,POINT (-4.3285844571167535 48.35189771656204),6.09060932909569e-06,-4.3285844571167535,48.35189771656204
2025-09-04 10:02:01.353778,717,1,POINT (-4.328590680366678 48.35189719798755),6.244818582410201e-06,-4.328590680366678,48.35189719798755
2025-09-04 10:02:02.353778,718,1,POINT (-4.328597054883198 48.351896993216386),6.377804645178942e-06,-4.328597054883198,48.351896993216386
2025-09-04 10:02:03.353778,719,1,POINT (-4.328603538604965 48.35189710736306),6.4847264723316645e-06,-4.328603538604965,48.35189710736306
2025-09-04 10:02:04.353778,720,1,POINT (-4.328610161427295 48.351897535484696),6.636645519154517e-06,-4.328610161427295,48.351897535484696
2025-09-04 10:02:05.353778,721,1,POINT (-4.328616882502595 48.35189827704082),6.761860592147276e-06,-4.328616882502595,48.35189827704082
2025-09-04 10:02:06.353778,722,1,POINT (-4.328623784038409 48.35189930839404),6.978172114440116e-06,-4.328623784038409,48.35189930839404
2025-09-04 10:02:07.353778,723,1,POINT (-4.328630786863197 48.35190063891298),7.128101828071055e-06,-4.328630786863197,48.35190063891298
2025-09-04 10:02:08.353778,724,1,POINT (-4.328637846625985 48.35190228182573),7.248407612859745e-06,-4.328637846625985,48.35190228182573
2025-09-04 10:02:09.353778,725,1,POINT (-4.328644998847052 48.35190421630231),7.409214926358232e-06,-4.328644998847052,48.35190421630231
2025-09-04 10:02:10.353778,726,1,POINT (-4.328652316699761 48.351906423887364),7.643585548812077e-06,-4.328652316699761,48.351906423887364
2025-09-04 10:02:11.353778,727,1,POINT (-4.328659726907063 48.351908921446785),7.819781027781453e-06,-4.328659726907063,48.351908921446785
2025-09-04 10:02:12.353778,728,1,POINT (-4.328667199536021 48.351911704355736),7.974005629189628e-06,-4.328667199536021,48.351911704355736
2025-09-04 10:02:13.353778,729,1,POINT (-4.328674784341245 48.35191476036958),8.177315629746799e-06,-4.328674784341245,48.35191476036958
2025-09-04 10:02:14.353778,730,1,POINT (-4.3286823209607235 48.35191777121663),8.115776801895428e-06,-4.3286823209607235,48.35191777121663
2025-09-04 10:02:15.353778,731,1,POINT (-4.328689746056045 48.35192074115535),7.997035484225463e-06,-4.328689746056045,48.35192074115535
2025-09-04 10:02:16.353778,732,1,POINT (-4.32869712174362 48.35192366741052),7.934969219841316e-06,-4.32869712174362,48.35192366741052
2025-09-04 10:02:17.353778,733,1,POINT (-4.328704467856366 48.35192654291438),7.888846235885319e-06,-4.328704467856366,48.35192654291438
2025-09-04 10:02:18.353778,734,1,POINT (-4.328711805064754 48.351929360139735),7.859477440587217e-06,-4.328711805064754,48.351929360139735
2025-09-04 10:02:19.353778,735,1,POINT (-4.328719090119925 48.35193213898212),7.797050330810908e-06,-4.328719090119925,48.35193213898212
2025-09-04 10:02:20.353778,736,1,POINT (-4.328726326449615 48.35193487478806),7.736220104247901e-06,-4.328726326449615,48.35193487478806
2025-09-04 10:02:21.353778,737,1,POINT (-4.32873355958119 48.35193756913387),7.718658673419148e-06,-4.32873355958119,48.35193756913387
2025-09-04 10:02:22.353778,738,1,POINT (-4.328740803682817 48.35194021703209),7.712870630929096e-06,-4.328740803682817,48.35194021703209
2025-09-04 10:02:23.353778,739,1,POINT (-4.328748047036337 48.35194282018116),7.696918558356104e-06,-4.328748047036337,48.35194282018116
2025-09-04 10:02:24.353778,740,1,POINT (-4.3287552743603275 48.35194538174156),7.667842183596026e-06,-4.3287552743603275,48.35194538174156
2025-09-04 10:02:25.353778,741,1,POINT (-4.3287624761615575 48.3519479063372),7.63148243272066e-06,-4.3287624761615575,48.3519479063372
2025-09-04 10:02:26.353778,742,1,POINT (-4.3287696482436795 48.3519503947456),7.591504351696918e-06,-4.3287696482436795,48.3519503947456
2025-09-04 10:02:27.353778,743,1,POINT (-4.3287767943108975 48.35195284700849),7.555122101459716e-06,-4.3287767943108975,48.35195284700849
2025-09-04 10:02:28.353778,744,1,POINT (-4.328783959912647 48.351955257838576),7.560287701385162e-06,-4.328783959912647,48.351955257838576
2025-09-04 10:02:29.353778,745,1,POINT (-4.3287911153027645 48.35195763687077),7.540517351445985e-06,-4.3287911153027645,48.35195763687077
2025-09-04 10:02:30.353778,746,1,POINT (-4.328798268183703 48.35195997896579),7.526560620825953e-06,-4.328798268183703,48.35195997896579
2025-09-04 10:02:31.353778,747,1,POINT (-4.328805379069751 48.35196229118567),7.477369937316029e-06,-4.328805379069751,48.35196229118567
2025-09-04 10:02:32.353778,748,1,POINT (-4.328812484057076 48.3519645703944),7.46161090707225e-06,-4.328812484057076,48.3519645703944
2025-09-04 10:02:33.353778,749,1,POINT (-4.328819589439843 48.35196681963658),7.452889013028876e-06,-4.328819589439843,48.35196681963658
2025-09-04 10:02:34.353778,750,1,POINT (-4.328826718944196 48.35196903201456),7.46488101989412e-06,-4.328826718944196,48.35196903201456
2025-09-04 10:02:35.353778,751,1,POINT (-4.328833848211834 48.35197121243443),7.455245660316194e-06,-4.328833848211834,48.35197121243443
2025-09-04 10:02:36.353778,752,1,POINT (-4.328840983620098 48.35197335798999),7.45100394372957e-06,-4.328840983620098,48.35197335798999
2025-09-04 10:02:37.353778,753,1,POINT (-4.328848118478742 48.35197547249969),7.441596544942046e-06,-4.328848118478742,48.35197547249969
2025-09-04 10:02:38.353778,754,1,POINT (-4.328855257346617 48.351977555869546),7.436656808855511e-06,-4.328855257346617,48.351977555869546
2025-09-04 10:02:39.353778,755,1,POINT (-4.328862424187545 48.351979604400164),7.4538638690154465e-06,-4.328862424187545,48.351979604400164
2025-09-04 10:02:40.353778,756,1,POINT (-4.328869581698423 48.35198162338676),7.436818463535367e-06,-4.328869581698423,48.35198162338676
2025-09-04 10:02:41.353778,757,1,POINT (-4.328876695758036 48.35198360881948),7.3859181731097946e-06,-4.328876695758036,48.35198360881948
2025-09-04 10:02:42.353778,758,1,POINT (-4.3288838102722025 48.35198556409218),7.378306252604577e-06,-4.3288838102722025,48.35198556409218
2025-09-04 10:02:43.353778,759,1,POINT (-4.328890918560015 48.35198748716318),7.3638276517561905e-06,-4.328890918560015,48.35198748716318
2025-09-04 10:02:44.353778,760,1,POINT (-4.328898003236206 48.35198938355109),7.334093253218981e-06,-4.328898003236206,48.35198938355109
2025-09-04 10:02:45.353778,761,1,POINT (-4.328905053022413 48.351991253069215),7.293461700617206e-06,-4.328905053022413,48.351991253069215
2025-09-04 10:02:46.353778,762,1,POINT (-4.328912086922883 48.35199309594387),7.271309566314481e-06,-4.328912086922883,48.35199309594387
2025-09-04 10:02:47.353778,763,1,POINT (-4.32891905862753 48.35199491704521),7.205628063543768e-06,-4.32891905862753,48.35199491704521
2025-09-04 10:02:48.353778,764,1,POINT (-4.328926079301141 48.351996705227236),7.2448224892878856e-06,-4.328926079301141,48.351996705227236
2025-09-04 10:02:49.353778,765,1,POINT (-4.328933108223073 48.351998468918445),7.2468165572260465e-06,-4.328933108223073,48.351998468918445
2025-09-04 10:02:50.353778,766,1,POINT (-4.328940165880311 48.35200021300162),7.269962296140046e-06,-4.328940165880311,48.35200021300162
2025-09-04 10:02:51.353778,767,1,POINT (-4.3289472118203385 48.352001934637975),7.253227049275702e-06,-4.3289472118203385,48.352001934637975
2025-09-04 10:02:52.353778,768,1,POINT (-4.328954263971776 48.3520036388829),7.255156143107582e-06,-4.328954263971776,48.3520036388829
2025-09-04 10:02:53.353778,769,1,POINT (-4.328961233418634 48.35200532505341),7.170520239481005e-06,-4.328961233418634,48.35200532505341
2025-09-04 10:02:54.353778,770,1,POINT (-4.328968219291087 48.35200698675433),7.1807843498740565e-06,-4.328968219291087,48.35200698675433
2025-09-04 10:02:55.353778,771,1,POINT (-4.328975227022503 48.352008627691085),7.197289282542988e-06,-4.328975227022503,48.352008627691085
2025-09-04 10:02:56.353778,772,1,POINT (-4.3289822867988885 48.35201024580763),7.242840862535003e-06,-4.3289822867988885,48.35201024580763
2025-09-04 10:02:57.353778,773,1,POINT (-4.3289892601987265 48.35201184315465),7.154007465164998e-06,-4.3289892601987265,48.35201184315465
2025-09-04 10:02:58.353778,774,1,POINT (-4.328996222117795 48.352013411455154),7.136377483924773e-06,-4.328996222117795,48.352013411455154
2025-09-04 10:02:59.353778,775,1,POINT (-4.32900318241562 48.352014952053025),7.128757788346328e-06,-4.32900318241562,48.352014952053025
2025-09-04 10:03:00.353778,776,1,POINT (-4.329010128091721 48.352016474269895),7.110524642953318e-06,-4.329010128091721,48.352016474269895
2025-09-04 10:03:01.353778,777,1,POINT (-4.329017053569759 48.352017972285225),7.085640125251268e-06,-4.329017053569759,48.352017972285225
2025-09-04 10:03:02.353778,778,1,POINT (-4.329023979450586 48.352019449931895),7.081755778891427e-06,-4.329023979450586,48.352019449931895
2025-09-04 10:03:03.353778,779,1,POINT (-4.32903090288375 48.35202090334593),7.074343725374013e-06,-4.32903090288375,48.35202090334593
2025-09-04 10:03:04.353778,780,1,POINT (-4.329037803600238 48.352022340032676),7.04868476031281e-06,-4.329037803600238,48.352022340032676
2025-09-04 10:03:05.353778,781,1,POINT (-4.3290447234875575 48.35202376626479),7.0653364082847274e-06,-4.3290447234875575,48.35202376626479
2025-09-04 10:03:06.353778,782,1,POINT (-4.329051585693396 48.35202517405236),7.005122039887e-06,-4.329051585693396,48.35202517405236
2025-09-04 10:03:07.353778,783,1,POINT (-4.329058457309601 48.35202656372494),7.010727434194797e-06,-4.329058457309601,48.35202656372494
2025-09-04 10:03:08.353778,784,1,POINT (-4.329065393914344 48.35202793086804),7.0700470730307744e-06,-4.329065393914344,48.35202793086804
2025-09-04 10:03:09.353778,785,1,POINT (-4.329072366141068 48.35202928600604),7.1026998021817365e-06,-4.329072366141068,48.35202928600604
2025-09-04 10:03:10.353778,786,1,POINT (-4.329079378512118 48.352030628556655),7.139733181718475e-06,-4.329079378512118,48.352030628556655
2025-09-04 10:03:11.353778,787,1,POINT (-4.329086414894869 48.35203195376573),7.160088080273917e-06,-4.329086414894869,48.35203195376573
2025-09-04 10:03:12.353778,788,1,POINT (-4.329093466587668 48.352033266897514),7.172913384196943e-06,-4.329093466587668,48.352033266897514
2025-09-04 10:03:13.353778,789,1,POINT (-4.329100495354897 48.35203457159102),7.148831645639493e-06,-4.329100495354897,48.35203457159102
2025-09-04 10:03:14.353778,790,1,POINT (-4.3291075140193 48.352035858486474),7.1356674464116775e-06,-4.3291075140193,48.352035858486474
2025-09-04 10:03:15.353778,791,1,POINT (-4.329114558710695 48.35203712821043),7.15820339140301e-06,-4.329114558710695,48.35203712821043
2025-09-04 10:03:16.353778,792,1,POINT (-4.329121575705635 48.35203837396232),7.126718442184817e-06,-4.329121575705635,48.35203837396232
2025-09-04 10:03:17.353778,793,1,POINT (-4.3291286465819825 48.352039605520815),7.177327402509438e-06,-4.3291286465819825,48.352039605520815
2025-09-04 10:03:18.353778,794,1,POINT (-4.329135701092242 48.352040820411844),7.158357019109484e-06,-4.329135701092242,48.352040820411844
2025-09-04 10:03:19.353778,795,1,POINT (-4.329142733217843 48.35204202524473),7.134592682558752e-06,-4.329142733217843,48.35204202524473
2025-09-04 10:03:20.353778,796,1,POINT (-4.329149764041405 48.352043223242035),7.132157984318019e-06,-4.329149764041405,48.352043223242035
2025-09-04 10:03:21.353778,797,1,POINT (-4.329156806911328 48.35204440704346),7.141666651351309e-06,-4.329156806911328,48.35204440704346
2025-09-04 10:03:22.353778,798,1,POINT (-4.329163884860671 48.35204557621944),7.173865023641915e-06,-4.329163884860671,48.35204557621944
2025-09-04 10:03:23.353778,799,1,POINT (-4.329170973789198 48.35204673623059),7.183211923065988e-06,-4.329170973789198,48.35204673623059
2025-09-04 10:03:24.353778,800,1,POINT (-4.329178062944295 48.35204788255451),7.181237951040433e-06,-4.329178062944295,48.35204788255451
2025-09-04 09:50:04.353778,0,2,POINT (-4.475309812162162 48.39380504416),8.34241285350164e-08,-4.475309812162162,48.39380504416
2025-09-04 09:50:05.353778,1,2,POINT (-4.475309873186062 48.39380498727706),8.34241285350164e-08,-4.475309873186062,48.39380498727706
2025-09-04 09:50:06.353778,2,2,POINT (-4.475309986408289 48.393804878908725),1.5672577360180314e-07,-4.475309986408289,48.393804878908725
2025-09-04 09:50:07.353778,3,2,POINT (-4.4753101697571225 48.39380470629884),2.518153451919364e-07,-4.4753101697571225,48.39380470629884
2025-09-04 09:50:08.353778,4,2,POINT (-4.4753104202331 48.393804482707246),3.357549928094689e-07,-4.4753104202331,48.393804482707246
2025-09-04 09:50:09.353778,5,2,POINT (-4.475310717400138 48.393804213576956),4.0092313608399725e-07,-4.475310717400138,48.393804213576956
2025-09-04 09:50:10.353778,6,2,POINT (-4.47531104393202 48.39380392106113),4.383931798406997e-07,-4.47531104393202,48.39380392106113
2025-09-04 09:50:11.353778,7,2,POINT (-4.475311416505198 48.393803585144525),5.01648020882352e-07,-4.475311416505198,48.393803585144525
2025-09-04 09:50:12.353778,8,2,POINT (-4.475311809541892 48.39380323552277),5.260353751527149e-07,-4.475311809541892,48.39380323552277
2025-09-04 09:50:13.353778,9,2,POINT (-4.475312231795734 48.39380285399253),5.690901754065335e-07,-4.475312231795734,48.39380285399253
2025-09-04 09:50:14.353778,10,2,POINT (-4.475312700044494 48.39380243848845),6.260196033348831e-07,-4.475312700044494,48.39380243848845
2025-09-04 09:50:15.353778,11,2,POINT (-4.47531318251328 48.39380201111806),6.445320611065784e-07,-4.47531318251328,48.39380201111806
2025-09-04 09:50:16.353778,12,2,POINT (-4.475313714558746 48.393801551516276),7.030691146139702e-07,-4.475313714558746,48.393801551516276
2025-09-04 09:50:17.353778,13,2,POINT (-4.475314278759621 48.39380107534692),7.382817084412184e-07,-4.475314278759621,48.39380107534692
2025-09-04 09:50:18.353778,14,2,POINT (-4.475314878162229 48.393800579498524),7.779133112478301e-07,-4.475314878162229,48.393800579498524
2025-09-04 09:50:19.353778,15,2,POINT (-4.475315487525273 48.39380007342659),7.921061304214225e-07,-4.475315487525273,48.39380007342659
2025-09-04 09:50:20.353778,16,2,POINT (-4.475316110499973 48.39379954676827),8.157612775000529e-07,-4.475316110499973,48.39379954676827
2025-09-04 09:50:21.353778,17,2,POINT (-4.475316730630405 48.39379902591862),8.098432652896809e-07,-4.475316730630405,48.39379902591862
2025-09-04 09:50:22.353778,18,2,POINT (-4.47531736949475 48.39379848893523),8.345650407851421e-07,-4.47531736949475,48.39379848893523
2025-09-04 09:50:23.353778,19,2,POINT (-4.475318032076438 48.393797931094966),8.661410141302421e-07,-4.475318032076438,48.393797931094966
2025-09-04 09:50:24.353778,20,2,POINT (-4.475318731626393 48.393797342631366),9.141441611800264e-07,-4.475318731626393,48.393797342631366
2025-09-04 09:50:25.353778,21,2,POINT (-4.475319476532961 48.39379670692748),9.792881210728737e-07,-4.475319476532961,48.39379670692748
2025-09-04 09:50:26.353778,22,2,POINT (-4.475320212700605 48.39379607814685),9.681466228464333e-07,-4.475320212700605,48.39379607814685
2025-09-04 09:50:27.353778,23,2,POINT (-4.475320988657944 48.39379539635127),1.032935138536568e-06,-4.475320988657944,48.39379539635127
2025-09-04 09:50:28.353778,24,2,POINT (-4.475321799919599 48.39379467559994),1.085185677091691e-06,-4.475321799919599,48.39379467559994
2025-09-04 09:50:29.353778,25,2,POINT (-4.475322614534345 48.393793953973244),1.088274908342657e-06,-4.475322614534345,48.393793953973244
2025-09-04 09:50:30.353778,26,2,POINT (-4.475323457934361 48.39379320181078),1.1300760852146455e-06,-4.475323457934361,48.39379320181078
2025-09-04 09:50:31.353778,27,2,POINT (-4.475323899837999 48.39379222983128),1.0677185864485148e-06,-4.475323899837999,48.39379222983128
2025-09-04 09:50:32.353778,28,2,POINT (-4.4753239284759845 48.39379107672093),1.1534659102095005e-06,-4.4753239284759845,48.39379107672093
2025-09-04 09:50:33.353778,29,2,POINT (-4.475323549237256 48.39378972621483),1.402743293847641e-06,-4.475323549237256,48.39378972621483
2025-09-04 09:50:34.353778,30,2,POINT (-4.475322823294008 48.39378815257445),1.733014030479132e-06,-4.475322823294008,48.39378815257445
2025-09-04 09:50:35.353778,31,2,POINT (-4.475321738919352 48.39378637244299),2.084403132936282e-06,-4.475321738919352,48.39378637244299
2025-09-04 09:50:36.353778,32,2,POINT (-4.4753202661991525 48.39378442145281),2.4444360238304944e-06,-4.4753202661991525,48.39378442145281
2025-09-04 09:50:37.353778,33,2,POINT (-4.4753183925285756 48.393782300182465),2.8302701802050638e-06,-4.4753183925285756,48.393782300182465
2025-09-04 09:50:38.353778,34,2,POINT (-4.475316142794995 48.393779997349085),3.219369932204437e-06,-4.475316142794995,48.393779997349085
2025-09-04 09:50:39.353778,35,2,POINT (-4.475313519560502 48.3937775404883),3.5940957300251704e-06,-4.475313519560502,48.3937775404883
2025-09-04 09:50:40.353778,36,2,POINT (-4.475310525784094 48.393774939274564),3.96598160441437e-06,-4.475310525784094,48.393774939274564
2025-09-04 09:50:41.353778,37,2,POINT (-4.475307197856887 48.39377216563461),4.332225536398953e-06,-4.475307197856887,48.39377216563461
2025-09-04 09:50:42.353778,38,2,POINT (-4.475303538742734 48.3937692238565),4.695015954426993e-06,-4.475303538742734,48.3937692238565
2025-09-04 09:50:43.353778,39,2,POINT (-4.4752995115134535 48.393766142304145),5.070950661386267e-06,-4.4752995115134535,48.393766142304145
2025-09-04 09:50:44.353778,40,2,POINT (-4.475295117003505 48.39376293882127),5.43820009093742e-06,-4.475295117003505,48.39376293882127
2025-09-04 09:50:45.353778,41,2,POINT (-4.475290346341397 48.39375962493721),5.808704201254488e-06,-4.475290346341397,48.39375962493721
2025-09-04 09:50:46.353778,42,2,POINT (-4.475285227064007 48.39375618462889),6.167878267423733e-06,-4.475285227064007,48.39375618462889
2025-09-04 09:50:47.353778,43,2,POINT (-4.475280658587598 48.393752972246595),5.584834528779716e-06,-4.475280658587598,48.393752972246595
2025-09-04 09:50:48.353778,44,2,POINT (-4.475276626223094 48.39374998185456),5.020199997180156e-06,-4.475276626223094,48.39374998185456
2025-09-04 09:50:49.353778,45,2,POINT (-4.475273129117084 48.39374721188147),4.461221960965906e-06,-4.475273129117084,48.39374721188147
2025-09-04 09:50:50.353778,46,2,POINT (-4.475270203932636 48.39374459681415),3.923682087260057e-06,-4.475270203932636,48.39374459681415
2025-09-04 09:50:51.353778,47,2,POINT (-4.4752678222093865 48.39374215111554),3.4138024754806565e-06,-4.4752678222093865,48.39374215111554
2025-09-04 09:50:52.353778,48,2,POINT (-4.4752659509672466 48.39373989411962),2.9318215717820745e-06,-4.4752659509672466,48.39373989411962
2025-09-04 09:50:53.353778,49,2,POINT (-4.4752645856465225 48.393737822444265),2.4811165735540973e-06,-4.4752645856465225,48.393737822444265
2025-09-04 09:50:54.353778,50,2,POINT (-4.475263753722488 48.39373589777457),2.0967715755213156e-06,-4.475263753722488,48.39373589777457
2025-09-04 09:50:55.353778,51,2,POINT (-4.4752634252057355 48.39373412668695),1.8012980338964147e-06,-4.4752634252057355,48.39373412668695
2025-09-04 09:50:56.353778,52,2,POINT (-4.475263600005542 48.39373248701427),1.6489637584673579e-06,-4.475263600005542,48.39373248701427
2025-09-04 09:50:57.353778,53,2,POINT (-4.475264273382829 48.39373097984095),1.65075993871019e-06,-4.475264273382829,48.39373097984095
2025-09-04 09:50:58.353778,54,2,POINT (-4.4752654433797625 48.39372959765298),1.810893818261224e-06,-4.4752654433797625,48.39372959765298
2025-09-04 09:50:59.353778,55,2,POINT (-4.475267052840149 48.39372840065919),2.0057808600317467e-06,-4.475267052840149,48.39372840065919
2025-09-04 09:51:00.353778,56,2,POINT (-4.475269132031133 48.39372732916028),2.3390478983922257e-06,-4.475269132031133,48.39372732916028
2025-09-04 09:51:01.353778,57,2,POINT (-4.475271665910874 48.39372639223796),2.7015495511246855e-06,-4.475271665910874,48.39372639223796
2025-09-04 09:51:02.353778,58,2,POINT (-4.475274654146761 48.39372558734722),3.094737924134445e-06,-4.475274654146761,48.39372558734722
2025-09-04 09:51:03.353778,59,2,POINT (-4.47527808409385 48.39372491391188),3.495433047212594e-06,-4.47527808409385,48.39372491391188
2025-09-04 09:51:04.353778,60,2,POINT (-4.475281935475017 48.39372439662565),3.885964737100747e-06,-4.475281935475017,48.39372439662565
2025-09-04 09:51:05.353778,61,2,POINT (-4.4752861824648225 48.393724042349604),4.26174071506933e-06,-4.4752861824648225,48.393724042349604
2025-09-04 09:51:06.353778,62,2,POINT (-4.475290858342587 48.393723805423775),4.681876410282288e-06,-4.475290858342587,48.393723805423775
2025-09-04 09:51:07.353778,63,2,POINT (-4.475295961624418 48.39372366424742),5.105234197326699e-06,-4.475295961624418,48.39372366424742
2025-09-04 09:51:08.353778,64,2,POINT (-4.475301458767296 48.39372364863506),5.497165047959314e-06,-4.475301458767296,48.39372364863506
2025-09-04 09:51:09.353778,65,2,POINT (-4.475307307129685 48.39372379662911),5.850234599790531e-06,-4.475307307129685,48.39372379662911
2025-09-04 09:51:10.353778,66,2,POINT (-4.475313534226004 48.39372408887876),6.233950466606657e-06,-4.475313534226004,48.39372408887876
2025-09-04 09:51:11.353778,67,2,POINT (-4.475320120454677 48.393724533136165),6.60119479942581e-06,-4.475320120454677,48.393724533136165
2025-09-04 09:51:12.353778,68,2,POINT (-4.475327063092898 48.3937251198147),6.967382375309429e-06,-4.475327063092898,48.3937251198147
2025-09-04 09:51:13.353778,69,2,POINT (-4.475334352030638 48.393725847155075),7.325137363728043e-06,-4.475334352030638,48.393725847155075
2025-09-04 09:51:14.353778,70,2,POINT (-4.475341991631115 48.393726701878656),7.687265304145336e-06,-4.475341991631115,48.393726701878656
2025-09-04 09:51:15.353778,71,2,POINT (-4.47534996575357 48.39372768473287),8.034465217858719e-06,-4.47534996575357,48.39372768473287
2025-09-04 09:51:16.353778,72,2,POINT (-4.475358259067523 48.39372881667185),8.370205623264942e-06,-4.475358259067523,48.39372881667185
2025-09-04 09:51:17.353778,73,2,POINT (-4.475366840063139 48.393730115792394),8.678778712852561e-06,-4.475366840063139,48.393730115792394
2025-09-04 09:51:18.353778,74,2,POINT (-4.4753757141617925 48.39373157292144),8.992933445835943e-06,-4.4753757141617925,48.39373157292144
2025-09-04 09:51:19.353778,75,2,POINT (-4.47538486470832 48.39373319349089),9.292940712930503e-06,-4.47538486470832,48.39373319349089
2025-09-04 09:51:20.353778,76,2,POINT (-4.4753942561880855 48.393735001213095),9.563877443824167e-06,-4.4753942561880855,48.393735001213095
2025-09-04 09:51:21.353778,77,2,POINT (-4.475403915480054 48.39373697090063),9.858072343166406e-06,-4.475403915480054,48.39373697090063
2025-09-04 09:51:22.353778,78,2,POINT (-4.475413389225733 48.3937389335574),9.674909756061564e-06,-4.475413389225733,48.3937389335574
2025-09-04 09:51:23.353778,79,2,POINT (-4.475422704794015 48.39374085927464),9.512528543417939e-06,-4.475422704794015,48.39374085927464
2025-09-04 09:51:24.353778,80,2,POINT (-4.475431865080778 48.393742762840276),9.355982883792462e-06,-4.475431865080778,48.393742762840276
2025-09-04 09:51:25.353778,81,2,POINT (-4.475440888929256 48.393744618823774),9.212736624072892e-06,-4.475440888929256,48.393744618823774
2025-09-04 09:51:26.353778,82,2,POINT (-4.4754497725071065 48.39374642311818),9.064956355424412e-06,-4.4754497725071065,48.39374642311818
2025-09-04 09:51:27.353778,83,2,POINT (-4.475458551368482 48.39374815852112),8.948744627885656e-06,-4.475458551368482,48.39374815852112
2025-09-04 09:51:28.353778,84,2,POINT (-4.475466784308442 48.393749651748294),8.367259275162673e-06,-4.475466784308442,48.393749651748294
2025-09-04 09:51:29.353778,85,2,POINT (-4.475474496112364 48.39375090123857),7.812371322022025e-06,-4.475474496112364,48.39375090123857
2025-09-04 09:51:30.353778,86,2,POINT (-4.475481697855092 48.39375190736736),7.271684362643048e-06,-4.475481697855092,48.39375190736736
2025-09-04 09:51:31.353778,87,2,POINT (-4.475488409544002 48.39375266407533),6.7542116467402074e-06,-4.475488409544002,48.39375266407533
2025-09-04 09:51:32.353778,88,2,POINT (-4.47549463493918 48.39375317076307),6.2459809148875914e-06,-4.47549463493918,48.39375317076307
2025-09-04 09:51:33.353778,89,2,POINT (-4.475500388835404 48.39375342912609),5.759693847131706e-06,-4.475500388835404,48.39375342912609
2025-09-04 09:51:34.353778,90,2,POINT (-4.475505708033568 48.39375343068193),5.319198391249134e-06,-4.475505708033568,48.39375343068193
2025-09-04 09:51:35.353778,91,2,POINT (-4.475510583224816 48.39375318636959),4.8813090690382934e-06,-4.475510583224816,48.39375318636959
2025-09-04 09:51:36.353778,92,2,POINT (-4.475515039858575 48.39375268330455),4.4849368885329786e-06,-4.475515039858575,48.39375268330455
2025-09-04 09:51:37.353778,93,2,POINT (-4.4755190903217255 48.39375192986253),4.119942548974082e-06,-4.4755190903217255,48.39375192986253
2025-09-04 09:51:38.353778,94,2,POINT (-4.475522719968529 48.39375093408794),3.7637618091497738e-06,-4.475522719968529,48.39375093408794
2025-09-04 09:51:39.353778,95,2,POINT (-4.4755259280213275 48.393749708467396),3.4342027423091764e-06,-4.4755259280213275,48.393749708467396
2025-09-04 09:51:40.353778,96,2,POINT (-4.475528755644345 48.39374823091989),3.1903916003076496e-06,-4.475528755644345,48.39374823091989
2025-09-04 09:51:41.353778,97,2,POINT (-4.475531181364138 48.39374653189129),2.961556128551277e-06,-4.475531181364138,48.39374653189129
2025-09-04 09:51:42.353778,98,2,POINT (-4.475533222854115 48.39374461065282),2.8033620156072134e-06,-4.475533222854115,48.39374461065282
2025-09-04 09:51:43.353778,99,2,POINT (-4.475534874153355 48.393742471485986),2.7023737547618105e-06,-4.475534874153355,48.393742471485986
2025-09-04 09:51:44.353778,100,2,POINT (-4.475536557846546 48.393740323600824),2.7291451833146045e-06,-4.475536557846546,48.393740323600824
2025-09-04 09:51:45.353778,101,2,POINT (-4.475538282527854 48.393738161365484),2.765824882407931e-06,-4.475538282527854,48.393738161365484
2025-09-04 09:51:46.353778,102,2,POINT (-4.475540048774931 48.39373599153146),2.7978220887182155e-06,-4.475540048774931,48.39373599153146
2025-09-04 09:51:47.353778,103,2,POINT (-4.475541821492009 48.39373383552553),2.7912161139143856e-06,-4.475541821492009,48.39373383552553
2025-09-04 09:51:48.353778,104,2,POINT (-4.4755436215312265 48.393731669842275),2.8160832992319063e-06,-4.4755436215312265,48.393731669842275
2025-09-04 09:51:49.353778,105,2,POINT (-4.475545427624792 48.39372951888669),2.8086622986471685e-06,-4.475545427624792,48.39372951888669
2025-09-04 09:51:50.353778,106,2,POINT (-4.475547838668413 48.39372769598254),3.0226000175590956e-06,-4.475547838668413,48.39372769598254
2025-09-04 09:51:51.353778,107,2,POINT (-4.475550815461686 48.39372623221271),3.317215748040835e-06,-4.475550815461686,48.39372623221271
2025-09-04 09:51:52.353778,108,2,POINT (-4.47555439240361 48.393725105655804),3.7501525279648687e-06,-4.47555439240361,48.393725105655804
2025-09-04 09:51:53.353778,109,2,POINT (-4.475558579831492 48.393724311775536),4.262018083641129e-06,-4.475558579831492,48.393724311775536
2025-09-04 09:51:54.353778,110,2,POINT (-4.475563394440279 48.393723841621444),4.837509963168423e-06,-4.475563394440279,48.393723841621444
2025-09-04 09:51:55.353778,111,2,POINT (-4.475568827945912 48.39372370424183),5.435242094175613e-06,-4.475568827945912,48.39372370424183
2025-09-04 09:51:56.353778,112,2,POINT (-4.475574845114286 48.393723927635946),6.021313824699212e-06,-4.475574845114286,48.393723927635946
2025-09-04 09:51:57.353778,113,2,POINT (-4.475581432027434 48.393724524352564),6.613886568742193e-06,-4.475581432027434,48.393724524352564
2025-09-04 09:51:58.353778,114,2,POINT (-4.475588573748389 48.393725507343895),7.209053346784774e-06,-4.475588573748389,48.393725507343895
2025-09-04 09:51:59.353778,115,2,POINT (-4.475596281918346 48.39372687109003),7.827878870018596e-06,-4.475596281918346,48.39372687109003
2025-09-04 09:52:00.353778,116,2,POINT (-4.475604537694829 48.3937286308761),8.441249453383552e-06,-4.475604537694829,48.3937286308761
2025-09-04 09:52:01.353778,117,2,POINT (-4.47561334954988 48.39373078343515),9.070959151408547e-06,-4.47561334954988,48.39373078343515
2025-09-04 09:52:02.353778,118,2,POINT (-4.47562272269327 48.393733328000266),9.71239561753453e-06,-4.47562272269327,48.393733328000266
2025-09-04 09:52:03.353778,119,2,POINT (-4.475632630634554 48.39373628436205),1.033960228852228e-05,-4.475632630634554,48.39373628436205
2025-09-04 09:52:04.353778,120,2,POINT (-4.475643045931357 48.39373966813937),1.0951180595413567e-05,-4.475643045931357,48.39373966813937
2025-09-04 09:52:05.353778,121,2,POINT (-4.475653894635345 48.39374349966653),1.1505432568351448e-05,-4.475653894635345,48.39374349966653
2025-09-04 09:52:06.353778,122,2,POINT (-4.475664513893806 48.39374730085417),1.127908142441197e-05,-4.475664513893806,48.39374730085417
2025-09-04 09:52:07.353778,123,2,POINT (-4.4756749163615694 48.39375106901537),1.1063922197943366e-05,-4.4756749163615694,48.39375106901537
2025-09-04 09:52:08.353778,124,2,POINT (-4.475685120272866 48.39375478686093),1.0860118845620353e-05,-4.475685120272866,48.39375478686093
2025-09-04 09:52:09.353778,125,2,POINT (-4.475694791169603 48.3937582109616),1.0259176822872934e-05,-4.475694791169603,48.3937582109616
2025-09-04 09:52:10.353778,126,2,POINT (-4.475703906404716 48.39376134678661),9.639549246365022e-06,-4.475703906404716,48.39376134678661
2025-09-04 09:52:11.353778,127,2,POINT (-4.475712493190007 48.39376419808568),9.047805700291857e-06,-4.475712493190007,48.39376419808568
2025-09-04 09:52:12.353778,128,2,POINT (-4.475720579166748 48.393766760658146),8.482322649049782e-06,-4.475720579166748,48.393766760658146
2025-09-04 09:52:13.353778,129,2,POINT (-4.475728225169548 48.39376901734893),7.972077026161473e-06,-4.475728225169548,48.39376901734893
2025-09-04 09:52:14.353778,130,2,POINT (-4.47573547550161 48.393770952083656),7.504033146760642e-06,-4.47573547550161,48.393770952083656
2025-09-04 09:52:15.353778,131,2,POINT (-4.475742344447266 48.39377256417428),7.055582937856499e-06,-4.475742344447266,48.39377256417428
2025-09-04 09:52:16.353778,132,2,POINT (-4.475748819858673 48.39377387238888),6.6062378348026656e-06,-4.475748819858673,48.39377387238888
2025-09-04 09:52:17.353778,133,2,POINT (-4.475754865775264 48.39377489502058),6.131792806680375e-06,-4.475754865775264,48.39377489502058
2025-09-04 09:52:18.353778,134,2,POINT (-4.475760556399349 48.39377561321546),5.73576554307479e-06,-4.475760556399349,48.39377561321546
2025-09-04 09:52:19.353778,135,2,POINT (-4.4757658897630135 48.39377603680336),5.350158379505791e-06,-4.4757658897630135,48.39377603680336
2025-09-04 09:52:20.353778,136,2,POINT (-4.4757708815714405 48.39377616087203),4.993350018506271e-06,-4.4757708815714405,48.39377616087203
2025-09-04 09:52:21.353778,137,2,POINT (-4.475775589920002 48.39377597747694),4.71191892296531e-06,-4.475775589920002,48.39377597747694
2025-09-04 09:52:22.353778,138,2,POINT (-4.475779931534959 48.393775508891835),4.3668286469933784e-06,-4.475779931534959,48.393775508891835
2025-09-04 09:52:23.353778,139,2,POINT (-4.475783919188168 48.393774767452975),4.05599675819078e-06,-4.475783919188168,48.393774767452975
2025-09-04 09:52:24.353778,140,2,POINT (-4.475787537473067 48.3937737622349),3.7553227542637902e-06,-4.475787537473067,48.3937737622349
2025-09-04 09:52:25.353778,141,2,POINT (-4.475790875349953 48.39377245925281),3.583180771070236e-06,-4.475790875349953,48.39377245925281
2025-09-04 09:52:26.353778,142,2,POINT (-4.475793889844083 48.39377088699793),3.3998765080097406e-06,-4.475793889844083,48.39377088699793
2025-09-04 09:52:27.353778,143,2,POINT (-4.475796628367946 48.393769036904736),3.3048990551042087e-06,-4.475796628367946,48.393769036904736
2025-09-04 09:52:28.353778,144,2,POINT (-4.475799108660583 48.39376691276332),3.2655517645016985e-06,-4.475799108660583,48.39376691276332
2025-09-04 09:52:29.353778,145,2,POINT (-4.475801267598747 48.39376453846998),3.2090937741977673e-06,-4.475801267598747,48.39376453846998
2025-09-04 09:52:30.353778,146,2,POINT (-4.475803128556683 48.39376191806727),3.2139811455332307e-06,-4.475803128556683,48.39376191806727
2025-09-04 09:52:31.353778,147,2,POINT (-4.475804735868914 48.393759030592264),3.304688263552354e-06,-4.475804735868914,48.393759030592264
2025-09-04 09:52:32.353778,148,2,POINT (-4.475806045684663 48.39375590818256),3.3860093972542687e-06,-4.475806045684663,48.39375590818256
2025-09-04 09:52:33.353778,149,2,POINT (-4.4758071434762705 48.39375251137469),3.5697969294559797e-06,-4.4758071434762705,48.39375251137469
2025-09-04 09:52:34.353778,150,2,POINT (-4.475807957048607 48.39374888178604),3.719652369229109e-06,-4.475807957048607,48.39374888178604
2025-09-04 09:52:35.353778,151,2,POINT (-4.475808488478703 48.39374501879252),3.8993764696975625e-06,-4.475808488478703,48.39374501879252
2025-09-04 09:52:36.353778,152,2,POINT (-4.475808764208782 48.393740918695435),4.109358003079798e-06,-4.475808764208782,48.393740918695435
2025-09-04 09:52:37.353778,153,2,POINT (-4.475808750700324 48.393736598318185),4.320398368916557e-06,-4.475808750700324,48.393736598318185
2025-09-04 09:52:38.353778,154,2,POINT (-4.4758084696120255 48.39373205732898),4.549680600677152e-06,-4.4758084696120255,48.39373205732898
2025-09-04 09:52:39.353778,155,2,POINT (-4.475807912909361 48.393727303870506),4.785946650920437e-06,-4.475807912909361,48.393727303870506
2025-09-04 09:52:40.353778,156,2,POINT (-4.475807048716206 48.3937223570603),5.02172888958044e-06,-4.475807048716206,48.3937223570603
2025-09-04 09:52:41.353778,157,2,POINT (-4.4758059562296175 48.39371718412132),5.287043086884514e-06,-4.4758059562296175,48.39371718412132
2025-09-04 09:52:42.353778,158,2,POINT (-4.475804589812808 48.39371181239213),5.5427943711289274e-06,-4.475804589812808,48.39371181239213
2025-09-04 09:52:43.353778,159,2,POINT (-4.475802892635593 48.39370627347811),5.7930975296901585e-06,-4.475802892635593,48.39370627347811
2025-09-04 09:52:44.353778,160,2,POINT (-4.475800950450587 48.39370053630387),6.0570001546375805e-06,-4.475800950450587,48.39370053630387
2025-09-04 09:52:45.353778,161,2,POINT (-4.475798715937805 48.393694624157995),6.320325640333231e-06,-4.475798715937805,48.393694624157995
2025-09-04 09:52:46.353778,162,2,POINT (-4.475796172811763 48.39368855674993),6.5788244164737e-06,-4.475796172811763,48.39368855674993
2025-09-04 09:52:47.353778,163,2,POINT (-4.475793693739606 48.39368257299118),6.47697209392859e-06,-4.475793693739606,48.39368257299118
2025-09-04 09:52:48.353778,164,2,POINT (-4.4757913021914675 48.39367666231492),6.376174119756271e-06,-4.4757913021914675,48.39367666231492
2025-09-04 09:52:49.353778,165,2,POINT (-4.475788883535439 48.393670878002546),6.269622523906898e-06,-4.475788883535439,48.393670878002546
2025-09-04 09:52:50.353778,166,2,POINT (-4.47578648897942 48.39366519741552),6.1646546906633574e-06,-4.47578648897942,48.39366519741552
2025-09-04 09:52:51.353778,167,2,POINT (-4.475784560673351 48.39365990585894),5.631956619743886e-06,-4.475784560673351,48.39365990585894
2025-09-04 09:52:52.353778,168,2,POINT (-4.475783131979243 48.393654986311645),5.12280318104031e-06,-4.475783131979243,48.393654986311645
2025-09-04 09:52:53.353778,169,2,POINT (-4.475782186044483 48.3936504526391),4.631304278095066e-06,-4.475782186044483,48.3936504526391
2025-09-04 09:52:54.353778,170,2,POINT (-4.47578179341512 48.39364626361093),4.207388121863037e-06,-4.47578179341512,48.39364626361093
2025-09-04 09:52:55.353778,171,2,POINT (-4.475781940176211 48.3936424309597),3.83546011278782e-06,-4.475781940176211,48.3936424309597
2025-09-04 09:52:56.353778,172,2,POINT (-4.475782678647202 48.393638923903886),3.5839614810771747e-06,-4.475782678647202,48.393638923903886
2025-09-04 09:52:57.353778,173,2,POINT (-4.475784004585889 48.393635747955514),3.4416219231515975e-06,-4.475784004585889,48.393635747955514
2025-09-04 09:52:58.353778,174,2,POINT (-4.475785902930085 48.393632915960545),3.4093850164802636e-06,-4.475785902930085,48.393632915960545
2025-09-04 09:52:59.353778,175,2,POINT (-4.47578840268877 48.39363041202526),3.538147169927747e-06,-4.47578840268877,48.39363041202526
2025-09-04 09:53:00.353778,176,2,POINT (-4.475791465472337 48.393628264638465),3.7405765899400633e-06,-4.475791465472337,48.393628264638465
2025-09-04 09:53:01.353778,177,2,POINT (-4.475795131971936 48.39362645030995),4.090844321604804e-06,-4.475795131971936,48.39362645030995
2025-09-04 09:53:02.353778,178,2,POINT (-4.475799377507083 48.39362498868908),4.490089558646373e-06,-4.475799377507083,48.39362498868908
2025-09-04 09:53:03.353778,179,2,POINT (-4.47580419777226 48.39362388601557),4.944779596691684e-06,-4.47580419777226,48.39362388601557
2025-09-04 09:53:04.353778,180,2,POINT (-4.475809636295285 48.393623117254535),5.4925882986131225e-06,-4.475809636295285,48.393623117254535
2025-09-04 09:53:05.353778,181,2,POINT (-4.475815663839919 48.39362270516452),6.041615057094856e-06,-4.475815663839919,48.39362270516452
2025-09-04 09:53:06.353778,182,2,POINT (-4.475822293441398 48.393622644969994),6.629874746597437e-06,-4.475822293441398,48.393622644969994
2025-09-04 09:53:07.353778,183,2,POINT (-4.475828856484038 48.393622562045785),6.563566493854331e-06,-4.475828856484038,48.393622562045785
2025-09-04 09:53:08.353778,184,2,POINT (-4.475835366993053 48.39362244701392),6.511525163824936e-06,-4.475835366993053,48.39362244701392
2025-09-04 09:53:09.353778,185,2,POINT (-4.475841831593311 48.39362230693987),6.466117632111566e-06,-4.475841831593311,48.39362230693987
2025-09-04 09:53:10.353778,186,2,POINT (-4.475848274780514 48.393622124807045),6.445760909484434e-06,-4.475848274780514,48.393622124807045
2025-09-04 09:53:11.353778,187,2,POINT (-4.4758546600327795 48.393621933204805),6.388126322608343e-06,-4.4758546600327795,48.393621933204805
2025-09-04 09:53:12.353778,188,2,POINT (-4.475860993243799 48.393621719031856),6.336831374695168e-06,-4.475860993243799,48.393621719031856
2025-09-04 09:53:13.353778,189,2,POINT (-4.475867270524808 48.39362148304944),6.281715097434163e-06,-4.475867270524808,48.39362148304944
2025-09-04 09:53:14.353778,190,2,POINT (-4.475873530536671 48.39362120475992),6.266194505219151e-06,-4.475873530536671,48.39362120475992
2025-09-04 09:53:15.353778,191,2,POINT (-4.475879809513713 48.3936208626581),6.2882896202897476e-06,-4.475879809513713,48.3936208626581
2025-09-04 09:53:16.353778,192,2,POINT (-4.475886035603374 48.3936204947113),6.236952566252899e-06,-4.475886035603374,48.3936204947113
2025-09-04 09:53:17.353778,193,2,POINT (-4.47589223608617 48.39362009081913),6.213623403264058e-06,-4.47589223608617,48.39362009081913
2025-09-04 09:53:18.353778,194,2,POINT (-4.47589840988325 48.3936196549218),6.189166087786536e-06,-4.47589840988325,48.3936196549218
2025-09-04 09:53:19.353778,195,2,POINT (-4.475904535647896 48.393619196711995),6.142877885812837e-06,-4.475904535647896,48.393619196711995
2025-09-04 09:53:20.353778,196,2,POINT (-4.475910282808297 48.3936184578),5.794466636985396e-06,-4.475910282808297,48.3936184578
2025-09-04 09:53:21.353778,197,2,POINT (-4.475915679424198 48.393617427584026),5.494070271563219e-06,-4.475915679424198,48.393617427584026
2025-09-04 09:53:22.353778,198,2,POINT (-4.475920717963685 48.39361613077582),5.202748474482942e-06,-4.475920717963685,48.39361613077582
2025-09-04 09:53:23.353778,199,2,POINT (-4.475925418904235 48.39361454699122),4.960566066027843e-06,-4.475925418904235,48.39361454699122
2025-09-04 09:53:24.353778,200,2,POINT (-4.475929746179504 48.39361271620559),4.698626107006605e-06,-4.475929746179504,48.39361271620559
2025-09-04 09:53:25.353778,201,2,POINT (-4.475933708678008 48.39361063741553),4.474680157867885e-06,-4.475933708678008,48.39361063741553
2025-09-04 09:53:26.353778,202,2,POINT (-4.47593732504525 48.393608302611064),4.3045817349411775e-06,-4.47593732504525,48.393608302611064
2025-09-04 09:53:27.353778,203,2,POINT (-4.475940619910071 48.39360571220501),4.191221506705179e-06,-4.475940619910071,48.39360571220501
2025-09-04 09:53:28.353778,204,2,POINT (-4.475943638910457 48.39360284542361),4.16326781846091e-06,-4.475943638910457,48.39360284542361
2025-09-04 09:53:29.353778,205,2,POINT (-4.475946379113111 48.39359971837947),4.157777727161316e-06,-4.475946379113111,48.39359971837947
2025-09-04 09:53:30.353778,206,2,POINT (-4.475948785963094 48.39359635842404),4.133065124581686e-06,-4.475948785963094,48.39359635842404
2025-09-04 09:53:31.353778,207,2,POINT (-4.475950898401958 48.39359274842363),4.182642816546926e-06,-4.475950898401958,48.39359274842363
2025-09-04 09:53:32.353778,208,2,POINT (-4.475952682660329 48.39358890813004),4.234552251142446e-06,-4.475952682660329,48.39358890813004
2025-09-04 09:53:33.353778,209,2,POINT (-4.475954161893482 48.39358483819077),4.330419888035156e-06,-4.475954161893482,48.39358483819077
2025-09-04 09:53:34.353778,210,2,POINT (-4.475955682135147 48.39358079284851),4.321565539068318e-06,-4.475955682135147,48.39358079284851
2025-09-04 09:53:35.353778,211,2,POINT (-4.475957205360618 48.39357678848933),4.2842862072834454e-06,-4.475957205360618,48.39357678848933
2025-09-04 09:53:36.353778,212,2,POINT (-4.475958746718599 48.39357281684814),4.260248599398967e-06,-4.475958746718599,48.39357281684814
2025-09-04 09:53:37.353778,213,2,POINT (-4.475960298283601 48.39356888360853),4.228206214824294e-06,-4.475960298283601,48.39356888360853
2025-09-04 09:53:38.353778,214,2,POINT (-4.475961886770234 48.39356497274858),4.22115095082045e-06,-4.475961886770234,48.39356497274858
2025-09-04 09:53:39.353778,215,2,POINT (-4.47596348893858 48.39356109053646),4.199823133569746e-06,-4.47596348893858,48.39356109053646
2025-09-04 09:53:40.353778,216,2,POINT (-4.475965123888447 48.393557230129055),4.19235093784127e-06,-4.475965123888447,48.393557230129055
2025-09-04 09:53:41.353778,217,2,POINT (-4.475966808729851 48.3935533841106),4.198874675359087e-06,-4.475966808729851,48.3935533841106
2025-09-04 09:53:42.353778,218,2,POINT (-4.475968541240074 48.39354954653821),4.2105288851000975e-06,-4.475968541240074,48.39354954653821
2025-09-04 09:53:43.353778,219,2,POINT (-4.475970311564174 48.39354571804383),4.217987271639085e-06,-4.475970311564174,48.39354571804383
2025-09-04 09:53:44.353778,220,2,POINT (-4.475972106281143 48.39354191585255),4.204481838253879e-06,-4.475972106281143,48.39354191585255
2025-09-04 09:53:45.353778,221,2,POINT (-4.475973908071779 48.393538148991816),4.1756064594915266e-06,-4.475973908071779,48.393538148991816
2025-09-04 09:53:46.353778,222,2,POINT (-4.475975747131528 48.393534399480465),4.176239471835203e-06,-4.475975747131528,48.393534399480465
2025-09-04 09:53:47.353778,223,2,POINT (-4.47597765182605 48.39353065197729),4.203765133578536e-06,-4.47597765182605,48.39353065197729
2025-09-04 09:53:48.353778,224,2,POINT (-4.475979599882442 48.3935269176972),4.2118608072723585e-06,-4.475979599882442,48.3935269176972
2025-09-04 09:53:49.353778,225,2,POINT (-4.47598152732684 48.39352323573084),4.155949734769698e-06,-4.47598152732684,48.39352323573084
2025-09-04 09:53:50.353778,226,2,POINT (-4.475983496174889 48.393519565384985),4.165069187186962e-06,-4.475983496174889,48.393519565384985
2025-09-04 09:53:51.353778,227,2,POINT (-4.475985495754937 48.39351591038273),4.16621672954813e-06,-4.475985495754937,48.39351591038273
2025-09-04 09:53:52.353778,228,2,POINT (-4.475987515036513 48.39351227914892),4.154919621648451e-06,-4.475987515036513,48.39351227914892
2025-09-04 09:53:53.353778,229,2,POINT (-4.475989558988681 48.39350867061664),4.1471973302530716e-06,-4.475989558988681,48.39350867061664
2025-09-04 09:53:54.353778,230,2,POINT (-4.47599164296995 48.39350507560406),4.1553692220665e-06,-4.47599164296995,48.39350507560406
2025-09-04 09:53:55.353778,231,2,POINT (-4.475993739902663 48.39350151737408),4.130148595892781e-06,-4.475993739902663,48.39350151737408
2025-09-04 09:53:56.353778,232,2,POINT (-4.475995854266193 48.39349798662632),4.115423774741839e-06,-4.475995854266193,48.39349798662632
2025-09-04 09:53:57.353778,233,2,POINT (-4.475997384244592 48.393494098029485),4.178758100052127e-06,-4.475997384244592,48.393494098029485
2025-09-04 09:53:58.353778,234,2,POINT (-4.475998313452824 48.39348985859226),4.340075565951581e-06,-4.475998313452824,48.39348985859226
2025-09-04 09:53:59.353778,235,2,POINT (-4.475998625049973 48.39348527581077),4.593362493362951e-06,-4.475998625049973,48.39348527581077
2025-09-04 09:54:00.353778,236,2,POINT (-4.47599831682371 48.39348034742168),4.938018068034019e-06,-4.47599831682371,48.39348034742168
2025-09-04 09:54:01.353778,237,2,POINT (-4.475997374938356 48.39347507916651),5.351790409074496e-06,-4.475997374938356,48.39347507916651
2025-09-04 09:54:02.353778,238,2,POINT (-4.475995799511603 48.39346946723622),5.828870471067378e-06,-4.475995799511603,48.39346946723622
2025-09-04 09:54:03.353778,239,2,POINT (-4.475993588370947 48.393463509271754),6.355036082159749e-06,-4.475993588370947,48.393463509271754
2025-09-04 09:54:04.353778,240,2,POINT (-4.475990720632887 48.39345721622856),6.915657177977734e-06,-4.475990720632887,48.39345721622856
2025-09-04 09:54:05.353778,241,2,POINT (-4.47598715566891 48.39345061400589),7.503220130790953e-06,-4.47598715566891,48.39345061400589
2025-09-04 09:54:06.353778,242,2,POINT (-4.475982874659272 48.3934437135202),8.120575492446705e-06,-4.475982874659272,48.3934437135202
2025-09-04 09:54:07.353778,243,2,POINT (-4.475977858249577 48.39343652665682),8.764437885643153e-06,-4.475977858249577,48.39343652665682
2025-09-04 09:54:08.353778,244,2,POINT (-4.4759721177905005 48.39342906494837),9.414348803140656e-06,-4.4759721177905005,48.39342906494837
2025-09-04 09:54:09.353778,245,2,POINT (-4.475965662807153 48.39342133799443),1.0068397449194196e-05,-4.475965662807153,48.39342133799443
2025-09-04 09:54:10.353778,246,2,POINT (-4.475958485444105 48.393413362204655),1.07297606172491e-05,-4.475958485444105,48.393413362204655
2025-09-04 09:54:11.353778,247,2,POINT (-4.475950946881285 48.39340534371065),1.1005733757530864e-05,-4.475950946881285,48.39340534371065
2025-09-04 09:54:12.353778,248,2,POINT (-4.47594304365652 48.393397294505895),1.1280543373885834e-05,-4.47594304365652,48.393397294505895
2025-09-04 09:54:13.353778,249,2,POINT (-4.475935210504877 48.39338940407714),1.1118324091121064e-05,-4.475935210504877,48.39338940407714
2025-09-04 09:54:14.353778,250,2,POINT (-4.475927430818744 48.393381685610365),1.0958934515155163e-05,-4.475927430818744,48.393381685610365
2025-09-04 09:54:15.353778,251,2,POINT (-4.475919255738155 48.393373964653854),1.1244781548186234e-05,-4.475919255738155,48.393373964653854
2025-09-04 09:54:16.353778,252,2,POINT (-4.475910721966133 48.39336621561375),1.1527050247956508e-05,-4.475910721966133,48.39336621561375
2025-09-04 09:54:17.353778,253,2,POINT (-4.475901847609955 48.393358423570085),1.1809747757579412e-05,-4.475901847609955,48.393358423570085
2025-09-04 09:54:18.353778,254,2,POINT (-4.475892597753977 48.393350623739565),1.2099470722204256e-05,-4.475892597753977,48.393350623739565
2025-09-04 09:54:19.353778,255,2,POINT (-4.475882986833977 48.39334282987175),1.237393061179772e-05,-4.475882986833977,48.39334282987175
2025-09-04 09:54:20.353778,256,2,POINT (-4.475873018581558 48.3933350406836),1.2650593198121604e-05,-4.475873018581558,48.3933350406836
2025-09-04 09:54:21.353778,257,2,POINT (-4.475862671133716 48.39332727216819),1.2939069074153662e-05,-4.475862671133716,48.39332727216819
2025-09-04 09:54:22.353778,258,2,POINT (-4.475852399417964 48.39331969953329),1.2761384870265752e-05,-4.475852399417964,48.39331969953329
2025-09-04 09:54:23.353778,259,2,POINT (-4.475842205779985 48.39331232034485),1.2584223351899362e-05,-4.475842205779985,48.39331232034485
2025-09-04 09:54:24.353778,260,2,POINT (-4.475832103927261 48.39330511308216),1.240935388936475e-05,-4.475832103927261,48.39330511308216
2025-09-04 09:54:25.353778,261,2,POINT (-4.475822108366303 48.39329807448578),1.2225100321410929e-05,-4.475822108366303,48.39329807448578
2025-09-04 09:54:26.353778,262,2,POINT (-4.475812212133063 48.393291211580404),1.2043043738917785e-05,-4.475812212133063,48.393291211580404
2025-09-04 09:54:27.353778,263,2,POINT (-4.475802410546094 48.39328450513075),1.1876345147351595e-05,-4.475802410546094,48.39328450513075
2025-09-04 09:54:28.353778,264,2,POINT (-4.475792710530995 48.39327795256429),1.1705828468785334e-05,-4.475792710530995,48.39327795256429
2025-09-04 09:54:29.353778,265,2,POINT (-4.475783115256692 48.39327154375961),1.1538720309297526e-05,-4.475783115256692,48.39327154375961
2025-09-04 09:54:30.353778,266,2,POINT (-4.475773628659646 48.393265269718086),1.1373615105099398e-05,-4.475773628659646,48.393265269718086
2025-09-04 09:54:31.353778,267,2,POINT (-4.475764728677579 48.39325925680143),1.0740802927665028e-05,-4.475764728677579,48.39325925680143
2025-09-04 09:54:32.353778,268,2,POINT (-4.475756423512207 48.3932534713191),1.0121639078404527e-05,-4.475756423512207,48.3932534713191
2025-09-04 09:54:33.353778,269,2,POINT (-4.475748714837235 48.393247908302875),9.506356785372664e-06,-4.475748714837235,48.393247908302875
2025-09-04 09:54:34.353778,270,2,POINT (-4.4757416711840765 48.393242556862354),8.84595757770563e-06,-4.4757416711840765,48.393242556862354
2025-09-04 09:54:35.353778,271,2,POINT (-4.475735314819293 48.393237385460466),8.194313317975253e-06,-4.475735314819293,48.393237385460466
2025-09-04 09:54:36.353778,272,2,POINT (-4.4757296513611795 48.3932323922049),7.550321777344221e-06,-4.4757296513611795,48.3932323922049
2025-09-04 09:54:37.353778,273,2,POINT (-4.475724685483764 48.393227577350515),6.916846193382357e-06,-4.475724685483764,48.393227577350515
2025-09-04 09:54:38.353778,274,2,POINT (-4.47572042959322 48.39322292580655),6.304717726159543e-06,-4.47572042959322,48.39322292580655
2025-09-04 09:54:39.353778,275,2,POINT (-4.4757168752027585 48.39321846495472),5.7037610897160276e-06,-4.4757168752027585,48.39321846495472
2025-09-04 09:54:40.353778,276,2,POINT (-4.475714051900447 48.39321414353776),5.161945416357986e-06,-4.475714051900447,48.39321414353776
2025-09-04 09:54:41.353778,277,2,POINT (-4.475711949164936 48.393209993730224),4.652139209525573e-06,-4.475711949164936,48.393209993730224
2025-09-04 09:54:42.353778,278,2,POINT (-4.475710574586412 48.393206009829306),4.214372152773635e-06,-4.475710574586412,48.393206009829306
2025-09-04 09:54:43.353778,279,2,POINT (-4.475709951344287 48.39320215141951),3.908421281574516e-06,-4.475709951344287,48.39320215141951
2025-09-04 09:54:44.353778,280,2,POINT (-4.47571008819451 48.39319840897385),3.7449469255516537e-06,-4.47571008819451,48.39319840897385
2025-09-04 09:54:45.353778,281,2,POINT (-4.475710984755196 48.393194793416185),3.7250608457282348e-06,-4.475710984755196,48.393194793416185
2025-09-04 09:54:46.353778,282,2,POINT (-4.4757126279760735 48.39319134439891),3.820457438121285e-06,-4.4757126279760735,48.39319134439891
2025-09-04 09:54:47.353778,283,2,POINT (-4.475715013735726 48.393188081642805),4.041958250975059e-06,-4.475715013735726,48.393188081642805
2025-09-04 09:54:48.353778,284,2,POINT (-4.475718168791755 48.3931849554675),4.441548221853154e-06,-4.475718168791755,48.3931849554675
2025-09-04 09:54:49.353778,285,2,POINT (-4.475722088849269 48.39318198569984),4.91796409522754e-06,-4.475722088849269,48.39318198569984
2025-09-04 09:54:50.353778,286,2,POINT (-4.475726772785642 48.39317918476085),5.457519509099766e-06,-4.475726772785642,48.39317918476085
2025-09-04 09:54:51.353778,287,2,POINT (-4.475732234135744 48.3931765327819),6.071189115356368e-06,-4.475732234135744,48.3931765327819
2025-09-04 09:54:52.353778,288,2,POINT (-4.475738463301678 48.39317406026903),6.701927193577114e-06,-4.475738463301678,48.39317406026903
2025-09-04 09:54:53.353778,289,2,POINT (-4.475745456989184 48.39317178311666),7.355072255348448e-06,-4.475745456989184,48.39317178311666
2025-09-04 09:54:54.353778,290,2,POINT (-4.475753229026793 48.393169681062645),8.05128559080353e-06,-4.475753229026793,48.393169681062645
2025-09-04 09:54:55.353778,291,2,POINT (-4.475761764118913 48.393167793969106),8.741219567407546e-06,-4.475761764118913,48.393167793969106
2025-09-04 09:54:56.353778,292,2,POINT (-4.475771068416227 48.393166116986244),9.454217049830674e-06,-4.475771068416227,48.393166116986244
2025-09-04 09:54:57.353778,293,2,POINT (-4.475781143584369 48.3931646544325),1.0180769937680283e-05,-4.475781143584369,48.3931646544325
2025-09-04 09:54:58.353778,294,2,POINT (-4.475791984390135 48.39316342347468),1.091046867978183e-05,-4.475791984390135,48.39316342347468
2025-09-04 09:54:59.353778,295,2,POINT (-4.475803595161266 48.393162423014324),1.1653794540384219e-05,-4.475803595161266,48.393162423014324
2025-09-04 09:55:00.353778,296,2,POINT (-4.475815963127186 48.393161666736624),1.2391066820669551e-05,-4.475815963127186,48.393161666736624
2025-09-04 09:55:01.353778,297,2,POINT (-4.475829040192608 48.39316119465376),1.308558375841256e-05,-4.475829040192608,48.39316119465376
2025-09-04 09:55:02.353778,298,2,POINT (-4.475842400318162 48.39316084640501),1.3364663557045564e-05,-4.475842400318162,48.39316084640501
2025-09-04 09:55:03.353778,299,2,POINT (-4.475856002167105 48.39316070300742),1.3602604807252126e-05,-4.475856002167105,48.39316070300742
2025-09-04 09:55:04.353778,300,2,POINT (-4.4758698565311255 48.39316073093733),1.3854392173298002e-05,-4.4758698565311255,48.39316073093733
2025-09-04 09:55:05.353778,301,2,POINT (-4.475883935421017 48.393160953709746),1.4080652261815332e-05,-4.475883935421017,48.393160953709746
2025-09-04 09:55:06.353778,302,2,POINT (-4.475898224878489 48.393161393661565),1.4296228609615044e-05,-4.475898224878489,48.393161393661565
2025-09-04 09:55:07.353778,303,2,POINT (-4.4759127614810215 48.39316198322354),1.454855307272177e-05,-4.4759127614810215,48.39316198322354
2025-09-04 09:55:08.353778,304,2,POINT (-4.475927494407362 48.39316277061947),1.4753952382047098e-05,-4.475927494407362,48.39316277061947
2025-09-04 09:55:09.353778,305,2,POINT (-4.475942423362768 48.39316376721478),1.4962182719507788e-05,-4.475942423362768,48.39316376721478
2025-09-04 09:55:10.353778,306,2,POINT (-4.475957550523112 48.39316494108965),1.5172638606494369e-05,-4.475957550523112,48.39316494108965
2025-09-04 09:55:11.353778,307,2,POINT (-4.475972875781563 48.39316631547312),1.5386763029281138e-05,-4.475972875781563,48.39316631547312
2025-09-04 09:55:12.353778,308,2,POINT (-4.4759883815034165 48.393167884291294),1.5584883723078675e-05,-4.4759883815034165,48.393167884291294
2025-09-04 09:55:13.353778,309,2,POINT (-4.4760040692702505 48.393169637101195),1.5785384720907887e-05,-4.4760040692702505,48.393169637101195
2025-09-04 09:55:14.353778,310,2,POINT (-4.4760199051201255 48.39317162523553),1.5960163514249575e-05,-4.4760199051201255,48.39317162523553
2025-09-04 09:55:15.353778,311,2,POINT (-4.476035850993843 48.39317387842745),1.610427776778157e-05,-4.476035850993843,48.39317387842745
2025-09-04 09:55:16.353778,312,2,POINT (-4.476051905735522 48.39317636955109),1.6246859001093496e-05,-4.476051905735522,48.39317636955109
2025-09-04 09:55:17.353778,313,2,POINT (-4.476068080669459 48.39317909042224),1.6402183624593673e-05,-4.476068080669459,48.39317909042224
2025-09-04 09:55:18.353778,314,2,POINT (-4.476084353008378 48.39318204967958),1.653923268845252e-05,-4.476084353008378,48.39318204967958
2025-09-04 09:55:19.353778,315,2,POINT (-4.476100706423818 48.39318524083369),1.666186247319981e-05,-4.476100706423818,48.39318524083369
2025-09-04 09:55:20.353778,316,2,POINT (-4.476116720079288 48.3931884786935),1.6337713967882285e-05,-4.476116720079288,48.3931884786935
2025-09-04 09:55:21.353778,317,2,POINT (-4.476132370808907 48.393191770430455),1.5993150714261384e-05,-4.476132370808907,48.393191770430455
2025-09-04 09:55:22.353778,318,2,POINT (-4.476147702130258 48.393195092870414),1.5687192918126587e-05,-4.476147702130258,48.393195092870414
2025-09-04 09:55:23.353778,319,2,POINT (-4.476162760034928 48.39319841134496),1.5419233650495188e-05,-4.476162760034928,48.39319841134496
2025-09-04 09:55:24.353778,320,2,POINT (-4.476177514043526 48.393201737179275),1.5124217123245986e-05,-4.476177514043526,48.393201737179275
2025-09-04 09:55:25.353778,321,2,POINT (-4.476191939477978 48.39320510393198),1.4813108483110812e-05,-4.476191939477978,48.39320510393198
2025-09-04 09:55:26.353778,322,2,POINT (-4.476206064957514 48.39320849047377),1.452576460602968e-05,-4.476206064957514,48.39320849047377
2025-09-04 09:55:27.353778,323,2,POINT (-4.476219900205284 48.39321187507138),1.4243229333357506e-05,-4.476219900205284,48.39321187507138
2025-09-04 09:55:28.353778,324,2,POINT (-4.476233482430475 48.39321524925184),1.3995068234912382e-05,-4.476233482430475,48.39321524925184
2025-09-04 09:55:29.353778,325,2,POINT (-4.476246800835686 48.39321861216635),1.3736415522105117e-05,-4.476246800835686,48.39321861216635
2025-09-04 09:55:30.353778,326,2,POINT (-4.476259868075509 48.39322196324211),1.3490087669970885e-05,-4.476259868075509,48.39322196324211
2025-09-04 09:55:31.353778,327,2,POINT (-4.476272711313328 48.393225290542425),1.3267241048776739e-05,-4.476272711313328,48.393225290542425
2025-09-04 09:55:32.353778,328,2,POINT (-4.476285356058182 48.393228573857414),1.3064062527963266e-05,-4.476285356058182,48.393228573857414
2025-09-04 09:55:33.353778,329,2,POINT (-4.476297778945072 48.393231829299346),1.2842352621339822e-05,-4.476297778945072,48.393231829299346
2025-09-04 09:55:34.353778,330,2,POINT (-4.476309985228592 48.39323505318926),1.2624849446084447e-05,-4.476309985228592,48.39323505318926
2025-09-04 09:55:35.353778,331,2,POINT (-4.476322011979403 48.39323823098158),1.243949754296625e-05,-4.476322011979403,48.39323823098158
2025-09-04 09:55:36.353778,332,2,POINT (-4.476333868029415 48.39324135733452),1.2261321485473557e-05,-4.476333868029415,48.39324135733452
2025-09-04 09:55:37.353778,333,2,POINT (-4.47634551334611 48.39324445369027),1.204993028555269e-05,-4.47634551334611,48.39324445369027
2025-09-04 09:55:38.353778,334,2,POINT (-4.47635664081188 48.39324725549042),1.1474780108868663e-05,-4.47635664081188,48.39324725549042
2025-09-04 09:55:39.353778,335,2,POINT (-4.476367296339101 48.39324974397825),1.0942249861362836e-05,-4.476367296339101,48.39324974397825
2025-09-04 09:55:40.353778,336,2,POINT (-4.476377460179246 48.393251935992595),1.03975272724461e-05,-4.476377460179246,48.393251935992595
2025-09-04 09:55:41.353778,337,2,POINT (-4.476387150265842 48.39325382445209),9.872388642157674e-06,-4.476387150265842,48.39325382445209
2025-09-04 09:55:42.353778,338,2,POINT (-4.476396441690544 48.393255384528864),9.421486747374049e-06,-4.476396441690544,48.393255384528864
2025-09-04 09:55:43.353778,339,2,POINT (-4.476405295942405 48.39325665176652),8.944476916281883e-06,-4.476405295942405,48.39325665176652
2025-09-04 09:55:44.353778,340,2,POINT (-4.4764137209093455 48.393257630091874),8.481579359899843e-06,-4.4764137209093455,48.393257630091874
2025-09-04 09:55:45.353778,341,2,POINT (-4.4764217434801505 48.39325830884448),8.051232664736903e-06,-4.4764217434801505,48.39325830884448
2025-09-04 09:55:46.353778,342,2,POINT (-4.476429415166704 48.3932586813005),7.68072249624803e-06,-4.476429415166704,48.3932586813005
2025-09-04 09:55:47.353778,343,2,POINT (-4.476436689307051 48.393258772639086),7.274713776107901e-06,-4.476436689307051,48.393258772639086
2025-09-04 09:55:48.353778,344,2,POINT (-4.476443584566896 48.393258576920836),6.8980369643774045e-06,-4.476443584566896,48.393258576920836
2025-09-04 09:55:49.353778,345,2,POINT (-4.476450128050316 48.39325809816833),6.56097395423467e-06,-4.476450128050316,48.39325809816833
2025-09-04 09:55:50.353778,346,2,POINT (-4.476456335919655 48.39325732248026),6.256143678094726e-06,-4.476456335919655,48.39325732248026
2025-09-04 09:55:51.353778,347,2,POINT (-4.476462242957514 48.393256244847336),6.004530704676851e-06,-4.476462242957514,48.393256244847336
2025-09-04 09:55:52.353778,348,2,POINT (-4.476467846011083 48.39325487419925),5.768265377755426e-06,-4.476467846011083,48.39325487419925
2025-09-04 09:55:53.353778,349,2,POINT (-4.4764731652188825 48.39325321547534),5.571834224493868e-06,-4.4764731652188825,48.39325321547534
2025-09-04 09:55:54.353778,350,2,POINT (-4.476478215175387 48.39325125865249),5.415830163698297e-06,-4.476478215175387,48.39325125865249
2025-09-04 09:55:55.353778,351,2,POINT (-4.476482956972846 48.39324903305938),5.238120640971702e-06,-4.476482956972846,48.39324903305938
2025-09-04 09:55:56.353778,352,2,POINT (-4.476487478370063 48.39324650127183),5.181986199017668e-06,-4.476487478370063,48.39324650127183
2025-09-04 09:55:57.353778,353,2,POINT (-4.476491779911316 48.39324366742661),5.1511101615091486e-06,-4.476491779911316,48.39324366742661
2025-09-04 09:55:58.353778,354,2,POINT (-4.47649577219705 48.39324057669744),5.048856524300723e-06,-4.47649577219705,48.39324057669744
2025-09-04 09:55:59.353778,355,2,POINT (-4.476499491715318 48.39323722797444),5.004873810940939e-06,-4.476499491715318,48.39323722797444
2025-09-04 09:56:00.353778,356,2,POINT (-4.476502911554439 48.393233628402825),4.965099738550109e-06,-4.476502911554439,48.393233628402825
2025-09-04 09:56:01.353778,357,2,POINT (-4.476506027497566 48.39322978721639),4.946090859227771e-06,-4.476506027497566,48.39322978721639
2025-09-04 09:56:02.353778,358,2,POINT (-4.476508834140319 48.393225715952376),4.944940265838628e-06,-4.476508834140319,48.393225715952376
2025-09-04 09:56:03.353778,359,2,POINT (-4.4765113640809355 48.39322139156021),5.010086538164049e-06,-4.4765113640809355,48.39322139156021
2025-09-04 09:56:04.353778,360,2,POINT (-4.4765136279666065 48.393216820413),5.1010356920013276e-06,-4.4765136279666065,48.393216820413
2025-09-04 09:56:05.353778,361,2,POINT (-4.4765156139462166 48.393212012588805),5.20185433524408e-06,-4.4765156139462166,48.393212012588805
2025-09-04 09:56:06.353778,362,2,POINT (-4.476517277556963 48.393206999926115),5.281513794426941e-06,-4.476517277556963,48.393206999926115
2025-09-04 09:56:07.353778,363,2,POINT (-4.476518634847598 48.39320177443688),5.398886513652023e-06,-4.476518634847598,48.39320177443688
2025-09-04 09:56:08.353778,364,2,POINT (-4.476519685517818 48.39319634355532),5.5315804688675095e-06,-4.476519685517818,48.39319634355532
2025-09-04 09:56:09.353778,365,2,POINT (-4.476520440041903 48.3931907113917),5.682479526266929e-06,-4.476520440041903,48.3931907113917
2025-09-04 09:56:10.353778,366,2,POINT (-4.476520908004559 48.39318488072232),5.849418301746728e-06,-4.476520908004559,48.39318488072232
2025-09-04 09:56:11.353778,367,2,POINT (-4.476521087389198 48.39317884236131),6.041024962137639e-06,-4.476521087389198,48.39317884236131
2025-09-04 09:56:12.353778,368,2,POINT (-4.4765209695697505 48.39317261633811),6.227137886315323e-06,-4.4765209695697505,48.39317261633811
2025-09-04 09:56:13.353778,369,2,POINT (-4.476520576435715 48.393166197168796),6.431196551966266e-06,-4.476520576435715,48.393166197168796
2025-09-04 09:56:14.353778,370,2,POINT (-4.476519895121653 48.3931595915262),6.640685428737029e-06,-4.476519895121653,48.3931595915262
2025-09-04 09:56:15.353778,371,2,POINT (-4.476518916242637 48.39315281306931),6.848772296839426e-06,-4.476518916242637,48.39315281306931
2025-09-04 09:56:16.353778,372,2,POINT (-4.476517644443851 48.39314586161826),7.066834074278571e-06,-4.476517644443851,48.39314586161826
2025-09-04 09:56:17.353778,373,2,POINT (-4.476516387012687 48.393139016489876),6.959663476201493e-06,-4.476516387012687,48.393139016489876
2025-09-04 09:56:18.353778,374,2,POINT (-4.47651514758413 48.39313226972899),6.859662210092957e-06,-4.47651514758413,48.39313226972899
2025-09-04 09:56:19.353778,375,2,POINT (-4.476513882826201 48.393125642698166),6.746639913348065e-06,-4.476513882826201,48.393125642698166
2025-09-04 09:56:20.353778,376,2,POINT (-4.4765126478148725 48.39311910409938),6.6542112314274555e-06,-4.4765126478148725,48.39311910409938
2025-09-04 09:56:21.353778,377,2,POINT (-4.476511423750293 48.393112650362966),6.568793478118667e-06,-4.476511423750293,48.393112650362966
2025-09-04 09:56:22.353778,378,2,POINT (-4.476510189909291 48.39310630378605),6.465400388640921e-06,-4.476510189909291,48.39310630378605
2025-09-04 09:56:23.353778,379,2,POINT (-4.476508979410889 48.393100037614886),6.3820222044093055e-06,-4.476508979410889,48.393100037614886
2025-09-04 09:56:24.353778,380,2,POINT (-4.476507830487631 48.39309383658147),6.306571181185934e-06,-4.476507830487631,48.39309383658147
2025-09-04 09:56:25.353778,381,2,POINT (-4.47650674659826 48.39308768864507),6.242750851238147e-06,-4.47650674659826,48.39308768864507
2025-09-04 09:56:26.353778,382,2,POINT (-4.47650570192365 48.39308161697201),6.160889443756689e-06,-4.47650570192365,48.39308161697201
2025-09-04 09:56:27.353778,383,2,POINT (-4.476504704886368 48.39307560947448),6.089672400277773e-06,-4.476504704886368,48.39307560947448
2025-09-04 09:56:28.353778,384,2,POINT (-4.476503751856513 48.39306967515915),6.010354762386674e-06,-4.476503751856513,48.39306967515915
2025-09-04 09:56:29.353778,385,2,POINT (-4.476502802278472 48.39306383330015),5.9185314929601504e-06,-4.476502802278472,48.39306383330015
2025-09-04 09:56:30.353778,386,2,POINT (-4.476501906162849 48.39305804548262),5.856778547308664e-06,-4.476501906162849,48.39305804548262
2025-09-04 09:56:31.353778,387,2,POINT (-4.476501068646133 48.39305231120878),5.7951126596961544e-06,-4.476501068646133,48.39305231120878
2025-09-04 09:56:32.353778,388,2,POINT (-4.476500287114342 48.39304662730045),5.7373866709352206e-06,-4.476500287114342,48.39304662730045
2025-09-04 09:56:33.353778,389,2,POINT (-4.476499553067563 48.393040992303256),5.682606624797895e-06,-4.476499553067563,48.393040992303256
2025-09-04 09:56:34.353778,390,2,POINT (-4.47649889856997 48.39303538737297),5.643014320508143e-06,-4.47649889856997,48.39303538737297
2025-09-04 09:56:35.353778,391,2,POINT (-4.476498327174731 48.393029810998485),5.605572665129376e-06,-4.476498327174731,48.393029810998485
2025-09-04 09:56:36.353778,392,2,POINT (-4.476497784796314 48.39302429414794),5.543447867226799e-06,-4.476497784796314,48.39302429414794
2025-09-04 09:56:37.353778,393,2,POINT (-4.476497268551642 48.39301884025324),5.4782730830928895e-06,-4.476497268551642,48.39301884025324
2025-09-04 09:56:38.353778,394,2,POINT (-4.476496808849548 48.393013415758176),5.44393908141916e-06,-4.476496808849548,48.393013415758176
2025-09-04 09:56:39.353778,395,2,POINT (-4.476496392333076 48.39300804350634),5.388374128132854e-06,-4.476496392333076,48.39300804350634
2025-09-04 09:56:40.353778,396,2,POINT (-4.476496059812472 48.393002676522855),5.377274560723302e-06,-4.476496059812472,48.393002676522855
2025-09-04 09:56:41.353778,397,2,POINT (-4.476495748649329 48.39299736820878),5.3174261439787014e-06,-4.476495748649329,48.39299736820878
2025-09-04 09:56:42.353778,398,2,POINT (-4.4764954755103945 48.39299210851022),5.266785910929866e-06,-4.4764954755103945,48.39299210851022
2025-09-04 09:56:43.353778,399,2,POINT (-4.476495234748928 48.39298690506525),5.209011964767399e-06,-4.476495234748928,48.39298690506525
2025-09-04 09:56:44.353778,400,2,POINT (-4.476495019028349 48.39298175417359),5.155406895673867e-06,-4.476495019028349,48.39298175417359
2025-09-04 09:56:45.353778,401,2,POINT (-4.476494851513456 48.39297663941915),5.117496867490894e-06,-4.476494851513456,48.39297663941915
2025-09-04 09:56:46.353778,402,2,POINT (-4.476494730923486 48.39297155400552),5.086843202097219e-06,-4.476494730923486,48.39297155400552
2025-09-04 09:56:47.353778,403,2,POINT (-4.476494636746342 48.39296651891561),5.035970588335968e-06,-4.476494636746342,48.39296651891561
2025-09-04 09:56:48.353778,404,2,POINT (-4.47649457798142 48.39296152181482),4.99744630828555e-06,-4.47649457798142,48.39296152181482
2025-09-04 09:56:49.353778,405,2,POINT (-4.476494577873128 48.39295654905294),4.972761879897897e-06,-4.476494577873128,48.39295654905294
2025-09-04 09:56:50.353778,406,2,POINT (-4.476494632944559 48.39295160795128),4.941408549525009e-06,-4.476494632944559,48.39295160795128
2025-09-04 09:56:51.353778,407,2,POINT (-4.4764947450891 48.392946672215935),4.937009197805999e-06,-4.4764947450891,48.392946672215935
2025-09-04 09:56:52.353778,408,2,POINT (-4.476494866668884 48.39294180276129),4.870972198235211e-06,-4.476494866668884,48.39294180276129
2025-09-04 09:56:53.353778,409,2,POINT (-4.476495035117656 48.392936951147355),4.854537339965067e-06,-4.476495035117656,48.392936951147355
2025-09-04 09:56:54.353778,410,2,POINT (-4.476495673710921 48.39293232493278),4.670081654467616e-06,-4.476495673710921,48.39293232493278
2025-09-04 09:56:55.353778,411,2,POINT (-4.476496763370151 48.39292792923759),4.528740825634061e-06,-4.476496763370151,48.39292792923759
2025-09-04 09:56:56.353778,412,2,POINT (-4.476498309909366 48.39292374399976),4.461838098282602e-06,-4.476498309909366,48.39292374399976
2025-09-04 09:56:57.353778,413,2,POINT (-4.476500301233445 48.392919771730725),4.443455060044695e-06,-4.476500301233445,48.392919771730725
2025-09-04 09:56:58.353778,414,2,POINT (-4.476502753103526 48.392916001431445),4.4974241021928515e-06,-4.476502753103526,48.392916001431445
2025-09-04 09:56:59.353778,415,2,POINT (-4.476505654620727 48.392912420629266),4.608790113769687e-06,-4.476505654620727,48.392912420629266
2025-09-04 09:57:00.353778,416,2,POINT (-4.476509014488843 48.39290902155503),4.7793743768412e-06,-4.476509014488843,48.39290902155503
2025-09-04 09:57:01.353778,417,2,POINT (-4.47651279596586 48.39290581780583),4.956165587660519e-06,-4.47651279596586,48.39290581780583
2025-09-04 09:57:02.353778,418,2,POINT (-4.476517011066529 48.3929027927406),5.1882649620909515e-06,-4.476517011066529,48.3929027927406
2025-09-04 09:57:03.353778,419,2,POINT (-4.476521626311601 48.39289997577549),5.407012066366963e-06,-4.476521626311601,48.39289997577549
2025-09-04 09:57:04.353778,420,2,POINT (-4.476526671225027 48.39289731921449),5.7016197554481655e-06,-4.476526671225027,48.39289731921449
2025-09-04 09:57:05.353778,421,2,POINT (-4.476532106283227 48.39289485984694),5.965596900999984e-06,-4.476532106283227,48.39289485984694
2025-09-04 09:57:06.353778,422,2,POINT (-4.476537945211422 48.39289256993891),6.271902522628038e-06,-4.476537945211422,48.39289256993891
2025-09-04 09:57:07.353778,423,2,POINT (-4.476544169448637 48.39289046870658),6.569345949270335e-06,-4.476544169448637,48.39289046870658
2025-09-04 09:57:08.353778,424,2,POINT (-4.476550798757328 48.392888537219065),6.904953132001439e-06,-4.476550798757328,48.392888537219065
2025-09-04 09:57:09.353778,425,2,POINT (-4.476557808509863 48.39288678218703),7.226117080025926e-06,-4.476557808509863,48.39288678218703
2025-09-04 09:57:10.353778,426,2,POINT (-4.476564796637763 48.39288499193544),7.213801514248845e-06,-4.476564796637763,48.39288499193544
2025-09-04 09:57:11.353778,427,2,POINT (-4.476571695079831 48.39288321571135),7.1234454432008765e-06,-4.476571695079831,48.39288321571135
2025-09-04 09:57:12.353778,428,2,POINT (-4.476578588259341 48.392881390873804),7.130635022740431e-06,-4.476578588259341,48.392881390873804
2025-09-04 09:57:13.353778,429,2,POINT (-4.476585390939286 48.3928795741964),7.041077419850729e-06,-4.476585390939286,48.3928795741964
2025-09-04 09:57:14.353778,430,2,POINT (-4.476592175261857 48.39287771445608),7.034604950301659e-06,-4.476592175261857,48.39287771445608
2025-09-04 09:57:15.353778,431,2,POINT (-4.476598889585034 48.39287585364236),6.96740722400713e-06,-4.476598889585034,48.39287585364236
2025-09-04 09:57:16.353778,432,2,POINT (-4.476605554591421 48.392873990051434),6.9206416804346734e-06,-4.476605554591421,48.392873990051434
2025-09-04 09:57:17.353778,433,2,POINT (-4.476612172210393 48.392872121285336),6.876421132221322e-06,-4.476612172210393,48.392872121285336
2025-09-04 09:57:18.353778,434,2,POINT (-4.476618740301776 48.39287024868411),6.829821356210913e-06,-4.476618740301776,48.39287024868411
2025-09-04 09:57:19.353778,435,2,POINT (-4.47662526795378 48.39286835534018),6.7966897789013765e-06,-4.47662526795378,48.39286835534018
2025-09-04 09:57:20.353778,436,2,POINT (-4.476631774781996 48.39286642711782),6.786520085709791e-06,-4.476631774781996,48.39286642711782
2025-09-04 09:57:21.353778,437,2,POINT (-4.476638273528371 48.39286445719899),6.7907499333897485e-06,-4.476638273528371,48.39286445719899
2025-09-04 09:57:22.353778,438,2,POINT (-4.476644755310153 48.392862445875494),6.786672032571475e-06,-4.476644755310153,48.392862445875494
2025-09-04 09:57:23.353778,439,2,POINT (-4.476651197193649 48.39286043040223),6.749814475439911e-06,-4.476651197193649,48.39286043040223
2025-09-04 09:57:24.353778,440,2,POINT (-4.476657609019846 48.392858401415445),6.725199071750537e-06,-4.476657609019846,48.392858401415445
2025-09-04 09:57:25.353778,441,2,POINT (-4.476663946933731 48.39285638083071),6.652211293114763e-06,-4.476663946933731,48.39285638083071
2025-09-04 09:57:26.353778,442,2,POINT (-4.476670237586422 48.39285436283562),6.606407151454243e-06,-4.476670237586422,48.39285436283562
2025-09-04 09:57:27.353778,443,2,POINT (-4.476676496579182 48.39285233743842),6.578542709995285e-06,-4.476676496579182,48.39285233743842
2025-09-04 09:57:28.353778,444,2,POINT (-4.47668270559524 48.39285032891779),6.5257976940676124e-06,-4.47668270559524,48.39285032891779
2025-09-04 09:57:29.353778,445,2,POINT (-4.476688878678224 48.39284830000056),6.497958036635506e-06,-4.476688878678224,48.39284830000056
2025-09-04 09:57:30.353778,446,2,POINT (-4.476694994303267 48.39284627579442),6.441915876506738e-06,-4.476694994303267,48.39284627579442
2025-09-04 09:57:31.353778,447,2,POINT (-4.476701094289823 48.3928442315987),6.433395069827836e-06,-4.476701094289823,48.3928442315987
2025-09-04 09:57:32.353778,448,2,POINT (-4.47670717126328 48.392842173733634),6.415950049101516e-06,-4.47670717126328,48.392842173733634
2025-09-04 09:57:33.353778,449,2,POINT (-4.4767132346358265 48.39284009123605),6.411028217696556e-06,-4.4767132346358265,48.39284009123605
2025-09-04 09:57:34.353778,450,2,POINT (-4.476719238442607 48.392838023087066),6.350034337873314e-06,-4.476719238442607,48.392838023087066
2025-09-04 09:57:35.353778,451,2,POINT (-4.476725205036877 48.39283593917139),6.320043648943133e-06,-4.476725205036877,48.39283593917139
2025-09-04 09:57:36.353778,452,2,POINT (-4.476731139986028 48.39283384213784),6.294535021559681e-06,-4.476731139986028,48.39283384213784
2025-09-04 09:57:37.353778,453,2,POINT (-4.47673703485205 48.39283175100387),6.254781107678672e-06,-4.47673703485205,48.39283175100387
2025-09-04 09:57:38.353778,454,2,POINT (-4.4767428907178095 48.39282965560646),6.219473778422037e-06,-4.4767428907178095,48.39282965560646
2025-09-04 09:57:39.353778,455,2,POINT (-4.476748725838613 48.39282754724211),6.2043400147234954e-06,-4.476748725838613,48.39282754724211
2025-09-04 09:57:40.353778,456,2,POINT (-4.476754512127078 48.39282543861873),6.158524724331196e-06,-4.476754512127078,48.39282543861873
2025-09-04 09:57:41.353778,457,2,POINT (-4.476760241755947 48.392823332480255),6.104462814276742e-06,-4.476760241755947,48.392823332480255
2025-09-04 09:57:42.353778,458,2,POINT (-4.47676594698303 48.392821220371715),6.083635307038116e-06,-4.47676594698303,48.392821220371715
2025-09-04 09:57:43.353778,459,2,POINT (-4.476771599693371 48.39281912333077),6.029155407967749e-06,-4.476771599693371,48.39281912333077
2025-09-04 09:57:44.353778,460,2,POINT (-4.476777224064506 48.392817012940206),6.007270510357615e-06,-4.476777224064506,48.392817012940206
2025-09-04 09:57:45.353778,461,2,POINT (-4.476782825799124 48.39281490040105),5.9868399364313465e-06,-4.476782825799124,48.39281490040105
2025-09-04 09:57:46.353778,462,2,POINT (-4.476788769864187 48.392813010733526),6.237207132436712e-06,-4.476788769864187,48.392813010733526
2025-09-04 09:57:47.353778,463,2,POINT (-4.476795068725203 48.392811342701854),6.515978803455635e-06,-4.476795068725203,48.392811342701854
2025-09-04 09:57:48.353778,464,2,POINT (-4.4768017124205555 48.39280989193723),6.800250430518309e-06,-4.4768017124205555,48.39280989193723
2025-09-04 09:57:49.353778,465,2,POINT (-4.476808722654404 48.392808633116054),7.1223598175982645e-06,-4.476808722654404,48.392808633116054
2025-09-04 09:57:50.353778,466,2,POINT (-4.4768160564050605 48.39280758893934),7.407712447199776e-06,-4.4768160564050605,48.39280758893934
2025-09-04 09:57:51.353778,467,2,POINT (-4.4768237359636 48.392806744473546),7.72584893961232e-06,-4.4768237359636,48.392806744473546
2025-09-04 09:57:52.353778,468,2,POINT (-4.4768317191215745 48.39280611537917),8.00790677885649e-06,-4.4768317191215745,48.39280611537917
2025-09-04 09:57:53.353778,469,2,POINT (-4.476840018126748 48.39280569456915),8.309667138396067e-06,-4.476840018126748,48.39280569456915
2025-09-04 09:57:54.353778,470,2,POINT (-4.476848622028266 48.392805485949154),8.606430364805725e-06,-4.476848622028266,48.392805485949154
2025-09-04 09:57:55.353778,471,2,POINT (-4.476857504299109 48.392805492110064),8.882272979941314e-06,-4.476857504299109,48.392805492110064
2025-09-04 09:57:56.353778,472,2,POINT (-4.476866681893913 48.39280570664426),9.18010192264583e-06,-4.476866681893913,48.39280570664426
2025-09-04 09:57:57.353778,473,2,POINT (-4.476876156290142 48.39280612993093),9.483847083325253e-06,-4.476876156290142,48.39280612993093
2025-09-04 09:57:58.353778,474,2,POINT (-4.476885919685254 48.39280676132843),9.783790008450726e-06,-4.476885919685254,48.39280676132843
2025-09-04 09:57:59.353778,475,2,POINT (-4.476895944722823 48.39280759897837),1.0059971952502792e-05,-4.476895944722823,48.39280759897837
2025-09-04 09:58:00.353778,476,2,POINT (-4.476906233822732 48.39280864749517),1.0342386785342023e-05,-4.476906233822732,48.39280864749517
2025-09-04 09:58:01.353778,477,2,POINT (-4.476916755598238 48.39280991266793),1.0597566791507373e-05,-4.476916755598238,48.39280991266793
2025-09-04 09:58:02.353778,478,2,POINT (-4.476927148721401 48.392811145207276),1.04659525282121e-05,-4.476927148721401,48.392811145207276
2025-09-04 09:58:03.353778,479,2,POINT (-4.476937419207283 48.392812342816214),1.0340074825997521e-05,-4.476937419207283,48.392812342816214
2025-09-04 09:58:04.353778,480,2,POINT (-4.476947538807141 48.39281352714047),1.0188666509258549e-05,-4.476947538807141,48.39281352714047
2025-09-04 09:58:05.353778,481,2,POINT (-4.476957536150032 48.39281468387923),1.0064040412846703e-05,-4.476957536150032,48.39281468387923
2025-09-04 09:58:06.353778,482,2,POINT (-4.476967432864924 48.39281579844705),9.959278442050762e-06,-4.476967432864924,48.39281579844705
2025-09-04 09:58:07.353778,483,2,POINT (-4.476977205421033 48.392816895807805),9.833974452237775e-06,-4.476977205421033,48.392816895807805
2025-09-04 09:58:08.353778,484,2,POINT (-4.47698692979459 48.392817930439314),9.779258838861759e-06,-4.47698692979459,48.392817930439314
2025-09-04 09:58:09.353778,485,2,POINT (-4.476996258630219 48.392818656471555),9.357045314262556e-06,-4.476996258630219,48.392818656471555
2025-09-04 09:58:10.353778,486,2,POINT (-4.477005212077745 48.39281908258768),8.963581736374814e-06,-4.477005212077745,48.39281908258768
2025-09-04 09:58:11.353778,487,2,POINT (-4.477013734062619 48.392819233723294),8.523324948099002e-06,-4.477013734062619,48.392819233723294
2025-09-04 09:58:12.353778,488,2,POINT (-4.477021877769911 48.39281909231544),8.14493490658519e-06,-4.477021877769911,48.39281909231544
2025-09-04 09:58:13.353778,489,2,POINT (-4.4770296655158575 48.39281864954041),7.800322856215927e-06,-4.4770296655158575,48.39281864954041
2025-09-04 09:58:14.353778,490,2,POINT (-4.477037090222612 48.392817920834275),7.460380889510604e-06,-4.477037090222612,48.392817920834275
2025-09-04 09:58:15.353778,491,2,POINT (-4.477044151424533 48.392816903966114),7.13404467506472e-06,-4.477044151424533,48.392816903966114
2025-09-04 09:58:16.353778,492,2,POINT (-4.477050865518395 48.39281560329289),6.83891857178403e-06,-4.477050865518395,48.39281560329289
2025-09-04 09:58:17.353778,493,2,POINT (-4.477057255746612 48.39281402337835),6.582639790582989e-06,-4.477057255746612,48.39281402337835
2025-09-04 09:58:18.353778,494,2,POINT (-4.477063332704586 48.39281216133187),6.355834746031059e-06,-4.477063332704586,48.39281216133187
2025-09-04 09:58:19.353778,495,2,POINT (-4.477069069413913 48.39281002325318),6.122190324241934e-06,-4.477069069413913,48.39281002325318
2025-09-04 09:58:20.353778,496,2,POINT (-4.4770745327325985 48.39280758756401),5.981674750379959e-06,-4.4770745327325985,48.39280758756401
2025-09-04 09:58:21.353778,497,2,POINT (-4.477079689853503 48.392804879261),5.825015124893614e-06,-4.477079689853503,48.392804879261
2025-09-04 09:58:22.353778,498,2,POINT (-4.47708451305232 48.39280191720624),5.660125018000616e-06,-4.47708451305232,48.39280191720624
2025-09-04 09:58:23.353778,499,2,POINT (-4.47708901548381 48.39279869707161),5.535445452407162e-06,-4.47708901548381,48.39279869707161
2025-09-04 09:58:24.353778,500,2,POINT (-4.477093244152778 48.39279520325395),5.485289702371774e-06,-4.477093244152778,48.39279520325395
2025-09-04 09:58:25.353778,501,2,POINT (-4.477097208090926 48.39279144503859),5.46232444217306e-06,-4.477097208090926,48.39279144503859
2025-09-04 09:58:26.353778,502,2,POINT (-4.477100907486561 48.39278741769968),5.468545214019822e-06,-4.477100907486561,48.39278741769968
2025-09-04 09:58:27.353778,503,2,POINT (-4.4771043330986675 48.3927831231707),5.493432210156494e-06,-4.4771043330986675,48.3927831231707
2025-09-04 09:58:28.353778,504,2,POINT (-4.47710746109856 48.3927785945007),5.50392908184885e-06,-4.47710746109856,48.3927785945007
2025-09-04 09:58:29.353778,505,2,POINT (-4.477110318650239 48.39277381942015),5.564799712097345e-06,-4.477110318650239,48.39277381942015
2025-09-04 09:58:30.353778,506,2,POINT (-4.477112837869337 48.392768821457274),5.596972196274032e-06,-4.477112837869337,48.392768821457274
2025-09-04 09:58:31.353778,507,2,POINT (-4.477115102931335 48.39276358673853),5.703751937523312e-06,-4.477115102931335,48.39276358673853
2025-09-04 09:58:32.353778,508,2,POINT (-4.477117059929578 48.392758138601216),5.788958657095638e-06,-4.477117059929578,48.392758138601216
2025-09-04 09:58:33.353778,509,2,POINT (-4.477118692651369 48.39275248590357),5.883771844006716e-06,-4.477118692651369,48.39275248590357
2025-09-04 09:58:34.353778,510,2,POINT (-4.4771200510734985 48.392746607194624),6.033616624180726e-06,-4.4771200510734985,48.392746607194624
2025-09-04 09:58:35.353778,511,2,POINT (-4.477121458250663 48.392740767782605),6.0065697612466426e-06,-4.477121458250663,48.392740767782605
2025-09-04 09:58:36.353778,512,2,POINT (-4.477122862961595 48.392734992470764),5.943689062101366e-06,-4.477122862961595,48.392734992470764
2025-09-04 09:58:37.353778,513,2,POINT (-4.477124259859038 48.39272929364415),5.867533316860281e-06,-4.477124259859038,48.39272929364415
2025-09-04 09:58:38.353778,514,2,POINT (-4.477125682559593 48.39272365230795),5.817967945024423e-06,-4.477125682559593,48.39272365230795
2025-09-04 09:58:39.353778,515,2,POINT (-4.477127134219551 48.39271807021056),5.767766281053576e-06,-4.477127134219551,48.39271807021056
2025-09-04 09:58:40.353778,516,2,POINT (-4.47712858246772 48.392712551877196),5.705210417553388e-06,-4.47712858246772,48.392712551877196
2025-09-04 09:58:41.353778,517,2,POINT (-4.477130052513348 48.392707079417576),5.666467015561411e-06,-4.477130052513348,48.392707079417576
2025-09-04 09:58:42.353778,518,2,POINT (-4.477131558364782 48.39270165759811),5.627052058182656e-06,-4.477131558364782,48.39270165759811
2025-09-04 09:58:43.353778,519,2,POINT (-4.477133101681643 48.392696275120095),5.599365724657827e-06,-4.477133101681643,48.392696275120095
2025-09-04 09:58:44.353778,520,2,POINT (-4.47713467112405 48.392690944053506),5.557285348656376e-06,-4.47713467112405,48.392690944053506
2025-09-04 09:58:45.353778,521,2,POINT (-4.477136294351057 48.39268564227427),5.5447027825471254e-06,-4.477136294351057,48.39268564227427
2025-09-04 09:58:46.353778,522,2,POINT (-4.4771379164681395 48.39268039888793),5.488566674641828e-06,-4.4771379164681395,48.39268039888793
2025-09-04 09:58:47.353778,523,2,POINT (-4.477139588366676 48.39267519104642),5.469630510169537e-06,-4.477139588366676,48.39267519104642
2025-09-04 09:58:48.353778,524,2,POINT (-4.477141256400411 48.39267004621849),5.408473997257353e-06,-4.477141256400411,48.39267004621849
2025-09-04 09:58:49.353778,525,2,POINT (-4.477142957297656 48.39266494064473),5.381443569074908e-06,-4.477142957297656,48.39266494064473
2025-09-04 09:58:50.353778,526,2,POINT (-4.477144726731907 48.39265984282555),5.396170672288171e-06,-4.477144726731907,48.39265984282555
2025-09-04 09:58:51.353778,527,2,POINT (-4.4771465276357505 48.39265477539627),5.377926572014288e-06,-4.4771465276357505,48.39265477539627
2025-09-04 09:58:52.353778,528,2,POINT (-4.477148368616401 48.39264974222228),5.359295673096832e-06,-4.477148368616401,48.39264974222228
2025-09-04 09:58:53.353778,529,2,POINT (-4.477150245857283 48.39264474243009),5.340595028947504e-06,-4.477150245857283,48.39264474243009
2025-09-04 09:58:54.353778,530,2,POINT (-4.477152155399292 48.39263977047704),5.326036786607512e-06,-4.477152155399292,48.39263977047704
2025-09-04 09:58:55.353778,531,2,POINT (-4.477154088195843 48.392634829534494),5.305526905893047e-06,-4.477154088195843,48.392634829534494
2025-09-04 09:58:56.353778,532,2,POINT (-4.477156095146392 48.39262989162251),5.330180601339395e-06,-4.477156095146392,48.39262989162251
2025-09-04 09:58:57.353778,533,2,POINT (-4.477158119411569 48.3926249926511),5.300714140397949e-06,-4.477158119411569,48.3926249926511
2025-09-04 09:58:58.353778,534,2,POINT (-4.477160169298682 48.39262011817133),5.287966548198502e-06,-4.477160169298682,48.39262011817133
2025-09-04 09:58:59.353778,535,2,POINT (-4.477162287006379 48.392615243719746),5.314599150703078e-06,-4.477162287006379,48.392615243719746
2025-09-04 09:59:00.353778,536,2,POINT (-4.477164458436091 48.392610382332755),5.324301875939442e-06,-4.477164458436091,48.392610382332755
2025-09-04 09:59:01.353778,537,2,POINT (-4.477166675102942 48.392605530797596),5.333948380978785e-06,-4.477166675102942,48.392605530797596
2025-09-04 09:59:02.353778,538,2,POINT (-4.477168965220857 48.39260068545285),5.359291537838581e-06,-4.477168965220857,48.39260068545285
2025-09-04 09:59:03.353778,539,2,POINT (-4.477171309101595 48.392595843074986),5.379814148886089e-06,-4.477171309101595,48.392595843074986
2025-09-04 09:59:04.353778,540,2,POINT (-4.4771736754742255 48.39259102072932),5.3716605576691905e-06,-4.4771736754742255,48.39259102072932
2025-09-04 09:59:05.353778,541,2,POINT (-4.477176064857653 48.392586234052644),5.349899696796627e-06,-4.477176064857653,48.392586234052644
2025-09-04 09:59:06.353778,542,2,POINT (-4.477178500792082 48.39258145237509),5.366397000695852e-06,-4.477178500792082,48.39258145237509
2025-09-04 09:59:07.353778,543,2,POINT (-4.477180946006241 48.3925767049337),5.3401565531810545e-06,-4.477180946006241,48.3925767049337
2025-09-04 09:59:08.353778,544,2,POINT (-4.477183410297521 48.39257197593762),5.3325543088218916e-06,-4.477183410297521,48.39257197593762
2025-09-04 09:59:09.353778,545,2,POINT (-4.477185885829408 48.39256727486019),5.313039348437102e-06,-4.477185885829408,48.39256727486019
2025-09-04 09:59:10.353778,546,2,POINT (-4.477188394906316 48.39256257913214),5.324033139092103e-06,-4.477188394906316,48.39256257913214
2025-09-04 09:59:11.353778,547,2,POINT (-4.47719093171422 48.39255789858576),5.323805854952602e-06,-4.47719093171422,48.39255789858576
2025-09-04 09:59:12.353778,548,2,POINT (-4.477193530493013 48.39255320548222),5.364594299504322e-06,-4.477193530493013,48.39255320548222
2025-09-04 09:59:13.353778,549,2,POINT (-4.477196537779617 48.39254876258876),5.364986024193023e-06,-4.477196537779617,48.39254876258876
2025-09-04 09:59:14.353778,550,2,POINT (-4.477199953688593 48.39254454895429),5.424310976579051e-06,-4.477199953688593,48.39254454895429
2025-09-04 09:59:15.353778,551,2,POINT (-4.477203781966403 48.39254057559501),5.517544290239265e-06,-4.477203781966403,48.39254057559501
2025-09-04 09:59:16.353778,552,2,POINT (-4.47720802277868 48.39253682302911),5.662706028980883e-06,-4.47720802277868,48.39253682302911
2025-09-04 09:59:17.353778,553,2,POINT (-4.477212670493593 48.39253329068765),5.8376956149733675e-06,-4.477212670493593,48.39253329068765
2025-09-04 09:59:18.353778,554,2,POINT (-4.477217718806973 48.39252996922773),6.042976418071343e-06,-4.477217718806973,48.39252996922773
2025-09-04 09:59:19.353778,555,2,POINT (-4.477223164925947 48.39252686043868),6.270947396813525e-06,-4.477223164925947,48.39252686043868
2025-09-04 09:59:20.353778,556,2,POINT (-4.477228978390395 48.39252397867449),6.488523231443275e-06,-4.477228978390395,48.39252397867449
2025-09-04 09:59:21.353778,557,2,POINT (-4.477235179313552 48.39252130378828),6.753255825453163e-06,-4.477235179313552,48.39252130378828
2025-09-04 09:59:22.353778,558,2,POINT (-4.477241784872474 48.39251880744002),7.061526980901259e-06,-4.477241784872474,48.39251880744002
2025-09-04 09:59:23.353778,559,2,POINT (-4.477248395411845 48.39251628112485),7.076828323502e-06,-4.477248395411845,48.39251628112485
2025-09-04 09:59:24.353778,560,2,POINT (-4.477254968544609 48.3925137502038),7.043552775813338e-06,-4.477254968544609,48.3925137502038
2025-09-04 09:59:25.353778,561,2,POINT (-4.477261561503022 48.39251117675062),7.077412091064506e-06,-4.477261561503022,48.39251117675062
2025-09-04 09:59:26.353778,562,2,POINT (-4.477268153234087 48.39250857660866),7.086018389409337e-06,-4.477268153234087,48.39250857660866
2025-09-04 09:59:27.353778,563,2,POINT (-4.477274756396397 48.3925059417487),7.109447200391951e-06,-4.477274756396397,48.3925059417487
2025-09-04 09:59:28.353778,564,2,POINT (-4.477281305773479 48.39250332120321),7.054190163027262e-06,-4.477281305773479,48.39250332120321
2025-09-04 09:59:29.353778,565,2,POINT (-4.477287789916933 48.392500716932),6.98758505250963e-06,-4.477287789916933,48.392500716932
2025-09-04 09:59:30.353778,566,2,POINT (-4.477294248964928 48.392498096711506),6.970283812778781e-06,-4.477294248964928,48.392498096711506
2025-09-04 09:59:31.353778,567,2,POINT (-4.4773006787432745 48.39249547122592),6.945158323627958e-06,-4.4773006787432745,48.39249547122592
2025-09-04 09:59:32.353778,568,2,POINT (-4.477307077318984 48.392492838641736),6.918979013946469e-06,-4.477307077318984,48.392492838641736
2025-09-04 09:59:33.353778,569,2,POINT (-4.477313418943075 48.39249021849862),6.861584806556683e-06,-4.477313418943075,48.39249021849862
2025-09-04 09:59:34.353778,570,2,POINT (-4.4773197203015185 48.392487612459945),6.818984954906807e-06,-4.4773197203015185,48.392487612459945
2025-09-04 09:59:35.353778,571,2,POINT (-4.477325982522167 48.39248500487446),6.7834290385371085e-06,-4.477325982522167,48.39248500487446
2025-09-04 09:59:36.353778,572,2,POINT (-4.477332240285393 48.39248237645182),6.787356346659627e-06,-4.477332240285393,48.39248237645182
2025-09-04 09:59:37.353778,573,2,POINT (-4.477338461237935 48.39247974311059),6.75534873584803e-06,-4.477338461237935,48.39247974311059
2025-09-04 09:59:38.353778,574,2,POINT (-4.477344676489709 48.392477097798114),6.754778509620002e-06,-4.477344676489709,48.392477097798114
2025-09-04 09:59:39.353778,575,2,POINT (-4.477350892547261 48.39247443670775),6.761713792656447e-06,-4.477350892547261,48.39247443670775
2025-09-04 09:59:40.353778,576,2,POINT (-4.477357095902802 48.3924717607244),6.755923835146744e-06,-4.477357095902802,48.3924717607244
2025-09-04 09:59:41.353778,577,2,POINT (-4.477363286890482 48.39246907877012),6.746940580916748e-06,-4.477363286890482,48.39246907877012
2025-09-04 09:59:42.353778,578,2,POINT (-4.477369476552315 48.39246637320395),6.755146327289749e-06,-4.477369476552315,48.39246637320395
2025-09-04 09:59:43.353778,579,2,POINT (-4.477375640314089 48.39246367249695),6.7294708191849e-06,-4.477375640314089,48.39246367249695
2025-09-04 09:59:44.353778,580,2,POINT (-4.477381779859586 48.39246095848536),6.712665479269802e-06,-4.477381779859586,48.39246095848536
2025-09-04 09:59:45.353778,581,2,POINT (-4.47738792069279 48.39245821659129),6.72516286321568e-06,-4.47738792069279,48.39245821659129
2025-09-04 09:59:46.353778,582,2,POINT (-4.477394011448716 48.392455481371826),6.676730730808839e-06,-4.477394011448716,48.392455481371826
2025-09-04 09:59:47.353778,583,2,POINT (-4.477400108293955 48.39245272220367),6.692124533855746e-06,-4.477400108293955,48.39245272220367
2025-09-04 09:59:48.353778,584,2,POINT (-4.477406228461108 48.3924499286315),6.7275918020616245e-06,-4.477406228461108,48.3924499286315
2025-09-04 09:59:49.353778,585,2,POINT (-4.477412322488588 48.39244713471986),6.703962498610294e-06,-4.477412322488588,48.39244713471986
2025-09-04 09:59:50.353778,586,2,POINT (-4.477418368042195 48.39244435451055),6.654192829169358e-06,-4.477418368042195,48.39244435451055
2025-09-04 09:59:51.353778,587,2,POINT (-4.47742442577547 48.39244155058297),6.675188559087406e-06,-4.47742442577547,48.39244155058297
2025-09-04 09:59:52.353778,588,2,POINT (-4.4774304702609315 48.3924387459533),6.663463971464101e-06,-4.4774304702609315,48.3924387459533
2025-09-04 09:59:53.353778,589,2,POINT (-4.4774365022496765 48.392435935295175),6.654674094886983e-06,-4.4774365022496765,48.392435935295175
2025-09-04 09:59:54.353778,590,2,POINT (-4.477442503673958 48.392433135651615),6.6223181339831974e-06,-4.477442503673958,48.392433135651615
2025-09-04 09:59:55.353778,591,2,POINT (-4.477448486639268 48.39243033981561),6.603981592076901e-06,-4.477448486639268,48.39243033981561
2025-09-04 09:59:56.353778,592,2,POINT (-4.47745446616843 48.392427532087375),6.6059145350815985e-06,-4.47745446616843,48.392427532087375
2025-09-04 09:59:57.353778,593,2,POINT (-4.477460435656027 48.39242472562013),6.5962899084019325e-06,-4.477460435656027,48.39242472562013
2025-09-04 09:59:58.353778,594,2,POINT (-4.47746634257828 48.39242194282225),6.5296014075338246e-06,-4.47746634257828,48.39242194282225
2025-09-04 09:59:59.353778,595,2,POINT (-4.477472253993057 48.3924191553511),6.535657587410791e-06,-4.477472253993057,48.3924191553511
2025-09-04 10:00:00.353778,596,2,POINT (-4.4774781721886425 48.39241635076512),6.549102344231711e-06,-4.4774781721886425,48.39241635076512
2025-09-04 10:00:01.353778,597,2,POINT (-4.477484055517572 48.39241355182877),6.515182575269155e-06,-4.477484055517572,48.39241355182877
2025-09-04 10:00:02.353778,598,2,POINT (-4.477489953365297 48.392410732818654),6.5369278567875605e-06,-4.477489953365297,48.392410732818654
2025-09-04 10:00:03.353778,599,2,POINT (-4.477495878327708 48.3924078775402),6.577065805393743e-06,-4.477495878327708,48.3924078775402
2025-09-04 10:00:04.353778,600,2,POINT (-4.477501834595836 48.39240498587344),6.6210925587029615e-06,-4.477501834595836,48.39240498587344
2025-09-04 10:00:05.353778,601,2,POINT (-4.477507769852337 48.39240209900507),6.6000968726669175e-06,-4.477507769852337,48.39240209900507
2025-09-04 10:00:06.353778,602,2,POINT (-4.477513717802608 48.39239918775644),6.622196086263935e-06,-4.477513717802608,48.39239918775644
2025-09-04 10:00:07.353778,603,2,POINT (-4.4775196003500115 48.392396294653985),6.5554866921396365e-06,-4.4775196003500115,48.392396294653985
2025-09-04 10:00:08.353778,604,2,POINT (-4.477525509244023 48.39239337300598),6.59174146185219e-06,-4.477525509244023,48.39239337300598
2025-09-04 10:00:09.353778,605,2,POINT (-4.477531385879306 48.392390452566254),6.562302221694245e-06,-4.477531385879306,48.392390452566254
2025-09-04 10:00:10.353778,606,2,POINT (-4.477537234264641 48.39238754111387),6.533005894137645e-06,-4.477537234264641,48.39238754111387
2025-09-04 10:00:11.353778,607,2,POINT (-4.477543076127841 48.392384618865606),6.5319905508165755e-06,-4.477543076127841,48.392384618865606
2025-09-04 10:00:12.353778,608,2,POINT (-4.477548899710305 48.392381697540024),6.515232602970056e-06,-4.477548899710305,48.392381697540024
2025-09-04 10:00:13.353778,609,2,POINT (-4.477554720566349 48.392378767452264),6.516730727091055e-06,-4.477554720566349,48.392378767452264
2025-09-04 10:00:14.353778,610,2,POINT (-4.47756054980953 48.39237581919726),6.532402591302819e-06,-4.47756054980953,48.39237581919726
2025-09-04 10:00:15.353778,611,2,POINT (-4.477566360311417 48.392372875296765),6.513714939700545e-06,-4.477566360311417,48.392372875296765
2025-09-04 10:00:16.353778,612,2,POINT (-4.477572180552821 48.39236991455866),6.5300214509284945e-06,-4.477572180552821,48.39236991455866
2025-09-04 10:00:17.353778,613,2,POINT (-4.477577991289396 48.392366947208345),6.524555725412192e-06,-4.477577991289396,48.392366947208345
2025-09-04 10:00:18.353778,614,2,POINT (-4.477583810809676 48.39236396657787),6.538422924283413e-06,-4.477583810809676,48.39236396657787
2025-09-04 10:00:19.353778,615,2,POINT (-4.4775896310039185 48.39236098013373),6.541674831513083e-06,-4.4775896310039185,48.39236098013373
2025-09-04 10:00:20.353778,616,2,POINT (-4.477595470829129 48.39235796753315),6.571097376909338e-06,-4.477595470829129,48.39235796753315
2025-09-04 10:00:21.353778,617,2,POINT (-4.477601314568059 48.39235494304381),6.58003194819362e-06,-4.477601314568059,48.39235494304381
2025-09-04 10:00:22.353778,618,2,POINT (-4.477607176260135 48.39235189792043),6.605468222135515e-06,-4.477607176260135,48.39235189792043
2025-09-04 10:00:23.353778,619,2,POINT (-4.477613020787389 48.3923488613549),6.586290993126471e-06,-4.477613020787389,48.3923488613549
2025-09-04 10:00:24.353778,620,2,POINT (-4.477618883408566 48.39234580842439),6.609894988510184e-06,-4.477618883408566,48.39234580842439
2025-09-04 10:00:25.353778,621,2,POINT (-4.477624754573405 48.39234274051353),6.624398358452857e-06,-4.477624754573405,48.39234274051353
2025-09-04 10:00:26.353778,622,2,POINT (-4.477630624136366 48.392339666275575),6.625911887427698e-06,-4.477630624136366,48.392339666275575
2025-09-04 10:00:27.353778,623,2,POINT (-4.47763649364585 48.39233658848475),6.627513706166553e-06,-4.47763649364585,48.39233658848475
2025-09-04 10:00:28.353778,624,2,POINT (-4.4776423778407946 48.392333489009786),6.650601116748898e-06,-4.4776423778407946,48.392333489009786
2025-09-04 10:00:29.353778,625,2,POINT (-4.477648616474492 48.39233062969266),6.862670387799254e-06,-4.477648616474492,48.39233062969266
2025-09-04 10:00:30.353778,626,2,POINT (-4.477655194542679 48.39232801824536),7.07747398971294e-06,-4.477655194542679,48.39232801824536
2025-09-04 10:00:31.353778,627,2,POINT (-4.477662145859461 48.392325619531164),7.353545728865078e-06,-4.477662145859461,48.392325619531164
2025-09-04 10:00:32.353778,628,2,POINT (-4.477669436989404 48.39232345029853),7.606980089668804e-06,-4.477669436989404,48.39232345029853
2025-09-04 10:00:33.353778,629,2,POINT (-4.47767707753996 48.3923214842026),7.889457902807565e-06,-4.47767707753996,48.3923214842026
2025-09-04 10:00:34.353778,630,2,POINT (-4.47768501048864 48.39231975949749),8.118268440412102e-06,-4.47768501048864,48.39231975949749
2025-09-04 10:00:35.353778,631,2,POINT (-4.477693240603878 48.39231827576234),8.362790611185607e-06,-4.477693240603878,48.39231827576234
2025-09-04 10:00:36.353778,632,2,POINT (-4.477701786196649 48.3923170216736),8.637123038881745e-06,-4.477701786196649,48.3923170216736
2025-09-04 10:00:37.353778,633,2,POINT (-4.477710649857741 48.39231600002316),8.922345968435751e-06,-4.477710649857741,48.39231600002316
2025-09-04 10:00:38.353778,634,2,POINT (-4.477719822805256 48.392315201936135),9.207600611145425e-06,-4.477719822805256,48.392315201936135
2025-09-04 10:00:39.353778,635,2,POINT (-4.477729298193586 48.39231462956646),9.492659851312303e-06,-4.477729298193586,48.39231462956646
2025-09-04 10:00:40.353778,636,2,POINT (-4.477739051879476 48.39231428155487),9.759892443486211e-06,-4.477739051879476,48.39231428155487
2025-09-04 10:00:41.353778,637,2,POINT (-4.477749070409704 48.39231417177234),1.0019131705152549e-05,-4.477749070409704,48.39231417177234
2025-09-04 10:00:42.353778,638,2,POINT (-4.477759345085073 48.392314290779396),1.0275364549308306e-05,-4.477759345085073,48.392314290779396
2025-09-04 10:00:43.353778,639,2,POINT (-4.47776989281945 48.39231462582282),1.0553054277083833e-05,-4.47776989281945,48.39231462582282
2025-09-04 10:00:44.353778,640,2,POINT (-4.47778037445431 48.3923149205361),1.0485777284833513e-05,-4.47778037445431,48.3923149205361
2025-09-04 10:00:45.353778,641,2,POINT (-4.477790755642845 48.392315184432),1.0384542187114918e-05,-4.477790755642845,48.392315184432
2025-09-04 10:00:46.353778,642,2,POINT (-4.477800689149878 48.39231519031031),9.933508772226244e-06,-4.477800689149878,48.39231519031031
2025-09-04 10:00:47.353778,643,2,POINT (-4.477810228642656 48.392314913761),9.543500509972945e-06,-4.477810228642656,48.392314913761
2025-09-04 10:00:48.353778,644,2,POINT (-4.477819355886739 48.392314356258055),9.144254703697482e-06,-4.477819355886739,48.392314356258055
2025-09-04 10:00:49.353778,645,2,POINT (-4.477828104656405 48.392313514604204),8.789161044943626e-06,-4.477828104656405,48.392313514604204
2025-09-04 10:00:50.353778,646,2,POINT (-4.477836496353288 48.39231238472441),8.46742020464736e-06,-4.477836496353288,48.39231238472441
2025-09-04 10:00:51.353778,647,2,POINT (-4.477844507815226 48.392310982991),8.133165370127976e-06,-4.477844507815226,48.392310982991
2025-09-04 10:00:52.353778,648,2,POINT (-4.477852181070195 48.3923092939433),7.856953859795316e-06,-4.477852181070195,48.3923092939433
2025-09-04 10:00:53.353778,649,2,POINT (-4.477859462462511 48.392307344763466),7.537769967899513e-06,-4.477859462462511,48.392307344763466
2025-09-04 10:00:54.353778,650,2,POINT (-4.477866389627412 48.392305129577466),7.272734188403373e-06,-4.477866389627412,48.392305129577466
2025-09-04 10:00:55.353778,651,2,POINT (-4.477873000008603 48.392302626694445),7.068349376245542e-06,-4.477873000008603,48.392302626694445
2025-09-04 10:00:56.353778,652,2,POINT (-4.477879283130833 48.392299846105644),6.870902345658423e-06,-4.477879283130833,48.392299846105644
2025-09-04 10:00:57.353778,653,2,POINT (-4.477885279106462 48.39229678180458),6.7336219629196474e-06,-4.477885279106462,48.39229678180458
2025-09-04 10:00:58.353778,654,2,POINT (-4.47789128009044 48.392293717809196),6.737943041735047e-06,-4.47789128009044,48.392293717809196
2025-09-04 10:00:59.353778,655,2,POINT (-4.477897338287561 48.39229063776319),6.796207454043192e-06,-4.477897338287561,48.39229063776319
2025-09-04 10:01:00.353778,656,2,POINT (-4.477903389378837 48.39228756770542),6.785348948819311e-06,-4.477903389378837,48.39228756770542
2025-09-04 10:01:01.353778,657,2,POINT (-4.47790948513637 48.392284479580645),6.833357483449355e-06,-4.47790948513637,48.392284479580645
2025-09-04 10:01:02.353778,658,2,POINT (-4.477915589981807 48.392281375178555),6.848828377797122e-06,-4.477915589981807,48.392281375178555
2025-09-04 10:01:03.353778,659,2,POINT (-4.477921721273953 48.39227826015947),6.877215081013037e-06,-4.477921721273953,48.39227826015947
2025-09-04 10:01:04.353778,660,2,POINT (-4.477927881310411 48.392275136626324),6.906700260348215e-06,-4.477927881310411,48.392275136626324
2025-09-04 10:01:05.353778,661,2,POINT (-4.477934024464442 48.39227202049359),6.888296208556705e-06,-4.477934024464442,48.39227202049359
2025-09-04 10:01:06.353778,662,2,POINT (-4.477940164416363 48.39226890971577),6.883018833523703e-06,-4.477940164416363,48.39226890971577
2025-09-04 10:01:07.353778,663,2,POINT (-4.477946334313831 48.39226578161367),6.9175615270758056e-06,-4.477946334313831,48.39226578161367
2025-09-04 10:01:08.353778,664,2,POINT (-4.477952514564946 48.39226264380623),6.9311860039492156e-06,-4.477952514564946,48.39226264380623
2025-09-04 10:01:09.353778,665,2,POINT (-4.4779586806838 48.392259514278166),6.914836773277215e-06,-4.4779586806838,48.392259514278166
2025-09-04 10:01:10.353778,666,2,POINT (-4.47796483776446 48.39225638432976),6.906968890700014e-06,-4.47796483776446,48.39225638432976
2025-09-04 10:01:11.353778,667,2,POINT (-4.477970997882246 48.39225325487647),6.909452151948544e-06,-4.477970997882246,48.39225325487647
2025-09-04 10:01:12.353778,668,2,POINT (-4.477977154225073 48.39225012712198),6.90531716459726e-06,-4.477977154225073,48.39225012712198
2025-09-04 10:01:13.353778,669,2,POINT (-4.47798330327199 48.39224699700635),6.8998841905616195e-06,-4.47798330327199,48.39224699700635
2025-09-04 10:01:14.353778,670,2,POINT (-4.477989118130733 48.39224361050262),6.7291150792048065e-06,-4.477989118130733,48.39224361050262
2025-09-04 10:01:15.353778,671,2,POINT (-4.477994627234485 48.392239957802204),6.610026056237213e-06,-4.477994627234485,48.392239957802204
2025-09-04 10:01:16.353778,672,2,POINT (-4.477999788928179 48.39223605251069),6.472587087745868e-06,-4.477999788928179,48.39223605251069
2025-09-04 10:01:17.353778,673,2,POINT (-4.478004623875501 48.39223190946114),6.367226648113045e-06,-4.478004623875501,48.39223190946114
2025-09-04 10:01:18.353778,674,2,POINT (-4.478009151328266 48.39222752108112),6.305212743335434e-06,-4.478009151328266,48.39222752108112
2025-09-04 10:01:19.353778,675,2,POINT (-4.478013338000559 48.39222290768602),6.229898813731609e-06,-4.478013338000559,48.39222290768602
2025-09-04 10:01:20.353778,676,2,POINT (-4.478017275249405 48.39221803292541),6.26619656890241e-06,-4.478017275249405,48.39221803292541
2025-09-04 10:01:21.353778,677,2,POINT (-4.478020910977008 48.39221292313665),6.271240422981909e-06,-4.478020910977008,48.39221292313665
2025-09-04 10:01:22.353778,678,2,POINT (-4.478024228682843 48.39220757973206),6.2896060764386245e-06,-4.478024228682843,48.39220757973206
2025-09-04 10:01:23.353778,679,2,POINT (-4.478027233435499 48.392202016871984),6.322495609993184e-06,-4.478027233435499,48.392202016871984
2025-09-04 10:01:24.353778,680,2,POINT (-4.478029949320991 48.392196221906886),6.399816754457743e-06,-4.478029949320991,48.392196221906886
2025-09-04 10:01:25.353778,681,2,POINT (-4.478032365989022 48.3921902110095),6.478516170276735e-06,-4.478032365989022,48.3921902110095
2025-09-04 10:01:26.353778,682,2,POINT (-4.47803447973058 48.392183978102864),6.581567328304055e-06,-4.47803447973058,48.392183978102864
2025-09-04 10:01:27.353778,683,2,POINT (-4.478036645821668 48.39217778116154),6.564604507237107e-06,-4.478036645821668,48.39217778116154
2025-09-04 10:01:28.353778,684,2,POINT (-4.478038835662294 48.392171634548895),6.5250478170624224e-06,-4.478038835662294,48.392171634548895
2025-09-04 10:01:29.353778,685,2,POINT (-4.478041065285604 48.39216552838435),6.5004973277047585e-06,-4.478041065285604,48.39216552838435
2025-09-04 10:01:30.353778,686,2,POINT (-4.478043306601677 48.3921594775401),6.452612955126161e-06,-4.478043306601677,48.3921594775401
2025-09-04 10:01:31.353778,687,2,POINT (-4.478045575755275 48.39215346965343),6.42213050866756e-06,-4.478045575755275,48.39215346965343
2025-09-04 10:01:32.353778,688,2,POINT (-4.478047891652156 48.39214749269312),6.409947964369292e-06,-4.478047891652156,48.39214749269312
2025-09-04 10:01:33.353778,689,2,POINT (-4.478050241626255 48.39214155206681),6.388538112095986e-06,-4.478050241626255,48.39214155206681
2025-09-04 10:01:34.353778,690,2,POINT (-4.478052571853872 48.392135675030644),6.322144797921636e-06,-4.478052571853872,48.392135675030644
2025-09-04 10:01:35.353778,691,2,POINT (-4.478054909479598 48.39212983605906),6.289521696226468e-06,-4.478054909479598,48.39212983605906
2025-09-04 10:01:36.353778,692,2,POINT (-4.478057257004379 48.39212404043897),6.253006063814625e-06,-4.478057257004379,48.39212404043897
2025-09-04 10:01:37.353778,693,2,POINT (-4.4780596073588015 48.39211828933032),6.212842879219722e-06,-4.4780596073588015,48.39211828933032
2025-09-04 10:01:38.353778,694,2,POINT (-4.478061973638727 48.39211258314334),6.1773659893330175e-06,-4.478061973638727,48.39211258314334
2025-09-04 10:01:39.353778,695,2,POINT (-4.47806436884162 48.39210692144935),6.147501584831173e-06,-4.47806436884162,48.39210692144935
2025-09-04 10:01:40.353778,696,2,POINT (-4.4780667839956845 48.39210129705086),6.121015236807128e-06,-4.4780667839956845,48.39210129705086
2025-09-04 10:01:41.353778,697,2,POINT (-4.478069207795454 48.392095725354416),6.076068346871207e-06,-4.478069207795454,48.392095725354416
2025-09-04 10:01:42.353778,698,2,POINT (-4.478071639542443 48.39209019583982),6.040606350286843e-06,-4.478071639542443,48.39209019583982
2025-09-04 10:01:43.353778,699,2,POINT (-4.478074065790958 48.39208472295511),5.98658073479762e-06,-4.478074065790958,48.39208472295511
2025-09-04 10:01:44.353778,700,2,POINT (-4.4780765014271 48.392079291701656),5.952380827571836e-06,-4.4780765014271,48.392079291701656
2025-09-04 10:01:45.353778,701,2,POINT (-4.478078950625467 48.39207389168146),5.929484861827488e-06,-4.478078950625467,48.39207389168146
2025-09-04 10:01:46.353778,702,2,POINT (-4.478081460472875 48.39206850563549),5.942122954319609e-06,-4.478081460472875,48.39206850563549
2025-09-04 10:01:47.353778,703,2,POINT (-4.478084011842371 48.39206313870291),5.942512234652297e-06,-4.478084011842371,48.39206313870291
2025-09-04 10:01:48.353778,704,2,POINT (-4.478086594772983 48.392057792113064),5.937807130226232e-06,-4.478086594772983,48.392057792113064
2025-09-04 10:01:49.353778,705,2,POINT (-4.478089237545641 48.39205245460976),5.955937275770035e-06,-4.478089237545641,48.39205245460976
2025-09-04 10:01:50.353778,706,2,POINT (-4.478091879540406 48.3920471422474),5.933070891185467e-06,-4.478091879540406,48.3920471422474
2025-09-04 10:01:51.353778,707,2,POINT (-4.478094559186877 48.392041838303534),5.942417499382917e-06,-4.478094559186877,48.392041838303534
2025-09-04 10:01:52.353778,708,2,POINT (-4.4780972607391725 48.39203656181328),5.927877717254335e-06,-4.4780972607391725,48.39203656181328
2025-09-04 10:01:53.353778,709,2,POINT (-4.478099987175641 48.39203131072221),5.916706281289834e-06,-4.478099987175641,48.39203131072221
2025-09-04 10:01:54.353778,710,2,POINT (-4.478102722147408 48.39202609408926),5.8901044047456635e-06,-4.478102722147408,48.39202609408926
2025-09-04 10:01:55.353778,711,2,POINT (-4.4781055077391025 48.392020888065595),5.904422367384559e-06,-4.4781055077391025,48.392020888065595
2025-09-04 10:01:56.353778,712,2,POINT (-4.478108319588111 48.392015700074644),5.900995250943353e-06,-4.478108319588111,48.392015700074644
2025-09-04 10:01:57.353778,713,2,POINT (-4.4781111557258 48.39201053649636),5.891198325887219e-06,-4.4781111557258,48.39201053649636
2025-09-04 10:01:58.353778,714,2,POINT (-4.47811401377552 48.392005409109295),5.870140227286999e-06,-4.47811401377552,48.392005409109295
2025-09-04 10:01:59.353778,715,2,POINT (-4.478116863730763 48.39200032117373),5.831752153403775e-06,-4.478116863730763,48.39200032117373
2025-09-04 10:02:00.353778,716,2,POINT (-4.478119759528843 48.39199524524533),5.843859652074122e-06,-4.478119759528843,48.39199524524533
2025-09-04 10:02:01.353778,717,2,POINT (-4.47812268087938 48.39199019658248),5.832948270930373e-06,-4.47812268087938,48.39199019658248
2025-09-04 10:02:02.353778,718,2,POINT (-4.478125673831477 48.39198513498797),5.88026370836837e-06,-4.478125673831477,48.39198513498797
2025-09-04 10:02:03.353778,719,2,POINT (-4.47812872273871 48.39198006453513),5.916530003045414e-06,-4.47812872273871,48.39198006453513
2025-09-04 10:02:04.353778,720,2,POINT (-4.478131772738267 48.39197502381729),5.8916325147734246e-06,-4.478131772738267,48.39197502381729
2025-09-04 10:02:05.353778,721,2,POINT (-4.478134845758903 48.39197001264292),5.878377697814446e-06,-4.478134845758903,48.39197001264292
2025-09-04 10:02:06.353778,722,2,POINT (-4.4781379672618975 48.391964998862356),5.906079622606054e-06,-4.4781379672618975,48.391964998862356
2025-09-04 10:02:07.353778,723,2,POINT (-4.478141085081435 48.39196002342782),5.8716051882134654e-06,-4.478141085081435,48.39196002342782
2025-09-04 10:02:08.353778,724,2,POINT (-4.478144228410526 48.391955048292274),5.884937678422599e-06,-4.478144228410526,48.391955048292274
2025-09-04 10:02:09.353778,725,2,POINT (-4.478147397259784 48.39195007558101),5.896563656939858e-06,-4.478147397259784,48.39195007558101
2025-09-04 10:02:10.353778,726,2,POINT (-4.478150579650675 48.39194511830056),5.890860820118013e-06,-4.478150579650675,48.39194511830056
2025-09-04 10:02:11.353778,727,2,POINT (-4.4781538327519055 48.39194013552572),5.950690104378139e-06,-4.4781538327519055,48.39194013552572
2025-09-04 10:02:12.353778,728,2,POINT (-4.478157127383382 48.39193513829623),5.985557545266994e-06,-4.478157127383382,48.39193513829623
2025-09-04 10:02:13.353778,729,2,POINT (-4.4781604693059585 48.39193012531143),6.024820588283755e-06,-4.4781604693059585,48.39193012531143
2025-09-04 10:02:14.353778,730,2,POINT (-4.478163861780343 48.39192510526708),6.058855319450185e-06,-4.478163861780343,48.39192510526708
2025-09-04 10:02:15.353778,731,2,POINT (-4.478167288955422 48.39192008889562),6.075319880480885e-06,-4.478167288955422,48.39192008889562
2025-09-04 10:02:16.353778,732,2,POINT (-4.478170726990662 48.391915086354324),6.070049892634054e-06,-4.478170726990662,48.391915086354324
2025-09-04 10:02:17.353778,733,2,POINT (-4.4781741644959165 48.39191011376134),6.045090846923717e-06,-4.4781741644959165,48.39191011376134
2025-09-04 10:02:18.353778,734,2,POINT (-4.478177626846381 48.39190515245094),6.049997656723485e-06,-4.478177626846381,48.39190515245094
2025-09-04 10:02:19.353778,735,2,POINT (-4.478181120599338 48.39190020061923),6.060276146014578e-06,-4.478181120599338,48.39190020061923
2025-09-04 10:02:20.353778,736,2,POINT (-4.478184608977805 48.39189527229047),6.037980517731265e-06,-4.478184608977805,48.39189527229047
2025-09-04 10:02:21.353778,737,2,POINT (-4.478188115092686 48.39189036013883),6.035070445108423e-06,-4.478188115092686,48.39189036013883
2025-09-04 10:02:22.353778,738,2,POINT (-4.478191625918015 48.391885479574015),6.012138339860031e-06,-4.478191625918015,48.391885479574015
2025-09-04 10:02:23.353778,739,2,POINT (-4.478195142010599 48.39188061532737),6.0019832093628866e-06,-4.478195142010599,48.39188061532737
2025-09-04 10:02:24.353778,740,2,POINT (-4.478198674728054 48.39187575421378),6.009202775690196e-06,-4.478198674728054,48.39187575421378
2025-09-04 10:02:25.353778,741,2,POINT (-4.478202214225886 48.3918709115775),5.998264002432396e-06,-4.478202214225886,48.3918709115775
2025-09-04 10:02:26.353778,742,2,POINT (-4.478205840391363 48.39186603174469),6.079625341774984e-06,-4.478205840391363,48.39186603174469
2025-09-04 10:02:27.353778,743,2,POINT (-4.478209478714657 48.39186115631922),6.083351862669805e-06,-4.478209478714657,48.39186115631922
2025-09-04 10:02:28.353778,744,2,POINT (-4.478213106759153 48.391856308395404),6.055169049472876e-06,-4.478213106759153,48.391856308395404
2025-09-04 10:02:29.353778,745,2,POINT (-4.478216752335483 48.39185146272792),6.063886554063357e-06,-4.478216752335483,48.39185146272792
2025-09-04 10:02:30.353778,746,2,POINT (-4.478220369273405 48.39184665895284),6.0131934046627775e-06,-4.478220369273405,48.39184665895284
2025-09-04 10:02:31.353778,747,2,POINT (-4.4782240423964295 48.39184182334306),6.072475175613858e-06,-4.4782240423964295,48.39184182334306
2025-09-04 10:02:32.353778,748,2,POINT (-4.478227706342417 48.391836998915295),6.058019761582947e-06,-4.478227706342417,48.391836998915295
2025-09-04 10:02:33.353778,749,2,POINT (-4.4782313760545644 48.39183219031328),6.048920612626581e-06,-4.4782313760545644,48.39183219031328
2025-09-04 10:02:34.353778,750,2,POINT (-4.478235062105284 48.391827383561825),6.05737810145137e-06,-4.478235062105284,48.391827383561825
2025-09-04 10:02:35.353778,751,2,POINT (-4.478238766952304 48.39182257871494),6.067326022038336e-06,-4.478238766952304,48.39182257871494
2025-09-04 10:02:36.353778,752,2,POINT (-4.47824251740975 48.39181775608368),6.109312831719966e-06,-4.47824251740975,48.39181775608368
2025-09-04 10:02:37.353778,753,2,POINT (-4.478246298907294 48.391812929297615),6.1316871589631894e-06,-4.478246298907294,48.391812929297615
2025-09-04 10:02:38.353778,754,2,POINT (-4.4782500963643335 48.39180812081833),6.127165166299013e-06,-4.4782500963643335,48.39180812081833
2025-09-04 10:02:39.353778,755,2,POINT (-4.478253900366251 48.391803315360264),6.128854529391878e-06,-4.478253900366251,48.391803315360264
2025-09-04 10:02:40.353778,756,2,POINT (-4.478257731033484 48.39179851778931),6.139275078115021e-06,-4.478257731033484,48.39179851778931
2025-09-04 10:02:41.353778,757,2,POINT (-4.478261552498652 48.39179374859273),6.111369080790945e-06,-4.478261552498652,48.39179374859273
2025-09-04 10:02:42.353778,758,2,POINT (-4.4782653369890975 48.39178902488553),6.052749593329643e-06,-4.4782653369890975,48.39178902488553
2025-09-04 10:02:43.353778,759,2,POINT (-4.478269147246419 48.391784303332116),6.067217444634889e-06,-4.478269147246419,48.391784303332116
2025-09-04 10:02:44.353778,760,2,POINT (-4.478272968265499 48.39177958307291),6.072975694360033e-06,-4.478272968265499,48.39177958307291
2025-09-04 10:02:45.353778,761,2,POINT (-4.478276807014303 48.39177486315427),6.083882343318561e-06,-4.478276807014303,48.39177486315427
2025-09-04 10:02:46.353778,762,2,POINT (-4.4782811148598825 48.39177031788679),6.262347004259122e-06,-4.4782811148598825,48.39177031788679
2025-09-04 10:02:47.353778,763,2,POINT (-4.4782858445402765 48.39176596965806),6.424715534718131e-06,-4.4782858445402765,48.39176596965806
2025-09-04 10:02:48.353778,764,2,POINT (-4.47829099066591 48.39176182755251),6.606031141525858e-06,-4.47829099066591,48.39176182755251
2025-09-04 10:02:49.353778,765,2,POINT (-4.478296534731269 48.39175790009155),6.7942336063660955e-06,-4.478296534731269,48.39175790009155
2025-09-04 10:02:50.353778,766,2,POINT (-4.478302466877753 48.39175418079695),7.001679384085867e-06,-4.478302466877753,48.39175418079695
2025-09-04 10:02:51.353778,767,2,POINT (-4.478308775469122 48.39175067826813),7.2156796768398465e-06,-4.478308775469122,48.39175067826813
2025-09-04 10:02:52.353778,768,2,POINT (-4.478315057933588 48.39174717510376),7.193157886708692e-06,-4.478315057933588,48.39174717510376
2025-09-04 10:02:53.353778,769,2,POINT (-4.478321329445636 48.39174365494422),7.191897284178014e-06,-4.478321329445636,48.39174365494422
2025-09-04 10:02:54.353778,770,2,POINT (-4.478327565651683 48.39174014731505),7.1549792646326975e-06,-4.478327565651683,48.39174014731505
2025-09-04 10:02:55.353778,771,2,POINT (-4.478333777256025 48.39173665252186),7.127244064031851e-06,-4.478333777256025,48.39173665252186
2025-09-04 10:02:56.353778,772,2,POINT (-4.478339968014148 48.39173315144618),7.112173860207967e-06,-4.478339968014148,48.39173315144618
2025-09-04 10:02:57.353778,773,2,POINT (-4.478346154861986 48.39172963099205),7.118334316445988e-06,-4.478346154861986,48.39172963099205
2025-09-04 10:02:58.353778,774,2,POINT (-4.478352360933354 48.39172607457948),7.152859024203257e-06,-4.478352360933354,48.39172607457948
2025-09-04 10:02:59.353778,775,2,POINT (-4.478358528516644 48.39172252260103),7.117277186820327e-06,-4.478358528516644,48.39172252260103
2025-09-04 10:03:00.353778,776,2,POINT (-4.478364688785942 48.391718959304036),7.116600542676676e-06,-4.478364688785942,48.391718959304036
2025-09-04 10:03:01.353778,777,2,POINT (-4.478370843088254 48.391715387397625),7.1157538155045415e-06,-4.478370843088254,48.391715387397625
2025-09-04 10:03:02.353778,778,2,POINT (-4.47837697284842 48.39171181535317),7.094607902357554e-06,-4.47837697284842,48.39171181535317
2025-09-04 10:03:03.353778,779,2,POINT (-4.478383111068358 48.39170822287617),7.112217305527759e-06,-4.478383111068358,48.39170822287617
2025-09-04 10:03:04.353778,780,2,POINT (-4.478389246769297 48.39170461414136),7.118271765699888e-06,-4.478389246769297,48.39170461414136
2025-09-04 10:03:05.353778,781,2,POINT (-4.478395356586738 48.391701010373716),7.093448413559395e-06,-4.478395356586738,48.391701010373716
2025-09-04 10:03:06.353778,782,2,POINT (-4.478401491206423 48.39169736220229),7.13741644127316e-06,-4.478401491206423,48.39169736220229
2025-09-04 10:03:07.353778,783,2,POINT (-4.478407589551054 48.39169372582377),7.100215204352096e-06,-4.478407589551054,48.39169372582377
2025-09-04 10:03:08.353778,784,2,POINT (-4.4784136787846 48.39169009295018),7.090594877646555e-06,-4.4784136787846,48.39169009295018
2025-09-04 10:03:09.353778,785,2,POINT (-4.478419755364734 48.391686460510286),7.0795088598056094e-06,-4.478419755364734,48.391686460510286
2025-09-04 10:03:10.353778,786,2,POINT (-4.478425806331511 48.39168282962541),7.056736067506289e-06,-4.478425806331511,48.39168282962541
2025-09-04 10:03:11.353778,787,2,POINT (-4.478431850689803 48.39167919275379),7.054154968455308e-06,-4.478431850689803,48.39167919275379
2025-09-04 10:03:12.353778,788,2,POINT (-4.478437886593589 48.391675555306925),7.047208967126197e-06,-4.478437886593589,48.391675555306925
2025-09-04 10:03:13.353778,789,2,POINT (-4.478444536911315 48.391672252252846),7.425422015237922e-06,-4.478444536911315,48.391672252252846
2025-09-04 10:03:14.353778,790,2,POINT (-4.478451797037464 48.391669294018484),7.839679983203834e-06,-4.478451797037464,48.391669294018484
2025-09-04 10:03:15.353778,791,2,POINT (-4.478459720744483 48.3916666436524),8.355212343137623e-06,-4.478459720744483,48.3916666436524
2025-09-04 10:03:16.353778,792,2,POINT (-4.478468274945679 48.39166433474854),8.86032703332499e-06,-4.478468274945679,48.39166433474854
2025-09-04 10:03:17.353778,793,2,POINT (-4.478477443513044 48.39166238675044),9.373223785033701e-06,-4.478477443513044,48.39166238675044
2025-09-04 10:03:18.353778,794,2,POINT (-4.478487268257889 48.391660773045096),9.956387708893267e-06,-4.478487268257889,48.391660773045096
2025-09-04 10:03:19.353778,795,2,POINT (-4.478497730699076 48.3916595149795),1.0537808341215445e-05,-4.478497730699076,48.3916595149795
2025-09-04 10:03:20.353778,796,2,POINT (-4.4785088292684225 48.39165862040154),1.1134563810790107e-05,-4.4785088292684225,48.39165862040154
2025-09-04 10:03:21.353778,797,2,POINT (-4.47852058263236 48.391658081859774),1.1765695520370293e-05,-4.47852058263236,48.391658081859774
2025-09-04 10:03:22.353778,798,2,POINT (-4.478532963553253 48.39165792672195),1.2381892823903095e-05,-4.478532963553253,48.39165792672195
2025-09-04 10:03:23.353778,799,2,POINT (-4.47854595416123 48.39165817456202),1.2992971958310295e-05,-4.47854595416123,48.39165817456202
2025-09-04 10:03:24.353778,800,2,POINT (-4.478559512225796 48.39165886167076),1.3575464382756683e-05,-4.478559512225796,48.39165886167076
2025-09-04 09:50:04.353778,0,3,POINT (-4.380894282657657 48.4060927888),9.700033116820597e-09,-4.380894282657657,48.4060927888
2025-09-04 09:50:05.353778,1,3,POINT (-4.380894292343164 48.40609278933065),9.700033116820597e-09,-4.380894292343164,48.40609278933065
2025-09-04 09:50:06.353778,2,3,POINT (-4.3808943716167015 48.40609279484941),7.946540352996859e-08,-4.3808943716167015,48.40609279484941
2025-09-04 09:50:07.353778,3,3,POINT (-4.380894563844508 48.406092805362505),1.9251507648264595e-07,-4.380894563844508,48.406092805362505
2025-09-04 09:50:08.353778,4,3,POINT (-4.3808948279172455 48.406092821401124),2.645593472382702e-07,-4.3808948279172455,48.406092821401124
2025-09-04 09:50:09.353778,5,3,POINT (-4.380895161090784 48.40609283188071),3.333383094709525e-07,-4.380895161090784,48.40609283188071
2025-09-04 09:50:10.353778,6,3,POINT (-4.38089555186191 48.4060928452237),3.909988591758523e-07,-4.38089555186191,48.4060928452237
2025-09-04 09:50:11.353778,7,3,POINT (-4.380896018770976 48.40609285368209),4.669856747252764e-07,-4.380896018770976,48.40609285368209
2025-09-04 09:50:12.353778,8,3,POINT (-4.3808965260598285 48.40609286728158),5.074711087261776e-07,-4.3808965260598285,48.40609286728158
2025-09-04 09:50:13.353778,9,3,POINT (-4.3808971128827965 48.40609288159554),5.869975172551473e-07,-4.3808971128827965,48.40609288159554
2025-09-04 09:50:14.353778,10,3,POINT (-4.380897752983554 48.4060928983984),6.403212596107187e-07,-4.380897752983554,48.4060928983984
2025-09-04 09:50:15.353778,11,3,POINT (-4.38089847929528 48.40609291001539),7.264046243274895e-07,-4.38089847929528,48.40609291001539
2025-09-04 09:50:16.353778,12,3,POINT (-4.380899300701117 48.406092917465934),8.214396259961693e-07,-4.380899300701117,48.406092917465934
2025-09-04 09:50:17.353778,13,3,POINT (-4.38090013826089 48.40609291682431),8.375600192959547e-07,-4.38090013826089,48.40609291682431
2025-09-04 09:50:18.353778,14,3,POINT (-4.380901093288801 48.406092919112325),9.550306517280473e-07,-4.380901093288801,48.406092919112325
2025-09-04 09:50:19.353778,15,3,POINT (-4.380902072391848 48.406092925756454),9.791255896895999e-07,-4.380902072391848,48.406092925756454
2025-09-04 09:50:20.353778,16,3,POINT (-4.380903113128767 48.40609293431684),1.040772124181759e-06,-4.380903113128767,48.40609293431684
2025-09-04 09:50:21.353778,17,3,POINT (-4.380904199825686 48.40609293889931),1.0867065809564612e-06,-4.380904199825686,48.40609293889931
2025-09-04 09:50:22.353778,18,3,POINT (-4.380905400732109 48.40609294212319),1.2009107504863236e-06,-4.380905400732109,48.40609294212319
2025-09-04 09:50:23.353778,19,3,POINT (-4.380906631027241 48.40609294904631),1.230314610313555e-06,-4.380906631027241,48.40609294904631
2025-09-04 09:50:24.353778,20,3,POINT (-4.380907873180568 48.40609296195453),1.2422203957847766e-06,-4.380907873180568,48.40609296195453
2025-09-04 09:50:25.353778,21,3,POINT (-4.380909114357599 48.40609298254089),1.2413477431172246e-06,-4.380909114357599,48.40609298254089
2025-09-04 09:50:26.353778,22,3,POINT (-4.380910391966559 48.40609300421791),1.2777928422313947e-06,-4.380910391966559,48.40609300421791
2025-09-04 09:50:27.353778,23,3,POINT (-4.38091169897994 48.40609302296172),1.307147776192208e-06,-4.38091169897994,48.40609302296172
2025-09-04 09:50:28.353778,24,3,POINT (-4.380913043015217 48.40609304807471),1.3442698715801685e-06,-4.380913043015217,48.40609304807471
2025-09-04 09:50:29.353778,25,3,POINT (-4.380914447784495 48.40609306576811),1.4048806996715735e-06,-4.380914447784495,48.40609306576811
2025-09-04 09:50:30.353778,26,3,POINT (-4.38091596895877 48.40609307798842),1.5212233604101623e-06,-4.38091596895877,48.40609307798842
2025-09-04 09:50:31.353778,27,3,POINT (-4.380917543125873 48.406093083724116),1.5741775526906836e-06,-4.380917543125873,48.406093083724116
2025-09-04 09:50:32.353778,28,3,POINT (-4.380919136120803 48.40609308099282),1.5929972712403992e-06,-4.380919136120803,48.40609308099282
2025-09-04 09:50:33.353778,29,3,POINT (-4.380920776035538 48.40609307766598),1.6399181091939658e-06,-4.380920776035538,48.40609307766598
2025-09-04 09:50:34.353778,30,3,POINT (-4.380922509801744 48.4060930792021),1.7337668866623302e-06,-4.380922509801744,48.4060930792021
2025-09-04 09:50:35.353778,31,3,POINT (-4.380924276705356 48.40609307756005),1.766904374875459e-06,-4.380924276705356,48.40609307756005
2025-09-04 09:50:36.353778,32,3,POINT (-4.3809261091697955 48.406093075772034),1.832465312067301e-06,-4.3809261091697955,48.406093075772034
2025-09-04 09:50:37.353778,33,3,POINT (-4.380927953586274 48.406093064298716),1.844452163147522e-06,-4.380927953586274,48.406093064298716
2025-09-04 09:50:38.353778,34,3,POINT (-4.380929828652606 48.40609305229172),1.8751047754364953e-06,-4.380929828652606,48.40609305229172
2025-09-04 09:50:39.353778,35,3,POINT (-4.380931749496679 48.40609304588774),1.9208547483702896e-06,-4.380931749496679,48.40609304588774
2025-09-04 09:50:40.353778,36,3,POINT (-4.380933639551774 48.40609304565688),1.8900551087540316e-06,-4.380933639551774,48.40609304565688
2025-09-04 09:50:41.353778,37,3,POINT (-4.3809355689726255 48.406093044200986),1.9294214008236453e-06,-4.3809355689726255,48.406093044200986
2025-09-04 09:50:42.353778,38,3,POINT (-4.38093756518269 48.40609304199382),1.9962112850103196e-06,-4.38093756518269,48.40609304199382
2025-09-04 09:50:43.353778,39,3,POINT (-4.380939599041426 48.40609252756265),2.097908669778075e-06,-4.380939599041426,48.40609252756265
2025-09-04 09:50:44.353778,40,3,POINT (-4.3809416087025745 48.40609150022627),2.2570241408884444e-06,-4.3809416087025745,48.40609150022627
2025-09-04 09:50:45.353778,41,3,POINT (-4.380943632744234 48.406089958674606),2.5442339052650995e-06,-4.380943632744234,48.406089958674606
2025-09-04 09:50:46.353778,42,3,POINT (-4.380945712379191 48.40608790141074),2.925271979861998e-06,-4.380945712379191,48.40608790141074
2025-09-04 09:50:47.353778,43,3,POINT (-4.380947811818443 48.40608532747472),3.3215646644398937e-06,-4.380947811818443,48.40608532747472
2025-09-04 09:50:48.353778,44,3,POINT (-4.380949910861314 48.4060822358317),3.7368753736965267e-06,-4.380949910861314,48.4060822358317
2025-09-04 09:50:49.353778,45,3,POINT (-4.38095196132806 48.40607862599459),4.151546438105874e-06,-4.38095196132806,48.40607862599459
2025-09-04 09:50:50.353778,46,3,POINT (-4.380954031382944 48.40607449553301),4.6201558475941376e-06,-4.380954031382944,48.40607449553301
2025-09-04 09:50:51.353778,47,3,POINT (-4.3809561162130075 48.4060698428939),5.098388677739079e-06,-4.3809561162130075,48.4060698428939
2025-09-04 09:50:52.353778,48,3,POINT (-4.380958161415151 48.406064667827785),5.564545003482198e-06,-4.380958161415151,48.406064667827785
2025-09-04 09:50:53.353778,49,3,POINT (-4.380960144628071 48.40605896958994),6.0334938465041725e-06,-4.380960144628071,48.40605896958994
2025-09-04 09:50:54.353778,50,3,POINT (-4.380962048981913 48.40605274739291),6.507096082728797e-06,-4.380962048981913,48.40605274739291
2025-09-04 09:50:55.353778,51,3,POINT (-4.380963836135724 48.40604600153071),6.97857976825424e-06,-4.380963836135724,48.40604600153071
2025-09-04 09:50:56.353778,52,3,POINT (-4.380965471158316 48.40603874101605),7.442336465431128e-06,-4.380965471158316,48.40603874101605
2025-09-04 09:50:57.353778,53,3,POINT (-4.380966967251071 48.406030969604),7.914110107638474e-06,-4.380966967251071,48.406030969604
2025-09-04 09:50:58.353778,54,3,POINT (-4.380968214897331 48.40602271231818),8.351011327576011e-06,-4.380968214897331,48.40602271231818
2025-09-04 09:50:59.353778,55,3,POINT (-4.380969368736816 48.40601460769154),8.186349528451344e-06,-4.380969368736816,48.40601460769154
2025-09-04 09:51:00.353778,56,3,POINT (-4.380970451721551 48.406006652117696),8.028948318368602e-06,-4.380970451721551,48.406006652117696
2025-09-04 09:51:01.353778,57,3,POINT (-4.380971396586396 48.40599884996062),7.85916182903613e-06,-4.380971396586396,48.40599884996062
2025-09-04 09:51:02.353778,58,3,POINT (-4.380972284365339 48.405991181463655),7.719714834061012e-06,-4.380972284365339,48.405991181463655
2025-09-04 09:51:03.353778,59,3,POINT (-4.3809731724699645 48.40598398110152),7.254925546662902e-06,-4.3809731724699645,48.40598398110152
2025-09-04 09:51:04.353778,60,3,POINT (-4.380974099816857 48.4059772358796),6.808670286103409e-06,-4.380974099816857,48.4059772358796
2025-09-04 09:51:05.353778,61,3,POINT (-4.380975078036256 48.405970931661756),6.379661102296333e-06,-4.380975078036256,48.405970931661756
2025-09-04 09:51:06.353778,62,3,POINT (-4.380976159719728 48.405965060598604),5.9698761853730135e-06,-4.380976159719728,48.405965060598604
2025-09-04 09:51:07.353778,63,3,POINT (-4.380977354738453 48.40595961057244),5.579503110428308e-06,-4.380977354738453,48.40595961057244
2025-09-04 09:51:08.353778,64,3,POINT (-4.380978640618316 48.405954581902215),5.190473122679079e-06,-4.380978640618316,48.405954581902215
2025-09-04 09:51:09.353778,65,3,POINT (-4.380979957854704 48.4059499746831),4.791824256360114e-06,-4.380979957854704,48.4059499746831
2025-09-04 09:51:10.353778,66,3,POINT (-4.380981367763419 48.40594576626898),4.4383095856336745e-06,-4.380981367763419,48.40594576626898
2025-09-04 09:51:11.353778,67,3,POINT (-4.380982907174665 48.40594196224872),4.103700417804736e-06,-4.380982907174665,48.40594196224872
2025-09-04 09:51:12.353778,68,3,POINT (-4.380984607582871 48.40593853616881),3.8248413818387704e-06,-4.380984607582871,48.40593853616881
2025-09-04 09:51:13.353778,69,3,POINT (-4.380986395106412 48.40593549423425),3.528258251364128e-06,-4.380986395106412,48.40593549423425
2025-09-04 09:51:14.353778,70,3,POINT (-4.380988331564584 48.40593282689666),3.296143211743654e-06,-4.380988331564584,48.40593282689666
2025-09-04 09:51:15.353778,71,3,POINT (-4.3809904037936915 48.40593052159517),3.0997658696089084e-06,-4.3809904037936915,48.40593052159517
2025-09-04 09:51:16.353778,72,3,POINT (-4.380992715125893 48.40592855746974),3.0331576328588894e-06,-4.380992715125893,48.40592855746974
2025-09-04 09:51:17.353778,73,3,POINT (-4.380995217199947 48.40592693308881),2.9831171613766376e-06,-4.380995217199947,48.40592693308881
2025-09-04 09:51:18.353778,74,3,POINT (-4.380997930250257 48.405925640251155),3.005340442902671e-06,-4.380997930250257,48.405925640251155
2025-09-04 09:51:19.353778,75,3,POINT (-4.3810007562090965 48.40592469080243),2.981190407356767e-06,-4.3810007562090965,48.40592469080243
2025-09-04 09:51:20.353778,76,3,POINT (-4.3810037188276105 48.405924068020674),3.0273694149098123e-06,-4.3810037188276105,48.405924068020674
2025-09-04 09:51:21.353778,77,3,POINT (-4.381006832723194 48.40592376385113),3.128716160954531e-06,-4.381006832723194,48.40592376385113
2025-09-04 09:51:22.353778,78,3,POINT (-4.381010156179178 48.405923766465754),3.3234570126827775e-06,-4.381010156179178,48.405923766465754
2025-09-04 09:51:23.353778,79,3,POINT (-4.381013646885574 48.4059240762204),3.5044227889711266e-06,-4.381013646885574,48.4059240762204
2025-09-04 09:51:24.353778,80,3,POINT (-4.381017266169073 48.40592469890185),3.6724576560659103e-06,-4.381017266169073,48.40592469890185
2025-09-04 09:51:25.353778,81,3,POINT (-4.38102103377674 48.405925625771694),3.879942685118227e-06,-4.38102103377674,48.405925625771694
2025-09-04 09:51:26.353778,82,3,POINT (-4.3810248934376546 48.405926856608424),4.051165441087908e-06,-4.3810248934376546,48.405926856608424
2025-09-04 09:51:27.353778,83,3,POINT (-4.381028912549721 48.405928375691666),4.296612118352422e-06,-4.381028912549721,48.405928375691666
2025-09-04 09:51:28.353778,84,3,POINT (-4.381033052704531 48.405930188165705),4.519507052177374e-06,-4.381033052704531,48.405930188165705
2025-09-04 09:51:29.353778,85,3,POINT (-4.3810373111660175 48.40593228164182),4.74522248855506e-06,-4.3810373111660175,48.40593228164182
2025-09-04 09:51:30.353778,86,3,POINT (-4.381041688300913 48.40593465889087),4.981026295419261e-06,-4.381041688300913,48.40593465889087
2025-09-04 09:51:31.353778,87,3,POINT (-4.381046168879269 48.40593731215244),5.20724297055184e-06,-4.381046168879269,48.40593731215244
2025-09-04 09:51:32.353778,88,3,POINT (-4.381050701887342 48.40594024708535),5.4001845676799125e-06,-4.381050701887342,48.40594024708535
2025-09-04 09:51:33.353778,89,3,POINT (-4.381055256590466 48.40594346980051),5.5795352478614505e-06,-4.381055256590466,48.40594346980051
2025-09-04 09:51:34.353778,90,3,POINT (-4.381059885963813 48.405946957500255),5.796132079569119e-06,-4.381059885963813,48.405946957500255
2025-09-04 09:51:35.353778,91,3,POINT (-4.381064579369197 48.40595071457913),6.011962720464398e-06,-4.381064579369197,48.40595071457913
2025-09-04 09:51:36.353778,92,3,POINT (-4.381069340460208 48.40595473075072),6.2287737063020465e-06,-4.381069340460208,48.40595473075072
2025-09-04 09:51:37.353778,93,3,POINT (-4.381074177545133 48.405959000456136),6.4519589970606955e-06,-4.381074177545133,48.405959000456136
2025-09-04 09:51:38.353778,94,3,POINT (-4.381079063225161 48.40596351323381),6.650942162240884e-06,-4.381079063225161,48.40596351323381
2025-09-04 09:51:39.353778,95,3,POINT (-4.381084001395168 48.40596827517851),6.860148712752171e-06,-4.381084001395168,48.40596827517851
2025-09-04 09:51:40.353778,96,3,POINT (-4.381088945664525 48.40597328446437),7.038376541590256e-06,-4.381088945664525,48.40597328446437
2025-09-04 09:51:41.353778,97,3,POINT (-4.38109391662544 48.405978545168665),7.237780189493124e-06,-4.38109391662544,48.405978545168665
2025-09-04 09:51:42.353778,98,3,POINT (-4.381098916715243 48.40598404236571),7.431021018516811e-06,-4.381098916715243,48.40598404236571
2025-09-04 09:51:43.353778,99,3,POINT (-4.381103841803636 48.40598944337715),7.309406287950664e-06,-4.381103841803636,48.40598944337715
2025-09-04 09:51:44.353778,100,3,POINT (-4.381108690445011 48.405994762088405),7.197083615595997e-06,-4.381108690445011,48.405994762088405
2025-09-04 09:51:45.353778,101,3,POINT (-4.381113463589475 48.40599999221169),7.080755444292656e-06,-4.381113463589475,48.40599999221169
2025-09-04 09:51:46.353778,102,3,POINT (-4.381118136838026 48.40600513636132),6.949930032667301e-06,-4.381118136838026,48.40600513636132
2025-09-04 09:51:47.353778,103,3,POINT (-4.3811228039818815 48.40601019542801),6.8830507417814406e-06,-4.3811228039818815,48.40601019542801
2025-09-04 09:51:48.353778,104,3,POINT (-4.381127522359484 48.406015164292285),6.8522039796925235e-06,-4.381127522359484,48.406015164292285
2025-09-04 09:51:49.353778,105,3,POINT (-4.381132198329639 48.4060200507351),6.763284726451835e-06,-4.381132198329639,48.4060200507351
2025-09-04 09:51:50.353778,106,3,POINT (-4.381136789795397 48.40602485693449),6.646887271744657e-06,-4.381136789795397,48.40602485693449
2025-09-04 09:51:51.353778,107,3,POINT (-4.381141359701722 48.4060295827012),6.5739573164489595e-06,-4.381141359701722,48.4060295827012
2025-09-04 09:51:52.353778,108,3,POINT (-4.381145888317159 48.4060342388398),6.4952278199901505e-06,-4.381145888317159,48.4060342388398
2025-09-04 09:51:53.353778,109,3,POINT (-4.381150363168014 48.4060388262717),6.408496046172546e-06,-4.381150363168014,48.4060388262717
2025-09-04 09:51:54.353778,110,3,POINT (-4.381154814718257 48.40604334590054),6.343764219052544e-06,-4.381154814718257,48.40604334590054
2025-09-04 09:51:55.353778,111,3,POINT (-4.3811592076483965 48.40604778768577),6.247182663889752e-06,-4.3811592076483965,48.40604778768577
2025-09-04 09:51:56.353778,112,3,POINT (-4.381163565726521 48.40605215558346),6.170200576071055e-06,-4.381163565726521,48.40605215558346
2025-09-04 09:51:57.353778,113,3,POINT (-4.381167862047487 48.406056457650415),6.079979764268501e-06,-4.381167862047487,48.406056457650415
2025-09-04 09:51:58.353778,114,3,POINT (-4.38117214696517 48.40606068598521),6.0199115184006985e-06,-4.38117214696517,48.40606068598521
2025-09-04 09:51:59.353778,115,3,POINT (-4.38117639357602 48.406064842228844),5.942058974035574e-06,-4.38117639357602,48.406064842228844
2025-09-04 09:52:00.353778,116,3,POINT (-4.3811806018796755 48.406068936587616),5.87142175398981e-06,-4.3811806018796755,48.406068936587616
2025-09-04 09:52:01.353778,117,3,POINT (-4.3811848401403415 48.40607296737162),5.848937781312256e-06,-4.3811848401403415,48.40607296737162
2025-09-04 09:52:02.353778,118,3,POINT (-4.38118906824291 48.40607693534307),5.798417781821565e-06,-4.38118906824291,48.40607693534307
2025-09-04 09:52:03.353778,119,3,POINT (-4.381193264486992 48.40608084096459),5.732568694965092e-06,-4.381193264486992,48.40608084096459
2025-09-04 09:52:04.353778,120,3,POINT (-4.3811973920147915 48.40608468967506),5.6434969673420395e-06,-4.3811973920147915,48.40608468967506
2025-09-04 09:52:05.353778,121,3,POINT (-4.381201457321846 48.40608847540936),5.555043261753157e-06,-4.381201457321846,48.40608847540936
2025-09-04 09:52:06.353778,122,3,POINT (-4.381205525222538 48.40609219958324),5.5151869527284215e-06,-4.381205525222538,48.40609219958324
2025-09-04 09:52:07.353778,123,3,POINT (-4.381209577727011 48.406095860405706),5.461173282782319e-06,-4.381209577727011,48.406095860405706
2025-09-04 09:52:08.353778,124,3,POINT (-4.38121356755506 48.406099460085294),5.3736785340131e-06,-4.38121356755506,48.406099460085294
2025-09-04 09:52:09.353778,125,3,POINT (-4.381217634846567 48.40610300454624),5.395003577025498e-06,-4.381217634846567,48.40610300454624
2025-09-04 09:52:10.353778,126,3,POINT (-4.381221710462595 48.40610650056356),5.369616663635302e-06,-4.381221710462595,48.40610650056356
2025-09-04 09:52:11.353778,127,3,POINT (-4.381225784143049 48.40610994729138),5.336178884535626e-06,-4.381225784143049,48.40610994729138
2025-09-04 09:52:12.353778,128,3,POINT (-4.381229812831136 48.406113346084624),5.2708749973982855e-06,-4.381229812831136,48.406113346084624
2025-09-04 09:52:13.353778,129,3,POINT (-4.381233830685104 48.40611668844144),5.2263275458745095e-06,-4.381233830685104,48.40611668844144
2025-09-04 09:52:14.353778,130,3,POINT (-4.381237826572894 48.406119982306365),5.178480988980331e-06,-4.381237826572894,48.406119982306365
2025-09-04 09:52:15.353778,131,3,POINT (-4.381241835664259 48.40612322007196),5.153245543452764e-06,-4.381241835664259,48.40612322007196
2025-09-04 09:52:16.353778,132,3,POINT (-4.381245801001834 48.40612640888005),5.088457437853186e-06,-4.381245801001834,48.40612640888005
2025-09-04 09:52:17.353778,133,3,POINT (-4.3812498297149745 48.40612956069829),5.115123438991515e-06,-4.3812498297149745,48.40612956069829
2025-09-04 09:52:18.353778,134,3,POINT (-4.381253779568751 48.406132662632025),5.022284117418056e-06,-4.381253779568751,48.406132662632025
2025-09-04 09:52:19.353778,135,3,POINT (-4.381257727466123 48.40613538306704),4.794440563683468e-06,-4.381257727466123,48.40613538306704
2025-09-04 09:52:20.353778,136,3,POINT (-4.381261704166128 48.40613772782279),4.6164946074622346e-06,-4.381261704166128,48.40613772782279
2025-09-04 09:52:21.353778,137,3,POINT (-4.381265695398391 48.40613969936215),4.451617956696468e-06,-4.381265695398391,48.40613969936215
2025-09-04 09:52:22.353778,138,3,POINT (-4.381269725601853 48.40614130578609),4.3385640282680315e-06,-4.381269725601853,48.40614130578609
2025-09-04 09:52:23.353778,139,3,POINT (-4.381273816408018 48.40614255627874),4.277666061422525e-06,-4.381273816408018,48.40614255627874
2025-09-04 09:52:24.353778,140,3,POINT (-4.381278010634717 48.406143455424896),4.289522283329253e-06,-4.381278010634717,48.406143455424896
2025-09-04 09:52:25.353778,141,3,POINT (-4.3812822859545095 48.406144019376406),4.312354418696838e-06,-4.3812822859545095,48.406144019376406
2025-09-04 09:52:26.353778,142,3,POINT (-4.381286634971877 48.40614424490653),4.354861180288552e-06,-4.381286634971877,48.40614424490653
2025-09-04 09:52:27.353778,143,3,POINT (-4.381291023138904 48.40614414083639),4.389400921700534e-06,-4.381291023138904,48.40614414083639
2025-09-04 09:52:28.353778,144,3,POINT (-4.381295479126339 48.40614370266219),4.477479273927261e-06,-4.381295479126339,48.40614370266219
2025-09-04 09:52:29.353778,145,3,POINT (-4.3812999795918195 48.40614294199793),4.564296184712954e-06,-4.3812999795918195,48.40614294199793
2025-09-04 09:52:30.353778,146,3,POINT (-4.38130461779197 48.40614187311979),4.759769017440512e-06,-4.38130461779197,48.40614187311979
2025-09-04 09:52:31.353778,147,3,POINT (-4.381309319181648 48.406140488028065),4.901177818116897e-06,-4.381309319181648,48.406140488028065
2025-09-04 09:52:32.353778,148,3,POINT (-4.381314069976223 48.40613879441637),5.043646464497666e-06,-4.381314069976223,48.40613879441637
2025-09-04 09:52:33.353778,149,3,POINT (-4.381318876312925 48.40613679404307),5.205993260810944e-06,-4.381318876312925,48.40613679404307
2025-09-04 09:52:34.353778,150,3,POINT (-4.381323690980062 48.40613449061599),5.3373023108782095e-06,-4.381323690980062,48.40613449061599
2025-09-04 09:52:35.353778,151,3,POINT (-4.381328511325182 48.40613189444363),5.475019451294346e-06,-4.381328511325182,48.40613189444363
2025-09-04 09:52:36.353778,152,3,POINT (-4.381333309394993 48.40612934599866),5.432867171220196e-06,-4.381333309394993,48.40612934599866
2025-09-04 09:52:37.353778,153,3,POINT (-4.381338076713384 48.40612683784787),5.386849264871408e-06,-4.381338076713384,48.40612683784787
2025-09-04 09:52:38.353778,154,3,POINT (-4.38134281117493 48.4061243710014),5.338581989954545e-06,-4.38134281117493,48.4061243710014
2025-09-04 09:52:39.353778,155,3,POINT (-4.381347491035125 48.406121947800415),5.2700089608839854e-06,-4.381347491035125,48.406121947800415
2025-09-04 09:52:40.353778,156,3,POINT (-4.38135218604728 48.406119565342934),5.264906721418481e-06,-4.38135218604728,48.406119565342934
2025-09-04 09:52:41.353778,157,3,POINT (-4.381356910777388 48.40611722583181),5.272227888019669e-06,-4.381356910777388,48.40611722583181
2025-09-04 09:52:42.353778,158,3,POINT (-4.381361644814263 48.40611492268553),5.264559611188836e-06,-4.381361644814263,48.40611492268553
2025-09-04 09:52:43.353778,159,3,POINT (-4.381366391403079 48.40611264875512),5.263161113277848e-06,-4.381366391403079,48.40611264875512
2025-09-04 09:52:44.353778,160,3,POINT (-4.381371119202776 48.40611041017489),5.230997173034003e-06,-4.381371119202776,48.40611041017489
2025-09-04 09:52:45.353778,161,3,POINT (-4.381375889088965 48.40610821938685),5.248939558155932e-06,-4.381375889088965,48.40610821938685
2025-09-04 09:52:46.353778,162,3,POINT (-4.3813806495969985 48.4061060696786),5.2233784373202465e-06,-4.3813806495969985,48.4061060696786
2025-09-04 09:52:47.353778,163,3,POINT (-4.381385351303273 48.406103953395196),5.156035040228445e-06,-4.381385351303273,48.406103953395196
2025-09-04 09:52:48.353778,164,3,POINT (-4.381390027674038 48.406101868641095),5.120023749524098e-06,-4.381390027674038,48.406101868641095
2025-09-04 09:52:49.353778,165,3,POINT (-4.3813947013550845 48.40609981659438),5.104330539460515e-06,-4.3813947013550845,48.40609981659438
2025-09-04 09:52:50.353778,166,3,POINT (-4.381399369881296 48.406097796513635),5.086832334328115e-06,-4.381399369881296,48.406097796513635
2025-09-04 09:52:51.353778,167,3,POINT (-4.381404027628097 48.40609580831484),5.0643400078026145e-06,-4.381404027628097,48.40609580831484
2025-09-04 09:52:52.353778,168,3,POINT (-4.381408669303613 48.40609385087071),5.037533037593984e-06,-4.381408669303613,48.40609385087071
2025-09-04 09:52:53.353778,169,3,POINT (-4.3814132735379765 48.40609192502225),4.990778131666292e-06,-4.3814132735379765,48.40609192502225
2025-09-04 09:52:54.353778,170,3,POINT (-4.3814178435487925 48.40609002602995),4.94885548603507e-06,-4.3814178435487925,48.40609002602995
2025-09-04 09:52:55.353778,171,3,POINT (-4.381422404184264 48.40608815186632),4.930708389117579e-06,-4.381422404184264,48.40608815186632
2025-09-04 09:52:56.353778,172,3,POINT (-4.381426937167823 48.406086313633764),4.8915272534388005e-06,-4.381426937167823,48.406086313633764
2025-09-04 09:52:57.353778,173,3,POINT (-4.381431473248271 48.40608450159743),4.884618871705083e-06,-4.381431473248271,48.40608450159743
2025-09-04 09:52:58.353778,174,3,POINT (-4.381435996770088 48.40608272012705),4.861675259315506e-06,-4.381435996770088,48.40608272012705
2025-09-04 09:52:59.353778,175,3,POINT (-4.381440510933574 48.40608097377367),4.8401882314784525e-06,-4.381440510933574,48.40608097377367
2025-09-04 09:53:00.353778,176,3,POINT (-4.381445003325978 48.406079247427975),4.8126769022278865e-06,-4.381445003325978,48.406079247427975
2025-09-04 09:53:01.353778,177,3,POINT (-4.381449510391392 48.4060775431013),4.818544186100278e-06,-4.381449510391392,48.4060775431013
2025-09-04 09:53:02.353778,178,3,POINT (-4.381454079030464 48.40607586030815),4.868701648581182e-06,-4.381454079030464,48.40607586030815
2025-09-04 09:53:03.353778,179,3,POINT (-4.381458689744742 48.4060742042961),4.899087881616043e-06,-4.381458689744742,48.4060742042961
2025-09-04 09:53:04.353778,180,3,POINT (-4.381463320350844 48.406072569692085),4.910645899125397e-06,-4.381463320350844,48.406072569692085
2025-09-04 09:53:05.353778,181,3,POINT (-4.381468013407556 48.406070957216414),4.962344112771314e-06,-4.381468013407556,48.406070957216414
2025-09-04 09:53:06.353778,182,3,POINT (-4.381472706076355 48.40606937950664),4.950788683867186e-06,-4.381472706076355,48.40606937950664
2025-09-04 09:53:07.353778,183,3,POINT (-4.381477461212857 48.4060678170353),5.0052612154883016e-06,-4.381477461212857,48.4060678170353
2025-09-04 09:53:08.353778,184,3,POINT (-4.3814822373641045 48.406066278653206),5.017792364020419e-06,-4.3814822373641045,48.406066278653206
2025-09-04 09:53:09.353778,185,3,POINT (-4.381486971450729 48.40606476337182),4.970679414543734e-06,-4.381486971450729,48.40606476337182
2025-09-04 09:53:10.353778,186,3,POINT (-4.381491716709867 48.40606326749846),4.975451879100666e-06,-4.381491716709867,48.40606326749846
2025-09-04 09:53:11.353778,187,3,POINT (-4.381496459165562 48.40606179347975),4.966247796276274e-06,-4.381496459165562,48.40606179347975
2025-09-04 09:53:12.353778,188,3,POINT (-4.381501157761527 48.40606033578827),4.919519132718172e-06,-4.381501157761527,48.40606033578827
2025-09-04 09:53:13.353778,189,3,POINT (-4.381505863863403 48.40605890777999),4.917987647719434e-06,-4.381505863863403,48.40605890777999
2025-09-04 09:53:14.353778,190,3,POINT (-4.38151057281394 48.40605749893201),4.915187464139234e-06,-4.38151057281394,48.40605749893201
2025-09-04 09:53:15.353778,191,3,POINT (-4.381515291091287 48.40605610302179),4.9204376292737665e-06,-4.381515291091287,48.40605610302179
2025-09-04 09:53:16.353778,192,3,POINT (-4.3815201124672685 48.40605471969609),5.015900353036078e-06,-4.3815201124672685,48.40605471969609
2025-09-04 09:53:17.353778,193,3,POINT (-4.3815249450176035 48.40605335253501),5.022217851494877e-06,-4.3815249450176035,48.40605335253501
2025-09-04 09:53:18.353778,194,3,POINT (-4.381529768380444 48.406051993826274),5.011079576692005e-06,-4.381529768380444,48.406051993826274
2025-09-04 09:53:19.353778,195,3,POINT (-4.381534594824039 48.40605064530966),5.0112927303285085e-06,-4.381534594824039,48.40605064530966
2025-09-04 09:53:20.353778,196,3,POINT (-4.381539469270531 48.406049319092205),5.051641450668629e-06,-4.381539469270531,48.406049319092205
2025-09-04 09:53:21.353778,197,3,POINT (-4.381544363028608 48.406048004151),5.067340375278579e-06,-4.381544363028608,48.406048004151
2025-09-04 09:53:22.353778,198,3,POINT (-4.3815492568290555 48.40604670082365),5.064380021919579e-06,-4.3815492568290555,48.40604670082365
2025-09-04 09:53:23.353778,199,3,POINT (-4.381554149142981 48.40604541208338),5.059208142998688e-06,-4.381554149142981,48.40604541208338
2025-09-04 09:53:24.353778,200,3,POINT (-4.3815590674649165 48.406044141590264),5.079768047546074e-06,-4.3815590674649165,48.406044141590264
2025-09-04 09:53:25.353778,201,3,POINT (-4.381564022986436 48.40604288402222),5.112599232779264e-06,-4.381564022986436,48.40604288402222
2025-09-04 09:53:26.353778,202,3,POINT (-4.381568965251994 48.40604164568196),5.09504420429211e-06,-4.381568965251994,48.40604164568196
2025-09-04 09:53:27.353778,203,3,POINT (-4.381573957187495 48.406040421188116),5.139922686410844e-06,-4.381573957187495,48.406040421188116
2025-09-04 09:53:28.353778,204,3,POINT (-4.3815789667814995 48.40603920829551),5.1543322131494215e-06,-4.3815789667814995,48.40603920829551
2025-09-04 09:53:29.353778,205,3,POINT (-4.381583979430727 48.40603801151153),5.15353705523148e-06,-4.381583979430727,48.40603801151153
2025-09-04 09:53:30.353778,206,3,POINT (-4.381589038802638 48.40603682325189),5.197038109171857e-06,-4.381589038802638,48.40603682325189
2025-09-04 09:53:31.353778,207,3,POINT (-4.38159414450212 48.40603564323718),5.240286433625035e-06,-4.38159414450212,48.40603564323718
2025-09-04 09:53:32.353778,208,3,POINT (-4.381599256015628 48.406034473480744),5.243653350588895e-06,-4.381599256015628,48.406034473480744
2025-09-04 09:53:33.353778,209,3,POINT (-4.381604369694755 48.40603331695023),5.242831014872127e-06,-4.381604369694755,48.40603331695023
2025-09-04 09:53:34.353778,210,3,POINT (-4.381609460208507 48.40603217627506),5.21674899664062e-06,-4.381609460208507,48.40603217627506
2025-09-04 09:53:35.353778,211,3,POINT (-4.3816145601446905 48.40603104816667),5.223215257464769e-06,-4.3816145601446905,48.40603104816667
2025-09-04 09:53:36.353778,212,3,POINT (-4.381619660529088 48.406029929705184),5.22157802700623e-06,-4.381619660529088,48.406029929705184
2025-09-04 09:53:37.353778,213,3,POINT (-4.381624722780931 48.40602882871409),5.180596018100319e-06,-4.381624722780931,48.40602882871409
2025-09-04 09:53:38.353778,214,3,POINT (-4.381629786283622 48.4060277391218),5.179408352343347e-06,-4.381629786283622,48.4060277391218
2025-09-04 09:53:39.353778,215,3,POINT (-4.381634876325561 48.40602666621422),5.201889811092133e-06,-4.381634876325561,48.40602666621422
2025-09-04 09:53:40.353778,216,3,POINT (-4.381639948894867 48.40602560758615),5.181858040599754e-06,-4.381639948894867,48.40602560758615
2025-09-04 09:53:41.353778,217,3,POINT (-4.38164499779311 48.4060245672398),5.154967895355911e-06,-4.38164499779311,48.4060245672398
2025-09-04 09:53:42.353778,218,3,POINT (-4.381650019217202 48.406023544593),5.124500598512014e-06,-4.381650019217202,48.406023544593
2025-09-04 09:53:43.353778,219,3,POINT (-4.381655013265175 48.406022005719244),5.225767655614242e-06,-4.381655013265175,48.406022005719244
2025-09-04 09:53:44.353778,220,3,POINT (-4.381659935629713 48.406019950311936),5.334263946082235e-06,-4.381659935629713,48.406019950311936
2025-09-04 09:53:45.353778,221,3,POINT (-4.381664775352599 48.40601737631201),5.481641473344062e-06,-4.381664775352599,48.40601737631201
2025-09-04 09:53:46.353778,222,3,POINT (-4.38166953064315 48.40601428116357),5.67386394548502e-06,-4.38166953064315,48.40601428116357
2025-09-04 09:53:47.353778,223,3,POINT (-4.381674169460711 48.40601066418813),5.882273344384431e-06,-4.381674169460711,48.40601066418813
2025-09-04 09:53:48.353778,224,3,POINT (-4.38167871485831 48.40600652134465),6.150104993995926e-06,-4.38167871485831,48.40600652134465
2025-09-04 09:53:49.353778,225,3,POINT (-4.381683154294633 48.406001850772185),6.44382200399043e-06,-4.381683154294633,48.406001850772185
2025-09-04 09:53:50.353778,226,3,POINT (-4.381687464941837 48.405996651430634),6.753875323588881e-06,-4.381687464941837,48.405996651430634
2025-09-04 09:53:51.353778,227,3,POINT (-4.381691621793328 48.40599092265939),7.078010614645432e-06,-4.381691621793328,48.40599092265939
2025-09-04 09:53:52.353778,228,3,POINT (-4.381695623284075 48.4059846620792),7.4301273574848e-06,-4.381695623284075,48.4059846620792
2025-09-04 09:53:53.353778,229,3,POINT (-4.381699443524234 48.40597786938787),7.793259291227947e-06,-4.381699443524234,48.40597786938787
2025-09-04 09:53:54.353778,230,3,POINT (-4.381703062900337 48.405970543966994),8.17078174756373e-06,-4.381703062900337,48.405970543966994
2025-09-04 09:53:55.353778,231,3,POINT (-4.3817064165837625 48.40596271213651),8.519669083795363e-06,-4.3817064165837625,48.40596271213651
2025-09-04 09:53:56.353778,232,3,POINT (-4.38170951016708 48.40595437133672),8.896021517590357e-06,-4.38170951016708,48.40595437133672
2025-09-04 09:53:57.353778,233,3,POINT (-4.381712349513136 48.405945529125916),9.286903570104677e-06,-4.381712349513136,48.405945529125916
2025-09-04 09:53:58.353778,234,3,POINT (-4.381714893282779 48.405936190749735),9.678638008005427e-06,-4.381714893282779,48.405936190749735
2025-09-04 09:53:59.353778,235,3,POINT (-4.38171743753822 48.405927326483436),9.222171803015354e-06,-4.38171743753822,48.405927326483436
2025-09-04 09:54:00.353778,236,3,POINT (-4.381719973420379 48.40591893292083),8.768271871019825e-06,-4.381719973420379,48.40591893292083
2025-09-04 09:54:01.353778,237,3,POINT (-4.381722501007561 48.40591100157666),8.324356864991527e-06,-4.381722501007561,48.40591100157666
2025-09-04 09:54:02.353778,238,3,POINT (-4.381725045605482 48.405903521615436),7.90093656041642e-06,-4.381725045605482,48.405903521615436
2025-09-04 09:54:03.353778,239,3,POINT (-4.381727694321547 48.40589647895146),7.524281536239787e-06,-4.381727694321547,48.40589647895146
2025-09-04 09:54:04.353778,240,3,POINT (-4.381730499599848 48.405889849929366),7.198160896537679e-06,-4.381730499599848,48.405889849929366
2025-09-04 09:54:05.353778,241,3,POINT (-4.38173343576943 48.40588363454118),6.8740193539069164e-06,-4.38173343576943,48.40588363454118
2025-09-04 09:54:06.353778,242,3,POINT (-4.381736515306089 48.40587782135073),6.578505096577135e-06,-4.381736515306089,48.40587782135073
2025-09-04 09:54:07.353778,243,3,POINT (-4.38173972372358 48.4058724093319),6.291572983479717e-06,-4.38173972372358,48.4058724093319
2025-09-04 09:54:08.353778,244,3,POINT (-4.381743010950331 48.405867403390936),5.98876486716547e-06,-4.381743010950331,48.405867403390936
2025-09-04 09:54:09.353778,245,3,POINT (-4.381746510837222 48.40586276950713),5.807072185523271e-06,-4.381746510837222,48.40586276950713
2025-09-04 09:54:10.353778,246,3,POINT (-4.381750207924872 48.40585850313386),5.6453873213954494e-06,-4.381750207924872,48.40585850313386
2025-09-04 09:54:11.353778,247,3,POINT (-4.381754076466541 48.405854600760755),5.49491860420535e-06,-4.381754076466541,48.405854600760755
2025-09-04 09:54:12.353778,248,3,POINT (-4.3817581315053005 48.40585105515261),5.3865273099738396e-06,-4.3817581315053005,48.40585105515261
2025-09-04 09:54:13.353778,249,3,POINT (-4.3817623634197265 48.40584786055074),5.302318435840311e-06,-4.3817623634197265,48.40584786055074
2025-09-04 09:54:14.353778,250,3,POINT (-4.381766769240578 48.405845011087024),5.246970636514883e-06,-4.381766769240578,48.405845011087024
2025-09-04 09:54:15.353778,251,3,POINT (-4.381771364181565 48.405842504604266),5.2341129618864025e-06,-4.381771364181565,48.405842504604266
2025-09-04 09:54:16.353778,252,3,POINT (-4.381776134856722 48.405840339990206),5.238787595740664e-06,-4.381776134856722,48.405840339990206
2025-09-04 09:54:17.353778,253,3,POINT (-4.381781056866897 48.40583850294218),5.253658688242034e-06,-4.381781056866897,48.40583850294218
2025-09-04 09:54:18.353778,254,3,POINT (-4.381786143269239 48.40583698940514),5.306814785330312e-06,-4.381786143269239,48.40583698940514
2025-09-04 09:54:19.353778,255,3,POINT (-4.381791355870221 48.4058357963591),5.347388881311864e-06,-4.381791355870221,48.4058357963591
2025-09-04 09:54:20.353778,256,3,POINT (-4.381796739513619 48.40583491586649),5.455170342418721e-06,-4.381796739513619,48.40583491586649
2025-09-04 09:54:21.353778,257,3,POINT (-4.381802264322641 48.405834352676365),5.553440181302407e-06,-4.381802264322641,48.405834352676365
2025-09-04 09:54:22.353778,258,3,POINT (-4.381807933094483 48.405834098465036),5.674468926553436e-06,-4.381807933094483,48.405834098465036
2025-09-04 09:54:23.353778,259,3,POINT (-4.381813812818972 48.40583413852829),5.87986097939526e-06,-4.381813812818972,48.40583413852829
2025-09-04 09:54:24.353778,260,3,POINT (-4.381819843801226 48.40583447042223),6.040107659106248e-06,-4.381819843801226,48.40583447042223
2025-09-04 09:54:25.353778,261,3,POINT (-4.381826068974371 48.40583508823129),6.255754848524711e-06,-4.381826068974371,48.40583508823129
2025-09-04 09:54:26.353778,262,3,POINT (-4.38183247216202 48.405835994494765),6.46700282552417e-06,-4.38183247216202,48.405835994494765
2025-09-04 09:54:27.353778,263,3,POINT (-4.381838927393868 48.4058372013642),6.567080937529943e-06,-4.381838927393868,48.4058372013642
2025-09-04 09:54:28.353778,264,3,POINT (-4.381845568242414 48.405838687190524),6.805038521924885e-06,-4.381845568242414,48.405838687190524
2025-09-04 09:54:29.353778,265,3,POINT (-4.381852377448357 48.40584045250011),7.034316136076187e-06,-4.381852377448357,48.40584045250011
2025-09-04 09:54:30.353778,266,3,POINT (-4.381859328829756 48.40584248922725),7.2436151737882695e-06,-4.381859328829756,48.40584248922725
2025-09-04 09:54:31.353778,267,3,POINT (-4.381866383608323 48.40584480901819),7.426394189785764e-06,-4.381866383608323,48.40584480901819
2025-09-04 09:54:32.353778,268,3,POINT (-4.381873583391075 48.405847391023784),7.648766210679951e-06,-4.381873583391075,48.405847391023784
2025-09-04 09:54:33.353778,269,3,POINT (-4.381880893552816 48.40585024858247),7.848828340710838e-06,-4.381880893552816,48.40585024858247
2025-09-04 09:54:34.353778,270,3,POINT (-4.381888343160581 48.40585336357665),8.074642071294308e-06,-4.381888343160581,48.40585336357665
2025-09-04 09:54:35.353778,271,3,POINT (-4.3818958714034615 48.405856741599045),8.251392379226529e-06,-4.3818958714034615,48.405856741599045
2025-09-04 09:54:36.353778,272,3,POINT (-4.381903501124531 48.40586038001027),8.452850395821556e-06,-4.381903501124531,48.40586038001027
2025-09-04 09:54:37.353778,273,3,POINT (-4.381911246127866 48.40586427864543),8.670895732855074e-06,-4.381911246127866,48.40586427864543
2025-09-04 09:54:38.353778,274,3,POINT (-4.381919005053198 48.40586844820922),8.808302020214296e-06,-4.381919005053198,48.40586844820922
2025-09-04 09:54:39.353778,275,3,POINT (-4.381926830054109 48.405872877779814),8.991759278072587e-06,-4.381926830054109,48.405872877779814
2025-09-04 09:54:40.353778,276,3,POINT (-4.381934668190629 48.405877572067965),9.13634091723432e-06,-4.381934668190629,48.405877572067965
2025-09-04 09:54:41.353778,277,3,POINT (-4.381942535562177 48.40588252316609),9.29563917855996e-06,-4.381942535562177,48.40588252316609
2025-09-04 09:54:42.353778,278,3,POINT (-4.381950429151074 48.40588772495325),9.453429818446806e-06,-4.381950429151074,48.40588772495325
2025-09-04 09:54:43.353778,279,3,POINT (-4.381958362199914 48.405893167113774),9.620310547939392e-06,-4.381958362199914,48.405893167113774
2025-09-04 09:54:44.353778,280,3,POINT (-4.381966297110884 48.40589886150596),9.766724859103377e-06,-4.381966297110884,48.40589886150596
2025-09-04 09:54:45.353778,281,3,POINT (-4.38197422668546 48.405904809765424),9.912615376953956e-06,-4.38197422668546,48.405904809765424
2025-09-04 09:54:46.353778,282,3,POINT (-4.381982139626511 48.40591100296716),1.0048402052025672e-05,-4.381982139626511,48.40591100296716
2025-09-04 09:54:47.353778,283,3,POINT (-4.381989986930765 48.40591744700142),1.0154100729526508e-05,-4.381989986930765,48.40591744700142
2025-09-04 09:54:48.353778,284,3,POINT (-4.381997810241096 48.40592443531582),1.0490029677800503e-05,-4.381997810241096,48.40592443531582
2025-09-04 09:54:49.353778,285,3,POINT (-4.382005598971601 48.40593196570614),1.08337944070409e-05,-4.382005598971601,48.40593196570614
2025-09-04 09:54:50.353778,286,3,POINT (-4.382013325481512 48.40594003531655),1.1172178281840548e-05,-4.382013325481512,48.40594003531655
2025-09-04 09:54:51.353778,287,3,POINT (-4.382020959856036 48.40594863407213),1.1498794371151553e-05,-4.382020959856036,48.40594863407213
2025-09-04 09:54:52.353778,288,3,POINT (-4.382028521669401 48.4059577564288),1.184898360615287e-05,-4.382028521669401,48.4059577564288
2025-09-04 09:54:53.353778,289,3,POINT (-4.382035925941942 48.40596739422168),1.21536127782665e-05,-4.382035925941942,48.40596739422168
2025-09-04 09:54:54.353778,290,3,POINT (-4.38204311322062 48.40597753951388),1.2433178535460205e-05,-4.38204311322062,48.40597753951388
2025-09-04 09:54:55.353778,291,3,POINT (-4.382050020965089 48.40598818124223),1.26871319044927e-05,-4.382050020965089,48.40598818124223
2025-09-04 09:54:56.353778,292,3,POINT (-4.382056727887919 48.405999321579266),1.3003458122686888e-05,-4.382056727887919,48.405999321579266
2025-09-04 09:54:57.353778,293,3,POINT (-4.382063131769976 48.40601095322928),1.3277988830302386e-05,-4.382063131769976,48.40601095322928
2025-09-04 09:54:58.353778,294,3,POINT (-4.382069193869615 48.406023058890376),1.3538688366560428e-05,-4.382069193869615,48.406023058890376
2025-09-04 09:54:59.353778,295,3,POINT (-4.382074898690332 48.40603563965155),1.381378047789737e-05,-4.382074898690332,48.40603563965155
2025-09-04 09:55:00.353778,296,3,POINT (-4.382080295519339 48.40604868496586),1.41175772997096e-05,-4.382080295519339,48.40604868496586
2025-09-04 09:55:01.353778,297,3,POINT (-4.382085211840583 48.40606217899905),1.4361725046839184e-05,-4.382085211840583,48.40606217899905
2025-09-04 09:55:02.353778,298,3,POINT (-4.382089621028063 48.406076114251135),1.46161617703912e-05,-4.382089621028063,48.406076114251135
2025-09-04 09:55:03.353778,299,3,POINT (-4.382093542484685 48.40609046907668),1.488082116237125e-05,-4.382093542484685,48.40609046907668
2025-09-04 09:55:04.353778,300,3,POINT (-4.38209708089975 48.40610436857337),1.4342816644502313e-05,-4.38209708089975,48.40610436857337
2025-09-04 09:55:05.353778,301,3,POINT (-4.382100266921016 48.4061178057309),1.380970434545907e-05,-4.382100266921016,48.4061178057309
2025-09-04 09:55:06.353778,302,3,POINT (-4.382103164414884 48.40613077751039),1.3291445890737604e-05,-4.382103164414884,48.40613077751039
2025-09-04 09:55:07.353778,303,3,POINT (-4.382105833040595 48.40614328229361),1.278636643446039e-05,-4.382105833040595,48.40614328229361
2025-09-04 09:55:08.353778,304,3,POINT (-4.3821083024348475 48.40615531631369),1.2284768914467382e-05,-4.3821083024348475,48.40615531631369
2025-09-04 09:55:09.353778,305,3,POINT (-4.382110571093125 48.40616687198499),1.1776262122123164e-05,-4.382110571093125,48.40616687198499
2025-09-04 09:55:10.353778,306,3,POINT (-4.382112703693178 48.406177951175515),1.1282572649745089e-05,-4.382112703693178,48.406177951175515
2025-09-04 09:55:11.353778,307,3,POINT (-4.382114737623889 48.40618855309815),1.079525996153709e-05,-4.382114737623889,48.40618855309815
2025-09-04 09:55:12.353778,308,3,POINT (-4.382116728951821 48.406198681007616),1.032181850018281e-05,-4.382116728951821,48.406198681007616
2025-09-04 09:55:13.353778,309,3,POINT (-4.382118726314842 48.40620833816755),9.861551453217345e-06,-4.382118726314842,48.40620833816755
2025-09-04 09:55:14.353778,310,3,POINT (-4.3821207905405535 48.406217536842796),9.427441541942682e-06,-4.3821207905405535,48.406217536842796
2025-09-04 09:55:15.353778,311,3,POINT (-4.382122925006022 48.40622627921507),8.999167505898125e-06,-4.382122925006022,48.40622627921507
2025-09-04 09:55:16.353778,312,3,POINT (-4.382125116012197 48.40623457217809),8.57751384566297e-06,-4.382125116012197,48.40623457217809
2025-09-04 09:55:17.353778,313,3,POINT (-4.382127375580415 48.406242419756516),8.16640285858841e-06,-4.382127375580415,48.406242419756516
2025-09-04 09:55:18.353778,314,3,POINT (-4.382129750720989 48.40624983830231),7.78948742939184e-06,-4.382129750720989,48.40624983830231
2025-09-04 09:55:19.353778,315,3,POINT (-4.38213221881709 48.40625683759966),7.4217020842355725e-06,-4.38213221881709,48.40625683759966
2025-09-04 09:55:20.353778,316,3,POINT (-4.382134842473421 48.40626336724916),7.037037380457871e-06,-4.382134842473421,48.40626336724916
2025-09-04 09:55:21.353778,317,3,POINT (-4.3821376974865105 48.40626944185632),6.712075077700574e-06,-4.3821376974865105,48.40626944185632
2025-09-04 09:55:22.353778,318,3,POINT (-4.38214079379124 48.40627506054124),6.41535059453261e-06,-4.38214079379124,48.40627506054124
2025-09-04 09:55:23.353778,319,3,POINT (-4.382144078664349 48.4062802061859),6.104756365022761e-06,-4.382144078664349,48.4062802061859
2025-09-04 09:55:24.353778,320,3,POINT (-4.382147644428048 48.40628489908004),5.8938888863206165e-06,-4.382147644428048,48.40628489908004
2025-09-04 09:55:25.353778,321,3,POINT (-4.382151458055393 48.40628912707977),5.693833090370935e-06,-4.382151458055393,48.40628912707977
2025-09-04 09:55:26.353778,322,3,POINT (-4.382155544765237 48.406292893404085),5.557553074384329e-06,-4.382155544765237,48.406292893404085
2025-09-04 09:55:27.353778,323,3,POINT (-4.382159931008027 48.40629620182679),5.494068311052251e-06,-4.382159931008027,48.40629620182679
2025-09-04 09:55:28.353778,324,3,POINT (-4.382164647113781 48.40629905736369),5.513233575754826e-06,-4.382164647113781,48.40629905736369
2025-09-04 09:55:29.353778,325,3,POINT (-4.382169626187998 48.40630143808602),5.518969003682056e-06,-4.382169626187998,48.40630143808602
2025-09-04 09:55:30.353778,326,3,POINT (-4.38217490141509 48.4063033497494),5.61092485819711e-06,-4.38217490141509,48.4063033497494
2025-09-04 09:55:31.353778,327,3,POINT (-4.38218049471895 48.4063047950803),5.777026007177556e-06,-4.38218049471895,48.4063047950803
2025-09-04 09:55:32.353778,328,3,POINT (-4.38218641962548 48.406305774474376),6.005308496519217e-06,-4.38218641962548,48.406305774474376
2025-09-04 09:55:33.353778,329,3,POINT (-4.382192692572797 48.40630628910533),6.294022010068615e-06,-4.382192692572797,48.40630628910533
2025-09-04 09:55:34.353778,330,3,POINT (-4.382199248485493 48.406306317415286),6.555973819582428e-06,-4.382199248485493,48.406306317415286
2025-09-04 09:55:35.353778,331,3,POINT (-4.382206141544818 48.40630587105669),6.907496135181232e-06,-4.382206141544818,48.40630587105669
2025-09-04 09:55:36.353778,332,3,POINT (-4.382213311509142 48.406304930056734),7.2314500155133026e-06,-4.382213311509142,48.406304930056734
2025-09-04 09:55:37.353778,333,3,POINT (-4.382220771569828 48.406303494782875),7.596875442138506e-06,-4.382220771569828,48.406303494782875
2025-09-04 09:55:38.353778,334,3,POINT (-4.382228478245345 48.40630155039264),7.9481759488218e-06,-4.382228478245345,48.40630155039264
2025-09-04 09:55:39.353778,335,3,POINT (-4.382236476385107 48.40629910572385),8.36341109436247e-06,-4.382236476385107,48.40629910572385
2025-09-04 09:55:40.353778,336,3,POINT (-4.382244770658876 48.40629615865039),8.802284893488896e-06,-4.382244770658876,48.40629615865039
2025-09-04 09:55:41.353778,337,3,POINT (-4.382253319288351 48.406292695199134),9.223587182042197e-06,-4.382253319288351,48.406292695199134
2025-09-04 09:55:42.353778,338,3,POINT (-4.382262130827799 48.4062887143698),9.669034576083972e-06,-4.382262130827799,48.4062887143698
2025-09-04 09:55:43.353778,339,3,POINT (-4.382271185694763 48.4062842081583),1.0114176083405125e-05,-4.382271185694763,48.4062842081583
2025-09-04 09:55:44.353778,340,3,POINT (-4.3822804642384945 48.406279168783506),1.055872492610068e-05,-4.3822804642384945,48.406279168783506
2025-09-04 09:55:45.353778,341,3,POINT (-4.382289733537163 48.40627387413509),1.0674886400547454e-05,-4.382289733537163,48.40627387413509
2025-09-04 09:55:46.353778,342,3,POINT (-4.382299023412377 48.40626833310801),1.081687397453442e-05,-4.382299023412377,48.40626833310801
2025-09-04 09:55:47.353778,343,3,POINT (-4.382308368112502 48.406262555557745),1.098651480189114e-05,-4.382308368112502,48.406262555557745
2025-09-04 09:55:48.353778,344,3,POINT (-4.382317675580301 48.40625652664576),1.108948765787419e-05,-4.382317675580301,48.40625652664576
2025-09-04 09:55:49.353778,345,3,POINT (-4.38232714797783 48.40624996996554),1.1520259131335343e-05,-4.38232714797783,48.40624996996554
2025-09-04 09:55:50.353778,346,3,POINT (-4.382336711366012 48.40624287564982),1.190746442563438e-05,-4.382336711366012,48.40624287564982
2025-09-04 09:55:51.353778,347,3,POINT (-4.38234631646055 48.40623524019027),1.2270211232286773e-05,-4.38234631646055,48.40623524019027
2025-09-04 09:55:52.353778,348,3,POINT (-4.382355902386314 48.406227081233446),1.2588031982642097e-05,-4.382355902386314,48.406227081233446
2025-09-04 09:55:53.353778,349,3,POINT (-4.3823654720050245 48.406218400529),1.2920225693188657e-05,-4.3823654720050245,48.406218400529
2025-09-04 09:55:54.353778,350,3,POINT (-4.382374991214439 48.4062091986911),1.3239681588916095e-05,-4.382374991214439,48.4062091986911
2025-09-04 09:55:55.353778,351,3,POINT (-4.382384399877662 48.40619946927693),1.3534564780805158e-05,-4.382384399877662,48.40619946927693
2025-09-04 09:55:56.353778,352,3,POINT (-4.382393685335717 48.4061892176865),1.3831660692851483e-05,-4.382393685335717,48.4061892176865
2025-09-04 09:55:57.353778,353,3,POINT (-4.382402819146162 48.406178460548425),1.4111786311091032e-05,-4.382402819146162,48.406178460548425
2025-09-04 09:55:58.353778,354,3,POINT (-4.3824117555364195 48.40616719420304),1.4380181121704867e-05,-4.3824117555364195,48.40616719420304
2025-09-04 09:55:59.353778,355,3,POINT (-4.38242043022484 48.406155426262444),1.4619666382602347e-05,-4.38242043022484,48.406155426262444
2025-09-04 09:56:00.353778,356,3,POINT (-4.382428818861941 48.406143160603115),1.4859866459078398e-05,-4.382428818861941,48.406143160603115
2025-09-04 09:56:01.353778,357,3,POINT (-4.382436893890253 48.40613040632565),1.5095617769810585e-05,-4.382436893890253,48.40613040632565
2025-09-04 09:56:02.353778,358,3,POINT (-4.382444655380205 48.406117172407534),1.5342011439994507e-05,-4.382444655380205,48.406117172407534
2025-09-04 09:56:03.353778,359,3,POINT (-4.382452028168142 48.40610346670024),1.5562917928857034e-05,-4.382452028168142,48.40610346670024
2025-09-04 09:56:04.353778,360,3,POINT (-4.3824589581933795 48.40608929938599),1.5771431221966272e-05,-4.3824589581933795,48.40608929938599
2025-09-04 09:56:05.353778,361,3,POINT (-4.382465370694589 48.40607532629241),1.537424846787784e-05,-4.382465370694589,48.40607532629241
2025-09-04 09:56:06.353778,362,3,POINT (-4.382471339899814 48.40606154856908),1.5015227978085418e-05,-4.382471339899814,48.40606154856908
2025-09-04 09:56:07.353778,363,3,POINT (-4.3824768207385585 48.406047970256125),1.4642751653068925e-05,-4.3824768207385585,48.406047970256125
2025-09-04 09:56:08.353778,364,3,POINT (-4.382481847871297 48.40603459191411),1.4291679352922954e-05,-4.382481847871297,48.40603459191411
2025-09-04 09:56:09.353778,365,3,POINT (-4.382486493958771 48.40602141784133),1.396933507150431e-05,-4.382486493958771,48.40602141784133
2025-09-04 09:56:10.353778,366,3,POINT (-4.382490790802066 48.40600844011709),1.367055919613967e-05,-4.382490790802066,48.40600844011709
2025-09-04 09:56:11.353778,367,3,POINT (-4.382494769570129 48.40599565544775),1.3389487127753052e-05,-4.382494769570129,48.40599565544775
2025-09-04 09:56:12.353778,368,3,POINT (-4.382498425890003 48.40598306975928),1.3106037890998252e-05,-4.382498425890003,48.40598306975928
2025-09-04 09:56:13.353778,369,3,POINT (-4.382501789606267 48.40597068285706),1.2835495071105931e-05,-4.382501789606267,48.40597068285706
2025-09-04 09:56:14.353778,370,3,POINT (-4.3825049555829905 48.40595875946666),1.2336557352685038e-05,-4.3825049555829905,48.40595875946666
2025-09-04 09:56:15.353778,371,3,POINT (-4.382507870699354 48.40594731346879),1.1811383089997766e-05,-4.382507870699354,48.40594731346879
2025-09-04 09:56:16.353778,372,3,POINT (-4.382510637519764 48.40593633957202),1.131731883084928e-05,-4.382510637519764,48.40593633957202
2025-09-04 09:56:17.353778,373,3,POINT (-4.382513293152066 48.40592583917981),1.0831002704161561e-05,-4.382513293152066,48.40592583917981
2025-09-04 09:56:18.353778,374,3,POINT (-4.382515846487911 48.40591581739646),1.0341937215894346e-05,-4.382515846487911,48.40591581739646
2025-09-04 09:56:19.353778,375,3,POINT (-4.382518330620842 48.405906275291535),9.860156329992451e-06,-4.382518330620842,48.405906275291535
2025-09-04 09:56:20.353778,376,3,POINT (-4.382520825727605 48.405897201534664),9.410559043774389e-06,-4.382520825727605,48.405897201534664
2025-09-04 09:56:21.353778,377,3,POINT (-4.382523345163069 48.405888593726814),8.968941466649635e-06,-4.382523345163069,48.405888593726814
2025-09-04 09:56:22.353778,378,3,POINT (-4.382525940915311 48.40588045488924),8.542751706914958e-06,-4.382525940915311,48.40588045488924
2025-09-04 09:56:23.353778,379,3,POINT (-4.382528635383221 48.40587278491471),8.129493624972838e-06,-4.382528635383221,48.40587278491471
2025-09-04 09:56:24.353778,380,3,POINT (-4.382531489748372 48.40586557516679),7.754215981560538e-06,-4.382531489748372,48.40586557516679
2025-09-04 09:56:25.353778,381,3,POINT (-4.382534500227178 48.405858830145746),7.386358477559583e-06,-4.382534500227178,48.405858830145746
2025-09-04 09:56:26.353778,382,3,POINT (-4.382537696834238 48.405852547002425),7.049552233715464e-06,-4.382537696834238,48.405852547002425
2025-09-04 09:56:27.353778,383,3,POINT (-4.382541052126369 48.40584673581366),6.710283163216547e-06,-4.382541052126369,48.40584673581366
2025-09-04 09:56:28.353778,384,3,POINT (-4.382544600455266 48.40584139257755),6.414110234904308e-06,-4.382544600455266,48.40584139257755
2025-09-04 09:56:29.353778,385,3,POINT (-4.382548380110118 48.40583651187497),6.173090671639483e-06,-4.382548380110118,48.40583651187497
2025-09-04 09:56:30.353778,386,3,POINT (-4.382552382326486 48.40583209943094),5.957130031507123e-06,-4.382552382326486,48.40583209943094
2025-09-04 09:56:31.353778,387,3,POINT (-4.382556648992004 48.40582814846627),5.815028500233403e-06,-4.382556648992004,48.40582814846627
2025-09-04 09:56:32.353778,388,3,POINT (-4.3825611358127 48.40582467363905),5.6750316423291546e-06,-4.3825611358127,48.40582467363905
2025-09-04 09:56:33.353778,389,3,POINT (-4.382565940375933 48.40582165370852),5.674839934233613e-06,-4.382565940375933,48.40582165370852
2025-09-04 09:56:34.353778,390,3,POINT (-4.382571008058568 48.405819106023934),5.672045842709043e-06,-4.382571008058568,48.405819106023934
2025-09-04 09:56:35.353778,391,3,POINT (-4.3825763545280045 48.405817030035266),5.735369594913293e-06,-4.3825763545280045,48.405817030035266
2025-09-04 09:56:36.353778,392,3,POINT (-4.382582033646121 48.405815415203605),5.904241176423404e-06,-4.382582033646121,48.405815415203605
2025-09-04 09:56:37.353778,393,3,POINT (-4.38258805089888 48.40581426352139),6.126475551801997e-06,-4.38258805089888,48.40581426352139
2025-09-04 09:56:38.353778,394,3,POINT (-4.382594259850115 48.40581342371669),6.265488598792965e-06,-4.382594259850115,48.40581342371669
2025-09-04 09:56:39.353778,395,3,POINT (-4.382600646828548 48.4058128902179),6.409221049399012e-06,-4.382600646828548,48.4058128902179
2025-09-04 09:56:40.353778,396,3,POINT (-4.3826072107798915 48.405812666354),6.5677676788661885e-06,-4.3826072107798915,48.405812666354
2025-09-04 09:56:41.353778,397,3,POINT (-4.382613940364864 48.40581273157226),6.729900989456787e-06,-4.382613940364864,48.40581273157226
2025-09-04 09:56:42.353778,398,3,POINT (-4.382620810803372 48.40581310097509),6.880362180797219e-06,-4.382620810803372,48.40581310097509
2025-09-04 09:56:43.353778,399,3,POINT (-4.382627846159717 48.4058137668582),7.066798371052961e-06,-4.382627846159717,48.4058137668582
2025-09-04 09:56:44.353778,400,3,POINT (-4.382635019005178 48.40581472971366),7.2371819551168344e-06,-4.382635019005178,48.40581472971366
2025-09-04 09:56:45.353778,401,3,POINT (-4.3826422838664305 48.40581598661338),7.372788205563262e-06,-4.3826422838664305,48.40581598661338
2025-09-04 09:56:46.353778,402,3,POINT (-4.38264973860663 48.4058175110725),7.609016167317731e-06,-4.38264973860663,48.4058175110725
2025-09-04 09:56:47.353778,403,3,POINT (-4.382657343185815 48.405819317544456),7.816198917150337e-06,-4.382657343185815,48.405819317544456
2025-09-04 09:56:48.353778,404,3,POINT (-4.382665026392828 48.40582140925599),7.962846673999997e-06,-4.382665026392828,48.40582140925599
2025-09-04 09:56:49.353778,405,3,POINT (-4.382672828776732 48.40582378054543),8.154765980702674e-06,-4.382672828776732,48.40582378054543
2025-09-04 09:56:50.353778,406,3,POINT (-4.382680736596611 48.40582642653947),8.338758881412087e-06,-4.382680736596611,48.40582642653947
2025-09-04 09:56:51.353778,407,3,POINT (-4.382688803663373 48.405829330999026),8.573998568922622e-06,-4.382688803663373,48.405829330999026
2025-09-04 09:56:52.353778,408,3,POINT (-4.382696942860615 48.40583250950884),8.73781759806049e-06,-4.382696942860615,48.40583250950884
2025-09-04 09:56:53.353778,409,3,POINT (-4.382705123943173 48.40583596020839),8.879044949725109e-06,-4.382705123943173,48.40583596020839
2025-09-04 09:56:54.353778,410,3,POINT (-4.382713391618614 48.405839674037416),9.063497295126447e-06,-4.382713391618614,48.405839674037416
2025-09-04 09:56:55.353778,411,3,POINT (-4.3827217049802565 48.405843654076925),9.216978696494679e-06,-4.3827217049802565,48.405843654076925
2025-09-04 09:56:56.353778,412,3,POINT (-4.382730095150722 48.405847894136095),9.400694772667386e-06,-4.382730095150722,48.405847894136095
2025-09-04 09:56:57.353778,413,3,POINT (-4.382738553291634 48.4058523861295),9.57695945771182e-06,-4.382738553291634,48.4058523861295
2025-09-04 09:56:58.353778,414,3,POINT (-4.382747045838989 48.40585713386044),9.729558551047273e-06,-4.382747045838989,48.40585713386044
2025-09-04 09:56:59.353778,415,3,POINT (-4.382755593920011 48.40586213032779),9.901230993388775e-06,-4.382755593920011,48.40586213032779
2025-09-04 09:57:00.353778,416,3,POINT (-4.382764201022604 48.40586737752098),1.0080439046702865e-05,-4.382764201022604,48.40586737752098
2025-09-04 09:57:01.353778,417,3,POINT (-4.382772831342157 48.40587287099973),1.023038241700094e-05,-4.382772831342157,48.40587287099973
2025-09-04 09:57:02.353778,418,3,POINT (-4.382781454761242 48.40587862414727),1.0366391046655171e-05,-4.382781454761242,48.40587862414727
2025-09-04 09:57:03.353778,419,3,POINT (-4.382790096825663 48.40588462810847),1.0522966668902518e-05,-4.382790096825663,48.40588462810847
2025-09-04 09:57:04.353778,420,3,POINT (-4.382798689378328 48.4058908831249),1.0628132095585537e-05,-4.382798689378328,48.4058908831249
2025-09-04 09:57:05.353778,421,3,POINT (-4.382807291995353 48.40589738113382),1.0780961906486304e-05,-4.382807291995353,48.40589738113382
2025-09-04 09:57:06.353778,422,3,POINT (-4.382815809963136 48.405904126140065),1.0865122383339398e-05,-4.382815809963136,48.405904126140065
2025-09-04 09:57:07.353778,423,3,POINT (-4.382824307540109 48.40591111125968),1.1000032291377197e-05,-4.382824307540109,48.40591111125968
2025-09-04 09:57:08.353778,424,3,POINT (-4.3828326723562085 48.4059183426745),1.1057283060153771e-05,-4.3828326723562085,48.4059183426745
2025-09-04 09:57:09.353778,425,3,POINT (-4.382840935908388 48.405925814971),1.1140983333729229e-05,-4.382840935908388,48.405925814971
2025-09-04 09:57:10.353778,426,3,POINT (-4.382849086651494 48.40593352457798),1.1219298240829782e-05,-4.382849086651494,48.40593352457798
2025-09-04 09:57:11.353778,427,3,POINT (-4.382857069775991 48.40594113151899),1.1027049844694935e-05,-4.382857069775991,48.40594113151899
2025-09-04 09:57:12.353778,428,3,POINT (-4.382864908950555 48.40594864064938),1.0855399439015066e-05,-4.382864908950555,48.40594864064938
2025-09-04 09:57:13.353778,429,3,POINT (-4.382872550428466 48.40595605356838),1.0646292914525078e-05,-4.382872550428466,48.40595605356838
2025-09-04 09:57:14.353778,430,3,POINT (-4.382879989835835 48.405963377937226),1.0439883187399024e-05,-4.382879989835835,48.405963377937226
2025-09-04 09:57:15.353778,431,3,POINT (-4.3828872316290735 48.40597060704446),1.0232475785365609e-05,-4.3828872316290735,48.40597060704446
2025-09-04 09:57:16.353778,432,3,POINT (-4.382894308746322 48.40597773601909),1.004529082850444e-05,-4.382894308746322,48.40597773601909
2025-09-04 09:57:17.353778,433,3,POINT (-4.382901326705428 48.40598476856472),9.93521253343699e-06,-4.382901326705428,48.40598476856472
2025-09-04 09:57:18.353778,434,3,POINT (-4.382908244464465 48.40599170256077),9.794676680612148e-06,-4.382908244464465,48.40599170256077
2025-09-04 09:57:19.353778,435,3,POINT (-4.382914989783982 48.40599854838414),9.610652060062976e-06,-4.382914989783982,48.40599854838414
2025-09-04 09:57:20.353778,436,3,POINT (-4.382921624921977 48.406005306472906),9.470840510511259e-06,-4.382921624921977,48.406005306472906
2025-09-04 09:57:21.353778,437,3,POINT (-4.382928176878931 48.40601197275349),9.347054977046167e-06,-4.382928176878931,48.40601197275349
2025-09-04 09:57:22.353778,438,3,POINT (-4.382934610253495 48.40601855144386),9.201493098473476e-06,-4.382934610253495,48.40601855144386
2025-09-04 09:57:23.353778,439,3,POINT (-4.382940987417661 48.40602504202936),9.099226505566763e-06,-4.382940987417661,48.40602504202936
2025-09-04 09:57:24.353778,440,3,POINT (-4.3829472618276375 48.40603144534056),8.964965969613547e-06,-4.3829472618276375,48.40603144534056
2025-09-04 09:57:25.353778,441,3,POINT (-4.382953486343705 48.406037763680224),8.869386472550952e-06,-4.382953486343705,48.406037763680224
2025-09-04 09:57:26.353778,442,3,POINT (-4.382959670630065 48.40604399902032),8.782076284970821e-06,-4.382959670630065,48.40604399902032
2025-09-04 09:57:27.353778,443,3,POINT (-4.382965755188302 48.40605015155459),8.653064593824432e-06,-4.382965755188302,48.40605015155459
2025-09-04 09:57:28.353778,444,3,POINT (-4.382971786788471 48.40605621758653),8.554352350926874e-06,-4.382971786788471,48.40605621758653
2025-09-04 09:57:29.353778,445,3,POINT (-4.382977790842076 48.4060622068333),8.480550483961015e-06,-4.382977790842076,48.4060622068333
2025-09-04 09:57:30.353778,446,3,POINT (-4.382983745582125 48.406068115908944),8.38904667134301e-06,-4.382983745582125,48.406068115908944
2025-09-04 09:57:31.353778,447,3,POINT (-4.382989631691294 48.40607394908879),8.286873251936128e-06,-4.382989631691294,48.40607394908879
2025-09-04 09:57:32.353778,448,3,POINT (-4.382995478153611 48.406079704899106),8.20429606917567e-06,-4.382995478153611,48.406079704899106
2025-09-04 09:57:33.353778,449,3,POINT (-4.383001269385064 48.406085380843564),8.10892762471841e-06,-4.383001269385064,48.406085380843564
2025-09-04 09:57:34.353778,450,3,POINT (-4.383006997440465 48.4060909852667),8.013749271300342e-06,-4.383006997440465,48.4060909852667
2025-09-04 09:57:35.353778,451,3,POINT (-4.383012712781898 48.40609619177701),7.73129208442758e-06,-4.383012712781898,48.40609619177701
2025-09-04 09:57:36.353778,452,3,POINT (-4.3830185078607995 48.406101006951424),7.534510210159026e-06,-4.3830185078607995,48.406101006951424
2025-09-04 09:57:37.353778,453,3,POINT (-4.383024309709177 48.40610541852445),7.2885815587365496e-06,-4.383024309709177,48.40610541852445
2025-09-04 09:57:38.353778,454,3,POINT (-4.383030225874934 48.406109447734124),7.157901080525364e-06,-4.383030225874934,48.406109447734124
2025-09-04 09:57:39.353778,455,3,POINT (-4.383036215983161 48.406113098578125),7.014988131804789e-06,-4.383036215983161,48.406113098578125
2025-09-04 09:57:40.353778,456,3,POINT (-4.383042253814587 48.4061163762356),6.870112580193748e-06,-4.383042253814587,48.4061163762356
2025-09-04 09:57:41.353778,457,3,POINT (-4.383048446694979 48.40611929513778),6.846295163708568e-06,-4.383048446694979,48.40611929513778
2025-09-04 09:57:42.353778,458,3,POINT (-4.383054706022565 48.40612184618979),6.759219496593883e-06,-4.383054706022565,48.40612184618979
2025-09-04 09:57:43.353778,459,3,POINT (-4.383061078195086 48.40612404228743),6.739987201162836e-06,-4.383061078195086,48.40612404228743
2025-09-04 09:57:44.353778,460,3,POINT (-4.38306757335454 48.40612588876458),6.752523542894044e-06,-4.38306757335454,48.40612588876458
2025-09-04 09:57:45.353778,461,3,POINT (-4.383074140819357 48.40612739060686),6.736996687090635e-06,-4.383074140819357,48.40612739060686
2025-09-04 09:57:46.353778,462,3,POINT (-4.383080848365971 48.406128567511296),6.81001362893904e-06,-4.383080848365971,48.406128567511296
2025-09-04 09:57:47.353778,463,3,POINT (-4.383087708290405 48.40612941604865),6.912205066351969e-06,-4.383087708290405,48.40612941604865
2025-09-04 09:57:48.353778,464,3,POINT (-4.383094683936672 48.40612993619295),6.995011860617557e-06,-4.383094683936672,48.40612993619295
2025-09-04 09:57:49.353778,465,3,POINT (-4.383101723313212 48.406130123980155),7.041880864669097e-06,-4.383101723313212,48.406130123980155
2025-09-04 09:57:50.353778,466,3,POINT (-4.383108845288646 48.40612998672437),7.123297918538109e-06,-4.383108845288646,48.40612998672437
2025-09-04 09:57:51.353778,467,3,POINT (-4.383116078893256 48.406129538183635),7.247497805537665e-06,-4.383116078893256,48.406129538183635
2025-09-04 09:57:52.353778,468,3,POINT (-4.383123421234325 48.40612877685115),7.381707088087841e-06,-4.383123421234325,48.40612877685115
2025-09-04 09:57:53.353778,469,3,POINT (-4.3831308063995955 48.40612769962364),7.463315963948167e-06,-4.3831308063995955,48.40612769962364
2025-09-04 09:57:54.353778,470,3,POINT (-4.383138309479799 48.40612632024552),7.628820127258364e-06,-4.383138309479799,48.40612632024552
2025-09-04 09:57:55.353778,471,3,POINT (-4.383145892043942 48.40612464028398),7.766437391962149e-06,-4.383145892043942,48.40612464028398
2025-09-04 09:57:56.353778,472,3,POINT (-4.3831534860118735 48.40612264896662),7.850712945718959e-06,-4.3831534860118735,48.40612264896662
2025-09-04 09:57:57.353778,473,3,POINT (-4.38316110654645 48.40612036183688),7.956350275718183e-06,-4.38316110654645,48.40612036183688
2025-09-04 09:57:58.353778,474,3,POINT (-4.383168814043158 48.40611778380684),8.127222425703622e-06,-4.383168814043158,48.40611778380684
2025-09-04 09:57:59.353778,475,3,POINT (-4.38317653990541 48.406114914693894),8.241405016347057e-06,-4.38317653990541,48.406114914693894
2025-09-04 09:58:00.353778,476,3,POINT (-4.383184297423919 48.40611175806245),8.37516659487631e-06,-4.383184297423919,48.40611175806245
2025-09-04 09:58:01.353778,477,3,POINT (-4.38319214110706 48.40610832509876),8.562044436620863e-06,-4.38319214110706,48.40610832509876
2025-09-04 09:58:02.353778,478,3,POINT (-4.383199959096798 48.406104599848746),8.660164616774129e-06,-4.383199959096798,48.406104599848746
2025-09-04 09:58:03.353778,479,3,POINT (-4.383207810108565 48.406100596183066),8.812929401770166e-06,-4.383207810108565,48.406100596183066
2025-09-04 09:58:04.353778,480,3,POINT (-4.383215688168766 48.40609631138613),8.967904846095795e-06,-4.383215688168766,48.40609631138613
2025-09-04 09:58:05.353778,481,3,POINT (-4.383223487223071 48.40609208564082),8.870297145496956e-06,-4.383223487223071,48.40609208564082
2025-09-04 09:58:06.353778,482,3,POINT (-4.383231197839036 48.40608792126305),8.763312203748418e-06,-4.383231197839036,48.40608792126305
2025-09-04 09:58:07.353778,483,3,POINT (-4.383238863805709 48.406083816920024),8.69555499762963e-06,-4.383238863805709,48.406083816920024
2025-09-04 09:58:08.353778,484,3,POINT (-4.383246525675558 48.406079770797234),8.664603811441346e-06,-4.383246525675558,48.406079770797234
2025-09-04 09:58:09.353778,485,3,POINT (-4.3832541255915665 48.40607577458247),8.586527574467005e-06,-4.3832541255915665,48.40607577458247
2025-09-04 09:58:10.353778,486,3,POINT (-4.383261743365294 48.406071832805964),8.57718360409999e-06,-4.383261743365294,48.406071832805964
2025-09-04 09:58:11.353778,487,3,POINT (-4.3832693611658 48.40606794307659),8.553413302595635e-06,-4.3832693611658,48.40606794307659
2025-09-04 09:58:12.353778,488,3,POINT (-4.383276984104555 48.406064103910104),8.535127098580569e-06,-4.383276984104555,48.406064103910104
2025-09-04 09:58:13.353778,489,3,POINT (-4.383284592287855 48.40606031124479),8.501103654418323e-06,-4.383284592287855,48.40606031124479
2025-09-04 09:58:14.353778,490,3,POINT (-4.383292220752653 48.406056566595275),8.497992417716467e-06,-4.383292220752653,48.406056566595275
2025-09-04 09:58:15.353778,491,3,POINT (-4.383299822617442 48.40605286493845),8.455212091218766e-06,-4.383299822617442,48.40605286493845
2025-09-04 09:58:16.353778,492,3,POINT (-4.383307350169574 48.406049210490906),8.36773732658509e-06,-4.383307350169574,48.406049210490906
2025-09-04 09:58:17.353778,493,3,POINT (-4.383314879127406 48.406045598125345),8.3507120045426e-06,-4.383314879127406,48.406045598125345
2025-09-04 09:58:18.353778,494,3,POINT (-4.383322383241759 48.406042031582636),8.308547353146811e-06,-4.383322383241759,48.406042031582636
2025-09-04 09:58:19.353778,495,3,POINT (-4.38332984901106 48.40603851740239),8.251495260934998e-06,-4.38332984901106,48.40603851740239
2025-09-04 09:58:20.353778,496,3,POINT (-4.383337307485121 48.40603471294421),8.37273774617729e-06,-4.383337307485121,48.40603471294421
2025-09-04 09:58:21.353778,497,3,POINT (-4.383344758890519 48.40603062108918),8.500983473707249e-06,-4.383344758890519,48.40603062108918
2025-09-04 09:58:22.353778,498,3,POINT (-4.383352099079153 48.40602625219712),8.541989638578971e-06,-4.383352099079153,48.40602625219712
2025-09-04 09:58:23.353778,499,3,POINT (-4.3833594334601305 48.40602159395747),8.688632860758502e-06,-4.3833594334601305,48.40602159395747
2025-09-04 09:58:24.353778,500,3,POINT (-4.38336666454031 48.40601666652552),8.750320349170669e-06,-4.38336666454031,48.40601666652552
2025-09-04 09:58:25.353778,501,3,POINT (-4.383373860311615 48.40601146767485),8.877340418390262e-06,-4.383373860311615,48.40601146767485
2025-09-04 09:58:26.353778,502,3,POINT (-4.383380990380044 48.40600599766703),8.986593423718461e-06,-4.383380990380044,48.40600599766703
2025-09-04 09:58:27.353778,503,3,POINT (-4.383388027713789 48.40600025844706),9.080898200528571e-06,-4.383388027713789,48.40600025844706
2025-09-04 09:58:28.353778,504,3,POINT (-4.383394990723336 48.40599425269976),9.195243473228177e-06,-4.383394990723336,48.40599425269976
2025-09-04 09:58:29.353778,505,3,POINT (-4.3834018640283645 48.405987984306655),9.302423026491368e-06,-4.3834018640283645,48.405987984306655
2025-09-04 09:58:30.353778,506,3,POINT (-4.383408595966283 48.40598146081013),9.374166364313776e-06,-4.383408595966283,48.40598146081013
2025-09-04 09:58:31.353778,507,3,POINT (-4.383415194340652 48.405974684150024),9.458417760735322e-06,-4.383415194340652,48.405974684150024
2025-09-04 09:58:32.353778,508,3,POINT (-4.38342167190879 48.405967664015975),9.552024447693587e-06,-4.38342167190879,48.405967664015975
2025-09-04 09:58:33.353778,509,3,POINT (-4.383428062866899 48.40596039903255),9.675966602456103e-06,-4.383428062866899,48.40596039903255
2025-09-04 09:58:34.353778,510,3,POINT (-4.383434274781313 48.40595289907391),9.738442396681465e-06,-4.383434274781313,48.40595289907391
2025-09-04 09:58:35.353778,511,3,POINT (-4.383440326656944 48.405945168449556),9.81772639487682e-06,-4.383440326656944,48.405945168449556
2025-09-04 09:58:36.353778,512,3,POINT (-4.383446245241912 48.40593753949245),9.655601201461151e-06,-4.383446245241912,48.40593753949245
2025-09-04 09:58:37.353778,513,3,POINT (-4.3834521103300235 48.40593034707443),9.280632278671966e-06,-4.3834521103300235,48.40593034707443
2025-09-04 09:58:38.353778,514,3,POINT (-4.3834580182163 48.4059235767872),8.98553890484068e-06,-4.3834580182163,48.4059235767872
2025-09-04 09:58:39.353778,515,3,POINT (-4.383463960592065 48.405917219374615),8.702213772823276e-06,-4.383463960592065,48.405917219374615
2025-09-04 09:58:40.353778,516,3,POINT (-4.383469935681294 48.40591127021537),8.431736892028363e-06,-4.383469935681294,48.40591127021537
2025-09-04 09:58:41.353778,517,3,POINT (-4.383475982267797 48.40590571665715),8.209946236811737e-06,-4.383475982267797,48.40590571665715
2025-09-04 09:58:42.353778,518,3,POINT (-4.3834821097470575 48.40590055560447),8.011396064253373e-06,-4.3834821097470575,48.40590055560447
2025-09-04 09:58:43.353778,519,3,POINT (-4.383488350092453 48.40589576861634),7.864932675681388e-06,-4.383488350092453,48.40589576861634
2025-09-04 09:58:44.353778,520,3,POINT (-4.3834946815279086 48.405891363692454),7.713003913321753e-06,-4.3834946815279086,48.405891363692454
2025-09-04 09:58:45.353778,521,3,POINT (-4.383501120039363 48.40588732164108),7.60214502962339e-06,-4.383501120039363,48.40588732164108
2025-09-04 09:58:46.353778,522,3,POINT (-4.383507664725501 48.405883635781876),7.511223250973632e-06,-4.383507664725501,48.405883635781876
2025-09-04 09:58:47.353778,523,3,POINT (-4.3835142934276305 48.405880314798715),7.414082618813314e-06,-4.3835142934276305,48.405880314798715
2025-09-04 09:58:48.353778,524,3,POINT (-4.383521059644843 48.405877350775235),7.386956785706132e-06,-4.383521059644843,48.405877350775235
2025-09-04 09:58:49.353778,525,3,POINT (-4.383527983357275 48.4058747366092),7.40078765406415e-06,-4.383527983357275,48.4058747366092
2025-09-04 09:58:50.353778,526,3,POINT (-4.383535023230044 48.4058724721942),7.395091879636361e-06,-4.383535023230044,48.4058724721942
2025-09-04 09:58:51.353778,527,3,POINT (-4.383542171901193 48.40587055203036),7.402062440342384e-06,-4.383542171901193,48.40587055203036
2025-09-04 09:58:52.353778,528,3,POINT (-4.383549465020005 48.40586895889494),7.4650962792221425e-06,-4.383549465020005,48.40586895889494
2025-09-04 09:58:53.353778,529,3,POINT (-4.383556887807334 48.405867697317056),7.529233061222354e-06,-4.383556887807334,48.405867697317056
2025-09-04 09:58:54.353778,530,3,POINT (-4.383564392026544 48.40586676924245),7.561390641438622e-06,-4.383564392026544,48.40586676924245
2025-09-04 09:58:55.353778,531,3,POINT (-4.383571993631172 48.405866166891755),7.625432399138869e-06,-4.383571993631172,48.405866166891755
2025-09-04 09:58:56.353778,532,3,POINT (-4.383579684285568 48.40586588003974),7.696002151540988e-06,-4.383579684285568,48.40586588003974
2025-09-04 09:58:57.353778,533,3,POINT (-4.383587499292551 48.40586591030931),7.815065603642397e-06,-4.383587499292551,48.40586591030931
2025-09-04 09:58:58.353778,534,3,POINT (-4.383595422461694 48.4058662514406),7.93050943040852e-06,-4.383595422461694,48.4058662514406
2025-09-04 09:58:59.353778,535,3,POINT (-4.383603405823941 48.40586690240966),8.009858518466175e-06,-4.383603405823941,48.40586690240966
2025-09-04 09:59:00.353778,536,3,POINT (-4.383611480540232 48.405867859175636),8.13120189824778e-06,-4.383611480540232,48.405867859175636
2025-09-04 09:59:01.353778,537,3,POINT (-4.3836196720521405 48.40586911054055),8.286542191983256e-06,-4.3836196720521405,48.40586911054055
2025-09-04 09:59:02.353778,538,3,POINT (-4.383627915046667 48.405870665205505),8.388321755811098e-06,-4.383627915046667,48.405870665205505
2025-09-04 09:59:03.353778,539,3,POINT (-4.383636273428374 48.405872506692795),8.558832876577044e-06,-4.383636273428374,48.405872506692795
2025-09-04 09:59:04.353778,540,3,POINT (-4.383644705816359 48.40587463910366),8.697835547228772e-06,-4.383644705816359,48.40587463910366
2025-09-04 09:59:05.353778,541,3,POINT (-4.383653201981163 48.40587705738328),8.833622853165674e-06,-4.383653201981163,48.40587705738328
2025-09-04 09:59:06.353778,542,3,POINT (-4.383661710219924 48.4058797712528),8.93057750545011e-06,-4.383661710219924,48.4058797712528
2025-09-04 09:59:07.353778,543,3,POINT (-4.383670282719652 48.40588277102915),9.082202911666646e-06,-4.383670282719652,48.40588277102915
2025-09-04 09:59:08.353778,544,3,POINT (-4.383678933582132 48.40588605163376),9.252015362102389e-06,-4.383678933582132,48.40588605163376
2025-09-04 09:59:09.353778,545,3,POINT (-4.383687612147533 48.40588961422624),9.381341194458241e-06,-4.383687612147533,48.40588961422624
2025-09-04 09:59:10.353778,546,3,POINT (-4.3836963123019625 48.40589345367879),9.509683644074566e-06,-4.3836963123019625,48.40589345367879
2025-09-04 09:59:11.353778,547,3,POINT (-4.383705058025093 48.40589756788074),9.665108936817484e-06,-4.383705058025093,48.40589756788074
2025-09-04 09:59:12.353778,548,3,POINT (-4.383713814639338 48.40590195664281),9.794872408687893e-06,-4.383713814639338,48.40590195664281
2025-09-04 09:59:13.353778,549,3,POINT (-4.38372260965761 48.40590662114088),9.955394952511937e-06,-4.38372260965761,48.40590662114088
2025-09-04 09:59:14.353778,550,3,POINT (-4.38373133836455 48.40591156365861),1.0030892601534499e-05,-4.38373133836455,48.40591156365861
2025-09-04 09:59:15.353778,551,3,POINT (-4.383740059445923 48.405916764195254),1.0153956946979988e-05,-4.383740059445923,48.405916764195254
2025-09-04 09:59:16.353778,552,3,POINT (-4.383748666161504 48.40592190083753),1.0023005882919103e-05,-4.383748666161504,48.40592190083753
2025-09-04 09:59:17.353778,553,3,POINT (-4.3837571437580785 48.40592697266857),9.878922703207932e-06,-4.3837571437580785,48.40592697266857
2025-09-04 09:59:18.353778,554,3,POINT (-4.3837655337296155 48.40593197982346),9.770528260209242e-06,-4.3837655337296155,48.40593197982346
2025-09-04 09:59:19.353778,555,3,POINT (-4.383773866181412 48.4059369188643),9.686272625430244e-06,-4.383773866181412,48.4059369188643
2025-09-04 09:59:20.353778,556,3,POINT (-4.3837821190113555 48.40594179815758),9.587320010440828e-06,-4.3837821190113555,48.40594179815758
2025-09-04 09:59:21.353778,557,3,POINT (-4.383790354048989 48.40594661212976),9.5388769252302e-06,-4.383790354048989,48.40594661212976
2025-09-04 09:59:22.353778,558,3,POINT (-4.383798444300245 48.40595135886668),9.379961448764901e-06,-4.383798444300245,48.40595135886668
2025-09-04 09:59:23.353778,559,3,POINT (-4.383806484618082 48.40595604668927),9.307115103438129e-06,-4.383806484618082,48.40595604668927
2025-09-04 09:59:24.353778,560,3,POINT (-4.383814505402348 48.405960670315274),9.258018020104696e-06,-4.383814505402348,48.405960670315274
2025-09-04 09:59:25.353778,561,3,POINT (-4.383822476439073 48.40596523080167),9.183434142441394e-06,-4.383822476439073,48.40596523080167
2025-09-04 09:59:26.353778,562,3,POINT (-4.383830421492898 48.40596973595829),9.133472309296481e-06,-4.383830421492898,48.40596973595829
2025-09-04 09:59:27.353778,563,3,POINT (-4.383838292207406 48.40597418776924),9.04249786358374e-06,-4.383838292207406,48.40597418776924
2025-09-04 09:59:28.353778,564,3,POINT (-4.383846122260379 48.40597858019639),8.977925475165218e-06,-4.383846122260379,48.40597858019639
2025-09-04 09:59:29.353778,565,3,POINT (-4.383853875244983 48.405982922242806),8.886064222276744e-06,-4.383853875244983,48.405982922242806
2025-09-04 09:59:30.353778,566,3,POINT (-4.38386158038867 48.405987203968785),8.814897423359292e-06,-4.38386158038867,48.405987203968785
2025-09-04 09:59:31.353778,567,3,POINT (-4.383869222641288 48.40599143029955),8.733034800540546e-06,-4.383869222641288,48.40599143029955
2025-09-04 09:59:32.353778,568,3,POINT (-4.383876806187391 48.40599560698573),8.657648578391337e-06,-4.383876806187391,48.40599560698573
2025-09-04 09:59:33.353778,569,3,POINT (-4.383884309828055 48.4059997329753),8.56320110668149e-06,-4.383884309828055,48.4059997329753
2025-09-04 09:59:34.353778,570,3,POINT (-4.383891796996222 48.40600381475623),8.52752148744403e-06,-4.383891796996222,48.40600381475623
2025-09-04 09:59:35.353778,571,3,POINT (-4.383899196275195 48.40600751184154),8.271503434335048e-06,-4.383899196275195,48.40600751184154
2025-09-04 09:59:36.353778,572,3,POINT (-4.383906610284671 48.406010827518834),8.121653308139224e-06,-4.383906610284671,48.406010827518834
2025-09-04 09:59:37.353778,573,3,POINT (-4.383914060092314 48.40601376968256),8.009741649995189e-06,-4.383914060092314,48.40601376968256
2025-09-04 09:59:38.353778,574,3,POINT (-4.383921522907733 48.40601634252091),7.893865411887953e-06,-4.383921522907733,48.40601634252091
2025-09-04 09:59:39.353778,575,3,POINT (-4.383929039311367 48.406018554414565),7.835100327459303e-06,-4.383929039311367,48.406018554414565
2025-09-04 09:59:40.353778,576,3,POINT (-4.383936628256512 48.40602040795171),7.812022040103059e-06,-4.383936628256512,48.40602040795171
2025-09-04 09:59:41.353778,577,3,POINT (-4.383944247628986 48.40602190637447),7.765314396418565e-06,-4.383944247628986,48.40602190637447
2025-09-04 09:59:42.353778,578,3,POINT (-4.3839519263039755 48.406023049501464),7.763297554123644e-06,-4.3839519263039755,48.406023049501464
2025-09-04 09:59:43.353778,579,3,POINT (-4.3839596444088915 48.40602385122774),7.759633271753041e-06,-4.3839596444088915,48.40602385122774
2025-09-04 09:59:44.353778,580,3,POINT (-4.38396738325778 48.40602430835004),7.752337900616512e-06,-4.38396738325778,48.40602430835004
2025-09-04 09:59:45.353778,581,3,POINT (-4.383975125914119 48.406024427772536),7.743577267984211e-06,-4.383975125914119,48.406024427772536
2025-09-04 09:59:46.353778,582,3,POINT (-4.38398289608736 48.40602420547026),7.773352591274249e-06,-4.38398289608736,48.40602420547026
2025-09-04 09:59:47.353778,583,3,POINT (-4.383990661594228 48.4060236527814),7.785150087779528e-06,-4.383990661594228,48.4060236527814
2025-09-04 09:59:48.353778,584,3,POINT (-4.38399843604295 48.40602278202832),7.823059750105442e-06,-4.38399843604295,48.40602278202832
2025-09-04 09:59:49.353778,585,3,POINT (-4.3840062350085605 48.40602158440586),7.890384283769937e-06,-4.3840062350085605,48.40602158440586
2025-09-04 09:59:50.353778,586,3,POINT (-4.384013976737929 48.406020062853415),7.889834945763517e-06,-4.384013976737929,48.406020062853415
2025-09-04 09:59:51.353778,587,3,POINT (-4.384021728590188 48.40601856555374),7.89513266307196e-06,-4.384021728590188,48.40601856555374
2025-09-04 09:59:52.353778,588,3,POINT (-4.384029510427209 48.40601709185403),7.920150140010354e-06,-4.384029510427209,48.40601709185403
2025-09-04 09:59:53.353778,589,3,POINT (-4.384037256795364 48.40601563549164),7.882081641587578e-06,-4.384037256795364,48.40601563549164
2025-09-04 09:59:54.353778,590,3,POINT (-4.384045009843809 48.406014202789244),7.884313308780681e-06,-4.384045009843809,48.406014202789244
2025-09-04 09:59:55.353778,591,3,POINT (-4.384052755027871 48.4060127891045),7.873143000562652e-06,-4.384052755027871,48.4060127891045
2025-09-04 09:59:56.353778,592,3,POINT (-4.384060493639504 48.4060113994031),7.862402940563647e-06,-4.384060493639504,48.4060113994031
2025-09-04 09:59:57.353778,593,3,POINT (-4.384068229534809 48.406010033102945),7.855625517877621e-06,-4.384068229534809,48.406010033102945
2025-09-04 09:59:58.353778,594,3,POINT (-4.38407590113836 48.40600867913107),7.79016950243469e-06,-4.38407590113836,48.40600867913107
2025-09-04 09:59:59.353778,595,3,POINT (-4.38408353090983 48.40600733889507),7.746589263741614e-06,-4.38408353090983,48.40600733889507
2025-09-04 10:00:00.353778,596,3,POINT (-4.38409115950094 48.4060060114955),7.743215866146374e-06,-4.38409115950094,48.4060060114955
2025-09-04 10:00:01.353778,597,3,POINT (-4.3840987713839 48.40600470554183),7.72310023044288e-06,-4.3840987713839,48.40600470554183
2025-09-04 10:00:02.353778,598,3,POINT (-4.384106358965685 48.40600341586934),7.696405165801754e-06,-4.384106358965685,48.40600341586934
2025-09-04 10:00:03.353778,599,3,POINT (-4.384113924828826 48.40600214283523),7.672216168249656e-06,-4.384113924828826,48.40600214283523
2025-09-04 10:00:04.353778,600,3,POINT (-4.384121474495741 48.40600089092408),7.65276107265277e-06,-4.384121474495741,48.40600089092408
2025-09-04 10:00:05.353778,601,3,POINT (-4.384129027867234 48.40599965192203),7.65431557973973e-06,-4.384129027867234,48.40599965192203
2025-09-04 10:00:06.353778,602,3,POINT (-4.384136552509029 48.405998425918305),7.62386511404081e-06,-4.384136552509029,48.405998425918305
2025-09-04 10:00:07.353778,603,3,POINT (-4.384144026165335 48.40599721753179),7.570715722598903e-06,-4.384144026165335,48.40599721753179
2025-09-04 10:00:08.353778,604,3,POINT (-4.384151482620336 48.40599602398499),7.5513757122767886e-06,-4.384151482620336,48.40599602398499
2025-09-04 10:00:09.353778,605,3,POINT (-4.384158917904465 48.40599484364576),7.528389653864495e-06,-4.384158917904465,48.40599484364576
2025-09-04 10:00:10.353778,606,3,POINT (-4.384166348578815 48.40599367975611),7.52127385616454e-06,-4.384166348578815,48.40599367975611
2025-09-04 10:00:11.353778,607,3,POINT (-4.38417374092406 48.40599252331597),7.482253805544517e-06,-4.38417374092406,48.40599252331597
2025-09-04 10:00:12.353778,608,3,POINT (-4.384181158035137 48.40599138482503),7.50397883460326e-06,-4.384181158035137,48.40599138482503
2025-09-04 10:00:13.353778,609,3,POINT (-4.38418856056957 48.40599026135275),7.487302985941088e-06,-4.38418856056957,48.40599026135275
2025-09-04 10:00:14.353778,610,3,POINT (-4.384195981246181 48.40598914504869),7.504170580998864e-06,-4.384195981246181,48.40598914504869
2025-09-04 10:00:15.353778,611,3,POINT (-4.384203429142887 48.4059880315098),7.530679531330967e-06,-4.384203429142887,48.4059880315098
2025-09-04 10:00:16.353778,612,3,POINT (-4.384210919719639 48.405986932022266),7.570839643736262e-06,-4.384210919719639,48.405986932022266
2025-09-04 10:00:17.353778,613,3,POINT (-4.3842184469092595 48.40598584748534),7.60491971906986e-06,-4.3842184469092595,48.40598584748534
2025-09-04 10:00:18.353778,614,3,POINT (-4.3842259931883705 48.40598477196115),7.622537681162082e-06,-4.3842259931883705,48.40598477196115
2025-09-04 10:00:19.353778,615,3,POINT (-4.384233565400065 48.40598370920482),7.646426679388332e-06,-4.384233565400065,48.40598370920482
2025-09-04 10:00:20.353778,616,3,POINT (-4.384241156993669 48.40598266231748),7.663436993928674e-06,-4.384241156993669,48.40598266231748
2025-09-04 10:00:21.353778,617,3,POINT (-4.384248704789797 48.405981626556404),7.618531839258819e-06,-4.384248704789797,48.405981626556404
2025-09-04 10:00:22.353778,618,3,POINT (-4.384256220597726 48.40598060591921),7.58479196174619e-06,-4.384256220597726,48.40598060591921
2025-09-04 10:00:23.353778,619,3,POINT (-4.384263758940488 48.405979604446024),7.60457494858749e-06,-4.384263758940488,48.405979604446024
2025-09-04 10:00:24.353778,620,3,POINT (-4.3842712986923535 48.4059786106868),7.604959933213193e-06,-4.3842712986923535,48.4059786106868
2025-09-04 10:00:25.353778,621,3,POINT (-4.384278873132969 48.40597761981539),7.638977470217716e-06,-4.384278873132969,48.40597761981539
2025-09-04 10:00:26.353778,622,3,POINT (-4.384286419059688 48.40597664875224),7.608151792224856e-06,-4.384286419059688,48.40597664875224
2025-09-04 10:00:27.353778,623,3,POINT (-4.384293999390424 48.40597567882147),7.642131886215372e-06,-4.384293999390424,48.40597567882147
2025-09-04 10:00:28.353778,624,3,POINT (-4.384301544444281 48.405974718664545),7.605901592100796e-06,-4.384301544444281,48.405974718664545
2025-09-04 10:00:29.353778,625,3,POINT (-4.384309130781252 48.40597376277732),7.646321272960181e-06,-4.384309130781252,48.40597376277732
2025-09-04 10:00:30.353778,626,3,POINT (-4.384316772181364 48.40597281445408),7.700020301929394e-06,-4.384316772181364,48.40597281445408
2025-09-04 10:00:31.353778,627,3,POINT (-4.384324365289766 48.40597187447508),7.6510689269263e-06,-4.384324365289766,48.40597187447508
2025-09-04 10:00:32.353778,628,3,POINT (-4.384331936704164 48.405970945187704),7.628229874513799e-06,-4.384331936704164,48.405970945187704
2025-09-04 10:00:33.353778,629,3,POINT (-4.384339510476706 48.4059700237888),7.62961378170448e-06,-4.384339510476706,48.4059700237888
2025-09-04 10:00:34.353778,630,3,POINT (-4.384347112365845 48.4059691153767),7.655973551079636e-06,-4.384347112365845,48.4059691153767
2025-09-04 10:00:35.353778,631,3,POINT (-4.384354707976824 48.40596821962582),7.648246582533965e-06,-4.384354707976824,48.40596821962582
2025-09-04 10:00:36.353778,632,3,POINT (-4.384362262529006 48.40596733273738),7.6064334461003e-06,-4.384362262529006,48.40596733273738
2025-09-04 10:00:37.353778,633,3,POINT (-4.384369795031061 48.40596645453762),7.583523062080445e-06,-4.384369795031061,48.40596645453762
2025-09-04 10:00:38.353778,634,3,POINT (-4.384377328690641 48.4059655858451),7.58357787277059e-06,-4.384377328690641,48.4059655858451
2025-09-04 10:00:39.353778,635,3,POINT (-4.3843848529664315 48.405964730015626),7.572791445044646e-06,-4.3843848529664315,48.405964730015626
2025-09-04 10:00:40.353778,636,3,POINT (-4.38439241858581 48.40596388020797),7.613197069908047e-06,-4.38439241858581,48.40596388020797
2025-09-04 10:00:41.353778,637,3,POINT (-4.384399977874959 48.405963037964106),7.606065156783464e-06,-4.384399977874959,48.405963037964106
2025-09-04 10:00:42.353778,638,3,POINT (-4.384407552271767 48.40596220013147),7.620593844264951e-06,-4.384407552271767,48.40596220013147
2025-09-04 10:00:43.353778,639,3,POINT (-4.384415145892207 48.40596137483324),7.638336766266744e-06,-4.384415145892207,48.40596137483324
2025-09-04 10:00:44.353778,640,3,POINT (-4.384422763724874 48.405960557846555),7.66151693749411e-06,-4.384422763724874,48.405960557846555
2025-09-04 10:00:45.353778,641,3,POINT (-4.384430430306807 48.40595975196089),7.70882158528039e-06,-4.384430430306807,48.40595975196089
2025-09-04 10:00:46.353778,642,3,POINT (-4.384438118648147 48.40595894983262),7.730071300748697e-06,-4.384438118648147,48.40595894983262
2025-09-04 10:00:47.353778,643,3,POINT (-4.384445832188992 48.40595814970652),7.754928378107545e-06,-4.384445832188992,48.40595814970652
2025-09-04 10:00:48.353778,644,3,POINT (-4.384453541749095 48.40595736099952),7.749798430557661e-06,-4.384453541749095,48.40595736099952
2025-09-04 10:00:49.353778,645,3,POINT (-4.3844612651462755 48.405956574768524),7.763312642831175e-06,-4.3844612651462755,48.405956574768524
2025-09-04 10:00:50.353778,646,3,POINT (-4.384468999741955 48.40595579565209),7.773737372862173e-06,-4.384468999741955,48.40595579565209
2025-09-04 10:00:51.353778,647,3,POINT (-4.384476757228602 48.405955027178116),7.795457095311084e-06,-4.384476757228602,48.405955027178116
2025-09-04 10:00:52.353778,648,3,POINT (-4.384484499177327 48.40595426199279),7.779670856862347e-06,-4.384484499177327,48.40595426199279
2025-09-04 10:00:53.353778,649,3,POINT (-4.384492262514157 48.40595350970134),7.799701350959129e-06,-4.384492262514157,48.40595350970134
2025-09-04 10:00:54.353778,650,3,POINT (-4.384500013391068 48.40595276653558),7.786423327886352e-06,-4.384500013391068,48.40595276653558
2025-09-04 10:00:55.353778,651,3,POINT (-4.384507827258144 48.4059520292641),7.848572348768608e-06,-4.384507827258144,48.4059520292641
2025-09-04 10:00:56.353778,652,3,POINT (-4.3845156319473615 48.40595129155719),7.839476083996676e-06,-4.3845156319473615,48.40595129155719
2025-09-04 10:00:57.353778,653,3,POINT (-4.3845234337015935 48.405950559299455),7.83604303727586e-06,-4.3845234337015935,48.405950559299455
2025-09-04 10:00:58.353778,654,3,POINT (-4.384531261235878 48.405949830123596),7.861424197468542e-06,-4.384531261235878,48.405949830123596
2025-09-04 10:00:59.353778,655,3,POINT (-4.3845390958520625 48.40594910457712),7.868140088123457e-06,-4.3845390958520625,48.40594910457712
2025-09-04 10:01:00.353778,656,3,POINT (-4.384546955156322 48.405948384573406),7.892215708764403e-06,-4.384546955156322,48.405948384573406
2025-09-04 10:01:01.353778,657,3,POINT (-4.384554819444784 48.405947667671484),7.896896945628122e-06,-4.384554819444784,48.405947667671484
2025-09-04 10:01:02.353778,658,3,POINT (-4.384562659488476 48.40594695994393),7.87192247082575e-06,-4.384562659488476,48.40594695994393
2025-09-04 10:01:03.353778,659,3,POINT (-4.384570499042462 48.40594625874846),7.870850131102732e-06,-4.384570499042462,48.40594625874846
2025-09-04 10:01:04.353778,660,3,POINT (-4.38457837121916 48.405945562803616),7.90287955037305e-06,-4.38457837121916,48.405945562803616
2025-09-04 10:01:05.353778,661,3,POINT (-4.384586272309072 48.40594487121113),7.931300143202636e-06,-4.384586272309072,48.40594487121113
2025-09-04 10:01:06.353778,662,3,POINT (-4.384594103657577 48.405944179866),7.861804977252112e-06,-4.384594103657577,48.405944179866
2025-09-04 10:01:07.353778,663,3,POINT (-4.384601916543017 48.40594349772329),7.842607829516154e-06,-4.384601916543017,48.40594349772329
2025-09-04 10:01:08.353778,664,3,POINT (-4.384609732559683 48.405942818180364),7.845501585435716e-06,-4.384609732559683,48.405942818180364
2025-09-04 10:01:09.353778,665,3,POINT (-4.384617532484072 48.405942145476416),7.828879298848565e-06,-4.384617532484072,48.405942145476416
2025-09-04 10:01:10.353778,666,3,POINT (-4.384625345830109 48.40594147700173),7.841889739975001e-06,-4.384625345830109,48.40594147700173
2025-09-04 10:01:11.353778,667,3,POINT (-4.384633152353313 48.405940811189225),7.834865080362039e-06,-4.384633152353313,48.405940811189225
2025-09-04 10:01:12.353778,668,3,POINT (-4.384640949614029 48.40594014997572),7.825246192676706e-06,-4.384640949614029,48.40594014997572
2025-09-04 10:01:13.353778,669,3,POINT (-4.384648780874738 48.40593949028278),7.858997331277363e-06,-4.384648780874738,48.40593949028278
2025-09-04 10:01:14.353778,670,3,POINT (-4.38465665645861 48.40593883596979),7.90271768558899e-06,-4.38465665645861,48.40593883596979
2025-09-04 10:01:15.353778,671,3,POINT (-4.384664604548855 48.405938173754514),7.975629606837388e-06,-4.384664604548855,48.405938173754514
2025-09-04 10:01:16.353778,672,3,POINT (-4.384672580230634 48.40593751817473),8.00257987722029e-06,-4.384672580230634,48.40593751817473
2025-09-04 10:01:17.353778,673,3,POINT (-4.384680591302114 48.40593686346983),8.037779840287313e-06,-4.384680591302114,48.40593686346983
2025-09-04 10:01:18.353778,674,3,POINT (-4.3846886175812845 48.40593620976445),8.052855893903602e-06,-4.3846886175812845,48.40593620976445
2025-09-04 10:01:19.353778,675,3,POINT (-4.38469663880719 48.40593556417381),8.04716423985541e-06,-4.38469663880719,48.40593556417381
2025-09-04 10:01:20.353778,676,3,POINT (-4.384704690051465 48.405934920418),8.076939761916115e-06,-4.384704690051465,48.405934920418
2025-09-04 10:01:21.353778,677,3,POINT (-4.384712808472772 48.405934278023125),8.143797375145827e-06,-4.384712808472772,48.405934278023125
2025-09-04 10:01:22.353778,678,3,POINT (-4.384720943059788 48.405933640402395),8.159538352296447e-06,-4.384720943059788,48.405933640402395
2025-09-04 10:01:23.353778,679,3,POINT (-4.384729084478772 48.4059330046627),8.166202791022496e-06,-4.384729084478772,48.4059330046627
2025-09-04 10:01:24.353778,680,3,POINT (-4.384737272270233 48.40593237551554),8.211927615892427e-06,-4.384737272270233,48.40593237551554
2025-09-04 10:01:25.353778,681,3,POINT (-4.38474543449969 48.40593175139202),8.186056430076616e-06,-4.38474543449969,48.40593175139202
2025-09-04 10:01:26.353778,682,3,POINT (-4.384753634159012 48.40593113071029),8.22311734097274e-06,-4.384753634159012,48.40593113071029
2025-09-04 10:01:27.353778,683,3,POINT (-4.384761872635558 48.40593051118372),8.261737648048462e-06,-4.384761872635558,48.40593051118372
2025-09-04 10:01:28.353778,684,3,POINT (-4.384770130331498 48.40592988726336),8.28123293089365e-06,-4.384770130331498,48.40592988726336
2025-09-04 10:01:29.353778,685,3,POINT (-4.384778415315761 48.40592926312189),8.308460556283966e-06,-4.384778415315761,48.40592926312189
2025-09-04 10:01:30.353778,686,3,POINT (-4.384786680651089 48.405928643826094),8.288503807742979e-06,-4.384786680651089,48.405928643826094
2025-09-04 10:01:31.353778,687,3,POINT (-4.384794988460919 48.40592802651883),8.330712599826421e-06,-4.384794988460919,48.40592802651883
2025-09-04 10:01:32.353778,688,3,POINT (-4.384803337646504 48.40592740752871),8.372099420849172e-06,-4.384803337646504,48.40592740752871
2025-09-04 10:01:33.353778,689,3,POINT (-4.384811731915551 48.40592680028136),8.416204737194072e-06,-4.384811731915551,48.40592680028136
2025-09-04 10:01:34.353778,690,3,POINT (-4.384820129384827 48.40592619107913),8.419537848570786e-06,-4.384820129384827,48.40592619107913
2025-09-04 10:01:35.353778,691,3,POINT (-4.384828536395487 48.405925585434936),8.428797846126534e-06,-4.384828536395487,48.405925585434936
2025-09-04 10:01:36.353778,692,3,POINT (-4.384836996198639 48.40592496983217),8.482171664082977e-06,-4.384836996198639,48.40592496983217
2025-09-04 10:01:37.353778,693,3,POINT (-4.384845455011083 48.405924361713524),8.480643622751556e-06,-4.384845455011083,48.405924361713524
2025-09-04 10:01:38.353778,694,3,POINT (-4.384853944340266 48.4059237574848),8.510805033820801e-06,-4.384853944340266,48.4059237574848
2025-09-04 10:01:39.353778,695,3,POINT (-4.384862446862249 48.405923152110574),8.524045871259065e-06,-4.384862446862249,48.405923152110574
2025-09-04 10:01:40.353778,696,3,POINT (-4.384870979114409 48.405922549738804),8.553489269591843e-06,-4.384870979114409,48.405922549738804
2025-09-04 10:01:41.353778,697,3,POINT (-4.38487954939754 48.40592195492161),8.5908998613771e-06,-4.38487954939754,48.40592195492161
2025-09-04 10:01:42.353778,698,3,POINT (-4.384888122791015 48.4059213556644),8.59431119327311e-06,-4.384888122791015,48.4059213556644
2025-09-04 10:01:43.353778,699,3,POINT (-4.384896685996085 48.40592076099563),8.583828517763955e-06,-4.384896685996085,48.40592076099563
2025-09-04 10:01:44.353778,700,3,POINT (-4.384905283364246 48.40592016156758),8.618239569225546e-06,-4.384905283364246,48.40592016156758
2025-09-04 10:01:45.353778,701,3,POINT (-4.3849138808804 48.40591956995574),8.617847096916594e-06,-4.3849138808804,48.40591956995574
2025-09-04 10:01:46.353778,702,3,POINT (-4.384922538624438 48.405918976323136),8.678071876916671e-06,-4.384922538624438,48.405918976323136
2025-09-04 10:01:47.353778,703,3,POINT (-4.384931200218065 48.405918379630506),8.682122220822433e-06,-4.384931200218065,48.405918379630506
2025-09-04 10:01:48.353778,704,3,POINT (-4.3849399341546995 48.40591777744118),8.754671959316882e-06,-4.3849399341546995,48.40591777744118
2025-09-04 10:01:49.353778,705,3,POINT (-4.384948677241677 48.40591717209088),8.764018420568562e-06,-4.384948677241677,48.40591717209088
2025-09-04 10:01:50.353778,706,3,POINT (-4.384957418311959 48.4059165641044),8.762189066992627e-06,-4.384957418311959,48.4059165641044
2025-09-04 10:01:51.353778,707,3,POINT (-4.384966220248266 48.40591595997927),8.822644157426497e-06,-4.384966220248266,48.40591595997927
2025-09-04 10:01:52.353778,708,3,POINT (-4.384975047949692 48.40591535864475),8.848158885828204e-06,-4.384975047949692,48.40591535864475
2025-09-04 10:01:53.353778,709,3,POINT (-4.384983928829086 48.40591475473662),8.901388870880108e-06,-4.384983928829086,48.40591475473662
2025-09-04 10:01:54.353778,710,3,POINT (-4.384992784246214 48.40591415267193),8.87586020663027e-06,-4.384992784246214,48.40591415267193
2025-09-04 10:01:55.353778,711,3,POINT (-4.385001582170412 48.40591355683335),8.818077671171425e-06,-4.385001582170412,48.40591355683335
2025-09-04 10:01:56.353778,712,3,POINT (-4.385010410023634 48.40591296315098),8.847793581228817e-06,-4.385010410023634,48.40591296315098
2025-09-04 10:01:57.353778,713,3,POINT (-4.385019268550412 48.40591237375514),8.878112644563594e-06,-4.385019268550412,48.40591237375514
2025-09-04 10:01:58.353778,714,3,POINT (-4.38502813932628 48.40591178421518),8.890344306064453e-06,-4.38502813932628,48.40591178421518
2025-09-04 10:01:59.353778,715,3,POINT (-4.385037033481585 48.40591119674692),8.91353563616571e-06,-4.385037033481585,48.40591119674692
2025-09-04 10:02:00.353778,716,3,POINT (-4.385046002152835 48.40591060819436),8.987961843928754e-06,-4.385046002152835,48.40591060819436
2025-09-04 10:02:01.353778,717,3,POINT (-4.385054959096329 48.40591001497501),8.976566490006685e-06,-4.385054959096329,48.40591001497501
2025-09-04 10:02:02.353778,718,3,POINT (-4.385063931403189 48.40590942602081),8.991615952377952e-06,-4.385063931403189,48.40590942602081
2025-09-04 10:02:03.353778,719,3,POINT (-4.385072918754378 48.4059088403789),9.006412041100992e-06,-4.385072918754378,48.4059088403789
2025-09-04 10:02:04.353778,720,3,POINT (-4.385081908944713 48.4059082549577),9.009230834401383e-06,-4.385081908944713,48.4059082549577
2025-09-04 10:02:05.353778,721,3,POINT (-4.3850909257842385 48.405907673431784),9.035572335197736e-06,-4.3850909257842385,48.405907673431784
2025-09-04 10:02:06.353778,722,3,POINT (-4.385099957117126 48.40590709869636),9.049601899359377e-06,-4.385099957117126,48.40590709869636
2025-09-04 10:02:07.353778,723,3,POINT (-4.385108967479488 48.405906523586744),9.028697633988954e-06,-4.385108967479488,48.405906523586744
2025-09-04 10:02:08.353778,724,3,POINT (-4.385117914529078 48.40590595615569),8.96502506219216e-06,-4.385117914529078,48.40590595615569
2025-09-04 10:02:09.353778,725,3,POINT (-4.385126847187497 48.40590538921108),8.950631967238339e-06,-4.385126847187497,48.40590538921108
2025-09-04 10:02:10.353778,726,3,POINT (-4.385135808378076 48.40590482613381),8.978863658492407e-06,-4.385135808378076,48.40590482613381
2025-09-04 10:02:11.353778,727,3,POINT (-4.385144779906261 48.405904256095134),8.989619684645789e-06,-4.385144779906261,48.405904256095134
2025-09-04 10:02:12.353778,728,3,POINT (-4.385153778719719 48.40590368839853),9.016702450652492e-06,-4.385153778719719,48.40590368839853
2025-09-04 10:02:13.353778,729,3,POINT (-4.385162807587955 48.4059031235624),9.046518749096108e-06,-4.385162807587955,48.4059031235624
2025-09-04 10:02:14.353778,730,3,POINT (-4.385171825571007 48.40590255947209),9.035608236640127e-06,-4.385171825571007,48.40590255947209
2025-09-04 10:02:15.353778,731,3,POINT (-4.385180787529785 48.4059020030921),8.979212873328467e-06,-4.385180787529785,48.4059020030921
2025-09-04 10:02:16.353778,732,3,POINT (-4.3851897299286815 48.405901456864626),8.959065938309102e-06,-4.3851897299286815,48.405901456864626
2025-09-04 10:02:17.353778,733,3,POINT (-4.385198697275625 48.40590091238867),8.983861378634668e-06,-4.385198697275625,48.40590091238867
2025-09-04 10:02:18.353778,734,3,POINT (-4.385207609461964 48.40590037538385),8.928350324423745e-06,-4.385207609461964,48.40590037538385
2025-09-04 10:02:19.353778,735,3,POINT (-4.385216549009629 48.40589984110065),8.955499483086573e-06,-4.385216549009629,48.40589984110065
2025-09-04 10:02:20.353778,736,3,POINT (-4.3852254527723655 48.40589930948122),8.919619391566698e-06,-4.3852254527723655,48.40589930948122
2025-09-04 10:02:21.353778,737,3,POINT (-4.385234389532835 48.40589877401549),8.9527879030125e-06,-4.385234389532835,48.40589877401549
2025-09-04 10:02:22.353778,738,3,POINT (-4.385243343381233 48.40589824129233),8.96968199548383e-06,-4.385243343381233,48.40589824129233
2025-09-04 10:02:23.353778,739,3,POINT (-4.385252288272625 48.40589770933719),8.960695189754691e-06,-4.385252288272625,48.40589770933719
2025-09-04 10:02:24.353778,740,3,POINT (-4.385261266237173 48.40589717477337),8.993864903152333e-06,-4.385261266237173,48.40589717477337
2025-09-04 10:02:25.353778,741,3,POINT (-4.3852702481711505 48.40589663940197),8.997875333556591e-06,-4.3852702481711505,48.40589663940197
2025-09-04 10:02:26.353778,742,3,POINT (-4.385279233592391 48.40589610568508),9.00125816744821e-06,-4.385279233592391,48.40589610568508
2025-09-04 10:02:27.353778,743,3,POINT (-4.385288171483968 48.40589557729452),8.953496659145695e-06,-4.385288171483968,48.40589557729452
2025-09-04 10:02:28.353778,744,3,POINT (-4.385297116468741 48.40589504258761),8.960952185033297e-06,-4.385297116468741,48.40589504258761
2025-09-04 10:02:29.353778,745,3,POINT (-4.385306099755211 48.40589450631042),8.999279361861392e-06,-4.385306099755211,48.40589450631042
2025-09-04 10:02:30.353778,746,3,POINT (-4.385315122778097 48.4058939656093),9.039209019677573e-06,-4.385315122778097,48.4058939656093
2025-09-04 10:02:31.353778,747,3,POINT (-4.38532418876489 48.405893427783354),9.081925636647892e-06,-4.38532418876489,48.405893427783354
2025-09-04 10:02:32.353778,748,3,POINT (-4.385333242878247 48.40589289470284),9.069792915587961e-06,-4.385333242878247,48.40589289470284
2025-09-04 10:02:33.353778,749,3,POINT (-4.385342277345623 48.40589235734111),9.050434155057426e-06,-4.385342277345623,48.40589235734111
2025-09-04 10:02:34.353778,750,3,POINT (-4.385351314211553 48.40589182794296),9.052359262999749e-06,-4.385351314211553,48.40589182794296
2025-09-04 10:02:35.353778,751,3,POINT (-4.385360336579377 48.40589130106091),9.037738978897995e-06,-4.385360336579377,48.40589130106091
2025-09-04 10:02:36.353778,752,3,POINT (-4.385369366934616 48.40589078378334),9.045158474096861e-06,-4.385369366934616,48.40589078378334
2025-09-04 10:02:37.353778,753,3,POINT (-4.385378386986571 48.40589026881385),9.034740220495691e-06,-4.385378386986571,48.40589026881385
2025-09-04 10:02:38.353778,754,3,POINT (-4.385387378598523 48.40588975760832),9.006132165638087e-06,-4.385387378598523,48.40588975760832
2025-09-04 10:02:39.353778,755,3,POINT (-4.38539637848609 48.405889251219364),9.014122585719848e-06,-4.38539637848609,48.405889251219364
2025-09-04 10:02:40.353778,756,3,POINT (-4.385405387914109 48.40588874388152),9.023701287685338e-06,-4.385405387914109,48.40588874388152
2025-09-04 10:02:41.353778,757,3,POINT (-4.385414384045142 48.40588824258507),9.010087218868131e-06,-4.385414384045142,48.40588824258507
2025-09-04 10:02:42.353778,758,3,POINT (-4.385423387416948 48.405887744782646),9.017123217587538e-06,-4.385423387416948,48.405887744782646
2025-09-04 10:02:43.353778,759,3,POINT (-4.385432422229289 48.40588725116737),9.048286582304647e-06,-4.385432422229289,48.40588725116737
2025-09-04 10:02:44.353778,760,3,POINT (-4.385441423856574 48.405886760220326),9.01500542346092e-06,-4.385441423856574,48.405886760220326
2025-09-04 10:02:45.353778,761,3,POINT (-4.385450403890887 48.405886269630486),8.993425078763006e-06,-4.385450403890887,48.405886269630486
2025-09-04 10:02:46.353778,762,3,POINT (-4.3854593972718705 48.40588577548368),9.006946351865714e-06,-4.3854593972718705,48.40588577548368
2025-09-04 10:02:47.353778,763,3,POINT (-4.385468445294768 48.40588527323093),9.061952117244602e-06,-4.385468445294768,48.40588527323093
2025-09-04 10:02:48.353778,764,3,POINT (-4.385477438968666 48.40588477307824),9.007570310313772e-06,-4.385477438968666,48.40588477307824
2025-09-04 10:02:49.353778,765,3,POINT (-4.385486423439964 48.405884276826576),8.998165936952827e-06,-4.385486423439964,48.405884276826576
2025-09-04 10:02:50.353778,766,3,POINT (-4.385495429467074 48.40588378045696),9.019695510306321e-06,-4.385495429467074,48.40588378045696
2025-09-04 10:02:51.353778,767,3,POINT (-4.385504412630571 48.40588328998773),8.996543029175395e-06,-4.385504412630571,48.40588328998773
2025-09-04 10:02:52.353778,768,3,POINT (-4.385513393192536 48.40588279938786),8.993952492625649e-06,-4.385513393192536,48.40588279938786
2025-09-04 10:02:53.353778,769,3,POINT (-4.385522348862075 48.405882306390346),8.969228698532453e-06,-4.385522348862075,48.405882306390346
2025-09-04 10:02:54.353778,770,3,POINT (-4.3855313202597195 48.405881810645354),8.98508423942263e-06,-4.3855313202597195,48.405881810645354
2025-09-04 10:02:55.353778,771,3,POINT (-4.3855402762698334 48.40588131378191),8.969782073292015e-06,-4.3855402762698334,48.40588131378191
2025-09-04 10:02:56.353778,772,3,POINT (-4.385549283163509 48.40588081504529),9.020691320133502e-06,-4.385549283163509,48.40588081504529
2025-09-04 10:02:57.353778,773,3,POINT (-4.385558246962739 48.405880323436385),8.97726996108567e-06,-4.385558246962739,48.405880323436385
2025-09-04 10:02:58.353778,774,3,POINT (-4.385567197742983 48.40587983752672),8.963959793637e-06,-4.385567197742983,48.40587983752672
2025-09-04 10:02:59.353778,775,3,POINT (-4.38557617863785 48.40587934907183),8.994168154256787e-06,-4.38557617863785,48.40587934907183
2025-09-04 10:03:00.353778,776,3,POINT (-4.385585149407788 48.405878867045026),8.983710988795587e-06,-4.385585149407788,48.405878867045026
2025-09-04 10:03:01.353778,777,3,POINT (-4.3855941149803295 48.40587838325168),8.978616095566092e-06,-4.3855941149803295,48.40587838325168
2025-09-04 10:03:02.353778,778,3,POINT (-4.385603097972363 48.40587790259998),8.995841924769257e-06,-4.385603097972363,48.40587790259998
2025-09-04 10:03:03.353778,779,3,POINT (-4.385612082483572 48.40587742228091),8.997341166872463e-06,-4.385612082483572,48.40587742228091
2025-09-04 10:03:04.353778,780,3,POINT (-4.385621045729718 48.405876946415006),8.975869308033818e-06,-4.385621045729718,48.405876946415006
2025-09-04 10:03:05.353778,781,3,POINT (-4.385630006952023 48.40587647621467),8.973549662603963e-06,-4.385630006952023,48.40587647621467
2025-09-04 10:03:06.353778,782,3,POINT (-4.3856389728937915 48.405876000313135),8.978563029256357e-06,-4.3856389728937915,48.405876000313135
2025-09-04 10:03:07.353778,783,3,POINT (-4.385647900873304 48.40587553261741),8.940221331852772e-06,-4.385647900873304,48.40587553261741
2025-09-04 10:03:08.353778,784,3,POINT (-4.385656820797549 48.40587507081694),8.93187036498882e-06,-4.385656820797549,48.40587507081694
2025-09-04 10:03:09.353778,785,3,POINT (-4.385665784346506 48.40587460685195),8.975548641688575e-06,-4.385665784346506,48.40587460685195
2025-09-04 10:03:10.353778,786,3,POINT (-4.38567480932041 48.40587414433095),9.03681800369697e-06,-4.38567480932041,48.40587414433095
2025-09-04 10:03:11.353778,787,3,POINT (-4.385683821105206 48.4058736806085),9.023707870483987e-06,-4.385683821105206,48.4058736806085
2025-09-04 10:03:12.353778,788,3,POINT (-4.3856928408620295 48.40587321233286),9.031904296919851e-06,-4.3856928408620295,48.40587321233286
2025-09-04 10:03:13.353778,789,3,POINT (-4.385701888706626 48.40587274427326),9.05994324612314e-06,-4.385701888706626,48.40587274427326
2025-09-04 10:03:14.353778,790,3,POINT (-4.385710936546842 48.405872276514714),9.059923324347563e-06,-4.385710936546842,48.405872276514714
2025-09-04 10:03:15.353778,791,3,POINT (-4.3857199525047985 48.405871811473624),9.027943347391386e-06,-4.3857199525047985,48.405871811473624
2025-09-04 10:03:16.353778,792,3,POINT (-4.385728986444517 48.40587134390461),9.04603159484112e-06,-4.385728986444517,48.40587134390461
2025-09-04 10:03:17.353778,793,3,POINT (-4.3857379831893 48.40587088047211),9.008672842707515e-06,-4.3857379831893,48.40587088047211
2025-09-04 10:03:18.353778,794,3,POINT (-4.385746967194997 48.40587041615638),8.995996190050497e-06,-4.385746967194997,48.40587041615638
2025-09-04 10:03:19.353778,795,3,POINT (-4.385755989760755 48.405869958055135),9.034187822037977e-06,-4.385755989760755,48.405869958055135
2025-09-04 10:03:20.353778,796,3,POINT (-4.385765068978145 48.405869498051125),9.090863111413625e-06,-4.385765068978145,48.405869498051125
2025-09-04 10:03:21.353778,797,3,POINT (-4.385774176837203 48.405869041265746),9.119306415738975e-06,-4.385774176837203,48.405869041265746
2025-09-04 10:03:22.353778,798,3,POINT (-4.385783340263326 48.405868580958696),9.174980157329346e-06,-4.385783340263326,48.405868580958696
2025-09-04 10:03:23.353778,799,3,POINT (-4.385792553034885 48.40586811507392),9.224543805554554e-06,-4.385792553034885,48.40586811507392
2025-09-04 10:03:24.353778,800,3,POINT (-4.385801800439698 48.40586764777021),9.259204530892318e-06,-4.385801800439698,48.40586764777021
2025-09-04 09:50:04.353778,0,4,POINT (-4.325029588018017 48.35280616256),5.890230319706126e-07,-4.325029588018017,48.35280616256
2025-09-04 09:50:05.353778,1,4,POINT (-4.3250299643236545 48.352805709413005),5.890230319706126e-07,-4.3250299643236545,48.352805709413005
2025-09-04 09:50:06.353778,2,4,POINT (-4.325030710962413 48.352804801410365),1.1755586887769989e-06,-4.325030710962413,48.352804801410365
2025-09-04 09:50:07.353778,3,4,POINT (-4.325031797100795 48.352803430000826),1.7494172480579642e-06,-4.325031797100795,48.352803430000826
2025-09-04 09:50:08.353778,4,4,POINT (-4.325033225549088 48.352801595733204),2.324866067637782e-06,-4.325033225549088,48.352801595733204
2025-09-04 09:50:09.353778,5,4,POINT (-4.32503500929718 48.352799301769856),2.9058604743684186e-06,-4.32503500929718,48.352799301769856
2025-09-04 09:50:10.353778,6,4,POINT (-4.325037102024151 48.35279653540888),3.468754710226182e-06,-4.325037102024151,48.35279653540888
2025-09-04 09:50:11.353778,7,4,POINT (-4.325039503677138 48.35279329633452),4.03231196426109e-06,-4.325039503677138,48.35279329633452
2025-09-04 09:50:12.353778,8,4,POINT (-4.325042232049529 48.352789588702166),4.603319841600525e-06,-4.325042232049529,48.352789588702166
2025-09-04 09:50:13.353778,9,4,POINT (-4.325045307366533 48.352785416893205),5.182814359187383e-06,-4.325045307366533,48.352785416893205
2025-09-04 09:50:14.353778,10,4,POINT (-4.325048638605938 48.352780757420334),5.727813143733229e-06,-4.325048638605938,48.352780757420334
2025-09-04 09:50:15.353778,11,4,POINT (-4.325052217866339 48.35277560807503),6.271113305887807e-06,-4.325052217866339,48.35277560807503
2025-09-04 09:50:16.353778,12,4,POINT (-4.325055931337847 48.35277025177661),6.517653210040165e-06,-4.325055931337847,48.35277025177661
2025-09-04 09:50:17.353778,13,4,POINT (-4.325059726421306 48.35276467487664),6.745700243063439e-06,-4.325059726421306,48.35276467487664
2025-09-04 09:50:18.353778,14,4,POINT (-4.325063603526992 48.352758889292055),6.964548619945972e-06,-4.325063603526992,48.352758889292055
2025-09-04 09:50:19.353778,15,4,POINT (-4.325067500081288 48.352752884103886),7.158590666263857e-06,-4.325067500081288,48.352752884103886
2025-09-04 09:50:20.353778,16,4,POINT (-4.325071442733272 48.35274666733225),7.361572811671341e-06,-4.325071442733272,48.35274666733225
2025-09-04 09:50:21.353778,17,4,POINT (-4.325075411628523 48.352740246111104),7.548788677647154e-06,-4.325075411628523,48.352740246111104
2025-09-04 09:50:22.353778,18,4,POINT (-4.325079421745448 48.35273361755119),7.747182991966871e-06,-4.325079421745448,48.35273361755119
2025-09-04 09:50:23.353778,19,4,POINT (-4.325083453228411 48.35272678485225),7.933387021524546e-06,-4.325083453228411,48.35272678485225
2025-09-04 09:50:24.353778,20,4,POINT (-4.325087453066061 48.35271973882791),8.102170096924033e-06,-4.325087453066061,48.35271973882791
2025-09-04 09:50:25.353778,21,4,POINT (-4.325091451334519 48.35271249176965),8.276835387642735e-06,-4.325091451334519,48.35271249176965
2025-09-04 09:50:26.353778,22,4,POINT (-4.325095459162004 48.35270505810827),8.445235501276405e-06,-4.325095459162004,48.35270505810827
2025-09-04 09:50:27.353778,23,4,POINT (-4.325099461715175 48.35269743064193),8.613865255312598e-06,-4.325099461715175,48.35269743064193
2025-09-04 09:50:28.353778,24,4,POINT (-4.325103414136012 48.35268960298791),8.768910877931917e-06,-4.325103414136012,48.35268960298791
2025-09-04 09:50:29.353778,25,4,POINT (-4.325107324541374 48.352681582507955),8.92296860771528e-06,-4.325107324541374,48.352681582507955
2025-09-04 09:50:30.353778,26,4,POINT (-4.325111160081269 48.35267337728861),9.057427381998198e-06,-4.325111160081269,48.35267337728861
2025-09-04 09:50:31.353778,27,4,POINT (-4.325114917163022 48.352664978982915),9.200391396718021e-06,-4.325114917163022,48.352664978982915
2025-09-04 09:50:32.353778,28,4,POINT (-4.325118588082373 48.35265639807349),9.33314820441094e-06,-4.325118588082373,48.35265639807349
2025-09-04 09:50:33.353778,29,4,POINT (-4.325122159838343 48.352647636047585),9.462057846894252e-06,-4.325122159838343,48.352647636047585
2025-09-04 09:50:34.353778,30,4,POINT (-4.32512560157122 48.35263868104151),9.593625955637156e-06,-4.32512560157122,48.35263868104151
2025-09-04 09:50:35.353778,31,4,POINT (-4.325128956847689 48.352629546431224),9.731340364660517e-06,-4.325128956847689,48.352629546431224
2025-09-04 09:50:36.353778,32,4,POINT (-4.3251321709846735 48.35262023633167),9.849295929924695e-06,-4.3251321709846735,48.35262023633167
2025-09-04 09:50:37.353778,33,4,POINT (-4.325135199431153 48.35261075377389),9.95441560868239e-06,-4.325135199431153,48.35261075377389
2025-09-04 09:50:38.353778,34,4,POINT (-4.325138011072647 48.35260143831254),9.730526605354904e-06,-4.325138011072647,48.35260143831254
2025-09-04 09:50:39.353778,35,4,POINT (-4.325140633278621 48.35259228934236),9.517332583401891e-06,-4.325140633278621,48.35259228934236
2025-09-04 09:50:40.353778,36,4,POINT (-4.325143053448423 48.35258330928932),9.30046098075747e-06,-4.325143053448423,48.35258330928932
2025-09-04 09:50:41.353778,37,4,POINT (-4.32514529453689 48.35257449436427),9.095349427376975e-06,-4.32514529453689,48.35257449436427
2025-09-04 09:50:42.353778,38,4,POINT (-4.325147409208291 48.35256584150001),8.907519016583675e-06,-4.325147409208291,48.35256584150001
2025-09-04 09:50:43.353778,39,4,POINT (-4.325149384808563 48.352557347258106),8.720959921646897e-06,-4.325149384808563,48.352557347258106
2025-09-04 09:50:44.353778,40,4,POINT (-4.325151187968543 48.35254900548745),8.534431653082024e-06,-4.325151187968543,48.35254900548745
2025-09-04 09:50:45.353778,41,4,POINT (-4.325152839598296 48.352540812414794),8.357889705364603e-06,-4.325152839598296,48.352540812414794
2025-09-04 09:50:46.353778,42,4,POINT (-4.325154319162101 48.35253277366439),8.173776181639785e-06,-4.325154319162101,48.35253277366439
2025-09-04 09:50:47.353778,43,4,POINT (-4.325155673310466 48.35252488291396),8.006101433920471e-06,-4.325155673310466,48.35252488291396
2025-09-04 09:50:48.353778,44,4,POINT (-4.325156941116838 48.352517145757666),7.840339312367079e-06,-4.325156941116838,48.352517145757666
2025-09-04 09:50:49.353778,45,4,POINT (-4.325158071677267 48.35250956023985),7.669305534983231e-06,-4.325158071677267,48.35250956023985
2025-09-04 09:50:50.353778,46,4,POINT (-4.325159108219846 48.352502121104294),7.5110024877870715e-06,-4.325159108219846,48.352502121104294
2025-09-04 09:50:51.353778,47,4,POINT (-4.325160036926768 48.35249482239206),7.357560520816036e-06,-4.325160036926768,48.35249482239206
2025-09-04 09:50:52.353778,48,4,POINT (-4.325160869281922 48.352487659947336),7.210646956678274e-06,-4.325160869281922,48.352487659947336
2025-09-04 09:50:53.353778,49,4,POINT (-4.325161604589051 48.35248063480113),7.063522899623096e-06,-4.325161604589051,48.35248063480113
2025-09-04 09:50:54.353778,50,4,POINT (-4.325162313530394 48.3524737433663),6.927804257506451e-06,-4.325162313530394,48.3524737433663
2025-09-04 09:50:55.353778,51,4,POINT (-4.325162975195132 48.35246697353866),6.802085454802747e-06,-4.325162975195132,48.35246697353866
2025-09-04 09:50:56.353778,52,4,POINT (-4.325163602965976 48.352460320971765),6.682121110238958e-06,-4.325163602965976,48.352460320971765
2025-09-04 09:50:57.353778,53,4,POINT (-4.325164233305431 48.35245378880608),6.56250838952765e-06,-4.325164233305431,48.35245378880608
2025-09-04 09:50:58.353778,54,4,POINT (-4.32516491501052 48.352447708025245),6.118873866581695e-06,-4.32516491501052,48.352447708025245
2025-09-04 09:50:59.353778,55,4,POINT (-4.3251656670852645 48.35244207380829),5.684190101497933e-06,-4.3251656670852645,48.35244207380829
2025-09-04 09:51:00.353778,56,4,POINT (-4.325166526950044 48.35243686795337),5.276390136576741e-06,-4.325166526950044,48.35243686795337
2025-09-04 09:51:01.353778,57,4,POINT (-4.325167501477391 48.35243207642588),4.889625679218762e-06,-4.325167501477391,48.35243207642588
2025-09-04 09:51:02.353778,58,4,POINT (-4.325168568421395 48.3524276930719),4.511337005534764e-06,-4.325168568421395,48.3524276930719
2025-09-04 09:51:03.353778,59,4,POINT (-4.325169782136074 48.352423713071474),4.1609502202126755e-06,-4.325169782136074,48.352423713071474
2025-09-04 09:51:04.353778,60,4,POINT (-4.3251710833086845 48.35242013445085),3.8078308408719953e-06,-4.3251710833086845,48.35242013445085
2025-09-04 09:51:05.353778,61,4,POINT (-4.325172557857357 48.352416930582365),3.5269061619168055e-06,-4.325172557857357,48.352416930582365
2025-09-04 09:51:06.353778,62,4,POINT (-4.3251741831836465 48.35241409554326),3.267894164950871e-06,-4.3251741831836465,48.35241409554326
2025-09-04 09:51:07.353778,63,4,POINT (-4.325175989430395 48.3524116239564),3.061252836000203e-06,-4.325175989430395,48.3524116239564
2025-09-04 09:51:08.353778,64,4,POINT (-4.325177963170895 48.352409511153134),2.8912954190985694e-06,-4.325177963170895,48.352409511153134
2025-09-04 09:51:09.353778,65,4,POINT (-4.325180089126823 48.352407756428505),2.7565825090716873e-06,-4.325180089126823,48.352407756428505
2025-09-04 09:51:10.353778,66,4,POINT (-4.325182366769678 48.352406341901755),2.681145818525302e-06,-4.325182366769678,48.352406341901755
2025-09-04 09:51:11.353778,67,4,POINT (-4.325184694884209 48.35240494152759),2.7168299686218347e-06,-4.325184694884209,48.35240494152759
2025-09-04 09:51:12.353778,68,4,POINT (-4.325187069575668 48.35240354969515),2.752518313858722e-06,-4.325187069575668,48.35240354969515
2025-09-04 09:51:13.353778,69,4,POINT (-4.325189429456759 48.35240217373876),2.7317201073228117e-06,-4.325189429456759,48.35240217373876
2025-09-04 09:51:14.353778,70,4,POINT (-4.325191849251685 48.35240080623403),2.7794741717122813e-06,-4.325191849251685,48.35240080623403
2025-09-04 09:51:15.353778,71,4,POINT (-4.325194339286574 48.35239944291067),2.8388244643724756e-06,-4.325194339286574,48.35239944291067
2025-09-04 09:51:16.353778,72,4,POINT (-4.325196868362107 48.35239809289268),2.8668400063674055e-06,-4.325196868362107,48.35239809289268
2025-09-04 09:51:17.353778,73,4,POINT (-4.325199427449723 48.35239676400793),2.8835506076841776e-06,-4.325199427449723,48.35239676400793
2025-09-04 09:51:18.353778,74,4,POINT (-4.32520198239216 48.35239545637722),2.870126989230594e-06,-4.32520198239216,48.35239545637722
2025-09-04 09:51:19.353778,75,4,POINT (-4.325204571963335 48.35239415173459),2.8996501929786933e-06,-4.325204571963335,48.35239415173459
2025-09-04 09:51:20.353778,76,4,POINT (-4.325207169224373 48.35239286586075),2.8981436197618568e-06,-4.325207169224373,48.35239286586075
2025-09-04 09:51:21.353778,77,4,POINT (-4.3252097959688305 48.35239159329304),2.9187694353461054e-06,-4.3252097959688305,48.35239159329304
2025-09-04 09:51:22.353778,78,4,POINT (-4.325212467535258 48.35239032834906),2.955900955040308e-06,-4.325212467535258,48.35239032834906
2025-09-04 09:51:23.353778,79,4,POINT (-4.325215131491628 48.35238907219744),2.9452640687554086e-06,-4.325215131491628,48.35238907219744
2025-09-04 09:51:24.353778,80,4,POINT (-4.325217851606922 48.352387821775906),2.9937570414701816e-06,-4.325217851606922,48.352387821775906
2025-09-04 09:51:25.353778,81,4,POINT (-4.325220568656818 48.35238657931576),2.987652480950569e-06,-4.325220568656818,48.35238657931576
2025-09-04 09:51:26.353778,82,4,POINT (-4.325223354892093 48.35238534272649),3.0483208538096384e-06,-4.325223354892093,48.35238534272649
2025-09-04 09:51:27.353778,83,4,POINT (-4.325226297618672 48.352384437488425),3.078814004934707e-06,-4.325226297618672,48.352384437488425
2025-09-04 09:51:28.353778,84,4,POINT (-4.325229382573164 48.35238386755172),3.1371598718356205e-06,-4.325229382573164,48.35238386755172
2025-09-04 09:51:29.353778,85,4,POINT (-4.325232619943998 48.35238361695386),3.2470554676129005e-06,-4.325232619943998,48.35238361695386
2025-09-04 09:51:30.353778,86,4,POINT (-4.325235943459647 48.35238369134141),3.3243480222829827e-06,-4.325235943459647,48.35238369134141
2025-09-04 09:51:31.353778,87,4,POINT (-4.3252394069295885 48.35238408216008),3.4854502250856127e-06,-4.3252394069295885,48.35238408216008
2025-09-04 09:51:32.353778,88,4,POINT (-4.325243015296075 48.35238477843852),3.674930253548313e-06,-4.325243015296075,48.35238477843852
2025-09-04 09:51:33.353778,89,4,POINT (-4.325246734400401 48.35238577868221),3.851262705982819e-06,-4.325246734400401,48.35238577868221
2025-09-04 09:51:34.353778,90,4,POINT (-4.325250641094046 48.35238707017355),4.1146330467749845e-06,-4.325250641094046,48.35238707017355
2025-09-04 09:51:35.353778,91,4,POINT (-4.325254626476633 48.3523886629759),4.291886961550431e-06,-4.325254626476633,48.3523886629759
2025-09-04 09:51:36.353778,92,4,POINT (-4.325258755588301 48.3523905453793),4.5379517114724795e-06,-4.325258755588301,48.3523905453793
2025-09-04 09:51:37.353778,93,4,POINT (-4.325263039557223 48.35239270677961),4.798337318745791e-06,-4.325263039557223,48.35239270677961
2025-09-04 09:51:38.353778,94,4,POINT (-4.325267459050114 48.35239514205465),5.046036257472486e-06,-4.325267459050114,48.35239514205465
2025-09-04 09:51:39.353778,95,4,POINT (-4.3252720173352 48.35239784230227),5.298046822933046e-06,-4.3252720173352,48.35239784230227
2025-09-04 09:51:40.353778,96,4,POINT (-4.325276679844988 48.35240081442989),5.529244084159041e-06,-4.325276679844988,48.35240081442989
2025-09-04 09:51:41.353778,97,4,POINT (-4.325281387715314 48.352404070598034),5.724218197532814e-06,-4.325281387715314,48.352404070598034
2025-09-04 09:51:42.353778,98,4,POINT (-4.325286145596483 48.35240759907374),5.9234765169971095e-06,-4.325286145596483,48.35240759907374
2025-09-04 09:51:43.353778,99,4,POINT (-4.325290966715789 48.35241139177927),6.134150844627419e-06,-4.325290966715789,48.35241139177927
2025-09-04 09:51:44.353778,100,4,POINT (-4.3252957995340635 48.35241544762557),6.309201348753526e-06,-4.3252957995340635,48.35241544762557
2025-09-04 09:51:45.353778,101,4,POINT (-4.325300713264948 48.352419756666514),6.535486598645833e-06,-4.325300713264948,48.352419756666514
2025-09-04 09:51:46.353778,102,4,POINT (-4.325305635594462 48.35242432862119),6.718042676491184e-06,-4.325305635594462,48.35242432862119
2025-09-04 09:51:47.353778,103,4,POINT (-4.325310524045258 48.352429159951456),6.873041780905243e-06,-4.325310524045258,48.352429159951456
2025-09-04 09:51:48.353778,104,4,POINT (-4.325315483106697 48.352434239480516),7.098866517290854e-06,-4.325315483106697,48.352434239480516
2025-09-04 09:51:49.353778,105,4,POINT (-4.325320437150796 48.3524395709153),7.277825898413533e-06,-4.325320437150796,48.3524395709153
2025-09-04 09:51:50.353778,106,4,POINT (-4.325325363532346 48.35244515861096),7.449266941948842e-06,-4.325325363532346,48.35244515861096
2025-09-04 09:51:51.353778,107,4,POINT (-4.325330113293803 48.352450663370156),7.270667623089346e-06,-4.325330113293803,48.352450663370156
2025-09-04 09:51:52.353778,108,4,POINT (-4.325334796446844 48.3524560693003),7.152342494202659e-06,-4.325334796446844,48.3524560693003
2025-09-04 09:51:53.353778,109,4,POINT (-4.325339408717397 48.35246137669124),7.031460602037911e-06,-4.325339408717397,48.35246137669124
2025-09-04 09:51:54.353778,110,4,POINT (-4.325343965289179 48.35246660107952),6.932285288885606e-06,-4.325343965289179,48.35246660107952
2025-09-04 09:51:55.353778,111,4,POINT (-4.325348448867714 48.35247173745206),6.817976193562848e-06,-4.325348448867714,48.35247173745206
2025-09-04 09:51:56.353778,112,4,POINT (-4.325352948076247 48.352476792151094),6.7670421694387924e-06,-4.325352948076247,48.352476792151094
2025-09-04 09:51:57.353778,113,4,POINT (-4.325357380792647 48.35248176497953),6.661681268484162e-06,-4.325357380792647,48.35248176497953
2025-09-04 09:51:58.353778,114,4,POINT (-4.3253617812642435 48.35248665450928),6.578119141025762e-06,-4.3253617812642435,48.35248665450928
2025-09-04 09:51:59.353778,115,4,POINT (-4.32536611560232 48.35249146105235),6.472197686522303e-06,-4.32536611560232,48.35249146105235
2025-09-04 09:52:00.353778,116,4,POINT (-4.325370453035153 48.352496187523364),6.415048854254609e-06,-4.325370453035153,48.352496187523364
2025-09-04 09:52:01.353778,117,4,POINT (-4.325374725917993 48.352500834874235),6.313113168661617e-06,-4.325374725917993,48.352500834874235
2025-09-04 09:52:02.353778,118,4,POINT (-4.325378983514101 48.35250540639507),6.247073502254879e-06,-4.325378983514101,48.35250540639507
2025-09-04 09:52:03.353778,119,4,POINT (-4.32538325578979 48.35250990172234),6.2016374345070366e-06,-4.32538325578979,48.35250990172234
2025-09-04 09:52:04.353778,120,4,POINT (-4.32538753064552 48.35251432131913),6.1487581875492555e-06,-4.32538753064552,48.35251432131913
2025-09-04 09:52:05.353778,121,4,POINT (-4.325391782256923 48.352518672108204),6.083219962664635e-06,-4.325391782256923,48.352518672108204
2025-09-04 09:52:06.353778,122,4,POINT (-4.325395940763826 48.352522954876825),5.969529858377918e-06,-4.325395940763826,48.352522954876825
2025-09-04 09:52:07.353778,123,4,POINT (-4.325400125507511 48.35252716978073),5.939486057048613e-06,-4.325400125507511,48.35252716978073
2025-09-04 09:52:08.353778,124,4,POINT (-4.325404249289222 48.35253131247469),5.845296301041933e-06,-4.325404249289222,48.35253131247469
2025-09-04 09:52:09.353778,125,4,POINT (-4.325408339745182 48.35253539238261),5.777324521781975e-06,-4.325408339745182,48.35253539238261
2025-09-04 09:52:10.353778,126,4,POINT (-4.325412384528011 48.352539411898505),5.702348300639455e-06,-4.325412384528011,48.352539411898505
2025-09-04 09:52:11.353778,127,4,POINT (-4.325416351214629 48.35254336514647),5.600247509591971e-06,-4.325416351214629,48.35254336514647
2025-09-04 09:52:12.353778,128,4,POINT (-4.325420286509436 48.35254726202678),5.538250753871576e-06,-4.325420286509436,48.35254726202678
2025-09-04 09:52:13.353778,129,4,POINT (-4.325424153258597 48.35255109482853),5.4444575755489825e-06,-4.325424153258597,48.35255109482853
2025-09-04 09:52:14.353778,130,4,POINT (-4.325427934917692 48.35255487027595),5.343683071686098e-06,-4.325427934917692,48.35255487027595
2025-09-04 09:52:15.353778,131,4,POINT (-4.325431691172552 48.35255858586626),5.283470632648838e-06,-4.325431691172552,48.35255858586626
2025-09-04 09:52:16.353778,132,4,POINT (-4.325435438978145 48.352562242782334),5.236323320350805e-06,-4.325435438978145,48.352562242782334
2025-09-04 09:52:17.353778,133,4,POINT (-4.3254391453812495 48.352565840899),5.165642989515924e-06,-4.3254391453812495,48.352565840899
2025-09-04 09:52:18.353778,134,4,POINT (-4.32544277658911 48.35256938298845),5.072678603340534e-06,-4.32544277658911,48.35256938298845
2025-09-04 09:52:19.353778,135,4,POINT (-4.325446355006347 48.35257287066543),4.996895103160523e-06,-4.325446355006347,48.35257287066543
2025-09-04 09:52:20.353778,136,4,POINT (-4.325449918480123 48.3525763078305),4.951004854290758e-06,-4.325449918480123,48.3525763078305
2025-09-04 09:52:21.353778,137,4,POINT (-4.325453464886929 48.352579688913536),4.899869764956389e-06,-4.325453464886929,48.352579688913536
2025-09-04 09:52:22.353778,138,4,POINT (-4.325456991070096 48.35258301626331),4.848218666775791e-06,-4.325456991070096,48.35258301626331
2025-09-04 09:52:23.353778,139,4,POINT (-4.325460482494154 48.352586293346256),4.788456388643621e-06,-4.325460482494154,48.352586293346256
2025-09-04 09:52:24.353778,140,4,POINT (-4.325463997041083 48.35258952573121),4.774971477964658e-06,-4.325463997041083,48.35258952573121
2025-09-04 09:52:25.353778,141,4,POINT (-4.325467473456734 48.352592713903505),4.716980851410112e-06,-4.325467473456734,48.352592713903505
2025-09-04 09:52:26.353778,142,4,POINT (-4.325470918887062 48.35259584755966),4.657337335604135e-06,-4.325470918887062,48.35259584755966
2025-09-04 09:52:27.353778,143,4,POINT (-4.325474370660875 48.352598936340435),4.631987599257005e-06,-4.325474370660875,48.352598936340435
2025-09-04 09:52:28.353778,144,4,POINT (-4.325477857224228 48.352601646194785),4.415816414831964e-06,-4.325477857224228,48.352601646194785
2025-09-04 09:52:29.353778,145,4,POINT (-4.325481441786551 48.35260398586265),4.280552858225688e-06,-4.325481441786551,48.35260398586265
2025-09-04 09:52:30.353778,146,4,POINT (-4.325485067853045 48.35260595611503),4.126772667624265e-06,-4.325485067853045,48.35260595611503
2025-09-04 09:52:31.353778,147,4,POINT (-4.325488729326859 48.352607566124185),3.999814992720034e-06,-4.325488729326859,48.352607566124185
2025-09-04 09:52:32.353778,148,4,POINT (-4.325492429629632 48.35260882167968),3.907513302952509e-06,-4.325492429629632,48.35260882167968
2025-09-04 09:52:33.353778,149,4,POINT (-4.3254961974559825 48.352609734613445),3.876849683060907e-06,-4.3254961974559825,48.352609734613445
2025-09-04 09:52:34.353778,150,4,POINT (-4.325500034234002 48.35261030237761),3.878559232931566e-06,-4.325500034234002,48.35261030237761
2025-09-04 09:52:35.353778,151,4,POINT (-4.325503926846323 48.35261054029058),3.899876056488235e-06,-4.325503926846323,48.35261054029058
2025-09-04 09:52:36.353778,152,4,POINT (-4.325507881365546 48.352610451172374),3.955523270141919e-06,-4.325507881365546,48.352610451172374
2025-09-04 09:52:37.353778,153,4,POINT (-4.32551189964497 48.35261003424775),4.039850946249603e-06,-4.32551189964497,48.35261003424775
2025-09-04 09:52:38.353778,154,4,POINT (-4.325515939368186 48.35260929254955),4.1072472395946275e-06,-4.325515939368186,48.35260929254955
2025-09-04 09:52:39.353778,155,4,POINT (-4.325520039740742 48.35260823630205),4.234231202601687e-06,-4.325520039740742,48.35260823630205
2025-09-04 09:52:40.353778,156,4,POINT (-4.325524144654951 48.35260686580093),4.327654560013689e-06,-4.325524144654951,48.35260686580093
2025-09-04 09:52:41.353778,157,4,POINT (-4.325528352433485 48.35260519327274),4.527996328362952e-06,-4.325528352433485,48.35260519327274
2025-09-04 09:52:42.353778,158,4,POINT (-4.325532623353929 48.3526032182459),4.705474729749283e-06,-4.325532623353929,48.3526032182459
2025-09-04 09:52:43.353778,159,4,POINT (-4.3255369452082295 48.35260094452673),4.883464291034088e-06,-4.3255369452082295,48.35260094452673
2025-09-04 09:52:44.353778,160,4,POINT (-4.325541227703709 48.35259836899741),4.997311155204062e-06,-4.325541227703709,48.35259836899741
2025-09-04 09:52:45.353778,161,4,POINT (-4.325545512369716 48.35259583865755),4.976040857979693e-06,-4.325545512369716,48.35259583865755
2025-09-04 09:52:46.353778,162,4,POINT (-4.325549712008697 48.3525933415154),4.885968325248171e-06,-4.325549712008697,48.3525933415154
2025-09-04 09:52:47.353778,163,4,POINT (-4.325553910596713 48.352590902108055),4.855805754852906e-06,-4.325553910596713,48.352590902108055
2025-09-04 09:52:48.353778,164,4,POINT (-4.325558106679379 48.352588496477985),4.8367515727674196e-06,-4.325558106679379,48.352588496477985
2025-09-04 09:52:49.353778,165,4,POINT (-4.325562321002664 48.352586131092885),4.832759814330095e-06,-4.325562321002664,48.352586131092885
2025-09-04 09:52:50.353778,166,4,POINT (-4.3255665067886016 48.35258380254253),4.789880025014775e-06,-4.3255665067886016,48.35258380254253
2025-09-04 09:52:51.353778,167,4,POINT (-4.325570674310424 48.352581508575724),4.7571548074080675e-06,-4.325570674310424,48.352581508575724
2025-09-04 09:52:52.353778,168,4,POINT (-4.3255747680397505 48.3525792577713),4.671695659825127e-06,-4.3255747680397505,48.3525792577713
2025-09-04 09:52:53.353778,169,4,POINT (-4.3255788956672765 48.35257704626758),4.6827404078236716e-06,-4.3255788956672765,48.35257704626758
2025-09-04 09:52:54.353778,170,4,POINT (-4.3255830239416735 48.35257487269953),4.665516858932132e-06,-4.3255830239416735,48.35257487269953
2025-09-04 09:52:55.353778,171,4,POINT (-4.325587153943566 48.35257274309366),4.646733991030705e-06,-4.325587153943566,48.35257274309366
2025-09-04 09:52:56.353778,172,4,POINT (-4.3255912903752485 48.35257065365488),4.634201277497186e-06,-4.3255912903752485,48.35257065365488
2025-09-04 09:52:57.353778,173,4,POINT (-4.325595452242845 48.35256860038058),4.640805667525624e-06,-4.325595452242845,48.35256860038058
2025-09-04 09:52:58.353778,174,4,POINT (-4.3255995839904955 48.352566575835525),4.601100012570909e-06,-4.3255995839904955,48.352566575835525
2025-09-04 09:52:59.353778,175,4,POINT (-4.325603704574553 48.35256458266443),4.577329351468638e-06,-4.325603704574553,48.35256458266443
2025-09-04 09:53:00.353778,176,4,POINT (-4.325607831197758 48.35256262275784),4.568397194576311e-06,-4.325607831197758,48.35256262275784
2025-09-04 09:53:01.353778,177,4,POINT (-4.3256120034841326 48.35256069448323),4.59632641864836e-06,-4.3256120034841326,48.35256069448323
2025-09-04 09:53:02.353778,178,4,POINT (-4.325616132596922 48.35255880020472),4.542891536068539e-06,-4.325616132596922,48.35255880020472
2025-09-04 09:53:03.353778,179,4,POINT (-4.3256202546684674 48.3525569466345),4.519645603303661e-06,-4.3256202546684674,48.3525569466345
2025-09-04 09:53:04.353778,180,4,POINT (-4.325624405235716 48.352555127472634),4.531727968181593e-06,-4.325624405235716,48.352555127472634
2025-09-04 09:53:05.353778,181,4,POINT (-4.325628539778342 48.35255333832159),4.50505318313547e-06,-4.325628539778342,48.35255333832159
2025-09-04 09:53:06.353778,182,4,POINT (-4.325632693736697 48.35255158084652),4.510442177031978e-06,-4.325632693736697,48.35255158084652
2025-09-04 09:53:07.353778,183,4,POINT (-4.325636863639842 48.352549854018406),4.513316694013067e-06,-4.325636863639842,48.352549854018406
2025-09-04 09:53:08.353778,184,4,POINT (-4.325641020902811 48.35254815819835),4.489837530474761e-06,-4.325641020902811,48.35254815819835
2025-09-04 09:53:09.353778,185,4,POINT (-4.325645200591569 48.35254649501492),4.498441646035193e-06,-4.325645200591569,48.35254649501492
2025-09-04 09:53:10.353778,186,4,POINT (-4.325649406817206 48.35254485397431),4.515013665554383e-06,-4.325649406817206,48.35254485397431
2025-09-04 09:53:11.353778,187,4,POINT (-4.32565361060307 48.35254323911334),4.50328674927586e-06,-4.32565361060307,48.35254323911334
2025-09-04 09:53:12.353778,188,4,POINT (-4.325657830456366 48.35254164562299),4.510695436771222e-06,-4.325657830456366,48.35254164562299
2025-09-04 09:53:13.353778,189,4,POINT (-4.325662048019453 48.35254007274325),4.501309705140579e-06,-4.325662048019453,48.35254007274325
2025-09-04 09:53:14.353778,190,4,POINT (-4.3256662682260405 48.352538523732285),4.495506492117812e-06,-4.3256662682260405,48.352538523732285
2025-09-04 09:53:15.353778,191,4,POINT (-4.325670456986377 48.352537004840876),4.455641847348224e-06,-4.325670456986377,48.352537004840876
2025-09-04 09:53:16.353778,192,4,POINT (-4.325674664504132 48.35253550189321),4.467891823900317e-06,-4.325674664504132,48.35253550189321
2025-09-04 09:53:17.353778,193,4,POINT (-4.3256787986605705 48.352534023460755),4.390559414621044e-06,-4.3256787986605705,48.352534023460755
2025-09-04 09:53:18.353778,194,4,POINT (-4.325683029646663 48.3525325676757),4.474433308657445e-06,-4.325683029646663,48.3525325676757
2025-09-04 09:53:19.353778,195,4,POINT (-4.325687254893085 48.3525311337872),4.461921509419544e-06,-4.325687254893085,48.3525311337872
2025-09-04 09:53:20.353778,196,4,POINT (-4.325691447508986 48.35252971809107),4.4251806334200055e-06,-4.325691447508986,48.35252971809107
2025-09-04 09:53:21.353778,197,4,POINT (-4.3256956134126225 48.35252832330623),4.393196769224044e-06,-4.3256956134126225,48.35252832330623
2025-09-04 09:53:22.353778,198,4,POINT (-4.32569978155643 48.35252694956395),4.388688944594636e-06,-4.32569978155643,48.35252694956395
2025-09-04 09:53:23.353778,199,4,POINT (-4.325703974319918 48.35252559869984),4.40500845706606e-06,-4.325703974319918,48.35252559869984
2025-09-04 09:53:24.353778,200,4,POINT (-4.325708128662842 48.352524268637715),4.362067215078778e-06,-4.325708128662842,48.352524268637715
2025-09-04 09:53:25.353778,201,4,POINT (-4.325712272829134 48.35252295614379),4.347039747660038e-06,-4.325712272829134,48.35252295614379
2025-09-04 09:53:26.353778,202,4,POINT (-4.3257164406715205 48.35252167079016),4.361541482704545e-06,-4.3257164406715205,48.35252167079016
2025-09-04 09:53:27.353778,203,4,POINT (-4.325720616761847 48.35252040350562),4.364142587053868e-06,-4.325720616761847,48.35252040350562
2025-09-04 09:53:28.353778,204,4,POINT (-4.325724762950384 48.35251915865761),4.3290329128344735e-06,-4.325724762950384,48.35251915865761
2025-09-04 09:53:29.353778,205,4,POINT (-4.325728903095931 48.35251792575414),4.319821304850144e-06,-4.325728903095931,48.35251792575414
2025-09-04 09:53:30.353778,206,4,POINT (-4.325733026375642 48.352516711169145),4.2984476603332455e-06,-4.325733026375642,48.352516711169145
2025-09-04 09:53:31.353778,207,4,POINT (-4.325737153448478 48.3525155170955),4.296340544151388e-06,-4.325737153448478,48.3525155170955
2025-09-04 09:53:32.353778,208,4,POINT (-4.325741259465514 48.352514345504176),4.2698948608492225e-06,-4.325741259465514,48.352514345504176
2025-09-04 09:53:33.353778,209,4,POINT (-4.325745387430603 48.352513193063714),4.285815534022683e-06,-4.325745387430603,48.352513193063714
2025-09-04 09:53:34.353778,210,4,POINT (-4.325749576886325 48.352512059359256),4.340141132720767e-06,-4.325749576886325,48.352512059359256
2025-09-04 09:53:35.353778,211,4,POINT (-4.325753733018529 48.35251094292148),4.303471646295284e-06,-4.325753733018529,48.35251094292148
2025-09-04 09:53:36.353778,212,4,POINT (-4.32575792900116 48.35250983941319),4.338663478689237e-06,-4.32575792900116,48.35250983941319
2025-09-04 09:53:37.353778,213,4,POINT (-4.325762140120468 48.35250875408594),4.348730971872679e-06,-4.325762140120468,48.35250875408594
2025-09-04 09:53:38.353778,214,4,POINT (-4.325766333303203 48.35250768453421),4.32743831206541e-06,-4.325766333303203,48.35250768453421
2025-09-04 09:53:39.353778,215,4,POINT (-4.325770461790868 48.35250663451289),4.2599243153266005e-06,-4.325770461790868,48.35250663451289
2025-09-04 09:53:40.353778,216,4,POINT (-4.325774583994581 48.352505608231716),4.248036781801723e-06,-4.325774583994581,48.352505608231716
2025-09-04 09:53:41.353778,217,4,POINT (-4.325778727219057 48.35250459177563),4.26608626762386e-06,-4.325778727219057,48.35250459177563
2025-09-04 09:53:42.353778,218,4,POINT (-4.32578289123853 48.352503588474676),4.283184676501862e-06,-4.32578289123853,48.352503588474676
2025-09-04 09:53:43.353778,219,4,POINT (-4.325787089137928 48.35250259889889),4.312959493862371e-06,-4.325787089137928,48.35250259889889
2025-09-04 09:53:44.353778,220,4,POINT (-4.32579124435585 48.35250162456138),4.267923331200326e-06,-4.32579124435585,48.35250162456138
2025-09-04 09:53:45.353778,221,4,POINT (-4.3257953943510925 48.35250066308813),4.25991682070394e-06,-4.3257953943510925,48.35250066308813
2025-09-04 09:53:46.353778,222,4,POINT (-4.325799575642936 48.35249971799437),4.286770777001532e-06,-4.325799575642936,48.35249971799437
2025-09-04 09:53:47.353778,223,4,POINT (-4.3258037630284685 48.352498796130554),4.287660258516053e-06,-4.3258037630284685,48.352498796130554
2025-09-04 09:53:48.353778,224,4,POINT (-4.325807943736733 48.35249788891505),4.278009065143927e-06,-4.325807943736733,48.35249788891505
2025-09-04 09:53:49.353778,225,4,POINT (-4.325812127572425 48.35249699245295),4.278799527448996e-06,-4.325812127572425,48.35249699245295
2025-09-04 09:53:50.353778,226,4,POINT (-4.325816263540369 48.35249611012501),4.22903457378887e-06,-4.325816263540369,48.35249611012501
2025-09-04 09:53:51.353778,227,4,POINT (-4.3258204251293595 48.35249523097295),4.253437583288059e-06,-4.3258204251293595,48.35249523097295
2025-09-04 09:53:52.353778,228,4,POINT (-4.3258245513318725 48.35249436481352),4.2161332198977995e-06,-4.3258245513318725,48.35249436481352
2025-09-04 09:53:53.353778,229,4,POINT (-4.325828655023891 48.35249350856138),4.192070599662823e-06,-4.325828655023891,48.35249350856138
2025-09-04 09:53:54.353778,230,4,POINT (-4.325832790443845 48.3524926584644),4.221890935794452e-06,-4.325832790443845,48.3524926584644
2025-09-04 09:53:55.353778,231,4,POINT (-4.325836925039371 48.35249182193827),4.218371264760145e-06,-4.325836925039371,48.35249182193827
2025-09-04 09:53:56.353778,232,4,POINT (-4.325841067572464 48.35249098953739),4.225336869164526e-06,-4.325841067572464,48.35249098953739
2025-09-04 09:53:57.353778,233,4,POINT (-4.3258451908204725 48.35249016980669),4.203942501125068e-06,-4.3258451908204725,48.35249016980669
2025-09-04 09:53:58.353778,234,4,POINT (-4.325849283288492 48.35248935584165),4.172629097495493e-06,-4.325849283288492,48.35248935584165
2025-09-04 09:53:59.353778,235,4,POINT (-4.325853430486542 48.35248855231793),4.224322671301014e-06,-4.325853430486542,48.35248855231793
2025-09-04 09:54:00.353778,236,4,POINT (-4.3258575884336405 48.35248775853618),4.2330383348010385e-06,-4.3258575884336405,48.35248775853618
2025-09-04 09:54:01.353778,237,4,POINT (-4.325861751302892 48.35248697264531),4.236402348617668e-06,-4.325861751302892,48.35248697264531
2025-09-04 09:54:02.353778,238,4,POINT (-4.325865854405071 48.35248619864408),4.175467087747999e-06,-4.325865854405071,48.35248619864408
2025-09-04 09:54:03.353778,239,4,POINT (-4.325869952683231 48.35248543530466),4.16876132030608e-06,-4.325869952683231,48.35248543530466
2025-09-04 09:54:04.353778,240,4,POINT (-4.325874062665113 48.35248468064335),4.178691752110528e-06,-4.325874062665113,48.35248468064335
2025-09-04 09:54:05.353778,241,4,POINT (-4.325878201434225 48.35248393467532),4.205458128138734e-06,-4.325878201434225,48.35248393467532
2025-09-04 09:54:06.353778,242,4,POINT (-4.325882351479505 48.3524831994108),4.214675520276597e-06,-4.325882351479505,48.3524831994108
2025-09-04 09:54:07.353778,243,4,POINT (-4.325886505681496 48.352482472034765),4.217400867607312e-06,-4.325886505681496,48.352482472034765
2025-09-04 09:54:08.353778,244,4,POINT (-4.32589064925918 48.35248175466528),4.205217592824541e-06,-4.32589064925918,48.35248175466528
2025-09-04 09:54:09.353778,245,4,POINT (-4.325894842389278 48.35248104350838),4.2530088358665636e-06,-4.325894842389278,48.35248104350838
2025-09-04 09:54:10.353778,246,4,POINT (-4.325899066845986 48.35248033825688),4.282921216684806e-06,-4.325899066845986,48.35248033825688
2025-09-04 09:54:11.353778,247,4,POINT (-4.325903279706337 48.352479640187354),4.270303665642204e-06,-4.325903279706337,48.352479640187354
2025-09-04 09:54:12.353778,248,4,POINT (-4.325907570735158 48.352478947181346),4.346629230945856e-06,-4.325907570735158,48.352478947181346
2025-09-04 09:54:13.353778,249,4,POINT (-4.325911918051304 48.35247826145665),4.401065328925448e-06,-4.325911918051304,48.35247826145665
2025-09-04 09:54:14.353778,250,4,POINT (-4.325916211210181 48.35247758985207),4.345372925289404e-06,-4.325916211210181,48.35247758985207
2025-09-04 09:54:15.353778,251,4,POINT (-4.325920430449474 48.35247693223726),4.270180025894007e-06,-4.325920430449474,48.35247693223726
2025-09-04 09:54:16.353778,252,4,POINT (-4.325924652639297 48.35247627654949),4.272799240690215e-06,-4.325924652639297,48.35247627654949
2025-09-04 09:54:17.353778,253,4,POINT (-4.3259288607883395 48.35247563010019),4.257512779010148e-06,-4.3259288607883395,48.35247563010019
2025-09-04 09:54:18.353778,254,4,POINT (-4.325933025472923 48.35247499748324),4.212457938400303e-06,-4.325933025472923,48.35247499748324
2025-09-04 09:54:19.353778,255,4,POINT (-4.325937193647975 48.3524743705458),4.2150603572484455e-06,-4.325937193647975,48.3524743705458
2025-09-04 09:54:20.353778,256,4,POINT (-4.325941388086239 48.35247374878445),4.240271162472594e-06,-4.325941388086239,48.35247374878445
2025-09-04 09:54:21.353778,257,4,POINT (-4.325945618921375 48.352473126584464),4.276341751066837e-06,-4.325945618921375,48.352473126584464
2025-09-04 09:54:22.353778,258,4,POINT (-4.325949915546311 48.35247250207145),4.34177410094331e-06,-4.325949915546311,48.35247250207145
2025-09-04 09:54:23.353778,259,4,POINT (-4.325954209430732 48.35247188953255),4.337354875693692e-06,-4.325954209430732,48.35247188953255
2025-09-04 09:54:24.353778,260,4,POINT (-4.325958529189489 48.35247128122065),4.362379979572305e-06,-4.325958529189489,48.35247128122065
2025-09-04 09:54:25.353778,261,4,POINT (-4.325962818157733 48.352470677087915),4.331307535423861e-06,-4.325962818157733,48.352470677087915
2025-09-04 09:54:26.353778,262,4,POINT (-4.325967119709551 48.35247007424778),4.343588869349439e-06,-4.325967119709551,48.35247007424778
2025-09-04 09:54:27.353778,263,4,POINT (-4.32597142610272 48.35246947427842),4.347986357154985e-06,-4.32597142610272,48.35246947427842
2025-09-04 09:54:28.353778,264,4,POINT (-4.325975728138461 48.352468874151924),4.343692361349193e-06,-4.325975728138461,48.352468874151924
2025-09-04 09:54:29.353778,265,4,POINT (-4.325980068372449 48.352468277398145),4.3810667816141005e-06,-4.325980068372449,48.352468277398145
2025-09-04 09:54:30.353778,266,4,POINT (-4.325984453197144 48.352467680768484),4.425229322159501e-06,-4.325984453197144,48.352467680768484
2025-09-04 09:54:31.353778,267,4,POINT (-4.325988908584158 48.35246708259019),4.495363246559413e-06,-4.325988908584158,48.35246708259019
2025-09-04 09:54:32.353778,268,4,POINT (-4.3259933511026825 48.35246648426812),4.4826287084541e-06,-4.3259933511026825,48.35246648426812
2025-09-04 09:54:33.353778,269,4,POINT (-4.325997894034993 48.352465883375515),4.582499961707575e-06,-4.325997894034993,48.352465883375515
2025-09-04 09:54:34.353778,270,4,POINT (-4.326002479121381 48.352465287057036),4.623701213631192e-06,-4.326002479121381,48.352465287057036
2025-09-04 09:54:35.353778,271,4,POINT (-4.326007148066099 48.35246469187982),4.706727175219686e-06,-4.326007148066099,48.35246469187982
2025-09-04 09:54:36.353778,272,4,POINT (-4.326011831285668 48.352464099002916),4.7205983260712535e-06,-4.326011831285668,48.352464099002916
2025-09-04 09:54:37.353778,273,4,POINT (-4.3260165214686275 48.3524635088593),4.727164655185591e-06,-4.3260165214686275,48.3524635088593
2025-09-04 09:54:38.353778,274,4,POINT (-4.326021203062837 48.352462927001135),4.717614149757034e-06,-4.326021203062837,48.352462927001135
2025-09-04 09:54:39.353778,275,4,POINT (-4.326025902807426 48.35246234700879),4.735397588737389e-06,-4.326025902807426,48.35246234700879
2025-09-04 09:54:40.353778,276,4,POINT (-4.326030644090089 48.35246176503862),4.776866187420824e-06,-4.326030644090089,48.35246176503862
2025-09-04 09:54:41.353778,277,4,POINT (-4.326035402240137 48.352461183082596),4.793606647787087e-06,-4.326035402240137,48.352461183082596
2025-09-04 09:54:42.353778,278,4,POINT (-4.32604012987157 48.35246060660083),4.762649493108742e-06,-4.32604012987157,48.35246060660083
2025-09-04 09:54:43.353778,279,4,POINT (-4.326044911315087 48.352460027557754),4.816377579226187e-06,-4.326044911315087,48.352460027557754
2025-09-04 09:54:44.353778,280,4,POINT (-4.326049734556642 48.35245946167273),4.8563242234369325e-06,-4.326049734556642,48.35245946167273
2025-09-04 09:54:45.353778,281,4,POINT (-4.326054573683663 48.352458893239124),4.872398494430309e-06,-4.326054573683663,48.352458893239124
2025-09-04 09:54:46.353778,282,4,POINT (-4.326059397288164 48.35245833718672),4.855548852335538e-06,-4.326059397288164,48.35245833718672
2025-09-04 09:54:47.353778,283,4,POINT (-4.32606422572279 48.35245778364716),4.860060388761294e-06,-4.32606422572279,48.35245778364716
2025-09-04 09:54:48.353778,284,4,POINT (-4.326069090527961 48.35245722699292),4.896549120602873e-06,-4.326069090527961,48.35245722699292
2025-09-04 09:54:49.353778,285,4,POINT (-4.326073943423644 48.352456675775024),4.88410049879665e-06,-4.326073943423644,48.352456675775024
2025-09-04 09:54:50.353778,286,4,POINT (-4.32607881545184 48.35245611965042),4.903665294232384e-06,-4.32607881545184,48.35245611965042
2025-09-04 09:54:51.353778,287,4,POINT (-4.326083704671555 48.35245556390271),4.92070370314295e-06,-4.326083704671555,48.35245556390271
2025-09-04 09:54:52.353778,288,4,POINT (-4.3260885783419845 48.35245501605712),4.904365223659443e-06,-4.3260885783419845,48.35245501605712
2025-09-04 09:54:53.353778,289,4,POINT (-4.326093456370836 48.352454472185),4.908254512786582e-06,-4.326093456370836,48.352454472185
2025-09-04 09:54:54.353778,290,4,POINT (-4.326098431615782 48.35245392874943),5.004836109994876e-06,-4.326098431615782,48.35245392874943
2025-09-04 09:54:55.353778,291,4,POINT (-4.326103431870393 48.35245338760622),5.029451475880922e-06,-4.326103431870393,48.35245338760622
2025-09-04 09:54:56.353778,292,4,POINT (-4.326108412762131 48.35245285042799),5.009774741344297e-06,-4.326108412762131,48.35245285042799
2025-09-04 09:54:57.353778,293,4,POINT (-4.326113411629466 48.35245231842493),5.0270967652421e-06,-4.326113411629466,48.35245231842493
2025-09-04 09:54:58.353778,294,4,POINT (-4.326118416039805 48.352451791614456),5.03206241232974e-06,-4.326118416039805,48.352451791614456
2025-09-04 09:54:59.353778,295,4,POINT (-4.326123424395376 48.35245126618998),5.035841180743941e-06,-4.326123424395376,48.35245126618998
2025-09-04 09:55:00.353778,296,4,POINT (-4.326128466015449 48.352450732123515),5.069828394977582e-06,-4.326128466015449,48.352450732123515
2025-09-04 09:55:01.353778,297,4,POINT (-4.326133458557235 48.352450204013316),5.020395788128628e-06,-4.326133458557235,48.352450204013316
2025-09-04 09:55:02.353778,298,4,POINT (-4.326138542005077 48.35244966477437),5.1119683681889484e-06,-4.326138542005077,48.35244966477437
2025-09-04 09:55:03.353778,299,4,POINT (-4.326143644456007 48.35244912466808),5.13095705517721e-06,-4.326143644456007,48.35244912466808
2025-09-04 09:55:04.353778,300,4,POINT (-4.3261488141615 48.35244859219593),5.19705507716203e-06,-4.3261488141615,48.35244859219593
2025-09-04 09:55:05.353778,301,4,POINT (-4.326154008857523 48.35244805984892),5.2219019633954834e-06,-4.326154008857523,48.35244805984892
2025-09-04 09:55:06.353778,302,4,POINT (-4.3261592304175664 48.35244753282118),5.248089892365698e-06,-4.3261592304175664,48.35244753282118
2025-09-04 09:55:07.353778,303,4,POINT (-4.3261644469885905 48.35244701513347),5.242195514617046e-06,-4.3261644469885905,48.35244701513347
2025-09-04 09:55:08.353778,304,4,POINT (-4.326169592083146 48.35244650212451),5.170606945408212e-06,-4.326169592083146,48.35244650212451
2025-09-04 09:55:09.353778,305,4,POINT (-4.326174737795798 48.3524459944868),5.170691900954694e-06,-4.326174737795798,48.3524459944868
2025-09-04 09:55:10.353778,306,4,POINT (-4.326179919744842 48.35244548004147),5.2074225770236165e-06,-4.326179919744842,48.35244548004147
2025-09-04 09:55:11.353778,307,4,POINT (-4.326185085197748 48.35244496993725),5.190578969363684e-06,-4.326185085197748,48.35244496993725
2025-09-04 09:55:12.353778,308,4,POINT (-4.326190261581826 48.352444459783314),5.201462213862056e-06,-4.326190261581826,48.352444459783314
2025-09-04 09:55:13.353778,309,4,POINT (-4.326195437676377 48.35244395116454),5.201023732088903e-06,-4.326195437676377,48.35244395116454
2025-09-04 09:55:14.353778,310,4,POINT (-4.326200635895045 48.352443445362624),5.222768700242329e-06,-4.326200635895045,48.352443445362624
2025-09-04 09:55:15.353778,311,4,POINT (-4.326205817137231 48.35244293974629),5.205854249088138e-06,-4.326205817137231,48.35244293974629
2025-09-04 09:55:16.353778,312,4,POINT (-4.326210979481031 48.35244243719941),5.186747235294549e-06,-4.326210979481031,48.35244243719941
2025-09-04 09:55:17.353778,313,4,POINT (-4.326216201093861 48.352441936941446),5.24552176389464e-06,-4.326216201093861,48.352441936941446
2025-09-04 09:55:18.353778,314,4,POINT (-4.326221412042971 48.352441434612864),5.235105025390054e-06,-4.326221412042971,48.352441434612864
2025-09-04 09:55:19.353778,315,4,POINT (-4.326226619007475 48.35244093531207),5.230848939817617e-06,-4.326226619007475,48.35244093531207
2025-09-04 09:55:20.353778,316,4,POINT (-4.326231825174305 48.35244043334844),5.2303097943359895e-06,-4.326231825174305,48.35244043334844
2025-09-04 09:55:21.353778,317,4,POINT (-4.326237060023798 48.352439932702524),5.258735166729457e-06,-4.326237060023798,48.352439932702524
2025-09-04 09:55:22.353778,318,4,POINT (-4.326242245588841 48.35243944059766),5.208862833369556e-06,-4.326242245588841,48.35243944059766
2025-09-04 09:55:23.353778,319,4,POINT (-4.326247415587972 48.35243894897834),5.193320765017088e-06,-4.326247415587972,48.35243894897834
2025-09-04 09:55:24.353778,320,4,POINT (-4.326252583887805 48.35243845626074),5.191733216278765e-06,-4.326252583887805,48.35243845626074
2025-09-04 09:55:25.353778,321,4,POINT (-4.32625772435738 48.35243795995008),5.164373314167867e-06,-4.32625772435738,48.35243795995008
2025-09-04 09:55:26.353778,322,4,POINT (-4.3262628422353355 48.35243746715444),5.1415486295162275e-06,-4.3262628422353355,48.35243746715444
2025-09-04 09:55:27.353778,323,4,POINT (-4.326267998846546 48.35243697744059),5.179812624458507e-06,-4.326267998846546,48.35243697744059
2025-09-04 09:55:28.353778,324,4,POINT (-4.3262731711460365 48.35243649003947),5.19521336159838e-06,-4.3262731711460365,48.35243649003947
2025-09-04 09:55:29.353778,325,4,POINT (-4.326278382061703 48.352436006818394),5.233272846918468e-06,-4.326278382061703,48.352436006818394
2025-09-04 09:55:30.353778,326,4,POINT (-4.326283554361234 48.35243552987713),5.194242525971369e-06,-4.326283554361234,48.35243552987713
2025-09-04 09:55:31.353778,327,4,POINT (-4.326288736320857 48.352435051546585),5.203989396020267e-06,-4.326288736320857,48.352435051546585
2025-09-04 09:55:32.353778,328,4,POINT (-4.326293904851396 48.35243457789358),5.190188349724799e-06,-4.326293904851396,48.35243457789358
2025-09-04 09:55:33.353778,329,4,POINT (-4.326299137945938 48.352434102266926),5.254664518173244e-06,-4.326299137945938,48.352434102266926
2025-09-04 09:55:34.353778,330,4,POINT (-4.326304338075099 48.352433637993556),5.2208134475104214e-06,-4.326304338075099,48.352433637993556
2025-09-04 09:55:35.353778,331,4,POINT (-4.326309539293851 48.3524331719715),5.22205448667188e-06,-4.326309539293851,48.3524331719715
2025-09-04 09:55:36.353778,332,4,POINT (-4.326314787377457 48.35243270202956),5.269082174303825e-06,-4.326314787377457,48.35243270202956
2025-09-04 09:55:37.353778,333,4,POINT (-4.326320181535904 48.35243273615919),5.3942664175085685e-06,-4.326320181535904,48.35243273615919
2025-09-04 09:55:38.353778,334,4,POINT (-4.3263256773863015 48.35243328047923),5.52273989133698e-06,-4.3263256773863015,48.35243328047923
2025-09-04 09:55:39.353778,335,4,POINT (-4.32633124062739 48.35243434032317),5.663295911449232e-06,-4.32633124062739,48.35243434032317
2025-09-04 09:55:40.353778,336,4,POINT (-4.326336916657238 48.35243591513731),5.89044602868641e-06,-4.326336916657238,48.35243591513731
2025-09-04 09:55:41.353778,337,4,POINT (-4.326342676148658 48.35243800986897),6.128592182074445e-06,-4.326342676148658,48.35243800986897
2025-09-04 09:55:42.353778,338,4,POINT (-4.326348536987644 48.35244062611384),6.418268523413584e-06,-4.326348536987644,48.35244062611384
2025-09-04 09:55:43.353778,339,4,POINT (-4.3263544785969605 48.35244376815896),6.721247564961897e-06,-4.3263544785969605,48.35244376815896
2025-09-04 09:55:44.353778,340,4,POINT (-4.32636050965119 48.35244743838063),7.060038399052839e-06,-4.32636050965119,48.35244743838063
2025-09-04 09:55:45.353778,341,4,POINT (-4.326366598933663 48.35245164162854),7.399098191036028e-06,-4.326366598933663,48.35245164162854
2025-09-04 09:55:46.353778,342,4,POINT (-4.326372757577605 48.352456380248604),7.770676631716772e-06,-4.326372757577605,48.352456380248604
2025-09-04 09:55:47.353778,343,4,POINT (-4.326378885004796 48.352461662172004),8.089751465811049e-06,-4.326378885004796,48.352461662172004
2025-09-04 09:55:48.353778,344,4,POINT (-4.326384944710443 48.35246749116709),8.408163666554006e-06,-4.326384944710443,48.35246749116709
2025-09-04 09:55:49.353778,345,4,POINT (-4.32639094838968 48.352473868720544),8.758844240845025e-06,-4.32639094838968,48.352473868720544
2025-09-04 09:55:50.353778,346,4,POINT (-4.32639687874265 48.35248078739805),9.11247413125714e-06,-4.32639687874265,48.35248078739805
2025-09-04 09:55:51.353778,347,4,POINT (-4.326402717290538 48.35248825621598),9.48007819915095e-06,-4.326402717290538,48.35248825621598
2025-09-04 09:55:52.353778,348,4,POINT (-4.326408416191328 48.352496264410874),9.828970226821127e-06,-4.326408416191328,48.352496264410874
2025-09-04 09:55:53.353778,349,4,POINT (-4.326413960964997 48.35250381154447),9.36502752783825e-06,-4.326413960964997,48.35250381154447
2025-09-04 09:55:54.353778,350,4,POINT (-4.326419401573423 48.35251091345941),8.946363274706525e-06,-4.326419401573423,48.35251091345941
2025-09-04 09:55:55.353778,351,4,POINT (-4.326424780615738 48.35251756859622),8.557157364131442e-06,-4.326424780615738,48.35251756859622
2025-09-04 09:55:56.353778,352,4,POINT (-4.3264300952957635 48.35252379021197),8.182562331142313e-06,-4.3264300952957635,48.35252379021197
2025-09-04 09:55:57.353778,353,4,POINT (-4.326435291198839 48.35252958385814),7.78227118306835e-06,-4.326435291198839,48.35252958385814
2025-09-04 09:55:58.353778,354,4,POINT (-4.326440421034862 48.352534947818924),7.422081438698951e-06,-4.326440421034862,48.352534947818924
2025-09-04 09:55:59.353778,355,4,POINT (-4.32644554847572 48.35253989388903),7.124202358588238e-06,-4.32644554847572,48.35253989388903
2025-09-04 09:56:00.353778,356,4,POINT (-4.326450634896935 48.35254443532152),6.8188188004963565e-06,-4.326450634896935,48.35254443532152
2025-09-04 09:56:01.353778,357,4,POINT (-4.326455764913312 48.35254857741553),6.593482452071015e-06,-4.326455764913312,48.35254857741553
2025-09-04 09:56:02.353778,358,4,POINT (-4.32646090391819 48.35255233434097),6.365835363462852e-06,-4.32646090391819,48.35255233434097
2025-09-04 09:56:03.353778,359,4,POINT (-4.326466061588299 48.352555706121024),6.162017663022734e-06,-4.326466061588299,48.352555706121024
2025-09-04 09:56:04.353778,360,4,POINT (-4.326471223108791 48.352558698761875),5.966338328895039e-06,-4.326471223108791,48.352558698761875
2025-09-04 09:56:05.353778,361,4,POINT (-4.326476439613306 48.3525613183359),5.837301383194499e-06,-4.326476439613306,48.3525613183359
2025-09-04 09:56:06.353778,362,4,POINT (-4.326481718185405 48.35256357256469),5.739762262883166e-06,-4.326481718185405,48.35256357256469
2025-09-04 09:56:07.353778,363,4,POINT (-4.326487026538643 48.352565465250194),5.635678531717884e-06,-4.326487026538643,48.352565465250194
2025-09-04 09:56:08.353778,364,4,POINT (-4.326492501257986 48.35256700493237),5.6871058622001035e-06,-4.326492501257986,48.35256700493237
2025-09-04 09:56:09.353778,365,4,POINT (-4.32649804482052 48.35256819616548),5.670107749033366e-06,-4.32649804482052,48.35256819616548
2025-09-04 09:56:10.353778,366,4,POINT (-4.326503628732867 48.35256903407986),5.64643052046562e-06,-4.326503628732867,48.35256903407986
2025-09-04 09:56:11.353778,367,4,POINT (-4.3265093153614425 48.352569536799216),5.7088064688564905e-06,-4.3265093153614425,48.352569536799216
2025-09-04 09:56:12.353778,368,4,POINT (-4.3265150620748996 48.35256970518158),5.749179783111368e-06,-4.3265150620748996,48.35256970518158
2025-09-04 09:56:13.353778,369,4,POINT (-4.326520901549288 48.352569552673735),5.841465550388517e-06,-4.326520901549288,48.352569552673735
2025-09-04 09:56:14.353778,370,4,POINT (-4.326526794901261 48.3525690722449),5.91290193914886e-06,-4.326526794901261,48.3525690722449
2025-09-04 09:56:15.353778,371,4,POINT (-4.3265327705900996 48.352568272381774),6.028983174213629e-06,-4.3265327705900996,48.352568272381774
2025-09-04 09:56:16.353778,372,4,POINT (-4.326538778460536 48.35256715476647),6.11093864758412e-06,-4.326538778460536,48.35256715476647
2025-09-04 09:56:17.353778,373,4,POINT (-4.326544860981544 48.35256572817094),6.24757846051051e-06,-4.326544860981544,48.35256572817094
2025-09-04 09:56:18.353778,374,4,POINT (-4.326550982420211 48.352563990555375),6.3632789659057505e-06,-4.326550982420211,48.352563990555375
2025-09-04 09:56:19.353778,375,4,POINT (-4.326557105660791 48.352561947309155),6.45514758295642e-06,-4.326557105660791,48.352561947309155
2025-09-04 09:56:20.353778,376,4,POINT (-4.326563271151059 48.35255960565883),6.5951949534236806e-06,-4.326563271151059,48.35255960565883
2025-09-04 09:56:21.353778,377,4,POINT (-4.326569439871676 48.35255695814753),6.712855587845483e-06,-4.326569439871676,48.35255695814753
2025-09-04 09:56:22.353778,378,4,POINT (-4.326575643070474 48.35255401224667),6.867168791252399e-06,-4.326575643070474,48.35255401224667
2025-09-04 09:56:23.353778,379,4,POINT (-4.3265817993546305 48.3525507681051),6.958756294391236e-06,-4.3265817993546305,48.3525507681051
2025-09-04 09:56:24.353778,380,4,POINT (-4.326587947616069 48.352547236570224),7.090335483861822e-06,-4.326587947616069,48.352547236570224
2025-09-04 09:56:25.353778,381,4,POINT (-4.326594104155291 48.352543422540066),7.242223500779155e-06,-4.326594104155291,48.352543422540066
2025-09-04 09:56:26.353778,382,4,POINT (-4.326600173076794 48.35253967140654),7.134620588679938e-06,-4.326600173076794,48.35253967140654
2025-09-04 09:56:27.353778,383,4,POINT (-4.3266062275697825 48.35253598053161),7.0907998895972995e-06,-4.3266062275697825,48.35253598053161
2025-09-04 09:56:28.353778,384,4,POINT (-4.326612237817823 48.35253234335841),7.025105721790564e-06,-4.326612237817823,48.35253234335841
2025-09-04 09:56:29.353778,385,4,POINT (-4.326618198613465 48.35252876084663),6.954529124476387e-06,-4.326618198613465,48.35252876084663
2025-09-04 09:56:30.353778,386,4,POINT (-4.326624124700922 48.352525227004676),6.899750105163629e-06,-4.326624124700922,48.352525227004676
2025-09-04 09:56:31.353778,387,4,POINT (-4.326630053330152 48.352521746527266),6.87476308989972e-06,-4.326630053330152,48.352521746527266
2025-09-04 09:56:32.353778,388,4,POINT (-4.32663590720439 48.352518320399255),6.782786798029832e-06,-4.32663590720439,48.352518320399255
2025-09-04 09:56:33.353778,389,4,POINT (-4.326641730133285 48.352514946596386),6.729713716879605e-06,-4.326641730133285,48.352514946596386
2025-09-04 09:56:34.353778,390,4,POINT (-4.326647543745593 48.352511614978496),6.700579514699946e-06,-4.326647543745593,48.352511614978496
2025-09-04 09:56:35.353778,391,4,POINT (-4.326653274681807 48.35250832405188),6.608617697550626e-06,-4.326653274681807,48.35250832405188
2025-09-04 09:56:36.353778,392,4,POINT (-4.326659005213452 48.35250507910247),6.5854908407936755e-06,-4.326659005213452,48.35250507910247
2025-09-04 09:56:37.353778,393,4,POINT (-4.326664716552736 48.35250188479833),6.5439266019039895e-06,-4.326664716552736,48.35250188479833
2025-09-04 09:56:38.353778,394,4,POINT (-4.326670400106543 48.35249873761413),6.496733969525496e-06,-4.326670400106543,48.35249873761413
2025-09-04 09:56:39.353778,395,4,POINT (-4.326676038816033 48.352495629426116),6.4386238769727e-06,-4.326676038816033,48.352495629426116
2025-09-04 09:56:40.353778,396,4,POINT (-4.326681623303759 48.35249256862155),6.368282951468427e-06,-4.326681623303759,48.35249256862155
2025-09-04 09:56:41.353778,397,4,POINT (-4.32668721931142 48.35248955128303),6.357643706728294e-06,-4.32668721931142,48.35248955128303
2025-09-04 09:56:42.353778,398,4,POINT (-4.326692784040661 48.35248624178345),6.474488316993098e-06,-4.326692784040661,48.35248624178345
2025-09-04 09:56:43.353778,399,4,POINT (-4.326698359699111 48.35248263673292),6.639605144226856e-06,-4.326698359699111,48.35248263673292
2025-09-04 09:56:44.353778,400,4,POINT (-4.326703867094297 48.35247875060921),6.740427231236025e-06,-4.326703867094297,48.35247875060921
2025-09-04 09:56:45.353778,401,4,POINT (-4.326709311654346 48.35247458216938),6.857049273686228e-06,-4.326709311654346,48.35247458216938
2025-09-04 09:56:46.353778,402,4,POINT (-4.326714681145773 48.3524701391774),6.969333964707739e-06,-4.326714681145773,48.3524701391774
2025-09-04 09:56:47.353778,403,4,POINT (-4.326720029700646 48.352465427996066),7.127571030124291e-06,-4.326720029700646,48.352465427996066
2025-09-04 09:56:48.353778,404,4,POINT (-4.326725284420648 48.35246044330354),7.242875247285068e-06,-4.326725284420648,48.35246044330354
2025-09-04 09:56:49.353778,405,4,POINT (-4.3267304163675995 48.35245519437442),7.34085393060424e-06,-4.3267304163675995,48.35245519437442
2025-09-04 09:56:50.353778,406,4,POINT (-4.326735390148473 48.352449686984706),7.420905447348852e-06,-4.326735390148473,48.352449686984706
2025-09-04 09:56:51.353778,407,4,POINT (-4.326740268936076 48.352443919867135),7.5539535050163175e-06,-4.326740268936076,48.352443919867135
2025-09-04 09:56:52.353778,408,4,POINT (-4.326745000055553 48.35243791263358),7.646590511087617e-06,-4.326745000055553,48.35243791263358
2025-09-04 09:56:53.353778,409,4,POINT (-4.326749651278414 48.35243166023655),7.79271087588214e-06,-4.326749651278414,48.35243166023655
2025-09-04 09:56:54.353778,410,4,POINT (-4.32675414537746 48.35242516048887),7.902129212918693e-06,-4.32675414537746,48.35242516048887
2025-09-04 09:56:55.353778,411,4,POINT (-4.326758585513713 48.35241875223169),7.796189454509885e-06,-4.326758585513713,48.35241875223169
2025-09-04 09:56:56.353778,412,4,POINT (-4.326763021502247 48.352412427596555),7.725218695507235e-06,-4.326763021502247,48.352412427596555
2025-09-04 09:56:57.353778,413,4,POINT (-4.326767330822256 48.352406201245024),7.572165629590508e-06,-4.326767330822256,48.352406201245024
2025-09-04 09:56:58.353778,414,4,POINT (-4.32677160680656 48.352400060094425),7.483165937690185e-06,-4.32677160680656,48.352400060094425
2025-09-04 09:56:59.353778,415,4,POINT (-4.326775831354665 48.35239401928633),7.371442812592425e-06,-4.326775831354665,48.35239401928633
2025-09-04 09:57:00.353778,416,4,POINT (-4.326780049089973 48.35238806023809),7.30065387726031e-06,-4.326780049089973,48.35238806023809
2025-09-04 09:57:01.353778,417,4,POINT (-4.326784168549748 48.35238218543268),7.1751855338750505e-06,-4.326784168549748,48.35238218543268
2025-09-04 09:57:02.353778,418,4,POINT (-4.326788214236049 48.35237639658622),7.062458563391669e-06,-4.326788214236049,48.35237639658622
2025-09-04 09:57:03.353778,419,4,POINT (-4.326792206929005 48.3523706785406),6.974069311612115e-06,-4.326792206929005,48.3523706785406
2025-09-04 09:57:04.353778,420,4,POINT (-4.326796212588307 48.35236503514346),6.9204940417452526e-06,-4.326796212588307,48.35236503514346
2025-09-04 09:57:05.353778,421,4,POINT (-4.326800173336141 48.35235947156235),6.8294185786822305e-06,-4.326800173336141,48.35235947156235
2025-09-04 09:57:06.353778,422,4,POINT (-4.326804059135709 48.35235398815313),6.720655840995113e-06,-4.326804059135709,48.35235398815313
2025-09-04 09:57:07.353778,423,4,POINT (-4.326807931253088 48.352348568938574),6.660418863664991e-06,-4.326807931253088,48.352348568938574
2025-09-04 09:57:08.353778,424,4,POINT (-4.326811736363944 48.35234322283314),6.56198993618541e-06,-4.326811736363944,48.35234322283314
2025-09-04 09:57:09.353778,425,4,POINT (-4.326815533510539 48.35233794414745),6.5025260389134105e-06,-4.326815533510539,48.35233794414745
2025-09-04 09:57:10.353778,426,4,POINT (-4.326819344039717 48.35233272480057),6.462330422698626e-06,-4.326819344039717,48.35233272480057
2025-09-04 09:57:11.353778,427,4,POINT (-4.326823148929342 48.35232757479579),6.403103490348962e-06,-4.326823148929342,48.35232757479579
2025-09-04 09:57:12.353778,428,4,POINT (-4.326826955709448 48.3523224847494),6.356110995774088e-06,-4.326826955709448,48.3523224847494
2025-09-04 09:57:13.353778,429,4,POINT (-4.32683076537693 48.35231745577997),6.309049047180315e-06,-4.32683076537693,48.35231745577997
2025-09-04 09:57:14.353778,430,4,POINT (-4.326834583124944 48.35231248632022),6.2666362630900195e-06,-4.326834583124944,48.35231248632022
2025-09-04 09:57:15.353778,431,4,POINT (-4.326838442683981 48.35230757329906),6.247717417851297e-06,-4.326838442683981,48.35230757329906
2025-09-04 09:57:16.353778,432,4,POINT (-4.32684234690882 48.35230271518312),6.232516509357566e-06,-4.32684234690882,48.35230271518312
2025-09-04 09:57:17.353778,433,4,POINT (-4.326846263865528 48.35229791997685),6.191651884183754e-06,-4.326846263865528,48.35229791997685
2025-09-04 09:57:18.353778,434,4,POINT (-4.326850152611315 48.352293184554256),6.127525677247228e-06,-4.326850152611315,48.352293184554256
2025-09-04 09:57:19.353778,435,4,POINT (-4.326854041054967 48.35228850073803),6.087538788851674e-06,-4.326854041054967,48.35228850073803
2025-09-04 09:57:20.353778,436,4,POINT (-4.326857867740672 48.35228388279217),5.997411725045368e-06,-4.326857867740672,48.35228388279217
2025-09-04 09:57:21.353778,437,4,POINT (-4.326861741049724 48.352279309356035),5.9932329429030505e-06,-4.326861741049724,48.352279309356035
2025-09-04 09:57:22.353778,438,4,POINT (-4.326865593536365 48.35227478711728),5.940731997574996e-06,-4.326865593536365,48.35227478711728
2025-09-04 09:57:23.353778,439,4,POINT (-4.326869414323661 48.35227032428946),5.874967894041711e-06,-4.326869414323661,48.35227032428946
2025-09-04 09:57:24.353778,440,4,POINT (-4.326873260795486 48.35226590354324),5.859892712136274e-06,-4.326873260795486,48.35226590354324
2025-09-04 09:57:25.353778,441,4,POINT (-4.326877090729723 48.352261526985686),5.815724572097145e-06,-4.326877090729723,48.352261526985686
2025-09-04 09:57:26.353778,442,4,POINT (-4.326880944034432 48.35225718980236),5.801647730982745e-06,-4.326880944034432,48.35225718980236
2025-09-04 09:57:27.353778,443,4,POINT (-4.326884802428978 48.35225289842572),5.770885715874142e-06,-4.326884802428978,48.35225289842572
2025-09-04 09:57:28.353778,444,4,POINT (-4.326888672715423 48.35224865347089),5.744454602359637e-06,-4.326888672715423,48.35224865347089
2025-09-04 09:57:29.353778,445,4,POINT (-4.326892584999608 48.35224444900393),5.743127189060497e-06,-4.326892584999608,48.35224444900393
2025-09-04 09:57:30.353778,446,4,POINT (-4.326896509042937 48.35224028091703),5.724601687744523e-06,-4.326896509042937,48.35224028091703
2025-09-04 09:57:31.353778,447,4,POINT (-4.3269006230884 48.35223647071644),5.607405692003675e-06,-4.3269006230884,48.35223647071644
2025-09-04 09:57:32.353778,448,4,POINT (-4.326904919204358 48.35223301475402),5.513645670662664e-06,-4.326904919204358,48.35223301475402
2025-09-04 09:57:33.353778,449,4,POINT (-4.326909438737566 48.35222991193501),5.482122418866388e-06,-4.326909438737566,48.35222991193501
2025-09-04 09:57:34.353778,450,4,POINT (-4.32691416569639 48.35222714314559),5.478168908417289e-06,-4.32691416569639,48.35222714314559
2025-09-04 09:57:35.353778,451,4,POINT (-4.326919126076069 48.35222469542883),5.531426930949769e-06,-4.326919126076069,48.35222469542883
2025-09-04 09:57:36.353778,452,4,POINT (-4.326924309598118 48.352222560880264),5.605818264425715e-06,-4.326924309598118,48.352222560880264
2025-09-04 09:57:37.353778,453,4,POINT (-4.326929718682973 48.352220746686314),5.705216793893635e-06,-4.326929718682973,48.352220746686314
2025-09-04 09:57:38.353778,454,4,POINT (-4.326935296385837 48.352219255939474),5.7734820844582504e-06,-4.326935296385837,48.352219255939474
2025-09-04 09:57:39.353778,455,4,POINT (-4.326941088981122 48.35221806814593),5.913122155852392e-06,-4.326941088981122,48.35221806814593
2025-09-04 09:57:40.353778,456,4,POINT (-4.326947128187803 48.352217178418485),6.104394504619305e-06,-4.326947128187803,48.352217178418485
2025-09-04 09:57:41.353778,457,4,POINT (-4.326953349966721 48.3522166000491),6.248603368071656e-06,-4.326953349966721,48.3522166000491
2025-09-04 09:57:42.353778,458,4,POINT (-4.326959348793689 48.35221570233193),6.065626191497664e-06,-4.326959348793689,48.35221570233193
2025-09-04 09:57:43.353778,459,4,POINT (-4.326965167050788 48.35221447498973),5.946300072806595e-06,-4.326965167050788,48.35221447498973
2025-09-04 09:57:44.353778,460,4,POINT (-4.326970802263352 48.35221293219676),5.842587680040316e-06,-4.326970802263352,48.35221293219676
2025-09-04 09:57:45.353778,461,4,POINT (-4.326976261939488 48.352211066808785),5.769552478075045e-06,-4.326976261939488,48.352211066808785
2025-09-04 09:57:46.353778,462,4,POINT (-4.326981539070314 48.35220889601361),5.706177481752044e-06,-4.326981539070314,48.35220889601361
2025-09-04 09:57:47.353778,463,4,POINT (-4.326986651543029 48.352206417241725),5.681697573168105e-06,-4.326986651543029,48.352206417241725
2025-09-04 09:57:48.353778,464,4,POINT (-4.326991594751827 48.352203632160965),5.673798380069937e-06,-4.326991594751827,48.352203632160965
2025-09-04 09:57:49.353778,465,4,POINT (-4.326996377255365 48.352200550364955),5.689446962219271e-06,-4.326996377255365,48.352200550364955
2025-09-04 09:57:50.353778,466,4,POINT (-4.327000987449232 48.35219718315023),5.70894232632435e-06,-4.327000987449232,48.35219718315023
2025-09-04 09:57:51.353778,467,4,POINT (-4.327005423422171 48.35219353198491),5.745334117915263e-06,-4.327005423422171,48.35219353198491
2025-09-04 09:57:52.353778,468,4,POINT (-4.32700965361008 48.35218961392465),5.765907208482183e-06,-4.32700965361008,48.35218961392465
2025-09-04 09:57:53.353778,469,4,POINT (-4.327013704464074 48.35218541647042),5.833355818150503e-06,-4.327013704464074,48.35218541647042
2025-09-04 09:57:54.353778,470,4,POINT (-4.327017502023141 48.35218096695381),5.849756655291255e-06,-4.327017502023141,48.35218096695381
2025-09-04 09:57:55.353778,471,4,POINT (-4.327021091631165 48.35217626973235),5.9117827465839485e-06,-4.327021091631165,48.35217626973235
2025-09-04 09:57:56.353778,472,4,POINT (-4.327024508934921 48.35217130604153),6.0262916885555475e-06,-4.327024508934921,48.35217130604153
2025-09-04 09:57:57.353778,473,4,POINT (-4.327027730814017 48.352166090004395),6.130868475351909e-06,-4.327027730814017,48.352166090004395
2025-09-04 09:57:58.353778,474,4,POINT (-4.327031148481026 48.35216124497708),5.9291430620965264e-06,-4.327031148481026,48.35216124497708
2025-09-04 09:57:59.353778,475,4,POINT (-4.32703480088275 48.352156746915256),5.794186616587929e-06,-4.32703480088275,48.352156746915256
2025-09-04 09:58:00.353778,476,4,POINT (-4.32703865127268 48.352152606588724),5.654007994609321e-06,-4.32703865127268,48.352152606588724
2025-09-04 09:58:01.353778,477,4,POINT (-4.32704274935123 48.3521488109179),5.585818183576709e-06,-4.32704274935123,48.3521488109179
2025-09-04 09:58:02.353778,478,4,POINT (-4.32704713176296 48.35214534199982),5.589179298064702e-06,-4.32704713176296,48.35214534199982
2025-09-04 09:58:03.353778,479,4,POINT (-4.327051795352404 48.352142189388374),5.629211796523745e-06,-4.327051795352404,48.352142189388374
2025-09-04 09:58:04.353778,480,4,POINT (-4.327056689537022 48.35213935845853),5.653954974563808e-06,-4.327056689537022,48.35213935845853
2025-09-04 09:58:05.353778,481,4,POINT (-4.327061846431261 48.352136836663),5.7404713119541845e-06,-4.327061846431261,48.352136836663
2025-09-04 09:58:06.353778,482,4,POINT (-4.327067262045103 48.35213461554728),5.853394599881444e-06,-4.327067262045103,48.35213461554728
2025-09-04 09:58:07.353778,483,4,POINT (-4.327072915205156 48.352132701527516),5.9683909250889295e-06,-4.327072915205156,48.352132701527516
2025-09-04 09:58:08.353778,484,4,POINT (-4.3270788222730285 48.352131085170655),6.124219162543465e-06,-4.3270788222730285,48.352131085170655
2025-09-04 09:58:09.353778,485,4,POINT (-4.327084944351687 48.352129761972485),6.263441585424394e-06,-4.327084944351687,48.352129761972485
2025-09-04 09:58:10.353778,486,4,POINT (-4.327091280195419 48.35212873737592),6.418155024580147e-06,-4.327091280195419,48.35212873737592
2025-09-04 09:58:11.353778,487,4,POINT (-4.327097860501245 48.352127993235335),6.6222481053717655e-06,-4.327097860501245,48.352127993235335
2025-09-04 09:58:12.353778,488,4,POINT (-4.32710463142841 48.352127542009576),6.785945723889945e-06,-4.32710463142841,48.352127542009576
2025-09-04 09:58:13.353778,489,4,POINT (-4.327111598024362 48.35212737850126),6.968514484733103e-06,-4.327111598024362,48.35212737850126
2025-09-04 09:58:14.353778,490,4,POINT (-4.327118754544287 48.35212750798106),7.1576911401237665e-06,-4.327118754544287,48.35212750798106
2025-09-04 09:58:15.353778,491,4,POINT (-4.3271260892783925 48.3521279193633),7.346261616853855e-06,-4.3271260892783925,48.3521279193633
2025-09-04 09:58:16.353778,492,4,POINT (-4.327133661131009 48.35212859170657),7.6016443960230155e-06,-4.327133661131009,48.35212859170657
2025-09-04 09:58:17.353778,493,4,POINT (-4.327141450630653 48.352129529926934),7.84579901309744e-06,-4.327141450630653,48.352129529926934
2025-09-04 09:58:18.353778,494,4,POINT (-4.3271494246004885 48.352130738059465),8.06497235893146e-06,-4.3271494246004885,48.352130738059465
2025-09-04 09:58:19.353778,495,4,POINT (-4.327157550244073 48.35213222515972),8.260602328949832e-06,-4.327157550244073,48.35213222515972
2025-09-04 09:58:20.353778,496,4,POINT (-4.327165792993367 48.35213399137151),8.42985290509903e-06,-4.327165792993367,48.35213399137151
2025-09-04 09:58:21.353778,497,4,POINT (-4.327174178142868 48.35213603866734),8.63146293325149e-06,-4.327174178142868,48.35213603866734
2025-09-04 09:58:22.353778,498,4,POINT (-4.3271827087469195 48.35213835101791),8.838448430733436e-06,-4.3271827087469195,48.35213835101791
2025-09-04 09:58:23.353778,499,4,POINT (-4.3271913700191265 48.352140930819246),9.037312164533338e-06,-4.3271913700191265,48.352140930819246
2025-09-04 09:58:24.353778,500,4,POINT (-4.327200139861081 48.3521437813634),9.221481979599058e-06,-4.327200139861081,48.3521437813634
2025-09-04 09:58:25.353778,501,4,POINT (-4.3272090146956455 48.35214689856979),9.40636296439595e-06,-4.3272090146956455,48.35214689856979
2025-09-04 09:58:26.353778,502,4,POINT (-4.3272180164533856 48.35215027342808),9.613600307645413e-06,-4.3272180164533856,48.35215027342808
2025-09-04 09:58:27.353778,503,4,POINT (-4.327227128167255 48.35215389959024),9.806751840681765e-06,-4.327227128167255,48.35215389959024
2025-09-04 09:58:28.353778,504,4,POINT (-4.327236338171138 48.3521577783924),9.993461749199268e-06,-4.327236338171138,48.3521577783924
2025-09-04 09:58:29.353778,505,4,POINT (-4.327245612984916 48.35216191466982),1.0155341524918633e-05,-4.327245612984916,48.35216191466982
2025-09-04 09:58:30.353778,506,4,POINT (-4.327254962641109 48.35216631024813),1.0331368718510739e-05,-4.327254962641109,48.35216631024813
2025-09-04 09:58:31.353778,507,4,POINT (-4.327264326032956 48.35217096252489),1.0455466795194204e-05,-4.327264326032956,48.35217096252489
2025-09-04 09:58:32.353778,508,4,POINT (-4.327273533392654 48.35217556136407),1.0291977188764997e-05,-4.327273533392654,48.35217556136407
2025-09-04 09:58:33.353778,509,4,POINT (-4.3272825601992535 48.3521801109314),1.0108501385432742e-05,-4.3272825601992535,48.3521801109314
2025-09-04 09:58:34.353778,510,4,POINT (-4.327291437655438 48.35218460277901),9.949166963917629e-06,-4.327291437655438,48.35218460277901
2025-09-04 09:58:35.353778,511,4,POINT (-4.327300248500584 48.35218902114171),9.856618138673541e-06,-4.327300248500584,48.35218902114171
2025-09-04 09:58:36.353778,512,4,POINT (-4.327308910446002 48.352193384556536),9.698901347508927e-06,-4.327308910446002,48.352193384556536
2025-09-04 09:58:37.353778,513,4,POINT (-4.3273174306564455 48.35219770349619),9.55234137403688e-06,-4.3273174306564455,48.35219770349619
2025-09-04 09:58:38.353778,514,4,POINT (-4.327325818607871 48.352201968110336),9.409817370949305e-06,-4.327325818607871,48.352201968110336
2025-09-04 09:58:39.353778,515,4,POINT (-4.327334079759738 48.352206170159384),9.268432789143505e-06,-4.327334079759738,48.352206170159384
2025-09-04 09:58:40.353778,516,4,POINT (-4.327342268285771 48.35221030699354),9.174167833629307e-06,-4.327342268285771,48.35221030699354
2025-09-04 09:58:41.353778,517,4,POINT (-4.327350327518152 48.35221439355613),9.036106483299195e-06,-4.327350327518152,48.35221439355613
2025-09-04 09:58:42.353778,518,4,POINT (-4.327358308392287 48.352218415836376),8.937174627262853e-06,-4.327358308392287,48.352218415836376
2025-09-04 09:58:43.353778,519,4,POINT (-4.327366168092657 48.35222237991039),8.802770738094965e-06,-4.327366168092657,48.35222237991039
2025-09-04 09:58:44.353778,520,4,POINT (-4.3273739689428785 48.35222628125517),8.722027017863904e-06,-4.3273739689428785,48.35222628125517
2025-09-04 09:58:45.353778,521,4,POINT (-4.327381711120471 48.35223011687699),8.640214615698463e-06,-4.327381711120471,48.35223011687699
2025-09-04 09:58:46.353778,522,4,POINT (-4.327389357620734 48.352233895399436),8.529138184110583e-06,-4.327389357620734,48.352233895399436
2025-09-04 09:58:47.353778,523,4,POINT (-4.327396951633693 48.35223761844606),8.457547457172791e-06,-4.327396951633693,48.35223761844606
2025-09-04 09:58:48.353778,524,4,POINT (-4.327404474856059 48.35224128516741),8.369212639838364e-06,-4.327404474856059,48.35224128516741
2025-09-04 09:58:49.353778,525,4,POINT (-4.327411969121311 48.35224489531221),8.318482863839969e-06,-4.327411969121311,48.35224489531221
2025-09-04 09:58:50.353778,526,4,POINT (-4.327419499960053 48.35224844075918),8.323684664354958e-06,-4.327419499960053,48.35224844075918
2025-09-04 09:58:51.353778,527,4,POINT (-4.327426980235593 48.3522519312048),8.254558301058656e-06,-4.327426980235593,48.3522519312048
2025-09-04 09:58:52.353778,528,4,POINT (-4.327434385994095 48.352255371803096),8.165964464559022e-06,-4.327434385994095,48.352255371803096
2025-09-04 09:58:53.353778,529,4,POINT (-4.327441730750996 48.352258764211356),8.090357701786602e-06,-4.327441730750996,48.352258764211356
2025-09-04 09:58:54.353778,530,4,POINT (-4.327449037082136 48.35226210566247),8.034162698398863e-06,-4.327449037082136,48.35226210566247
2025-09-04 09:58:55.353778,531,4,POINT (-4.3274563385064 48.35226539329069),8.007452505740069e-06,-4.3274563385064,48.35226539329069
2025-09-04 09:58:56.353778,532,4,POINT (-4.327463630275181 48.35226862322431),7.975108973003607e-06,-4.327463630275181,48.35226862322431
2025-09-04 09:58:57.353778,533,4,POINT (-4.327470934511308 48.352271804893945),7.967112843221663e-06,-4.327470934511308,48.352271804893945
2025-09-04 09:58:58.353778,534,4,POINT (-4.327478227847163 48.352274938035166),7.937841129082408e-06,-4.327478227847163,48.352274938035166
2025-09-04 09:58:59.353778,535,4,POINT (-4.327485463726517 48.35227802107732),7.865309844079168e-06,-4.327485463726517,48.35227802107732
2025-09-04 09:59:00.353778,536,4,POINT (-4.32749263950645 48.35228106508713),7.794729848058285e-06,-4.32749263950645,48.35228106508713
2025-09-04 09:59:01.353778,537,4,POINT (-4.327499801950637 48.35228405546672),7.761634930509332e-06,-4.327499801950637,48.35228405546672
2025-09-04 09:59:02.353778,538,4,POINT (-4.32750690080157 48.35228700200929),7.686078174151115e-06,-4.32750690080157,48.35228700200929
2025-09-04 09:59:03.353778,539,4,POINT (-4.3275140171218425 48.35228991343688),7.688850682104687e-06,-4.3275140171218425,48.35228991343688
2025-09-04 09:59:04.353778,540,4,POINT (-4.327521148534059 48.352292787040646),7.688604478126677e-06,-4.327521148534059,48.352292787040646
2025-09-04 09:59:05.353778,541,4,POINT (-4.327528227530534 48.35229561910676),7.624486184708897e-06,-4.327528227530534,48.35229561910676
2025-09-04 09:59:06.353778,542,4,POINT (-4.327535194177922 48.352298076176446),7.387243549352004e-06,-4.327535194177922,48.352298076176446
2025-09-04 09:59:07.353778,543,4,POINT (-4.327542143029837 48.352300160482685),7.254714014782692e-06,-4.327542143029837,48.352300160482685
2025-09-04 09:59:08.353778,544,4,POINT (-4.327549081767788 48.35230187804802),7.14815465899908e-06,-4.327549081767788,48.35230187804802
2025-09-04 09:59:09.353778,545,4,POINT (-4.327556006335637 48.35230356871529),7.127972764431721e-06,-4.327556006335637,48.35230356871529
2025-09-04 09:59:10.353778,546,4,POINT (-4.327562959574825 48.35230523322128),7.149693377123629e-06,-4.327562959574825,48.35230523322128
2025-09-04 09:59:11.353778,547,4,POINT (-4.327569947140339 48.35230687208514),7.17718235459439e-06,-4.327569947140339,48.35230687208514
2025-09-04 09:59:12.353778,548,4,POINT (-4.327576942374682 48.35230848313887),7.1783561936428755e-06,-4.327576942374682,48.35230848313887
2025-09-04 09:59:13.353778,549,4,POINT (-4.327583862463174 48.35230973518988),7.032443136438837e-06,-4.327583862463174,48.35230973518988
2025-09-04 09:59:14.353778,550,4,POINT (-4.327590708979851 48.352310627443124),6.904412100651935e-06,-4.327590708979851,48.352310627443124
2025-09-04 09:59:15.353778,551,4,POINT (-4.32759748979692 48.35231116280385),6.801918202905348e-06,-4.32759748979692,48.35231116280385
2025-09-04 09:59:16.353778,552,4,POINT (-4.3276042360222995 48.352311348844346),6.7487901088252614e-06,-4.3276042360222995,48.352311348844346
2025-09-04 09:59:17.353778,553,4,POINT (-4.327610945186004 48.35231120011945),6.710811926222158e-06,-4.327610945186004,48.35231120011945
2025-09-04 09:59:18.353778,554,4,POINT (-4.327617598708064 48.352310714228025),6.671240235154296e-06,-4.327617598708064,48.352310714228025
2025-09-04 09:59:19.353778,555,4,POINT (-4.327624253997865 48.35230989333448),6.705725057827513e-06,-4.327624253997865,48.35230989333448
2025-09-04 09:59:20.353778,556,4,POINT (-4.327630921988163 48.352308747408124),6.765740301870687e-06,-4.327630921988163,48.352308747408124
2025-09-04 09:59:21.353778,557,4,POINT (-4.327637596200631 48.35230727866961),6.833908462967041e-06,-4.327637596200631,48.35230727866961
2025-09-04 09:59:22.353778,558,4,POINT (-4.327644205495794 48.352305492004305),6.846528716894642e-06,-4.327644205495794,48.352305492004305
2025-09-04 09:59:23.353778,559,4,POINT (-4.327650818243007 48.35230339768821),6.936467804782673e-06,-4.327650818243007,48.35230339768821
2025-09-04 09:59:24.353778,560,4,POINT (-4.32765736851108 48.352300988431324),6.979292985027807e-06,-4.32765736851108,48.352300988431324
2025-09-04 09:59:25.353778,561,4,POINT (-4.32766387785225 48.35229861389674),6.928920330527255e-06,-4.32766387785225,48.35229861389674
2025-09-04 09:59:26.353778,562,4,POINT (-4.3276703290835625 48.352296266583465),6.865002918489032e-06,-4.3276703290835625,48.352296266583465
2025-09-04 09:59:27.353778,563,4,POINT (-4.327676768562771 48.35229394948896),6.843670026015393e-06,-4.327676768562771,48.35229394948896
2025-09-04 09:59:28.353778,564,4,POINT (-4.327683190993203 48.35229165334755),6.82054822056928e-06,-4.327683190993203,48.35229165334755
2025-09-04 09:59:29.353778,565,4,POINT (-4.3276895967150635 48.35228938672333),6.794914121332479e-06,-4.3276895967150635,48.35228938672333
2025-09-04 09:59:30.353778,566,4,POINT (-4.327696002324564 48.352287143232715),6.787126284675341e-06,-4.327696002324564,48.352287143232715
2025-09-04 09:59:31.353778,567,4,POINT (-4.327702456943199 48.352284924283865),6.82538172748374e-06,-4.327702456943199,48.352284924283865
2025-09-04 09:59:32.353778,568,4,POINT (-4.327708912731313 48.352282734731176),6.816989155546949e-06,-4.327708912731313,48.352282734731176
2025-09-04 09:59:33.353778,569,4,POINT (-4.327715383330682 48.35228056606319),6.824351765338361e-06,-4.327715383330682,48.35228056606319
2025-09-04 09:59:34.353778,570,4,POINT (-4.327721869749203 48.3522784146358),6.833905549599298e-06,-4.327721869749203,48.3522784146358
2025-09-04 09:59:35.353778,571,4,POINT (-4.3277283286527055 48.35227629246637),6.798605558018475e-06,-4.3277283286527055,48.35227629246637
2025-09-04 09:59:36.353778,572,4,POINT (-4.327734803498138 48.352274190094576),6.8076126898883025e-06,-4.327734803498138,48.352274190094576
2025-09-04 09:59:37.353778,573,4,POINT (-4.327741299802664 48.35227211037903),6.821084168808495e-06,-4.327741299802664,48.35227211037903
2025-09-04 09:59:38.353778,574,4,POINT (-4.327747779809253 48.352270051620366),6.799189116790764e-06,-4.327747779809253,48.352270051620366
2025-09-04 09:59:39.353778,575,4,POINT (-4.327754195596655 48.35226802032828),6.729671278375456e-06,-4.327754195596655,48.35226802032828
2025-09-04 09:59:40.353778,576,4,POINT (-4.3277605907643695 48.35226601297724),6.702807494275301e-06,-4.3277605907643695,48.35226601297724
2025-09-04 09:59:41.353778,577,4,POINT (-4.327766954289739 48.352264036540696),6.663389268330007e-06,-4.327766954289739,48.352264036540696
2025-09-04 09:59:42.353778,578,4,POINT (-4.327773303698759 48.35226208298554),6.643144786083437e-06,-4.327773303698759,48.35226208298554
2025-09-04 09:59:43.353778,579,4,POINT (-4.327779592984549 48.35225981303272),6.686389277209041e-06,-4.327779592984549,48.35225981303272
2025-09-04 09:59:44.353778,580,4,POINT (-4.327785819903209 48.35225723901673),6.7379577245166715e-06,-4.327785819903209,48.35225723901673
2025-09-04 09:59:45.353778,581,4,POINT (-4.3277920037446735 48.35225435418472),6.823646456923543e-06,-4.3277920037446735,48.35225435418472
2025-09-04 09:59:46.353778,582,4,POINT (-4.327798129798026 48.35225116371013),6.907073027907661e-06,-4.327798129798026,48.35225116371013
2025-09-04 09:59:47.353778,583,4,POINT (-4.3278041960448315 48.352247677845604),6.996470666700287e-06,-4.3278041960448315,48.352247677845604
2025-09-04 09:59:48.353778,584,4,POINT (-4.327810134530313 48.35224390707796),7.034507688099598e-06,-4.327810134530313,48.35224390707796
2025-09-04 09:59:49.353778,585,4,POINT (-4.327816008903143 48.35223984099883),7.144316320877151e-06,-4.327816008903143,48.35223984099883
2025-09-04 09:59:50.353778,586,4,POINT (-4.327821780789418 48.35223549076685),7.227668324511062e-06,-4.327821780789418,48.35223549076685
2025-09-04 09:59:51.353778,587,4,POINT (-4.327827442421457 48.35223086933256),7.30833307033285e-06,-4.327827442421457,48.35223086933256
2025-09-04 09:59:52.353778,588,4,POINT (-4.3278330184095655 48.35222596867693),7.423480918330236e-06,-4.3278330184095655,48.35222596867693
2025-09-04 09:59:53.353778,589,4,POINT (-4.327838468949241 48.35222080177253),7.510345121673899e-06,-4.327838468949241,48.35222080177253
2025-09-04 09:59:54.353778,590,4,POINT (-4.327843773193338 48.35221537130557),7.591111702653215e-06,-4.327843773193338,48.35221537130557
2025-09-04 09:59:55.353778,591,4,POINT (-4.327848955087522 48.35220968013639),7.69684571452439e-06,-4.327848955087522,48.35220968013639
2025-09-04 09:59:56.353778,592,4,POINT (-4.32785414557467 48.35220406095292),7.64959996897592e-06,-4.32785414557467,48.35220406095292
2025-09-04 09:59:57.353778,593,4,POINT (-4.327859275325901 48.35219851455843),7.554921543839127e-06,-4.327859275325901,48.35219851455843
2025-09-04 09:59:58.353778,594,4,POINT (-4.327864421916181 48.35219302520565),7.524651849677394e-06,-4.327864421916181,48.35219302520565
2025-09-04 09:59:59.353778,595,4,POINT (-4.327869546807154 48.352187606570986),7.458291299753508e-06,-4.327869546807154,48.352187606570986
2025-09-04 10:00:00.353778,596,4,POINT (-4.327874631369183 48.352182260195335),7.3781097603598395e-06,-4.327874631369183,48.352182260195335
2025-09-04 10:00:01.353778,597,4,POINT (-4.327879692644614 48.35217698872561),7.3078657653796505e-06,-4.327879692644614,48.35217698872561
2025-09-04 10:00:02.353778,598,4,POINT (-4.327884692780181 48.352171782065476),7.218771740411033e-06,-4.327884692780181,48.352171782065476
2025-09-04 10:00:03.353778,599,4,POINT (-4.327889711046341 48.352166632000674),7.190699737128426e-06,-4.327889711046341,48.352166632000674
2025-09-04 10:00:04.353778,600,4,POINT (-4.327894683317017 48.35216154092254),7.116358076410394e-06,-4.327894683317017,48.35216154092254
2025-09-04 10:00:05.353778,601,4,POINT (-4.327899591145222 48.3521565237516),7.018460078929373e-06,-4.327899591145222,48.3521565237516
2025-09-04 10:00:06.353778,602,4,POINT (-4.327904542726223 48.352151551928024),7.016921269939789e-06,-4.327904542726223,48.352151551928024
2025-09-04 10:00:07.353778,603,4,POINT (-4.327909482928395 48.35214663096959),6.9729068103745585e-06,-4.327909482928395,48.35214663096959
2025-09-04 10:00:08.353778,604,4,POINT (-4.327914385404304 48.35214177213722),6.902356266488786e-06,-4.327914385404304,48.35214177213722
2025-09-04 10:00:09.353778,605,4,POINT (-4.327919272080065 48.352136964218914),6.8553394122154094e-06,-4.327919272080065,48.352136964218914
2025-09-04 10:00:10.353778,606,4,POINT (-4.327924133973125 48.35213222569948),6.789077299726013e-06,-4.327924133973125,48.35213222569948
2025-09-04 10:00:11.353778,607,4,POINT (-4.32792896413466 48.35212754544726),6.725713439757982e-06,-4.32792896413466,48.35212754544726
2025-09-04 10:00:12.353778,608,4,POINT (-4.3279338251727335 48.35212291351062),6.7145013360879496e-06,-4.3279338251727335,48.35212291351062
2025-09-04 10:00:13.353778,609,4,POINT (-4.327938681430901 48.35211832945118),6.678086876625702e-06,-4.327938681430901,48.35211832945118
2025-09-04 10:00:14.353778,610,4,POINT (-4.3279435560567885 48.35211378583485),6.663814739242537e-06,-4.3279435560567885,48.35211378583485
2025-09-04 10:00:15.353778,611,4,POINT (-4.327948446568141 48.35210929008171),6.642958500162459e-06,-4.327948446568141,48.35210929008171
2025-09-04 10:00:16.353778,612,4,POINT (-4.327953463159116 48.3521051704627),6.491336208896451e-06,-4.327953463159116,48.3521051704627
2025-09-04 10:00:17.353778,613,4,POINT (-4.327958656439789 48.352101410021355),6.411792515214339e-06,-4.327958656439789,48.352101410021355
2025-09-04 10:00:18.353778,614,4,POINT (-4.327963986239841 48.352098015051375),6.319223825578117e-06,-4.327963986239841,48.352098015051375
2025-09-04 10:00:19.353778,615,4,POINT (-4.327969450441231 48.352094974208796),6.253336742792679e-06,-4.327969450441231,48.352094974208796
2025-09-04 10:00:20.353778,616,4,POINT (-4.327975110612889 48.35209227208993),6.272080160728684e-06,-4.327975110612889,48.35209227208993
2025-09-04 10:00:21.353778,617,4,POINT (-4.327980980603808 48.3520899083228),6.328047758797587e-06,-4.327980980603808,48.3520899083228
2025-09-04 10:00:22.353778,618,4,POINT (-4.327987037866044 48.3520878718967),6.3904191621025804e-06,-4.327987037866044,48.3520878718967
2025-09-04 10:00:23.353778,619,4,POINT (-4.327993237858242 48.35208616242044),6.431346074606559e-06,-4.327993237858242,48.35208616242044
2025-09-04 10:00:24.353778,620,4,POINT (-4.327999682689111 48.352084754036),6.5969228937510745e-06,-4.327999682689111,48.352084754036
2025-09-04 10:00:25.353778,621,4,POINT (-4.328006311158341 48.35208366047352),6.718071392819286e-06,-4.328006311158341,48.35208366047352
2025-09-04 10:00:26.353778,622,4,POINT (-4.3280131583939205 48.35208286853938),6.892880005075495e-06,-4.3280131583939205,48.35208286853938
2025-09-04 10:00:27.353778,623,4,POINT (-4.328020220640247 48.3520823679699),7.079964193169439e-06,-4.328020220640247,48.3520823679699
2025-09-04 10:00:28.353778,624,4,POINT (-4.328027438684677 48.35208217476619),7.2206296860580966e-06,-4.328027438684677,48.35208217476619
2025-09-04 10:00:29.353778,625,4,POINT (-4.328034828136462 48.35208228355614),7.390252563048695e-06,-4.328034828136462,48.35208228355614
2025-09-04 10:00:30.353778,626,4,POINT (-4.328042365147306 48.35208269768772),7.5483797880014005e-06,-4.328042365147306,48.35208269768772
2025-09-04 10:00:31.353778,627,4,POINT (-4.328050047032171 48.35208341128619),7.714958059087484e-06,-4.328050047032171,48.35208341128619
2025-09-04 10:00:32.353778,628,4,POINT (-4.328057876162196 48.35208441583037),7.893312736929627e-06,-4.328057876162196,48.35208441583037
2025-09-04 10:00:33.353778,629,4,POINT (-4.328065814786596 48.35208572258231),8.04545573551916e-06,-4.328065814786596,48.35208572258231
2025-09-04 10:00:34.353778,630,4,POINT (-4.328073904620043 48.35208732173686),8.246374989846475e-06,-4.328073904620043,48.35208732173686
2025-09-04 10:00:35.353778,631,4,POINT (-4.328082117774639 48.3520892105383),8.427542898939297e-06,-4.328082117774639,48.3520892105383
2025-09-04 10:00:36.353778,632,4,POINT (-4.328090444579373 48.35209138324634),8.605599182271348e-06,-4.328090444579373,48.35209138324634
2025-09-04 10:00:37.353778,633,4,POINT (-4.32809890825325 48.35209383033753),8.810336588261591e-06,-4.32809890825325,48.35209383033753
2025-09-04 10:00:38.353778,634,4,POINT (-4.328107454930149 48.35209656139297),8.972421625126593e-06,-4.328107454930149,48.35209656139297
2025-09-04 10:00:39.353778,635,4,POINT (-4.328115954506814 48.35209923554676),8.91032558280075e-06,-4.328115954506814,48.35209923554676
2025-09-04 10:00:40.353778,636,4,POINT (-4.328124362548715 48.35210187499929),8.812597703128224e-06,-4.328124362548715,48.35210187499929
2025-09-04 10:00:41.353778,637,4,POINT (-4.328132693378333 48.35210447738766),8.727837495233465e-06,-4.328132693378333,48.35210447738766
2025-09-04 10:00:42.353778,638,4,POINT (-4.328140963122735 48.35210703720267),8.65686579291457e-06,-4.328140963122735,48.35210703720267
2025-09-04 10:00:43.353778,639,4,POINT (-4.328149211176469 48.35210954660453),8.621339112682905e-06,-4.328149211176469,48.35210954660453
2025-09-04 10:00:44.353778,640,4,POINT (-4.328157424520924 48.352112005644614),8.573558495064324e-06,-4.328157424520924,48.352112005644614
2025-09-04 10:00:45.353778,641,4,POINT (-4.328165614443838 48.35211442371677),8.539432668132105e-06,-4.328165614443838,48.35211442371677
2025-09-04 10:00:46.353778,642,4,POINT (-4.328173744680772 48.35211679734891),8.469644747079515e-06,-4.328173744680772,48.35211679734891
2025-09-04 10:00:47.353778,643,4,POINT (-4.328181858665538 48.35211912376874),8.440910968710089e-06,-4.328181858665538,48.35211912376874
2025-09-04 10:00:48.353778,644,4,POINT (-4.328189964538374 48.352121404457904),8.420612656344587e-06,-4.328189964538374,48.352121404457904
2025-09-04 10:00:49.353778,645,4,POINT (-4.328198079974294 48.35212363926423),8.41752098228902e-06,-4.328198079974294,48.35212363926423
2025-09-04 10:00:50.353778,646,4,POINT (-4.328206164387907 48.35212583837015),8.378174640612813e-06,-4.328206164387907,48.35212583837015
2025-09-04 10:00:51.353778,647,4,POINT (-4.328214221958007 48.35212799524791),8.341256356193569e-06,-4.328214221958007,48.35212799524791
2025-09-04 10:00:52.353778,648,4,POINT (-4.328222270650206 48.35213011712047),8.323688440411329e-06,-4.328222270650206,48.35213011712047
2025-09-04 10:00:53.353778,649,4,POINT (-4.328230287875073 48.352132196494736),8.282493098159451e-06,-4.328230287875073,48.352132196494736
2025-09-04 10:00:54.353778,650,4,POINT (-4.3282382522705 48.352134249873814),8.22483800223078e-06,-4.3282382522705,48.352134249873814
2025-09-04 10:00:55.353778,651,4,POINT (-4.328246186911156 48.35213626101948),8.185550026171461e-06,-4.328246186911156,48.35213626101948
2025-09-04 10:00:56.353778,652,4,POINT (-4.328254033856449 48.35213824364255),8.093537215409915e-06,-4.328254033856449,48.35213824364255
2025-09-04 10:00:57.353778,653,4,POINT (-4.328261846474782 48.352140197218326),8.053164815052045e-06,-4.328261846474782,48.352140197218326
2025-09-04 10:00:58.353778,654,4,POINT (-4.328269602684834 48.352142124435794),7.9920561522553e-06,-4.328269602684834,48.352142124435794
2025-09-04 10:00:59.353778,655,4,POINT (-4.328277312479466 48.35214401831471),7.938999346258138e-06,-4.328277312479466,48.35214401831471
2025-09-04 10:01:00.353778,656,4,POINT (-4.3282849992034835 48.352145884046685),7.909910360922524e-06,-4.3282849992034835,48.352145884046685
2025-09-04 10:01:01.353778,657,4,POINT (-4.328292628837252 48.35214772892436),7.849514957406377e-06,-4.328292628837252,48.35214772892436
2025-09-04 10:01:02.353778,658,4,POINT (-4.328300225497205 48.35214953434218),7.808250506312329e-06,-4.328300225497205,48.35214953434218
2025-09-04 10:01:03.353778,659,4,POINT (-4.328307782332022 48.35215131320082),7.763381383305464e-06,-4.328307782332022,48.35215131320082
2025-09-04 10:01:04.353778,660,4,POINT (-4.3283152876796755 48.35215306239999),7.70648695204867e-06,-4.3283152876796755,48.35215306239999
2025-09-04 10:01:05.353778,661,4,POINT (-4.328322783763132 48.35215477951111),7.690236522645654e-06,-4.328322783763132,48.35215477951111
2025-09-04 10:01:06.353778,662,4,POINT (-4.3283302680047235 48.35215646634665),7.67198060082719e-06,-4.3283302680047235,48.35215646634665
2025-09-04 10:01:07.353778,663,4,POINT (-4.328337742935898 48.35215812273781),7.656254159032791e-06,-4.328337742935898,48.35215812273781
2025-09-04 10:01:08.353778,664,4,POINT (-4.328345248175619 48.35215974281027),7.67810250321335e-06,-4.328345248175619,48.35215974281027
2025-09-04 10:01:09.353778,665,4,POINT (-4.328352749110873 48.35216133836771),7.668756953067935e-06,-4.328352749110873,48.35216133836771
2025-09-04 10:01:10.353778,666,4,POINT (-4.328360237559856 48.35216290835157),7.65125594381384e-06,-4.328360237559856,48.35216290835157
2025-09-04 10:01:11.353778,667,4,POINT (-4.328367709819203 48.35216445589791),7.63082953642588e-06,-4.328367709819203,48.35216445589791
2025-09-04 10:01:12.353778,668,4,POINT (-4.32837516506223 48.352165980167364),7.6094708064320155e-06,-4.32837516506223,48.352165980167364
2025-09-04 10:01:13.353778,669,4,POINT (-4.328382615885262 48.35216747578871),7.59945044556864e-06,-4.328382615885262,48.35216747578871
2025-09-04 10:01:14.353778,670,4,POINT (-4.328390049789148 48.352168945242205),7.577745083317178e-06,-4.328390049789148,48.352168945242205
2025-09-04 10:01:15.353778,671,4,POINT (-4.328397500830949 48.352170388512256),7.589535714744715e-06,-4.328397500830949,48.352170388512256
2025-09-04 10:01:16.353778,672,4,POINT (-4.328404971546946 48.352171807733605),7.60432684350012e-06,-4.328404971546946,48.352171807733605
2025-09-04 10:01:17.353778,673,4,POINT (-4.328412383135971 48.35217320073031),7.54135874409643e-06,-4.328412383135971,48.35217320073031
2025-09-04 10:01:18.353778,674,4,POINT (-4.328419802294271 48.35217456786722),7.544068744016941e-06,-4.328419802294271,48.35217456786722
2025-09-04 10:01:19.353778,675,4,POINT (-4.328427255481521 48.35217590990859),7.5730492671909046e-06,-4.328427255481521,48.35217590990859
2025-09-04 10:01:20.353778,676,4,POINT (-4.328434705418752 48.352177226377485),7.565358888370104e-06,-4.328434705418752,48.352177226377485
2025-09-04 10:01:21.353778,677,4,POINT (-4.328442154471892 48.35217851872854),7.5603282954452176e-06,-4.328442154471892,48.35217851872854
2025-09-04 10:01:22.353778,678,4,POINT (-4.3284496305498745 48.35217979636238),7.5844637395535545e-06,-4.3284496305498745,48.35217979636238
2025-09-04 10:01:23.353778,679,4,POINT (-4.328457086213067 48.352181052464196),7.560734449706807e-06,-4.328457086213067,48.352181052464196
2025-09-04 10:01:24.353778,680,4,POINT (-4.328464549276622 48.35218229090191),7.565120328638154e-06,-4.328464549276622,48.35218229090191
2025-09-04 10:01:25.353778,681,4,POINT (-4.328471999187571 48.35218351034725),7.549054252277365e-06,-4.328471999187571,48.35218351034725
2025-09-04 10:01:26.353778,682,4,POINT (-4.328479440097051 48.3521847175123),7.538194832976527e-06,-4.328479440097051,48.3521847175123
2025-09-04 10:01:27.353778,683,4,POINT (-4.328486874992893 48.35218590937515),7.529821593934138e-06,-4.328486874992893,48.35218590937515
2025-09-04 10:01:28.353778,684,4,POINT (-4.328494370404054 48.35218707749274),7.585887368374147e-06,-4.328494370404054,48.35218707749274
2025-09-04 10:01:29.353778,685,4,POINT (-4.328501865240512 48.352188222596574),7.581809568481449e-06,-4.328501865240512,48.352188222596574
2025-09-04 10:01:30.353778,686,4,POINT (-4.328509384556722 48.35218934618855),7.6028004837346076e-06,-4.328509384556722,48.35218934618855
2025-09-04 10:01:31.353778,687,4,POINT (-4.328516874801107 48.35219045073965),7.571247853988941e-06,-4.328516874801107,48.35219045073965
2025-09-04 10:01:32.353778,688,4,POINT (-4.328524390187309 48.35219153448765),7.59312448888569e-06,-4.328524390187309,48.35219153448765
2025-09-04 10:01:33.353778,689,4,POINT (-4.328531936303877 48.35219260150651),7.621181306102672e-06,-4.328531936303877,48.35219260150651
2025-09-04 10:01:34.353778,690,4,POINT (-4.3285394829048265 48.3521936520075),7.619365998755321e-06,-4.3285394829048265,48.3521936520075
2025-09-04 10:01:35.353778,691,4,POINT (-4.328547013894603 48.35219467622045),7.600317044811013e-06,-4.328547013894603,48.35219467622045
2025-09-04 10:01:36.353778,692,4,POINT (-4.3285545455888865 48.35219568939261),7.599535288605547e-06,-4.3285545455888865,48.35219568939261
2025-09-04 10:01:37.353778,693,4,POINT (-4.328562113899371 48.35219668379602),7.633358483321256e-06,-4.328562113899371,48.35219668379602
2025-09-04 10:01:38.353778,694,4,POINT (-4.328569675578601 48.35219765681486),7.624025081030744e-06,-4.328569675578601,48.35219765681486
2025-09-04 10:01:39.353778,695,4,POINT (-4.328577199978614 48.3521986191284),7.585686713422532e-06,-4.328577199978614,48.3521986191284
2025-09-04 10:01:40.353778,696,4,POINT (-4.328584741237326 48.35219956985287),7.600951254585129e-06,-4.328584741237326,48.35219956985287
2025-09-04 10:01:41.353778,697,4,POINT (-4.3285922583249805 48.35220050481714),7.575009240372916e-06,-4.3285922583249805,48.35220050481714
2025-09-04 10:01:42.353778,698,4,POINT (-4.328599785308168 48.3522014265261),7.583206664512642e-06,-4.328599785308168,48.3522014265261
2025-09-04 10:01:43.353778,699,4,POINT (-4.328607342913756 48.3522023294506),7.611351710838527e-06,-4.328607342913756,48.3522023294506
2025-09-04 10:01:44.353778,700,4,POINT (-4.328614981064241 48.35220321070512),7.688819959547019e-06,-4.328614981064241,48.35220321070512
2025-09-04 10:01:45.353778,701,4,POINT (-4.328622623176117 48.35220407517925),7.690851022187793e-06,-4.328622623176117,48.35220407517925
2025-09-04 10:01:46.353778,702,4,POINT (-4.328630233590087 48.35220492842647),7.658095821207172e-06,-4.328630233590087,48.35220492842647
2025-09-04 10:01:47.353778,703,4,POINT (-4.32863784775857 48.352205770362104),7.66057551989901e-06,-4.32863784775857,48.352205770362104
2025-09-04 10:01:48.353778,704,4,POINT (-4.328645439944557 48.35220659805504),7.637169872733808e-06,-4.328645439944557,48.35220659805504
2025-09-04 10:01:49.353778,705,4,POINT (-4.3286530000199654 48.35220741397379),7.603976826638675e-06,-4.3286530000199654,48.35220741397379
2025-09-04 10:01:50.353778,706,4,POINT (-4.328660512354114 48.352208222353845),7.5557026594050435e-06,-4.328660512354114,48.352208222353845
2025-09-04 10:01:51.353778,707,4,POINT (-4.328668015284694 48.35220902209035),7.545432112485951e-06,-4.328668015284694,48.35220902209035
2025-09-04 10:01:52.353778,708,4,POINT (-4.328675500835028 48.352209808891274),7.526786797961961e-06,-4.328675500835028,48.352209808891274
2025-09-04 10:01:53.353778,709,4,POINT (-4.328682947978246 48.35221058168775),7.487132728695383e-06,-4.328682947978246,48.35221058168775
2025-09-04 10:01:54.353778,710,4,POINT (-4.3286903794948035 48.352211344140265),7.470526901453733e-06,-4.3286903794948035,48.352211344140265
2025-09-04 10:01:55.353778,711,4,POINT (-4.328697817617162 48.35221208971384),7.475395921194844e-06,-4.328697817617162,48.35221208971384
2025-09-04 10:01:56.353778,712,4,POINT (-4.328705237281795 48.35221282647134),7.456154161355382e-06,-4.328705237281795,48.35221282647134
2025-09-04 10:01:57.353778,713,4,POINT (-4.328712672629662 48.35221355789905),7.4712371391626005e-06,-4.328712672629662,48.35221355789905
2025-09-04 10:01:58.353778,714,4,POINT (-4.328720059952132 48.352213944096974),7.3974105007059885e-06,-4.328720059952132,48.352213944096974
2025-09-04 10:01:59.353778,715,4,POINT (-4.328727396469256 48.35221399143042),7.336669814887108e-06,-4.328727396469256,48.35221399143042
2025-09-04 10:02:00.353778,716,4,POINT (-4.3287347383965695 48.352213697361876),7.347814163408124e-06,-4.3287347383965695,48.352213697361876
2025-09-04 10:02:01.353778,717,4,POINT (-4.328742026486101 48.3522130704803),7.315000309671485e-06,-4.328742026486101,48.3522130704803
2025-09-04 10:02:02.353778,718,4,POINT (-4.32874927775821 48.35221212141823),7.313116026083543e-06,-4.32874927775821,48.35221212141823
2025-09-04 10:02:03.353778,719,4,POINT (-4.328756485006257 48.352210849722255),7.318581492629708e-06,-4.328756485006257,48.352210849722255
2025-09-04 10:02:04.353778,720,4,POINT (-4.328763682914632 48.352209254647335),7.3725266345658985e-06,-4.328763682914632,48.352209254647335
2025-09-04 10:02:05.353778,721,4,POINT (-4.328770889307082 48.352207675271764),7.377433112902188e-06,-4.328770889307082,48.352207675271764
2025-09-04 10:02:06.353778,722,4,POINT (-4.328778088227778 48.35220577491988),7.445521906922953e-06,-4.328778088227778,48.35220577491988
2025-09-04 10:02:07.353778,723,4,POINT (-4.328785332302546 48.35220355274421),7.577247783739202e-06,-4.328785332302546,48.35220355274421
2025-09-04 10:02:08.353778,724,4,POINT (-4.328792558038213 48.35220102122031),7.65636135294716e-06,-4.328792558038213,48.35220102122031
2025-09-04 10:02:09.353778,725,4,POINT (-4.328799696949832 48.352198191134455),7.679416973358736e-06,-4.328799696949832,48.352198191134455
2025-09-04 10:02:10.353778,726,4,POINT (-4.328806825839447 48.35219505708838),7.787381584230505e-06,-4.328806825839447,48.35219505708838
2025-09-04 10:02:11.353778,727,4,POINT (-4.328813922727754 48.35219163306153),7.879707070598005e-06,-4.328813922727754,48.35219163306153
2025-09-04 10:02:12.353778,728,4,POINT (-4.328820982990655 48.35218791235535),7.980662048476396e-06,-4.328820982990655,48.35218791235535
2025-09-04 10:02:13.353778,729,4,POINT (-4.328828011885717 48.35218390251754),8.09222868210574e-06,-4.328828011885717,48.35218390251754
2025-09-04 10:02:14.353778,730,4,POINT (-4.328835015756973 48.35217960355366),8.217986554881092e-06,-4.328835015756973,48.35217960355366
2025-09-04 10:02:15.353778,731,4,POINT (-4.3288419503431514 48.352175024381545),8.310072364760172e-06,-4.3288419503431514,48.352175024381545
2025-09-04 10:02:16.353778,732,4,POINT (-4.328848847827987 48.35217016432195),8.43774118765028e-06,-4.328848847827987,48.35217016432195
2025-09-04 10:02:17.353778,733,4,POINT (-4.328855686702779 48.35216502814652),8.552806931613744e-06,-4.328855686702779,48.35216502814652
2025-09-04 10:02:18.353778,734,4,POINT (-4.328862424405117 48.352159616288176),8.642039317208617e-06,-4.328862424405117,48.352159616288176
2025-09-04 10:02:19.353778,735,4,POINT (-4.328869058860472 48.352153930352664),8.737611831028132e-06,-4.328869058860472,48.352153930352664
2025-09-04 10:02:20.353778,736,4,POINT (-4.328875648181701 48.35214798024792),8.87822621442777e-06,-4.328875648181701,48.35214798024792
2025-09-04 10:02:21.353778,737,4,POINT (-4.328882122250966 48.35214177185701),8.969821096313652e-06,-4.328882122250966,48.35214177185701
2025-09-04 10:02:22.353778,738,4,POINT (-4.328888545715499 48.35213563626499),8.882926662167446e-06,-4.328888545715499,48.35213563626499
2025-09-04 10:02:23.353778,739,4,POINT (-4.328894923395565 48.352129573817514),8.799322270934272e-06,-4.328894923395565,48.352129573817514
2025-09-04 10:02:24.353778,740,4,POINT (-4.328901199430681 48.35212358478757),8.675084808930548e-06,-4.328901199430681,48.35212358478757
2025-09-04 10:02:25.353778,741,4,POINT (-4.328907408738081 48.35211766688142),8.577710160418165e-06,-4.328907408738081,48.35211766688142
2025-09-04 10:02:26.353778,742,4,POINT (-4.328913556133945 48.35211181933589),8.48435410881932e-06,-4.328913556133945,48.35211181933589
2025-09-04 10:02:27.353778,743,4,POINT (-4.328919694043953 48.352106032426086),8.435772894699121e-06,-4.328919694043953,48.352106032426086
2025-09-04 10:02:28.353778,744,4,POINT (-4.328925779451611 48.35210031582039),8.349357285424896e-06,-4.328925779451611,48.35210031582039
2025-09-04 10:02:29.353778,745,4,POINT (-4.328931867809185 48.35209466302644),8.307958674628358e-06,-4.328931867809185,48.35209466302644
2025-09-04 10:02:30.353778,746,4,POINT (-4.328937936590102 48.35208908065204),8.245787151638492e-06,-4.328937936590102,48.35208908065204
2025-09-04 10:02:31.353778,747,4,POINT (-4.328944005443725 48.35208355787362),8.205611848586836e-06,-4.328944005443725,48.35208355787362
2025-09-04 10:02:32.353778,748,4,POINT (-4.328950022403293 48.352078104109296),8.120797235525797e-06,-4.328950022403293,48.352078104109296
2025-09-04 10:02:33.353778,749,4,POINT (-4.328956032673519 48.352072712379204),8.074286443130267e-06,-4.328956032673519,48.352072712379204
2025-09-04 10:02:34.353778,750,4,POINT (-4.3289620514331375 48.35206737609262),8.043719404357406e-06,-4.3289620514331375,48.35206737609262
2025-09-04 10:02:35.353778,751,4,POINT (-4.328968035619964 48.35206209542593),7.980973165959433e-06,-4.328968035619964,48.35206209542593
2025-09-04 10:02:36.353778,752,4,POINT (-4.328973996618016 48.352056873833725),7.924551906972164e-06,-4.328973996618016,48.352056873833725
2025-09-04 10:02:37.353778,753,4,POINT (-4.328979889376723 48.3520517145253),7.832181597248627e-06,-4.328979889376723,48.3520517145253
2025-09-04 10:02:38.353778,754,4,POINT (-4.328985816534018 48.352046606575605),7.824470825794005e-06,-4.328985816534018,48.352046606575605
2025-09-04 10:02:39.353778,755,4,POINT (-4.328991688848359 48.35204155859973),7.74378048273697e-06,-4.328991688848359,48.35204155859973
2025-09-04 10:02:40.353778,756,4,POINT (-4.3289975337985185 48.35203655941476),7.691247798299403e-06,-4.3289975337985185,48.35203655941476
2025-09-04 10:02:41.353778,757,4,POINT (-4.329003523385962 48.35203193089593),7.569566983029217e-06,-4.329003523385962,48.35203193089593
2025-09-04 10:02:42.353778,758,4,POINT (-4.329009631424339 48.35202767419025),7.444976564747447e-06,-4.329009631424339,48.35202767419025
2025-09-04 10:02:43.353778,759,4,POINT (-4.329015857348579 48.35202378150759),7.342690989103741e-06,-4.329015857348579,48.35202378150759
2025-09-04 10:02:44.353778,760,4,POINT (-4.329022232919611 48.352020236533264),7.294843998322855e-06,-4.329022232919611,48.352020236533264
2025-09-04 10:02:45.353778,761,4,POINT (-4.329028735489526 48.352017047538304),7.24245154333407e-06,-4.329028735489526,48.352017047538304
2025-09-04 10:02:46.353778,762,4,POINT (-4.3290353742087255 48.35201420011662),7.2236004076424805e-06,-4.3290353742087255,48.35201420011662
2025-09-04 10:02:47.353778,763,4,POINT (-4.329042134863678 48.35201170455203),7.206545498880353e-06,-4.329042134863678,48.35201170455203
2025-09-04 10:02:48.353778,764,4,POINT (-4.329049094689182 48.352009531637336),7.291140466678336e-06,-4.329049094689182,48.352009531637336
2025-09-04 10:02:49.353778,765,4,POINT (-4.329056234619474 48.35200768876742),7.373925283387949e-06,-4.329056234619474,48.35200768876742
2025-09-04 10:02:50.353778,766,4,POINT (-4.329063513435915 48.35200617827461),7.433892474924712e-06,-4.329063513435915,48.35200617827461
2025-09-04 10:02:51.353778,767,4,POINT (-4.329070976798566 48.35200498678036),7.557872757102721e-06,-4.329070976798566,48.35200498678036
2025-09-04 10:02:52.353778,768,4,POINT (-4.329078642266799 48.35200410099425),7.716477191926031e-06,-4.329078642266799,48.35200410099425
2025-09-04 10:02:53.353778,769,4,POINT (-4.329086491053106 48.352003519137874),7.870324220603082e-06,-4.329086491053106,48.352003519137874
2025-09-04 10:02:54.353778,770,4,POINT (-4.329094486911138 48.35200323946648),8.000747574647787e-06,-4.329094486911138,48.35200323946648
2025-09-04 10:02:55.353778,771,4,POINT (-4.329102643256396 48.352003262142865),8.156376781298118e-06,-4.329102643256396,48.352003262142865
2025-09-04 10:02:56.353778,772,4,POINT (-4.329110981695673 48.35200358160279),8.344556561913273e-06,-4.329110981695673,48.35200358160279
2025-09-04 10:02:57.353778,773,4,POINT (-4.3291194606253525 48.35200419862014),8.501350417655715e-06,-4.3291194606253525,48.35200419862014
2025-09-04 10:02:58.353778,774,4,POINT (-4.3291280112032045 48.35200512874762),8.601018470321096e-06,-4.3291280112032045,48.35200512874762
2025-09-04 10:02:59.353778,775,4,POINT (-4.329136698827886 48.3520063543045),8.773643044762496e-06,-4.329136698827886,48.3520063543045
2025-09-04 10:03:00.353778,776,4,POINT (-4.3291454897998936 48.35200787009076),8.920694861694685e-06,-4.3291454897998936,48.35200787009076
2025-09-04 10:03:01.353778,777,4,POINT (-4.329154344339862 48.352009684228825),9.038471938501071e-06,-4.329154344339862,48.352009684228825
2025-09-04 10:03:02.353778,778,4,POINT (-4.329163241237042 48.352011801669356),9.145399599207701e-06,-4.329163241237042,48.352011801669356
2025-09-04 10:03:03.353778,779,4,POINT (-4.329172174396916 48.35201421656168),9.253812741812628e-06,-4.329172174396916,48.35201421656168
2025-09-04 10:03:04.353778,780,4,POINT (-4.3291811049466755 48.35201658626514),9.239600288284821e-06,-4.3291811049466755,48.35201658626514
2025-09-04 10:03:05.353778,781,4,POINT (-4.329189991564466 48.352018916997054),9.187180580297835e-06,-4.329189991564466,48.352018916997054
2025-09-04 10:03:06.353778,782,4,POINT (-4.329198858876427 48.35202120938828),9.158836114182082e-06,-4.329198858876427,48.35202120938828
2025-09-04 10:03:07.353778,783,4,POINT (-4.329207698009737 48.352023461526834),9.12153527279236e-06,-4.329207698009737,48.352023461526834
2025-09-04 10:03:08.353778,784,4,POINT (-4.329216495877955 48.35202567317136),9.071596149433536e-06,-4.329216495877955,48.35202567317136
2025-09-04 10:03:09.353778,785,4,POINT (-4.329225293469338 48.35202783640977),9.059647594442244e-06,-4.329225293469338,48.35202783640977
2025-09-04 10:03:10.353778,786,4,POINT (-4.3292340564503125 48.3520299657531),9.017978630236891e-06,-4.3292340564503125,48.3520299657531
2025-09-04 10:03:11.353778,787,4,POINT (-4.329242792476381 48.3520320521757),8.981720924110332e-06,-4.329242792476381,48.3520320521757
2025-09-04 10:03:12.353778,788,4,POINT (-4.329251507867783 48.352034103205156),8.953478045137352e-06,-4.329251507867783,48.352034103205156
2025-09-04 10:03:13.353778,789,4,POINT (-4.3292602136638365 48.35203611210162),8.934570495680444e-06,-4.3292602136638365,48.35203611210162
2025-09-04 10:03:14.353778,790,4,POINT (-4.329268877025883 48.35203809047592),8.886383224792826e-06,-4.329268877025883,48.35203809047592
2025-09-04 10:03:15.353778,791,4,POINT (-4.329277503424556 48.35204003190991),8.842167154195441e-06,-4.329277503424556,48.35204003190991
2025-09-04 10:03:16.353778,792,4,POINT (-4.3292861239883536 48.35204194045426),8.829306978661903e-06,-4.3292861239883536,48.35204194045426
2025-09-04 10:03:17.353778,793,4,POINT (-4.329294740894808 48.35204381762204),8.819004236595727e-06,-4.329294740894808,48.35204381762204
2025-09-04 10:03:18.353778,794,4,POINT (-4.329303342090988 48.35204566180698),8.796680841970598e-06,-4.329303342090988,48.35204566180698
2025-09-04 10:03:19.353778,795,4,POINT (-4.329311962221175 48.352047471732135),8.808091365557619e-06,-4.329311962221175,48.352047471732135
2025-09-04 10:03:20.353778,796,4,POINT (-4.329320545247139 48.35204925323822),8.765962504357645e-06,-4.329320545247139,48.35204925323822
2025-09-04 10:03:21.353778,797,4,POINT (-4.329329113198398 48.35205100763208),8.74572390236492e-06,-4.329329113198398,48.35205100763208
2025-09-04 10:03:22.353778,798,4,POINT (-4.329337726034152 48.352052722632706),8.781922732541992e-06,-4.329337726034152,48.352052722632706
2025-09-04 10:03:23.353778,799,4,POINT (-4.329346277074889 48.35205440783089),8.715514363608427e-06,-4.329346277074889,48.35205440783089
2025-09-04 10:03:24.353778,800,4,POINT (-4.329354799896475 48.35205606646212),8.682715319717868e-06,-4.329354799896475,48.35205606646212
2025-09-04 09:50:04.353778,0,5,POINT (-4.5098080121621615 48.289398171840006),9.550377497383267e-08,-4.5098080121621615,48.289398171840006
2025-09-04 09:50:05.353778,1,5,POINT (-4.509807925242153 48.289398211411246),9.550377497383267e-08,-4.509807925242153,48.289398211411246
2025-09-04 09:50:06.353778,2,5,POINT (-4.509807809421615 48.28939825487597),1.2370763519851843e-07,-4.509807809421615,48.28939825487597
2025-09-04 09:50:07.353778,3,5,POINT (-4.509807617952138 48.2893983250821),2.0393494340584076e-07,-4.509807617952138,48.2893983250821
2025-09-04 09:50:08.353778,4,5,POINT (-4.5098073901440445 48.28939841105501),2.4349100460913306e-07,-4.5098073901440445,48.28939841105501
2025-09-04 09:50:09.353778,5,5,POINT (-4.509807178293184 48.289398491413564),2.2657953171312067e-07,-4.509807178293184,48.289398491413564
2025-09-04 09:50:10.353778,6,5,POINT (-4.509806911668938 48.2893985972358),2.868568192571455e-07,-4.509806911668938,48.2893985972358
2025-09-04 09:50:11.353778,7,5,POINT (-4.509806562624911 48.28939873473258),3.751494316517724e-07,-4.509806562624911,48.28939873473258
2025-09-04 09:50:12.353778,8,5,POINT (-4.5098061762213755 48.28939888274908),4.1378324995696107e-07,-4.5098061762213755,48.28939888274908
2025-09-04 09:50:13.353778,9,5,POINT (-4.509805708083255 48.28939906759326),5.033097146617648e-07,-4.509805708083255,48.28939906759326
2025-09-04 09:50:14.353778,10,5,POINT (-4.509805215317268 48.28939926702155),5.315919129708269e-07,-4.509805215317268,48.28939926702155
2025-09-04 09:50:15.353778,11,5,POINT (-4.509804672614619 48.289399487320814),5.857114739165753e-07,-4.509804672614619,48.289399487320814
2025-09-04 09:50:16.353778,12,5,POINT (-4.509804039212426 48.289399746898326),6.845281750680729e-07,-4.509804039212426,48.289399746898326
2025-09-04 09:50:17.353778,13,5,POINT (-4.509803330359647 48.28940004031169),7.671790306635309e-07,-4.509803330359647,48.28940004031169
2025-09-04 09:50:18.353778,14,5,POINT (-4.509802608598882 48.289400343792835),7.829683305790199e-07,-4.509802608598882,48.289400343792835
2025-09-04 09:50:19.353778,15,5,POINT (-4.509801841756131 48.28940066168051),8.301207014539954e-07,-4.509801841756131,48.28940066168051
2025-09-04 09:50:20.353778,16,5,POINT (-4.50980107039214 48.289400979371756),8.34224271270554e-07,-4.50980107039214,48.289400979371756
2025-09-04 09:50:21.353778,17,5,POINT (-4.50980027181176 48.289401305345656),8.625483211813651e-07,-4.50980027181176,48.289401305345656
2025-09-04 09:50:22.353778,18,5,POINT (-4.5097994564670225 48.28940163795089),8.805755399121996e-07,-4.5097994564670225,48.28940163795089
2025-09-04 09:50:23.353778,19,5,POINT (-4.509798543795345 48.28940201135427),9.861032787986293e-07,-4.509798543795345,48.28940201135427
2025-09-04 09:50:24.353778,20,5,POINT (-4.50979762684138 48.28940238117066),9.887207571441893e-07,-4.50979762684138,48.28940238117066
2025-09-04 09:50:25.353778,21,5,POINT (-4.5097966873017 48.28940276020989),1.0131167496169307e-06,-4.5097966873017,48.28940276020989
2025-09-04 09:50:26.353778,22,5,POINT (-4.509795727529642 48.28940314363027),1.0335248369004816e-06,-4.509795727529642,48.28940314363027
2025-09-04 09:50:27.353778,23,5,POINT (-4.5097946849691715 48.28940355837087),1.1220258929308745e-06,-4.5097946849691715,48.28940355837087
2025-09-04 09:50:28.353778,24,5,POINT (-4.509793667348369 48.28940397138845),1.0982420591079392e-06,-4.509793667348369,48.28940397138845
2025-09-04 09:50:29.353778,25,5,POINT (-4.509792605195307 48.289404406840724),1.1479493921256623e-06,-4.509792605195307,48.289404406840724
2025-09-04 09:50:30.353778,26,5,POINT (-4.509791495851519 48.28940485742259),1.197358617137862e-06,-4.509791495851519,48.28940485742259
2025-09-04 09:50:31.353778,27,5,POINT (-4.509790373152032 48.289405311974015),1.2112271203966298e-06,-4.509790373152032,48.289405311974015
2025-09-04 09:50:32.353778,28,5,POINT (-4.509789190197844 48.28940579775552),1.2788136228675953e-06,-4.509789190197844,48.28940579775552
2025-09-04 09:50:33.353778,29,5,POINT (-4.509787967706146 48.28940629671825),1.3203975745886563e-06,-4.509787967706146,48.28940629671825
2025-09-04 09:50:34.353778,30,5,POINT (-4.50978671942473 48.28940680155065),1.3464999983402245e-06,-4.50978671942473,48.28940680155065
2025-09-04 09:50:35.353778,31,5,POINT (-4.509785456373766 48.2894073100777),1.3615790459122207e-06,-4.509785456373766,48.2894073100777
2025-09-04 09:50:36.353778,32,5,POINT (-4.509784189671944 48.28940782221068),1.3663139076328373e-06,-4.509784189671944,48.28940782221068
2025-09-04 09:50:37.353778,33,5,POINT (-4.509782848341544 48.28940836143772),1.4456600732241252e-06,-4.509782848341544,48.28940836143772
2025-09-04 09:50:38.353778,34,5,POINT (-4.5097814686331015 48.289408912164255),1.4855622169913235e-06,-4.5097814686331015,48.289408912164255
2025-09-04 09:50:39.353778,35,5,POINT (-4.509780024730072 48.289409494082),1.5567543867487117e-06,-4.509780024730072,48.289409494082
2025-09-04 09:50:40.353778,36,5,POINT (-4.509778587384411 48.28941007959657),1.5520276613273643e-06,-4.509778587384411,48.28941007959657
2025-09-04 09:50:41.353778,37,5,POINT (-4.50977711399661 48.2894106789781),1.590638183274265e-06,-4.50977711399661,48.2894106789781
2025-09-04 09:50:42.353778,38,5,POINT (-4.509775628765247 48.28941128499092),1.604108393252036e-06,-4.509775628765247,48.28941128499092
2025-09-04 09:50:43.353778,39,5,POINT (-4.509774072464612 48.28941192339903),1.6821523658665438e-06,-4.509774072464612,48.28941192339903
2025-09-04 09:50:44.353778,40,5,POINT (-4.509772494279726 48.289412567299664),1.7044868907366396e-06,-4.509772494279726,48.289412567299664
2025-09-04 09:50:45.353778,41,5,POINT (-4.509770888326857 48.28941322212605),1.7343247145671927e-06,-4.509770888326857,48.28941322212605
2025-09-04 09:50:46.353778,42,5,POINT (-4.509769230387115 48.2894139026679),1.7921778372984658e-06,-4.509769230387115,48.2894139026679
2025-09-04 09:50:47.353778,43,5,POINT (-4.509767541856336 48.28941459836719),1.826234839016107e-06,-4.509767541856336,48.28941459836719
2025-09-04 09:50:48.353778,44,5,POINT (-4.509765788344152 48.289415324007024),1.8977244661527157e-06,-4.509765788344152,48.289415324007024
2025-09-04 09:50:49.353778,45,5,POINT (-4.5097639976826285 48.289416066273986),1.9384088673596354e-06,-4.5097639976826285,48.289416066273986
2025-09-04 09:50:50.353778,46,5,POINT (-4.509762219937825 48.289416802382604),1.924118625345968e-06,-4.509762219937825,48.289416802382604
2025-09-04 09:50:51.353778,47,5,POINT (-4.509760400389528 48.28941756019217),1.9710482854233466e-06,-4.509760400389528,48.28941756019217
2025-09-04 09:50:52.353778,48,5,POINT (-4.509758590217518 48.28941830770315),1.9584420775955288e-06,-4.509758590217518,48.28941830770315
2025-09-04 09:50:53.353778,49,5,POINT (-4.509756750393694 48.289419066925035),1.9903189623053797e-06,-4.509756750393694,48.289419066925035
2025-09-04 09:50:54.353778,50,5,POINT (-4.509754887601282 48.28941983627689),2.0154150563708084e-06,-4.509754887601282,48.28941983627689
2025-09-04 09:50:55.353778,51,5,POINT (-4.50975302539877 48.289420615205714),2.018546087158793e-06,-4.50975302539877,48.289420615205714
2025-09-04 09:50:56.353778,52,5,POINT (-4.509751113272004 48.289421409239445),2.0704391651378332e-06,-4.509751113272004,48.289421409239445
2025-09-04 09:50:57.353778,53,5,POINT (-4.509749143301071 48.28942222858726),2.1335689170897813e-06,-4.509749143301071,48.28942222858726
2025-09-04 09:50:58.353778,54,5,POINT (-4.509747154942552 48.289423048169255),2.150647400190147e-06,-4.509747154942552,48.289423048169255
2025-09-04 09:50:59.353778,55,5,POINT (-4.5097451345982975 48.28942387853513),2.184330194195076e-06,-4.5097451345982975,48.28942387853513
2025-09-04 09:51:00.353778,56,5,POINT (-4.509743068919192 48.28942471685247),2.229306199082818e-06,-4.509743068919192,48.28942471685247
2025-09-04 09:51:01.353778,57,5,POINT (-4.509740971180342 48.28942557128367),2.265074161779775e-06,-4.509740971180342,48.28942557128367
2025-09-04 09:51:02.353778,58,5,POINT (-4.509738813806523 48.289426446603684),2.3281853274576322e-06,-4.509738813806523,48.289426446603684
2025-09-04 09:51:03.353778,59,5,POINT (-4.509736625919198 48.28942733376678),2.3609128119439366e-06,-4.509736625919198,48.28942733376678
2025-09-04 09:51:04.353778,60,5,POINT (-4.509734433397643 48.28942822269104),2.365869209173628e-06,-4.509734433397643,48.28942822269104
2025-09-04 09:51:05.353778,61,5,POINT (-4.509732219599389 48.28942911375803),2.3863996079150074e-06,-4.509732219599389,48.28942911375803
2025-09-04 09:51:06.353778,62,5,POINT (-4.5097299943668165 48.28943000241375),2.396115395699993e-06,-4.5097299943668165,48.28943000241375
2025-09-04 09:51:07.353778,63,5,POINT (-4.509727759559633 48.2894309030903),2.4094774102063524e-06,-4.509727759559633,48.2894309030903
2025-09-04 09:51:08.353778,64,5,POINT (-4.5097255474944316 48.28943179249359),2.3841708547487385e-06,-4.5097255474944316,48.28943179249359
2025-09-04 09:51:09.353778,65,5,POINT (-4.509723325686635 48.28943268187208),2.393203707205159e-06,-4.509723325686635,48.28943268187208
2025-09-04 09:51:10.353778,66,5,POINT (-4.509720682723512 48.28943313746376),2.6819429244683825e-06,-4.509720682723512,48.28943313746376
2025-09-04 09:51:11.353778,67,5,POINT (-4.5097175829522245 48.2894331718897),3.0999624483097673e-06,-4.5097175829522245,48.2894331718897
2025-09-04 09:51:12.353778,68,5,POINT (-4.509714060552892 48.289432769868014),3.5452670547605673e-06,-4.509714060552892,48.289432769868014
2025-09-04 09:51:13.353778,69,5,POINT (-4.50971008918974 48.28943194015911),4.057110073535926e-06,-4.50971008918974,48.28943194015911
2025-09-04 09:51:14.353778,70,5,POINT (-4.509705656033414 48.28943068597519),4.607152300835161e-06,-4.509705656033414,48.28943068597519
2025-09-04 09:51:15.353778,71,5,POINT (-4.509700763158896 48.28942900450197),5.1737388071969275e-06,-4.509700763158896,48.28942900450197
2025-09-04 09:51:16.353778,72,5,POINT (-4.50969543318153 48.28942688490939),5.735968219735082e-06,-4.50969543318153,48.28942688490939
2025-09-04 09:51:17.353778,73,5,POINT (-4.509689685973569 48.28942431757679),6.294568772429326e-06,-4.509689685973569,48.28942431757679
2025-09-04 09:51:18.353778,74,5,POINT (-4.509683552612414 48.28942128887312),6.84040678299226e-06,-4.509683552612414,48.28942128887312
2025-09-04 09:51:19.353778,75,5,POINT (-4.509677015877359 48.28941780337068),7.407943874077831e-06,-4.509677015877359,48.28941780337068
2025-09-04 09:51:20.353778,76,5,POINT (-4.509670173916374 48.28941382349548),7.915291324647672e-06,-4.509670173916374,48.28941382349548
2025-09-04 09:51:21.353778,77,5,POINT (-4.509662965634261 48.289409369981655),8.473081871309869e-06,-4.509662965634261,48.289409369981655
2025-09-04 09:51:22.353778,78,5,POINT (-4.509655432729044 48.28940442647315),9.010157455362132e-06,-4.509655432729044,48.28940442647315
2025-09-04 09:51:23.353778,79,5,POINT (-4.509647877757358 48.28939923925955),9.16432114612221e-06,-4.509647877757358,48.28939923925955
2025-09-04 09:51:24.353778,80,5,POINT (-4.509640259718869 48.28939383185331),9.34208502870087e-06,-4.509640259718869,48.28939383185331
2025-09-04 09:51:25.353778,81,5,POINT (-4.5096325777018365 48.289388206414415),9.521499275178332e-06,-4.5096325777018365,48.289388206414415
2025-09-04 09:51:26.353778,82,5,POINT (-4.509625314182399 48.2893829621006),8.958880620574005e-06,-4.509625314182399,48.2893829621006
2025-09-04 09:51:27.353778,83,5,POINT (-4.509618428108369 48.28937809864266),8.430375954702542e-06,-4.509618428108369,48.28937809864266
2025-09-04 09:51:28.353778,84,5,POINT (-4.509611917697527 48.28937360996023),7.907826456672411e-06,-4.509611917697527,48.28937360996023
2025-09-04 09:51:29.353778,85,5,POINT (-4.509605730532406 48.28936950017087),7.427743992205946e-06,-4.509605730532406,48.28936950017087
2025-09-04 09:51:30.353778,86,5,POINT (-4.509599814586635 48.28936577830708),6.989326465564922e-06,-4.509599814586635,48.28936577830708
2025-09-04 09:51:31.353778,87,5,POINT (-4.509594190146568 48.289362430735466),6.545270183977568e-06,-4.509594190146568,48.289362430735466
2025-09-04 09:51:32.353778,88,5,POINT (-4.509588844811059 48.28935945360135),6.118491582343986e-06,-4.509588844811059,48.28935945360135
2025-09-04 09:51:33.353778,89,5,POINT (-4.5095837303936115 48.289356847916295),5.7399355774036295e-06,-4.5095837303936115,48.289356847916295
2025-09-04 09:51:34.353778,90,5,POINT (-4.509578857539279 48.28935461036287),5.362028969736439e-06,-4.509578857539279,48.28935461036287
2025-09-04 09:51:35.353778,91,5,POINT (-4.509574196655067 48.28935273667388),5.0234004502724445e-06,-4.509574196655067,48.28935273667388
2025-09-04 09:51:36.353778,92,5,POINT (-4.509569790225167 48.289351206269544),4.664628804828487e-06,-4.509569790225167,48.289351206269544
2025-09-04 09:51:37.353778,93,5,POINT (-4.509565582316594 48.28935002579587),4.370356124166175e-06,-4.509565582316594,48.28935002579587
2025-09-04 09:51:38.353778,94,5,POINT (-4.509561582385173 48.28934919094854),4.086125479921235e-06,-4.509561582385173,48.28934919094854
2025-09-04 09:51:39.353778,95,5,POINT (-4.5095577543386955 48.289348706222945),3.858613576802803e-06,-4.5095577543386955,48.289348706222945
2025-09-04 09:51:40.353778,96,5,POINT (-4.509554094929486 48.28934856879267),3.6619889190307634e-06,-4.509554094929486,48.28934856879267
2025-09-04 09:51:41.353778,97,5,POINT (-4.509550576147311 48.28934877059893),3.5245643363392705e-06,-4.509550576147311,48.28934877059893
2025-09-04 09:51:42.353778,98,5,POINT (-4.509547212884553 48.289349305279494),3.405498449274555e-06,-4.509547212884553,48.289349305279494
2025-09-04 09:51:43.353778,99,5,POINT (-4.509543954586648 48.289350172566564),3.371749116152231e-06,-4.509543954586648,48.289350172566564
2025-09-04 09:51:44.353778,100,5,POINT (-4.509540840631624 48.28935135819147),3.332029756777492e-06,-4.509540840631624,48.28935135819147
2025-09-04 09:51:45.353778,101,5,POINT (-4.509537910576222 48.289352849273385),3.287635920027376e-06,-4.509537910576222,48.289352849273385
2025-09-04 09:51:46.353778,102,5,POINT (-4.509535128675141 48.28935465262249),3.3152739898574034e-06,-4.509535128675141,48.28935465262249
2025-09-04 09:51:47.353778,103,5,POINT (-4.509532485548902 48.289356761466216),3.3813219559093753e-06,-4.509532485548902,48.289356761466216
2025-09-04 09:51:48.353778,104,5,POINT (-4.509530009800729 48.28935915929419),3.446579176832531e-06,-4.509530009800729,48.28935915929419
2025-09-04 09:51:49.353778,105,5,POINT (-4.5095277063538965 48.289361840865425),3.5350659937949604e-06,-4.5095277063538965,48.289361840865425
2025-09-04 09:51:50.353778,106,5,POINT (-4.509525553610168 48.28936479890415),3.6584557772342e-06,-4.509525553610168,48.28936479890415
2025-09-04 09:51:51.353778,107,5,POINT (-4.509523583110109 48.28936803076765),3.7852096551727064e-06,-4.509523583110109,48.28936803076765
2025-09-04 09:51:52.353778,108,5,POINT (-4.509521788404918 48.289371527535934),3.930439564984672e-06,-4.509521788404918,48.289371527535934
2025-09-04 09:51:53.353778,109,5,POINT (-4.509520180657337 48.28937528001361),4.082394025436055e-06,-4.509520180657337,48.28937528001361
2025-09-04 09:51:54.353778,110,5,POINT (-4.509518790876507 48.28937928225659),4.236677901150903e-06,-4.509518790876507,48.28937928225659
2025-09-04 09:51:55.353778,111,5,POINT (-4.509517580276426 48.28938354266339),4.4290652099952146e-06,-4.509517580276426,48.28938354266339
2025-09-04 09:51:56.353778,112,5,POINT (-4.509516541828576 48.289388055155854),4.630438661622538e-06,-4.509516541828576,48.289388055155854
2025-09-04 09:51:57.353778,113,5,POINT (-4.509515724318471 48.28939279676237),4.81156472840605e-06,-4.509515724318471,48.28939279676237
2025-09-04 09:51:58.353778,114,5,POINT (-4.509515066626756 48.28939778746797),5.033855456752321e-06,-4.509515066626756,48.28939778746797
2025-09-04 09:51:59.353778,115,5,POINT (-4.509514598215753 48.28940300729276),5.240799532136115e-06,-4.509514598215753,48.28940300729276
2025-09-04 09:52:00.353778,116,5,POINT (-4.5095143296305435 48.28940845431764),5.453642636800222e-06,-4.5095143296305435,48.28940845431764
2025-09-04 09:52:01.353778,117,5,POINT (-4.509514331846176 48.289414110556315),5.656239111379578e-06,-4.509514331846176,48.289414110556315
2025-09-04 09:52:02.353778,118,5,POINT (-4.5095145489828425 48.28941997308929),5.86655275182273e-06,-4.5095145489828425,48.28941997308929
2025-09-04 09:52:03.353778,119,5,POINT (-4.509515017912178 48.28942603131492),6.076346970073752e-06,-4.509515017912178,48.28942603131492
2025-09-04 09:52:04.353778,120,5,POINT (-4.5095157456267305 48.289432284473094),6.295359850401611e-06,-4.5095157456267305,48.289432284473094
2025-09-04 09:52:05.353778,121,5,POINT (-4.509516681217535 48.2894387397744),6.522748275854533e-06,-4.509516681217535,48.2894387397744
2025-09-04 09:52:06.353778,122,5,POINT (-4.509517866831661 48.28944538361712),6.7488018934214875e-06,-4.509517866831661,48.28944538361712
2025-09-04 09:52:07.353778,123,5,POINT (-4.509519231278979 48.28945222500453),6.976123435095893e-06,-4.509519231278979,48.28945222500453
2025-09-04 09:52:08.353778,124,5,POINT (-4.5095208766694075 48.28945923082948),7.1964500178826565e-06,-4.5095208766694075,48.28945923082948
2025-09-04 09:52:09.353778,125,5,POINT (-4.509522714883992 48.28946642494578),7.425250311964695e-06,-4.509522714883992,48.28946642494578
2025-09-04 09:52:10.353778,126,5,POINT (-4.509524799378545 48.28947379256398),7.65682150250126e-06,-4.509524799378545,48.28947379256398
2025-09-04 09:52:11.353778,127,5,POINT (-4.509527149489283 48.28948130465148),7.87111676210344e-06,-4.509527149489283,48.28948130465148
2025-09-04 09:52:12.353778,128,5,POINT (-4.5095297444196225 48.28948897700161),8.09929749903319e-06,-4.5095297444196225,48.28948897700161
2025-09-04 09:52:13.353778,129,5,POINT (-4.509532569725808 48.2894968072765),8.324395466204824e-06,-4.509532569725808,48.2894968072765
2025-09-04 09:52:14.353778,130,5,POINT (-4.509535646773313 48.28950479223323),8.557321739232254e-06,-4.509535646773313,48.28950479223323
2025-09-04 09:52:15.353778,131,5,POINT (-4.50953871011783 48.28951263614505),8.4208688521931e-06,-4.50953871011783,48.28951263614505
2025-09-04 09:52:16.353778,132,5,POINT (-4.509541774015831 48.289520332710104),8.283995691868872e-06,-4.509541774015831,48.289520332710104
2025-09-04 09:52:17.353778,133,5,POINT (-4.509544855042626 48.289527877888574),8.149996579881052e-06,-4.509544855042626,48.289527877888574
2025-09-04 09:52:18.353778,134,5,POINT (-4.509547928027707 48.28953529037838),8.02422846481112e-06,-4.509547928027707,48.28953529037838
2025-09-04 09:52:19.353778,135,5,POINT (-4.5095509991537766 48.28954256985657),7.900798570783856e-06,-4.5095509991537766,48.28954256985657
2025-09-04 09:52:20.353778,136,5,POINT (-4.509554045449274 48.289549727544966),7.778972901632574e-06,-4.509554045449274,48.289549727544966
2025-09-04 09:52:21.353778,137,5,POINT (-4.509557097632348 48.28955674382715),7.651407529483272e-06,-4.509557097632348,48.28955674382715
2025-09-04 09:52:22.353778,138,5,POINT (-4.509560136353644 48.28956364240455),7.538182626629476e-06,-4.509560136353644,48.28956364240455
2025-09-04 09:52:23.353778,139,5,POINT (-4.509563196219066 48.289570397567786),7.415861832394937e-06,-4.509563196219066,48.289570397567786
2025-09-04 09:52:24.353778,140,5,POINT (-4.509566240142538 48.28957702762473),7.2954180956976135e-06,-4.509566240142538,48.28957702762473
2025-09-04 09:52:25.353778,141,5,POINT (-4.509569253893539 48.28958355364063),7.188294557569877e-06,-4.509569253893539,48.28958355364063
2025-09-04 09:52:26.353778,142,5,POINT (-4.509572205631989 48.28958997918656),7.071096119466008e-06,-4.509572205631989,48.28958997918656
2025-09-04 09:52:27.353778,143,5,POINT (-4.509575085100288 48.289596316320676),6.96064698853138e-06,-4.509575085100288,48.289596316320676
2025-09-04 09:52:28.353778,144,5,POINT (-4.509577913380177 48.28960255662131),6.851315140337342e-06,-4.509577913380177,48.28960255662131
2025-09-04 09:52:29.353778,145,5,POINT (-4.509580674468116 48.28960871335106),6.747512710355098e-06,-4.509580674468116,48.28960871335106
2025-09-04 09:52:30.353778,146,5,POINT (-4.509583399739443 48.28961476760917),6.639363308042178e-06,-4.509583399739443,48.28961476760917
2025-09-04 09:52:31.353778,147,5,POINT (-4.5095860624627315 48.28962073502229),6.5345324708284144e-06,-4.5095860624627315,48.28962073502229
2025-09-04 09:52:32.353778,148,5,POINT (-4.509588722713462 48.28962659056856),6.431512735887363e-06,-4.509588722713462,48.28962659056856
2025-09-04 09:52:33.353778,149,5,POINT (-4.509591363740068 48.289632344016056),6.330653964801692e-06,-4.509591363740068,48.289632344016056
2025-09-04 09:52:34.353778,150,5,POINT (-4.509594002314675 48.289637983844145),6.226534897814804e-06,-4.509594002314675,48.289637983844145
2025-09-04 09:52:35.353778,151,5,POINT (-4.509596590862222 48.289643538610214),6.1282953982352455e-06,-4.509596590862222,48.289643538610214
2025-09-04 09:52:36.353778,152,5,POINT (-4.509599120638117 48.28964901851094),6.035650592397537e-06,-4.509599120638117,48.28964901851094
2025-09-04 09:52:37.353778,153,5,POINT (-4.509601594327226 48.2896544194534),5.940481227866765e-06,-4.509601594327226,48.2896544194534
2025-09-04 09:52:38.353778,154,5,POINT (-4.509604014019573 48.289659752057105),5.855900728394741e-06,-4.509604014019573,48.289659752057105
2025-09-04 09:52:39.353778,155,5,POINT (-4.509606391892046 48.28966501654599),5.776601138010075e-06,-4.509606391892046,48.28966501654599
2025-09-04 09:52:40.353778,156,5,POINT (-4.509608732494829 48.28967019984134),5.687264023994231e-06,-4.509608732494829,48.28967019984134
2025-09-04 09:52:41.353778,157,5,POINT (-4.509611010523298 48.28967531053055),5.595405069660037e-06,-4.509611010523298,48.28967531053055
2025-09-04 09:52:42.353778,158,5,POINT (-4.509612864503398 48.28968012048627),5.154892455799387e-06,-4.509612864503398,48.28968012048627
2025-09-04 09:52:43.353778,159,5,POINT (-4.5096142735253775 48.2896846535838),4.7470323534015686e-06,-4.5096142735253775,48.2896846535838
2025-09-04 09:52:44.353778,160,5,POINT (-4.509615267776744 48.28968889861368),4.359909919250116e-06,-4.509615267776744,48.28968889861368
2025-09-04 09:52:45.353778,161,5,POINT (-4.509615815309966 48.28969288051518),4.019369625439349e-06,-4.509615815309966,48.28969288051518
2025-09-04 09:52:46.353778,162,5,POINT (-4.509615912506192 48.28969661772694),3.738475466797886e-06,-4.509615912506192,48.28969661772694
2025-09-04 09:52:47.353778,163,5,POINT (-4.509615580898093 48.28970010354956),3.501560123593394e-06,-4.509615580898093,48.28970010354956
2025-09-04 09:52:48.353778,164,5,POINT (-4.509614806954581 48.28970335303563),3.3403814506006557e-06,-4.509614806954581,48.28970335303563
2025-09-04 09:52:49.353778,165,5,POINT (-4.509613623543835 48.28970635210003),3.2241042646490923e-06,-4.509613623543835,48.28970635210003
2025-09-04 09:52:50.353778,166,5,POINT (-4.509611991499604 48.28970913945576),3.230003144741542e-06,-4.509611991499604,48.28970913945576
2025-09-04 09:52:51.353778,167,5,POINT (-4.5096099603000095 48.28971168230606),3.2545137054065567e-06,-4.5096099603000095,48.28971168230606
2025-09-04 09:52:52.353778,168,5,POINT (-4.509607513306551 48.2897140113048),3.3781669756436987e-06,-4.509607513306551,48.2897140113048
2025-09-04 09:52:53.353778,169,5,POINT (-4.5096046697060865 48.28971611138634),3.535025610596419e-06,-4.5096046697060865,48.28971611138634
2025-09-04 09:52:54.353778,170,5,POINT (-4.50960142834824 48.28971800387867),3.75338885527288e-06,-4.50960142834824,48.28971800387867
2025-09-04 09:52:55.353778,171,5,POINT (-4.5095977945897845 48.28971969087783),4.006265928577491e-06,-4.5095977945897845,48.28971969087783
2025-09-04 09:52:56.353778,172,5,POINT (-4.509593755703291 48.289721180704944),4.30490289510467e-06,-4.509593755703291,48.289721180704944
2025-09-04 09:52:57.353778,173,5,POINT (-4.509589354021254 48.28972245281441),4.581819206634202e-06,-4.509589354021254,48.28972245281441
2025-09-04 09:52:58.353778,174,5,POINT (-4.509584591855072 48.28972350822577),4.877716667321172e-06,-4.509584591855072,48.28972350822577
2025-09-04 09:52:59.353778,175,5,POINT (-4.509579483592516 48.28972435157438),5.177410860413127e-06,-4.509579483592516,48.28972435157438
2025-09-04 09:53:00.353778,176,5,POINT (-4.50957404586179 48.289724982892686),5.474255954545189e-06,-4.50957404586179,48.289724982892686
2025-09-04 09:53:01.353778,177,5,POINT (-4.509568254930236 48.289725410528995),5.806699671386181e-06,-4.509568254930236,48.289725410528995
2025-09-04 09:53:02.353778,178,5,POINT (-4.5095621009383215 48.28972566077884),6.159077972166249e-06,-4.5095621009383215,48.28972566077884
2025-09-04 09:53:03.353778,179,5,POINT (-4.509555640424254 48.289725699707034),6.460631348664136e-06,-4.509555640424254,48.289725699707034
2025-09-04 09:53:04.353778,180,5,POINT (-4.509548842696333 48.28972555651594),6.799235881887995e-06,-4.509548842696333,48.28972555651594
2025-09-04 09:53:05.353778,181,5,POINT (-4.509541713582634 48.289725229501535),7.136609877735901e-06,-4.509541713582634,48.289725229501535
2025-09-04 09:53:06.353778,182,5,POINT (-4.509534262931005 48.28972471603785),7.468323416242342e-06,-4.509534262931005,48.28972471603785
2025-09-04 09:53:07.353778,183,5,POINT (-4.5095265316849655 48.28972398733708),7.765511583229268e-06,-4.5095265316849655,48.28972398733708
2025-09-04 09:53:08.353778,184,5,POINT (-4.5095188754904285 48.289723305907984),7.686459548913685e-06,-4.5095188754904285,48.289723305907984
2025-09-04 09:53:09.353778,185,5,POINT (-4.509511334761145 48.28972264484921),7.569649716293418e-06,-4.509511334761145,48.28972264484921
2025-09-04 09:53:10.353778,186,5,POINT (-4.509503928304757 48.28972198239248),7.43602347690647e-06,-4.509503928304757,48.28972198239248
2025-09-04 09:53:11.353778,187,5,POINT (-4.5094966572740605 48.289721320740945),7.301073218601994e-06,-4.5094966572740605,48.289721320740945
2025-09-04 09:53:12.353778,188,5,POINT (-4.509489474730985 48.289720674285235),7.21157611218995e-06,-4.509489474730985,48.289720674285235
2025-09-04 09:53:13.353778,189,5,POINT (-4.509482385559939 48.28972005560877),7.116115983181145e-06,-4.509482385559939,48.28972005560877
2025-09-04 09:53:14.353778,190,5,POINT (-4.509475349001816 48.28971947933211),7.060116500387293e-06,-4.509475349001816,48.28971947933211
2025-09-04 09:53:15.353778,191,5,POINT (-4.509468425952897 48.289718916313944),6.94590496579418e-06,-4.509468425952897,48.289718916313944
2025-09-04 09:53:16.353778,192,5,POINT (-4.509461537724501 48.28971840293151),6.907333201179997e-06,-4.509461537724501,48.28971840293151
2025-09-04 09:53:17.353778,193,5,POINT (-4.509454685934766 48.28971794143533),6.867313980711733e-06,-4.509454685934766,48.28971794143533
2025-09-04 09:53:18.353778,194,5,POINT (-4.509447886120238 48.28971752806326),6.812367729108336e-06,-4.509447886120238,48.28971752806326
2025-09-04 09:53:19.353778,195,5,POINT (-4.509441144922487 48.289717150975655),6.751736234435355e-06,-4.509441144922487,48.289717150975655
2025-09-04 09:53:20.353778,196,5,POINT (-4.509434482539819 48.28971679746587),6.671754790063114e-06,-4.509434482539819,48.28971679746587
2025-09-04 09:53:21.353778,197,5,POINT (-4.509427880979153 48.289716472859865),6.609536465413995e-06,-4.509427880979153,48.289716472859865
2025-09-04 09:53:22.353778,198,5,POINT (-4.509421327738974 48.28971619214067),6.559249965334015e-06,-4.509421327738974,48.28971619214067
2025-09-04 09:53:23.353778,199,5,POINT (-4.509414839646249 48.28971593139255),6.493330177651589e-06,-4.509414839646249,48.28971593139255
2025-09-04 09:53:24.353778,200,5,POINT (-4.50940840793732 48.289715703387714),6.435749059183021e-06,-4.50940840793732,48.289715703387714
2025-09-04 09:53:25.353778,201,5,POINT (-4.5094020575512905 48.289715487859944),6.354042409594262e-06,-4.5094020575512905,48.289715487859944
2025-09-04 09:53:26.353778,202,5,POINT (-4.509395703904717 48.28971533015499),6.355603482813991e-06,-4.509395703904717,48.28971533015499
2025-09-04 09:53:27.353778,203,5,POINT (-4.5093894659756515 48.2897151719816),6.239934122348455e-06,-4.5093894659756515,48.2897151719816
2025-09-04 09:53:28.353778,204,5,POINT (-4.509383271358806 48.289715048879856),6.1958398864440774e-06,-4.509383271358806,48.289715048879856
2025-09-04 09:53:29.353778,205,5,POINT (-4.509377098802958 48.28971496290569),6.173154563264964e-06,-4.509377098802958,48.28971496290569
2025-09-04 09:53:30.353778,206,5,POINT (-4.509371013823473 48.28971487517311),6.085611911325588e-06,-4.509371013823473,48.28971487517311
2025-09-04 09:53:31.353778,207,5,POINT (-4.509364959027577 48.28971482570276),6.054997989687003e-06,-4.509364959027577,48.28971482570276
2025-09-04 09:53:32.353778,208,5,POINT (-4.509358989783344 48.28971479248516),5.969336656939112e-06,-4.509358989783344,48.28971479248516
2025-09-04 09:53:33.353778,209,5,POINT (-4.5093530643332125 48.28971478659086),5.925453063106096e-06,-4.5093530643332125,48.28971478659086
2025-09-04 09:53:34.353778,210,5,POINT (-4.509347146155866 48.28971481909296),5.918266595050419e-06,-4.509347146155866,48.28971481909296
2025-09-04 09:53:35.353778,211,5,POINT (-4.509341217983772 48.28971489674631),5.9286806639794745e-06,-4.509341217983772,48.28971489674631
2025-09-04 09:53:36.353778,212,5,POINT (-4.509335355929806 48.28971498200912),5.862674002147366e-06,-4.509335355929806,48.28971498200912
2025-09-04 09:53:37.353778,213,5,POINT (-4.509329498929396 48.28971510922351),5.858381798968098e-06,-4.509329498929396,48.28971510922351
2025-09-04 09:53:38.353778,214,5,POINT (-4.509323639136469 48.28971529347974),5.862689101345068e-06,-4.509323639136469,48.28971529347974
2025-09-04 09:53:39.353778,215,5,POINT (-4.5093178268326195 48.289715497638205),5.81588830034591e-06,-4.5093178268326195,48.289715497638205
2025-09-04 09:53:40.353778,216,5,POINT (-4.509312045789686 48.28971572735538),5.785605186649658e-06,-4.509312045789686,48.28971572735538
2025-09-04 09:53:41.353778,217,5,POINT (-4.509306292471482 48.289715983791496),5.759030286366953e-06,-4.509306292471482,48.289715983791496
2025-09-04 09:53:42.353778,218,5,POINT (-4.509300577550203 48.2897162621541),5.7216965114526615e-06,-4.509300577550203,48.2897162621541
2025-09-04 09:53:43.353778,219,5,POINT (-4.509294892607129 48.289716561455755),5.6928164585075465e-06,-4.509294892607129,48.289716561455755
2025-09-04 09:53:44.353778,220,5,POINT (-4.5092892644211195 48.289716876839066),5.637015557210426e-06,-4.5092892644211195,48.289716876839066
2025-09-04 09:53:45.353778,221,5,POINT (-4.509283702365429 48.28971719623214),5.571218488077243e-06,-4.509283702365429,48.28971719623214
2025-09-04 09:53:46.353778,222,5,POINT (-4.509278140610175 48.28971754928031),5.572949355019585e-06,-4.509278140610175,48.28971754928031
2025-09-04 09:53:47.353778,223,5,POINT (-4.509272607648145 48.2897179253854),5.5457302372398005e-06,-4.509272607648145,48.2897179253854
2025-09-04 09:53:48.353778,224,5,POINT (-4.509267160645539 48.289718305830384),5.4602725001698486e-06,-4.509267160645539,48.289718305830384
2025-09-04 09:53:49.353778,225,5,POINT (-4.509261719805457 48.28971872043673),5.4566142631423584e-06,-4.509261719805457,48.28971872043673
2025-09-04 09:53:50.353778,226,5,POINT (-4.509256620119694 48.289719411065384),5.1462377347176375e-06,-4.509256620119694,48.289719411065384
2025-09-04 09:53:51.353778,227,5,POINT (-4.509251859554039 48.289720376447875),4.857463196385475e-06,-4.509251859554039,48.289720376447875
2025-09-04 09:53:52.353778,228,5,POINT (-4.509247460157746 48.28972160374135),4.5673774771049355e-06,-4.509247460157746,48.28972160374135
2025-09-04 09:53:53.353778,229,5,POINT (-4.509243361300563 48.28972312093778),4.3706424255876945e-06,-4.509243361300563,48.28972312093778
2025-09-04 09:53:54.353778,230,5,POINT (-4.50923955418519 48.289724920446425),4.2109807442991284e-06,-4.50923955418519,48.289724920446425
2025-09-04 09:53:55.353778,231,5,POINT (-4.509235995756603 48.28972701906889),4.131177830824713e-06,-4.509235995756603,48.28972701906889
2025-09-04 09:53:56.353778,232,5,POINT (-4.509232708012885 48.289729399141606),4.058818163527949e-06,-4.509232708012885,48.289729399141606
2025-09-04 09:53:57.353778,233,5,POINT (-4.509229739951257 48.289732036958604),3.970827160503622e-06,-4.509229739951257,48.289732036958604
2025-09-04 09:53:58.353778,234,5,POINT (-4.509227065849635 48.28973493450266),3.9429152980193e-06,-4.509227065849635,48.28973493450266
2025-09-04 09:53:59.353778,235,5,POINT (-4.509224668454765 48.2897380905843),3.963376525048809e-06,-4.509224668454765,48.2897380905843
2025-09-04 09:54:00.353778,236,5,POINT (-4.509222534181704 48.28974150768239),4.028856025505255e-06,-4.509222534181704,48.28974150768239
2025-09-04 09:54:01.353778,237,5,POINT (-4.509220660795867 48.289745184375214),4.126456662659624e-06,-4.509220660795867,48.289745184375214
2025-09-04 09:54:02.353778,238,5,POINT (-4.509219112577402 48.28974908701975),4.198525311538758e-06,-4.509219112577402,48.28974908701975
2025-09-04 09:54:03.353778,239,5,POINT (-4.509217877448126 48.2897532038394),4.2981098619841e-06,-4.509217877448126,48.2897532038394
2025-09-04 09:54:04.353778,240,5,POINT (-4.509216909561164 48.28975757411378),4.476170605274283e-06,-4.509216909561164,48.28975757411378
2025-09-04 09:54:05.353778,241,5,POINT (-4.509216228648958 48.28976217459855),4.650602280078589e-06,-4.509216228648958,48.28976217459855
2025-09-04 09:54:06.353778,242,5,POINT (-4.509215514001695 48.28976672913019),4.6102580397667025e-06,-4.509215514001695,48.28976672913019
2025-09-04 09:54:07.353778,243,5,POINT (-4.509214761541718 48.289771246980145),4.580083427741852e-06,-4.509214761541718,48.289771246980145
2025-09-04 09:54:08.353778,244,5,POINT (-4.509213978143473 48.289775713055484),4.534263087068487e-06,-4.509213978143473,48.289775713055484
2025-09-04 09:54:09.353778,245,5,POINT (-4.509213172202648 48.28978013241744),4.492248960500337e-06,-4.509213172202648,48.28978013241744
2025-09-04 09:54:10.353778,246,5,POINT (-4.509212378551355 48.289784487612216),4.426918104741466e-06,-4.509212378551355,48.289784487612216
2025-09-04 09:54:11.353778,247,5,POINT (-4.5092115604707175 48.28978880009622),4.389393374573761e-06,-4.5092115604707175,48.28978880009622
2025-09-04 09:54:12.353778,248,5,POINT (-4.509210706330982 48.28979306649),4.35105396179675e-06,-4.509210706330982,48.28979306649
2025-09-04 09:54:13.353778,249,5,POINT (-4.509209862497002 48.28979726863699),4.28603489327032e-06,-4.509209862497002,48.28979726863699
2025-09-04 09:54:14.353778,250,5,POINT (-4.509208981123998 48.289801432735736),4.256352517325707e-06,-4.509208981123998,48.289801432735736
2025-09-04 09:54:15.353778,251,5,POINT (-4.509208088590476 48.28980554069403),4.2038003589655796e-06,-4.509208088590476,48.28980554069403
2025-09-04 09:54:16.353778,252,5,POINT (-4.50920712781075 48.2898096323093),4.2029053255332375e-06,-4.50920712781075,48.2898096323093
2025-09-04 09:54:17.353778,253,5,POINT (-4.509206162955721 48.28981367771865),4.158879899773869e-06,-4.509206162955721,48.28981367771865
2025-09-04 09:54:18.353778,254,5,POINT (-4.509205174053884 48.28981768234814),4.124922331357125e-06,-4.509205174053884,48.28981768234814
2025-09-04 09:54:19.353778,255,5,POINT (-4.509204210600749 48.28982162466466),4.058337278863086e-06,-4.509204210600749,48.28982162466466
2025-09-04 09:54:20.353778,256,5,POINT (-4.509203212888003 48.289825529329995),4.03011688364482e-06,-4.509203212888003,48.289825529329995
2025-09-04 09:54:21.353778,257,5,POINT (-4.509202217602849 48.289829385065076),3.982120735091788e-06,-4.509202217602849,48.289829385065076
2025-09-04 09:54:22.353778,258,5,POINT (-4.50920116553416 48.289833225924404),3.982342138336178e-06,-4.50920116553416,48.289833225924404
2025-09-04 09:54:23.353778,259,5,POINT (-4.509199739240343 48.28983678613179),3.8352823436079735e-06,-4.509199739240343,48.28983678613179
2025-09-04 09:54:24.353778,260,5,POINT (-4.509197939826594 48.28984006943913),3.7440615583774865e-06,-4.509197939826594,48.28984006943913
2025-09-04 09:54:25.353778,261,5,POINT (-4.509195746465872 48.28984309620638),3.737934089495316e-06,-4.509195746465872,48.28984309620638
2025-09-04 09:54:26.353778,262,5,POINT (-4.509193563206184 48.28984608686336),3.702789765057208e-06,-4.509193563206184,48.28984608686336
2025-09-04 09:54:27.353778,263,5,POINT (-4.509191364893617 48.28984906888216),3.704728634905357e-06,-4.509191364893617,48.28984906888216
2025-09-04 09:54:28.353778,264,5,POINT (-4.509189148750646 48.28985203761017),3.7046775346494434e-06,-4.509189148750646,48.28985203761017
2025-09-04 09:54:29.353778,265,5,POINT (-4.5091869220722405 48.28985499288271),3.7002341168032513e-06,-4.5091869220722405,48.28985499288271
2025-09-04 09:54:30.353778,266,5,POINT (-4.509184715765488 48.289857899817505),3.6493916470879106e-06,-4.509184715765488,48.289857899817505
2025-09-04 09:54:31.353778,267,5,POINT (-4.509182504418328 48.28986077956822),3.630842940185881e-06,-4.509182504418328,48.28986077956822
2025-09-04 09:54:32.353778,268,5,POINT (-4.5091802565685795 48.28986365618804),3.6507218548876676e-06,-4.5091802565685795,48.28986365618804
2025-09-04 09:54:33.353778,269,5,POINT (-4.509178003486031 48.28986651237222),3.637879746194675e-06,-4.509178003486031,48.28986651237222
2025-09-04 09:54:34.353778,270,5,POINT (-4.509175741905848 48.2898693533517),3.6312407401539402e-06,-4.509175741905848,48.2898693533517
2025-09-04 09:54:35.353778,271,5,POINT (-4.50917344500824 48.28987219464833),3.6535879881134195e-06,-4.50917344500824,48.28987219464833
2025-09-04 09:54:36.353778,272,5,POINT (-4.509171078255761 48.28987504693008),3.706349747693566e-06,-4.509171078255761,48.28987504693008
2025-09-04 09:54:37.353778,273,5,POINT (-4.5091686981438945 48.28987788555921),3.704422739178104e-06,-4.5091686981438945,48.28987788555921
2025-09-04 09:54:38.353778,274,5,POINT (-4.509166238201073 48.28988074052119),3.768570898619746e-06,-4.509166238201073,48.28988074052119
2025-09-04 09:54:39.353778,275,5,POINT (-4.509163745684801 48.289883591339105),3.7867928572877783e-06,-4.509163745684801,48.289883591339105
2025-09-04 09:54:40.353778,276,5,POINT (-4.5091612268505195 48.28988643473782),3.798610583977696e-06,-4.5091612268505195,48.28988643473782
2025-09-04 09:54:41.353778,277,5,POINT (-4.509158721850193 48.28988926360163),3.7785575435002314e-06,-4.509158721850193,48.28988926360163
2025-09-04 09:54:42.353778,278,5,POINT (-4.509156167040394 48.28989210285482),3.819477948207134e-06,-4.509156167040394,48.28989210285482
2025-09-04 09:54:43.353778,279,5,POINT (-4.50915357682586 48.289894950213906),3.8492421443509655e-06,-4.50915357682586,48.289894950213906
2025-09-04 09:54:44.353778,280,5,POINT (-4.509150937847202 48.28989780771491),3.8896684097468834e-06,-4.509150937847202,48.28989780771491
2025-09-04 09:54:45.353778,281,5,POINT (-4.5091483010034334 48.28990063803982),3.868292149211119e-06,-4.5091483010034334,48.28990063803982
2025-09-04 09:54:46.353778,282,5,POINT (-4.5091456203627045 48.28990347652253),3.904205276245392e-06,-4.5091456203627045,48.28990347652253
2025-09-04 09:54:47.353778,283,5,POINT (-4.509142908461361 48.289906311660175),3.9233167538278446e-06,-4.509142908461361,48.289906311660175
2025-09-04 09:54:48.353778,284,5,POINT (-4.509140249508038 48.289909100391625),3.853187755205385e-06,-4.509140249508038,48.289909100391625
2025-09-04 09:54:49.353778,285,5,POINT (-4.509137572866821 48.28991187650864),3.856323882054353e-06,-4.509137572866821,48.28991187650864
2025-09-04 09:54:50.353778,286,5,POINT (-4.5091348869741665 48.289914648573834),3.859839995451403e-06,-4.5091348869741665,48.289914648573834
2025-09-04 09:54:51.353778,287,5,POINT (-4.509132171677818 48.2899174242529),3.882940706397826e-06,-4.509132171677818,48.2899174242529
2025-09-04 09:54:52.353778,288,5,POINT (-4.509129432071873 48.28992020359553),3.902587114537415e-06,-4.509129432071873,48.28992020359553
2025-09-04 09:54:53.353778,289,5,POINT (-4.509126650634832 48.28992299845781),3.9430504931987625e-06,-4.509126650634832,48.28992299845781
2025-09-04 09:54:54.353778,290,5,POINT (-4.509123833697155 48.289925791116694),3.966620919153888e-06,-4.509123833697155,48.289925791116694
2025-09-04 09:54:55.353778,291,5,POINT (-4.509121004792238 48.28992857633408),3.9699041420564055e-06,-4.509121004792238,48.28992857633408
2025-09-04 09:54:56.353778,292,5,POINT (-4.509118171610621 48.28993135308484),3.967021914441088e-06,-4.509118171610621,48.28993135308484
2025-09-04 09:54:57.353778,293,5,POINT (-4.509115319886128 48.2899341293361),3.979937646145891e-06,-4.509115319886128,48.2899341293361
2025-09-04 09:54:58.353778,294,5,POINT (-4.509112454038101 48.28993690350555),3.988621443779116e-06,-4.509112454038101,48.28993690350555
2025-09-04 09:54:59.353778,295,5,POINT (-4.50910952676209 48.289939697783794),4.04684268978944e-06,-4.50910952676209,48.289939697783794
2025-09-04 09:55:00.353778,296,5,POINT (-4.5091065905031265 48.28994247580341),4.0421540886335115e-06,-4.5091065905031265,48.28994247580341
2025-09-04 09:55:01.353778,297,5,POINT (-4.509103653652516 48.289945243120336),4.035236609212933e-06,-4.509103653652516,48.289945243120336
2025-09-04 09:55:02.353778,298,5,POINT (-4.509100697702365 48.289948013355406),4.051153371398875e-06,-4.509100697702365,48.289948013355406
2025-09-04 09:55:03.353778,299,5,POINT (-4.509097760938664 48.289950754726405),4.017424049189625e-06,-4.509097760938664,48.289950754726405
2025-09-04 09:55:04.353778,300,5,POINT (-4.509094795231502 48.289953503405954),4.043594716443195e-06,-4.509094795231502,48.289953503405954
2025-09-04 09:55:05.353778,301,5,POINT (-4.509091828180492 48.28995623823558),4.0351808874385e-06,-4.509091828180492,48.28995623823558
2025-09-04 09:55:06.353778,302,5,POINT (-4.509088821449792 48.28995898390822),4.071749960448999e-06,-4.509088821449792,48.28995898390822
2025-09-04 09:55:07.353778,303,5,POINT (-4.50908582355499 48.289961706480156),4.049663095071868e-06,-4.50908582355499,48.289961706480156
2025-09-04 09:55:08.353778,304,5,POINT (-4.509082839485102 48.28996440537353),4.023518180523157e-06,-4.509082839485102,48.28996440537353
2025-09-04 09:55:09.353778,305,5,POINT (-4.509079809599828 48.28996713051781),4.075121606451433e-06,-4.509079809599828,48.28996713051781
2025-09-04 09:55:10.353778,306,5,POINT (-4.509076790080994 48.28996983966844),4.056721720312809e-06,-4.509076790080994,48.28996983966844
2025-09-04 09:55:11.353778,307,5,POINT (-4.509073745327878 48.28997255774986),4.081481124617179e-06,-4.509073745327878,48.28997255774986
2025-09-04 09:55:12.353778,308,5,POINT (-4.509070708888834 48.28997526322455),4.066885213681098e-06,-4.509070708888834,48.28997526322455
2025-09-04 09:55:13.353778,309,5,POINT (-4.509067677782954 48.28997796563665),4.060866168115417e-06,-4.509067677782954,48.28997796563665
2025-09-04 09:55:14.353778,310,5,POINT (-4.509064609970009 48.28998068696376),4.100865455927977e-06,-4.509064609970009,48.28998068696376
2025-09-04 09:55:15.353778,311,5,POINT (-4.509061574963982 48.28998337905175),4.056919930681121e-06,-4.509061574963982,48.28998337905175
2025-09-04 09:55:16.353778,312,5,POINT (-4.509058524412629 48.289986067237805),4.065981780273331e-06,-4.509058524412629,48.289986067237805
2025-09-04 09:55:17.353778,313,5,POINT (-4.509055442528089 48.2899887709342),4.099754446377308e-06,-4.509055442528089,48.2899887709342
2025-09-04 09:55:18.353778,314,5,POINT (-4.509052348298332 48.289991481262774),4.113409627373867e-06,-4.509052348298332,48.289991481262774
2025-09-04 09:55:19.353778,315,5,POINT (-4.50904925456663 48.28999417980678),4.1052789930032185e-06,-4.50904925456663,48.28999417980678
2025-09-04 09:55:20.353778,316,5,POINT (-4.5090461075639094 48.289996899454884),4.159340322587181e-06,-4.5090461075639094,48.289996899454884
2025-09-04 09:55:21.353778,317,5,POINT (-4.509042956157498 48.28999960916284),4.156185700882488e-06,-4.509042956157498,48.28999960916284
2025-09-04 09:55:22.353778,318,5,POINT (-4.509039811455367 48.29000230667612),4.143154521981539e-06,-4.509039811455367,48.29000230667612
2025-09-04 09:55:23.353778,319,5,POINT (-4.509036632865485 48.290005021817855),4.1803622171808325e-06,-4.509036632865485,48.290005021817855
2025-09-04 09:55:24.353778,320,5,POINT (-4.509033493171218 48.29000770105666),4.127469038211674e-06,-4.509033493171218,48.29000770105666
2025-09-04 09:55:25.353778,321,5,POINT (-4.5090303493951644 48.29001037415932),4.126597354520219e-06,-4.5090303493951644,48.29001037415932
2025-09-04 09:55:26.353778,322,5,POINT (-4.509027588889637 48.29001327218234),4.00236532431922e-06,-4.509027588889637,48.29001327218234
2025-09-04 09:55:27.353778,323,5,POINT (-4.5090251987607335 48.29001638942881),3.928096446975563e-06,-4.5090251987607335,48.29001638942881
2025-09-04 09:55:28.353778,324,5,POINT (-4.509023145198617 48.2900197536871),3.941490988640932e-06,-4.509023145198617,48.2900197536871
2025-09-04 09:55:29.353778,325,5,POINT (-4.509021480933452 48.29002330529523),3.922205866087092e-06,-4.509021480933452,48.29002330529523
2025-09-04 09:55:30.353778,326,5,POINT (-4.509020132359346 48.29002709135012),4.019062546046349e-06,-4.509020132359346,48.29002709135012
2025-09-04 09:55:31.353778,327,5,POINT (-4.509019104716239 48.29003110667693),4.144743627544017e-06,-4.509019104716239,48.29003110667693
2025-09-04 09:55:32.353778,328,5,POINT (-4.509018404646 48.29003533684012),4.287700895833476e-06,-4.509018404646,48.29003533684012
2025-09-04 09:55:33.353778,329,5,POINT (-4.509018052597233 48.29003975239519),4.429567122697121e-06,-4.509018052597233,48.29003975239519
2025-09-04 09:55:34.353778,330,5,POINT (-4.5090180304853416 48.29004436188245),4.609540298499298e-06,-4.5090180304853416,48.29004436188245
2025-09-04 09:55:35.353778,331,5,POINT (-4.509018319200868 48.29004916723726),4.8140203014730084e-06,-4.509018319200868,48.29004916723726
2025-09-04 09:55:36.353778,332,5,POINT (-4.509018970684329 48.29005413180407),5.007130349636729e-06,-4.509018970684329,48.29005413180407
2025-09-04 09:55:37.353778,333,5,POINT (-4.509019570516838 48.29005904456712),4.949246392763122e-06,-4.509019570516838,48.29005904456712
2025-09-04 09:55:38.353778,334,5,POINT (-4.509020115722749 48.29006392376774),4.909567001847179e-06,-4.509020115722749,48.29006392376774
2025-09-04 09:55:39.353778,335,5,POINT (-4.509020576085755 48.290068786916216),4.884889681013214e-06,-4.509020576085755,48.290068786916216
2025-09-04 09:55:40.353778,336,5,POINT (-4.509020983869178 48.29007360575166),4.83605855461835e-06,-4.509020983869178,48.29007360575166
2025-09-04 09:55:41.353778,337,5,POINT (-4.509021353256516 48.29007837545428),4.7839847505086604e-06,-4.509021353256516,48.29007837545428
2025-09-04 09:55:42.353778,338,5,POINT (-4.509021283090204 48.29008287716235),4.502254863250356e-06,-4.509021283090204,48.29008287716235
2025-09-04 09:55:43.353778,339,5,POINT (-4.509020780879552 48.290087127775685),4.2801786503762905e-06,-4.509020780879552,48.290087127775685
2025-09-04 09:55:44.353778,340,5,POINT (-4.509019808798079 48.290091151781375),4.139754121565913e-06,-4.509019808798079,48.290091151781375
2025-09-04 09:55:45.353778,341,5,POINT (-4.50901840672326 48.290094936714645),4.0362772025121e-06,-4.50901840672326,48.290094936714645
2025-09-04 09:55:46.353778,342,5,POINT (-4.5090165585595585 48.29009849939276),4.0135251875989495e-06,-4.5090165585595585,48.29009849939276
2025-09-04 09:55:47.353778,343,5,POINT (-4.509014298299272 48.29010182301423),4.019357690198862e-06,-4.509014298299272,48.29010182301423
2025-09-04 09:55:48.353778,344,5,POINT (-4.509011608423075 48.29010493828397),4.11586436565265e-06,-4.509011608423075,48.29010493828397
2025-09-04 09:55:49.353778,345,5,POINT (-4.509008494454952 48.2901078426764),4.258203008735441e-06,-4.509008494454952,48.2901078426764
2025-09-04 09:55:50.353778,346,5,POINT (-4.5090049701094985 48.29011053914611),4.437562370997923e-06,-4.5090049701094985,48.29011053914611
2025-09-04 09:55:51.353778,347,5,POINT (-4.509000838555293 48.29011290547309),4.7612228998401444e-06,-4.509000838555293,48.29011290547309
2025-09-04 09:55:52.353778,348,5,POINT (-4.508996111578319 48.2901149277313),5.1413849888945504e-06,-4.508996111578319,48.2901149277313
2025-09-04 09:55:53.353778,349,5,POINT (-4.50899075023245 48.290116632734126),5.6259278479539155e-06,-4.50899075023245,48.290116632734126
2025-09-04 09:55:54.353778,350,5,POINT (-4.508984750241885 48.29011801935308),6.158132744898065e-06,-4.508984750241885,48.29011801935308
2025-09-04 09:55:55.353778,351,5,POINT (-4.508978146779073 48.29011905519736),6.684212330489805e-06,-4.508978146779073,48.29011905519736
2025-09-04 09:55:56.353778,352,5,POINT (-4.508970908542868 48.29011976062174),7.272529609546237e-06,-4.508970908542868,48.29011976062174
2025-09-04 09:55:57.353778,353,5,POINT (-4.508963025941681 48.290120138481576),7.891652521862518e-06,-4.508963025941681,48.290120138481576
2025-09-04 09:55:58.353778,354,5,POINT (-4.5089545467794565 48.290120147311576),8.479166822470524e-06,-4.5089545467794565,48.290120147311576
2025-09-04 09:55:59.353778,355,5,POINT (-4.508945458255049 48.2901197928382),9.095434419865462e-06,-4.508945458255049,48.2901197928382
2025-09-04 09:56:00.353778,356,5,POINT (-4.508935766346123 48.29011906636996),9.719097423645875e-06,-4.508935766346123,48.29011906636996
2025-09-04 09:56:01.353778,357,5,POINT (-4.508925501496553 48.2901179414158),1.0326309047558851e-05,-4.508925501496553,48.2901179414158
2025-09-04 09:56:02.353778,358,5,POINT (-4.508914608565348 48.290116454217085),1.0993985185508383e-05,-4.508914608565348,48.290116454217085
2025-09-04 09:56:03.353778,359,5,POINT (-4.508903123390698 48.29011457529092),1.1637852047412464e-05,-4.508903123390698,48.29011457529092
2025-09-04 09:56:04.353778,360,5,POINT (-4.508891090789024 48.29011228031118),1.2249507544151756e-05,-4.508891090789024,48.29011228031118
2025-09-04 09:56:05.353778,361,5,POINT (-4.50887848433407 48.290109595507516),1.2889176746363215e-05,-4.50887848433407,48.290109595507516
2025-09-04 09:56:06.353778,362,5,POINT (-4.508865389322178 48.2901064755013),1.3461566597349337e-05,-4.508865389322178,48.2901064755013
2025-09-04 09:56:07.353778,363,5,POINT (-4.5088525389746845 48.29010336863469),1.3220591924141986e-05,-4.5088525389746845,48.29010336863469
2025-09-04 09:56:08.353778,364,5,POINT (-4.508839946199766 48.29010025427327),1.2972171260319967e-05,-4.508839946199766,48.29010025427327
2025-09-04 09:56:09.353778,365,5,POINT (-4.508827589165356 48.290097145869275),1.2741996499854727e-05,-4.508827589165356,48.290097145869275
2025-09-04 09:56:10.353778,366,5,POINT (-4.508815446205446 48.2900940615077),1.2528557845198146e-05,-4.508815446205446,48.2900940615077
2025-09-04 09:56:11.353778,367,5,POINT (-4.508803517687576 48.29009099594966),1.2316135135739118e-05,-4.508803517687576,48.29009099594966
2025-09-04 09:56:12.353778,368,5,POINT (-4.508791809918302 48.29008794881737),1.2097804617349564e-05,-4.508791809918302,48.29008794881737
2025-09-04 09:56:13.353778,369,5,POINT (-4.5087803301395 48.29008491227181),1.1874591794747306e-05,-4.5087803301395,48.29008491227181
2025-09-04 09:56:14.353778,370,5,POINT (-4.508769055395465 48.29008189704616),1.1670965632282009e-05,-4.508769055395465,48.29008189704616
2025-09-04 09:56:15.353778,371,5,POINT (-4.50875794657487 48.290078928546784),1.1498603547435014e-05,-4.50875794657487,48.290078928546784
2025-09-04 09:56:16.353778,372,5,POINT (-4.508747014621119 48.290075990406585),1.131990638847894e-05,-4.508747014621119,48.290075990406585
2025-09-04 09:56:17.353778,373,5,POINT (-4.508736295081678 48.29007305978995),1.1112922194779356e-05,-4.508736295081678,48.29007305978995
2025-09-04 09:56:18.353778,374,5,POINT (-4.508725714284521 48.29007018029984),1.0965615884669572e-05,-4.508725714284521,48.29007018029984
2025-09-04 09:56:19.353778,375,5,POINT (-4.5087152791587375 48.29006734606669),1.0813173802214951e-05,-4.5087152791587375,48.29006734606669
2025-09-04 09:56:20.353778,376,5,POINT (-4.508704992660286 48.290064549306244),1.0659921171929694e-05,-4.508704992660286,48.290064549306244
2025-09-04 09:56:21.353778,377,5,POINT (-4.508694863135484 48.29006178958052),1.0498731294275991e-05,-4.508694863135484,48.29006178958052
2025-09-04 09:56:22.353778,378,5,POINT (-4.508684924808004 48.290059046574335),1.0309919302865295e-05,-4.508684924808004,48.290059046574335
2025-09-04 09:56:23.353778,379,5,POINT (-4.5086748030643475 48.29005607360725),1.0549323576235835e-05,-4.5086748030643475,48.29005607360725
2025-09-04 09:56:24.353778,380,5,POINT (-4.508664537959948 48.29005286191269),1.0755805422606567e-05,-4.508664537959948,48.29005286191269
2025-09-04 09:56:25.353778,381,5,POINT (-4.508654140808973 48.290049412103016),1.0954539478641459e-05,-4.508654140808973,48.290049412103016
2025-09-04 09:56:26.353778,382,5,POINT (-4.508643637329236 48.29004572964042),1.1130301765089562e-05,-4.508643637329236,48.29004572964042
2025-09-04 09:56:27.353778,383,5,POINT (-4.508633021127606 48.29004181636875),1.1314478874549922e-05,-4.508633021127606,48.29004181636875
2025-09-04 09:56:28.353778,384,5,POINT (-4.508622309415856 48.2900376595619),1.1489987459330444e-05,-4.508622309415856,48.2900376595619
2025-09-04 09:56:29.353778,385,5,POINT (-4.508611460016161 48.29003328757003),1.1697170025251174e-05,-4.508611460016161,48.29003328757003
2025-09-04 09:56:30.353778,386,5,POINT (-4.508600596508408 48.290028647446924),1.181298197590943e-05,-4.508600596508408,48.290028647446924
2025-09-04 09:56:31.353778,387,5,POINT (-4.508589669905084 48.290023766672995),1.1967147293905221e-05,-4.508589669905084,48.290023766672995
2025-09-04 09:56:32.353778,388,5,POINT (-4.508578695206167 48.29001864227593),1.2112120440864534e-05,-4.508578695206167,48.29001864227593
2025-09-04 09:56:33.353778,389,5,POINT (-4.5085677221015965 48.290013264631874),1.2219986887723451e-05,-4.5085677221015965,48.290013264631874
2025-09-04 09:56:34.353778,390,5,POINT (-4.508556710269932 48.29000765236963),1.2359527664169069e-05,-4.508556710269932,48.29000765236963
2025-09-04 09:56:35.353778,391,5,POINT (-4.508545690029373 48.29000179315105),1.2481031382792642e-05,-4.508545690029373,48.29000179315105
2025-09-04 09:56:36.353778,392,5,POINT (-4.508534646868297 48.2899956996792),1.2612763602662196e-05,-4.508534646868297,48.2899956996792
2025-09-04 09:56:37.353778,393,5,POINT (-4.508523539981227 48.28998938247954),1.2777713095804333e-05,-4.508523539981227,48.28998938247954
2025-09-04 09:56:38.353778,394,5,POINT (-4.508512516709661 48.289982811575925),1.2833132522120313e-05,-4.508512516709661,48.289982811575925
2025-09-04 09:56:39.353778,395,5,POINT (-4.508501952515919 48.2899766114318),1.2249243920559905e-05,-4.508501952515919,48.2899766114318
2025-09-04 09:56:40.353778,396,5,POINT (-4.508491758768628 48.28997079987716),1.1733995531778666e-05,-4.508491758768628,48.28997079987716
2025-09-04 09:56:41.353778,397,5,POINT (-4.508482001640901 48.28996535500818),1.1173546425286454e-05,-4.508482001640901,48.28996535500818
2025-09-04 09:56:42.353778,398,5,POINT (-4.508472607433898 48.28996028794504),1.0673624221573127e-05,-4.508472607433898,48.28996028794504
2025-09-04 09:56:43.353778,399,5,POINT (-4.508463549437246 48.28995560580265),1.0196556316090124e-05,-4.508463549437246,48.28995560580265
2025-09-04 09:56:44.353778,400,5,POINT (-4.5084547771399635 48.289951314592884),9.765637761968935e-06,-4.5084547771399635,48.289951314592884
2025-09-04 09:56:45.353778,401,5,POINT (-4.508446340275982 48.28994739052539),9.304782615894993e-06,-4.508446340275982,48.28994739052539
2025-09-04 09:56:46.353778,402,5,POINT (-4.5084382158093055 48.28994383075842),8.870112720874689e-06,-4.5084382158093055,48.28994383075842
2025-09-04 09:56:47.353778,403,5,POINT (-4.50843036023085 48.28994064071455),8.478590257780821e-06,-4.50843036023085,48.28994064071455
2025-09-04 09:56:48.353778,404,5,POINT (-4.508422767214003 48.289937904763384),8.070894226261582e-06,-4.508422767214003,48.289937904763384
2025-09-04 09:56:49.353778,405,5,POINT (-4.508415469093035 48.28993561914516),7.647654563555376e-06,-4.508415469093035,48.28993561914516
2025-09-04 09:56:50.353778,406,5,POINT (-4.508408398993461 48.289933801437016),7.300025403574952e-06,-4.508408398993461,48.289933801437016
2025-09-04 09:56:51.353778,407,5,POINT (-4.508401594249388 48.28993244694017),6.9382421119879884e-06,-4.508401594249388,48.28993244694017
2025-09-04 09:56:52.353778,408,5,POINT (-4.508395032017735 48.28993156362627),6.621414328367039e-06,-4.508395032017735,48.28993156362627
2025-09-04 09:56:53.353778,409,5,POINT (-4.50838872728657 48.28993115166363),6.3181760252142905e-06,-4.50838872728657,48.28993115166363
2025-09-04 09:56:54.353778,410,5,POINT (-4.50838261953604 48.289931226392),6.108207663284404e-06,-4.50838261953604,48.289931226392
2025-09-04 09:56:55.353778,411,5,POINT (-4.508376732193421 48.289931786226646),5.9139004009263855e-06,-4.508376732193421,48.289931786226646
2025-09-04 09:56:56.353778,412,5,POINT (-4.508371172980905 48.28993281300309),5.653239219034386e-06,-4.508371172980905,48.28993281300309
2025-09-04 09:56:57.353778,413,5,POINT (-4.508365842724076 48.28993432953884),5.541797409887239e-06,-4.508365842724076,48.28993432953884
2025-09-04 09:56:58.353778,414,5,POINT (-4.508360750338241 48.28993633719324),5.473853276039923e-06,-4.508360750338241,48.28993633719324
2025-09-04 09:56:59.353778,415,5,POINT (-4.50835591938271 48.28993883438981),5.438209451854221e-06,-4.50835591938271,48.28993883438981
2025-09-04 09:57:00.353778,416,5,POINT (-4.508351349042957 48.28994182434695),5.4614878145389935e-06,-4.508351349042957,48.28994182434695
2025-09-04 09:57:01.353778,417,5,POINT (-4.508347007303414 48.28994531661601),5.571951676756734e-06,-4.508347007303414,48.28994531661601
2025-09-04 09:57:02.353778,418,5,POINT (-4.50834288317102 48.28994931669427),5.745354128738199e-06,-4.50834288317102,48.28994931669427
2025-09-04 09:57:03.353778,419,5,POINT (-4.508339051293644 48.289953812356494),5.907136620973331e-06,-4.508339051293644,48.289953812356494
2025-09-04 09:57:04.353778,420,5,POINT (-4.5083355284525615 48.289958802987165),6.1087481363357696e-06,-4.5083355284525615,48.289958802987165
2025-09-04 09:57:05.353778,421,5,POINT (-4.508332339970254 48.28996428594092),6.3426493900851445e-06,-4.508332339970254,48.28996428594092
2025-09-04 09:57:06.353778,422,5,POINT (-4.508329429638298 48.28997027642856),6.6600281007574444e-06,-4.508329429638298,48.28997027642856
2025-09-04 09:57:07.353778,423,5,POINT (-4.50832685413123 48.28997676489803),6.980936375348657e-06,-4.50832685413123,48.28997676489803
2025-09-04 09:57:08.353778,424,5,POINT (-4.508324476328061 48.28998347804056),7.1218137135588395e-06,-4.508324476328061,48.28998347804056
2025-09-04 09:57:09.353778,425,5,POINT (-4.508322309295844 48.2899904127563),7.265418849317762e-06,-4.508322309295844,48.2899904127563
2025-09-04 09:57:10.353778,426,5,POINT (-4.508320370800908 48.289997556467036),7.402051448353731e-06,-4.508320370800908,48.289997556467036
2025-09-04 09:57:11.353778,427,5,POINT (-4.508318693345847 48.290004905838),7.538375760354735e-06,-4.508318693345847,48.290004905838
2025-09-04 09:57:12.353778,428,5,POINT (-4.508317227733623 48.29001246157386),7.69656829439076e-06,-4.508317227733623,48.29001246157386
2025-09-04 09:57:13.353778,429,5,POINT (-4.50831601792152 48.2900202095927),7.84190290934174e-06,-4.50831601792152,48.2900202095927
2025-09-04 09:57:14.353778,430,5,POINT (-4.508315029469697 48.29002815585612),8.00750519185187e-06,-4.508315029469697,48.29002815585612
2025-09-04 09:57:15.353778,431,5,POINT (-4.508314322223573 48.290036280886184),8.155753222096246e-06,-4.508314322223573,48.290036280886184
2025-09-04 09:57:16.353778,432,5,POINT (-4.50831386250112 48.29004459013166),8.321953200097098e-06,-4.50831386250112,48.29004459013166
2025-09-04 09:57:17.353778,433,5,POINT (-4.508313670360916 48.29005307206906),8.484113383709336e-06,-4.508313670360916,48.29005307206906
2025-09-04 09:57:18.353778,434,5,POINT (-4.508313708978993 48.290061736615925),8.664632928814011e-06,-4.508313708978993,48.290061736615925
2025-09-04 09:57:19.353778,435,5,POINT (-4.5083140023346875 48.29007057100228),8.839255616994425e-06,-4.5083140023346875,48.29007057100228
2025-09-04 09:57:20.353778,436,5,POINT (-4.508314593447413 48.29007955580211),9.00422357465987e-06,-4.508314593447413,48.29007955580211
2025-09-04 09:57:21.353778,437,5,POINT (-4.508315448045951 48.290088702324226),9.186359752706008e-06,-4.508315448045951,48.290088702324226
2025-09-04 09:57:22.353778,438,5,POINT (-4.508316591958348 48.290097994030184),9.361855327492283e-06,-4.508316591958348,48.290097994030184
2025-09-04 09:57:23.353778,439,5,POINT (-4.5083180412758335 48.290107432151764),9.548751758111862e-06,-4.5083180412758335,48.290107432151764
2025-09-04 09:57:24.353778,440,5,POINT (-4.508319839472893 48.290116987137914),9.72271942356451e-06,-4.508319839472893,48.290116987137914
2025-09-04 09:57:25.353778,441,5,POINT (-4.508321947663271 48.29012667176177),9.911428044404275e-06,-4.508321947663271,48.29012667176177
2025-09-04 09:57:26.353778,442,5,POINT (-4.508324407744053 48.290136463142),1.009569830407775e-05,-4.508324407744053,48.290136463142
2025-09-04 09:57:27.353778,443,5,POINT (-4.508327167269861 48.29014636815893),1.0282234343255566e-05,-4.508327167269861,48.29014636815893
2025-09-04 09:57:28.353778,444,5,POINT (-4.50833029670172 48.290156368490294),1.0478548142189497e-05,-4.50833029670172,48.290156368490294
2025-09-04 09:57:29.353778,445,5,POINT (-4.5083337778307975 48.29016646737696),1.0682030313099208e-05,-4.5083337778307975,48.29016646737696
2025-09-04 09:57:30.353778,446,5,POINT (-4.508337367777739 48.29017635437961),1.0518580721675944e-05,-4.508337367777739,48.29017635437961
2025-09-04 09:57:31.353778,447,5,POINT (-4.508340973831572 48.29018607104918),1.0364231361647518e-05,-4.508340973831572,48.29018607104918
2025-09-04 09:57:32.353778,448,5,POINT (-4.508344596382202 48.29019561576283),1.0209036773403783e-05,-4.508344596382202,48.29019561576283
2025-09-04 09:57:33.353778,449,5,POINT (-4.5083482862122874 48.29020496569721),1.0051672440114038e-05,-4.5083482862122874,48.29020496569721
2025-09-04 09:57:34.353778,450,5,POINT (-4.508351998715501 48.290214149142564),9.905470646803581e-06,-4.508351998715501,48.290214149142564
2025-09-04 09:57:35.353778,451,5,POINT (-4.508355678015027 48.29022319116885),9.761940603397998e-06,-4.508355678015027,48.29022319116885
2025-09-04 09:57:36.353778,452,5,POINT (-4.5083593473758174 48.290232083970174),9.620089605880996e-06,-4.5083593473758174,48.290232083970174
2025-09-04 09:57:37.353778,453,5,POINT (-4.508363038536398 48.29024081954262),9.483400884860969e-06,-4.508363038536398,48.29024081954262
2025-09-04 09:57:38.353778,454,5,POINT (-4.508366736431396 48.29024939613058),9.339822719691207e-06,-4.508366736431396,48.29024939613058
2025-09-04 09:57:39.353778,455,5,POINT (-4.50837047904038 48.290257804496285),9.203680562341443e-06,-4.50837047904038,48.290257804496285
2025-09-04 09:57:40.353778,456,5,POINT (-4.508374218578904 48.29026607058586),9.072617329072524e-06,-4.508374218578904,48.29026607058586
2025-09-04 09:57:41.353778,457,5,POINT (-4.508377960874079 48.29027418132625),8.932462304953854e-06,-4.508377960874079,48.29027418132625
2025-09-04 09:57:42.353778,458,5,POINT (-4.508381636401545 48.29028219348852),8.815001218624463e-06,-4.508381636401545,48.29028219348852
2025-09-04 09:57:43.353778,459,5,POINT (-4.508385313900074 48.29029006031268),8.683945976651397e-06,-4.508385313900074,48.29029006031268
2025-09-04 09:57:44.353778,460,5,POINT (-4.508388964520526 48.290297809439195),8.565978722110467e-06,-4.508388964520526,48.290297809439195
2025-09-04 09:57:45.353778,461,5,POINT (-4.508392575632017 48.29030544949555),8.450478523745174e-06,-4.508392575632017,48.29030544949555
2025-09-04 09:57:46.353778,462,5,POINT (-4.508396155280243 48.29031296328807),8.322917729401885e-06,-4.508396155280243,48.29031296328807
2025-09-04 09:57:47.353778,463,5,POINT (-4.5083997243812 48.29032035839388),8.211337984522071e-06,-4.5083997243812,48.29032035839388
2025-09-04 09:57:48.353778,464,5,POINT (-4.50840326267826 48.2903276363586),8.092485189707316e-06,-4.50840326267826,48.2903276363586
2025-09-04 09:57:49.353778,465,5,POINT (-4.508406752837482 48.290334804418606),7.972596545873793e-06,-4.508406752837482,48.290334804418606
2025-09-04 09:57:50.353778,466,5,POINT (-4.5084102163630915 48.29034184959348),7.850509453107758e-06,-4.5084102163630915,48.29034184959348
2025-09-04 09:57:51.353778,467,5,POINT (-4.508413222887886 48.29034857861027),7.37013285414833e-06,-4.508413222887886,48.29034857861027
2025-09-04 09:57:52.353778,468,5,POINT (-4.508415768623849 48.29035501925691),6.92551086137038e-06,-4.508415768623849,48.29035501925691
2025-09-04 09:57:53.353778,469,5,POINT (-4.508417860020544 48.290361174355006),6.500705557163652e-06,-4.508417860020544,48.290361174355006
2025-09-04 09:57:54.353778,470,5,POINT (-4.508419902660621 48.29036724635682),6.406370622058109e-06,-4.508419902660621,48.29036724635682
2025-09-04 09:57:55.353778,471,5,POINT (-4.508421867641275 48.29037327258334),6.338497848960662e-06,-4.508421867641275,48.29037327258334
2025-09-04 09:57:56.353778,472,5,POINT (-4.508423785704517 48.29037922161787),6.2505982473986374e-06,-4.508423785704517,48.29037922161787
2025-09-04 09:57:57.353778,473,5,POINT (-4.508425640180387 48.290385129074025),6.191697585439371e-06,-4.508425640180387,48.290385129074025
2025-09-04 09:57:58.353778,474,5,POINT (-4.508427449230899 48.290390981274044),6.125431316675684e-06,-4.508427449230899,48.290390981274044
2025-09-04 09:57:59.353778,475,5,POINT (-4.508429214347083 48.29039676686465),6.048858887477013e-06,-4.508429214347083,48.29039676686465
2025-09-04 09:58:00.353778,476,5,POINT (-4.508430941706985 48.29040247961101),5.968185920339674e-06,-4.508430941706985,48.29040247961101
2025-09-04 09:58:01.353778,477,5,POINT (-4.508432637598107 48.29040811954783),5.88939164837933e-06,-4.508432637598107,48.29040811954783
2025-09-04 09:58:02.353778,478,5,POINT (-4.508434273287885 48.29041372409357),5.838357133379055e-06,-4.508434273287885,48.29041372409357
2025-09-04 09:58:03.353778,479,5,POINT (-4.50843585568558 48.29041928171424),5.778505864735034e-06,-4.50843585568558,48.29041928171424
2025-09-04 09:58:04.353778,480,5,POINT (-4.50843737314494 48.29042481174647),5.734451964119961e-06,-4.50843737314494,48.29042481174647
2025-09-04 09:58:05.353778,481,5,POINT (-4.508438817540464 48.290430318365644),5.692901998715194e-06,-4.508438817540464,48.290430318365644
2025-09-04 09:58:06.353778,482,5,POINT (-4.508440206522168 48.290435769513245),5.625324909738556e-06,-4.508440206522168,48.290435769513245
2025-09-04 09:58:07.353778,483,5,POINT (-4.508441541395523 48.29044118055195),5.5732599760969185e-06,-4.508441541395523,48.29044118055195
2025-09-04 09:58:08.353778,484,5,POINT (-4.508442805423956 48.290446573494656),5.539097298996631e-06,-4.508442805423956,48.290446573494656
2025-09-04 09:58:09.353778,485,5,POINT (-4.508444031465356 48.29045191219063),5.477668505791889e-06,-4.508444031465356,48.29045191219063
2025-09-04 09:58:10.353778,486,5,POINT (-4.508444770877996 48.29045702578755),5.166778930151677e-06,-4.508444770877996,48.29045702578755
2025-09-04 09:58:11.353778,487,5,POINT (-4.508445047334983 48.29046189987476),4.881921192510291e-06,-4.508445047334983,48.29046189987476
2025-09-04 09:58:12.353778,488,5,POINT (-4.508444827001291 48.29046657966049),4.6849697368947975e-06,-4.508444827001291,48.29046657966049
2025-09-04 09:58:13.353778,489,5,POINT (-4.5084441130966075 48.290471075789824),4.5524541622271755e-06,-4.5084441130966075,48.290471075789824
2025-09-04 09:58:14.353778,490,5,POINT (-4.508442927013271 48.29047538375488),4.468261027577277e-06,-4.508442927013271,48.29047538375488
2025-09-04 09:58:15.353778,491,5,POINT (-4.50844126356916 48.29047950443284),4.443763398010109e-06,-4.50844126356916,48.29047950443284
2025-09-04 09:58:16.353778,492,5,POINT (-4.508439152192109 48.29048343148938),4.458664162715435e-06,-4.508439152192109,48.29048343148938
2025-09-04 09:58:17.353778,493,5,POINT (-4.508436596524988 48.290487161079625),4.521203141208836e-06,-4.508436596524988,48.290487161079625
2025-09-04 09:58:18.353778,494,5,POINT (-4.50843356740779 48.290490735281274),4.685132701316756e-06,-4.50843356740779,48.290490735281274
2025-09-04 09:58:19.353778,495,5,POINT (-4.508430091421086 48.29049413494043),4.8621153778800196e-06,-4.508430091421086,48.29049413494043
2025-09-04 09:58:20.353778,496,5,POINT (-4.508426181424817 48.290497341064636),5.056412091872488e-06,-4.508426181424817,48.290497341064636
2025-09-04 09:58:21.353778,497,5,POINT (-4.508421858282995 48.29050035550455),5.270332361271157e-06,-4.508421858282995,48.29050035550455
2025-09-04 09:58:22.353778,498,5,POINT (-4.50841711674176 48.29050317499855),5.51649886263051e-06,-4.50841711674176,48.29050317499855
2025-09-04 09:58:23.353778,499,5,POINT (-4.508411960983111 48.29050581054377),5.790332103414131e-06,-4.508411960983111,48.29050581054377
2025-09-04 09:58:24.353778,500,5,POINT (-4.5084064113722535 48.29050826554411),6.068377653268958e-06,-4.5084064113722535,48.29050826554411
2025-09-04 09:58:25.353778,501,5,POINT (-4.508400482785724 48.29051052992894),6.346304190039015e-06,-4.508400482785724,48.29051052992894
2025-09-04 09:58:26.353778,502,5,POINT (-4.508394147437995 48.29051262219143),6.671895771131421e-06,-4.508394147437995,48.29051262219143
2025-09-04 09:58:27.353778,503,5,POINT (-4.508387404509186 48.290514566154336),7.017555180302724e-06,-4.508387404509186,48.290514566154336
2025-09-04 09:58:28.353778,504,5,POINT (-4.508380268802687 48.290516356444165),7.356863796432285e-06,-4.508380268802687,48.290516356444165
2025-09-04 09:58:29.353778,505,5,POINT (-4.508372774893468 48.290517963264925),7.664238274606654e-06,-4.508372774893468,48.290517963264925
2025-09-04 09:58:30.353778,506,5,POINT (-4.508364915537869 48.290519392529895),7.988258182352935e-06,-4.508364915537869,48.290519392529895
2025-09-04 09:58:31.353778,507,5,POINT (-4.50835669439415 48.290520661154545),8.318450128926553e-06,-4.50835669439415,48.290520661154545
2025-09-04 09:58:32.353778,508,5,POINT (-4.508348108579408 48.29052177030198),8.657160204723418e-06,-4.508348108579408,48.29052177030198
2025-09-04 09:58:33.353778,509,5,POINT (-4.508339200621305 48.29052269326117),8.955644657897795e-06,-4.508339200621305,48.29052269326117
2025-09-04 09:58:34.353778,510,5,POINT (-4.508329986102775 48.290523409500175),9.242313024734946e-06,-4.508329986102775,48.290523409500175
2025-09-04 09:58:35.353778,511,5,POINT (-4.508320444430092 48.29052394160052),9.556497704039985e-06,-4.508320444430092,48.29052394160052
2025-09-04 09:58:36.353778,512,5,POINT (-4.508310607457501 48.29052428629355),9.843009856883525e-06,-4.508310607457501,48.29052428629355
2025-09-04 09:58:37.353778,513,5,POINT (-4.508300482470966 48.290524433635774),1.0126058565610063e-05,-4.508300482470966,48.290524433635774
2025-09-04 09:58:38.353778,514,5,POINT (-4.508290078097059 48.290524380788376),1.0404508120624067e-05,-4.508290078097059,48.290524380788376
2025-09-04 09:58:39.353778,515,5,POINT (-4.508279380937154 48.290524139911206),1.06998715811733e-05,-4.508279380937154,48.290524139911206
2025-09-04 09:58:40.353778,516,5,POINT (-4.50826840953125 48.29052369069717),1.0980598378715147e-05,-4.50826840953125,48.29052369069717
2025-09-04 09:58:41.353778,517,5,POINT (-4.508257193132663 48.290523025209914),1.1236123466154091e-05,-4.508257193132663,48.290523025209914
2025-09-04 09:58:42.353778,518,5,POINT (-4.508245719105486 48.29052216761002),1.1506032211053359e-05,-4.508245719105486,48.29052216761002
2025-09-04 09:58:43.353778,519,5,POINT (-4.508234824780994 48.290521522399985),1.0913413862529844e-05,-4.508234824780994,48.290521522399985
2025-09-04 09:58:44.353778,520,5,POINT (-4.5082245456403705 48.290521143064446),1.0286137632811277e-05,-4.5082245456403705,48.290521143064446
2025-09-04 09:58:45.353778,521,5,POINT (-4.508214901559557 48.290521019706595),9.644869718555435e-06,-4.508214901559557,48.290521019706595
2025-09-04 09:58:46.353778,522,5,POINT (-4.508205872472233 48.29052117360156),9.030398748979067e-06,-4.508205872472233,48.29052117360156
2025-09-04 09:58:47.353778,523,5,POINT (-4.50819744196754 48.290521622513424),8.44244817849453e-06,-4.50819744196754,48.290521622513424
2025-09-04 09:58:48.353778,524,5,POINT (-4.508189598030825 48.290522380414856),7.880466850015039e-06,-4.508189598030825,48.290522380414856
2025-09-04 09:58:49.353778,525,5,POINT (-4.5081823361211155 48.29052345546401),7.341053283427846e-06,-4.5081823361211155,48.29052345546401
2025-09-04 09:58:50.353778,526,5,POINT (-4.508175656900708 48.290524851924296),6.823641739020408e-06,-4.508175656900708,48.290524851924296
2025-09-04 09:58:51.353778,527,5,POINT (-4.508169550749587 48.290526581501275),6.346378340198979e-06,-4.508169550749587,48.290526581501275
2025-09-04 09:58:52.353778,528,5,POINT (-4.508164018349574 48.29052864834441),5.905869153350781e-06,-4.508164018349574,48.29052864834441
2025-09-04 09:58:53.353778,529,5,POINT (-4.508159052208448 48.29053106247746),5.521829050673863e-06,-4.508159052208448,48.29053106247746
2025-09-04 09:58:54.353778,530,5,POINT (-4.508154653933332 48.29053382738711),5.195146710849269e-06,-4.508154653933332,48.29053382738711
2025-09-04 09:58:55.353778,531,5,POINT (-4.508150867072293 48.2905369166369),4.887103520710769e-06,-4.508150867072293,48.2905369166369
2025-09-04 09:58:56.353778,532,5,POINT (-4.508147644886479 48.29054036834817),4.721947911584443e-06,-4.508147644886479,48.29054036834817
2025-09-04 09:58:57.353778,533,5,POINT (-4.508145006227477 48.29054417379495),4.630760901603335e-06,-4.508145006227477,48.29054417379495
2025-09-04 09:58:58.353778,534,5,POINT (-4.508142954560618 48.29054833529331),4.639763517700124e-06,-4.508142954560618,48.29054833529331
2025-09-04 09:58:59.353778,535,5,POINT (-4.508140891948273 48.290552466820756),4.617779632749979e-06,-4.508140891948273,48.290552466820756
2025-09-04 09:59:00.353778,536,5,POINT (-4.508138853689527 48.29055655315185),4.566464774704913e-06,-4.508138853689527,48.29055655315185
2025-09-04 09:59:01.353778,537,5,POINT (-4.508136812636591 48.29056060292822),4.535039767368816e-06,-4.508136812636591,48.29056060292822
2025-09-04 09:59:02.353778,538,5,POINT (-4.5081347605647695 48.29056462261948),4.513193613559624e-06,-4.5081347605647695,48.29056462261948
2025-09-04 09:59:03.353778,539,5,POINT (-4.508132322397778 48.2905683819882),4.480793621921298e-06,-4.508132322397778,48.2905683819882
2025-09-04 09:59:04.353778,540,5,POINT (-4.508129443723305 48.29057192798147),4.567366305108061e-06,-4.508129443723305,48.29057192798147
2025-09-04 09:59:05.353778,541,5,POINT (-4.5081261408084785 48.290575254724054),4.687905991363052e-06,-4.5081261408084785,48.290575254724054
2025-09-04 09:59:06.353778,542,5,POINT (-4.508122412731512 48.29057837738041),4.863079333543015e-06,-4.508122412731512,48.29057837738041
2025-09-04 09:59:07.353778,543,5,POINT (-4.508118276514818 48.29058129637645),5.0624921152956896e-06,-4.508118276514818,48.29058129637645
2025-09-04 09:59:08.353778,544,5,POINT (-4.508113733471909 48.290584021816294),5.297854396276116e-06,-4.508113733471909,48.290584021816294
2025-09-04 09:59:09.353778,545,5,POINT (-4.508108792108009 48.29058653537603),5.543920970751814e-06,-4.508108792108009,48.29058653537603
2025-09-04 09:59:10.353778,546,5,POINT (-4.508103482437471 48.290588819865356),5.7802675296168405e-06,-4.508103482437471,48.290588819865356
2025-09-04 09:59:11.353778,547,5,POINT (-4.508097808742505 48.290590885089486),6.037877546714697e-06,-4.508097808742505,48.290590885089486
2025-09-04 09:59:12.353778,548,5,POINT (-4.50809173023264 48.29059275731931),6.360308694874566e-06,-4.50809173023264,48.29059275731931
2025-09-04 09:59:13.353778,549,5,POINT (-4.508085265088614 48.29059444583712),6.682004166811594e-06,-4.508085265088614,48.29059444583712
2025-09-04 09:59:14.353778,550,5,POINT (-4.508078880946772 48.290596120651),6.600171860714913e-06,-4.508078880946772,48.290596120651
2025-09-04 09:59:15.353778,551,5,POINT (-4.508071905660001 48.29059743578213),7.098182543209818e-06,-4.508071905660001,48.29059743578213
2025-09-04 09:59:16.353778,552,5,POINT (-4.508064319841567 48.290598400508465),7.646916909556676e-06,-4.508064319841567,48.290598400508465
2025-09-04 09:59:17.353778,553,5,POINT (-4.5080561511094155 48.29059899028517),8.189995208648534e-06,-4.5080561511094155,48.29059899028517
2025-09-04 09:59:18.353778,554,5,POINT (-4.508047399652011 48.29059920050336),8.753981858718625e-06,-4.508047399652011,48.29059920050336
2025-09-04 09:59:19.353778,555,5,POINT (-4.508038069953922 48.290599023601544),9.331375069931233e-06,-4.508038069953922,48.290599023601544
2025-09-04 09:59:20.353778,556,5,POINT (-4.508028160582484 48.290598456206105),9.925602242789325e-06,-4.508028160582484,48.290598456206105
2025-09-04 09:59:21.353778,557,5,POINT (-4.508017659960339 48.29059750171574),1.0543913755252594e-05,-4.508017659960339,48.29059750171574
2025-09-04 09:59:22.353778,558,5,POINT (-4.508006612209296 48.29059612609534),1.113306492433596e-05,-4.508006612209296,48.29059612609534
2025-09-04 09:59:23.353778,559,5,POINT (-4.507994985073338 48.290594346514695),1.1762533649306328e-05,-4.507994985073338,48.290594346514695
2025-09-04 09:59:24.353778,560,5,POINT (-4.5079828482954225 48.29059211546922),1.2340135416048157e-05,-4.5079828482954225,48.29059211546922
2025-09-04 09:59:25.353778,561,5,POINT (-4.507970157880882 48.29058947944671),1.2961297615315988e-05,-4.507970157880882,48.29058947944671
2025-09-04 09:59:26.353778,562,5,POINT (-4.507956999530749 48.29058639771547),1.3514408815681984e-05,-4.507956999530749,48.29058639771547
2025-09-04 09:59:27.353778,563,5,POINT (-4.50794336103928 48.29058287965138),1.4084928984064816e-05,-4.50794336103928,48.29058287965138
2025-09-04 09:59:28.353778,564,5,POINT (-4.507929288930875 48.29057890390923),1.4622953212318592e-05,-4.507929288930875,48.29057890390923
2025-09-04 09:59:29.353778,565,5,POINT (-4.507915152148243 48.290574682222555),1.4753686371205796e-05,-4.507915152148243,48.290574682222555
2025-09-04 09:59:30.353778,566,5,POINT (-4.507900945802424 48.29057021836673),1.4891147381535207e-05,-4.507900945802424,48.29057021836673
2025-09-04 09:59:31.353778,567,5,POINT (-4.507887017213588 48.29056577251487),1.462091603714524e-05,-4.507887017213588,48.29056577251487
2025-09-04 09:59:32.353778,568,5,POINT (-4.5078733658952235 48.29056133950146),1.4353051974221325e-05,-4.5078733658952235,48.29056133950146
2025-09-04 09:59:33.353778,569,5,POINT (-4.5078600344122695 48.29055690512269),1.404963176731494e-05,-4.5078600344122695,48.29055690512269
2025-09-04 09:59:34.353778,570,5,POINT (-4.5078469090336775 48.29055252006274),1.3838508372293601e-05,-4.5078469090336775,48.29055252006274
2025-09-04 09:59:35.353778,571,5,POINT (-4.507834076526172 48.290548133753596),1.356145113108053e-05,-4.507834076526172,48.290548133753596
2025-09-04 09:59:36.353778,572,5,POINT (-4.507821481419583 48.29054378290111),1.332541283911675e-05,-4.507821481419583,48.29054378290111
2025-09-04 09:59:37.353778,573,5,POINT (-4.507809144403508 48.2905394564968),1.3073627648278518e-05,-4.507809144403508,48.2905394564968
2025-09-04 09:59:38.353778,574,5,POINT (-4.507797348972752 48.2905354337245),1.2462539215806285e-05,-4.507797348972752,48.2905354337245
2025-09-04 09:59:39.353778,575,5,POINT (-4.5077860466369835 48.290531723240534),1.1895817966451166e-05,-4.5077860466369835,48.290531723240534
2025-09-04 09:59:40.353778,576,5,POINT (-4.507775217259888 48.290528323074305),1.1350618426267264e-05,-4.507775217259888,48.290528323074305
2025-09-04 09:59:41.353778,577,5,POINT (-4.507764814108322 48.29052525428212),1.0846337997768845e-05,-4.507764814108322,48.29052525428212
2025-09-04 09:59:42.353778,578,5,POINT (-4.507754806745984 48.29052251069987),1.037663454721062e-05,-4.507754806745984,48.29052251069987
2025-09-04 09:59:43.353778,579,5,POINT (-4.5077451697823205 48.2905201055365),9.932566611703704e-06,-4.5077451697823205,48.2905201055365
2025-09-04 09:59:44.353778,580,5,POINT (-4.507735875653483 48.290518035974394),9.52176024479432e-06,-4.507735875653483,48.290518035974394
2025-09-04 09:59:45.353778,581,5,POINT (-4.507726899614764 48.29051630509494),9.141401138588681e-06,-4.507726899614764,48.29051630509494
2025-09-04 09:59:46.353778,582,5,POINT (-4.507718259187372 48.29051490599597),8.752968836252439e-06,-4.507718259187372,48.29051490599597
2025-09-04 09:59:47.353778,583,5,POINT (-4.507709932504862 48.29051384587908),8.393895962612225e-06,-4.507709932504862,48.29051384587908
2025-09-04 09:59:48.353778,584,5,POINT (-4.507701895565917 48.290513116707295),8.06994913831874e-06,-4.507701895565917,48.290513116707295
2025-09-04 09:59:49.353778,585,5,POINT (-4.507694210288622 48.29051269008994),7.697109163527662e-06,-4.507694210288622,48.29051269008994
2025-09-04 09:59:50.353778,586,5,POINT (-4.507686781129776 48.29051259587316),7.429756252101391e-06,-4.507686781129776,48.29051259587316
2025-09-04 09:59:51.353778,587,5,POINT (-4.507679654221956 48.29051281145838),7.130167743671535e-06,-4.507679654221956,48.29051281145838
2025-09-04 09:59:52.353778,588,5,POINT (-4.507672766644908 48.29051335559287),6.909037555483971e-06,-4.507672766644908,48.29051335559287
2025-09-04 09:59:53.353778,589,5,POINT (-4.50766609672985 48.29051422000128),6.725694668083396e-06,-4.50766609672985,48.29051422000128
2025-09-04 09:59:54.353778,590,5,POINT (-4.507659679654076 48.29051539234256),6.523284876270206e-06,-4.507659679654076,48.29051539234256
2025-09-04 09:59:55.353778,591,5,POINT (-4.507653441691079 48.290516894078216),6.416182068230271e-06,-4.507653441691079,48.290516894078216
2025-09-04 09:59:56.353778,592,5,POINT (-4.507647401924332 48.29051872065811),6.309926819713296e-06,-4.507647401924332,48.29051872065811
2025-09-04 09:59:57.353778,593,5,POINT (-4.507641589629223 48.290520853338116),6.191211386236601e-06,-4.507641589629223,48.290520853338116
2025-09-04 09:59:58.353778,594,5,POINT (-4.507635989148061 48.2905232916042),6.108234668077113e-06,-4.507635989148061,48.2905232916042
2025-09-04 09:59:59.353778,595,5,POINT (-4.507630638580556 48.29052600900138),6.001068242920484e-06,-4.507630638580556,48.29052600900138
2025-09-04 10:00:00.353778,596,5,POINT (-4.5076255445928615 48.29052900904553),5.911765853764328e-06,-4.5076255445928615,48.29052900904553
2025-09-04 10:00:01.353778,597,5,POINT (-4.507620677826374 48.29053229612156),5.872842999373405e-06,-4.507620677826374,48.29053229612156
2025-09-04 10:00:02.353778,598,5,POINT (-4.507616057485388 48.290535859166965),5.834624527542822e-06,-4.507616057485388,48.290535859166965
2025-09-04 10:00:03.353778,599,5,POINT (-4.507611673981168 48.29053968788446),5.820153512656404e-06,-4.507611673981168,48.29053968788446
2025-09-04 10:00:04.353778,600,5,POINT (-4.507607495620083 48.290543802827216),5.864422838365573e-06,-4.507607495620083,48.290543802827216
2025-09-04 10:00:05.353778,601,5,POINT (-4.507603561270555 48.290548176028175),5.882515859152803e-06,-4.507603561270555,48.290548176028175
2025-09-04 10:00:06.353778,602,5,POINT (-4.507599850400097 48.290552819524606),5.9441247184521645e-06,-4.507599850400097,48.290552819524606
2025-09-04 10:00:07.353778,603,5,POINT (-4.507596397442856 48.290557702732116),5.9806880280477595e-06,-4.507596397442856,48.290557702732116
2025-09-04 10:00:08.353778,604,5,POINT (-4.507593224558922 48.2905628263894),6.026529382581467e-06,-4.507593224558922,48.2905628263894
2025-09-04 10:00:09.353778,605,5,POINT (-4.507590270264101 48.290568196486696),6.12909478468844e-06,-4.507590270264101,48.290568196486696
2025-09-04 10:00:10.353778,606,5,POINT (-4.507587572479457 48.29057380549446),6.224067006015221e-06,-4.507587572479457,48.29057380549446
2025-09-04 10:00:11.353778,607,5,POINT (-4.50758515052878 48.29057963357103),6.311285253534663e-06,-4.50758515052878,48.29057963357103
2025-09-04 10:00:12.353778,608,5,POINT (-4.507583000427122 48.29058568404258),6.421148119950208e-06,-4.507583000427122,48.29058568404258
2025-09-04 10:00:13.353778,609,5,POINT (-4.507581090020214 48.29059196105553),6.561291498882065e-06,-4.507581090020214,48.29059196105553
2025-09-04 10:00:14.353778,610,5,POINT (-4.507579451450917 48.29059845920029),6.701551657273921e-06,-4.507579451450917,48.29059845920029
2025-09-04 10:00:15.353778,611,5,POINT (-4.507578048407798 48.2906051759967),6.861769746309189e-06,-4.507578048407798,48.2906051759967
2025-09-04 10:00:16.353778,612,5,POINT (-4.50757689745668 48.29061210257884),7.021554570927755e-06,-4.50757689745668,48.29061210257884
2025-09-04 10:00:17.353778,613,5,POINT (-4.507576082488787 48.29061920737842),7.1513879578020175e-06,-4.507576082488787,48.29061920737842
2025-09-04 10:00:18.353778,614,5,POINT (-4.507575553836405 48.29062650041658),7.3121733384390025e-06,-4.507575553836405,48.29062650041658
2025-09-04 10:00:19.353778,615,5,POINT (-4.5075753253278945 48.29063397175158),7.474828617988997e-06,-4.5075753253278945,48.29063397175158
2025-09-04 10:00:20.353778,616,5,POINT (-4.507575375736528 48.290641626255535),7.654669934240085e-06,-4.507575375736528,48.290641626255535
2025-09-04 10:00:21.353778,617,5,POINT (-4.507575791538442 48.29064941655385),7.801386993658412e-06,-4.507575791538442,48.29064941655385
2025-09-04 10:00:22.353778,618,5,POINT (-4.507576471559287 48.29065738392893),7.996342543101922e-06,-4.507576471559287,48.29065738392893
2025-09-04 10:00:23.353778,619,5,POINT (-4.507577444574492 48.29066552003024),8.194077316763145e-06,-4.507577444574492,48.29066552003024
2025-09-04 10:00:24.353778,620,5,POINT (-4.507578718024316 48.29067381934957),8.396450193183941e-06,-4.507578718024316,48.29067381934957
2025-09-04 10:00:25.353778,621,5,POINT (-4.507580306805364 48.29068226601035),8.594783506933081e-06,-4.507580306805364,48.29068226601035
2025-09-04 10:00:26.353778,622,5,POINT (-4.507582183965683 48.29069087424089),8.81052574170048e-06,-4.507582183965683,48.29069087424089
2025-09-04 10:00:27.353778,623,5,POINT (-4.5075840852516045 48.29069934192137),8.678507986569542e-06,-4.5075840852516045,48.29069934192137
2025-09-04 10:00:28.353778,624,5,POINT (-4.507585980153639 48.29070768169383),8.55233643320382e-06,-4.507585980153639,48.29070768169383
2025-09-04 10:00:29.353778,625,5,POINT (-4.50758786247331 48.290715898744764),8.429890472526808e-06,-4.50758786247331,48.290715898744764
2025-09-04 10:00:30.353778,626,5,POINT (-4.5075897176848185 48.290724011346825),8.322026311675236e-06,-4.5075897176848185,48.290724011346825
2025-09-04 10:00:31.353778,627,5,POINT (-4.507591587402882 48.29073199520034),8.199863570397146e-06,-4.507591587402882,48.29073199520034
2025-09-04 10:00:32.353778,628,5,POINT (-4.507593475356579 48.29073984649047),8.075092930828712e-06,-4.507593475356579,48.29073984649047
2025-09-04 10:00:33.353778,629,5,POINT (-4.5075953595518765 48.29074758442048),7.964028678663064e-06,-4.5075953595518765,48.29074758442048
2025-09-04 10:00:34.353778,630,5,POINT (-4.50759723575503 48.290755219570826),7.862293500607853e-06,-4.50759723575503,48.290755219570826
2025-09-04 10:00:35.353778,631,5,POINT (-4.507599085860813 48.2907627429324),7.747506746577026e-06,-4.507599085860813,48.2907627429324
2025-09-04 10:00:36.353778,632,5,POINT (-4.507600922903584 48.290770152867346),7.634255826779987e-06,-4.507600922903584,48.290770152867346
2025-09-04 10:00:37.353778,633,5,POINT (-4.507602730238756 48.29077746772021),7.534821356256525e-06,-4.507602730238756,48.29077746772021
2025-09-04 10:00:38.353778,634,5,POINT (-4.5076041499959505 48.29078445266643),7.127775540643554e-06,-4.5076041499959505,48.29078445266643
2025-09-04 10:00:39.353778,635,5,POINT (-4.507605157766149 48.29079113198863),6.754920117399266e-06,-4.507605157766149,48.29079113198863
2025-09-04 10:00:40.353778,636,5,POINT (-4.507605746201157 48.29079751789701),6.412962003790539e-06,-4.507605746201157,48.29079751789701
2025-09-04 10:00:41.353778,637,5,POINT (-4.507605952669988 48.290803585397896),6.071012794829672e-06,-4.507605952669988,48.290803585397896
2025-09-04 10:00:42.353778,638,5,POINT (-4.50760570952996 48.29080938707119),5.806765890921175e-06,-4.50760570952996,48.29080938707119
2025-09-04 10:00:43.353778,639,5,POINT (-4.507605010341777 48.29081494049568),5.5972660864297055e-06,-4.507605010341777,48.29081494049568
2025-09-04 10:00:44.353778,640,5,POINT (-4.507603871990952 48.29082024285608),5.423178810329104e-06,-4.507603871990952,48.29082024285608
2025-09-04 10:00:45.353778,641,5,POINT (-4.507602298560142 48.2908252913675),5.288019672562033e-06,-4.507602298560142,48.2908252913675
2025-09-04 10:00:46.353778,642,5,POINT (-4.5076003121019905 48.2908300825402),5.186651311278946e-06,-4.5076003121019905,48.2908300825402
2025-09-04 10:00:47.353778,643,5,POINT (-4.50759789462921 48.2908346365981),5.155930373926287e-06,-4.50759789462921,48.2908346365981
2025-09-04 10:00:48.353778,644,5,POINT (-4.507595058275531 48.2908389544003),5.16607375484863e-06,-4.507595058275531,48.2908389544003
2025-09-04 10:00:49.353778,645,5,POINT (-4.5075918426964785 48.290843013473),5.178418661850791e-06,-4.5075918426964785,48.290843013473
2025-09-04 10:00:50.353778,646,5,POINT (-4.507588218118385 48.29084683019106),5.263544725575415e-06,-4.507588218118385,48.29084683019106
2025-09-04 10:00:51.353778,647,5,POINT (-4.507584219976883 48.29085040336304),5.3621538086671115e-06,-4.507584219976883,48.29085040336304
2025-09-04 10:00:52.353778,648,5,POINT (-4.5075797975503615 48.290853768407324),5.557101707488865e-06,-4.5075797975503615,48.290853768407324
2025-09-04 10:00:53.353778,649,5,POINT (-4.5075749650876595 48.290856924633616),5.771867996736024e-06,-4.5075749650876595,48.290856924633616
2025-09-04 10:00:54.353778,650,5,POINT (-4.507570162134823 48.29086006482625),5.7383940013774046e-06,-4.507570162134823,48.29086006482625
2025-09-04 10:00:55.353778,651,5,POINT (-4.50756535908587 48.290863219090504),5.746186756785284e-06,-4.50756535908587,48.290863219090504
2025-09-04 10:00:56.353778,652,5,POINT (-4.507560548381726 48.290866372409276),5.752068640461271e-06,-4.507560548381726,48.290866372409276
2025-09-04 10:00:57.353778,653,5,POINT (-4.507555732432978 48.29086953086503),5.759271229208739e-06,-4.507555732432978,48.29086953086503
2025-09-04 10:00:58.353778,654,5,POINT (-4.507550913942055 48.29087269328764),5.763572809795505e-06,-4.507550913942055,48.29087269328764
2025-09-04 10:00:59.353778,655,5,POINT (-4.507546062186699 48.29087589532592),5.813138495813525e-06,-4.507546062186699,48.29087589532592
2025-09-04 10:01:00.353778,656,5,POINT (-4.507541206761445 48.290879102123505),5.818823348163574e-06,-4.507541206761445,48.290879102123505
2025-09-04 10:01:01.353778,657,5,POINT (-4.507536354771611 48.29088230737198),5.815103020429636e-06,-4.507536354771611,48.29088230737198
2025-09-04 10:01:02.353778,658,5,POINT (-4.507531464698091 48.290885541629535),5.862869687026899e-06,-4.507531464698091,48.290885541629535
2025-09-04 10:01:03.353778,659,5,POINT (-4.507526598952417 48.29088876677807),5.837556339632466e-06,-4.507526598952417,48.29088876677807
2025-09-04 10:01:04.353778,660,5,POINT (-4.507521733942106 48.29089200934329),5.846584861061718e-06,-4.507521733942106,48.29089200934329
2025-09-04 10:01:05.353778,661,5,POINT (-4.50751685130164 48.290895272232646),5.872531386306429e-06,-4.50751685130164,48.290895272232646
2025-09-04 10:01:06.353778,662,5,POINT (-4.507511998212674 48.29089852511954),5.84240923198454e-06,-4.507511998212674,48.29089852511954
2025-09-04 10:01:07.353778,663,5,POINT (-4.507507144316284 48.290901778346225),5.8432691234155446e-06,-4.507507144316284,48.290901778346225
2025-09-04 10:01:08.353778,664,5,POINT (-4.507502290445474 48.29090503277962),5.843919794355616e-06,-4.507502290445474,48.29090503277962
2025-09-04 10:01:09.353778,665,5,POINT (-4.507497481421244 48.29090826469705),5.794135339239949e-06,-4.507497481421244,48.29090826469705
2025-09-04 10:01:10.353778,666,5,POINT (-4.507492667945615 48.29091150046838),5.799979632232715e-06,-4.507492667945615,48.29091150046838
2025-09-04 10:01:11.353778,667,5,POINT (-4.507487853602714 48.29091473676225),5.800990910594497e-06,-4.507487853602714,48.29091473676225
2025-09-04 10:01:12.353778,668,5,POINT (-4.507483023974422 48.29091799048583),5.823403351896652e-06,-4.507483023974422,48.29091799048583
2025-09-04 10:01:13.353778,669,5,POINT (-4.507478190087818 48.29092125439216),5.832627557546938e-06,-4.507478190087818,48.29092125439216
2025-09-04 10:01:14.353778,670,5,POINT (-4.507473328121044 48.29092454280568),5.869615354950656e-06,-4.507473328121044,48.29092454280568
2025-09-04 10:01:15.353778,671,5,POINT (-4.5074684457524405 48.29092784023039),5.891564551612391e-06,-4.5074684457524405,48.29092784023039
2025-09-04 10:01:16.353778,672,5,POINT (-4.507463538597553 48.290931161009446),5.925178701466809e-06,-4.507463538597553,48.290931161009446
2025-09-04 10:01:17.353778,673,5,POINT (-4.507458609057577 48.29093449243324),5.949684769188929e-06,-4.507458609057577,48.29093449243324
2025-09-04 10:01:18.353778,674,5,POINT (-4.507453672014144 48.290937842071145),5.966110287956337e-06,-4.507453672014144,48.290937842071145
2025-09-04 10:01:19.353778,675,5,POINT (-4.507448728040085 48.29094120692296),5.980393567539468e-06,-4.507448728040085,48.29094120692296
2025-09-04 10:01:20.353778,676,5,POINT (-4.507443784859075 48.290944589282795),5.989607379385079e-06,-4.507443784859075,48.290944589282795
2025-09-04 10:01:21.353778,677,5,POINT (-4.507438822608569 48.29094798484093),6.012798446106908e-06,-4.507438822608569,48.29094798484093
2025-09-04 10:01:22.353778,678,5,POINT (-4.507433855017 48.29095138526381),6.019953632562616e-06,-4.507433855017,48.29095138526381
2025-09-04 10:01:23.353778,679,5,POINT (-4.507428903945381 48.29095477907255),6.002586770918427e-06,-4.507428903945381,48.29095477907255
2025-09-04 10:01:24.353778,680,5,POINT (-4.50742395837564 48.29095817053858),5.996724263662677e-06,-4.50742395837564,48.29095817053858
2025-09-04 10:01:25.353778,681,5,POINT (-4.50741900574526 48.29096156736512),6.00557892686896e-06,-4.50741900574526,48.29096156736512
2025-09-04 10:01:26.353778,682,5,POINT (-4.507414059133139 48.29096495469552),5.995246340019763e-06,-4.507414059133139,48.29096495469552
2025-09-04 10:01:27.353778,683,5,POINT (-4.507408539010234 48.29096798643021),6.297870444657589e-06,-4.507408539010234,48.29096798643021
2025-09-04 10:01:28.353778,684,5,POINT (-4.507402407104676 48.29097068484449),6.699380970001099e-06,-4.507402407104676,48.29097068484449
2025-09-04 10:01:29.353778,685,5,POINT (-4.507395696050918 48.29097302065642),7.10593132101609e-06,-4.507395696050918,48.29097302065642
2025-09-04 10:01:30.353778,686,5,POINT (-4.507388384168011 48.290975004068756),7.576117483721248e-06,-4.507388384168011,48.290975004068756
2025-09-04 10:01:31.353778,687,5,POINT (-4.50738046806964 48.290976631975816),8.081750726859925e-06,-4.50738046806964,48.290976631975816
2025-09-04 10:01:32.353778,688,5,POINT (-4.5073719346540955 48.29097790813084),8.628311104122011e-06,-4.5073719346540955,48.29097790813084
2025-09-04 10:01:33.353778,689,5,POINT (-4.507362779497993 48.290978829921954),9.201444566903475e-06,-4.507362779497993,48.290978829921954
2025-09-04 10:01:34.353778,690,5,POINT (-4.507353086573963 48.29097933322522),9.705982197859728e-06,-4.507353086573963,48.29097933322522
2025-09-04 10:01:35.353778,691,5,POINT (-4.507342818447955 48.29097943930189),1.0268673915289908e-05,-4.507342818447955,48.29097943930189
2025-09-04 10:01:36.353778,692,5,POINT (-4.5073319775948 48.29097914147876),1.0844943325904855e-05,-4.5073319775948,48.29097914147876
2025-09-04 10:01:37.353778,693,5,POINT (-4.507320562638784 48.29097843570398),1.1436753862360305e-05,-4.507320562638784,48.29097843570398
2025-09-04 10:01:38.353778,694,5,POINT (-4.507308589835045 48.290977306324336),1.202595225904126e-05,-4.507308589835045,48.290977306324336
2025-09-04 10:01:39.353778,695,5,POINT (-4.507296126059284 48.29097570583041),1.256611662434462e-05,-4.507296126059284,48.29097570583041
2025-09-04 10:01:40.353778,696,5,POINT (-4.5072831293473055 48.290973676898204),1.315412817940467e-05,-4.5072831293473055,48.290973676898204
2025-09-04 10:01:41.353778,697,5,POINT (-4.5072696084861334 48.2909712122601),1.374365773130836e-05,-4.5072696084861334,48.2909712122601
2025-09-04 10:01:42.353778,698,5,POINT (-4.507255637489772 48.29096827853691),1.4275695117180124e-05,-4.507255637489772,48.29096827853691
2025-09-04 10:01:43.353778,699,5,POINT (-4.507241863959811 48.290965375683385),1.4076103373003114e-05,-4.507241863959811,48.290965375683385
2025-09-04 10:01:44.353778,700,5,POINT (-4.507228313220195 48.29096249300531),1.3853966111439417e-05,-4.507228313220195,48.29096249300531
2025-09-04 10:01:45.353778,701,5,POINT (-4.507214971865562 48.29095961968096),1.3647261126931416e-05,-4.507214971865562,48.29095961968096
2025-09-04 10:01:46.353778,702,5,POINT (-4.507201807957528 48.290956776383105),1.3467472570075435e-05,-4.507201807957528,48.290956776383105
2025-09-04 10:01:47.353778,703,5,POINT (-4.507188802554598 48.29095397448911),1.3303800784113884e-05,-4.507188802554598,48.29095397448911
2025-09-04 10:01:48.353778,704,5,POINT (-4.507175969122306 48.29095120317411),1.3129248692894014e-05,-4.507175969122306,48.29095120317411
2025-09-04 10:01:49.353778,705,5,POINT (-4.507163357327164 48.290948439774326),1.2910993574638095e-05,-4.507163357327164,48.290948439774326
2025-09-04 10:01:50.353778,706,5,POINT (-4.507151239399703 48.29094600979228),1.2359165776349247e-05,-4.507151239399703,48.29094600979228
2025-09-04 10:01:51.353778,707,5,POINT (-4.507139652997111 48.29094390032825),1.1776865606245555e-05,-4.507139652997111,48.29094390032825
2025-09-04 10:01:52.353778,708,5,POINT (-4.507128560665605 48.29094213502047),1.123192458078566e-05,-4.507128560665605,48.29094213502047
2025-09-04 10:01:53.353778,709,5,POINT (-4.507117969021767 48.290940716142835),1.0686259071848898e-05,-4.507117969021767,48.290940716142835
2025-09-04 10:01:54.353778,710,5,POINT (-4.507107860777023 48.290939656995384),1.0163582297388834e-05,-4.507107860777023,48.290939656995384
2025-09-04 10:01:55.353778,711,5,POINT (-4.5070982127501855 48.290938973113924),9.672234267010221e-06,-4.5070982127501855,48.290938973113924
2025-09-04 10:01:56.353778,712,5,POINT (-4.507089017807882 48.290938672502584),9.199854952316829e-06,-4.507089017807882,48.290938672502584
2025-09-04 10:01:57.353778,713,5,POINT (-4.50708028714227 48.290938755063884),8.731055972408618e-06,-4.50708028714227,48.290938755063884
2025-09-04 10:01:58.353778,714,5,POINT (-4.5070720293856485 48.290939221942466),8.270944325292833e-06,-4.5070720293856485,48.290939221942466
2025-09-04 10:01:59.353778,715,5,POINT (-4.507064243428092 48.29094007848411),7.832930401204502e-06,-4.507064243428092,48.29094007848411
2025-09-04 10:02:00.353778,716,5,POINT (-4.507056851091465 48.290941362641156),7.503046055504187e-06,-4.507056851091465,48.290941362641156
2025-09-04 10:02:01.353778,717,5,POINT (-4.507049897205706 48.290943059806025),7.157995232697253e-06,-4.507049897205706,48.290943059806025
2025-09-04 10:02:02.353778,718,5,POINT (-4.5070433354618356 48.29094519398407),6.900086850983747e-06,-4.5070433354618356,48.29094519398407
2025-09-04 10:02:03.353778,719,5,POINT (-4.507037237459151 48.29094773952812),6.607982388206369e-06,-4.507037237459151,48.29094773952812
2025-09-04 10:02:04.353778,720,5,POINT (-4.507031560211047 48.290950718991475),6.411579205962735e-06,-4.507031560211047,48.290950718991475
2025-09-04 10:02:05.353778,721,5,POINT (-4.507026309622062 48.29095413438399),6.263672301868057e-06,-4.507026309622062,48.29095413438399
2025-09-04 10:02:06.353778,722,5,POINT (-4.507021335616634 48.29095782105982),6.191309125630012e-06,-4.507021335616634,48.29095782105982
2025-09-04 10:02:07.353778,723,5,POINT (-4.507016600237787 48.29096178479027),6.17535196604484e-06,-4.507016600237787,48.29096178479027
2025-09-04 10:02:08.353778,724,5,POINT (-4.507012144367518 48.2909660039773),6.136474482302441e-06,-4.507012144367518,48.2909660039773
2025-09-04 10:02:09.353778,725,5,POINT (-4.507007983695568 48.2909704648173),6.10002332344863e-06,-4.507007983695568,48.2909704648173
2025-09-04 10:02:10.353778,726,5,POINT (-4.507004076640612 48.29097518736199),6.129233782218736e-06,-4.507004076640612,48.29097518736199
2025-09-04 10:02:11.353778,727,5,POINT (-4.507000444143869 48.290980161385804),6.159216307387306e-06,-4.507000444143869,48.290980161385804
2025-09-04 10:02:12.353778,728,5,POINT (-4.506997063235668 48.29098539793182),6.2331335972987895e-06,-4.506997063235668,48.29098539793182
2025-09-04 10:02:13.353778,729,5,POINT (-4.50699394540729 48.29099087865338),6.305486709021126e-06,-4.50699394540729,48.29099087865338
2025-09-04 10:02:14.353778,730,5,POINT (-4.506991087720676 48.290996596970025),6.392614333316237e-06,-4.506991087720676,48.290996596970025
2025-09-04 10:02:15.353778,731,5,POINT (-4.5069885048659 48.29100253952326),6.47958932112968e-06,-4.5069885048659,48.29100253952326
2025-09-04 10:02:16.353778,732,5,POINT (-4.506986247261598 48.29100868923759),6.551012405110075e-06,-4.506986247261598,48.29100868923759
2025-09-04 10:02:17.353778,733,5,POINT (-4.506983978989357 48.2910147899445),6.5087390253812026e-06,-4.506983978989357,48.2910147899445
2025-09-04 10:02:18.353778,734,5,POINT (-4.506981707955386 48.29102083564571),6.458180738197099e-06,-4.506981707955386,48.29102083564571
2025-09-04 10:02:19.353778,735,5,POINT (-4.5069794036702024 48.2910268343402),6.426045891464295e-06,-4.5069794036702024,48.2910268343402
2025-09-04 10:02:20.353778,736,5,POINT (-4.506977098984261 48.291032770496805),6.3678514840300386e-06,-4.506977098984261,48.291032770496805
2025-09-04 10:02:21.353778,737,5,POINT (-4.506975031228605 48.291038947565646),6.513969059691737e-06,-4.506975031228605,48.291038947565646
2025-09-04 10:02:22.353778,738,5,POINT (-4.506973245510718 48.291045342388735),6.639469158804526e-06,-4.506973245510718,48.291045342388735
2025-09-04 10:02:23.353778,739,5,POINT (-4.506971768395807 48.29105194024018),6.761176832457153e-06,-4.506971768395807,48.29105194024018
2025-09-04 10:02:24.353778,740,5,POINT (-4.5069705399177415 48.291058758035696),6.927589339028999e-06,-4.5069705399177415,48.291058758035696
2025-09-04 10:02:25.353778,741,5,POINT (-4.506969629320828 48.291065775129375),7.075930358966096e-06,-4.506969629320828,48.291065775129375
2025-09-04 10:02:26.353778,742,5,POINT (-4.506969066309052 48.29107296608801),7.212965294108003e-06,-4.506969066309052,48.29107296608801
2025-09-04 10:02:27.353778,743,5,POINT (-4.506968808282152 48.29108034560896),7.384030563116404e-06,-4.506968808282152,48.29108034560896
2025-09-04 10:02:28.353778,744,5,POINT (-4.506968829673388 48.29108791472054),7.569141808129282e-06,-4.506968829673388,48.29108791472054
2025-09-04 10:02:29.353778,745,5,POINT (-4.506969154011491 48.291095669467694),7.761526821199142e-06,-4.506969154011491,48.291095669467694
2025-09-04 10:02:30.353778,746,5,POINT (-4.506969859939774 48.291103555492874),7.917558202309901e-06,-4.506969859939774,48.291103555492874
2025-09-04 10:02:31.353778,747,5,POINT (-4.506970917385421 48.29111158669582),8.100519245385545e-06,-4.506970917385421,48.29111158669582
2025-09-04 10:02:32.353778,748,5,POINT (-4.506972296730985 48.29111977757346),8.306206761148324e-06,-4.506972296730985,48.29111977757346
2025-09-04 10:02:33.353778,749,5,POINT (-4.50697400662683 48.29112811043654),8.506488748627495e-06,-4.50697400662683,48.29112811043654
2025-09-04 10:02:34.353778,750,5,POINT (-4.506976056718387 48.29113658359438),8.71764183668696e-06,-4.506976056718387,48.29113658359438
2025-09-04 10:02:35.353778,751,5,POINT (-4.506978464804053 48.2911451774651),8.924880418246003e-06,-4.506978464804053,48.2911451774651
2025-09-04 10:02:36.353778,752,5,POINT (-4.5069808340168755 48.291153657517704),8.804797647393183e-06,-4.5069808340168755,48.291153657517704
2025-09-04 10:02:37.353778,753,5,POINT (-4.506983173914291 48.29116203039558),8.69368758879649e-06,-4.506983173914291,48.29116203039558
2025-09-04 10:02:38.353778,754,5,POINT (-4.506985506336007 48.291170281444074),8.574379993463573e-06,-4.506985506336007,48.291170281444074
2025-09-04 10:02:39.353778,755,5,POINT (-4.506987840106133 48.291178405370026),8.452494061797262e-06,-4.506987840106133,48.291178405370026
2025-09-04 10:02:40.353778,756,5,POINT (-4.506990146735113 48.29118642598703),8.345707540664923e-06,-4.506990146735113,48.29118642598703
2025-09-04 10:02:41.353778,757,5,POINT (-4.506992406709778 48.29119435958898),8.249213622051948e-06,-4.506992406709778,48.29119435958898
2025-09-04 10:02:42.353778,758,5,POINT (-4.506994635679323 48.29120220148286),8.152521382968742e-06,-4.506994635679323,48.29120220148286
2025-09-04 10:02:43.353778,759,5,POINT (-4.506996807673073 48.29120995409698),8.051123058080334e-06,-4.506996807673073,48.29120995409698
2025-09-04 10:02:44.353778,760,5,POINT (-4.506998951960191 48.291217613524914),7.95391749737058e-06,-4.506998951960191,48.291217613524914
2025-09-04 10:02:45.353778,761,5,POINT (-4.507000688898325 48.29122495631382),7.545429277553556e-06,-4.507000688898325,48.29122495631382
2025-09-04 10:02:46.353778,762,5,POINT (-4.507001963861517 48.29123202008547),7.177910631255101e-06,-4.507001963861517,48.29123202008547
2025-09-04 10:02:47.353778,763,5,POINT (-4.507002780737198 48.29123882211533),6.850904770300967e-06,-4.507002780737198,48.29123882211533
2025-09-04 10:02:48.353778,764,5,POINT (-4.507003142533633 48.29124535940978),6.5472983234795595e-06,-4.507003142533633,48.29124535940978
2025-09-04 10:02:49.353778,765,5,POINT (-4.507003044956312 48.29125165241978),6.2937664581680216e-06,-4.507003044956312,48.29125165241978
2025-09-04 10:02:50.353778,766,5,POINT (-4.507002496674766 48.29125768839354),6.060824358537163e-06,-4.507002496674766,48.29125768839354
2025-09-04 10:02:51.353778,767,5,POINT (-4.507001462702762 48.291263514035634),5.916688590936814e-06,-4.507001462702762,48.291263514035634
2025-09-04 10:02:52.353778,768,5,POINT (-4.506999992792981 48.29126909383486),5.770164139800732e-06,-4.506999992792981,48.29126909383486
2025-09-04 10:02:53.353778,769,5,POINT (-4.5069980696642045 48.29127446266013),5.70286848872308e-06,-4.5069980696642045,48.29127446266013
2025-09-04 10:02:54.353778,770,5,POINT (-4.506995678033988 48.291279626151976),5.690478290041315e-06,-4.506995678033988,48.291279626151976
2025-09-04 10:02:55.353778,771,5,POINT (-4.506992873588089 48.291284545510216),5.6625967797909484e-06,-4.506992873588089,48.291284545510216
2025-09-04 10:02:56.353778,772,5,POINT (-4.506989619250669 48.291289275823765),5.741652925219925e-06,-4.506989619250669,48.291289275823765
2025-09-04 10:02:57.353778,773,5,POINT (-4.506985923360937 48.29129382248292),5.859326786475511e-06,-4.506985923360937,48.29129382248292
2025-09-04 10:02:58.353778,774,5,POINT (-4.506981779700368 48.29129818292476),6.0152619206176934e-06,-4.506981779700368,48.29129818292476
2025-09-04 10:02:59.353778,775,5,POINT (-4.50697721680981 48.291302339365394),6.172193205613725e-06,-4.50697721680981,48.291302339365394
2025-09-04 10:03:00.353778,776,5,POINT (-4.506972204147467 48.29130632713375),6.4053946209792295e-06,-4.506972204147467,48.29130632713375
2025-09-04 10:03:01.353778,777,5,POINT (-4.506966770126162 48.29131011431496),6.623543540735072e-06,-4.506966770126162,48.29131011431496
2025-09-04 10:03:02.353778,778,5,POINT (-4.506960912260008 48.291313730192165),6.883978779545763e-06,-4.506960912260008,48.291313730192165
2025-09-04 10:03:03.353778,779,5,POINT (-4.5069546468888735 48.29131715847637),7.141989080673729e-06,-4.5069546468888735,48.29131715847637
2025-09-04 10:03:04.353778,780,5,POINT (-4.506947989516695 48.29132039558739),7.402667904718132e-06,-4.506947989516695,48.29132039558739
2025-09-04 10:03:05.353778,781,5,POINT (-4.506940939455978 48.29132344159531),7.679942730798906e-06,-4.506940939455978,48.29132344159531
2025-09-04 10:03:06.353778,782,5,POINT (-4.506933493436829 48.291326295151464),7.974082009157564e-06,-4.506933493436829,48.291326295151464
2025-09-04 10:03:07.353778,783,5,POINT (-4.506925638614381 48.291328977575226),8.300218848751028e-06,-4.506925638614381,48.291328977575226
2025-09-04 10:03:08.353778,784,5,POINT (-4.506917421802134 48.29133146231331),8.584283711314678e-06,-4.506917421802134,48.29133146231331
2025-09-04 10:03:09.353778,785,5,POINT (-4.506908817047252 48.29133377500041),8.910125038823418e-06,-4.506908817047252,48.29133377500041
2025-09-04 10:03:10.353778,786,5,POINT (-4.506899879968668 48.291335882439256),9.182193207619699e-06,-4.506899879968668,48.291335882439256
2025-09-04 10:03:11.353778,787,5,POINT (-4.506890572731452 48.291337813797576),9.50551469212293e-06,-4.506890572731452,48.291337813797576
2025-09-04 10:03:12.353778,788,5,POINT (-4.506880908040141 48.291339564999134),9.822065212651206e-06,-4.506880908040141,48.291339564999134
2025-09-04 10:03:13.353778,789,5,POINT (-4.50687090382204 48.291341128196954),1.0125609474889343e-05,-4.50687090382204,48.291341128196954
2025-09-04 10:03:14.353778,790,5,POINT (-4.506860571729028 48.291342495631895),1.0422189036472742e-05,-4.506860571729028,48.291342495631895
2025-09-04 10:03:15.353778,791,5,POINT (-4.5068498899025045 48.2913436848238),1.0747818163348911e-05,-4.5068498899025045,48.2913436848238
2025-09-04 10:03:16.353778,792,5,POINT (-4.506838943276367 48.29134465138848),1.0989216125847434e-05,-4.506838943276367,48.29134465138848
2025-09-04 10:03:17.353778,793,5,POINT (-4.506827711120707 48.2913454020836),1.1257213862764111e-05,-4.506827711120707,48.2913454020836
2025-09-04 10:03:18.353778,794,5,POINT (-4.506816194894267 48.29134595043844),1.1529274237745206e-05,-4.506816194894267,48.29134595043844
2025-09-04 10:03:19.353778,795,5,POINT (-4.5068047838489695 48.291346505451216),1.142453473685364e-05,-4.5068047838489695,48.291346505451216
2025-09-04 10:03:20.353778,796,5,POINT (-4.506793463964062 48.29134708609893),1.1334767138821007e-05,-4.506793463964062,48.29134708609893
2025-09-04 10:03:21.353778,797,5,POINT (-4.50678225810056 48.29134767028594),1.1221080664711167e-05,-4.50678225810056,48.29134767028594
2025-09-04 10:03:22.353778,798,5,POINT (-4.5067711838141244 48.29134825040735),1.108947072276347e-05,-4.5067711838141244,48.29134825040735
2025-09-04 10:03:23.353778,799,5,POINT (-4.506760220674704 48.2913488347661),1.0978702158764247e-05,-4.506760220674704,48.2913488347661
2025-09-04 10:03:24.353778,800,5,POINT (-4.506749347317901 48.29134943599079),1.0889965991832542e-05,-4.506749347317901,48.29134943599079
2025-09-04 09:50:04.353778,0,6,POINT (-4.59458909454955 48.28272656192),6.28259116995175e-07,-4.59458909454955,48.28272656192
2025-09-04 09:50:05.353778,1,6,POINT (-4.594589567229476 48.28272697578375),6.28259116995175e-07,-4.594589567229476,48.28272697578375
2025-09-04 09:50:06.353778,2,6,POINT (-4.594590526227391 48.28272779572932),1.2617399641696326e-06,-4.594590526227391,48.28272779572932
2025-09-04 09:50:07.353778,3,6,POINT (-4.594591967329835 48.28272902441474),1.8937909380425244e-06,-4.594591967329835,48.28272902441474
2025-09-04 09:50:08.353778,4,6,POINT (-4.594593892880441 48.282730660845935),2.526984801437271e-06,-4.594593892880441,48.282730660845935
2025-09-04 09:50:09.353778,5,6,POINT (-4.594596303648262 48.282732705092485),3.1608140474952874e-06,-4.594596303648262,48.282732705092485
2025-09-04 09:50:10.353778,6,6,POINT (-4.594599211716214 48.282735150709726),3.799724056092224e-06,-4.594599211716214,48.282735150709726
2025-09-04 09:50:11.353778,7,6,POINT (-4.594602666184633 48.28273796916338),4.458366634130366e-06,-4.594602666184633,48.28273796916338
2025-09-04 09:50:12.353778,8,6,POINT (-4.59460662443742 48.28274118654043),5.10090974255264e-06,-4.59460662443742,48.28274118654043
2025-09-04 09:50:13.353778,9,6,POINT (-4.594611111236214 48.28274478884176),5.753949801217297e-06,-4.594611111236214,48.28274478884176
2025-09-04 09:50:14.353778,10,6,POINT (-4.594616125895789 48.28274877752504),6.4075272130328755e-06,-4.594616125895789,48.28274877752504
2025-09-04 09:50:15.353778,11,6,POINT (-4.5946216976091225 48.28275313554527),7.073636248165306e-06,-4.5946216976091225,48.28275313554527
2025-09-04 09:50:16.353778,12,6,POINT (-4.594627911155088 48.282757809606345),7.775281370708257e-06,-4.594627911155088,48.282757809606345
2025-09-04 09:50:17.353778,13,6,POINT (-4.594634717257606 48.282762831335255),8.458179043488178e-06,-4.594634717257606,48.282762831335255
2025-09-04 09:50:18.353778,14,6,POINT (-4.594642168588122 48.2827681664577),9.164379845505043e-06,-4.594642168588122,48.2827681664577
2025-09-04 09:50:19.353778,15,6,POINT (-4.594650236307632 48.28277380996182),9.845670968419761e-06,-4.594650236307632,48.28277380996182
2025-09-04 09:50:20.353778,16,6,POINT (-4.594658942262295 48.28277972849311),1.052723416979239e-05,-4.594658942262295,48.28277972849311
2025-09-04 09:50:21.353778,17,6,POINT (-4.594668324381724 48.28278589061574),1.1224790434379377e-05,-4.594668324381724,48.28278589061574
2025-09-04 09:50:22.353778,18,6,POINT (-4.594678337331994 48.282792309590654),1.1893797209079075e-05,-4.594678337331994,48.282792309590654
2025-09-04 09:50:23.353778,19,6,POINT (-4.59468898547384 48.282798977341116),1.2563511491107115e-05,-4.59468898547384,48.282798977341116
2025-09-04 09:50:24.353778,20,6,POINT (-4.594700312651722 48.28280584274892),1.3245330614812368e-05,-4.594700312651722,48.28280584274892
2025-09-04 09:50:25.353778,21,6,POINT (-4.5947123037142665 48.282812894704385),1.3910990504524962e-05,-4.5947123037142665,48.282812894704385
2025-09-04 09:50:26.353778,22,6,POINT (-4.594724967560073 48.28282011440195),1.4577277645257579e-05,-4.594724967560073,48.28282011440195
2025-09-04 09:50:27.353778,23,6,POINT (-4.59473833692077 48.28282746040794),1.5254625835950996e-05,-4.59473833692077,48.28282746040794
2025-09-04 09:50:28.353778,24,6,POINT (-4.594752383481647 48.282834944717756),1.5916053717592476e-05,-4.594752383481647,48.282834944717756
2025-09-04 09:50:29.353778,25,6,POINT (-4.594767125933964 48.28284251683149),1.6573376441170836e-05,-4.594767125933964,48.28284251683149
2025-09-04 09:50:30.353778,26,6,POINT (-4.594782611309984 48.282850116865504),1.7249851812753963e-05,-4.594782611309984,48.282850116865504
2025-09-04 09:50:31.353778,27,6,POINT (-4.5947983779402355 48.28285759873677),1.7451791515461192e-05,-4.5947983779402355,48.28285759873677
2025-09-04 09:50:32.353778,28,6,POINT (-4.59481445629396 48.282864948610644),1.767863412401876e-05,-4.59481445629396,48.282864948610644
2025-09-04 09:50:33.353778,29,6,POINT (-4.594830829021308 48.28287216713105),1.789338530522565e-05,-4.594830829021308,48.28287216713105
2025-09-04 09:50:34.353778,30,6,POINT (-4.594847510855932 48.28287924710299),1.8122075186719627e-05,-4.594847510855932,48.28287924710299
2025-09-04 09:50:35.353778,31,6,POINT (-4.5948645007725135 48.28288615336904),1.8339950278257134e-05,-4.5948645007725135,48.28288615336904
2025-09-04 09:50:36.353778,32,6,POINT (-4.594881753217043 48.282892931718685),1.8536258148401286e-05,-4.594881753217043,48.282892931718685
2025-09-04 09:50:37.353778,33,6,POINT (-4.5948993025642135 48.28289953438006),1.8750325951706335e-05,-4.5948993025642135,48.28289953438006
2025-09-04 09:50:38.353778,34,6,POINT (-4.5949171613299 48.28290595013054),1.8976231610176587e-05,-4.5949171613299,48.28290595013054
2025-09-04 09:50:39.353778,35,6,POINT (-4.59493529234783 48.28291220245542),1.917877414154659e-05,-4.59493529234783,48.28291220245542
2025-09-04 09:50:40.353778,36,6,POINT (-4.594953694874205 48.28291828057541),1.9380312679598536e-05,-4.594953694874205,48.28291828057541
2025-09-04 09:50:41.353778,37,6,POINT (-4.594972374334679 48.2829241617536),1.9583424126406493e-05,-4.594972374334679,48.2829241617536
2025-09-04 09:50:42.353778,38,6,POINT (-4.594991319516217 48.28292984146702),1.977824684104422e-05,-4.594991319516217,48.28292984146702
2025-09-04 09:50:43.353778,39,6,POINT (-4.595010045977441 48.28293519994881),1.9478030624480845e-05,-4.595010045977441,48.28293519994881
2025-09-04 09:50:44.353778,40,6,POINT (-4.59502855517091 48.282940228467794),1.9180100262137367e-05,-4.59502855517091,48.282940228467794
2025-09-04 09:50:45.353778,41,6,POINT (-4.595046816445882 48.28294496979157),1.8866751569296786e-05,-4.595046816445882,48.28294496979157
2025-09-04 09:50:46.353778,42,6,POINT (-4.595064833941321 48.28294941000966),1.8556553519574566e-05,-4.595064833941321,48.28294941000966
2025-09-04 09:50:47.353778,43,6,POINT (-4.595082615221198 48.282953582114516),1.8264182790813908e-05,-4.595082615221198,48.282953582114516
2025-09-04 09:50:48.353778,44,6,POINT (-4.595100146533105 48.282957476222784),1.7958590601288537e-05,-4.595100146533105,48.282957476222784
2025-09-04 09:50:49.353778,45,6,POINT (-4.5951174163980575 48.282961144679774),1.765519221541855e-05,-4.5951174163980575,48.282961144679774
2025-09-04 09:50:50.353778,46,6,POINT (-4.595134436838087 48.28296454323377),1.735642670746136e-05,-4.595134436838087,48.28296454323377
2025-09-04 09:50:51.353778,47,6,POINT (-4.595151201611253 48.28296771106357),1.706144088120247e-05,-4.595151201611253,48.28296771106357
2025-09-04 09:50:52.353778,48,6,POINT (-4.595167706020386 48.28297067401907),1.676826246622899e-05,-4.595167706020386,48.28297067401907
2025-09-04 09:50:53.353778,49,6,POINT (-4.595183949691076 48.28297343873049),1.6477271214957527e-05,-4.595183949691076,48.28297343873049
2025-09-04 09:50:54.353778,50,6,POINT (-4.595199927814055 48.28297602534937),1.6186136388672133e-05,-4.595199927814055,48.28297602534937
2025-09-04 09:50:55.353778,51,6,POINT (-4.595215647492861 48.282978405360865),1.589882877668747e-05,-4.595215647492861,48.282978405360865
2025-09-04 09:50:56.353778,52,6,POINT (-4.595231108609934 48.282980650371265),1.5623258713708615e-05,-4.595231108609934,48.282980650371265
2025-09-04 09:50:57.353778,53,6,POINT (-4.595245829417889 48.2829827254093),1.486633679517513e-05,-4.595245829417889,48.2829827254093
2025-09-04 09:50:58.353778,54,6,POINT (-4.59525980604126 48.28298462006931),1.4104458068150294e-05,-4.59525980604126,48.28298462006931
2025-09-04 09:50:59.353778,55,6,POINT (-4.5952730276482106 48.28298641839207),1.3343344974871581e-05,-4.5952730276482106,48.28298641839207
2025-09-04 09:51:00.353778,56,6,POINT (-4.5952854982365565 48.28298815036238),1.2590285733100014e-05,-4.5952854982365565,48.28298815036238
2025-09-04 09:51:01.353778,57,6,POINT (-4.595297224435131 48.28298982634241),1.184536373768043e-05,-4.595297224435131,48.28298982634241
2025-09-04 09:51:02.353778,58,6,POINT (-4.59530822622452 48.2829914452491),1.1120262076068052e-05,-4.59530822622452,48.2829914452491
2025-09-04 09:51:03.353778,59,6,POINT (-4.595318508072633 48.28299301537644),1.0401043239338782e-05,-4.595318508072633,48.28299301537644
2025-09-04 09:51:04.353778,60,6,POINT (-4.595328089720169 48.28299457637921),9.707970908606307e-06,-4.595328089720169,48.28299457637921
2025-09-04 09:51:05.353778,61,6,POINT (-4.595336992925894 48.28299607817752),9.028979473676645e-06,-4.595336992925894,48.28299607817752
2025-09-04 09:51:06.353778,62,6,POINT (-4.595345126648693 48.28299758775526),8.27262180552276e-06,-4.595345126648693,48.28299758775526
2025-09-04 09:51:07.353778,63,6,POINT (-4.5953524883472685 48.28299909534586),7.514481706549164e-06,-4.5953524883472685,48.28299909534586
2025-09-04 09:51:08.353778,64,6,POINT (-4.595359076553883 48.28300061101485),6.760304644895052e-06,-4.595359076553883,48.28300061101485
2025-09-04 09:51:09.353778,65,6,POINT (-4.595364889017635 48.283002134806175),6.008882996381971e-06,-4.595364889017635,48.283002134806175
2025-09-04 09:51:10.353778,66,6,POINT (-4.595369925088344 48.28300368350518),5.268821196248413e-06,-4.595369925088344,48.28300368350518
2025-09-04 09:51:11.353778,67,6,POINT (-4.595374181325314 48.28300524571516),4.533878380497603e-06,-4.595374181325314,48.28300524571516
2025-09-04 09:51:12.353778,68,6,POINT (-4.595377660585937 48.28300686649075),3.838250643234673e-06,-4.595377660585937,48.28300686649075
2025-09-04 09:51:13.353778,69,6,POINT (-4.595380358776983 48.28300852811019),3.1687874760877686e-06,-4.595380358776983,48.28300852811019
2025-09-04 09:51:14.353778,70,6,POINT (-4.5953822733470355 48.28301022774448),2.5601435905364283e-06,-4.5953822733470355,48.28301022774448
2025-09-04 09:51:15.353778,71,6,POINT (-4.595383403136317 48.28301197380909),2.079703212074248e-06,-4.595383403136317,48.28301197380909
2025-09-04 09:51:16.353778,72,6,POINT (-4.595383750672801 48.28301380282375),1.861740113301419e-06,-4.595383750672801,48.28301380282375
2025-09-04 09:51:17.353778,73,6,POINT (-4.595383315805543 48.28301573072388),1.9763371274315435e-06,-4.595383315805543,48.28301573072388
2025-09-04 09:51:18.353778,74,6,POINT (-4.595382090636806 48.28301771498348),2.33202156564093e-06,-4.595382090636806,48.28301771498348
2025-09-04 09:51:19.353778,75,6,POINT (-4.595380073743156 48.2830197635083),2.8747719796225087e-06,-4.595380073743156,48.2830197635083
2025-09-04 09:51:20.353778,76,6,POINT (-4.595377260745299 48.28302186141238),3.5091535262455197e-06,-4.595377260745299,48.28302186141238
2025-09-04 09:51:21.353778,77,6,POINT (-4.595373648608222 48.283024004295456),4.199938350146467e-06,-4.595373648608222,48.283024004295456
2025-09-04 09:51:22.353778,78,6,POINT (-4.59536958591819 48.28302616478811),4.6014322561815435e-06,-4.59536958591819,48.28302616478811
2025-09-04 09:51:23.353778,79,6,POINT (-4.595365081397972 48.28302834391851),5.003929624496387e-06,-4.595365081397972,48.28302834391851
2025-09-04 09:51:24.353778,80,6,POINT (-4.59536014463812 48.28303056511095),5.4134364031949825e-06,-4.59536014463812,48.28303056511095
2025-09-04 09:51:25.353778,81,6,POINT (-4.5953547819933815 48.28303280857848),5.813011712055529e-06,-4.5953547819933815,48.28303280857848
2025-09-04 09:51:26.353778,82,6,POINT (-4.595348992447431 48.283035087613186),6.221964439617105e-06,-4.595348992447431,48.283035087613186
2025-09-04 09:51:27.353778,83,6,POINT (-4.5953427880855955 48.28303736267097),6.608327602221274e-06,-4.5953427880855955,48.28303736267097
2025-09-04 09:51:28.353778,84,6,POINT (-4.595336178140434 48.28303965721907),6.996879736174124e-06,-4.595336178140434,48.28303965721907
2025-09-04 09:51:29.353778,85,6,POINT (-4.595329161200546 48.283041949350014),7.381822922029906e-06,-4.595329161200546,48.283041949350014
2025-09-04 09:51:30.353778,86,6,POINT (-4.595321744174814 48.28304424599398),7.76446032848617e-06,-4.595321744174814,48.28304424599398
2025-09-04 09:51:31.353778,87,6,POINT (-4.595313938312999 48.283046530296126),8.133235210476921e-06,-4.595313938312999,48.283046530296126
2025-09-04 09:51:32.353778,88,6,POINT (-4.595305734279956 48.2830488057711),8.51375032176049e-06,-4.595305734279956,48.2830488057711
2025-09-04 09:51:33.353778,89,6,POINT (-4.595297133865471 48.28305108510656),8.89733102796752e-06,-4.595297133865471,48.28305108510656
2025-09-04 09:51:34.353778,90,6,POINT (-4.5952881670826855 48.28305332824845),9.243098997363024e-06,-4.5952881670826855,48.28305332824845
2025-09-04 09:51:35.353778,91,6,POINT (-4.595279869034075 48.28305555904888),8.592676027996352e-06,-4.595279869034075,48.28305555904888
2025-09-04 09:51:36.353778,92,6,POINT (-4.595272210514305 48.28305777903698),7.97378656673002e-06,-4.595272210514305,48.28305777903698
2025-09-04 09:51:37.353778,93,6,POINT (-4.595265198198142 48.283059973773284),7.347751044856816e-06,-4.595265198198142,48.283059973773284
2025-09-04 09:51:38.353778,94,6,POINT (-4.595258814474339 48.28306215660428),6.746605127955978e-06,-4.595258814474339,48.28306215660428
2025-09-04 09:51:39.353778,95,6,POINT (-4.595253054557311 48.28306434396396),6.161265009824741e-06,-4.595253054557311,48.28306434396396
2025-09-04 09:51:40.353778,96,6,POINT (-4.595247917703134 48.28306652567487),5.580961686215581e-06,-4.595247917703134,48.28306652567487
2025-09-04 09:51:41.353778,97,6,POINT (-4.595243371790407 48.283068729803226),5.052079208557512e-06,-4.595243371790407,48.283068729803226
2025-09-04 09:51:42.353778,98,6,POINT (-4.595239405405667 48.28307095454789),4.547713351033396e-06,-4.595239405405667,48.28307095454789
2025-09-04 09:51:43.353778,99,6,POINT (-4.5952360223250155 48.28307320328373),4.062271232621794e-06,-4.5952360223250155,48.28307320328373
2025-09-04 09:51:44.353778,100,6,POINT (-4.5952332029411975 48.28307550154031),3.6374315706890474e-06,-4.5952332029411975,48.28307550154031
2025-09-04 09:51:45.353778,101,6,POINT (-4.595230946436773 48.28307782465777),3.238624234722045e-06,-4.595230946436773,48.28307782465777
2025-09-04 09:51:46.353778,102,6,POINT (-4.595229242256907 48.283080167272374),2.8969073536075133e-06,-4.595229242256907,48.283080167272374
2025-09-04 09:51:47.353778,103,6,POINT (-4.595228322883928 48.28308255094744),2.5548294462446214e-06,-4.595228322883928,48.28308255094744
2025-09-04 09:51:48.353778,104,6,POINT (-4.595228191689306 48.28308497235091),2.4249550109331636e-06,-4.595228191689306,48.28308497235091
2025-09-04 09:51:49.353778,105,6,POINT (-4.5952288509742925 48.28308743768605),2.551966697772564e-06,-4.5952288509742925,48.28308743768605
2025-09-04 09:51:50.353778,106,6,POINT (-4.595230011753689 48.28308995857323),2.7752983579801545e-06,-4.595230011753689,48.28308995857323
2025-09-04 09:51:51.353778,107,6,POINT (-4.59523062223804 48.283092481959166),2.5961833010514404e-06,-4.59523062223804,48.283092481959166
2025-09-04 09:51:52.353778,108,6,POINT (-4.595231213977549 48.283094998454985),2.5851318830345003e-06,-4.595231213977549,48.283094998454985
2025-09-04 09:51:53.353778,109,6,POINT (-4.595231794491863 48.283097500012325),2.568031540638047e-06,-4.595231794491863,48.283097500012325
2025-09-04 09:51:54.353778,110,6,POINT (-4.595232374945737 48.283100019414725),2.58540425383258e-06,-4.595232374945737,48.283100019414725
2025-09-04 09:51:55.353778,111,6,POINT (-4.595232943354039 48.28310255157077),2.5951690190513104e-06,-4.595232943354039,48.28310255157077
2025-09-04 09:51:56.353778,112,6,POINT (-4.59523349850622 48.28310508795704),2.5964300972372963e-06,-4.59523349850622,48.28310508795704
2025-09-04 09:51:57.353778,113,6,POINT (-4.595234040047846 48.28310761670853),2.5860880530278317e-06,-4.595234040047846,48.28310761670853
2025-09-04 09:51:58.353778,114,6,POINT (-4.59523456954467 48.28311014636628),2.5844796863470868e-06,-4.59523456954467,48.28311014636628
2025-09-04 09:51:59.353778,115,6,POINT (-4.595235079735928 48.28311268815879),2.592489972144449e-06,-4.595235079735928,48.28311268815879
2025-09-04 09:52:00.353778,116,6,POINT (-4.595235579712993 48.283115252150345),2.612284397562612e-06,-4.595235579712993,48.283115252150345
2025-09-04 09:52:01.353778,117,6,POINT (-4.595236060878271 48.28311782895435),2.621342960796289e-06,-4.595236060878271,48.28311782895435
2025-09-04 09:52:02.353778,118,6,POINT (-4.595236533251365 48.28312039973813),2.613822023775836e-06,-4.595236533251365,48.28312039973813
2025-09-04 09:52:03.353778,119,6,POINT (-4.595236992644866 48.283122952123776),2.593398324571054e-06,-4.595236992644866,48.283122952123776
2025-09-04 09:52:04.353778,120,6,POINT (-4.595237439058635 48.28312549156478),2.578380475369473e-06,-4.595237439058635,48.28312549156478
2025-09-04 09:52:05.353778,121,6,POINT (-4.5952378762610575 48.28312800343885),2.549638656321108e-06,-4.5952378762610575,48.28312800343885
2025-09-04 09:52:06.353778,122,6,POINT (-4.5952383108224195 48.283130511518465),2.545448280051439e-06,-4.5952383108224195,48.283130511518465
2025-09-04 09:52:07.353778,123,6,POINT (-4.595238721155661 48.28313304538617),2.566877271841976e-06,-4.595238721155661,48.28313304538617
2025-09-04 09:52:08.353778,124,6,POINT (-4.595238595487899 48.28313559760729),2.555313097449315e-06,-4.595238595487899,48.28313559760729
2025-09-04 09:52:09.353778,125,6,POINT (-4.595237940332787 48.28313813540828),2.6210040206172373e-06,-4.595237940332787,48.28313813540828
2025-09-04 09:52:10.353778,126,6,POINT (-4.595236780667135 48.283140665686894),2.7833674368830555e-06,-4.595236780667135,48.283140665686894
2025-09-04 09:52:11.353778,127,6,POINT (-4.595235113735052 48.28314319980235),3.0332167302246445e-06,-4.595235113735052,48.28314319980235
2025-09-04 09:52:12.353778,128,6,POINT (-4.595232947226161 48.28314572071969),3.3239712669597307e-06,-4.595232947226161,48.28314572071969
2025-09-04 09:52:13.353778,129,6,POINT (-4.595230284662229 48.283148231881974),3.659942993978364e-06,-4.595230284662229,48.283148231881974
2025-09-04 09:52:14.353778,130,6,POINT (-4.595227143075672 48.28315073893728),4.0193149174408176e-06,-4.595227143075672,48.28315073893728
2025-09-04 09:52:15.353778,131,6,POINT (-4.595223531556178 48.283153216776576),4.379812853411567e-06,-4.595223531556178,48.283153216776576
2025-09-04 09:52:16.353778,132,6,POINT (-4.595219465278561 48.28315566099398),4.7443453036435555e-06,-4.595219465278561,48.28315566099398
2025-09-04 09:52:17.353778,133,6,POINT (-4.595214940969148 48.28315806065522),5.121303518871026e-06,-4.595214940969148,48.28315806065522
2025-09-04 09:52:18.353778,134,6,POINT (-4.595209976848608 48.28316040991181),5.4919485855257765e-06,-4.595209976848608,48.28316040991181
2025-09-04 09:52:19.353778,135,6,POINT (-4.595204575009518 48.28316272697746),5.877810713248199e-06,-4.595204575009518,48.28316272697746
2025-09-04 09:52:20.353778,136,6,POINT (-4.595198737321079 48.28316500648817),6.26695902263301e-06,-4.595198737321079,48.28316500648817
2025-09-04 09:52:21.353778,137,6,POINT (-4.59519246743172 48.28316726512315),6.664303754955245e-06,-4.59519246743172,48.28316726512315
2025-09-04 09:52:22.353778,138,6,POINT (-4.595186296451967 48.28316952761418),6.572659794390516e-06,-4.595186296451967,48.28316952761418
2025-09-04 09:52:23.353778,139,6,POINT (-4.595180225901473 48.28317176619551),6.470149123401082e-06,-4.595180225901473,48.28317176619551
2025-09-04 09:52:24.353778,140,6,POINT (-4.595174239397607 48.28317396637657),6.378011073641682e-06,-4.595174239397607,48.28317396637657
2025-09-04 09:52:25.353778,141,6,POINT (-4.595168343117013 48.28317618665942),6.300458772846536e-06,-4.595168343117013,48.28317618665942
2025-09-04 09:52:26.353778,142,6,POINT (-4.595162515072389 48.28317843331724),6.246084814030268e-06,-4.595162515072389,48.28317843331724
2025-09-04 09:52:27.353778,143,6,POINT (-4.595156774958603 48.28318065896683),6.156494324401554e-06,-4.595156774958603,48.28318065896683
2025-09-04 09:52:28.353778,144,6,POINT (-4.595151126530141 48.28318286052603),6.062310370845519e-06,-4.595151126530141,48.28318286052603
2025-09-04 09:52:29.353778,145,6,POINT (-4.595145573855716 48.28318505886634),5.972009155722008e-06,-4.595145573855716,48.28318505886634
2025-09-04 09:52:30.353778,146,6,POINT (-4.5951401058476815 48.28318723893351),5.8865783555376e-06,-4.5951401058476815,48.28318723893351
2025-09-04 09:52:31.353778,147,6,POINT (-4.595134706878025 48.28318943451398),5.828331403968965e-06,-4.595134706878025,48.28318943451398
2025-09-04 09:52:32.353778,148,6,POINT (-4.5951293753395746 48.28319164106276),5.77010916385923e-06,-4.5951293753395746,48.28319164106276
2025-09-04 09:52:33.353778,149,6,POINT (-4.595124120678251 48.283193856544436),5.702615601480132e-06,-4.595124120678251,48.283193856544436
2025-09-04 09:52:34.353778,150,6,POINT (-4.5951189281629095 48.28319609577614),5.654765618275634e-06,-4.5951189281629095,48.28319609577614
2025-09-04 09:52:35.353778,151,6,POINT (-4.595113815011061 48.28319834134001),5.584521369000526e-06,-4.595113815011061,48.28319834134001
2025-09-04 09:52:36.353778,152,6,POINT (-4.595108783241916 48.283200545327794),5.493292534760731e-06,-4.595108783241916,48.283200545327794
2025-09-04 09:52:37.353778,153,6,POINT (-4.595103813704794 48.28320272998661),5.4285387869885e-06,-4.595103813704794,48.28320272998661
2025-09-04 09:52:38.353778,154,6,POINT (-4.595098928815635 48.28320488983357),5.341074889395304e-06,-4.595098928815635,48.28320488983357
2025-09-04 09:52:39.353778,155,6,POINT (-4.595094109387876 48.28320703103153),5.273671646035892e-06,-4.595094109387876,48.28320703103153
2025-09-04 09:52:40.353778,156,6,POINT (-4.595089348428141 48.28320919756481),5.230736472282738e-06,-4.595089348428141,48.28320919756481
2025-09-04 09:52:41.353778,157,6,POINT (-4.595084646918741 48.28321139907973),5.191421636106754e-06,-4.595084646918741,48.28321139907973
2025-09-04 09:52:42.353778,158,6,POINT (-4.595080011091384 48.28321357216225),5.119881143541268e-06,-4.595080011091384,48.28321357216225
2025-09-04 09:52:43.353778,159,6,POINT (-4.595075424188912 48.283215739858484),5.073320533543345e-06,-4.595075424188912,48.283215739858484
2025-09-04 09:52:44.353778,160,6,POINT (-4.595070890338287 48.283217940266326),5.039602777705671e-06,-4.595070890338287,48.283217940266326
2025-09-04 09:52:45.353778,161,6,POINT (-4.595066424083418 48.283220142535235),4.979700885081655e-06,-4.595066424083418,48.283220142535235
2025-09-04 09:52:46.353778,162,6,POINT (-4.595062016696538 48.283222370716416),4.938608152905065e-06,-4.595062016696538,48.283222370716416
2025-09-04 09:52:47.353778,163,6,POINT (-4.59505766934143 48.28322459758058),4.884508207388762e-06,-4.59505766934143,48.28322459758058
2025-09-04 09:52:48.353778,164,6,POINT (-4.595053370806586 48.28322684335366),4.849834898061971e-06,-4.595053370806586,48.28322684335366
2025-09-04 09:52:49.353778,165,6,POINT (-4.595049116075878 48.283229087904175),4.8104823474048694e-06,-4.595049116075878,48.283229087904175
2025-09-04 09:52:50.353778,166,6,POINT (-4.595044899345185 48.28323134329795),4.782009913958968e-06,-4.595044899345185,48.28323134329795
2025-09-04 09:52:51.353778,167,6,POINT (-4.595040746657855 48.28323358406133),4.718668517999687e-06,-4.595040746657855,48.28323358406133
2025-09-04 09:52:52.353778,168,6,POINT (-4.595036643559427 48.283235837217276),4.681039246774017e-06,-4.595036643559427,48.283235837217276
2025-09-04 09:52:53.353778,169,6,POINT (-4.595032591317551 48.283238094169214),4.638372157480359e-06,-4.595032591317551,48.283238094169214
2025-09-04 09:52:54.353778,170,6,POINT (-4.595028580201177 48.283240323076214),4.588799514364765e-06,-4.595028580201177,48.283240323076214
2025-09-04 09:52:55.353778,171,6,POINT (-4.595024616050975 48.28324257528613),4.55926927635218e-06,-4.595024616050975,48.28324257528613
2025-09-04 09:52:56.353778,172,6,POINT (-4.595020689682892 48.28324485744715),4.541434271899899e-06,-4.595020689682892,48.28324485744715
2025-09-04 09:52:57.353778,173,6,POINT (-4.595016815365504 48.28324714396231),4.498720574551477e-06,-4.595016815365504,48.28324714396231
2025-09-04 09:52:58.353778,174,6,POINT (-4.595012996595343 48.283249438034474),4.454859439329736e-06,-4.595012996595343,48.283249438034474
2025-09-04 09:52:59.353778,175,6,POINT (-4.595009233362939 48.28325173663695),4.409704237481591e-06,-4.595009233362939,48.28325173663695
2025-09-04 09:53:00.353778,176,6,POINT (-4.595005508624265 48.28325403752405),4.378100005057358e-06,-4.595005508624265,48.28325403752405
2025-09-04 09:53:01.353778,177,6,POINT (-4.595001833363261 48.2832563341373),4.3338176992322385e-06,-4.595001833363261,48.2832563341373
2025-09-04 09:53:02.353778,178,6,POINT (-4.5949989122322945 48.28325876223449),3.7985078764064122e-06,-4.5949989122322945,48.28325876223449
2025-09-04 09:53:03.353778,179,6,POINT (-4.594996757360869 48.283261301582094),3.3304289692148286e-06,-4.594996757360869,48.283261301582094
2025-09-04 09:53:04.353778,180,6,POINT (-4.594995355716127 48.28326399186438),3.0335172269837117e-06,-4.594995355716127,48.28326399186438
2025-09-04 09:53:05.353778,181,6,POINT (-4.594994713945965 48.28326682586775),2.9057604907937688e-06,-4.594994713945965,48.28326682586775
2025-09-04 09:53:06.353778,182,6,POINT (-4.594994851596077 48.28326976589704),2.9432498671972716e-06,-4.594994851596077,48.28326976589704
2025-09-04 09:53:07.353778,183,6,POINT (-4.594995747974279 48.28327286969677),3.2306449314457973e-06,-4.594995747974279,48.28327286969677
2025-09-04 09:53:08.353778,184,6,POINT (-4.594997424921893 48.283276093933594),3.6342614620508316e-06,-4.594997424921893,48.283276093933594
2025-09-04 09:53:09.353778,185,6,POINT (-4.5949998798626135 48.283279453480716),4.160924273530213e-06,-4.5949998798626135,48.283279453480716
2025-09-04 09:53:10.353778,186,6,POINT (-4.595003123148218 48.28328293190933),4.75587711753423e-06,-4.595003123148218,48.28328293190933
2025-09-04 09:53:11.353778,187,6,POINT (-4.595007147627187 48.28328655610548),5.415831300913469e-06,-4.595007147627187,48.28328655610548
2025-09-04 09:53:12.353778,188,6,POINT (-4.595011966226047 48.283290303204424),6.104067944690512e-06,-4.595011966226047,48.283290303204424
2025-09-04 09:53:13.353778,189,6,POINT (-4.595017598295749 48.28329413204343),6.810302288647908e-06,-4.595017598295749,48.28329413204343
2025-09-04 09:53:14.353778,190,6,POINT (-4.595024049842671 48.28329803443287),7.539966909893005e-06,-4.595024049842671,48.28329803443287
2025-09-04 09:53:15.353778,191,6,POINT (-4.59503131832281 48.28330202561826),8.292186948761667e-06,-4.59503131832281,48.28330202561826
2025-09-04 09:53:16.353778,192,6,POINT (-4.5950394242611825 48.28330605524784),9.052300891970645e-06,-4.5950394242611825,48.28330605524784
2025-09-04 09:53:17.353778,193,6,POINT (-4.595048370611433 48.2833101206945),9.826751210733503e-06,-4.595048370611433,48.2833101206945
2025-09-04 09:53:18.353778,194,6,POINT (-4.595057175886915 48.28331409952412),9.66250285602406e-06,-4.595057175886915,48.28331409952412
2025-09-04 09:53:19.353778,195,6,POINT (-4.595065847087173 48.28331799217653),9.504864895216714e-06,-4.595065847087173,48.28331799217653
2025-09-04 09:53:20.353778,196,6,POINT (-4.5950743914947365 48.2833218070601),9.357362730321523e-06,-4.5950743914947365,48.2833218070601
2025-09-04 09:53:21.353778,197,6,POINT (-4.59508281416213 48.28332553761519),9.211860144939512e-06,-4.59508281416213,48.28332553761519
2025-09-04 09:53:22.353778,198,6,POINT (-4.595091106205212 48.283329202796104),9.065954422300195e-06,-4.595091106205212,48.283329202796104
2025-09-04 09:53:23.353778,199,6,POINT (-4.595099270597029 48.283332821049974),8.93023262921607e-06,-4.595099270597029,48.283332821049974
2025-09-04 09:53:24.353778,200,6,POINT (-4.595107327411953 48.28333637848934),8.807249375013626e-06,-4.595107327411953,48.28333637848934
2025-09-04 09:53:25.353778,201,6,POINT (-4.595115267016205 48.28333985692519),8.668150416813957e-06,-4.595115267016205,48.28333985692519
2025-09-04 09:53:26.353778,202,6,POINT (-4.5951230760057244 48.283343271187874),8.52276404674871e-06,-4.5951230760057244,48.283343271187874
2025-09-04 09:53:27.353778,203,6,POINT (-4.595130757585647 48.283346650527825),8.392056280081314e-06,-4.595130757585647,48.283346650527825
2025-09-04 09:53:28.353778,204,6,POINT (-4.595138315527471 48.28334998903712),8.262452960970068e-06,-4.595138315527471,48.28334998903712
2025-09-04 09:53:29.353778,205,6,POINT (-4.595145760683456 48.28335325969912),8.13188646954348e-06,-4.595145760683456,48.28335325969912
2025-09-04 09:53:30.353778,206,6,POINT (-4.595153087065386 48.28335647507592),8.000907457678287e-06,-4.595153087065386,48.28335647507592
2025-09-04 09:53:31.353778,207,6,POINT (-4.595160295381257 48.28335965071193),7.876831962761001e-06,-4.595160295381257,48.28335965071193
2025-09-04 09:53:32.353778,208,6,POINT (-4.5951673953889465 48.2833627676234),7.754047092522821e-06,-4.5951673953889465,48.2833627676234
2025-09-04 09:53:33.353778,209,6,POINT (-4.595174394029278 48.283365857378584),7.650330291788351e-06,-4.595174394029278,48.283365857378584
2025-09-04 09:53:34.353778,210,6,POINT (-4.5951807762318415 48.28336890497042),7.072504901671805e-06,-4.5951807762318415,48.28336890497042
2025-09-04 09:53:35.353778,211,6,POINT (-4.595187576375015 48.28337191779956),7.437680190215932e-06,-4.595187576375015,48.28337191779956
2025-09-04 09:53:36.353778,212,6,POINT (-4.595194787244282 48.283374908566785),7.806492436360604e-06,-4.595194787244282,48.283374908566785
2025-09-04 09:53:37.353778,213,6,POINT (-4.59520240104816 48.283377831869124),8.155716157964903e-06,-4.59520240104816,48.283377831869124
2025-09-04 09:53:38.353778,214,6,POINT (-4.595210407492278 48.28338069267988),8.502198867549553e-06,-4.595210407492278,48.28338069267988
2025-09-04 09:53:39.353778,215,6,POINT (-4.595218791548457 48.28338352703016),8.850194322326324e-06,-4.595218791548457,48.28338352703016
2025-09-04 09:53:40.353778,216,6,POINT (-4.595227556267753 48.28338632832222),9.201496702065341e-06,-4.595227556267753,48.28338632832222
2025-09-04 09:53:41.353778,217,6,POINT (-4.595236707999522 48.283389100685675),9.562436586840005e-06,-4.595236707999522,48.283389100685675
2025-09-04 09:53:42.353778,218,6,POINT (-4.595246239566627 48.28339185540301),9.921655057777526e-06,-4.595246239566627,48.28339185540301
2025-09-04 09:53:43.353778,219,6,POINT (-4.595256140014539 48.28339455408711),1.0261664811891023e-05,-4.595256140014539,48.28339455408711
2025-09-04 09:53:44.353778,220,6,POINT (-4.595265884230403 48.28339720640728),1.0098739777566886e-05,-4.595265884230403,48.28339720640728
2025-09-04 09:53:45.353778,221,6,POINT (-4.595275480971305 48.28339976620163),9.93226978400358e-06,-4.595275480971305,48.28339976620163
2025-09-04 09:53:46.353778,222,6,POINT (-4.595284929443826 48.2834022717067),9.775028830008307e-06,-4.595284929443826,48.2834022717067
2025-09-04 09:53:47.353778,223,6,POINT (-4.595294223638866 48.28340475719221),9.62079516721283e-06,-4.595294223638866,48.28340475719221
2025-09-04 09:53:48.353778,224,6,POINT (-4.595303378391205 48.283407205676454),9.476527079842883e-06,-4.595303378391205,48.283407205676454
2025-09-04 09:53:49.353778,225,6,POINT (-4.595312393049841 48.2834096364011),9.33662105108641e-06,-4.595312393049841,48.2834096364011
2025-09-04 09:53:50.353778,226,6,POINT (-4.595321276689446 48.283412052290856),9.206279157178876e-06,-4.595321276689446,48.283412052290856
2025-09-04 09:53:51.353778,227,6,POINT (-4.595329501575543 48.28341442024983),8.558970791051783e-06,-4.595329501575543,48.28341442024983
2025-09-04 09:53:52.353778,228,6,POINT (-4.595337075162414 48.28341676997641),7.929718350188463e-06,-4.595337075162414,48.28341676997641
2025-09-04 09:53:53.353778,229,6,POINT (-4.5953440150375915 48.28341913373281),7.331385392418858e-06,-4.5953440150375915,48.28341913373281
2025-09-04 09:53:54.353778,230,6,POINT (-4.595350335977991 48.283421545852235),6.765545630070424e-06,-4.595350335977991,48.283421545852235
2025-09-04 09:53:55.353778,231,6,POINT (-4.595356049587743 48.28342396239403),6.203628829086354e-06,-4.595356049587743,48.28342396239403
2025-09-04 09:53:56.353778,232,6,POINT (-4.595361175762905 48.28342644025595),5.693634295247588e-06,-4.595361175762905,48.28342644025595
2025-09-04 09:53:57.353778,233,6,POINT (-4.59536570071882 48.28342894293726),5.170941865910925e-06,-4.59536570071882,48.28342894293726
2025-09-04 09:53:58.353778,234,6,POINT (-4.595369651542261 48.2834315025881),4.707527830291217e-06,-4.595369651542261,48.2834315025881
2025-09-04 09:53:59.353778,235,6,POINT (-4.595373032525688 48.28343410385077),4.26586643310093e-06,-4.595373032525688,48.28343410385077
2025-09-04 09:54:00.353778,236,6,POINT (-4.595375851760032 48.283436746502495),3.864154553144496e-06,-4.595375851760032,48.283436746502495
2025-09-04 09:54:01.353778,237,6,POINT (-4.5953781234612165 48.283439438943105),3.522763504711643e-06,-4.5953781234612165,48.283439438943105
2025-09-04 09:54:02.353778,238,6,POINT (-4.595379858395595 48.283442177653065),3.241994685104785e-06,-4.595379858395595,48.283442177653065
2025-09-04 09:54:03.353778,239,6,POINT (-4.595381064109442 48.28344497816704),3.049036635915083e-06,-4.595381064109442,48.28344497816704
2025-09-04 09:54:04.353778,240,6,POINT (-4.5953817492131925 48.28344785707961),2.9593081493300654e-06,-4.5953817492131925,48.28344785707961
2025-09-04 09:54:05.353778,241,6,POINT (-4.595381921742346 48.283450770596964),2.918621197431002e-06,-4.595381921742346,48.283450770596964
2025-09-04 09:54:06.353778,242,6,POINT (-4.595381591203393 48.28345373984097),2.9875853090499224e-06,-4.595381591203393,48.28345373984097
2025-09-04 09:54:07.353778,243,6,POINT (-4.595380775935488 48.28345678239997),3.1498931779041787e-06,-4.595380775935488,48.28345678239997
2025-09-04 09:54:08.353778,244,6,POINT (-4.595379467826744 48.28345986180952),3.3457303586492997e-06,-4.595379467826744,48.28345986180952
2025-09-04 09:54:09.353778,245,6,POINT (-4.595377681755387 48.2834630213133),3.629395962350572e-06,-4.595377681755387,48.2834630213133
2025-09-04 09:54:10.353778,246,6,POINT (-4.595375413918485 48.28346618575073),3.893166894145497e-06,-4.595375413918485,48.28346618575073
2025-09-04 09:54:11.353778,247,6,POINT (-4.59537268675694 48.28346936693373),4.190147413977118e-06,-4.59537268675694,48.28346936693373
2025-09-04 09:54:12.353778,248,6,POINT (-4.595369490285456 48.28347259872926),4.545539826207836e-06,-4.595369490285456,48.28347259872926
2025-09-04 09:54:13.353778,249,6,POINT (-4.595365844268862 48.28347589648073),4.916157214035528e-06,-4.595365844268862,48.28347589648073
2025-09-04 09:54:14.353778,250,6,POINT (-4.595361748784655 48.28347923457717),5.283547930934637e-06,-4.595361748784655,48.28347923457717
2025-09-04 09:54:15.353778,251,6,POINT (-4.5953572123186515 48.2834825944096),5.645174730438871e-06,-4.5953572123186515,48.2834825944096
2025-09-04 09:54:16.353778,252,6,POINT (-4.5953522323976 48.28348595915113),6.010083131545632e-06,-4.5953522323976,48.28348595915113
2025-09-04 09:54:17.353778,253,6,POINT (-4.595346439149759 48.28348938452082),6.730146956950927e-06,-4.595346439149759,48.28348938452082
2025-09-04 09:54:18.353778,254,6,POINT (-4.595339819978085 48.28349281480779),7.4552198077065735e-06,-4.595339819978085,48.28349281480779
2025-09-04 09:54:19.353778,255,6,POINT (-4.595332375623732 48.28349627683873),8.2099981699271e-06,-4.595332375623732,48.28349627683873
2025-09-04 09:54:20.353778,256,6,POINT (-4.5953241026123335 48.28349977316845),8.981483123614852e-06,-4.5953241026123335,48.28349977316845
2025-09-04 09:54:21.353778,257,6,POINT (-4.595314987061199 48.28350321930913),9.745212059173646e-06,-4.595314987061199,48.28350321930913
2025-09-04 09:54:22.353778,258,6,POINT (-4.595305027012372 48.28350661521444),1.0523057802705326e-05,-4.595305027012372,48.28350661521444
2025-09-04 09:54:23.353778,259,6,POINT (-4.59529423420343 48.283509973331526),1.1303171024144506e-05,-4.59529423420343,48.283509973331526
2025-09-04 09:54:24.353778,260,6,POINT (-4.595282608612854 48.283513245730745),1.207737359196137e-05,-4.595282608612854,48.283513245730745
2025-09-04 09:54:25.353778,261,6,POINT (-4.595270174884833 48.28351644884478),1.2839685822564646e-05,-4.595270174884833,48.28351644884478
2025-09-04 09:54:26.353778,262,6,POINT (-4.595256949107876 48.28351956347269),1.3587570906128704e-05,-4.595256949107876,48.28351956347269
2025-09-04 09:54:27.353778,263,6,POINT (-4.595242938027417 48.28352258344821),1.4332851348362924e-05,-4.595242938027417,48.28352258344821
2025-09-04 09:54:28.353778,264,6,POINT (-4.5952281516890565 48.28352549476967),1.5070222120501022e-05,-4.5952281516890565,48.28352549476967
2025-09-04 09:54:29.353778,265,6,POINT (-4.595212603103622 48.283528231583446),1.578761092295395e-05,-4.595212603103622,48.283528231583446
2025-09-04 09:54:30.353778,266,6,POINT (-4.595196304090599 48.28353078916249),1.64984555667068e-05,-4.595196304090599,48.28353078916249
2025-09-04 09:54:31.353778,267,6,POINT (-4.595179275243373 48.28353314480471),1.7191006023981503e-05,-4.595179275243373,48.28353314480471
2025-09-04 09:54:32.353778,268,6,POINT (-4.595161534932262 48.28353526896883),1.7867028615398168e-05,-4.595161534932262,48.28353526896883
2025-09-04 09:54:33.353778,269,6,POINT (-4.59514408454045 48.28353724093427),1.7561458427484057e-05,-4.59514408454045,48.28353724093427
2025-09-04 09:54:34.353778,270,6,POINT (-4.595126922189158 48.28353903417422),1.725578196857962e-05,-4.595126922189158,48.28353903417422
2025-09-04 09:54:35.353778,271,6,POINT (-4.595110042258363 48.28354067411215),1.695940624213922e-05,-4.595110042258363,48.28354067411215
2025-09-04 09:54:36.353778,272,6,POINT (-4.595093447707027 48.283542174309744),1.666222454675658e-05,-4.595093447707027,48.283542174309744
2025-09-04 09:54:37.353778,273,6,POINT (-4.595077142206581 48.28354353054402),1.636180663120824e-05,-4.595077142206581,48.28354353054402
2025-09-04 09:54:38.353778,274,6,POINT (-4.595061106744804 48.283544798558914),1.608551821174857e-05,-4.595061106744804,48.283544798558914
2025-09-04 09:54:39.353778,275,6,POINT (-4.595045351556017 48.28354592461921),1.579537861273058e-05,-4.595045351556017,48.28354592461921
2025-09-04 09:54:40.353778,276,6,POINT (-4.595029865932029 48.28354693635884),1.551863935353217e-05,-4.595029865932029,48.28354693635884
2025-09-04 09:54:41.353778,277,6,POINT (-4.595014669640781 48.28354781879905),1.5221891091719548e-05,-4.595014669640781,48.28354781879905
2025-09-04 09:54:42.353778,278,6,POINT (-4.594999734660155 48.28354860158895),1.4955480811667788e-05,-4.594999734660155,48.28354860158895
2025-09-04 09:54:43.353778,279,6,POINT (-4.594985055079335 48.28354931071201),1.4696698560503798e-05,-4.594985055079335,48.28354931071201
2025-09-04 09:54:44.353778,280,6,POINT (-4.594970610910529 48.28354997197513),1.4459297403454785e-05,-4.594970610910529,48.28354997197513
2025-09-04 09:54:45.353778,281,6,POINT (-4.594956415742489 48.283550556051644),1.4207179208597787e-05,-4.594956415742489,48.283550556051644
2025-09-04 09:54:46.353778,282,6,POINT (-4.594942472510765 48.28355105720052),1.3952234985871447e-05,-4.594942472510765,48.28355105720052
2025-09-04 09:54:47.353778,283,6,POINT (-4.59492877877238 48.283551486136716),1.3700454635440518e-05,-4.59492877877238,48.283551486136716
2025-09-04 09:54:48.353778,284,6,POINT (-4.5949158224661355 48.2835519508864),1.2964638975891468e-05,-4.5949158224661355,48.2835519508864
2025-09-04 09:54:49.353778,285,6,POINT (-4.594903557811747 48.28355248562599),1.2276306190772822e-05,-4.594903557811747,48.28355248562599
2025-09-04 09:54:50.353778,286,6,POINT (-4.594891999100276 48.28355308725491),1.1574358221433863e-05,-4.594891999100276,48.28355308725491
2025-09-04 09:54:51.353778,287,6,POINT (-4.5948811048802565 48.28355377702538),1.0916034680141481e-05,-4.5948811048802565,48.28355377702538
2025-09-04 09:54:52.353778,288,6,POINT (-4.594870848146968 48.28355457714395),1.0287894219796363e-05,-4.594870848146968,48.28355457714395
2025-09-04 09:54:53.353778,289,6,POINT (-4.594861228792876 48.2835554941351),9.662962584602672e-06,-4.594861228792876,48.2835554941351
2025-09-04 09:54:54.353778,290,6,POINT (-4.5948522487609615 48.28355652019789),9.038461043528473e-06,-4.5948522487609615,48.28355652019789
2025-09-04 09:54:55.353778,291,6,POINT (-4.594843859560142 48.28355767515849),8.468330672286576e-06,-4.594843859560142,48.28355767515849
2025-09-04 09:54:56.353778,292,6,POINT (-4.5948360662588925 48.28355895709347),7.898031505079346e-06,-4.5948360662588925,48.28355895709347
2025-09-04 09:54:57.353778,293,6,POINT (-4.5948283608158125 48.283560271394826),7.816728287343246e-06,-4.5948283608158125,48.283560271394826
2025-09-04 09:54:58.353778,294,6,POINT (-4.594820745274255 48.28356160937493),7.73218364790423e-06,-4.594820745274255,48.28356160937493
2025-09-04 09:54:59.353778,295,6,POINT (-4.594813230489005 48.28356295133646),7.633666098204397e-06,-4.594813230489005,48.28356295133646
2025-09-04 09:55:00.353778,296,6,POINT (-4.594805841522529 48.28356426812038),7.5053811017746965e-06,-4.594805841522529,48.28356426812038
2025-09-04 09:55:01.353778,297,6,POINT (-4.5947985595065965 48.28356556685259),7.39692242685519e-06,-4.5947985595065965,48.28356556685259
2025-09-04 09:55:02.353778,298,6,POINT (-4.594791363774363 48.28356687006889),7.312792565022278e-06,-4.594791363774363,48.28356687006889
2025-09-04 09:55:03.353778,299,6,POINT (-4.594784251021212 48.28356819211744),7.23457460933185e-06,-4.594784251021212,48.28356819211744
2025-09-04 09:55:04.353778,300,6,POINT (-4.594777245703045 48.283569489065385),7.1243635911894394e-06,-4.594777245703045,48.283569489065385
2025-09-04 09:55:05.353778,301,6,POINT (-4.594770333105122 48.28357079149026),7.034224947469053e-06,-4.594770333105122,48.28357079149026
2025-09-04 09:55:06.353778,302,6,POINT (-4.594763515615465 48.28357208243984),6.938639349603779e-06,-4.594763515615465,48.28357208243984
2025-09-04 09:55:07.353778,303,6,POINT (-4.594756776393215 48.283573390140695),6.8649252049954506e-06,-4.594756776393215,48.283573390140695
2025-09-04 09:55:08.353778,304,6,POINT (-4.594750106252022 48.28357472029359),6.801477065226897e-06,-4.594750106252022,48.28357472029359
2025-09-04 09:55:09.353778,305,6,POINT (-4.594743521701819 48.283576063014266),6.7200595367999455e-06,-4.594743521701819,48.283576063014266
2025-09-04 09:55:10.353778,306,6,POINT (-4.594737007487349 48.28357741984263),6.654019339455963e-06,-4.594737007487349,48.28357741984263
2025-09-04 09:55:11.353778,307,6,POINT (-4.594730550283124 48.28357880911982),6.6049661242594485e-06,-4.594730550283124,48.28357880911982
2025-09-04 09:55:12.353778,308,6,POINT (-4.594724179937491 48.28358018824168),6.517919959394928e-06,-4.594724179937491,48.28358018824168
2025-09-04 09:55:13.353778,309,6,POINT (-4.594718340376028 48.283581720318),6.037196031528875e-06,-4.594718340376028,48.283581720318
2025-09-04 09:55:14.353778,310,6,POINT (-4.594712999560839 48.28358343453564),5.60917543168192e-06,-4.594712999560839,48.28358343453564
2025-09-04 09:55:15.353778,311,6,POINT (-4.5947081586067 48.283585327269606),5.19781481272641e-06,-4.5947081586067,48.283585327269606
2025-09-04 09:55:16.353778,312,6,POINT (-4.594703804981865 48.28358740135225),4.8224338272409485e-06,-4.594703804981865,48.28358740135225
2025-09-04 09:55:17.353778,313,6,POINT (-4.5946999119044545 48.283589674118424),4.50793941938061e-06,-4.5946999119044545,48.283589674118424
2025-09-04 09:55:18.353778,314,6,POINT (-4.594696513422958 48.283592102939444),4.177181828298857e-06,-4.594696513422958,48.283592102939444
2025-09-04 09:55:19.353778,315,6,POINT (-4.594693585034869 48.283594707258665),3.9189201835813474e-06,-4.594693585034869,48.283594707258665
2025-09-04 09:55:20.353778,316,6,POINT (-4.594691091521739 48.28359751740096),3.756927929546646e-06,-4.594691091521739,48.28359751740096
2025-09-04 09:55:21.353778,317,6,POINT (-4.594689057930123 48.2836004871909),3.5993259291422142e-06,-4.594689057930123,48.2836004871909
2025-09-04 09:55:22.353778,318,6,POINT (-4.594687492863258 48.28360360076561),3.484792926917392e-06,-4.594687492863258,48.28360360076561
2025-09-04 09:55:23.353778,319,6,POINT (-4.594686391415234 48.28360685250816),3.433222589573456e-06,-4.594686391415234,48.28360685250816
2025-09-04 09:55:24.353778,320,6,POINT (-4.594685767327593 48.28361021743367),3.4223104888599563e-06,-4.594685767327593,48.28361021743367
2025-09-04 09:55:25.353778,321,6,POINT (-4.594685586216527 48.28361374005565),3.5272747040145688e-06,-4.594685586216527,48.28361374005565
2025-09-04 09:55:26.353778,322,6,POINT (-4.594685827034949 48.28361741205958),3.679892166444542e-06,-4.594685827034949,48.28361741205958
2025-09-04 09:55:27.353778,323,6,POINT (-4.594686487662475 48.28362122206651),3.866856803371311e-06,-4.594686487662475,48.28362122206651
2025-09-04 09:55:28.353778,324,6,POINT (-4.594687526344719 48.28362521756308),4.128299122600165e-06,-4.594687526344719,48.28362521756308
2025-09-04 09:55:29.353778,325,6,POINT (-4.594688978546325 48.28362934906554),4.379292422252095e-06,-4.594688978546325,48.28362934906554
2025-09-04 09:55:30.353778,326,6,POINT (-4.59469082932729 48.283633614538786),4.649693772172007e-06,-4.59469082932729,48.283633614538786
2025-09-04 09:55:31.353778,327,6,POINT (-4.594693099542215 48.2836380072949),4.944712534909774e-06,-4.594693099542215,48.2836380072949
2025-09-04 09:55:32.353778,328,6,POINT (-4.594695786031855 48.28364251591254),5.248319696576371e-06,-4.594695786031855,48.28364251591254
2025-09-04 09:55:33.353778,329,6,POINT (-4.594698876342825 48.28364713466954),5.557241955109468e-06,-4.594698876342825,48.28364713466954
2025-09-04 09:55:34.353778,330,6,POINT (-4.594702375895593 48.28365184009217),5.8641172958977965e-06,-4.594702375895593,48.28365184009217
2025-09-04 09:55:35.353778,331,6,POINT (-4.594706280130251 48.283656637906255),6.1856340229874546e-06,-4.594706280130251,48.283656637906255
2025-09-04 09:55:36.353778,332,6,POINT (-4.594710573606644 48.283661527155196),6.506819096296949e-06,-4.594710573606644,48.283661527155196
2025-09-04 09:55:37.353778,333,6,POINT (-4.594715245033017 48.283666523538116),6.8400341109185725e-06,-4.594715245033017,48.283666523538116
2025-09-04 09:55:38.353778,334,6,POINT (-4.594720316476791 48.28367159472784),7.171924929322203e-06,-4.594720316476791,48.28367159472784
2025-09-04 09:55:39.353778,335,6,POINT (-4.594725788408948 48.28367673309474),7.506321061382291e-06,-4.594725788408948,48.28367673309474
2025-09-04 09:55:40.353778,336,6,POINT (-4.594731643696267 48.283681940295935),7.835772706435563e-06,-4.594731643696267,48.283681940295935
2025-09-04 09:55:41.353778,337,6,POINT (-4.594737897588039 48.283687191806045),8.1663652091499e-06,-4.594737897588039,48.283687191806045
2025-09-04 09:55:42.353778,338,6,POINT (-4.59474452407612 48.28369251695628),8.501033425272365e-06,-4.59474452407612,48.28369251695628
2025-09-04 09:55:43.353778,339,6,POINT (-4.594751520912287 48.28369788076716),8.8162454303888e-06,-4.594751520912287,48.28369788076716
2025-09-04 09:55:44.353778,340,6,POINT (-4.594758886152385 48.28370331297532),9.151811144145254e-06,-4.594758886152385,48.28370331297532
2025-09-04 09:55:45.353778,341,6,POINT (-4.594766617317539 48.28370878604353),9.472348722213754e-06,-4.594766617317539,48.28370878604353
2025-09-04 09:55:46.353778,342,6,POINT (-4.594774739426658 48.283714259390216),9.794191158123278e-06,-4.594774739426658,48.283714259390216
2025-09-04 09:55:47.353778,343,6,POINT (-4.594783249978962 48.28371971428874),1.010868035210928e-05,-4.594783249978962,48.28371971428874
2025-09-04 09:55:48.353778,344,6,POINT (-4.594792144811195 48.28372516674406),1.0432991396010062e-05,-4.594792144811195,48.28372516674406
2025-09-04 09:55:49.353778,345,6,POINT (-4.594801418430749 48.28373058890525),1.0742432293365873e-05,-4.594801418430749,48.28373058890525
2025-09-04 09:55:50.353778,346,6,POINT (-4.5948110709284515 48.283735994086946),1.1062852302315899e-05,-4.5948110709284515,48.283735994086946
2025-09-04 09:55:51.353778,347,6,POINT (-4.594821090802928 48.2837413718045),1.1371795401312162e-05,-4.594821090802928,48.2837413718045
2025-09-04 09:55:52.353778,348,6,POINT (-4.594831486549219 48.283746710044106),1.168624588982733e-05,-4.594831486549219,48.283746710044106
2025-09-04 09:55:53.353778,349,6,POINT (-4.594841742573601 48.283751929846865),1.1507926701246076e-05,-4.594841742573601,48.283751929846865
2025-09-04 09:55:54.353778,350,6,POINT (-4.5948518579342155 48.28375703442894),1.1330369742658996e-05,-4.5948518579342155,48.28375703442894
2025-09-04 09:55:55.353778,351,6,POINT (-4.594861844142648 48.2837620530198),1.117634166889396e-05,-4.594861844142648,48.2837620530198
2025-09-04 09:55:56.353778,352,6,POINT (-4.594871696109748 48.28376695544182),1.1004317216578968e-05,-4.594871696109748,48.28376695544182
2025-09-04 09:55:57.353778,353,6,POINT (-4.594881410142099 48.283771760703324),1.0837571805510915e-05,-4.594881410142099,48.283771760703324
2025-09-04 09:55:58.353778,354,6,POINT (-4.594890983555518 48.28377643821174),1.0655014287373368e-05,-4.594890983555518,48.28377643821174
2025-09-04 09:55:59.353778,355,6,POINT (-4.594900427579084 48.28378102633237),1.049954437319594e-05,-4.594900427579084,48.28378102633237
2025-09-04 09:56:00.353778,356,6,POINT (-4.594909737135464 48.28378552338436),1.033882568711288e-05,-4.594909737135464,48.28378552338436
2025-09-04 09:56:01.353778,357,6,POINT (-4.59491890344427 48.28378995650831),1.0182033444676055e-05,-4.59491890344427,48.28378995650831
2025-09-04 09:56:02.353778,358,6,POINT (-4.594927937072904 48.28379429713242),1.002234822511095e-05,-4.594927937072904,48.28379429713242
2025-09-04 09:56:03.353778,359,6,POINT (-4.594936843438017 48.28379854090861),9.865747611268805e-06,-4.594936843438017,48.28379854090861
2025-09-04 09:56:04.353778,360,6,POINT (-4.594945620057295 48.283802689806336),9.707852402877888e-06,-4.594945620057295,48.283802689806336
2025-09-04 09:56:05.353778,361,6,POINT (-4.594954263643683 48.28380678173938),9.56323698729948e-06,-4.594954263643683,48.28380678173938
2025-09-04 09:56:06.353778,362,6,POINT (-4.59496276897629 48.28381084733841),9.427076865176006e-06,-4.59496276897629,48.28381084733841
2025-09-04 09:56:07.353778,363,6,POINT (-4.5949711536096185 48.28381482778942),9.281490521902708e-06,-4.5949711536096185,48.28381482778942
2025-09-04 09:56:08.353778,364,6,POINT (-4.594979421574217 48.28381873575915),9.145024110891895e-06,-4.594979421574217,48.28381873575915
2025-09-04 09:56:09.353778,365,6,POINT (-4.594987575859141 48.283822552376044),9.003273136201689e-06,-4.594987575859141,48.283822552376044
2025-09-04 09:56:10.353778,366,6,POINT (-4.594995608952631 48.28382630717613),8.86730594284017e-06,-4.594995608952631,48.28382630717613
2025-09-04 09:56:11.353778,367,6,POINT (-4.5950035189340985 48.28383005544621),8.75313289156712e-06,-4.5950035189340985,48.28383005544621
2025-09-04 09:56:12.353778,368,6,POINT (-4.595011313631322 48.283833752043726),8.626826647804142e-06,-4.595011313631322,48.283833752043726
2025-09-04 09:56:13.353778,369,6,POINT (-4.595019010776098 48.28383739281951),8.514768698119767e-06,-4.595019010776098,48.28383739281951
2025-09-04 09:56:14.353778,370,6,POINT (-4.595026588714831 48.2838410352731),8.407890556952412e-06,-4.595026588714831,48.2838410352731
2025-09-04 09:56:15.353778,371,6,POINT (-4.595034053267702 48.28384464144412),8.289995114095338e-06,-4.595034053267702,48.28384464144412
2025-09-04 09:56:16.353778,372,6,POINT (-4.595041404916796 48.283848242178294),8.186087649059872e-06,-4.595041404916796,48.283848242178294
2025-09-04 09:56:17.353778,373,6,POINT (-4.595048637508212 48.283851783727656),8.053132959478792e-06,-4.595048637508212,48.283851783727656
2025-09-04 09:56:18.353778,374,6,POINT (-4.595055752067555 48.28385528820139),7.930844266980883e-06,-4.595055752067555,48.28385528820139
2025-09-04 09:56:19.353778,375,6,POINT (-4.595062764172657 48.283858712707065),7.803643834754839e-06,-4.595062764172657,48.283858712707065
2025-09-04 09:56:20.353778,376,6,POINT (-4.595069670650126 48.283862100796725),7.692761699877377e-06,-4.595069670650126,48.283862100796725
2025-09-04 09:56:21.353778,377,6,POINT (-4.595075943853518 48.28386545686199),7.11451016203722e-06,-4.595075943853518,48.28386545686199
2025-09-04 09:56:22.353778,378,6,POINT (-4.5950816088723805 48.28386881913541),6.587664324611804e-06,-4.5950816088723805,48.28386881913541
2025-09-04 09:56:23.353778,379,6,POINT (-4.595086674593273 48.283872159586906),6.067960479520679e-06,-4.595086674593273,48.283872159586906
2025-09-04 09:56:24.353778,380,6,POINT (-4.595091148859728 48.283875474379464),5.5683848656872465e-06,-4.595091148859728,48.283875474379464
2025-09-04 09:56:25.353778,381,6,POINT (-4.595095051700393 48.283878788645694),5.12020760331005e-06,-4.595095051700393,48.283878788645694
2025-09-04 09:56:26.353778,382,6,POINT (-4.595098379441546 48.28388208210994),4.681961973522274e-06,-4.595098379441546,48.28388208210994
2025-09-04 09:56:27.353778,383,6,POINT (-4.595101134786093 48.28388537436719),4.2931202354359715e-06,-4.595101134786093,48.28388537436719
2025-09-04 09:56:28.353778,384,6,POINT (-4.595103332356311 48.283888671034134),3.961985338250898e-06,-4.595103332356311,48.283888671034134
2025-09-04 09:56:29.353778,385,6,POINT (-4.595104987144655 48.283891946732865),3.6699491329203345e-06,-4.595104987144655,48.283891946732865
2025-09-04 09:56:30.353778,386,6,POINT (-4.5951061064436125 48.28389519967038),3.4401210225130014e-06,-4.5951061064436125,48.28389519967038
2025-09-04 09:56:31.353778,387,6,POINT (-4.595106692986658 48.28389846485557),3.3174488750391983e-06,-4.595106692986658,48.28389846485557
2025-09-04 09:56:32.353778,388,6,POINT (-4.595106753354105 48.28390173788975),3.2735908390750825e-06,-4.595106753354105,48.28390173788975
2025-09-04 09:56:33.353778,389,6,POINT (-4.595106285981346 48.28390504837335),3.3433125724214257e-06,-4.595106285981346,48.28390504837335
2025-09-04 09:56:34.353778,390,6,POINT (-4.595105304732921 48.283908318905276),3.4145611075144873e-06,-4.595105304732921,48.283908318905276
2025-09-04 09:56:35.353778,391,6,POINT (-4.595103823411662 48.28391162141767),3.6195166531734965e-06,-4.595103823411662,48.28391162141767
2025-09-04 09:56:36.353778,392,6,POINT (-4.595101845171808 48.283914913002384),3.840307648488239e-06,-4.595101845171808,48.283914913002384
2025-09-04 09:56:37.353778,393,6,POINT (-4.595099379039163 48.28391818737437),4.09918554259276e-06,-4.595099379039163,48.28391818737437
2025-09-04 09:56:38.353778,394,6,POINT (-4.595096428613539 48.28392146560148),4.410417708047876e-06,-4.595096428613539,48.28392146560148
2025-09-04 09:56:39.353778,395,6,POINT (-4.5950930076155885 48.283924738422925),4.734404628811583e-06,-4.5950930076155885,48.283924738422925
2025-09-04 09:56:40.353778,396,6,POINT (-4.595089121830272 48.283927987817876),5.065362284267612e-06,-4.595089121830272,48.283927987817876
2025-09-04 09:56:41.353778,397,6,POINT (-4.595084779683122 48.283931250439956),5.431293097595473e-06,-4.595084779683122,48.283931250439956
2025-09-04 09:56:42.353778,398,6,POINT (-4.5950799827615345 48.28393452917608),5.81038443477432e-06,-4.5950799827615345,48.28393452917608
2025-09-04 09:56:43.353778,399,6,POINT (-4.595074740451099 48.28393779647239),6.177138808707241e-06,-4.595074740451099,48.28393779647239
2025-09-04 09:56:44.353778,400,6,POINT (-4.595069066039769 48.28394108025381),6.556078430584275e-06,-4.595069066039769,48.28394108025381
2025-09-04 09:56:45.353778,401,6,POINT (-4.595062958961805 48.28394431489511),6.910810776408936e-06,-4.595062958961805,48.28394431489511
2025-09-04 09:56:46.353778,402,6,POINT (-4.595056940443644 48.28394751463793),6.8162243922710146e-06,-4.595056940443644,48.28394751463793
2025-09-04 09:56:47.353778,403,6,POINT (-4.595051014952151 48.28395073396816),6.743555188096786e-06,-4.595051014952151,48.28395073396816
2025-09-04 09:56:48.353778,404,6,POINT (-4.595045181321324 48.283953933760884),6.653564615682116e-06,-4.595045181321324,48.283953933760884
2025-09-04 09:56:49.353778,405,6,POINT (-4.595039426864814 48.28395713567963),6.585290682704945e-06,-4.595039426864814,48.28395713567963
2025-09-04 09:56:50.353778,406,6,POINT (-4.595033769425408 48.28396031745235),6.490785643245756e-06,-4.595033769425408,48.28396031745235
2025-09-04 09:56:51.353778,407,6,POINT (-4.595028197101713 48.283963502395366),6.4183061155539836e-06,-4.595028197101713,48.283963502395366
2025-09-04 09:56:52.353778,408,6,POINT (-4.59502269096659 48.28396667594666),6.355230270815022e-06,-4.59502269096659,48.28396667594666
2025-09-04 09:56:53.353778,409,6,POINT (-4.595017272620683 48.28396983388125),6.271445069663471e-06,-4.595017272620683,48.28396983388125
2025-09-04 09:56:54.353778,410,6,POINT (-4.595011921424422 48.28397299696346),6.216139517972668e-06,-4.595011921424422,48.28397299696346
2025-09-04 09:56:55.353778,411,6,POINT (-4.5950066469237525 48.28397612257927),6.131054678502087e-06,-4.5950066469237525,48.28397612257927
2025-09-04 09:56:56.353778,412,6,POINT (-4.595001454844091 48.2839792240209),6.047861719744428e-06,-4.595001454844091,48.2839792240209
2025-09-04 09:56:57.353778,413,6,POINT (-4.594996324527326 48.28398237727214),6.02188869944405e-06,-4.594996324527326,48.28398237727214
2025-09-04 09:56:58.353778,414,6,POINT (-4.594991262086598 48.283985521525835),5.959415863331038e-06,-4.594991262086598,48.283985521525835
2025-09-04 09:56:59.353778,415,6,POINT (-4.594986271779621 48.283988649371835),5.889531758006058e-06,-4.594986271779621,48.283988649371835
2025-09-04 09:57:00.353778,416,6,POINT (-4.5949813513066715 48.283991779257754),5.831572678545579e-06,-4.5949813513066715,48.283991779257754
2025-09-04 09:57:01.353778,417,6,POINT (-4.5949764988276405 48.28399490043615),5.7696020069953404e-06,-4.5949764988276405,48.28399490043615
2025-09-04 09:57:02.353778,418,6,POINT (-4.594971702712289 48.28399802198686),5.722482093411697e-06,-4.594971702712289,48.28399802198686
2025-09-04 09:57:03.353778,419,6,POINT (-4.594966968051618 48.28400114541583),5.67210897215983e-06,-4.594966968051618,48.28400114541583
2025-09-04 09:57:04.353778,420,6,POINT (-4.594962301197389 48.284004231013085),5.594679510807442e-06,-4.594962301197389,48.284004231013085
2025-09-04 09:57:05.353778,421,6,POINT (-4.594957688800484 48.284007317685564),5.549932629625956e-06,-4.594957688800484,48.284007317685564
2025-09-04 09:57:06.353778,422,6,POINT (-4.594953135664735 48.28401041936459),5.509215728278334e-06,-4.594953135664735,48.28401041936459
2025-09-04 09:57:07.353778,423,6,POINT (-4.594948645609375 48.28401350867985),5.4501803537426956e-06,-4.594948645609375,48.28401350867985
2025-09-04 09:57:08.353778,424,6,POINT (-4.594944210727762 48.284016576387444),5.39249523072216e-06,-4.594944210727762,48.284016576387444
2025-09-04 09:57:09.353778,425,6,POINT (-4.594939836627875 48.28401964642107),5.343955118192225e-06,-4.594939836627875,48.28401964642107
2025-09-04 09:57:10.353778,426,6,POINT (-4.594935520467935 48.28402271025292),5.293042812632309e-06,-4.594935520467935,48.28402271025292
2025-09-04 09:57:11.353778,427,6,POINT (-4.5949312569602485 48.28402577192547),5.248936711586606e-06,-4.5949312569602485,48.28402577192547
2025-09-04 09:57:12.353778,428,6,POINT (-4.594927040079008 48.284028859896324),5.2266290654802354e-06,-4.594927040079008,48.284028859896324
2025-09-04 09:57:13.353778,429,6,POINT (-4.594922882767984 48.28403192252064),5.1636133323568e-06,-4.594922882767984,48.28403192252064
2025-09-04 09:57:14.353778,430,6,POINT (-4.594918777443708 48.284034974901594),5.1157322937632836e-06,-4.594918777443708,48.284034974901594
2025-09-04 09:57:15.353778,431,6,POINT (-4.594914729250509 48.284038041164315),5.078369349863773e-06,-4.594914729250509,48.284038041164315
2025-09-04 09:57:16.353778,432,6,POINT (-4.594910722965769 48.28404109019917),5.034573561961454e-06,-4.594910722965769,48.28404109019917
2025-09-04 09:57:17.353778,433,6,POINT (-4.594906759912311 48.28404414420013),5.003270389770872e-06,-4.594906759912311,48.28404414420013
2025-09-04 09:57:18.353778,434,6,POINT (-4.594903356039877 48.28404724255091),4.602838809764e-06,-4.594903356039877,48.28404724255091
2025-09-04 09:57:19.353778,435,6,POINT (-4.594900498877218 48.28405038897744),4.25010333580512e-06,-4.594900498877218,48.28405038897744
2025-09-04 09:57:20.353778,436,6,POINT (-4.5948981917413505 48.28405355420609),3.916828858207447e-06,-4.5948981917413505,48.28405355420609
2025-09-04 09:57:21.353778,437,6,POINT (-4.5948964208333365 48.28405677437414),3.674996257139877e-06,-4.5948964208333365,48.28405677437414
2025-09-04 09:57:22.353778,438,6,POINT (-4.594895162983345 48.284060080450644),3.537276979279076e-06,-4.594895162983345,48.284060080450644
2025-09-04 09:57:23.353778,439,6,POINT (-4.59489441080877 48.28406345745047),3.459753521737636e-06,-4.59489441080877,48.28406345745047
2025-09-04 09:57:24.353778,440,6,POINT (-4.594894175506588 48.284066890792474),3.441395707900029e-06,-4.594894175506588,48.284066890792474
2025-09-04 09:57:25.353778,441,6,POINT (-4.59489444316731 48.284070379365325),3.498825917237618e-06,-4.59489444316731,48.284070379365325
2025-09-04 09:57:26.353778,442,6,POINT (-4.5948952086266255 48.28407392814888),3.6303984177263296e-06,-4.5948952086266255,48.28407392814888
2025-09-04 09:57:27.353778,443,6,POINT (-4.594896464232736 48.28407755189055),3.835107611479271e-06,-4.594896464232736,48.28407755189055
2025-09-04 09:57:28.353778,444,6,POINT (-4.594898198314097 48.284081228374646),4.064919863124224e-06,-4.594898198314097,48.284081228374646
2025-09-04 09:57:29.353778,445,6,POINT (-4.5949004042562285 48.28408496006576),4.334939362001223e-06,-4.5949004042562285,48.28408496006576
2025-09-04 09:57:30.353778,446,6,POINT (-4.594903069418476 48.28408878556461),4.66235254607232e-06,-4.594903069418476,48.28408878556461
2025-09-04 09:57:31.353778,447,6,POINT (-4.594906192491904 48.28409266341343),4.979086171299569e-06,-4.594906192491904,48.28409266341343
2025-09-04 09:57:32.353778,448,6,POINT (-4.594909787811057 48.2840965804269),5.316889532303499e-06,-4.594909787811057,48.2840965804269
2025-09-04 09:57:33.353778,449,6,POINT (-4.594913828374829 48.28410054037094),5.65750054734993e-06,-4.594913828374829,48.28410054037094
2025-09-04 09:57:34.353778,450,6,POINT (-4.594917806890108 48.28410447150211),5.5930649993011105e-06,-4.594917806890108,48.28410447150211
2025-09-04 09:57:35.353778,451,6,POINT (-4.5949217274595195 48.284108358254635),5.5206620696428835e-06,-4.5949217274595195,48.284108358254635
2025-09-04 09:57:36.353778,452,6,POINT (-4.59492558670118 48.28411221097504),5.453182621696672e-06,-4.59492558670118,48.28411221097504
2025-09-04 09:57:37.353778,453,6,POINT (-4.594929379814512 48.284116067195654),5.409079975884573e-06,-4.594929379814512,48.284116067195654
2025-09-04 09:57:38.353778,454,6,POINT (-4.594933100299018 48.28411994724462),5.375572986243024e-06,-4.594933100299018,48.28411994724462
2025-09-04 09:57:39.353778,455,6,POINT (-4.594936759087404 48.28412380611676),5.317671168278009e-06,-4.594936759087404,48.28412380611676
2025-09-04 09:57:40.353778,456,6,POINT (-4.594940362368345 48.28412764979246),5.268536459395589e-06,-4.594940362368345,48.28412764979246
2025-09-04 09:57:41.353778,457,6,POINT (-4.594943907944887 48.284131486693845),5.224263130019776e-06,-4.594943907944887,48.284131486693845
2025-09-04 09:57:42.353778,458,6,POINT (-4.594947388711991 48.28413528170021),5.1495449251672016e-06,-4.594947388711991,48.28413528170021
2025-09-04 09:57:43.353778,459,6,POINT (-4.594950812940452 48.28413904268821),5.086292490167507e-06,-4.594950812940452,48.28413904268821
2025-09-04 09:57:44.353778,460,6,POINT (-4.594954174234516 48.28414280256413),5.043308908599262e-06,-4.594954174234516,48.28414280256413
2025-09-04 09:57:45.353778,461,6,POINT (-4.594957486813514 48.28414654511631),4.997987233996274e-06,-4.594957486813514,48.28414654511631
2025-09-04 09:57:46.353778,462,6,POINT (-4.594960740711359 48.284150299849294),4.968487797108608e-06,-4.594960740711359,48.284150299849294
2025-09-04 09:57:47.353778,463,6,POINT (-4.594963930709007 48.284154050010855),4.923392806048755e-06,-4.594963930709007,48.284154050010855
2025-09-04 09:57:48.353778,464,6,POINT (-4.594967067144626 48.28415779693971),4.886379460856585e-06,-4.594967067144626,48.28415779693971
2025-09-04 09:57:49.353778,465,6,POINT (-4.594970149217205 48.284161557305545),4.862049217832998e-06,-4.594970149217205,48.284161557305545
2025-09-04 09:57:50.353778,466,6,POINT (-4.594973175635308 48.284165332218315),4.838302693451939e-06,-4.594973175635308,48.284165332218315
2025-09-04 09:57:51.353778,467,6,POINT (-4.594976159750485 48.28416908204893),4.792303523134403e-06,-4.594976159750485,48.28416908204893
2025-09-04 09:57:52.353778,468,6,POINT (-4.594979089435314 48.284172820884145),4.749941255804254e-06,-4.594979089435314,48.284172820884145
2025-09-04 09:57:53.353778,469,6,POINT (-4.594981969034664 48.2841765773585),4.733201031834618e-06,-4.594981969034664,48.2841765773585
2025-09-04 09:57:54.353778,470,6,POINT (-4.594984796143584 48.284180346498026),4.711576976518652e-06,-4.594984796143584,48.284180346498026
2025-09-04 09:57:55.353778,471,6,POINT (-4.594987581260896 48.28418408916608),4.665237681092229e-06,-4.594987581260896,48.28418408916608
2025-09-04 09:57:56.353778,472,6,POINT (-4.5949903318907594 48.284187845748924),4.6559509550038015e-06,-4.5949903318907594,48.284187845748924
2025-09-04 09:57:57.353778,473,6,POINT (-4.594993044891331 48.28419156765316),4.605751104910647e-06,-4.594993044891331,48.28419156765316
2025-09-04 09:57:58.353778,474,6,POINT (-4.594995725124902 48.284195301124754),4.595917986598426e-06,-4.594995725124902,48.284195301124754
2025-09-04 09:57:59.353778,475,6,POINT (-4.594998364605723 48.284199019594965),4.560030669986313e-06,-4.594998364605723,48.284199019594965
2025-09-04 09:58:00.353778,476,6,POINT (-4.595000955731196 48.28420273845676),4.5325339812791945e-06,-4.595000955731196,48.28420273845676
2025-09-04 09:58:01.353778,477,6,POINT (-4.595003515624663 48.28420644237717),4.502452768861011e-06,-4.595003515624663,48.28420644237717
2025-09-04 09:58:02.353778,478,6,POINT (-4.595006048164522 48.28421015193719),4.491613704641538e-06,-4.595006048164522,48.28421015193719
2025-09-04 09:58:03.353778,479,6,POINT (-4.595008531594657 48.28421389557299),4.4924641623704685e-06,-4.595008531594657,48.28421389557299
2025-09-04 09:58:04.353778,480,6,POINT (-4.595010982553733 48.284217616507235),4.4556202764127986e-06,-4.595010982553733,48.284217616507235
2025-09-04 09:58:05.353778,481,6,POINT (-4.59501339183408 48.28422134211506),4.4367539328941125e-06,-4.59501339183408,48.28422134211506
2025-09-04 09:58:06.353778,482,6,POINT (-4.595015764315885 48.28422506414295),4.413860163322213e-06,-4.595015764315885,48.28422506414295
2025-09-04 09:58:07.353778,483,6,POINT (-4.595018105069961 48.2842287726148),4.385418237334917e-06,-4.595018105069961,48.2842287726148
2025-09-04 09:58:08.353778,484,6,POINT (-4.59502041319362 48.28423244998671),4.3417161316835535e-06,-4.59502041319362,48.28423244998671
2025-09-04 09:58:09.353778,485,6,POINT (-4.5950226794150595 48.28423611860447),4.312135882468725e-06,-4.5950226794150595,48.28423611860447
2025-09-04 09:58:10.353778,486,6,POINT (-4.595024912492619 48.28423980170408),4.307186802382131e-06,-4.595024912492619,48.28423980170408
2025-09-04 09:58:11.353778,487,6,POINT (-4.595027112056762 48.28424348012091),4.285887627423373e-06,-4.595027112056762,48.28424348012091
2025-09-04 09:58:12.353778,488,6,POINT (-4.595029276413797 48.28424717318868),4.280559655753341e-06,-4.595029276413797,48.28424717318868
2025-09-04 09:58:13.353778,489,6,POINT (-4.5950314074711835 48.284250874935026),4.27133838287294e-06,-4.5950314074711835,48.284250874935026
2025-09-04 09:58:14.353778,490,6,POINT (-4.5950329869449265 48.2842545925414),4.039224488520473e-06,-4.5950329869449265,48.2842545925414
2025-09-04 09:58:15.353778,491,6,POINT (-4.595034022512624 48.28425830863487),3.857687274682647e-06,-4.595034022512624,48.28425830863487
2025-09-04 09:58:16.353778,492,6,POINT (-4.595034522093822 48.28426202654613),3.751325836063417e-06,-4.595034522093822,48.28426202654613
2025-09-04 09:58:17.353778,493,6,POINT (-4.595034503902532 48.2842657722979),3.745795942051274e-06,-4.595034503902532,48.2842657722979
2025-09-04 09:58:18.353778,494,6,POINT (-4.595033971048702 48.284269514654),3.780100842750826e-06,-4.595033971048702,48.284269514654
2025-09-04 09:58:19.353778,495,6,POINT (-4.595032930896784 48.28427324120161),3.868988641497949e-06,-4.595032930896784,48.28427324120161
2025-09-04 09:58:20.353778,496,6,POINT (-4.595031379436423 48.284276931766854),4.0034111791654675e-06,-4.595031379436423,48.284276931766854
2025-09-04 09:58:21.353778,497,6,POINT (-4.5950293346153215 48.28428060244073),4.2018020001532255e-06,-4.5950293346153215,48.28428060244073
2025-09-04 09:58:22.353778,498,6,POINT (-4.5950267980711965 48.28428425271473),4.445059768266981e-06,-4.5950267980711965,48.28428425271473
2025-09-04 09:58:23.353778,499,6,POINT (-4.595024304185465 48.284287866118454),4.3904615406086715e-06,-4.595024304185465,48.284287866118454
2025-09-04 09:58:24.353778,500,6,POINT (-4.595021842413065 48.28429150474043),4.393164376117502e-06,-4.595021842413065,48.28429150474043
2025-09-04 09:58:25.353778,501,6,POINT (-4.595019409431814 48.284295175085084),4.403501747821126e-06,-4.595019409431814,48.284295175085084
2025-09-04 09:58:26.353778,502,6,POINT (-4.595017009258089 48.28429884374387),4.3840496338218894e-06,-4.595017009258089,48.28429884374387
2025-09-04 09:58:27.353778,503,6,POINT (-4.595014642119871 48.28430252256427),4.374592880170573e-06,-4.595014642119871,48.28430252256427
2025-09-04 09:58:28.353778,504,6,POINT (-4.595012308387459 48.28430621718588),4.369958331668838e-06,-4.595012308387459,48.28430621718588
2025-09-04 09:58:29.353778,505,6,POINT (-4.595010001911217 48.284309906122004),4.350641607004535e-06,-4.595010001911217,48.284309906122004
2025-09-04 09:58:30.353778,506,6,POINT (-4.595007724630156 48.28431357588847),4.318934467399426e-06,-4.595007724630156,48.28431357588847
2025-09-04 09:58:31.353778,507,6,POINT (-4.595005487171649 48.28431721359089),4.270725871084583e-06,-4.595005487171649,48.28431721359089
2025-09-04 09:58:32.353778,508,6,POINT (-4.595003280835753 48.28432083861824),4.243670746303218e-06,-4.595003280835753,48.28432083861824
2025-09-04 09:58:33.353778,509,6,POINT (-4.595001100708607 48.28432446828919),4.234083794227844e-06,-4.595001100708607,48.28432446828919
2025-09-04 09:58:34.353778,510,6,POINT (-4.594998946144068 48.284328083365736),4.208435192334177e-06,-4.594998946144068,48.284328083365736
2025-09-04 09:58:35.353778,511,6,POINT (-4.594996820091779 48.28433170651369),4.200868890618591e-06,-4.594996820091779,48.28433170651369
2025-09-04 09:58:36.353778,512,6,POINT (-4.594994714973229 48.28433531850225),4.180668065137779e-06,-4.594994714973229,48.28433531850225
2025-09-04 09:58:37.353778,513,6,POINT (-4.594992637977431 48.2843389490959),4.182717031632174e-06,-4.594992637977431,48.2843389490959
2025-09-04 09:58:38.353778,514,6,POINT (-4.594990590648976 48.28434256503693),4.1553078533787595e-06,-4.594990590648976,48.28434256503693
2025-09-04 09:58:39.353778,515,6,POINT (-4.594988561170472 48.28434621231698),4.173899230373825e-06,-4.594988561170472,48.28434621231698
2025-09-04 09:58:40.353778,516,6,POINT (-4.594986559350552 48.284349852755106),4.154524367580435e-06,-4.594986559350552,48.284349852755106
2025-09-04 09:58:41.353778,517,6,POINT (-4.594984576963337 48.28435348768844),4.140362233666479e-06,-4.594984576963337,48.28435348768844
2025-09-04 09:58:42.353778,518,6,POINT (-4.594982629746687 48.28435714075785),4.139633893023516e-06,-4.594982629746687,48.28435714075785
2025-09-04 09:58:43.353778,519,6,POINT (-4.594980704522394 48.28436080192722),4.1365021160033015e-06,-4.594980704522394,48.28436080192722
2025-09-04 09:58:44.353778,520,6,POINT (-4.594978808166929 48.28436446176245),4.1219604505300715e-06,-4.594978808166929,48.28436446176245
2025-09-04 09:58:45.353778,521,6,POINT (-4.594976915073699 48.284368122547335),4.1213041557557226e-06,-4.594976915073699,48.284368122547335
2025-09-04 09:58:46.353778,522,6,POINT (-4.594975047827376 48.284371762520344),4.0909671645705624e-06,-4.594975047827376,48.284371762520344
2025-09-04 09:58:47.353778,523,6,POINT (-4.594973209299804 48.28437539354831),4.069956721940371e-06,-4.594973209299804,48.28437539354831
2025-09-04 09:58:48.353778,524,6,POINT (-4.594971389239475 48.28437901148612),4.049949830458745e-06,-4.594971389239475,48.28437901148612
2025-09-04 09:58:49.353778,525,6,POINT (-4.5949695788605665 48.28438265912648),4.072192523825067e-06,-4.5949695788605665,48.28438265912648
2025-09-04 09:58:50.353778,526,6,POINT (-4.5949677904654385 48.284386310987436),4.066256950524547e-06,-4.5949677904654385,48.284386310987436
2025-09-04 09:58:51.353778,527,6,POINT (-4.594966024163584 48.28438997032582),4.063321257016191e-06,-4.594966024163584,48.28438997032582
2025-09-04 09:58:52.353778,528,6,POINT (-4.594964278782554 48.28439364659329),4.069557400693498e-06,-4.594964278782554,48.28439364659329
2025-09-04 09:58:53.353778,529,6,POINT (-4.594962552945601 48.284397318595126),4.057352670422673e-06,-4.594962552945601,48.284397318595126
2025-09-04 09:58:54.353778,530,6,POINT (-4.594960836290662 48.28440098897437),4.051985682209958e-06,-4.594960836290662,48.28440098897437
2025-09-04 09:58:55.353778,531,6,POINT (-4.594959143529378 48.284404656254644),4.0391070028166785e-06,-4.594959143529378,48.284404656254644
2025-09-04 09:58:56.353778,532,6,POINT (-4.594957469986389 48.28440833413958),4.0407404913995265e-06,-4.594957469986389,48.28440833413958
2025-09-04 09:58:57.353778,533,6,POINT (-4.594955813688287 48.28441198089801),4.005267837015754e-06,-4.594955813688287,48.28441198089801
2025-09-04 09:58:58.353778,534,6,POINT (-4.594954178198027 48.28441566250469),4.02853027475775e-06,-4.594954178198027,48.28441566250469
2025-09-04 09:58:59.353778,535,6,POINT (-4.594952563510949 48.28441937244547),4.046093787189627e-06,-4.594952563510949,48.28441937244547
2025-09-04 09:59:00.353778,536,6,POINT (-4.594950961581724 48.28442308754015),4.045751562899267e-06,-4.594950961581724,48.28442308754015
2025-09-04 09:59:01.353778,537,6,POINT (-4.594949369649954 48.284426816628816),4.0546700304755305e-06,-4.594949369649954,48.284426816628816
2025-09-04 09:59:02.353778,538,6,POINT (-4.5949477935354555 48.284430542512084),4.045533714696566e-06,-4.5949477935354555,48.284430542512084
2025-09-04 09:59:03.353778,539,6,POINT (-4.59494623864818 48.28443427043834),4.039196530053433e-06,-4.59494623864818,48.28443427043834
2025-09-04 09:59:04.353778,540,6,POINT (-4.594944718959149 48.284437949264536),3.980353870485483e-06,-4.594944718959149,48.284437949264536
2025-09-04 09:59:05.353778,541,6,POINT (-4.594943206228074 48.28444161314082),3.9638800103128715e-06,-4.594943206228074,48.28444161314082
2025-09-04 09:59:06.353778,542,6,POINT (-4.594941718917197 48.28444525605974),3.934838230297867e-06,-4.594941718917197,48.28444525605974
2025-09-04 09:59:07.353778,543,6,POINT (-4.594940242008204 48.28444893049892),3.9601468970256335e-06,-4.594940242008204,48.28444893049892
2025-09-04 09:59:08.353778,544,6,POINT (-4.594938786781806 48.28445258089377),3.929766716530611e-06,-4.594938786781806,48.28445258089377
2025-09-04 09:59:09.353778,545,6,POINT (-4.594937347504134 48.28445624139129),3.933288993515674e-06,-4.594937347504134,48.28445624139129
2025-09-04 09:59:10.353778,546,6,POINT (-4.594935931651188 48.28445989337274),3.916836489638061e-06,-4.594935931651188,48.28445989337274
2025-09-04 09:59:11.353778,547,6,POINT (-4.594934543933114 48.284463519820676),3.882896609025325e-06,-4.594934543933114,48.284463519820676
2025-09-04 09:59:12.353778,548,6,POINT (-4.594933168951771 48.28446713322867),3.866172655241688e-06,-4.594933168951771,48.28446713322867
2025-09-04 09:59:13.353778,549,6,POINT (-4.594931814925665 48.28447074553223),3.857735572423641e-06,-4.594931814925665,48.28447074553223
2025-09-04 09:59:14.353778,550,6,POINT (-4.594930479382888 48.28447434125205),3.8357366329694405e-06,-4.594930479382888,48.28447434125205
2025-09-04 09:59:15.353778,551,6,POINT (-4.5949291478743115 48.284477944905404),3.841774666390905e-06,-4.5949291478743115,48.284477944905404
2025-09-04 09:59:16.353778,552,6,POINT (-4.594927831262248 48.28448155678496),3.844364870304659e-06,-4.594927831262248,48.28448155678496
2025-09-04 09:59:17.353778,553,6,POINT (-4.594926531810551 48.28448517912079),3.848362196119591e-06,-4.594926531810551,48.28448517912079
2025-09-04 09:59:18.353778,554,6,POINT (-4.594925247301717 48.28448879188797),3.834325187874947e-06,-4.594925247301717,48.28448879188797
2025-09-04 09:59:19.353778,555,6,POINT (-4.594923982247147 48.28449236965561),3.794836534113577e-06,-4.594923982247147,48.28449236965561
2025-09-04 09:59:20.353778,556,6,POINT (-4.594922729268623 48.28449593634612),3.7803751627277637e-06,-4.594922729268623,48.28449593634612
2025-09-04 09:59:21.353778,557,6,POINT (-4.594921483099647 48.28449951869133),3.79290578663265e-06,-4.594921483099647,48.28449951869133
2025-09-04 09:59:22.353778,558,6,POINT (-4.594920255734446 48.28450311081025),3.7960168186727085e-06,-4.594920255734446,48.28450311081025
2025-09-04 09:59:23.353778,559,6,POINT (-4.5949190385794845 48.28450671163139),3.8009708062227827e-06,-4.5949190385794845,48.28450671163139
2025-09-04 09:59:24.353778,560,6,POINT (-4.594917821948962 48.284510351880975),3.83817754816628e-06,-4.594917821948962,48.284510351880975
2025-09-04 09:59:25.353778,561,6,POINT (-4.594915815377681 48.28451392350161),4.096681863264392e-06,-4.594915815377681,48.28451392350161
2025-09-04 09:59:26.353778,562,6,POINT (-4.594913013574611 48.284517431362715),4.489453191281803e-06,-4.594913013574611,48.284517431362715
2025-09-04 09:59:27.353778,563,6,POINT (-4.594909413482665 48.284520866362),4.975930275816454e-06,-4.594909413482665,48.284520866362
2025-09-04 09:59:28.353778,564,6,POINT (-4.594905013643258 48.28452421055576),5.5265014882009355e-06,-4.594905013643258,48.28452421055576
2025-09-04 09:59:29.353778,565,6,POINT (-4.594899806312169 48.28452748477505),6.151163224965813e-06,-4.594899806312169,48.28452748477505
2025-09-04 09:59:30.353778,566,6,POINT (-4.594893793956136 48.284530650253096),6.794753589250954e-06,-4.594893793956136,48.284530650253096
2025-09-04 09:59:31.353778,567,6,POINT (-4.594886962891198 48.28453375961338),7.505436002094478e-06,-4.594886962891198,48.28453375961338
2025-09-04 09:59:32.353778,568,6,POINT (-4.594879316600616 48.284536770357334),8.217684516593223e-06,-4.594879316600616,48.284536770357334
2025-09-04 09:59:33.353778,569,6,POINT (-4.594870847939967 48.28453969678489),8.96003300289646e-06,-4.594870847939967,48.28453969678489
2025-09-04 09:59:34.353778,570,6,POINT (-4.594861555774271 48.284542522788456),9.71239617637497e-06,-4.594861555774271,48.284542522788456
2025-09-04 09:59:35.353778,571,6,POINT (-4.5948514298156 48.284545273000596),1.0492793041608875e-05,-4.5948514298156,48.284545273000596
2025-09-04 09:59:36.353778,572,6,POINT (-4.594840482665748 48.28454787436329),1.1251985503093253e-05,-4.594840482665748,48.28454787436329
2025-09-04 09:59:37.353778,573,6,POINT (-4.59482873118451 48.2845503031411),1.1999844704966103e-05,-4.59482873118451,48.2845503031411
2025-09-04 09:59:38.353778,574,6,POINT (-4.59481618685751 48.28455254786789),1.2743584198973856e-05,-4.59481618685751,48.28455254786789
2025-09-04 09:59:39.353778,575,6,POINT (-4.594802853683992 48.28455463233819),1.349512995437969e-05,-4.594802853683992,48.28455463233819
2025-09-04 09:59:40.353778,576,6,POINT (-4.594788750982114 48.2845565327824),1.4230175278847669e-05,-4.594788750982114,48.2845565327824
2025-09-04 09:59:41.353778,577,6,POINT (-4.594774873362243 48.28455833332496),1.3993937500961146e-05,-4.594774873362243,48.28455833332496
2025-09-04 09:59:42.353778,578,6,POINT (-4.594761216373083 48.28456003819719),1.3762991762200221e-05,-4.594761216373083,48.28456003819719
2025-09-04 09:59:43.353778,579,6,POINT (-4.594747786917356 48.28456165432735),1.3526350498375416e-05,-4.594747786917356,48.28456165432735
2025-09-04 09:59:44.353778,580,6,POINT (-4.5947350729352285 48.28456330634735),1.2820862359113515e-05,-4.5947350729352285,48.28456330634735
2025-09-04 09:59:45.353778,581,6,POINT (-4.5947230353740505 48.28456500683501),1.215707766659308e-05,-4.5947230353740505,48.28456500683501
2025-09-04 09:59:46.353778,582,6,POINT (-4.59471169329286 48.284566732973055),1.1472678775526674e-05,-4.59471169329286,48.284566732973055
2025-09-04 09:59:47.353778,583,6,POINT (-4.594701009981566 48.284568508283854),1.082981387776524e-05,-4.594701009981566,48.284568508283854
2025-09-04 09:59:48.353778,584,6,POINT (-4.594690990160352 48.28457033989623),1.0185853967895943e-05,-4.594690990160352,48.28457033989623
2025-09-04 09:59:49.353778,585,6,POINT (-4.594681613440784 48.28457225697014),9.570686612220006e-06,-4.594681613440784,48.28457225697014
2025-09-04 09:59:50.353778,586,6,POINT (-4.594672845148604 48.28457427839077),8.998282566185457e-06,-4.594672845148604,48.28457427839077
2025-09-04 09:59:51.353778,587,6,POINT (-4.594664688758135 48.28457639739445),8.42715148097711e-06,-4.594664688758135,48.28457639739445
2025-09-04 09:59:52.353778,588,6,POINT (-4.59465713531385 48.28457862198691),7.87421946406951e-06,-4.59465713531385,48.28457862198691
2025-09-04 09:59:53.353778,589,6,POINT (-4.594650150091136 48.284580984719085),7.373997538412365e-06,-4.594650150091136,48.284580984719085
2025-09-04 09:59:54.353778,590,6,POINT (-4.5946437134854285 48.2845834769196),6.9022428555518715e-06,-4.5946437134854285,48.2845834769196
2025-09-04 09:59:55.353778,591,6,POINT (-4.594637816540002 48.284586111283154),6.458624984769802e-06,-4.594637816540002,48.284586111283154
2025-09-04 09:59:56.353778,592,6,POINT (-4.594632467660178 48.284588879944764),6.022956290950048e-06,-4.594632467660178,48.284588879944764
2025-09-04 09:59:57.353778,593,6,POINT (-4.594627649278351 48.28459178104636),5.624339418659769e-06,-4.594627649278351,48.28459178104636
2025-09-04 09:59:58.353778,594,6,POINT (-4.594623363377003 48.284594790191846),5.236784025873065e-06,-4.594623363377003,48.284594790191846
2025-09-04 09:59:59.353778,595,6,POINT (-4.594619566324241 48.28459796708979),4.950786826947017e-06,-4.594619566324241,48.28459796708979
2025-09-04 10:00:00.353778,596,6,POINT (-4.594616280810565 48.28460127037652),4.659002398116803e-06,-4.594616280810565,48.28460127037652
2025-09-04 10:00:01.353778,597,6,POINT (-4.59461349595585 48.284604694428715),4.413564231497945e-06,-4.59461349595585,48.284604694428715
2025-09-04 10:00:02.353778,598,6,POINT (-4.594611225190092 48.28460822770022),4.200045790172254e-06,-4.594611225190092,48.28460822770022
2025-09-04 10:00:03.353778,599,6,POINT (-4.594609446245177 48.28461187086938),4.054297291359687e-06,-4.594609446245177,48.28461187086938
2025-09-04 10:00:04.353778,600,6,POINT (-4.5946081214863 48.28461566320853),4.017066381372286e-06,-4.5946081214863,48.28461566320853
2025-09-04 10:00:05.353778,601,6,POINT (-4.5946072657202315 48.28461959652831),4.025337261748016e-06,-4.5946072657202315,48.28461959652831
2025-09-04 10:00:06.353778,602,6,POINT (-4.594606868224668 48.284623654435066),4.077328779220304e-06,-4.594606868224668,48.284623654435066
2025-09-04 10:00:07.353778,603,6,POINT (-4.594606962622443 48.28462776862045),4.115268197679635e-06,-4.594606962622443,48.28462776862045
2025-09-04 10:00:08.353778,604,6,POINT (-4.5946075150811225 48.284631989421605),4.256803138354679e-06,-4.5946075150811225,48.284631989421605
2025-09-04 10:00:09.353778,605,6,POINT (-4.5946085152079075 48.28463631518562),4.43987476383661e-06,-4.5946085152079075,48.28463631518562
2025-09-04 10:00:10.353778,606,6,POINT (-4.59460995537181 48.28464074970755),4.662516143031012e-06,-4.59460995537181,48.28464074970755
2025-09-04 10:00:11.353778,607,6,POINT (-4.594611825554825 48.28464528869826),4.909177238739239e-06,-4.594611825554825,48.28464528869826
2025-09-04 10:00:12.353778,608,6,POINT (-4.594614134666802 48.28464991080924),5.1668083074106695e-06,-4.594614134666802,48.28464991080924
2025-09-04 10:00:13.353778,609,6,POINT (-4.59461687230199 48.28465463566854),5.460672282671588e-06,-4.59461687230199,48.28465463566854
2025-09-04 10:00:14.353778,610,6,POINT (-4.594620047867759 48.284659443899045),5.762230345942739e-06,-4.594620047867759,48.284659443899045
2025-09-04 10:00:15.353778,611,6,POINT (-4.594623652584537 48.284664345587125),6.084449776316934e-06,-4.594623652584537,48.284664345587125
2025-09-04 10:00:16.353778,612,6,POINT (-4.594627683739563 48.284669344119166),6.421489968296278e-06,-4.594627683739563,48.284669344119166
2025-09-04 10:00:17.353778,613,6,POINT (-4.594632107910746 48.28467444472246),6.75199560448643e-06,-4.594632107910746,48.28467444472246
2025-09-04 10:00:18.353778,614,6,POINT (-4.594636945612923 48.284679598163066),7.068331656697235e-06,-4.594636945612923,48.284679598163066
2025-09-04 10:00:19.353778,615,6,POINT (-4.594642191432957 48.28468481375979),7.397369600387234e-06,-4.594642191432957,48.28468481375979
2025-09-04 10:00:20.353778,616,6,POINT (-4.594647848540727 48.2846900777193),7.727362941121402e-06,-4.594647848540727,48.2846900777193
2025-09-04 10:00:21.353778,617,6,POINT (-4.594653903147849 48.28469540725027),8.066112308842057e-06,-4.594653903147849,48.28469540725027
2025-09-04 10:00:22.353778,618,6,POINT (-4.594660355828984 48.28470077411209),8.392871953945452e-06,-4.594660355828984,48.28470077411209
2025-09-04 10:00:23.353778,619,6,POINT (-4.594667209822825 48.28470617557796),8.72657235790298e-06,-4.594667209822825,48.28470617557796
2025-09-04 10:00:24.353778,620,6,POINT (-4.5946744673847615 48.284711592832494),9.056426003315292e-06,-4.5946744673847615,48.284711592832494
2025-09-04 10:00:25.353778,621,6,POINT (-4.59468212477712 48.28471701424732),9.382291641740549e-06,-4.59468212477712,48.28471701424732
2025-09-04 10:00:26.353778,622,6,POINT (-4.594689659535724 48.28472240070252),9.262099483315829e-06,-4.594689659535724,48.28472240070252
2025-09-04 10:00:27.353778,623,6,POINT (-4.594697087937689 48.28472769432749),9.121601894234226e-06,-4.594697087937689,48.28472769432749
2025-09-04 10:00:28.353778,624,6,POINT (-4.594704925605967 48.28473298394059),9.455635926676462e-06,-4.594704925605967,48.28473298394059
2025-09-04 10:00:29.353778,625,6,POINT (-4.594712657493321 48.28473821056799),9.332722858981256e-06,-4.594712657493321,48.28473821056799
2025-09-04 10:00:30.353778,626,6,POINT (-4.594720291230545 48.284743375726435),9.216984637716162e-06,-4.594720291230545,48.284743375726435
2025-09-04 10:00:31.353778,627,6,POINT (-4.5947278169737 48.284748473935366),9.090024440727218e-06,-4.5947278169737,48.284748473935366
2025-09-04 10:00:32.353778,628,6,POINT (-4.594735235057721 48.28475350417015),8.962769242710044e-06,-4.594735235057721,48.28475350417015
2025-09-04 10:00:33.353778,629,6,POINT (-4.594742559182626 48.2847584772615),8.852934157617201e-06,-4.594742559182626,48.2847584772615
2025-09-04 10:00:34.353778,630,6,POINT (-4.594749787357469 48.28476336167229),8.723759531111188e-06,-4.594749787357469,48.28476336167229
2025-09-04 10:00:35.353778,631,6,POINT (-4.594756918374961 48.2847681940568),8.614136668569632e-06,-4.594756918374961,48.2847681940568
2025-09-04 10:00:36.353778,632,6,POINT (-4.594763943920453 48.28477296779306),8.493930027973858e-06,-4.594763943920453,48.28477296779306
2025-09-04 10:00:37.353778,633,6,POINT (-4.594770865362942 48.284777681105936),8.373869140867838e-06,-4.594770865362942,48.284777681105936
2025-09-04 10:00:38.353778,634,6,POINT (-4.5947776812920065 48.28478238890128),8.283732612113015e-06,-4.5947776812920065,48.28478238890128
2025-09-04 10:00:39.353778,635,6,POINT (-4.594784404162015 48.28478704672681),8.178772515648663e-06,-4.594784404162015,48.28478704672681
2025-09-04 10:00:40.353778,636,6,POINT (-4.594791034623534 48.284791652301195),8.073062327955131e-06,-4.594791034623534,48.284791652301195
2025-09-04 10:00:41.353778,637,6,POINT (-4.594798509149852 48.28479626639126),8.783983766961489e-06,-4.594798509149852,48.28479626639126
2025-09-04 10:00:42.353778,638,6,POINT (-4.594806824833902 48.284800932984865),9.535601558413721e-06,-4.594806824833902,48.284800932984865
2025-09-04 10:00:43.353778,639,6,POINT (-4.594815997662431 48.28480558245376),1.0283887601909664e-05,-4.594815997662431,48.28480558245376
2025-09-04 10:00:44.353778,640,6,POINT (-4.5948260349848375 48.28481018875007),1.1043813056476845e-05,-4.5948260349848375,48.28481018875007
2025-09-04 10:00:45.353778,641,6,POINT (-4.594836925931675 48.28481472127976),1.1796463384523187e-05,-4.594836925931675,48.28481472127976
2025-09-04 10:00:46.353778,642,6,POINT (-4.594848664475953 48.284819210556634),1.256769782540587e-05,-4.594848664475953,48.284819210556634
2025-09-04 10:00:47.353778,643,6,POINT (-4.5948612453812565 48.2848236364857),1.3336717224410917e-05,-4.5948612453812565,48.2848236364857
2025-09-04 10:00:48.353778,644,6,POINT (-4.594874652394028 48.28482795897348),1.4086585536479875e-05,-4.594874652394028,48.28482795897348
2025-09-04 10:00:49.353778,645,6,POINT (-4.594888864355078 48.2848321889048),1.4828086723651871e-05,-4.594888864355078,48.2848321889048
2025-09-04 10:00:50.353778,646,6,POINT (-4.594903871515477 48.28483631457919),1.5563934347826692e-05,-4.594903871515477,48.28483631457919
2025-09-04 10:00:51.353778,647,6,POINT (-4.594919666073114 48.28484031852524),1.6294159534630186e-05,-4.594919666073114,48.28484031852524
2025-09-04 10:00:52.353778,648,6,POINT (-4.594936229551594 48.28484414375783),1.699944774782911e-05,-4.594936229551594,48.28484414375783
2025-09-04 10:00:53.353778,649,6,POINT (-4.594953554869185 48.28484776392981),1.769949928042181e-05,-4.594953554869185,48.28484776392981
2025-09-04 10:00:54.353778,650,6,POINT (-4.594971630791043 48.28485115404376),1.8391080000449256e-05,-4.594971630791043,48.28485115404376
2025-09-04 10:00:55.353778,651,6,POINT (-4.594990431646129 48.28485429830713),1.906196590423588e-05,-4.594990431646129,48.28485429830713
2025-09-04 10:00:56.353778,652,6,POINT (-4.595009469593244 48.284857208974095),1.9259164378448183e-05,-4.595009469593244,48.284857208974095
2025-09-04 10:00:57.353778,653,6,POINT (-4.5950277995683795 48.28485993953391),1.8532240699629344e-05,-4.5950277995683795,48.28485993953391
2025-09-04 10:00:58.353778,654,6,POINT (-4.595045412099509 48.28486250321461),1.77981378669925e-05,-4.595045412099509,48.28486250321461
2025-09-04 10:00:59.353778,655,6,POINT (-4.59506229805484 48.28486491289817),1.705702384055889e-05,-4.59506229805484,48.28486491289817
2025-09-04 10:01:00.353778,656,6,POINT (-4.595078466992692 48.28486725375663),1.6337508058885645e-05,-4.595078466992692,48.28486725375663
2025-09-04 10:01:01.353778,657,6,POINT (-4.595093916539488 48.28486954675732),1.5618781911091445e-05,-4.595093916539488,48.28486954675732
2025-09-04 10:01:02.353778,658,6,POINT (-4.595108637879209 48.284871788553566),1.489105414586888e-05,-4.595108637879209,48.284871788553566
2025-09-04 10:01:03.353778,659,6,POINT (-4.59512264129436 48.28487403732762),1.4182828372008062e-05,-4.59512264129436,48.28487403732762
2025-09-04 10:01:04.353778,660,6,POINT (-4.595135922160258 48.28487627690638),1.3468374513995053e-05,-4.595135922160258,48.28487627690638
2025-09-04 10:01:05.353778,661,6,POINT (-4.595148510857967 48.284878556480315),1.2793426722766766e-05,-4.595148510857967,48.284878556480315
2025-09-04 10:01:06.353778,662,6,POINT (-4.595160419592906 48.28488088452019),1.2134155822536466e-05,-4.595160419592906,48.28488088452019
2025-09-04 10:01:07.353778,663,6,POINT (-4.595171654793784 48.28488325921316),1.148341871855349e-05,-4.595171654793784,48.28488325921316
2025-09-04 10:01:08.353778,664,6,POINT (-4.595182243991594 48.284885705590504),1.0868112640805625e-05,-4.595182243991594,48.284885705590504
2025-09-04 10:01:09.353778,665,6,POINT (-4.595192199794583 48.28488820519959),1.0264797062602772e-05,-4.595192199794583,48.28488820519959
2025-09-04 10:01:10.353778,666,6,POINT (-4.595201452930279 48.28489084940184),9.623529796699913e-06,-4.595201452930279,48.28489084940184
2025-09-04 10:01:11.353778,667,6,POINT (-4.595209975647773 48.284893587823554),8.951852710735761e-06,-4.595209975647773,48.284893587823554
2025-09-04 10:01:12.353778,668,6,POINT (-4.595217762900502 48.28489642267258),8.28719941067001e-06,-4.595217762900502,48.28489642267258
2025-09-04 10:01:13.353778,669,6,POINT (-4.595224816926507 48.28489937127103),7.645489892673835e-06,-4.595224816926507,48.28489937127103
2025-09-04 10:01:14.353778,670,6,POINT (-4.595231141210532 48.28490245255587),7.034975812751243e-06,-4.595231141210532,48.28490245255587
2025-09-04 10:01:15.353778,671,6,POINT (-4.595236735833238 48.2849056778329),6.457725231288427e-06,-4.595236735833238,48.2849056778329
2025-09-04 10:01:16.353778,672,6,POINT (-4.595241580854134 48.284909018584756),5.885138097803322e-06,-4.595241580854134,48.284909018584756
2025-09-04 10:01:17.353778,673,6,POINT (-4.595245688028963 48.284912509146665),5.390074907908184e-06,-4.595245688028963,48.284912509146665
2025-09-04 10:01:18.353778,674,6,POINT (-4.595249055832705 48.2849161571449),4.964875945958771e-06,-4.595249055832705,48.2849161571449
2025-09-04 10:01:19.353778,675,6,POINT (-4.595251676426608 48.284919957918596),4.6166430561462626e-06,-4.595251676426608,48.284919957918596
2025-09-04 10:01:20.353778,676,6,POINT (-4.595253562340812 48.28492394605412),4.4115640478290385e-06,-4.595253562340812,48.28492394605412
2025-09-04 10:01:21.353778,677,6,POINT (-4.59525470162722 48.28492810899079),4.316018446628576e-06,-4.59525470162722,48.28492810899079
2025-09-04 10:01:22.353778,678,6,POINT (-4.595255071071842 48.284932412470525),4.319308642865568e-06,-4.595255071071842,48.284932412470525
2025-09-04 10:01:23.353778,679,6,POINT (-4.5952546802699885 48.284936885489536),4.490058481002388e-06,-4.5952546802699885,48.284936885489536
2025-09-04 10:01:24.353778,680,6,POINT (-4.595253517383516 48.28494151560164),4.773912758138981e-06,-4.595253517383516,48.28494151560164
2025-09-04 10:01:25.353778,681,6,POINT (-4.595251566577825 48.284946282095085),5.150252675901124e-06,-4.595251566577825,48.284946282095085
2025-09-04 10:01:26.353778,682,6,POINT (-4.595248830792705 48.284951201167026),5.628657831462178e-06,-4.595248830792705,48.284951201167026
2025-09-04 10:01:27.353778,683,6,POINT (-4.595245302469956 48.284956268299446),6.174535803088575e-06,-4.595245302469956,48.284956268299446
2025-09-04 10:01:28.353778,684,6,POINT (-4.595240974057476 48.28496147885291),6.773848386534908e-06,-4.595240974057476,48.28496147885291
2025-09-04 10:01:29.353778,685,6,POINT (-4.59523582744365 48.284966805486945),7.4067985023454885e-06,-4.59523582744365,48.284966805486945
2025-09-04 10:01:30.353778,686,6,POINT (-4.5952298604944595 48.28497225401871),8.080283475989128e-06,-4.5952298604944595,48.28497225401871
2025-09-04 10:01:31.353778,687,6,POINT (-4.595223074579566 48.28497783895852),8.788640030187558e-06,-4.595223074579566,48.28497783895852
2025-09-04 10:01:32.353778,688,6,POINT (-4.59521544000664 48.28498350396153),9.506785096168127e-06,-4.59521544000664,48.28498350396153
2025-09-04 10:01:33.353778,689,6,POINT (-4.595206961658836 48.28498927106431),1.0253870293885731e-05,-4.595206961658836,48.28498927106431
2025-09-04 10:01:34.353778,690,6,POINT (-4.595198070873071 48.28499502742873),1.0591591137241137e-05,-4.595198070873071,48.28499502742873
2025-09-04 10:01:35.353778,691,6,POINT (-4.595188781283198 48.28500074418547),1.0907693964008356e-05,-4.595188781283198,48.28500074418547
2025-09-04 10:01:36.353778,692,6,POINT (-4.595179094122287 48.28500641901532),1.1226966658903514e-05,-4.595179094122287,48.28500641901532
2025-09-04 10:01:37.353778,693,6,POINT (-4.595169034565922 48.28501206681659),1.153656506436981e-05,-4.595169034565922,48.28501206681659
2025-09-04 10:01:38.353778,694,6,POINT (-4.595158157237591 48.285017776228585),1.2284691975959019e-05,-4.595158157237591,48.285017776228585
2025-09-04 10:01:39.353778,695,6,POINT (-4.595146440680116 48.285023503942305),1.3041641902487769e-05,-4.595146440680116,48.285023503942305
2025-09-04 10:01:40.353778,696,6,POINT (-4.595133895607372 48.28502921387768),1.3783403502582677e-05,-4.595133895607372,48.28502921387768
2025-09-04 10:01:41.353778,697,6,POINT (-4.595120516319831 48.28503485992393),1.4521817152554666e-05,-4.595120516319831,48.28503485992393
2025-09-04 10:01:42.353778,698,6,POINT (-4.595106311531871 48.28504043176544),1.5258486777989331e-05,-4.595106311531871,48.28504043176544
2025-09-04 10:01:43.353778,699,6,POINT (-4.595091275309678 48.285045853029736),1.5983681816636583e-05,-4.595091275309678,48.285045853029736
2025-09-04 10:01:44.353778,700,6,POINT (-4.595075436908835 48.285051155992655),1.6702585338458432e-05,-4.595075436908835,48.285051155992655
2025-09-04 10:01:45.353778,701,6,POINT (-4.595058810663988 48.28505636455157),1.7423005013437367e-05,-4.595058810663988,48.28505636455157
2025-09-04 10:01:46.353778,702,6,POINT (-4.595041400715159 48.2850614384485),1.813424242383454e-05,-4.595041400715159,48.2850614384485
2025-09-04 10:01:47.353778,703,6,POINT (-4.5950232222323315 48.28506632596215),1.882405449311878e-05,-4.5950232222323315,48.28506632596215
2025-09-04 10:01:48.353778,704,6,POINT (-4.595004282479676 48.285071018850005),1.951249412725776e-05,-4.595004282479676,48.285071018850005
2025-09-04 10:01:49.353778,705,6,POINT (-4.594984591430175 48.28507546919854),2.018769507726869e-05,-4.594984591430175,48.28507546919854
2025-09-04 10:01:50.353778,706,6,POINT (-4.594964169461017 48.28507967552215),2.0850659045084438e-05,-4.594964169461017,48.28507967552215
2025-09-04 10:01:51.353778,707,6,POINT (-4.594943041494769 48.285083618840495),2.1492806176735933e-05,-4.594943041494769,48.285083618840495
2025-09-04 10:01:52.353778,708,6,POINT (-4.5949212233234595 48.28508726298292),2.212040626446799e-05,-4.5949212233234595,48.28508726298292
2025-09-04 10:01:53.353778,709,6,POINT (-4.594898740471801 48.28509057567026),2.2725591656085676e-05,-4.594898740471801,48.28509057567026
2025-09-04 10:01:54.353778,710,6,POINT (-4.594876587917794 48.285093566635105),2.2353557205571696e-05,-4.594876587917794,48.285093566635105
2025-09-04 10:01:55.353778,711,6,POINT (-4.594854773433598 48.28509622076079),2.1975352190520463e-05,-4.594854773433598,48.28509622076079
2025-09-04 10:01:56.353778,712,6,POINT (-4.594833666305393 48.28509861490094),2.1242475564634152e-05,-4.594833666305393,48.28509861490094
2025-09-04 10:01:57.353778,713,6,POINT (-4.594813271584216 48.28510080038988),2.0511484923750308e-05,-4.594813271584216,48.28510080038988
2025-09-04 10:01:58.353778,714,6,POINT (-4.594793594097427 48.28510281386141),1.9780231391747973e-05,-4.594793594097427,48.28510281386141
2025-09-04 10:01:59.353778,715,6,POINT (-4.59477463412771 48.28510469917501),1.9053473674754414e-05,-4.59477463412771,48.28510469917501
2025-09-04 10:02:00.353778,716,6,POINT (-4.594756400011155 48.285106465135314),1.8319432914890654e-05,-4.594756400011155,48.285106465135314
2025-09-04 10:02:01.353778,717,6,POINT (-4.59473888821203 48.28510815525867),1.759316985553399e-05,-4.59473888821203,48.28510815525867
2025-09-04 10:02:02.353778,718,6,POINT (-4.594722121297591 48.285109735169506),1.6841185767629043e-05,-4.594722121297591,48.285109735169506
2025-09-04 10:02:03.353778,719,6,POINT (-4.594706087255626 48.28511126600125),1.610695339129362e-05,-4.594706087255626,48.28511126600125
2025-09-04 10:02:04.353778,720,6,POINT (-4.594690772706958 48.28511280236013),1.5391419672106286e-05,-4.594690772706958,48.28511280236013
2025-09-04 10:02:05.353778,721,6,POINT (-4.594676199888489 48.285114303045766),1.464988380541096e-05,-4.594676199888489,48.285114303045766
2025-09-04 10:02:06.353778,722,6,POINT (-4.5946623608457005 48.28511581445155),1.392133085371169e-05,-4.5946623608457005,48.28511581445155
2025-09-04 10:02:07.353778,723,6,POINT (-4.594649242681792 48.28511737994665),1.321124518041672e-05,-4.594649242681792,48.28511737994665
2025-09-04 10:02:08.353778,724,6,POINT (-4.594636849899017 48.285119004367374),1.2498792245874047e-05,-4.594636849899017,48.285119004367374
2025-09-04 10:02:09.353778,725,6,POINT (-4.594625181250467 48.28512070360907),1.1791725120906883e-05,-4.594625181250467,48.28512070360907
2025-09-04 10:02:10.353778,726,6,POINT (-4.594614235868931 48.28512249186381),1.1090501882141192e-05,-4.594614235868931,48.28512249186381
2025-09-04 10:02:11.353778,727,6,POINT (-4.594604015751547 48.28512437744469),1.0392603840408534e-05,-4.594604015751547,48.28512437744469
2025-09-04 10:02:12.353778,728,6,POINT (-4.594594409858943 48.285126376555205),9.81170808656623e-06,-4.594594409858943,48.285126376555205
2025-09-04 10:02:13.353778,729,6,POINT (-4.594585414158556 48.28512847396287),9.236977014999815e-06,-4.594585414158556,48.28512847396287
2025-09-04 10:02:14.353778,730,6,POINT (-4.59457699464367 48.28513071524958),8.712726153559994e-06,-4.59457699464367,48.28513071524958
2025-09-04 10:02:15.353778,731,6,POINT (-4.594569148514953 48.28513309078058),8.19785846344332e-06,-4.594569148514953,48.28513309078058
2025-09-04 10:02:16.353778,732,6,POINT (-4.594561875004878 48.28513558603761),7.68962004597609e-06,-4.594561875004878,48.28513558603761
2025-09-04 10:02:17.353778,733,6,POINT (-4.5945551598915815 48.28513818812423),7.201638796071991e-06,-4.5945551598915815,48.28513818812423
2025-09-04 10:02:18.353778,734,6,POINT (-4.594548992352202 48.285140906855084),6.7401809663906855e-06,-4.594548992352202,48.285140906855084
2025-09-04 10:02:19.353778,735,6,POINT (-4.594543345618402 48.285143779807086),6.335570677766945e-06,-4.594543345618402,48.285143779807086
2025-09-04 10:02:20.353778,736,6,POINT (-4.594538220794593 48.285146799552464),5.948334323251937e-06,-4.594538220794593,48.285146799552464
2025-09-04 10:02:21.353778,737,6,POINT (-4.594533605877149 48.285149969589646),5.598803332552957e-06,-4.594533605877149,48.285149969589646
2025-09-04 10:02:22.353778,738,6,POINT (-4.594529470173639 48.285153297644776),5.308483254313753e-06,-4.594529470173639,48.285153297644776
2025-09-04 10:02:23.353778,739,6,POINT (-4.59452583939875 48.285156748664846),5.009198122139125e-06,-4.59452583939875,48.285156748664846
2025-09-04 10:02:24.353778,740,6,POINT (-4.594522725251414 48.28516029593249),4.720277680265242e-06,-4.594522725251414,48.28516029593249
2025-09-04 10:02:25.353778,741,6,POINT (-4.594520336007887 48.28516404383974),4.444692721731457e-06,-4.594520336007887,48.28516404383974
2025-09-04 10:02:26.353778,742,6,POINT (-4.594518689772723 48.285167973761304),4.260794960155277e-06,-4.594518689772723,48.285167973761304
2025-09-04 10:02:27.353778,743,6,POINT (-4.5945177793639544 48.28517210430556),4.229685563902473e-06,-4.5945177793639544,48.28517210430556
2025-09-04 10:02:28.353778,744,6,POINT (-4.594517582226406 48.285176477036686),4.377172685389389e-06,-4.594517582226406,48.285176477036686
2025-09-04 10:02:29.353778,745,6,POINT (-4.594518121347189 48.28518106618637),4.620708390128069e-06,-4.594518121347189,48.28518106618637
2025-09-04 10:02:30.353778,746,6,POINT (-4.5945194040932815 48.285185869126),4.971284208173278e-06,-4.5945194040932815,48.285185869126
2025-09-04 10:02:31.353778,747,6,POINT (-4.594521462088551 48.285190846185905),5.385765479158709e-06,-4.594521462088551,48.285190846185905
2025-09-04 10:02:32.353778,748,6,POINT (-4.594524287867069 48.28519601675269),5.8923497123403855e-06,-4.594524287867069,48.28519601675269
2025-09-04 10:02:33.353778,749,6,POINT (-4.59452789056807 48.28520137495756),6.456764971519249e-06,-4.59452789056807,48.28520137495756
2025-09-04 10:02:34.353778,750,6,POINT (-4.594532269941605 48.28520692981272),7.073565469736469e-06,-4.594532269941605,48.28520692981272
2025-09-04 10:02:35.353778,751,6,POINT (-4.59453745063357 48.28521265030208),7.71774369230386e-06,-4.59453745063357,48.28521265030208
2025-09-04 10:02:36.353778,752,6,POINT (-4.594543437681894 48.285218536440986),8.395914415571483e-06,-4.594543437681894,48.285218536440986
2025-09-04 10:02:37.353778,753,6,POINT (-4.5945502552945525 48.28522455546479),9.09442080994355e-06,-4.5945502552945525,48.28522455546479
2025-09-04 10:02:38.353778,754,6,POINT (-4.59455791292492 48.2852306982861),9.817003439063685e-06,-4.59455791292492,48.2852306982861
2025-09-04 10:02:39.353778,755,6,POINT (-4.594566389340349 48.28523699511644),1.055934140412618e-05,-4.594566389340349,48.28523699511644
2025-09-04 10:02:40.353778,756,6,POINT (-4.5945757045442335 48.28524337918616),1.1292890224134265e-05,-4.5945757045442335,48.28524337918616
2025-09-04 10:02:41.353778,757,6,POINT (-4.594585395252309 48.28524976620317),1.1606197020409853e-05,-4.594585395252309,48.28524976620317
2025-09-04 10:02:42.353778,758,6,POINT (-4.594595491452281 48.28525611659367),1.1927309561425926e-05,-4.594595491452281,48.28525611659367
2025-09-04 10:02:43.353778,759,6,POINT (-4.594605960330346 48.2852624586039),1.2240036835034034e-05,-4.594605960330346,48.2852624586039
2025-09-04 10:02:44.353778,760,6,POINT (-4.594616808963102 48.285268774291616),1.2553116902154486e-05,-4.594616808963102,48.285268774291616
2025-09-04 10:02:45.353778,761,6,POINT (-4.594628053044502 48.2852750364187),1.2870260377667803e-05,-4.594628053044502,48.2852750364187
2025-09-04 10:02:46.353778,762,6,POINT (-4.594639680366396 48.28528123203912),1.3174988681084548e-05,-4.594639680366396,48.28528123203912
2025-09-04 10:02:47.353778,763,6,POINT (-4.594651686312227 48.28528733399175),1.3467611561978147e-05,-4.594651686312227,48.28528733399175
2025-09-04 10:02:48.353778,764,6,POINT (-4.594664045303945 48.28529337763738),1.375755533633779e-05,-4.594664045303945,48.28529337763738
2025-09-04 10:02:49.353778,765,6,POINT (-4.594676241310928 48.28529933112516),1.3571536503517984e-05,-4.594676241310928,48.28529933112516
2025-09-04 10:02:50.353778,766,6,POINT (-4.594688298905249 48.28530514636932),1.338665923272762e-05,-4.594688298905249,48.28530514636932
2025-09-04 10:02:51.353778,767,6,POINT (-4.594700206636353 48.28531082203339),1.3191179730796878e-05,-4.594700206636353,48.28531082203339
2025-09-04 10:02:52.353778,768,6,POINT (-4.594711956297308 48.28531639576668),1.3004654372673235e-05,-4.594711956297308,48.28531639576668
2025-09-04 10:02:53.353778,769,6,POINT (-4.594723556626706 48.28532184506591),1.2816493445341229e-05,-4.594723556626706,48.28532184506591
2025-09-04 10:02:54.353778,770,6,POINT (-4.594735019989986 48.28532718331443),1.2645378403012624e-05,-4.594735019989986,48.28532718331443
2025-09-04 10:02:55.353778,771,6,POINT (-4.59474633144636 48.28533241684517),1.2463502290448679e-05,-4.59474633144636,48.28533241684517
2025-09-04 10:02:56.353778,772,6,POINT (-4.594757489799467 48.285337532772836),1.2275241746178572e-05,-4.594757489799467,48.285337532772836
2025-09-04 10:02:57.353778,773,6,POINT (-4.594768493293588 48.285342553384545),1.2094768489418638e-05,-4.594768493293588,48.285342553384545
2025-09-04 10:02:58.353778,774,6,POINT (-4.594779342722223 48.285347476499076),1.1914157896564874e-05,-4.594779342722223,48.285347476499076
2025-09-04 10:02:59.353778,775,6,POINT (-4.594790041683116 48.28535233461635),1.1750279470019947e-05,-4.594790041683116,48.28535233461635
2025-09-04 10:03:00.353778,776,6,POINT (-4.594800602130356 48.28535712992159),1.159818943984204e-05,-4.594800602130356,48.28535712992159
2025-09-04 10:03:01.353778,777,6,POINT (-4.594811035154447 48.2853618132992),1.1435996567001391e-05,-4.594811035154447,48.2853618132992
2025-09-04 10:03:02.353778,778,6,POINT (-4.594821327749253 48.285366398415356),1.1267688228969978e-05,-4.594821327749253,48.285366398415356
2025-09-04 10:03:03.353778,779,6,POINT (-4.594831479253761 48.28537093241389),1.1118011804824548e-05,-4.594831479253761,48.28537093241389
2025-09-04 10:03:04.353778,780,6,POINT (-4.594841492698673 48.28537539021995),1.0960890193526396e-05,-4.594841492698673,48.28537539021995
2025-09-04 10:03:05.353778,781,6,POINT (-4.5948513824003845 48.2853797941607),1.0825936175513796e-05,-4.5948513824003845,48.2853797941607
2025-09-04 10:03:06.353778,782,6,POINT (-4.594861150723426 48.28538414325406),1.069274277931658e-05,-4.594861150723426,48.28538414325406
2025-09-04 10:03:07.353778,783,6,POINT (-4.5948707867757195 48.285388413494),1.0539850706011328e-05,-4.5948707867757195,48.285388413494
2025-09-04 10:03:08.353778,784,6,POINT (-4.594880294793567 48.28539260978599),1.039284705233063e-05,-4.594880294793567,48.28539260978599
2025-09-04 10:03:09.353778,785,6,POINT (-4.594889668584258 48.28539677791064),1.0258714103462702e-05,-4.594889668584258,48.28539677791064
2025-09-04 10:03:10.353778,786,6,POINT (-4.594898923565766 48.28540088870961),1.0126862834257065e-05,-4.594898923565766,48.28540088870961
2025-09-04 10:03:11.353778,787,6,POINT (-4.5949080607982005 48.28540493488035),9.993023276229037e-06,-4.5949080607982005,48.28540493488035
2025-09-04 10:03:12.353778,788,6,POINT (-4.594916558401691 48.28540896105378),9.403155726118378e-06,-4.594916558401691,48.28540896105378
2025-09-04 10:03:13.353778,789,6,POINT (-4.594924424592975 48.2854129892469),8.837607431435365e-06,-4.594924424592975,48.2854129892469
2025-09-04 10:03:14.353778,790,6,POINT (-4.594931664530171 48.285416967476685),8.260932321965214e-06,-4.594931664530171,48.285416967476685
2025-09-04 10:03:15.353778,791,6,POINT (-4.594938283152353 48.28542090799914),7.702848615791545e-06,-4.594938283152353,48.28542090799914
2025-09-04 10:03:16.353778,792,6,POINT (-4.594944285778914 48.28542485226727),7.182532750565503e-06,-4.594944285778914,48.28542485226727
2025-09-04 10:03:17.353778,793,6,POINT (-4.594949699940636 48.28542879606396),6.698259437701248e-06,-4.594949699940636,48.28542879606396
2025-09-04 10:03:18.353778,794,6,POINT (-4.594954531507703 48.28543273910499),6.236314046598529e-06,-4.594954531507703,48.28543273910499
2025-09-04 10:03:19.353778,795,6,POINT (-4.594958776503025 48.285436688194956),5.797870025543504e-06,-4.594958776503025,48.285436688194956
2025-09-04 10:03:20.353778,796,6,POINT (-4.594962455964515 48.285440644935235),5.403168560793278e-06,-4.594962455964515,48.285440644935235
2025-09-04 10:03:21.353778,797,6,POINT (-4.5949655784663195 48.285444631419026),5.063800008848766e-06,-4.5949655784663195,48.285444631419026
2025-09-04 10:03:22.353778,798,6,POINT (-4.594968145229995 48.28544868088056),4.7944149288675355e-06,-4.594968145229995,48.28544868088056
2025-09-04 10:03:23.353778,799,6,POINT (-4.594970172024784 48.28545276471027),4.559118577277478e-06,-4.594970172024784,48.28545276471027
2025-09-04 10:03:24.353778,800,6,POINT (-4.59497166339581 48.28545689360048),4.389979716834678e-06,-4.59497166339581,48.28545689360048
2025-09-04 09:50:04.353778,0,7,POINT (-4.59458909454955 48.28272656192),7.02811957187802e-07,-4.59458909454955,48.28272656192
2025-09-04 09:50:05.353778,1,7,POINT (-4.594589724326279 48.28272687389102),7.02811957187802e-07,-4.594589724326279,48.28272687389102
2025-09-04 09:50:06.353778,2,7,POINT (-4.594590966090605 48.28272751449714),1.3972669176524651e-06,-4.594590966090605,48.28272751449714
2025-09-04 09:50:07.353778,3,7,POINT (-4.59459279369768 48.2827285085047),2.0804323211020203e-06,-4.59459279369768,48.2827285085047
2025-09-04 09:50:08.353778,4,7,POINT (-4.594595227280386 48.28272983773058),2.772934588251002e-06,-4.594595227280386,48.28272983773058
2025-09-04 09:50:09.353778,5,7,POINT (-4.594598279663113 48.28273149089589),3.4713103958886424e-06,-4.594598279663113,48.28273149089589
2025-09-04 09:50:10.353778,6,7,POINT (-4.594601977656025 48.28273344335756),4.181776911866638e-06,-4.594601977656025,48.28273344335756
2025-09-04 09:50:11.353778,7,7,POINT (-4.594606306774337 48.28273570984431),4.886535332839923e-06,-4.594606306774337,48.28273570984431
2025-09-04 09:50:12.353778,8,7,POINT (-4.594611280311551 48.28273827867219),5.597762865854815e-06,-4.594611280311551,48.28273827867219
2025-09-04 09:50:13.353778,9,7,POINT (-4.59461690577031 48.282741143728224),6.313028774769441e-06,-4.59461690577031,48.282741143728224
2025-09-04 09:50:14.353778,10,7,POINT (-4.594623194848014 48.28274429471563),7.0342888754263745e-06,-4.594623194848014,48.28274429471563
2025-09-04 09:50:15.353778,11,7,POINT (-4.594630172811453 48.282747707258),7.767716471469222e-06,-4.594630172811453,48.282747707258
2025-09-04 09:50:16.353778,12,7,POINT (-4.594637832854703 48.28275138945972),8.499110078148119e-06,-4.594637832854703,48.28275138945972
2025-09-04 09:50:17.353778,13,7,POINT (-4.594646180425572 48.282755337261776),9.234017570710113e-06,-4.594646180425572,48.282755337261776
2025-09-04 09:50:18.353778,14,7,POINT (-4.594655227445085 48.282759539775434),9.975454030553907e-06,-4.594655227445085,48.282759539775434
2025-09-04 09:50:19.353778,15,7,POINT (-4.594664957723522 48.28276397359836),1.0692852947695284e-05,-4.594664957723522,48.28276397359836
2025-09-04 09:50:20.353778,16,7,POINT (-4.594675381733138 48.28276863649299),1.1419394153506024e-05,-4.594675381733138,48.28276863649299
2025-09-04 09:50:21.353778,17,7,POINT (-4.594686522098048 48.28277348087355),1.2148076117430172e-05,-4.594686522098048,48.28277348087355
2025-09-04 09:50:22.353778,18,7,POINT (-4.594698378673551 48.282778463651326),1.2861044165308056e-05,-4.594698378673551,48.282778463651326
2025-09-04 09:50:23.353778,19,7,POINT (-4.594710964451429 48.282783562067344),1.357923601242078e-05,-4.594710964451429,48.282783562067344
2025-09-04 09:50:24.353778,20,7,POINT (-4.594724251753319 48.28278877785818),1.4274342911469235e-05,-4.594724251753319,48.28278877785818
2025-09-04 09:50:25.353778,21,7,POINT (-4.59473827835362 48.28279404839148),1.4984126176388603e-05,-4.59473827835362,48.28279404839148
2025-09-04 09:50:26.353778,22,7,POINT (-4.594752596904328 48.28279924479429),1.5232317504667808e-05,-4.594752596904328,48.28279924479429
2025-09-04 09:50:27.353778,23,7,POINT (-4.594767218293408 48.28280435113678),1.5487406247392655e-05,-4.594767218293408,48.28280435113678
2025-09-04 09:50:28.353778,24,7,POINT (-4.594782140217565 48.282809354306444),1.5738345758159914e-05,-4.594782140217565,48.282809354306444
2025-09-04 09:50:29.353778,25,7,POINT (-4.594797339869095 48.28281427580792),1.5976563568045957e-05,-4.594797339869095,48.28281427580792
2025-09-04 09:50:30.353778,26,7,POINT (-4.594812818746923 48.28281911639487),1.6218105338907664e-05,-4.594812818746923,48.28281911639487
2025-09-04 09:50:31.353778,27,7,POINT (-4.594828580769175 48.282823827208105),1.645093027204432e-05,-4.594828580769175,48.282823827208105
2025-09-04 09:50:32.353778,28,7,POINT (-4.5948446132976795 48.28282842508495),1.667880216751957e-05,-4.5948446132976795,48.28282842508495
2025-09-04 09:50:33.353778,29,7,POINT (-4.594860929498765 48.28283288129263),1.6913787414837274e-05,-4.594860929498765,48.28283288129263
2025-09-04 09:50:34.353778,30,7,POINT (-4.594877520319482 48.282837200549686),1.7143841856803105e-05,-4.594877520319482,48.282837200549686
2025-09-04 09:50:35.353778,31,7,POINT (-4.594893888676306 48.28284125255202),1.686243837665401e-05,-4.594893888676306,48.28284125255202
2025-09-04 09:50:36.353778,32,7,POINT (-4.59491000470793 48.28284509845625),1.6568568274295315e-05,-4.59491000470793,48.28284509845625
2025-09-04 09:50:37.353778,33,7,POINT (-4.594925874750436 48.28284874673955),1.6283986618919162e-05,-4.594925874750436,48.28284874673955
2025-09-04 09:50:38.353778,34,7,POINT (-4.594941506746442 48.282852207559024),1.6010514374769328e-05,-4.594941506746442,48.282852207559024
2025-09-04 09:50:39.353778,35,7,POINT (-4.594956891811315 48.28285549206032),1.5731756733889736e-05,-4.594956891811315,48.28285549206032
2025-09-04 09:50:40.353778,36,7,POINT (-4.594972019840407 48.28285860573505),1.5445136273906858e-05,-4.594972019840407,48.28285860573505
2025-09-04 09:50:41.353778,37,7,POINT (-4.594986896784034 48.282861566295495),1.5168664075316266e-05,-4.594986896784034,48.282861566295495
2025-09-04 09:50:42.353778,38,7,POINT (-4.595001529578404 48.2828643895207),1.4902659883909587e-05,-4.595001529578404,48.2828643895207
2025-09-04 09:50:43.353778,39,7,POINT (-4.595015937670866 48.28286704053482),1.464994895111897e-05,-4.595015937670866,48.28286704053482
2025-09-04 09:50:44.353778,40,7,POINT (-4.595030106251358 48.282869524907596),1.4384741264982933e-05,-4.595030106251358,48.282869524907596
2025-09-04 09:50:45.353778,41,7,POINT (-4.595044040049271 48.28287188079148),1.4131557350849439e-05,-4.595044040049271,48.28287188079148
2025-09-04 09:50:46.353778,42,7,POINT (-4.59505772624443 48.28287412514193),1.3868995884672078e-05,-4.59505772624443,48.28287412514193
2025-09-04 09:50:47.353778,43,7,POINT (-4.595071181143785 48.2828762789926),1.362620230986853e-05,-4.595071181143785,48.2828762789926
2025-09-04 09:50:48.353778,44,7,POINT (-4.595084404162 48.28287833700677),1.3382213307943432e-05,-4.595084404162,48.28287833700677
2025-09-04 09:50:49.353778,45,7,POINT (-4.595097394514827 48.28288027995839),1.3134851638789527e-05,-4.595097394514827,48.28288027995839
2025-09-04 09:50:50.353778,46,7,POINT (-4.5951101539790375 48.2828821400351),1.2894332565070824e-05,-4.5951101539790375,48.2828821400351
2025-09-04 09:50:51.353778,47,7,POINT (-4.595122173996836 48.282883895015985),1.2147460055308493e-05,-4.595122173996836,48.282883895015985
2025-09-04 09:50:52.353778,48,7,POINT (-4.595133466088322 48.282885593577035),1.1419126050883341e-05,-4.595133466088322,48.282885593577035
2025-09-04 09:50:53.353778,49,7,POINT (-4.595144039121191 48.282887234167355),1.0699558899365445e-05,-4.595144039121191,48.282887234167355
2025-09-04 09:50:54.353778,50,7,POINT (-4.595153904655641 48.282888861040334),9.998774208458739e-06,-4.595153904655641,48.282888861040334
2025-09-04 09:50:55.353778,51,7,POINT (-4.595163073920357 48.28289051467023),9.317183440650864e-06,-4.595163073920357,48.28289051467023
2025-09-04 09:50:56.353778,52,7,POINT (-4.595171564551295 48.282892141115575),8.645006546452656e-06,-4.595171564551295,48.282892141115575
2025-09-04 09:50:57.353778,53,7,POINT (-4.595179386713276 48.282893732597444),7.982420221973301e-06,-4.595179386713276,48.282893732597444
2025-09-04 09:50:58.353778,54,7,POINT (-4.595186552778314 48.2828953257542),7.341024217369535e-06,-4.595186552778314,48.2828953257542
2025-09-04 09:50:59.353778,55,7,POINT (-4.5951930811437585 48.28289695524949),6.728655905400932e-06,-4.5951930811437585,48.28289695524949
2025-09-04 09:51:00.353778,56,7,POINT (-4.595198979772839 48.2828986001995),6.1236986834045115e-06,-4.595198979772839,48.2828986001995
2025-09-04 09:51:01.353778,57,7,POINT (-4.595204263587732 48.2829002803457),5.544509993909642e-06,-4.595204263587732,48.2829002803457
2025-09-04 09:51:02.353778,58,7,POINT (-4.595208943538195 48.28290199796764),4.985194225667071e-06,-4.595208943538195,48.28290199796764
2025-09-04 09:51:03.353778,59,7,POINT (-4.595213024983246 48.28290374716047),4.440480745312851e-06,-4.595213024983246,48.28290374716047
2025-09-04 09:51:04.353778,60,7,POINT (-4.595217045060254 48.28290547521468),4.375750281102008e-06,-4.595217045060254,48.28290547521468
2025-09-04 09:51:05.353778,61,7,POINT (-4.595220997410653 48.282907194616705),4.310152780148495e-06,-4.595220997410653,48.282907194616705
2025-09-04 09:51:06.353778,62,7,POINT (-4.595224889367174 48.2829089227861),4.258391129713807e-06,-4.595224889367174,48.2829089227861
2025-09-04 09:51:07.353778,63,7,POINT (-4.59522872317153 48.28291067360175),4.214666212344962e-06,-4.59522872317153,48.28291067360175
2025-09-04 09:51:08.353778,64,7,POINT (-4.595232485673622 48.2829124512492),4.1613041786728245e-06,-4.595232485673622,48.2829124512492
2025-09-04 09:51:09.353778,65,7,POINT (-4.5952361865103795 48.28291423548863),4.108491577916898e-06,-4.5952361865103795,48.28291423548863
2025-09-04 09:51:10.353778,66,7,POINT (-4.595239832195883 48.28291604430231),4.069745657295849e-06,-4.595239832195883,48.28291604430231
2025-09-04 09:51:11.353778,67,7,POINT (-4.595243428216734 48.28291787044726),4.033134180982825e-06,-4.595243428216734,48.28291787044726
2025-09-04 09:51:12.353778,68,7,POINT (-4.5952464639319714 48.282919769045584),3.580536637378581e-06,-4.5952464639319714,48.282919769045584
2025-09-04 09:51:13.353778,69,7,POINT (-4.595248930867682 48.28292166573932),3.1117870975887566e-06,-4.595248930867682,48.28292166573932
2025-09-04 09:51:14.353778,70,7,POINT (-4.595250865387797 48.282923631702324),2.7581476749523673e-06,-4.595250865387797,48.282923631702324
2025-09-04 09:51:15.353778,71,7,POINT (-4.595252269168967 48.28292569048965),2.491828006963652e-06,-4.595252269168967,48.28292569048965
2025-09-04 09:51:16.353778,72,7,POINT (-4.595253136247834 48.28292774959418),2.234219602719131e-06,-4.595253136247834,48.28292774959418
2025-09-04 09:51:17.353778,73,7,POINT (-4.595253481084092 48.28292986975938),2.148025259595552e-06,-4.595253481084092,48.28292986975938
2025-09-04 09:51:18.353778,74,7,POINT (-4.595253302387212 48.28293204301613),2.180591087411816e-06,-4.595253302387212,48.28293204301613
2025-09-04 09:51:19.353778,75,7,POINT (-4.5952526309871535 48.28293428757128),2.3428200636074152e-06,-4.5952526309871535,48.28293428757128
2025-09-04 09:51:20.353778,76,7,POINT (-4.595251471018654 48.282936573740294),2.563609892676761e-06,-4.595251471018654,48.282936573740294
2025-09-04 09:51:21.353778,77,7,POINT (-4.595249823524474 48.28293891607742),2.8637004527096427e-06,-4.595249823524474,48.28293891607742
2025-09-04 09:51:22.353778,78,7,POINT (-4.5952476906643165 48.2829413200211),3.2137264477052e-06,-4.5952476906643165,48.2829413200211
2025-09-04 09:51:23.353778,79,7,POINT (-4.595245089904974 48.28294377714532),3.5779056132890263e-06,-4.595245089904974,48.28294377714532
2025-09-04 09:51:24.353778,80,7,POINT (-4.595242023159499 48.28294627389649),3.954578893584841e-06,-4.595242023159499,48.28294627389649
2025-09-04 09:51:25.353778,81,7,POINT (-4.595238494017798 48.28294878488287),4.331269297677583e-06,-4.595238494017798,48.28294878488287
2025-09-04 09:51:26.353778,82,7,POINT (-4.595234519355438 48.282951374495205),4.743841579187542e-06,-4.595234519355438,48.282951374495205
2025-09-04 09:51:27.353778,83,7,POINT (-4.5952300936276425 48.28295397946706),5.135459559163825e-06,-4.5952300936276425,48.28295397946706
2025-09-04 09:51:28.353778,84,7,POINT (-4.595225742127885 48.28295657120624),5.0648457165177265e-06,-4.595225742127885,48.28295657120624
2025-09-04 09:51:29.353778,85,7,POINT (-4.595221463985398 48.282959163945414),5.002479340059533e-06,-4.595221463985398,48.282959163945414
2025-09-04 09:51:30.353778,86,7,POINT (-4.595217258822453 48.282961750043825),4.936729725738067e-06,-4.595217258822453,48.282961750043825
2025-09-04 09:51:31.353778,87,7,POINT (-4.59521311920175 48.2829642915995),4.8575677871770655e-06,-4.59521311920175,48.2829642915995
2025-09-04 09:51:32.353778,88,7,POINT (-4.595209053205203 48.28296684907221),4.803435707454369e-06,-4.595209053205203,48.28296684907221
2025-09-04 09:51:33.353778,89,7,POINT (-4.595205061280458 48.282969418591186),4.74740886541508e-06,-4.595205061280458,48.282969418591186
2025-09-04 09:51:34.353778,90,7,POINT (-4.595201127694901 48.28297199658118),4.7030976760944225e-06,-4.595201127694901,48.28297199658118
2025-09-04 09:51:35.353778,91,7,POINT (-4.5951972618153984 48.28297450960818),4.610892432827969e-06,-4.5951972618153984,48.28297450960818
2025-09-04 09:51:36.353778,92,7,POINT (-4.595193464817289 48.28297699051914),4.535649217526375e-06,-4.595193464817289,48.28297699051914
2025-09-04 09:51:37.353778,93,7,POINT (-4.5951897380032625 48.28297949194367),4.488459365717892e-06,-4.5951897380032625,48.28297949194367
2025-09-04 09:51:38.353778,94,7,POINT (-4.59518607191746 48.28298198238239),4.4319826391184155e-06,-4.59518607191746,48.28298198238239
2025-09-04 09:51:39.353778,95,7,POINT (-4.595182465138152 48.28298446813862),4.380392794141057e-06,-4.595182465138152,48.28298446813862
2025-09-04 09:51:40.353778,96,7,POINT (-4.5951789222959905 48.28298698555486),4.346160959054928e-06,-4.5951789222959905,48.28298698555486
2025-09-04 09:51:41.353778,97,7,POINT (-4.595175430983925 48.282989520685184),4.3146431736794195e-06,-4.595175430983925,48.282989520685184
2025-09-04 09:51:42.353778,98,7,POINT (-4.595171983169865 48.282992053943545),4.278413223750656e-06,-4.595171983169865,48.282992053943545
2025-09-04 09:51:43.353778,99,7,POINT (-4.595168595202756 48.28299457625458),4.2237867009931696e-06,-4.595168595202756,48.28299457625458
2025-09-04 09:51:44.353778,100,7,POINT (-4.595164754639149 48.28299712447912),4.609053818768996e-06,-4.595164754639149,48.28299712447912
2025-09-04 09:51:45.353778,101,7,POINT (-4.595160462348968 48.28299968769733),4.999384221199353e-06,-4.595160462348968,48.28299968769733
2025-09-04 09:51:46.353778,102,7,POINT (-4.595155715617607 48.28300223419021),5.386658017584466e-06,-4.595155715617607,48.28300223419021
2025-09-04 09:51:47.353778,103,7,POINT (-4.595150531641021 48.283004798825324),5.783681053476708e-06,-4.595150531641021,48.283004798825324
2025-09-04 09:51:48.353778,104,7,POINT (-4.595144907686586 48.283007357784896),6.178765053372492e-06,-4.595144907686586,48.283007357784896
2025-09-04 09:51:49.353778,105,7,POINT (-4.595138868177382 48.283009911528936),6.557231126168617e-06,-4.595138868177382,48.283009911528936
2025-09-04 09:51:50.353778,106,7,POINT (-4.595132398152039 48.283012412574855),6.936602816368542e-06,-4.595132398152039,48.283012412574855
2025-09-04 09:51:51.353778,107,7,POINT (-4.595125510710387 48.28301488120692),7.316488007228586e-06,-4.595125510710387,48.28301488120692
2025-09-04 09:51:52.353778,108,7,POINT (-4.595118209276059 48.283017317699176),7.697235723326442e-06,-4.595118209276059,48.283017317699176
2025-09-04 09:51:53.353778,109,7,POINT (-4.5951104989718115 48.28301974792975),8.084232321513929e-06,-4.5951104989718115,48.28301974792975
2025-09-04 09:51:54.353778,110,7,POINT (-4.5951023871653 48.28302212054682),8.451669458604345e-06,-4.5951023871653,48.28302212054682
2025-09-04 09:51:55.353778,111,7,POINT (-4.59509389116987 48.283024412476045),8.799708968422703e-06,-4.59509389116987,48.283024412476045
2025-09-04 09:51:56.353778,112,7,POINT (-4.595085023393478 48.28302665151668),9.146079000533046e-06,-4.595085023393478,48.28302665151668
2025-09-04 09:51:57.353778,113,7,POINT (-4.595075788246755 48.28302880530831),9.482971759739828e-06,-4.595075788246755,48.28302880530831
2025-09-04 09:51:58.353778,114,7,POINT (-4.595066178200052 48.28303090160636),9.836028829873954e-06,-4.595066178200052,48.28303090160636
2025-09-04 09:51:59.353778,115,7,POINT (-4.595056203508462 48.2830329316333),1.0179169008238841e-05,-4.595056203508462,48.2830329316333
2025-09-04 09:52:00.353778,116,7,POINT (-4.595046393574352 48.283034885245435),1.0002570050795459e-05,-4.595046393574352,48.283034885245435
2025-09-04 09:52:01.353778,117,7,POINT (-4.595036748463633 48.28303680639002),9.83457967110767e-06,-4.595036748463633,48.28303680639002
2025-09-04 09:52:02.353778,118,7,POINT (-4.595027263135642 48.28303869289304),9.671108556531856e-06,-4.595027263135642,48.28303869289304
2025-09-04 09:52:03.353778,119,7,POINT (-4.595017924540784 48.283040541181194),9.519743853668782e-06,-4.595017924540784,48.283040541181194
2025-09-04 09:52:04.353778,120,7,POINT (-4.595008728969466 48.2830423722819),9.376111222011276e-06,-4.595008728969466,48.2830423722819
2025-09-04 09:52:05.353778,121,7,POINT (-4.5949996875070225 48.283044184159614),9.221222477435131e-06,-4.5949996875070225,48.283044184159614
2025-09-04 09:52:06.353778,122,7,POINT (-4.594990792240455 48.28304599351193),9.077418306008965e-06,-4.594990792240455,48.28304599351193
2025-09-04 09:52:07.353778,123,7,POINT (-4.594982047456828 48.28304777009026),8.923422620842987e-06,-4.594982047456828,48.28304777009026
2025-09-04 09:52:08.353778,124,7,POINT (-4.594973432610165 48.28304953433011),8.793641183351847e-06,-4.594973432610165,48.28304953433011
2025-09-04 09:52:09.353778,125,7,POINT (-4.594964959696351 48.283051270561536),8.648974971847679e-06,-4.594964959696351,48.283051270561536
2025-09-04 09:52:10.353778,126,7,POINT (-4.594956618592859 48.283052973739714),8.513214631467399e-06,-4.594956618592859,48.283052973739714
2025-09-04 09:52:11.353778,127,7,POINT (-4.594948400232721 48.28305468146906),8.393913442587959e-06,-4.594948400232721,48.28305468146906
2025-09-04 09:52:12.353778,128,7,POINT (-4.594940317092188 48.28305633783088),8.251102674503224e-06,-4.594940317092188,48.28305633783088
2025-09-04 09:52:13.353778,129,7,POINT (-4.594932360347558 48.28305798125168),8.124691812263475e-06,-4.594932360347558,48.28305798125168
2025-09-04 09:52:14.353778,130,7,POINT (-4.594924523340924 48.28305962231386),8.006981831346222e-06,-4.594924523340924,48.28305962231386
2025-09-04 09:52:15.353778,131,7,POINT (-4.5949168083898035 48.28306123282574),7.881257470107608e-06,-4.5949168083898035,48.28306123282574
2025-09-04 09:52:16.353778,132,7,POINT (-4.594909190466466 48.283062872406525),7.792366850623207e-06,-4.594909190466466,48.283062872406525
2025-09-04 09:52:17.353778,133,7,POINT (-4.594901677933668 48.283064543892564),7.696233794212535e-06,-4.594901677933668,48.283064543892564
2025-09-04 09:52:18.353778,134,7,POINT (-4.594894270945919 48.28306622265173),7.594846928467477e-06,-4.594894270945919,48.28306622265173
2025-09-04 09:52:19.353778,135,7,POINT (-4.594886958623287 48.28306791425645),7.505437281527368e-06,-4.594886958623287,48.28306791425645
2025-09-04 09:52:20.353778,136,7,POINT (-4.594879743004958 48.283069630379096),7.416887811975582e-06,-4.594879743004958,48.283069630379096
2025-09-04 09:52:21.353778,137,7,POINT (-4.5948726378502 48.283071340357544),7.308026438660654e-06,-4.5948726378502,48.283071340357544
2025-09-04 09:52:22.353778,138,7,POINT (-4.594865149425616 48.28307293374688),7.656068985885217e-06,-4.594865149425616,48.28307293374688
2025-09-04 09:52:23.353778,139,7,POINT (-4.594857272045112 48.283074427683864),8.017790925477223e-06,-4.594857272045112,48.283074427683864
2025-09-04 09:52:24.353778,140,7,POINT (-4.594849027378097 48.283075802291556),8.358473574297543e-06,-4.594849027378097,48.283075802291556
2025-09-04 09:52:25.353778,141,7,POINT (-4.59484041890719 48.283077060774396),8.699974161497435e-06,-4.59484041890719,48.283077060774396
2025-09-04 09:52:26.353778,142,7,POINT (-4.594831435290511 48.28307822079455),9.05820155408073e-06,-4.594831435290511,48.28307822079455
2025-09-04 09:52:27.353778,143,7,POINT (-4.594822104634988 48.28307924204748),9.386377897189203e-06,-4.594822104634988,48.28307924204748
2025-09-04 09:52:28.353778,144,7,POINT (-4.594812437127375 48.283080156039034),9.710617076909209e-06,-4.594812437127375,48.283080156039034
2025-09-04 09:52:29.353778,145,7,POINT (-4.594802437901571 48.28308093381143),1.00294290265412e-05,-4.594802437901571,48.28308093381143
2025-09-04 09:52:30.353778,146,7,POINT (-4.594792100593561 48.28308158497282),1.0357796485542824e-05,-4.594792100593561,48.28308158497282
2025-09-04 09:52:31.353778,147,7,POINT (-4.594781436661423 48.283082100209235),1.0676371912417718e-05,-4.594781436661423,48.283082100209235
2025-09-04 09:52:32.353778,148,7,POINT (-4.594770447052509 48.283082494700466),1.0996687110393528e-05,-4.594770447052509,48.283082494700466
2025-09-04 09:52:33.353778,149,7,POINT (-4.594759159520619 48.28308273755746),1.1290144184083188e-05,-4.594759159520619,48.28308273755746
2025-09-04 09:52:34.353778,150,7,POINT (-4.594747576256629 48.2830828270787),1.158360991701054e-05,-4.594747576256629,48.2830828270787
2025-09-04 09:52:35.353778,151,7,POINT (-4.594736177604573 48.28308290426327),1.1398913375905345e-05,-4.594736177604573,48.28308290426327
2025-09-04 09:52:36.353778,152,7,POINT (-4.59472496824543 48.28308296283122),1.1209512148385879e-05,-4.59472496824543,48.28308296283122
2025-09-04 09:52:37.353778,153,7,POINT (-4.594713968429664 48.283082980897),1.0999830601141795e-05,-4.594713968429664,48.283082980897
2025-09-04 09:52:38.353778,154,7,POINT (-4.594703612815547 48.28308313104267),1.0356702538470756e-05,-4.594703612815547,48.28308313104267
2025-09-04 09:52:39.353778,155,7,POINT (-4.594693426013389 48.28308325862156),1.0187601021116469e-05,-4.594693426013389,48.28308325862156
2025-09-04 09:52:40.353778,156,7,POINT (-4.594683406548783 48.28308336934755),1.0020076409136107e-05,-4.594683406548783,48.28308336934755
2025-09-04 09:52:41.353778,157,7,POINT (-4.594673553029804 48.28308347371543),9.854071692158812e-06,-4.594673553029804,48.28308347371543
2025-09-04 09:52:42.353778,158,7,POINT (-4.594663868874774 48.28308355680338),9.684511462549314e-06,-4.594663868874774,48.28308355680338
2025-09-04 09:52:43.353778,159,7,POINT (-4.594654323248815 48.283083658793466),9.546170799127684e-06,-4.594654323248815,48.283083658793466
2025-09-04 09:52:44.353778,160,7,POINT (-4.594645389548351 48.2830839123929),8.937299180914686e-06,-4.594645389548351,48.2830839123929
2025-09-04 09:52:45.353778,161,7,POINT (-4.594637028019674 48.283084334253054),8.3721638661332e-06,-4.594637028019674,48.283084334253054
2025-09-04 09:52:46.353778,162,7,POINT (-4.594629266051317 48.28308489654779),7.78230866423776e-06,-4.594629266051317,48.28308489654779
2025-09-04 09:52:47.353778,163,7,POINT (-4.594622103179999 48.28308560806531),7.1981235545782875e-06,-4.594622103179999,48.28308560806531
2025-09-04 09:52:48.353778,164,7,POINT (-4.594615489644002 48.28308649743158),6.6730675664106e-06,-4.594615489644002,48.28308649743158
2025-09-04 09:52:49.353778,165,7,POINT (-4.5946093879203 48.28308759225011),6.199166052867947e-06,-4.5946093879203,48.28308759225011
2025-09-04 09:52:50.353778,166,7,POINT (-4.594603784591625 48.28308888656521),5.750873308505475e-06,-4.594603784591625,48.28308888656521
2025-09-04 09:52:51.353778,167,7,POINT (-4.594598713979467 48.28309033788932),5.2742249976218215e-06,-4.594598713979467,48.28309033788932
2025-09-04 09:52:52.353778,168,7,POINT (-4.594594158608434 48.283091961424496),4.836038846020249e-06,-4.594594158608434,48.283091961424496
2025-09-04 09:52:53.353778,169,7,POINT (-4.594590076163747 48.28309378668241),4.471903517048073e-06,-4.594590076163747,48.28309378668241
2025-09-04 09:52:54.353778,170,7,POINT (-4.594586464324043 48.28309579264449),4.131497297064481e-06,-4.594586464324043,48.28309579264449
2025-09-04 09:52:55.353778,171,7,POINT (-4.594583344963368 48.28309794715225),3.791083580332807e-06,-4.594583344963368,48.28309794715225
2025-09-04 09:52:56.353778,172,7,POINT (-4.5945806645132485 48.28310029130943),3.560882718416116e-06,-4.5945806645132485,48.28310029130943
2025-09-04 09:52:57.353778,173,7,POINT (-4.594578435112109 48.28310281890241),3.3703049848737696e-06,-4.594578435112109,48.28310281890241
2025-09-04 09:52:58.353778,174,7,POINT (-4.594576651662747 48.283105511010056),3.2292623346254518e-06,-4.594576651662747,48.283105511010056
2025-09-04 09:52:59.353778,175,7,POINT (-4.594575308880217 48.28310835902855),3.148694059251593e-06,-4.594575308880217,48.28310835902855
2025-09-04 09:53:00.353778,176,7,POINT (-4.594574421559606 48.283111350721924),3.1205075060778385e-06,-4.594574421559606,48.283111350721924
2025-09-04 09:53:01.353778,177,7,POINT (-4.594573968125226 48.28311448606047),3.167956838411667e-06,-4.594573968125226,48.28311448606047
2025-09-04 09:53:02.353778,178,7,POINT (-4.594573962945602 48.28311775876761),3.272711238778048e-06,-4.594573962945602,48.28311775876761
2025-09-04 09:53:03.353778,179,7,POINT (-4.5945743941540815 48.28312116321086),3.4316431316628094e-06,-4.5945743941540815,48.28312116321086
2025-09-04 09:53:04.353778,180,7,POINT (-4.594575226154726 48.28312472986515),3.6624101240269947e-06,-4.594575226154726,48.28312472986515
2025-09-04 09:53:05.353778,181,7,POINT (-4.594576460463863 48.283128444084134),3.913941965010702e-06,-4.594576460463863,48.283128444084134
2025-09-04 09:53:06.353778,182,7,POINT (-4.594578137884228 48.283132260797736),4.1690576627318055e-06,-4.594578137884228,48.283132260797736
2025-09-04 09:53:07.353778,183,7,POINT (-4.594580210251219 48.283136220815024),4.469501299772631e-06,-4.594580210251219,48.283136220815024
2025-09-04 09:53:08.353778,184,7,POINT (-4.5945826843093585 48.28314031326352),4.782164614179976e-06,-4.5945826843093585,48.28314031326352
2025-09-04 09:53:09.353778,185,7,POINT (-4.5945855551068675 48.2831445231509),5.0955500275293906e-06,-4.5945855551068675,48.2831445231509
2025-09-04 09:53:10.353778,186,7,POINT (-4.594588810932057 48.28314885583934),5.419648216735832e-06,-4.594588810932057,48.28314885583934
2025-09-04 09:53:11.353778,187,7,POINT (-4.594592466386732 48.28315329696274),5.7520366727528024e-06,-4.594592466386732,48.28315329696274
2025-09-04 09:53:12.353778,188,7,POINT (-4.59459653044294 48.28315781140301),6.074267348227642e-06,-4.59459653044294,48.28315781140301
2025-09-04 09:53:13.353778,189,7,POINT (-4.5946009585462395 48.28316244192414),6.407013718480745e-06,-4.5946009585462395,48.28316244192414
2025-09-04 09:53:14.353778,190,7,POINT (-4.594605755138712 48.28316716873816),6.734246069218692e-06,-4.594605755138712,48.28316716873816
2025-09-04 09:53:15.353778,191,7,POINT (-4.594610941097041 48.28317197287618),7.069222441309818e-06,-4.594610941097041,48.28317197287618
2025-09-04 09:53:16.353778,192,7,POINT (-4.594616508582591 48.28317685976601),7.4080083376878425e-06,-4.594616508582591,48.28317685976601
2025-09-04 09:53:17.353778,193,7,POINT (-4.594622449255688 48.28318182486249),7.7423368496398e-06,-4.594622449255688,48.28318182486249
2025-09-04 09:53:18.353778,194,7,POINT (-4.594628755920201 48.283186861655985),8.071140316283584e-06,-4.594628755920201,48.283186861655985
2025-09-04 09:53:19.353778,195,7,POINT (-4.594635455243606 48.28319193598926),8.404153273763791e-06,-4.594635455243606,48.28319193598926
2025-09-04 09:53:20.353778,196,7,POINT (-4.594642547363688 48.283197029852175),8.73187303399239e-06,-4.594642547363688,48.283197029852175
2025-09-04 09:53:21.353778,197,7,POINT (-4.5946500366516 48.28320213060398),9.06129695003056e-06,-4.5946500366516,48.28320213060398
2025-09-04 09:53:22.353778,198,7,POINT (-4.594657893135973 48.28320727934188),9.393287425214183e-06,-4.594657893135973,48.28320727934188
2025-09-04 09:53:23.353778,199,7,POINT (-4.594666129025794 48.2832124368338),9.71748959570741e-06,-4.594666129025794,48.2832124368338
2025-09-04 09:53:24.353778,200,7,POINT (-4.594674744729984 48.283217598138044),1.0043376931824512e-05,-4.594674744729984,48.283217598138044
2025-09-04 09:53:25.353778,201,7,POINT (-4.594683730140602 48.283222760888556),1.0362991692678844e-05,-4.594683730140602,48.283222760888556
2025-09-04 09:53:26.353778,202,7,POINT (-4.594693080379617 48.283227940337355),1.0688950345910384e-05,-4.594693080379617,48.283227940337355
2025-09-04 09:53:27.353778,203,7,POINT (-4.594702805149498 48.28323309103337),1.1004581711460316e-05,-4.594702805149498,48.28323309103337
2025-09-04 09:53:28.353778,204,7,POINT (-4.594712893326233 48.283238229399004),1.1321400587084636e-05,-4.594712893326233,48.283238229399004
2025-09-04 09:53:29.353778,205,7,POINT (-4.5947233599355615 48.28324332183559),1.163970881248834e-05,-4.5947233599355615,48.28324332183559
2025-09-04 09:53:30.353778,206,7,POINT (-4.594734187151495 48.28324838360024),1.1951990052274792e-05,-4.594734187151495,48.28324838360024
2025-09-04 09:53:31.353778,207,7,POINT (-4.594745372959055 48.28325339561954),1.225734996835993e-05,-4.594745372959055,48.28325339561954
2025-09-04 09:53:32.353778,208,7,POINT (-4.594756911071421 48.28325836331455),1.2562087036359237e-05,-4.594756911071421,48.28325836331455
2025-09-04 09:53:33.353778,209,7,POINT (-4.594768788331739 48.28326330487447),1.2864226639918386e-05,-4.594768788331739,48.28326330487447
2025-09-04 09:53:34.353778,210,7,POINT (-4.59478050782675 48.28326808833703),1.2658122981637055e-05,-4.59478050782675,48.28326808833703
2025-09-04 09:53:35.353778,211,7,POINT (-4.594792072369413 48.28327270980673),1.2453779714914337e-05,-4.594792072369413,48.28327270980673
2025-09-04 09:53:36.353778,212,7,POINT (-4.594803481534751 48.28327719523204),1.2259204456903113e-05,-4.594803481534751,48.28327719523204
2025-09-04 09:53:37.353778,213,7,POINT (-4.594814726408836 48.28328155993221),1.2062246921145154e-05,-4.594814726408836,48.28328155993221
2025-09-04 09:53:38.353778,214,7,POINT (-4.594825813875477 48.283285796094354),1.1869161142053234e-05,-4.594825813875477,48.283285796094354
2025-09-04 09:53:39.353778,215,7,POINT (-4.594836738801802 48.28328992072448),1.1677610579759248e-05,-4.594836738801802,48.28328992072448
2025-09-04 09:53:40.353778,216,7,POINT (-4.594847508925729 48.28329395639824),1.150140131069084e-05,-4.594847508925729,48.28329395639824
2025-09-04 09:53:41.353778,217,7,POINT (-4.594858135791709 48.28329785706863),1.1320137369867787e-05,-4.594858135791709,48.28329785706863
2025-09-04 09:53:42.353778,218,7,POINT (-4.59486861542892 48.28330163976454),1.114143547293216e-05,-4.59486861542892,48.28330163976454
2025-09-04 09:53:43.353778,219,7,POINT (-4.5948789447104055 48.28330531400747),1.0963307764194771e-05,-4.5948789447104055,48.28330531400747
2025-09-04 09:53:44.353778,220,7,POINT (-4.594889126511554 48.283308888874785),1.0791142244869531e-05,-4.594889126511554,48.283308888874785
2025-09-04 09:53:45.353778,221,7,POINT (-4.5948991434192 48.283312377716044),1.0607094423419094e-05,-4.5948991434192,48.283312377716044
2025-09-04 09:53:46.353778,222,7,POINT (-4.594909978737564 48.28331582141582),1.1369397178274645e-05,-4.594909978737564,48.28331582141582
2025-09-04 09:53:47.353778,223,7,POINT (-4.59492162364375 48.28331925275847),1.2139932143558503e-05,-4.59492162364375,48.28331925275847
2025-09-04 09:53:48.353778,224,7,POINT (-4.594934087939162 48.28332264198551),1.291686959125721e-05,-4.594934087939162,48.28332264198551
2025-09-04 09:53:49.353778,225,7,POINT (-4.594947355406889 48.28332594513864),1.3672473094848294e-05,-4.594947355406889,48.28332594513864
2025-09-04 09:53:50.353778,226,7,POINT (-4.594961403112056 48.28332918596212),1.4416690232320481e-05,-4.594961403112056,48.28332918596212
2025-09-04 09:53:51.353778,227,7,POINT (-4.594976219402267 48.283332284140464),1.5136748814608065e-05,-4.594976219402267,48.283332284140464
2025-09-04 09:53:52.353778,228,7,POINT (-4.594991801373245 48.283335229154176),1.5857834824952474e-05,-4.594991801373245,48.283335229154176
2025-09-04 09:53:53.353778,229,7,POINT (-4.595008129473665 48.28333802498923),1.6565734421920036e-05,-4.595008129473665,48.28333802498923
2025-09-04 09:53:54.353778,230,7,POINT (-4.595025186417297 48.28334062041373),1.725327662926969e-05,-4.595025186417297,48.28334062041373
2025-09-04 09:53:55.353778,231,7,POINT (-4.5950425056139474 48.283343053807585),1.7489310399465572e-05,-4.5950425056139474,48.283343053807585
2025-09-04 09:53:56.353778,232,7,POINT (-4.595060059771019 48.28334527075925),1.769359503286498e-05,-4.595060059771019,48.28334527075925
2025-09-04 09:53:57.353778,233,7,POINT (-4.595077850424972 48.28334729799769),1.7905782970197374e-05,-4.595077850424972,48.28334729799769
2025-09-04 09:53:58.353778,234,7,POINT (-4.595095866272714 48.28334912274411),1.8108022237290626e-05,-4.595095866272714,48.28334912274411
2025-09-04 09:53:59.353778,235,7,POINT (-4.595114096998956 48.283350733479836),1.830174442214727e-05,-4.595114096998956,48.283350733479836
2025-09-04 09:54:00.353778,236,7,POINT (-4.595132535108363 48.28335214502211),1.849206127230666e-05,-4.595132535108363,48.28335214502211
2025-09-04 09:54:01.353778,237,7,POINT (-4.595151170083636 48.283353326333014),1.867238064240101e-05,-4.595151170083636,48.283353326333014
2025-09-04 09:54:02.353778,238,7,POINT (-4.595169058213832 48.28335438969635),1.7919708243020233e-05,-4.595169058213832,48.28335438969635
2025-09-04 09:54:03.353778,239,7,POINT (-4.595186191130135 48.283355336788745),1.7159073548316254e-05,-4.595186191130135,48.283355336788745
2025-09-04 09:54:04.353778,240,7,POINT (-4.595202565794128 48.28335618884621),1.6396817459616718e-05,-4.595202565794128,48.28335618884621
2025-09-04 09:54:05.353778,241,7,POINT (-4.595218193158914 48.28335700639058),1.564873505928028e-05,-4.595218193158914,48.28335700639058
2025-09-04 09:54:06.353778,242,7,POINT (-4.595233078797561 48.283357823713196),1.490806004103943e-05,-4.595233078797561,48.283357823713196
2025-09-04 09:54:07.353778,243,7,POINT (-4.5952472126202695 48.2833586289268),1.4156740913966033e-05,-4.5952472126202695,48.2833586289268
2025-09-04 09:54:08.353778,244,7,POINT (-4.595260603141237 48.283359460084014),1.3416291369132702e-05,-4.595260603141237,48.283359460084014
2025-09-04 09:54:09.353778,245,7,POINT (-4.595273248232026 48.28336032530033),1.2674656615671838e-05,-4.595273248232026,48.28336032530033
2025-09-04 09:54:10.353778,246,7,POINT (-4.595285163225399 48.283361272144504),1.1952555416151954e-05,-4.595285163225399,48.283361272144504
2025-09-04 09:54:11.353778,247,7,POINT (-4.595296350682016 48.28336231541508),1.123599568623392e-05,-4.595296350682016,48.28336231541508
2025-09-04 09:54:12.353778,248,7,POINT (-4.595306793522565 48.28336342807512),1.0501948918384483e-05,-4.595306793522565,48.28336342807512
2025-09-04 09:54:13.353778,249,7,POINT (-4.59531650040856 48.28336463862058),9.782078309155568e-06,-4.59531650040856,48.28336463862058
2025-09-04 09:54:14.353778,250,7,POINT (-4.5953254843894715 48.28336598200512),9.083864542920673e-06,-4.5953254843894715,48.28336598200512
2025-09-04 09:54:15.353778,251,7,POINT (-4.595333739096832 48.28336745367102),8.384866970684401e-06,-4.595333739096832,48.28336745367102
2025-09-04 09:54:16.353778,252,7,POINT (-4.59534128200485 48.28336909439747),7.719290424819077e-06,-4.59534128200485,48.28336909439747
2025-09-04 09:54:17.353778,253,7,POINT (-4.595348090306735 48.28337086902505),7.035785499472238e-06,-4.595348090306735,48.28337086902505
2025-09-04 09:54:18.353778,254,7,POINT (-4.595354163218212 48.28337278429825),6.367772392635812e-06,-4.595354163218212,48.28337278429825
2025-09-04 09:54:19.353778,255,7,POINT (-4.595359514081551 48.28337487177603),5.743631426440966e-06,-4.595359514081551,48.28337487177603
2025-09-04 09:54:20.353778,256,7,POINT (-4.595364135768531 48.28337712604767),5.142152384375426e-06,-4.595364135768531,48.28337712604767
2025-09-04 09:54:21.353778,257,7,POINT (-4.595368028566616 48.28337955488067),4.58836644958887e-06,-4.595368028566616,48.28337955488067
2025-09-04 09:54:22.353778,258,7,POINT (-4.595371216229806 48.28338220632557),4.1462460945647625e-06,-4.595371216229806,48.28338220632557
2025-09-04 09:54:23.353778,259,7,POINT (-4.595373674366766 48.28338504530969),3.755298679186463e-06,-4.595373674366766,48.28338504530969
2025-09-04 09:54:24.353778,260,7,POINT (-4.595375399131569 48.283388072475134),3.484041364949432e-06,-4.595375399131569,48.283388072475134
2025-09-04 09:54:25.353778,261,7,POINT (-4.595376375412985 48.28339126927046),3.342547794793956e-06,-4.595376375412985,48.28339126927046
2025-09-04 09:54:26.353778,262,7,POINT (-4.595376585471652 48.28339461255057),3.3498726183309e-06,-4.595376585471652,48.28339461255057
2025-09-04 09:54:27.353778,263,7,POINT (-4.595376043602049 48.28339813392062),3.562817659632024e-06,-4.595376043602049,48.28339813392062
2025-09-04 09:54:28.353778,264,7,POINT (-4.59537475863712 48.28340185597087),3.937612594906085e-06,-4.59537475863712,48.28340185597087
2025-09-04 09:54:29.353778,265,7,POINT (-4.595372731670437 48.28340578841465),4.4241053305664425e-06,-4.595372731670437,48.28340578841465
2025-09-04 09:54:30.353778,266,7,POINT (-4.595369916680206 48.28340985792029),4.94823667353137e-06,-4.595369916680206,48.28340985792029
2025-09-04 09:54:31.353778,267,7,POINT (-4.595366327855263 48.28341409665037),5.553962292455687e-06,-4.595366327855263,48.28341409665037
2025-09-04 09:54:32.353778,268,7,POINT (-4.5953619451466015 48.28341847556553),6.1954042025920055e-06,-4.5953619451466015,48.28341847556553
2025-09-04 09:54:33.353778,269,7,POINT (-4.595356783175142 48.28342302894617),6.8832568269862035e-06,-4.595356783175142,48.28342302894617
2025-09-04 09:54:34.353778,270,7,POINT (-4.5953508234103815 48.2834277300471),7.590727633026062e-06,-4.5953508234103815,48.2834277300471
2025-09-04 09:54:35.353778,271,7,POINT (-4.595344061098132 48.28343257757042),8.320297429442158e-06,-4.595344061098132,48.28343257757042
2025-09-04 09:54:36.353778,272,7,POINT (-4.595336458545402 48.28343750363985),9.058971687353364e-06,-4.595336458545402,48.28343750363985
2025-09-04 09:54:37.353778,273,7,POINT (-4.5953280310763205 48.28344254535292),9.820443257243983e-06,-4.5953280310763205,48.28344254535292
2025-09-04 09:54:38.353778,274,7,POINT (-4.595318763293597 48.28344765320023),1.0582150099540483e-05,-4.595318763293597,48.28344765320023
2025-09-04 09:54:39.353778,275,7,POINT (-4.595308670734808 48.28345283810206),1.1346495048945613e-05,-4.595308670734808,48.28345283810206
2025-09-04 09:54:40.353778,276,7,POINT (-4.595297758495507 48.283458074879185),1.2103751536452329e-05,-4.595297758495507,48.283458074879185
2025-09-04 09:54:41.353778,277,7,POINT (-4.595286041347684 48.283463380281546),1.2862303343887283e-05,-4.595286041347684,48.283463380281546
2025-09-04 09:54:42.353778,278,7,POINT (-4.5952735356438374 48.28346873134162),1.3602443627086378e-05,-4.5952735356438374,48.28346873134162
2025-09-04 09:54:43.353778,279,7,POINT (-4.595260221882348 48.28347409728805),1.4354428796679692e-05,-4.595260221882348,48.28347409728805
2025-09-04 09:54:44.353778,280,7,POINT (-4.595246569135764 48.28347936925387),1.4635269484273517e-05,-4.595246569135764,48.28347936925387
2025-09-04 09:54:45.353778,281,7,POINT (-4.595232571815903 48.28348449512751),1.4906359175572569e-05,-4.595232571815903,48.28348449512751
2025-09-04 09:54:46.353778,282,7,POINT (-4.595218254017219 48.283489520895465),1.51742447160475e-05,-4.595218254017219,48.283489520895465
2025-09-04 09:54:47.353778,283,7,POINT (-4.595203600204273 48.28349441749683),1.545027309850022e-05,-4.595203600204273,48.28349441749683
2025-09-04 09:54:48.353778,284,7,POINT (-4.595188624177887 48.28349919070535),1.571829780327486e-05,-4.595188624177887,48.28349919070535
2025-09-04 09:54:49.353778,285,7,POINT (-4.595173329043576 48.28350383726181),1.5985356441169156e-05,-4.595173329043576,48.28350383726181
2025-09-04 09:54:50.353778,286,7,POINT (-4.595157733099926 48.283508352099744),1.6236293293215464e-05,-4.595157733099926,48.283508352099744
2025-09-04 09:54:51.353778,287,7,POINT (-4.595141831958048 48.283512692993234),1.6483011536489847e-05,-4.595141831958048,48.283512692993234
2025-09-04 09:54:52.353778,288,7,POINT (-4.595125631445306 48.283516879294005),1.6732654518867078e-05,-4.595125631445306,48.283516879294005
2025-09-04 09:54:53.353778,289,7,POINT (-4.595109139955918 48.2835208897041),1.6972112755117186e-05,-4.595109139955918,48.2835208897041
2025-09-04 09:54:54.353778,290,7,POINT (-4.595092360413497 48.28352472719479),1.7212767896178434e-05,-4.595092360413497,48.28352472719479
2025-09-04 09:54:55.353778,291,7,POINT (-4.595075309993642 48.283528388156356),1.743902109696822e-05,-4.595075309993642,48.283528388156356
2025-09-04 09:54:56.353778,292,7,POINT (-4.595057981256507 48.283531836255534),1.7668461128227112e-05,-4.595057981256507,48.283531836255534
2025-09-04 09:54:57.353778,293,7,POINT (-4.595040394125283 48.28353511541215),1.7890222268269653e-05,-4.595040394125283,48.28353511541215
2025-09-04 09:54:58.353778,294,7,POINT (-4.595023072378259 48.283538198650675),1.7594012610669478e-05,-4.595023072378259,48.283538198650675
2025-09-04 09:54:59.353778,295,7,POINT (-4.595006005767099 48.28354108501588),1.7308966478700254e-05,-4.595006005767099,48.28354108501588
2025-09-04 09:55:00.353778,296,7,POINT (-4.5949891915115675 48.28354379001792),1.7030449940121495e-05,-4.5949891915115675,48.28354379001792
2025-09-04 09:55:01.353778,297,7,POINT (-4.594972641511561 48.28354635498988),1.674758434433818e-05,-4.594972641511561,48.28354635498988
2025-09-04 09:55:02.353778,298,7,POINT (-4.594956344498783 48.28354875126041),1.6472241436105013e-05,-4.594956344498783,48.28354875126041
2025-09-04 09:55:03.353778,299,7,POINT (-4.594940312303477 48.283550998772355),1.618896526281566e-05,-4.594940312303477,48.283550998772355
2025-09-04 09:55:04.353778,300,7,POINT (-4.594924544703059 48.283553102810075),1.5907363000954926e-05,-4.594924544703059,48.283553102810075
2025-09-04 09:55:05.353778,301,7,POINT (-4.594909027292748 48.28355508739783),1.5643804247265077e-05,-4.594909027292748,48.28355508739783
2025-09-04 09:55:06.353778,302,7,POINT (-4.594893768799645 48.28355694119026),1.5370691531419703e-05,-4.594893768799645,48.28355694119026
2025-09-04 09:55:07.353778,303,7,POINT (-4.594878750780122 48.2835587054488),1.5121293548284508e-05,-4.594878750780122,48.2835587054488
2025-09-04 09:55:08.353778,304,7,POINT (-4.594863969666215 48.28356034925323),1.4872236595143719e-05,-4.594863969666215,48.28356034925323
2025-09-04 09:55:09.353778,305,7,POINT (-4.594849443672354 48.283561881617324),1.46065956804673e-05,-4.594849443672354,48.283561881617324
2025-09-04 09:55:10.353778,306,7,POINT (-4.5948351531271046 48.28356332724271),1.4363478557874243e-05,-4.5948351531271046,48.28356332724271
2025-09-04 09:55:11.353778,307,7,POINT (-4.594821085266932 48.283564688294014),1.4133546989057123e-05,-4.594821085266932,48.283564688294014
2025-09-04 09:55:12.353778,308,7,POINT (-4.594807238860026 48.28356598238548),1.3906748610718773e-05,-4.594807238860026,48.28356598238548
2025-09-04 09:55:13.353778,309,7,POINT (-4.5947936177787385 48.283567228877864),1.3677996882029332e-05,-4.5947936177787385,48.283567228877864
2025-09-04 09:55:14.353778,310,7,POINT (-4.594780711101687 48.283568508564805),1.2969961880476853e-05,-4.594780711101687,48.283568508564805
2025-09-04 09:55:15.353778,311,7,POINT (-4.594768511811498 48.28356982400715),1.227000691427875e-05,-4.594768511811498,48.28356982400715
2025-09-04 09:55:16.353778,312,7,POINT (-4.594757001353032 48.28357120285601),1.1592751109089974e-05,-4.594757001353032,48.28357120285601
2025-09-04 09:55:17.353778,313,7,POINT (-4.594746146551429 48.28357265365472),1.0951325706725905e-05,-4.594746146551429,48.28357265365472
2025-09-04 09:55:18.353778,314,7,POINT (-4.594735950683462 48.28357417039146),1.0308065480335337e-05,-4.594735950683462,48.28357417039146
2025-09-04 09:55:19.353778,315,7,POINT (-4.594726387473416 48.28357577308616),9.696577576352063e-06,-4.594726387473416,48.28357577308616
2025-09-04 09:55:20.353778,316,7,POINT (-4.594717470637353 48.28357742531879),9.06861830794709e-06,-4.594717470637353,48.28357742531879
2025-09-04 09:55:21.353778,317,7,POINT (-4.594709183662409 48.28357916253822),8.467106062347228e-06,-4.594709183662409,48.28357916253822
2025-09-04 09:55:22.353778,318,7,POINT (-4.594701502578903 48.28358101072241),7.900305603608997e-06,-4.594701502578903,48.28358101072241
2025-09-04 09:55:23.353778,319,7,POINT (-4.594694418119434 48.283582976610106),7.35216161456441e-06,-4.594694418119434,48.283582976610106
2025-09-04 09:55:24.353778,320,7,POINT (-4.594687901990595 48.28358508388567),6.8483972830765954e-06,-4.594687901990595,48.28358508388567
2025-09-04 09:55:25.353778,321,7,POINT (-4.594681952011334 48.28358732380184),6.357631449781221e-06,-4.594681952011334,48.28358732380184
2025-09-04 09:55:26.353778,322,7,POINT (-4.594676557779093 48.28358966872315),5.881870233024533e-06,-4.594676557779093,48.28358966872315
2025-09-04 09:55:27.353778,323,7,POINT (-4.594671713609763 48.283592114573125),5.426615757691667e-06,-4.594671713609763,48.283592114573125
2025-09-04 09:55:28.353778,324,7,POINT (-4.594667442293349 48.28359462033476),4.95206878843987e-06,-4.594667442293349,48.28359462033476
2025-09-04 09:55:29.353778,325,7,POINT (-4.594663719924561 48.283597208584645),4.533769608346694e-06,-4.594663719924561,48.283597208584645
2025-09-04 09:55:30.353778,326,7,POINT (-4.594660029871826 48.283599804222185),4.511521186928275e-06,-4.594660029871826,48.283599804222185
2025-09-04 09:55:31.353778,327,7,POINT (-4.594656375124814 48.28360240912997),4.4880642024919786e-06,-4.594656375124814,48.28360240912997
2025-09-04 09:55:32.353778,328,7,POINT (-4.594652741184856 48.28360502388913),4.4768834131173794e-06,-4.594652741184856,48.28360502388913
2025-09-04 09:55:33.353778,329,7,POINT (-4.594649133550038 48.283607658698116),4.467353508513738e-06,-4.594649133550038,48.283607658698116
2025-09-04 09:55:34.353778,330,7,POINT (-4.594645538944946 48.28361032994637),4.4784766382060295e-06,-4.594645538944946,48.28361032994637
2025-09-04 09:55:35.353778,331,7,POINT (-4.594641948561969 48.28361302287317),4.488062462794034e-06,-4.594641948561969,48.28361302287317
2025-09-04 09:55:36.353778,332,7,POINT (-4.594638402280901 48.28361569943855),4.442984542629588e-06,-4.594638402280901,48.28361569943855
2025-09-04 09:55:37.353778,333,7,POINT (-4.594634891680238 48.283618358515284),4.403976168636059e-06,-4.594634891680238,48.283618358515284
2025-09-04 09:55:38.353778,334,7,POINT (-4.594631401519512 48.28362102330878),4.391166847506056e-06,-4.594631401519512,48.28362102330878
2025-09-04 09:55:39.353778,335,7,POINT (-4.59462794625901 48.28362367375799),4.354733760453845e-06,-4.59462794625901,48.28362367375799
2025-09-04 09:55:40.353778,336,7,POINT (-4.5946245311481455 48.28362631531703),4.317501174435211e-06,-4.5946245311481455,48.28362631531703
2025-09-04 09:55:41.353778,337,7,POINT (-4.594621154394114 48.28362893998806),4.276840636013115e-06,-4.594621154394114,48.28362893998806
2025-09-04 09:55:42.353778,338,7,POINT (-4.594617797353518 48.28363158669809),4.274902986415989e-06,-4.594617797353518,48.28363158669809
2025-09-04 09:55:43.353778,339,7,POINT (-4.59461447171505 48.28363424422004),4.257028789441644e-06,-4.59461447171505,48.28363424422004
2025-09-04 09:55:44.353778,340,7,POINT (-4.594611170700073 48.283636877221255),4.2224868599191685e-06,-4.594611170700073,48.283636877221255
2025-09-04 09:55:45.353778,341,7,POINT (-4.59460788091636 48.28363951913686),4.21928844163795e-06,-4.59460788091636,48.28363951913686
2025-09-04 09:55:46.353778,342,7,POINT (-4.5946051042922305 48.28364226381996),3.904219108225574e-06,-4.5946051042922305,48.28364226381996
2025-09-04 09:55:47.353778,343,7,POINT (-4.594602812682674 48.283645167754834),3.699231289224556e-06,-4.594602812682674,48.283645167754834
2025-09-04 09:55:48.353778,344,7,POINT (-4.594601029787814 48.28364816277214),3.4855190052656682e-06,-4.594601029787814,48.28364816277214
2025-09-04 09:55:49.353778,345,7,POINT (-4.594599734594828 48.283651280800186),3.3763328885279095e-06,-4.594599734594828,48.283651280800186
2025-09-04 09:55:50.353778,346,7,POINT (-4.594598910212776 48.28365455368392),3.375110914606538e-06,-4.594598910212776,48.28365455368392
2025-09-04 09:55:51.353778,347,7,POINT (-4.594598535888564 48.283657980041504),3.446744105576271e-06,-4.594598535888564,48.283657980041504
2025-09-04 09:55:52.353778,348,7,POINT (-4.594598615764121 48.28366154946236),3.570314460084134e-06,-4.594598615764121,48.28366154946236
2025-09-04 09:55:53.353778,349,7,POINT (-4.5945991619015025 48.28366522785764),3.718717236015469e-06,-4.5945991619015025,48.28366522785764
2025-09-04 09:55:54.353778,350,7,POINT (-4.594600132701274 48.28366902476687),3.919052426459029e-06,-4.594600132701274,48.28366902476687
2025-09-04 09:55:55.353778,351,7,POINT (-4.594601572729173 48.28367291664555),4.149746978905665e-06,-4.594601572729173,48.28367291664555
2025-09-04 09:55:56.353778,352,7,POINT (-4.594603442884947 48.283676910577164),4.410098905119297e-06,-4.594603442884947,48.283676910577164
2025-09-04 09:55:57.353778,353,7,POINT (-4.594605754715294 48.28368099957358),4.697281264333983e-06,-4.594605754715294,48.28368099957358
2025-09-04 09:55:58.353778,354,7,POINT (-4.5946084832928324 48.283685202531096),5.010986652854692e-06,-4.5946084832928324,48.283685202531096
2025-09-04 09:55:59.353778,355,7,POINT (-4.594611142489604 48.283689392427966),4.96251581883781e-06,-4.594611142489604,48.283689392427966
2025-09-04 09:56:00.353778,356,7,POINT (-4.5946137574854236 48.28369351721586),4.883858955454105e-06,-4.5946137574854236,48.28369351721586
2025-09-04 09:56:01.353778,357,7,POINT (-4.594616308666628 48.28369761094126),4.823599609991844e-06,-4.594616308666628,48.28369761094126
2025-09-04 09:56:02.353778,358,7,POINT (-4.59461881473703 48.283701634944066),4.7405682616452036e-06,-4.59461881473703,48.283701634944066
2025-09-04 09:56:03.353778,359,7,POINT (-4.594621259496682 48.283705635357954),4.68830044159311e-06,-4.594621259496682,48.283705635357954
2025-09-04 09:56:04.353778,360,7,POINT (-4.594623662688145 48.28370958493761),4.623257366217836e-06,-4.594623662688145,48.28370958493761
2025-09-04 09:56:05.353778,361,7,POINT (-4.594625997506309 48.283713518619976),4.574410651469215e-06,-4.594625997506309,48.283713518619976
2025-09-04 09:56:06.353778,362,7,POINT (-4.594628283978511 48.28371742282077),4.524460076243951e-06,-4.594628283978511,48.28371742282077
2025-09-04 09:56:07.353778,363,7,POINT (-4.594630492548739 48.28372134717576),4.503148287615627e-06,-4.594630492548739,48.28372134717576
2025-09-04 09:56:08.353778,364,7,POINT (-4.594632639017224 48.28372526300013),4.465535518921745e-06,-4.594632639017224,48.28372526300013
2025-09-04 09:56:09.353778,365,7,POINT (-4.594634749124746 48.283729143621926),4.417213973723473e-06,-4.594634749124746,48.283729143621926
2025-09-04 09:56:10.353778,366,7,POINT (-4.594636807840952 48.28373301466882),4.384440267717081e-06,-4.594636807840952,48.28373301466882
2025-09-04 09:56:11.353778,367,7,POINT (-4.594638814115004 48.28373687231112),4.348165092370001e-06,-4.594638814115004,48.28373687231112
2025-09-04 09:56:12.353778,368,7,POINT (-4.594640758638944 48.28374074677769),4.335050699568037e-06,-4.594640758638944,48.28374074677769
2025-09-04 09:56:13.353778,369,7,POINT (-4.5946426339768776 48.283744625552416),4.308339094165063e-06,-4.5946426339768776,48.283744625552416
2025-09-04 09:56:14.353778,370,7,POINT (-4.594644467142413 48.2837484852469),4.2729073731010415e-06,-4.594644467142413,48.2837484852469
2025-09-04 09:56:15.353778,371,7,POINT (-4.594646728433095 48.283752458337084),4.571529408122463e-06,-4.594646728433095,48.283752458337084
2025-09-04 09:56:16.353778,372,7,POINT (-4.594649431963997 48.28375652920077),4.8868200818468625e-06,-4.594649431963997,48.28375652920077
2025-09-04 09:56:17.353778,373,7,POINT (-4.59465257817978 48.283760671311946),5.201515040693056e-06,-4.59465257817978,48.283760671311946
2025-09-04 09:56:18.353778,374,7,POINT (-4.594656162251972 48.28376487826083),5.526661960112385e-06,-4.594656162251972,48.28376487826083
2025-09-04 09:56:19.353778,375,7,POINT (-4.594660166113973 48.28376918001895),5.876736664754425e-06,-4.594660166113973,48.28376918001895
2025-09-04 09:56:20.353778,376,7,POINT (-4.594664577920351 48.28377355270631),6.211636679638966e-06,-4.594664577920351,48.28377355270631
2025-09-04 09:56:21.353778,377,7,POINT (-4.594669405295718 48.28377798638563),6.554469106443643e-06,-4.594669405295718,48.28377798638563
2025-09-04 09:56:22.353778,378,7,POINT (-4.59467464265046 48.283782490562274),6.9077848789415895e-06,-4.59467464265046,48.283782490562274
2025-09-04 09:56:23.353778,379,7,POINT (-4.594680289848653 48.283787063976234),7.266839937706944e-06,-4.594680289848653,48.283787063976234
2025-09-04 09:56:24.353778,380,7,POINT (-4.594686357647489 48.28379167830188),7.623003600146296e-06,-4.594686357647489,48.28379167830188
2025-09-04 09:56:25.353778,381,7,POINT (-4.594692852031451 48.28379631021321),7.976943376107442e-06,-4.594692852031451,48.28379631021321
2025-09-04 09:56:26.353778,382,7,POINT (-4.594699754005888 48.283800969298944),8.327324359870614e-06,-4.594699754005888,48.283800969298944
2025-09-04 09:56:27.353778,383,7,POINT (-4.594707049548607 48.283805666429956),8.676864830843467e-06,-4.594707049548607,48.283805666429956
2025-09-04 09:56:28.353778,384,7,POINT (-4.5947142381699075 48.28381029033585),8.547326010508214e-06,-4.5947142381699075,48.28381029033585
2025-09-04 09:56:29.353778,385,7,POINT (-4.594721329911036 48.28381483085396),8.420753942815259e-06,-4.594721329911036,48.28381483085396
2025-09-04 09:56:30.353778,386,7,POINT (-4.59472831307798 48.28381931599924),8.299466772916366e-06,-4.59472831307798,48.28381931599924
2025-09-04 09:56:31.353778,387,7,POINT (-4.59473518335304 48.28382375214191),8.17802184078999e-06,-4.59473518335304,48.28382375214191
2025-09-04 09:56:32.353778,388,7,POINT (-4.594741960030257 48.28382812296118),8.063957786557987e-06,-4.594741960030257,48.28382812296118
2025-09-04 09:56:33.353778,389,7,POINT (-4.594748637279041 48.283832462984655),7.963758853178263e-06,-4.594748637279041,48.283832462984655
2025-09-04 09:56:34.353778,390,7,POINT (-4.594755219691718 48.283836718713665),7.838328014285572e-06,-4.594755219691718,48.283836718713665
2025-09-04 09:56:35.353778,391,7,POINT (-4.594761687557805 48.28384093819013),7.722517294061022e-06,-4.594761687557805,48.28384093819013
2025-09-04 09:56:36.353778,392,7,POINT (-4.594768057921185 48.283845135181735),7.62864785711084e-06,-4.594768057921185,48.283845135181735
2025-09-04 09:56:37.353778,393,7,POINT (-4.594774326678016 48.28384929005269),7.520655880923893e-06,-4.594774326678016,48.28384929005269
2025-09-04 09:56:38.353778,394,7,POINT (-4.594780506653901 48.283853390373245),7.416517415168712e-06,-4.594780506653901,48.283853390373245
2025-09-04 09:56:39.353778,395,7,POINT (-4.594786589149323 48.283857463365216),7.320246863956802e-06,-4.594786589149323,48.283857463365216
2025-09-04 09:56:40.353778,396,7,POINT (-4.594792588609863 48.28386147159771),7.215223801023437e-06,-4.594792588609863,48.28386147159771
2025-09-04 09:56:41.353778,397,7,POINT (-4.5947984915196 48.28386545535294),7.121421843935038e-06,-4.5947984915196,48.28386545535294
2025-09-04 09:56:42.353778,398,7,POINT (-4.594804300850956 48.28386939658694),7.0200894745643455e-06,-4.594804300850956,48.28386939658694
2025-09-04 09:56:43.353778,399,7,POINT (-4.594810018848019 48.28387330305036),6.925023243259389e-06,-4.594810018848019,48.28387330305036
2025-09-04 09:56:44.353778,400,7,POINT (-4.594815646100656 48.28387716692211),6.826087980689317e-06,-4.594815646100656,48.28387716692211
2025-09-04 09:56:45.353778,401,7,POINT (-4.5948211979313145 48.28388096397377),6.7261002801735825e-06,-4.5948211979313145,48.28388096397377
2025-09-04 09:56:46.353778,402,7,POINT (-4.5948266648762655 48.28388473582173),6.641861494453439e-06,-4.5948266648762655,48.28388473582173
2025-09-04 09:56:47.353778,403,7,POINT (-4.5948320563572755 48.2838884537443),6.549123277006623e-06,-4.5948320563572755,48.2838884537443
2025-09-04 09:56:48.353778,404,7,POINT (-4.594837367631303 48.2838921485899),6.470047590697077e-06,-4.594837367631303,48.2838921485899
2025-09-04 09:56:49.353778,405,7,POINT (-4.594842590782585 48.28389583776035),6.3946296149515e-06,-4.594842590782585,48.28389583776035
2025-09-04 09:56:50.353778,406,7,POINT (-4.5948477409540525 48.28389953539158),6.340090133168137e-06,-4.5948477409540525,48.28389953539158
2025-09-04 09:56:51.353778,407,7,POINT (-4.59485282432056 48.283903198785254),6.265865321742655e-06,-4.59485282432056,48.283903198785254
2025-09-04 09:56:52.353778,408,7,POINT (-4.594857833172238 48.28390685109732),6.1990304540397275e-06,-4.594857833172238,48.28390685109732
2025-09-04 09:56:53.353778,409,7,POINT (-4.594862767364278 48.283910507700064),6.1414163438136665e-06,-4.594862767364278,48.283910507700064
2025-09-04 09:56:54.353778,410,7,POINT (-4.594867624598927 48.28391414505405),6.068201747106682e-06,-4.594867624598927,48.28391414505405
2025-09-04 09:56:55.353778,411,7,POINT (-4.594872410200506 48.28391777471102),6.0063626444131516e-06,-4.594872410200506,48.28391777471102
2025-09-04 09:56:56.353778,412,7,POINT (-4.594877119463307 48.283921428280216),5.9603459622830615e-06,-4.594877119463307,48.283921428280216
2025-09-04 09:56:57.353778,413,7,POINT (-4.59488176349164 48.28392509487992),5.9170053688828085e-06,-4.59488176349164,48.28392509487992
2025-09-04 09:56:58.353778,414,7,POINT (-4.594886342952111 48.28392875329602),5.861353645238319e-06,-4.594886342952111,48.28392875329602
2025-09-04 09:56:59.353778,415,7,POINT (-4.594890850110217 48.28393238417983),5.787727657767102e-06,-4.594890850110217,48.28393238417983
2025-09-04 09:57:00.353778,416,7,POINT (-4.594895283742157 48.28393605416077),5.755506258154291e-06,-4.594895283742157,48.28393605416077
2025-09-04 09:57:01.353778,417,7,POINT (-4.59489965766574 48.28393972965692),5.7131847057265735e-06,-4.59489965766574,48.28393972965692
2025-09-04 09:57:02.353778,418,7,POINT (-4.594903978010802 48.283943379591754),5.655740953273659e-06,-4.594903978010802,48.283943379591754
2025-09-04 09:57:03.353778,419,7,POINT (-4.594908237337379 48.28394704298805),5.618036609009907e-06,-4.594908237337379,48.28394704298805
2025-09-04 09:57:04.353778,420,7,POINT (-4.594912426578906 48.283950680822116),5.548295345184403e-06,-4.594912426578906,48.283950680822116
2025-09-04 09:57:05.353778,421,7,POINT (-4.594916557884571 48.2839543233213),5.507766046839319e-06,-4.594916557884571,48.2839543233213
2025-09-04 09:57:06.353778,422,7,POINT (-4.594920634315238 48.283957969975596),5.46949490436297e-06,-4.594920634315238,48.283957969975596
2025-09-04 09:57:07.353778,423,7,POINT (-4.5949246612192205 48.28396162976788),5.4415103832012995e-06,-4.5949246612192205,48.28396162976788
2025-09-04 09:57:08.353778,424,7,POINT (-4.5949286264254114 48.28396528599668),5.393595198579334e-06,-4.5949286264254114,48.28396528599668
2025-09-04 09:57:09.353778,425,7,POINT (-4.594932534684666 48.283968921612676),5.337807984454974e-06,-4.594932534684666,48.283968921612676
2025-09-04 09:57:10.353778,426,7,POINT (-4.594935874979407 48.283972591164314),4.962174743042362e-06,-4.594935874979407,48.283972591164314
2025-09-04 09:57:11.353778,427,7,POINT (-4.594938654232584 48.2839762713941),4.611760999601318e-06,-4.594938654232584,48.2839762713941
2025-09-04 09:57:12.353778,428,7,POINT (-4.594940871914434 48.28397994106279),4.28772446145818e-06,-4.594940871914434,48.28397994106279
2025-09-04 09:57:13.353778,429,7,POINT (-4.59494254829142 48.283983589962574),4.015558421813597e-06,-4.59494254829142,48.283983589962574
2025-09-04 09:57:14.353778,430,7,POINT (-4.594943693607587 48.28398727793058),3.861716861777398e-06,-4.594943693607587,48.28398727793058
2025-09-04 09:57:15.353778,431,7,POINT (-4.594944301260028 48.28399097399539),3.7456823892032578e-06,-4.594944301260028,48.28399097399539
2025-09-04 09:57:16.353778,432,7,POINT (-4.5949443875529195 48.28399472896602),3.755962051432785e-06,-4.5949443875529195,48.28399472896602
2025-09-04 09:57:17.353778,433,7,POINT (-4.594943949513333 48.28399850517709),3.801532414493833e-06,-4.594943949513333,48.28399850517709
2025-09-04 09:57:18.353778,434,7,POINT (-4.594943002264207 48.2840022930291),3.904497886685587e-06,-4.594943002264207,48.2840022930291
2025-09-04 09:57:19.353778,435,7,POINT (-4.594941554068978 48.28400607243704),4.04736875051368e-06,-4.594941554068978,48.28400607243704
2025-09-04 09:57:20.353778,436,7,POINT (-4.59493961843811 48.2840098562383),4.2501551553946475e-06,-4.59493961843811,48.2840098562383
2025-09-04 09:57:21.353778,437,7,POINT (-4.594937202954389 48.28401363586152),4.485544927246172e-06,-4.594937202954389,48.28401363586152
2025-09-04 09:57:22.353778,438,7,POINT (-4.594934305201119 48.28401743598591),4.778903576125949e-06,-4.594934305201119,48.28401743598591
2025-09-04 09:57:23.353778,439,7,POINT (-4.594930917672558 48.28402123143225),5.087313894935488e-06,-4.594930917672558,48.28402123143225
2025-09-04 09:57:24.353778,440,7,POINT (-4.594927066127944 48.284025033459486),5.412005822626854e-06,-4.594927066127944,48.284025033459486
2025-09-04 09:57:25.353778,441,7,POINT (-4.594923268388861 48.284028821322835),5.363835465073756e-06,-4.594923268388861,48.284028821322835
2025-09-04 09:57:26.353778,442,7,POINT (-4.594919511373304 48.284032587827205),5.319936190582449e-06,-4.594919511373304,48.284032587827205
2025-09-04 09:57:27.353778,443,7,POINT (-4.594915800166585 48.28403636748779),5.2970642313301785e-06,-4.594915800166585,48.28403636748779
2025-09-04 09:57:28.353778,444,7,POINT (-4.59491214433039 48.28404015962325),5.267393057428024e-06,-4.59491214433039,48.28404015962325
2025-09-04 09:57:29.353778,445,7,POINT (-4.594908548168803 48.28404393957198),5.217316411965866e-06,-4.594908548168803,48.28404393957198
2025-09-04 09:57:30.353778,446,7,POINT (-4.59490500804696 48.284047718651145),5.178214170759975e-06,-4.59490500804696,48.284047718651145
2025-09-04 09:57:31.353778,447,7,POINT (-4.5949015126179065 48.28405151883612),5.163277072948845e-06,-4.5949015126179065,48.28405151883612
2025-09-04 09:57:32.353778,448,7,POINT (-4.5948980640677375 48.284055310531706),5.125373514615397e-06,-4.5948980640677375,48.284055310531706
2025-09-04 09:57:33.353778,449,7,POINT (-4.59489466392409 48.28405911877071),5.105258187745909e-06,-4.59489466392409,48.28405911877071
2025-09-04 09:57:34.353778,450,7,POINT (-4.594891318405893 48.284062934658124),5.0747895260796884e-06,-4.594891318405893,48.284062934658124
2025-09-04 09:57:35.353778,451,7,POINT (-4.59488853891846 48.284066772818115),4.738884099146695e-06,-4.59488853891846,48.284066772818115
2025-09-04 09:57:36.353778,452,7,POINT (-4.594886321559404 48.284070613711904),4.434991126090451e-06,-4.594886321559404,48.284070613711904
2025-09-04 09:57:37.353778,453,7,POINT (-4.5948846407046116 48.28407443976642),4.178991026294929e-06,-4.5948846407046116,48.28407443976642
2025-09-04 09:57:38.353778,454,7,POINT (-4.59488349619653 48.28407827123079),3.998752050073924e-06,-4.59488349619653,48.28407827123079
2025-09-04 09:57:39.353778,455,7,POINT (-4.594882877203957 48.28408211797219),3.8962252508458835e-06,-4.594882877203957,48.28408211797219
2025-09-04 09:57:40.353778,456,7,POINT (-4.594882781098884 48.284085972164974),3.855390797056086e-06,-4.594882781098884,48.284085972164974
2025-09-04 09:57:41.353778,457,7,POINT (-4.594883198372723 48.28408984912903),3.899354788324257e-06,-4.594883198372723,48.28408984912903
2025-09-04 09:57:42.353778,458,7,POINT (-4.594884123328451 48.284093691954),3.952574708128178e-06,-4.594884123328451,48.284093691954
2025-09-04 09:57:43.353778,459,7,POINT (-4.594885556122947 48.28409754616076),4.111910725859874e-06,-4.594885556122947,48.28409754616076
2025-09-04 09:57:44.353778,460,7,POINT (-4.5948874822351975 48.28410139191065),4.301127834821034e-06,-4.5948874822351975,48.28410139191065
2025-09-04 09:57:45.353778,461,7,POINT (-4.594889890194167 48.28410521362963),4.517056822182916e-06,-4.594889890194167,48.28410521362963
2025-09-04 09:57:46.353778,462,7,POINT (-4.594892786642393 48.28410901633552),4.780165731159037e-06,-4.594892786642393,48.28410901633552
2025-09-04 09:57:47.353778,463,7,POINT (-4.594896162081187 48.28411281831703),5.084156806157532e-06,-4.594896162081187,48.28411281831703
2025-09-04 09:57:48.353778,464,7,POINT (-4.59489999741961 48.284116631513676),5.408353677650692e-06,-4.59489999741961,48.284116631513676
2025-09-04 09:57:49.353778,465,7,POINT (-4.594904300919884 48.28412047297255),5.768615164559299e-06,-4.594904300919884,48.28412047297255
2025-09-04 09:57:50.353778,466,7,POINT (-4.594909064083012 48.284124313754276),6.11876844030063e-06,-4.594909064083012,48.284124313754276
2025-09-04 09:57:51.353778,467,7,POINT (-4.594913764332172 48.28412814738008),6.06539602752898e-06,-4.594913764332172,48.28412814738008
2025-09-04 09:57:52.353778,468,7,POINT (-4.5949183972037195 48.284131982444094),6.014250973192802e-06,-4.5949183972037195,48.284131982444094
2025-09-04 09:57:53.353778,469,7,POINT (-4.594922960637008 48.2841358014957),5.950636818737799e-06,-4.594922960637008,48.2841358014957
2025-09-04 09:57:54.353778,470,7,POINT (-4.594927459282658 48.28413957570712),5.872178858420271e-06,-4.594927459282658,48.28413957570712
2025-09-04 09:57:55.353778,471,7,POINT (-4.594931901235607 48.28414331406665),5.805710803102348e-06,-4.594931901235607,48.28414331406665
2025-09-04 09:57:56.353778,472,7,POINT (-4.594936286735864 48.28414702947815),5.747773058749977e-06,-4.594936286735864,48.28414702947815
2025-09-04 09:57:57.353778,473,7,POINT (-4.594940091784674 48.28415075050078),5.322067817893917e-06,-4.594940091784674,48.28415075050078
2025-09-04 09:57:58.353778,474,7,POINT (-4.594943325605594 48.28415449944121),4.9509748616872045e-06,-4.594943325605594,48.28415449944121
2025-09-04 09:57:59.353778,475,7,POINT (-4.594946002451989 48.28415825863969),4.614875932541392e-06,-4.594946002451989,48.28415825863969
2025-09-04 09:58:00.353778,476,7,POINT (-4.594948123958954 48.28416204219521),4.337751050698491e-06,-4.594948123958954,48.28416204219521
2025-09-04 09:58:01.353778,477,7,POINT (-4.594949703198153 48.284165849667836),4.1219951753430675e-06,-4.594949703198153,48.284165849667836
2025-09-04 09:58:02.353778,478,7,POINT (-4.59495074731525 48.28416971901675),4.007747690030466e-06,-4.59495074731525,48.28416971901675
2025-09-04 09:58:03.353778,479,7,POINT (-4.594951255792229 48.284173618851646),3.932843886981678e-06,-4.594951255792229,48.284173618851646
2025-09-04 09:58:04.353778,480,7,POINT (-4.594951247854662 48.284177549264896),3.930421265023714e-06,-4.594951247854662,48.284177549264896
2025-09-04 09:58:05.353778,481,7,POINT (-4.5949507292321625 48.284181507433885),3.992000882102697e-06,-4.5949507292321625,48.284181507433885
2025-09-04 09:58:06.353778,482,7,POINT (-4.594949707916796 48.2841854447395),4.067611163298618e-06,-4.594949707916796,48.2841854447395
2025-09-04 09:58:07.353778,483,7,POINT (-4.5949481837944 48.284189391677),4.230988624291473e-06,-4.5949481837944,48.284189391677
2025-09-04 09:58:08.353778,484,7,POINT (-4.594946164782124 48.28419336867922),4.460152148914304e-06,-4.594946164782124,48.28419336867922
2025-09-04 09:58:09.353778,485,7,POINT (-4.594943662355922 48.2841973548522),4.706560523434289e-06,-4.594943662355922,48.2841973548522
2025-09-04 09:58:10.353778,486,7,POINT (-4.594940673544578 48.28420134582153),4.9860635184228494e-06,-4.594940673544578,48.28420134582153
2025-09-04 09:58:11.353778,487,7,POINT (-4.594937203207966 48.28420535545502),5.302866861052244e-06,-4.594937203207966,48.28420535545502
2025-09-04 09:58:12.353778,488,7,POINT (-4.594933268661605 48.284209376274546),5.625623939863807e-06,-4.594933268661605,48.284209376274546
2025-09-04 09:58:13.353778,489,7,POINT (-4.594929397116662 48.28421336405682),5.557991336171637e-06,-4.594929397116662,48.28421336405682
2025-09-04 09:58:14.353778,490,7,POINT (-4.594925584343942 48.28421735700593),5.520949050201887e-06,-4.594925584343942,48.28421735700593
2025-09-04 09:58:15.353778,491,7,POINT (-4.5949218235028715 48.28422134539582),5.481895610980831e-06,-4.5949218235028715,48.28422134539582
2025-09-04 09:58:16.353778,492,7,POINT (-4.594918113391642 48.28422530441751),5.425751383874618e-06,-4.594918113391642,48.28422530441751
2025-09-04 09:58:17.353778,493,7,POINT (-4.594914466055375 48.28422926283582),5.382577205271129e-06,-4.594914466055375,48.28422926283582
2025-09-04 09:58:18.353778,494,7,POINT (-4.594910875125061 48.28423321815076),5.342218338583908e-06,-4.594910875125061,48.28423321815076
2025-09-04 09:58:19.353778,495,7,POINT (-4.594907336813421 48.28423716880195),5.303517143953861e-06,-4.594907336813421,48.28423716880195
2025-09-04 09:58:20.353778,496,7,POINT (-4.594903861388976 48.28424108883493),5.238819871400401e-06,-4.594903861388976,48.28424108883493
2025-09-04 09:58:21.353778,497,7,POINT (-4.594900432208693 48.28424500924247),5.20853843833178e-06,-4.594900432208693,48.28424500924247
2025-09-04 09:58:22.353778,498,7,POINT (-4.594897045769777 48.284248952621134),5.19790379192238e-06,-4.594897045769777,48.284248952621134
2025-09-04 09:58:23.353778,499,7,POINT (-4.594893710989824 48.28425290714457),5.172911456510306e-06,-4.594893710989824,48.28425290714457
2025-09-04 09:58:24.353778,500,7,POINT (-4.59489041241863 48.28425682755415),5.123493263209962e-06,-4.59489041241863,48.28425682755415
2025-09-04 09:58:25.353778,501,7,POINT (-4.594887158197035 48.284260757914396),5.102713967580167e-06,-4.594887158197035,48.284260757914396
2025-09-04 09:58:26.353778,502,7,POINT (-4.594883948196445 48.28426469540297),5.080149607853195e-06,-4.594883948196445,48.28426469540297
2025-09-04 09:58:27.353778,503,7,POINT (-4.59488078324236 48.28426858799256),5.016890279258367e-06,-4.59488078324236,48.28426858799256
2025-09-04 09:58:28.353778,504,7,POINT (-4.594877655654063 48.284272515834765),5.020931483760683e-06,-4.594877655654063,48.284272515834765
2025-09-04 09:58:29.353778,505,7,POINT (-4.594874558979384 48.28427640683921),4.972857294706378e-06,-4.594874558979384,48.28427640683921
2025-09-04 09:58:30.353778,506,7,POINT (-4.594871518439297 48.284280259021706),4.9075649756111266e-06,-4.594871518439297,48.284280259021706
2025-09-04 09:58:31.353778,507,7,POINT (-4.594868521514729 48.28428412533479),4.891823151965404e-06,-4.594868521514729,48.28428412533479
2025-09-04 09:58:32.353778,508,7,POINT (-4.594865565919897 48.28428797024081),4.8496229855161065e-06,-4.594865565919897,48.28428797024081
2025-09-04 09:58:33.353778,509,7,POINT (-4.594862646042056 48.28429176675775),4.789491355766312e-06,-4.594862646042056,48.28429176675775
2025-09-04 09:58:34.353778,510,7,POINT (-4.594859765153919 48.284295569112466),4.770473547487965e-06,-4.594859765153919,48.284295569112466
2025-09-04 09:58:35.353778,511,7,POINT (-4.594856925352299 48.284299385229495),4.7568080081788215e-06,-4.594856925352299,48.284299385229495
2025-09-04 09:58:36.353778,512,7,POINT (-4.59485411610415 48.28430319900913),4.736748913264458e-06,-4.59485411610415,48.28430319900913
2025-09-04 09:58:37.353778,513,7,POINT (-4.594852087316994 48.28430699102598),4.300624268717563e-06,-4.594852087316994,48.28430699102598
2025-09-04 09:58:38.353778,514,7,POINT (-4.594850839476023 48.28431081492791),4.022354173209277e-06,-4.594850839476023,48.28431081492791
2025-09-04 09:58:39.353778,515,7,POINT (-4.59485037789468 48.284314664543174),3.877189058537117e-06,-4.59485037789468,48.284314664543174
2025-09-04 09:58:40.353778,516,7,POINT (-4.594850708458836 48.28431852740841),3.876983425699555e-06,-4.594850708458836,48.28431852740841
2025-09-04 09:58:41.353778,517,7,POINT (-4.594851833175306 48.284322435294364),4.066516908955084e-06,-4.594851833175306,48.284322435294364
2025-09-04 09:58:42.353778,518,7,POINT (-4.594853755962662 48.2843263992196),4.405657102802751e-06,-4.594853755962662,48.2843263992196
2025-09-04 09:58:43.353778,519,7,POINT (-4.5948564847332065 48.28433038308811),4.828809065208771e-06,-4.5948564847332065,48.28433038308811
2025-09-04 09:58:44.353778,520,7,POINT (-4.594860024246595 48.284334387230786),5.3442785838014945e-06,-4.594860024246595,48.284334387230786
2025-09-04 09:58:45.353778,521,7,POINT (-4.594864379805586 48.284338404621955),5.925396690734871e-06,-4.594864379805586,48.284338404621955
2025-09-04 09:58:46.353778,522,7,POINT (-4.594869556883803 48.28434242398513),6.554190964044597e-06,-4.594869556883803,48.28434242398513
2025-09-04 09:58:47.353778,523,7,POINT (-4.594875561110994 48.28434642720472),7.216405699672416e-06,-4.594875561110994,48.28434642720472
2025-09-04 09:58:48.353778,524,7,POINT (-4.594882397036514 48.28435041037126),7.911731379700199e-06,-4.594882397036514,48.28435041037126
2025-09-04 09:58:49.353778,525,7,POINT (-4.594890068629566 48.28435438515511),8.640153159896761e-06,-4.594890068629566,48.28435438515511
2025-09-04 09:58:50.353778,526,7,POINT (-4.594898581836288 48.28435829632716),9.368668822274193e-06,-4.594898581836288,48.28435829632716
2025-09-04 09:58:51.353778,527,7,POINT (-4.594907940114283 48.2843621523159),1.0121561943534659e-05,-4.594907940114283,48.2843621523159
2025-09-04 09:58:52.353778,528,7,POINT (-4.594918147266689 48.28436594030442),1.0887369620534184e-05,-4.594918147266689,48.28436594030442
2025-09-04 09:58:53.353778,529,7,POINT (-4.5949282116102195 48.28436968509384),1.0738456989947635e-05,-4.5949282116102195,48.28436968509384
2025-09-04 09:58:54.353778,530,7,POINT (-4.594937614764751 48.28437336497311),1.0097565379288488e-05,-4.594937614764751,48.28437336497311
2025-09-04 09:58:55.353778,531,7,POINT (-4.594946367919624 48.28437701064848),9.482018196799251e-06,-4.594946367919624,48.28437701064848
2025-09-04 09:58:56.353778,532,7,POINT (-4.594954481204047 48.284380645328376),8.890235210504007e-06,-4.594954481204047,48.284380645328376
2025-09-04 09:58:57.353778,533,7,POINT (-4.594961975015652 48.28438428541321),8.331112169070853e-06,-4.594961975015652,48.28438428541321
2025-09-04 09:58:58.353778,534,7,POINT (-4.594968836610227 48.28438789190644),7.751662630323134e-06,-4.594968836610227,48.28438789190644
2025-09-04 09:58:59.353778,535,7,POINT (-4.594975100380577 48.28439152961123),7.243460161740897e-06,-4.594975100380577,48.28439152961123
2025-09-04 09:59:00.353778,536,7,POINT (-4.594980766138988 48.284395141535256),6.719137858620744e-06,-4.594980766138988,48.284395141535256
2025-09-04 09:59:01.353778,537,7,POINT (-4.594985838276163 48.28439880069976),6.254283363725407e-06,-4.594985838276163,48.28439880069976
2025-09-04 09:59:02.353778,538,7,POINT (-4.594990318507522 48.28440249124932),5.80453521387226e-06,-4.594990318507522,48.28440249124932
2025-09-04 09:59:03.353778,539,7,POINT (-4.594994229909039 48.284406189485544),5.382937211606976e-06,-4.594994229909039,48.284406189485544
2025-09-04 09:59:04.353778,540,7,POINT (-4.594997578156313 48.284409909880225),5.005206927387236e-06,-4.594997578156313,48.284409909880225
2025-09-04 09:59:05.353778,541,7,POINT (-4.595000368641562 48.2844136823344),4.6923574515741825e-06,-4.595000368641562,48.2844136823344
2025-09-04 09:59:06.353778,542,7,POINT (-4.595002612738821 48.284417485415034),4.415811906010963e-06,-4.595002612738821,48.284417485415034
2025-09-04 09:59:07.353778,543,7,POINT (-4.5950043050643785 48.28442132460991),4.195638578502088e-06,-4.5950043050643785,48.28442132460991
2025-09-04 09:59:08.353778,544,7,POINT (-4.5950054607900785 48.28442516233832),4.007974709829145e-06,-4.5950054607900785,48.28442516233832
2025-09-04 09:59:09.353778,545,7,POINT (-4.595006082239582 48.2844290067617),3.894328000190475e-06,-4.595006082239582,48.2844290067617
2025-09-04 09:59:10.353778,546,7,POINT (-4.595006180486636 48.284432895206876),3.889686155488671e-06,-4.595006180486636,48.284432895206876
2025-09-04 09:59:11.353778,547,7,POINT (-4.595005773421321 48.2844368077065),3.93361862197264e-06,-4.595005773421321,48.2844368077065
2025-09-04 09:59:12.353778,548,7,POINT (-4.595004860446233 48.28444079343044),4.088950826434263e-06,-4.595004860446233,48.28444079343044
2025-09-04 09:59:13.353778,549,7,POINT (-4.595003452728764 48.2844448194055),4.2649904628925815e-06,-4.595003452728764,48.2844448194055
2025-09-04 09:59:14.353778,550,7,POINT (-4.595001542553283 48.28444886002469),4.4693818135056684e-06,-4.595001542553283,48.28444886002469
2025-09-04 09:59:15.353778,551,7,POINT (-4.594999139949856 48.284452920641385),4.7181682020260535e-06,-4.594999139949856,48.284452920641385
2025-09-04 09:59:16.353778,552,7,POINT (-4.594996271852576 48.28445702350435),5.005943120853569e-06,-4.594996271852576,48.28445702350435
2025-09-04 09:59:17.353778,553,7,POINT (-4.5949929370916 48.2844611016083),5.267975188116543e-06,-4.5949929370916,48.2844611016083
2025-09-04 09:59:18.353778,554,7,POINT (-4.594989136676208 48.28446519206385),5.583456253968521e-06,-4.594989136676208,48.28446519206385
2025-09-04 09:59:19.353778,555,7,POINT (-4.594984870821828 48.28446929105284),5.916014225529467e-06,-4.594984870821828,48.28446929105284
2025-09-04 09:59:20.353778,556,7,POINT (-4.594980151159379 48.28447341099389),6.264912442903704e-06,-4.594980151159379,48.28447341099389
2025-09-04 09:59:21.353778,557,7,POINT (-4.594974991987647 48.28447754523094),6.61127589504806e-06,-4.594974991987647,48.28447754523094
2025-09-04 09:59:22.353778,558,7,POINT (-4.59496938518736 48.28448164744409),6.947255728928034e-06,-4.59496938518736,48.28448164744409
2025-09-04 09:59:23.353778,559,7,POINT (-4.594963342039317 48.284485731466035),7.293755790046142e-06,-4.594963342039317,48.284485731466035
2025-09-04 09:59:24.353778,560,7,POINT (-4.594956860094522 48.28448979563014),7.650688738691258e-06,-4.594956860094522,48.28448979563014
2025-09-04 09:59:25.353778,561,7,POINT (-4.594949952346749 48.28449385951525),8.014495712086163e-06,-4.594949952346749,48.28449385951525
2025-09-04 09:59:26.353778,562,7,POINT (-4.5949426186927305 48.284497859038865),8.35336281959815e-06,-4.5949426186927305,48.284497859038865
2025-09-04 09:59:27.353778,563,7,POINT (-4.594935389852189 48.28450183715951),8.251156248675727e-06,-4.594935389852189,48.28450183715951
2025-09-04 09:59:28.353778,564,7,POINT (-4.59492825446126 48.2845057492913),8.137479882342782e-06,-4.59492825446126,48.2845057492913
2025-09-04 09:59:29.353778,565,7,POINT (-4.59492121666033 48.284509639296104),8.041317014203997e-06,-4.59492121666033,48.284509639296104
2025-09-04 09:59:30.353778,566,7,POINT (-4.5949142694153675 48.28451348455249),7.940416188729312e-06,-4.5949142694153675,48.28451348455249
2025-09-04 09:59:31.353778,567,7,POINT (-4.594907425065642 48.28451734725789),7.859110392032825e-06,-4.594907425065642,48.28451734725789
2025-09-04 09:59:32.353778,568,7,POINT (-4.594900681209115 48.28452115498427),7.744571069080639e-06,-4.594900681209115,48.28452115498427
2025-09-04 09:59:33.353778,569,7,POINT (-4.594894009568764 48.28452493084258),7.66602184692863e-06,-4.594894009568764,48.28452493084258
2025-09-04 09:59:34.353778,570,7,POINT (-4.5948874237080455 48.284528695937624),7.586138813219921e-06,-4.5948874237080455,48.284528695937624
2025-09-04 09:59:35.353778,571,7,POINT (-4.594880925186388 48.28453244328924),7.501561693870112e-06,-4.594880925186388,48.28453244328924
2025-09-04 09:59:36.353778,572,7,POINT (-4.594874516277882 48.28453617125028),7.414297120047858e-06,-4.594874516277882,48.28453617125028
2025-09-04 09:59:37.353778,573,7,POINT (-4.594868189222705 48.284539859615776),7.323637568750942e-06,-4.594868189222705,48.284539859615776
2025-09-04 09:59:38.353778,574,7,POINT (-4.594861948053463 48.28454350820382),7.229411331631198e-06,-4.594861948053463,48.28454350820382
2025-09-04 09:59:39.353778,575,7,POINT (-4.594855791484397 48.28454712156504),7.138607846862428e-06,-4.594855791484397,48.28454712156504
2025-09-04 09:59:40.353778,576,7,POINT (-4.594849717687499 48.28455072362569),7.0615755819330726e-06,-4.594849717687499,48.28455072362569
2025-09-04 09:59:41.353778,577,7,POINT (-4.594843731632151 48.28455429007589),6.967957062607564e-06,-4.594843731632151,48.28455429007589
2025-09-04 09:59:42.353778,578,7,POINT (-4.594837832330535 48.28455785828083),6.89447938873948e-06,-4.594837832330535,48.28455785828083
2025-09-04 09:59:43.353778,579,7,POINT (-4.5948320073343725 48.28456141320842),6.824081659936839e-06,-4.5948320073343725,48.28456141320842
2025-09-04 09:59:44.353778,580,7,POINT (-4.5948262736497325 48.284564977364354),6.751173754197076e-06,-4.5948262736497325,48.284564977364354
2025-09-04 09:59:45.353778,581,7,POINT (-4.594820610761019 48.28456854878575),6.695024971030349e-06,-4.594820610761019,48.28456854878575
2025-09-04 09:59:46.353778,582,7,POINT (-4.594815029307831 48.28457209079349),6.610479446513429e-06,-4.594815029307831,48.28457209079349
2025-09-04 09:59:47.353778,583,7,POINT (-4.594809523335536 48.284575598830216),6.528556700396953e-06,-4.594809523335536,48.284575598830216
2025-09-04 09:59:48.353778,584,7,POINT (-4.594804077807345 48.284579130474285),6.490476647188327e-06,-4.594804077807345,48.284579130474285
2025-09-04 09:59:49.353778,585,7,POINT (-4.5947987041896505 48.284582653212574),6.425375645553255e-06,-4.5947987041896505,48.284582653212574
2025-09-04 09:59:50.353778,586,7,POINT (-4.594793404009429 48.28458614785369),6.348576761378464e-06,-4.594793404009429,48.28458614785369
2025-09-04 09:59:51.353778,587,7,POINT (-4.5947881638457755 48.28458965713693),6.306693584187524e-06,-4.5947881638457755,48.28458965713693
2025-09-04 09:59:52.353778,588,7,POINT (-4.594782999798969 48.28459313108866),6.2238027025906076e-06,-4.594782999798969,48.28459313108866
2025-09-04 09:59:53.353778,589,7,POINT (-4.5947779013018355 48.28459659269002),6.16257713902737e-06,-4.5947779013018355,48.28459659269002
2025-09-04 09:59:54.353778,590,7,POINT (-4.594772860310603 48.28460005562766),6.115842518792599e-06,-4.594772860310603,48.28460005562766
2025-09-04 09:59:55.353778,591,7,POINT (-4.594767880429912 48.28460347029512),6.038142555048666e-06,-4.594767880429912,48.28460347029512
2025-09-04 09:59:56.353778,592,7,POINT (-4.594762965608808 48.28460691696002),6.002913080644082e-06,-4.594762965608808,48.28460691696002
2025-09-04 09:59:57.353778,593,7,POINT (-4.594758102070616 48.2846103578594),5.957666680305847e-06,-4.594758102070616,48.2846103578594
2025-09-04 09:59:58.353778,594,7,POINT (-4.594753289235352 48.28461381761507),5.92733435496223e-06,-4.594753289235352,48.28461381761507
2025-09-04 09:59:59.353778,595,7,POINT (-4.594748525845445 48.28461728429995),5.891331553272793e-06,-4.594748525845445,48.28461728429995
2025-09-04 10:00:00.353778,596,7,POINT (-4.594743805816088 48.28462074456258),5.852528907790655e-06,-4.594743805816088,48.28462074456258
2025-09-04 10:00:01.353778,597,7,POINT (-4.59473915013502 48.28462416250471),5.775612056451326e-06,-4.59473915013502,48.28462416250471
2025-09-04 10:00:02.353778,598,7,POINT (-4.59473455560138 48.28462757936322),5.725789151485874e-06,-4.59473455560138,48.28462757936322
2025-09-04 10:00:03.353778,599,7,POINT (-4.594730010700634 48.2846310008895),5.688845653731295e-06,-4.594730010700634,48.2846310008895
2025-09-04 10:00:04.353778,600,7,POINT (-4.594725531759383 48.28463437728221),5.609005480658573e-06,-4.594725531759383,48.28463437728221
2025-09-04 10:00:05.353778,601,7,POINT (-4.594721094995724 48.28463777548188),5.58861635694222e-06,-4.594721094995724,48.28463777548188
2025-09-04 10:00:06.353778,602,7,POINT (-4.594716707488705 48.28464116756192),5.5458475306815445e-06,-4.594716707488705,48.28464116756192
2025-09-04 10:00:07.353778,603,7,POINT (-4.594712376871769 48.284644522269666),5.477983852911026e-06,-4.594712376871769,48.284644522269666
2025-09-04 10:00:08.353778,604,7,POINT (-4.594708095573505 48.28464787367483),5.437042521673192e-06,-4.594708095573505,48.28464787367483
2025-09-04 10:00:09.353778,605,7,POINT (-4.5947038601746675 48.28465123138302),5.404887384476563e-06,-4.5947038601746675,48.28465123138302
2025-09-04 10:00:10.353778,606,7,POINT (-4.594699665865416 48.284654583725185),5.369397365851573e-06,-4.594699665865416,48.284654583725185
2025-09-04 10:00:11.353778,607,7,POINT (-4.594695520241944 48.28465794382627),5.336335189130486e-06,-4.594695520241944,48.28465794382627
2025-09-04 10:00:12.353778,608,7,POINT (-4.594691411961633 48.28466131935847),5.317159464030692e-06,-4.594691411961633,48.28466131935847
2025-09-04 10:00:13.353778,609,7,POINT (-4.59468735291526 48.28466469523571),5.279432224006351e-06,-4.59468735291526,48.28466469523571
2025-09-04 10:00:14.353778,610,7,POINT (-4.594682808240173 48.284668042008356),5.6440197355909535e-06,-4.594682808240173,48.284668042008356
2025-09-04 10:00:15.353778,611,7,POINT (-4.594677794262534 48.284671342381465),6.002702260332635e-06,-4.594677794262534,48.284671342381465
2025-09-04 10:00:16.353778,612,7,POINT (-4.5946723186152605 48.28467458159591),6.362014089296082e-06,-4.5946723186152605,48.28467458159591
2025-09-04 10:00:17.353778,613,7,POINT (-4.594666398487359 48.28467773877786),6.709374951595525e-06,-4.594666398487359,48.28467773877786
2025-09-04 10:00:18.353778,614,7,POINT (-4.594660029902547 48.28468079956306),7.065923758870658e-06,-4.594660029902547,48.28468079956306
2025-09-04 10:00:19.353778,615,7,POINT (-4.5946532419391035 48.284683796009936),7.419915200404155e-06,-4.5946532419391035,48.284683796009936
2025-09-04 10:00:20.353778,616,7,POINT (-4.594646019863627 48.284686757389665),7.805648216497505e-06,-4.594646019863627,48.284686757389665
2025-09-04 10:00:21.353778,617,7,POINT (-4.594638398881499 48.284689597575394),8.133020568799803e-06,-4.594638398881499,48.284689597575394
2025-09-04 10:00:22.353778,618,7,POINT (-4.59463036460589 48.28469235920464),8.495656576367518e-06,-4.59463036460589,48.28469235920464
2025-09-04 10:00:23.353778,619,7,POINT (-4.594621929874101 48.28469503856222),8.85006538837582e-06,-4.594621929874101,48.28469503856222
2025-09-04 10:00:24.353778,620,7,POINT (-4.59461308955147 48.28469763281251),9.213112329325537e-06,-4.59461308955147,48.28469763281251
2025-09-04 10:00:25.353778,621,7,POINT (-4.5946038442918695 48.28470014200318),9.579711003508372e-06,-4.5946038442918695,48.28470014200318
2025-09-04 10:00:26.353778,622,7,POINT (-4.5945942046083035 48.28470255535598),9.937191301900265e-06,-4.5945942046083035,48.28470255535598
2025-09-04 10:00:27.353778,623,7,POINT (-4.594584183490202 48.28470487770423),1.0286695747735575e-05,-4.594584183490202,48.28470487770423
2025-09-04 10:00:28.353778,624,7,POINT (-4.594573784776924 48.28470710222095),1.0633988549770035e-05,-4.594573784776924,48.28470710222095
2025-09-04 10:00:29.353778,625,7,POINT (-4.594563015958548 48.28470922128245),1.0975330101826149e-05,-4.594563015958548,48.28470922128245
2025-09-04 10:00:30.353778,626,7,POINT (-4.594552887958871 48.284711417944024),1.0363479123372413e-05,-4.594552887958871,48.284711417944024
2025-09-04 10:00:31.353778,627,7,POINT (-4.594543374153731 48.28471371568951),9.787345021847248e-06,-4.594543374153731,48.28471371568951
2025-09-04 10:00:32.353778,628,7,POINT (-4.594534477696038 48.28471608616167),9.206850587887737e-06,-4.594534477696038,48.28471608616167
2025-09-04 10:00:33.353778,629,7,POINT (-4.594526199129512 48.284718555817456),8.639089269464093e-06,-4.594526199129512,48.284718555817456
2025-09-04 10:00:34.353778,630,7,POINT (-4.594518500226063 48.28472115385186),8.12544750108888e-06,-4.594518500226063,48.28472115385186
2025-09-04 10:00:35.353778,631,7,POINT (-4.594511358524211 48.28472389327216),7.649073728392087e-06,-4.594511358524211,48.28472389327216
2025-09-04 10:00:36.353778,632,7,POINT (-4.594504775830726 48.284726747259825),7.174754290164339e-06,-4.594504775830726,48.284726747259825
2025-09-04 10:00:37.353778,633,7,POINT (-4.59449873964927 48.28472973170647),6.733677178843073e-06,-4.59449873964927,48.28472973170647
2025-09-04 10:00:38.353778,634,7,POINT (-4.594493261014201 48.284732814037035),6.286191527733997e-06,-4.594493261014201,48.284732814037035
2025-09-04 10:00:39.353778,635,7,POINT (-4.594488308627996 48.28473602910053),5.904469696167383e-06,-4.594488308627996,48.28473602910053
2025-09-04 10:00:40.353778,636,7,POINT (-4.59448386724932 48.28473937537137),5.5608788074627895e-06,-4.59448386724932,48.28473937537137
2025-09-04 10:00:41.353778,637,7,POINT (-4.594479915330626 48.28474287873056),5.2812107480058614e-06,-4.594479915330626,48.28474287873056
2025-09-04 10:00:42.353778,638,7,POINT (-4.594476465660975 48.28474652164495),5.017075435717774e-06,-4.594476465660975,48.28474652164495
2025-09-04 10:00:43.353778,639,7,POINT (-4.594473528278011 48.284750281644314),4.7713534670337945e-06,-4.594473528278011,48.284750281644314
2025-09-04 10:00:44.353778,640,7,POINT (-4.594471074500414 48.28475416697828),4.5953067944017475e-06,-4.594471074500414,48.28475416697828
2025-09-04 10:00:45.353778,641,7,POINT (-4.594469091558892 48.28475819357275),4.48837610799383e-06,-4.594469091558892,48.28475819357275
2025-09-04 10:00:46.353778,642,7,POINT (-4.594467590329229 48.28476234928704),4.418557659647956e-06,-4.594467590329229,48.28476234928704
2025-09-04 10:00:47.353778,643,7,POINT (-4.594466552860054 48.28476664208941),4.416389299181143e-06,-4.594466552860054,48.28476664208941
2025-09-04 10:00:48.353778,644,7,POINT (-4.594465962484267 48.28477107194858),4.469026278400566e-06,-4.594465962484267,48.28477107194858
2025-09-04 10:00:49.353778,645,7,POINT (-4.594465841820721 48.2847756162533),4.545906404651263e-06,-4.594465841820721,48.2847756162533
2025-09-04 10:00:50.353778,646,7,POINT (-4.594466204195482 48.28478023056696),4.628520932260324e-06,-4.594466204195482,48.28478023056696
2025-09-04 10:00:51.353778,647,7,POINT (-4.594467014868962 48.28478494686195),4.785460260900221e-06,-4.594467014868962,48.28478494686195
2025-09-04 10:00:52.353778,648,7,POINT (-4.5944682495280125 48.28478980415913),5.011758066155222e-06,-4.5944682495280125,48.28478980415913
2025-09-04 10:00:53.353778,649,7,POINT (-4.5944699104403 48.28479478543868),5.25088331005172e-06,-4.5944699104403,48.28479478543868
2025-09-04 10:00:54.353778,650,7,POINT (-4.5944719889789205 48.28479987880123),5.501151233430088e-06,-4.5944719889789205,48.28479987880123
2025-09-04 10:00:55.353778,651,7,POINT (-4.594474493279213 48.284805059013856),5.753792036204405e-06,-4.594474493279213,48.284805059013856
2025-09-04 10:00:56.353778,652,7,POINT (-4.594477424567961 48.284810346017586),6.045234666430994e-06,-4.594477424567961,48.284810346017586
2025-09-04 10:00:57.353778,653,7,POINT (-4.594480787654269 48.28481569809692),6.3210048819261885e-06,-4.594480787654269,48.28481569809692
2025-09-04 10:00:58.353778,654,7,POINT (-4.594484591795015 48.28482110598463),6.611863302595465e-06,-4.594484591795015,48.28482110598463
2025-09-04 10:00:59.353778,655,7,POINT (-4.594488811788049 48.284826593054575),6.922158460426028e-06,-4.594488811788049,48.284826593054575
2025-09-04 10:01:00.353778,656,7,POINT (-4.59449345288997 48.28483211896384),7.2163356528716935e-06,-4.59449345288997,48.28483211896384
2025-09-04 10:01:01.353778,657,7,POINT (-4.594498518366626 48.28483770515975),7.540864573084998e-06,-4.594498518366626,48.28483770515975
2025-09-04 10:01:02.353778,658,7,POINT (-4.594504014534528 48.28484332306206),7.859305820382683e-06,-4.594504014534528,48.28484332306206
2025-09-04 10:01:03.353778,659,7,POINT (-4.594509922045783 48.2848489926022),8.187940803126785e-06,-4.594509922045783,48.2848489926022
2025-09-04 10:01:04.353778,660,7,POINT (-4.594515747738835 48.28485460030269),8.086099448020525e-06,-4.594515747738835,48.28485460030269
2025-09-04 10:01:05.353778,661,7,POINT (-4.59452149951374 48.28486014035003),7.985927566037753e-06,-4.59452149951374,48.28486014035003
2025-09-04 10:01:06.353778,662,7,POINT (-4.594527181674909 48.28486561177141),7.888181507082e-06,-4.594527181674909,48.28486561177141
2025-09-04 10:01:07.353778,663,7,POINT (-4.594532803230634 48.28487099704121),7.784794127333264e-06,-4.594532803230634,48.28487099704121
2025-09-04 10:01:08.353778,664,7,POINT (-4.594538330873394 48.284876351680026),7.695907440036582e-06,-4.594538330873394,48.284876351680026
2025-09-04 10:01:09.353778,665,7,POINT (-4.594543769301838 48.28488167748528),7.611879239412712e-06,-4.594543769301838,48.28488167748528
2025-09-04 10:01:10.353778,666,7,POINT (-4.594549134071582 48.28488696775749),7.534436569549611e-06,-4.594549134071582,48.28488696775749
2025-09-04 10:01:11.353778,667,7,POINT (-4.59455442426891 48.28489218961397),7.433301615205635e-06,-4.59455442426891,48.28489218961397
2025-09-04 10:01:12.353778,668,7,POINT (-4.594559626229383 48.28489736592046),7.33856536490988e-06,-4.594559626229383,48.28489736592046
2025-09-04 10:01:13.353778,669,7,POINT (-4.594564742730699 48.28490250634996),7.252765070521225e-06,-4.594564742730699,48.28490250634996
2025-09-04 10:01:14.353778,670,7,POINT (-4.594569783149478 48.284907599087816),7.165319277775455e-06,-4.594569783149478,48.284907599087816
2025-09-04 10:01:15.353778,671,7,POINT (-4.594574753058214 48.284912623118664),7.06688607586371e-06,-4.594574753058214,48.284912623118664
2025-09-04 10:01:16.353778,672,7,POINT (-4.594579156285195 48.284917505287794),6.574494905060358e-06,-4.594579156285195,48.284917505287794
2025-09-04 10:01:17.353778,673,7,POINT (-4.594582997793849 48.284922230442824),6.089686264310253e-06,-4.594582997793849,48.284922230442824
2025-09-04 10:01:18.353778,674,7,POINT (-4.594586264791717 48.284926866140964),5.6712408089886524e-06,-4.594586264791717,48.284926866140964
2025-09-04 10:01:19.353778,675,7,POINT (-4.5945889571169065 48.284931426099206),5.295454097203569e-06,-4.5945889571169065,48.284931426099206
2025-09-04 10:01:20.353778,676,7,POINT (-4.5945915995489175 48.284935986887305),5.270980460816264e-06,-4.5945915995489175,48.284935986887305
2025-09-04 10:01:21.353778,677,7,POINT (-4.594594189838438 48.28494057287941),5.266965289136908e-06,-4.594594189838438,48.28494057287941
2025-09-04 10:01:22.353778,678,7,POINT (-4.594596724311444 48.28494517022607),5.249680916684695e-06,-4.594596724311444,48.28494517022607
2025-09-04 10:01:23.353778,679,7,POINT (-4.594599214876314 48.28494976324556),5.224819748790186e-06,-4.594599214876314,48.28494976324556
2025-09-04 10:01:24.353778,680,7,POINT (-4.594601660752761 48.28495433694518),5.186621232367986e-06,-4.594601660752761,48.28495433694518
2025-09-04 10:01:25.353778,681,7,POINT (-4.594604061152062 48.284958915192625),5.169358423291915e-06,-4.594604061152062,48.284958915192625
2025-09-04 10:01:26.353778,682,7,POINT (-4.594606408509405 48.28496351045851),5.160092542534555e-06,-4.594606408509405,48.28496351045851
2025-09-04 10:01:27.353778,683,7,POINT (-4.594608721193808 48.28496808934722),5.1297885857106115e-06,-4.594608721193808,48.28496808934722
2025-09-04 10:01:28.353778,684,7,POINT (-4.594610993236204 48.28497265741359),5.101902296093865e-06,-4.594610993236204,48.28497265741359
2025-09-04 10:01:29.353778,685,7,POINT (-4.59461321110292 48.284977223043235),5.075815877830763e-06,-4.59461321110292,48.284977223043235
2025-09-04 10:01:30.353778,686,7,POINT (-4.594615391448439 48.28498177836118),5.0502305044257425e-06,-4.594615391448439,48.28498177836118
2025-09-04 10:01:31.353778,687,7,POINT (-4.594617531176843 48.284986349103356),5.046793209386217e-06,-4.594617531176843,48.284986349103356
2025-09-04 10:01:32.353778,688,7,POINT (-4.594619625546404 48.28499092079066),5.028589134146771e-06,-4.594619625546404,48.28499092079066
2025-09-04 10:01:33.353778,689,7,POINT (-4.594621682413407 48.28499548238875),5.0038863893724515e-06,-4.594621682413407,48.28499548238875
2025-09-04 10:01:34.353778,690,7,POINT (-4.5946237013137186 48.28500005205008),4.995774527113351e-06,-4.5946237013137186,48.28500005205008
2025-09-04 10:01:35.353778,691,7,POINT (-4.594625670507188 48.28500461641471),4.971030818524166e-06,-4.594625670507188,48.28500461641471
2025-09-04 10:01:36.353778,692,7,POINT (-4.594627594380091 48.285009202172894),4.972973463305839e-06,-4.594627594380091,48.285009202172894
2025-09-04 10:01:37.353778,693,7,POINT (-4.5946294914047705 48.28501376990724),4.9459983490755685e-06,-4.5946294914047705,48.28501376990724
2025-09-04 10:01:38.353778,694,7,POINT (-4.594631348692004 48.28501832355547),4.917847912074107e-06,-4.594631348692004,48.28501832355547
2025-09-04 10:01:39.353778,695,7,POINT (-4.594633169358358 48.285022867321175),4.8949599341362845e-06,-4.594633169358358,48.285022867321175
2025-09-04 10:01:40.353778,696,7,POINT (-4.59463495120625 48.285027391372886),4.862306632902408e-06,-4.59463495120625,48.285027391372886
2025-09-04 10:01:41.353778,697,7,POINT (-4.594636686620295 48.285031943518995),4.871724141004066e-06,-4.594636686620295,48.285031943518995
2025-09-04 10:01:42.353778,698,7,POINT (-4.594637647094185 48.285036464801436),4.622175354870767e-06,-4.594637647094185,48.285036464801436
2025-09-04 10:01:43.353778,699,7,POINT (-4.594637830991202 48.28504093283736),4.471818773387173e-06,-4.594637830991202,48.28504093283736
2025-09-04 10:01:44.353778,700,7,POINT (-4.594637231258923 48.28504535698166),4.464608784619453e-06,-4.594637231258923,48.28504535698166
2025-09-04 10:01:45.353778,701,7,POINT (-4.594635846602693 48.28504971154567),4.56940921250737e-06,-4.594635846602693,48.28504971154567
2025-09-04 10:01:46.353778,702,7,POINT (-4.594633664453796 48.285054039290216),4.846766621818588e-06,-4.594633664453796,48.285054039290216
2025-09-04 10:01:47.353778,703,7,POINT (-4.594630684860394 48.28505830625741),5.204323768823333e-06,-4.594630684860394,48.28505830625741
2025-09-04 10:01:48.353778,704,7,POINT (-4.594626897712891 48.285062539224725),5.679832610937783e-06,-4.594626897712891,48.285062539224725
2025-09-04 10:01:49.353778,705,7,POINT (-4.594622300597879 48.28506671894931),6.213176645429447e-06,-4.594622300597879,48.28506671894931
2025-09-04 10:01:50.353778,706,7,POINT (-4.594616887823912 48.28507084530495),6.806242200607116e-06,-4.594616887823912,48.28507084530495
2025-09-04 10:01:51.353778,707,7,POINT (-4.59461066503456 48.285074857741556),7.404238977314464e-06,-4.59461066503456,48.285074857741556
2025-09-04 10:01:52.353778,708,7,POINT (-4.594603618116387 48.28507880256652),8.075933364963963e-06,-4.594603618116387,48.28507880256652
2025-09-04 10:01:53.353778,709,7,POINT (-4.594595746812527 48.2850826529182),8.76256997239816e-06,-4.594595746812527,48.2850826529182
2025-09-04 10:01:54.353778,710,7,POINT (-4.59458704867255 48.28508639503228),9.468952257933978e-06,-4.59458704867255,48.28508639503228
2025-09-04 10:01:55.353778,711,7,POINT (-4.5945775204183805 48.28509002010773),1.0194547539909725e-05,-4.5945775204183805,48.28509002010773
2025-09-04 10:01:56.353778,712,7,POINT (-4.594567155478455 48.2850935333544),1.0944171134278512e-05,-4.594567155478455,48.2850935333544
2025-09-04 10:01:57.353778,713,7,POINT (-4.594555958386007 48.28509689535883),1.1690934654970081e-05,-4.594555958386007,48.28509689535883
2025-09-04 10:01:58.353778,714,7,POINT (-4.594545427753691 48.28510027001851),1.1058143827052334e-05,-4.594545427753691,48.28510027001851
2025-09-04 10:01:59.353778,715,7,POINT (-4.594535545946422 48.285103657520565),1.044630485292858e-05,-4.594535545946422,48.285103657520565
2025-09-04 10:02:00.353778,716,7,POINT (-4.59452630475161 48.28510706415774),9.849104447032437e-06,-4.59452630475161,48.28510706415774
2025-09-04 10:02:01.353778,717,7,POINT (-4.594517693783681 48.28511052289776),9.279636371361975e-06,-4.594517693783681,48.28511052289776
2025-09-04 10:02:02.353778,718,7,POINT (-4.5945096850659635 48.285114055750455),8.75331980685591e-06,-4.5945096850659635,48.285114055750455
2025-09-04 10:02:03.353778,719,7,POINT (-4.594502279537107 48.28511764597638),8.22991979460301e-06,-4.594502279537107,48.28511764597638
2025-09-04 10:02:04.353778,720,7,POINT (-4.5944954703968355 48.28512130050514),7.72786980353677e-06,-4.5944954703968355,48.28512130050514
2025-09-04 10:02:05.353778,721,7,POINT (-4.594489238869123 48.28512503420954),7.2644673723508236e-06,-4.594489238869123,48.28512503420954
2025-09-04 10:02:06.353778,722,7,POINT (-4.594483564115218 48.2851288516436),6.83927150024672e-06,-4.594483564115218,48.2851288516436
2025-09-04 10:02:07.353778,723,7,POINT (-4.594478461887425 48.28513274173213),6.416035942374017e-06,-4.594478461887425,48.28513274173213
2025-09-04 10:02:08.353778,724,7,POINT (-4.594473908780594 48.28513669168599),6.027679267075844e-06,-4.594473908780594,48.28513669168599
2025-09-04 10:02:09.353778,725,7,POINT (-4.5944699053798095 48.28514071393645),5.675008069263985e-06,-4.5944699053798095,48.28514071393645
2025-09-04 10:02:10.353778,726,7,POINT (-4.594466431761968 48.28514484276755),5.395671150890041e-06,-4.594466431761968,48.28514484276755
2025-09-04 10:02:11.353778,727,7,POINT (-4.594463502323384 48.28514902312776),5.1046079067198254e-06,-4.594463502323384,48.28514902312776
2025-09-04 10:02:12.353778,728,7,POINT (-4.594461090863364 48.285153305331036),4.914509573129407e-06,-4.594461090863364,48.285153305331036
2025-09-04 10:02:13.353778,729,7,POINT (-4.594459176559271 48.28515767835016),4.773662788346095e-06,-4.594459176559271,48.28515767835016
2025-09-04 10:02:14.353778,730,7,POINT (-4.594457764814684 48.28516214075099),4.680389295359559e-06,-4.594457764814684,48.28516214075099
2025-09-04 10:02:15.353778,731,7,POINT (-4.5944568535280315 48.28516666830204),4.6183505563896855e-06,-4.5944568535280315,48.28516666830204
2025-09-04 10:02:16.353778,732,7,POINT (-4.594456721701599 48.28517130970055),4.6432702218559145e-06,-4.594456721701599,48.28517130970055
2025-09-04 10:02:17.353778,733,7,POINT (-4.594457360720441 48.28517610150932),4.834229656436193e-06,-4.594457360720441,48.28517610150932
2025-09-04 10:02:18.353778,734,7,POINT (-4.594458787213912 48.28518101626009),5.117583290521749e-06,-4.594458787213912,48.28518101626009
2025-09-04 10:02:19.353778,735,7,POINT (-4.594461014970422 48.285186033043985),5.489172953770523e-06,-4.594461014970422,48.285186033043985
2025-09-04 10:02:20.353778,736,7,POINT (-4.594464050799427 48.28519114846887),5.948430842553674e-06,-4.594464050799427,48.28519114846887
2025-09-04 10:02:21.353778,737,7,POINT (-4.5944679023221076 48.2851963566488),6.477604890843828e-06,-4.5944679023221076,48.2851963566488
2025-09-04 10:02:22.353778,738,7,POINT (-4.5944725743901 48.28520165896537),7.067020614545234e-06,-4.5944725743901,48.28520165896537
2025-09-04 10:02:23.353778,739,7,POINT (-4.594478056860921 48.285207100056574),7.724180202441977e-06,-4.594478056860921,48.285207100056574
2025-09-04 10:02:24.353778,740,7,POINT (-4.59448437392737 48.28521262746807),8.393902928268604e-06,-4.59448437392737,48.28521262746807
2025-09-04 10:02:25.353778,741,7,POINT (-4.594491538576168 48.28521821803537),9.087718916707808e-06,-4.594491538576168,48.28521821803537
2025-09-04 10:02:26.353778,742,7,POINT (-4.5944995609666375 48.285223855156964),9.804891061682837e-06,-4.5944995609666375,48.285223855156964
2025-09-04 10:02:27.353778,743,7,POINT (-4.594508447695243 48.285229532379134),1.054536850332739e-05,-4.594508447695243,48.285229532379134
2025-09-04 10:02:28.353778,744,7,POINT (-4.594518186593604 48.28523524270875),1.1289552941351458e-05,-4.594518186593604,48.28523524270875
2025-09-04 10:02:29.353778,745,7,POINT (-4.594528767885994 48.28524098973055),1.2041262735111865e-05,-4.594528767885994,48.28524098973055
2025-09-04 10:02:30.353778,746,7,POINT (-4.594540194203242 48.285246736006904),1.2789856048820268e-05,-4.594540194203242,48.285246736006904
2025-09-04 10:02:31.353778,747,7,POINT (-4.594552460532915 48.28525245904121),1.3535729212409757e-05,-4.594552460532915,48.28525245904121
2025-09-04 10:02:32.353778,748,7,POINT (-4.594564594884878 48.2852580496476),1.3360291067129713e-05,-4.594564594884878,48.2852580496476
2025-09-04 10:02:33.353778,749,7,POINT (-4.59457659079804 48.28526352551759),1.3186625221365835e-05,-4.59457659079804,48.28526352551759
2025-09-04 10:02:34.353778,750,7,POINT (-4.59458845060996 48.28526891004995),1.3024911803606643e-05,-4.59458845060996,48.28526891004995
2025-09-04 10:02:35.353778,751,7,POINT (-4.594600168347378 48.285274181558776),1.284889783179122e-05,-4.594600168347378,48.285274181558776
2025-09-04 10:02:36.353778,752,7,POINT (-4.5946117398973865 48.285279326218166),1.2663660207350182e-05,-4.5946117398973865,48.285279326218166
2025-09-04 10:02:37.353778,753,7,POINT (-4.594623167085433 48.28528438280613),1.2495987696403172e-05,-4.594623167085433,48.28528438280613
2025-09-04 10:02:38.353778,754,7,POINT (-4.594634446068153 48.28528935193962),1.2325085752098793e-05,-4.594634446068153,48.28528935193962
2025-09-04 10:02:39.353778,755,7,POINT (-4.59464558284533 48.285294270791006),1.2174682947385199e-05,-4.59464558284533,48.285294270791006
2025-09-04 10:02:40.353778,756,7,POINT (-4.594656583942289 48.28529909551996),1.20125827271332e-05,-4.594656583942289,48.28529909551996
2025-09-04 10:02:41.353778,757,7,POINT (-4.594667448232542 48.28530381663547),1.1845747522093425e-05,-4.594667448232542,48.28530381663547
2025-09-04 10:02:42.353778,758,7,POINT (-4.594678171451842 48.285308436768055),1.1676174770365384e-05,-4.594678171451842,48.285308436768055
2025-09-04 10:02:43.353778,759,7,POINT (-4.594688753662824 48.28531296621959),1.1510826230140593e-05,-4.594688753662824,48.28531296621959
2025-09-04 10:02:44.353778,760,7,POINT (-4.594699195490154 48.28531739929054),1.1343891573102643e-05,-4.594699195490154,48.28531739929054
2025-09-04 10:02:45.353778,761,7,POINT (-4.594709499385946 48.28532177160796),1.1193186682471798e-05,-4.594709499385946,48.28532177160796
2025-09-04 10:02:46.353778,762,7,POINT (-4.5947196896426155 48.28532608795212),1.1066713961358442e-05,-4.5947196896426155,48.28532608795212
2025-09-04 10:02:47.353778,763,7,POINT (-4.594729754396511 48.28533030149842),1.0911152247740901e-05,-4.594729754396511,48.28533030149842
2025-09-04 10:02:48.353778,764,7,POINT (-4.594739692809023 48.28533444663852),1.0768204573822154e-05,-4.594739692809023,48.28533444663852
2025-09-04 10:02:49.353778,765,7,POINT (-4.594749504901095 48.28533850899773),1.0619788754175305e-05,-4.594749504901095,48.28533850899773
2025-09-04 10:02:50.353778,766,7,POINT (-4.594759185930641 48.28534251759607),1.0478129303986713e-05,-4.594759185930641,48.28534251759607
2025-09-04 10:02:51.353778,767,7,POINT (-4.594768225156177 48.2853465454682),9.896027091118055e-06,-4.594768225156177,48.2853465454682
2025-09-04 10:02:52.353778,768,7,POINT (-4.5947766311006735 48.28535054414985),9.3085636808045e-06,-4.5947766311006735,48.28535054414985
2025-09-04 10:02:53.353778,769,7,POINT (-4.594784417424598 48.28535457205925),8.766464188745427e-06,-4.594784417424598,48.28535457205925
2025-09-04 10:02:54.353778,770,7,POINT (-4.5947915986987935 48.28535861665799),8.24193411996811e-06,-4.5947915986987935,48.28535861665799
2025-09-04 10:02:55.353778,771,7,POINT (-4.5947981812179135 48.285362657745026),7.723984879358554e-06,-4.5947981812179135,48.285362657745026
2025-09-04 10:02:56.353778,772,7,POINT (-4.594804166544612 48.28536670129877),7.223189224149341e-06,-4.594804166544612,48.28536670129877
2025-09-04 10:02:57.353778,773,7,POINT (-4.594809573995884 48.285370814308465),6.793922137670912e-06,-4.594809573995884,48.285370814308465
2025-09-04 10:02:58.353778,774,7,POINT (-4.5948143959559555 48.285374951274605),6.353407571904862e-06,-4.5948143959559555,48.285374951274605
2025-09-04 10:02:59.353778,775,7,POINT (-4.594818649297033 48.28537912917413),5.962026063174489e-06,-4.594818649297033,48.28537912917413
2025-09-04 10:03:00.353778,776,7,POINT (-4.594822343161867 48.28538333858169),5.600334756728019e-06,-4.594822343161867,48.28538333858169
2025-09-04 10:03:01.353778,777,7,POINT (-4.594825499013663 48.285387599863654),5.302633737381415e-06,-4.594825499013663,48.285387599863654
2025-09-04 10:03:02.353778,778,7,POINT (-4.594828103926975 48.2853919135757),5.039214719285478e-06,-4.594828103926975,48.2853919135757
2025-09-04 10:03:03.353778,779,7,POINT (-4.594830170704918 48.2853962817472),4.832441751236636e-06,-4.594830170704918,48.2853962817472
2025-09-04 10:03:04.353778,780,7,POINT (-4.5948317122653295 48.28540073372093),4.711313892826627e-06,-4.5948317122653295,48.28540073372093
2025-09-04 10:03:05.353778,781,7,POINT (-4.594832738609684 48.2854052311356),4.613038203160593e-06,-4.594832738609684,48.2854052311356
2025-09-04 10:03:06.353778,782,7,POINT (-4.594833246391633 48.28540978904808),4.5861104119173254e-06,-4.594833246391633,48.28540978904808
2025-09-04 10:03:07.353778,783,7,POINT (-4.594833242652228 48.28541439314613),4.6040995635903675e-06,-4.594833242652228,48.28541439314613
2025-09-04 10:03:08.353778,784,7,POINT (-4.594832734864018 48.285419042284964),4.6767874439551145e-06,-4.594832734864018,48.285419042284964
2025-09-04 10:03:09.353778,785,7,POINT (-4.594831730575572 48.28542372334464),4.7875792418765555e-06,-4.594831730575572,48.28542372334464
2025-09-04 10:03:10.353778,786,7,POINT (-4.594830246246682 48.285428472773354),4.975972803460647e-06,-4.594830246246682,48.285428472773354
2025-09-04 10:03:11.353778,787,7,POINT (-4.594828289630334 48.28543329531113),5.204346080733669e-06,-4.594828289630334,48.28543329531113
2025-09-04 10:03:12.353778,788,7,POINT (-4.594825856988954 48.28543815765742),5.436925188152982e-06,-4.594825856988954,48.28543815765742
2025-09-04 10:03:13.353778,789,7,POINT (-4.594822951204342 48.28544304674856),5.687424410890962e-06,-4.594822951204342,48.28544304674856
2025-09-04 10:03:14.353778,790,7,POINT (-4.594819578468274 48.285447929878565),5.934669932736339e-06,-4.594819578468274,48.285447929878565
2025-09-04 10:03:15.353778,791,7,POINT (-4.594815729939281 48.28545281788152),6.221233664063135e-06,-4.594815729939281,48.28545281788152
2025-09-04 10:03:16.353778,792,7,POINT (-4.5948114285608135 48.285457718843375),6.52083459582448e-06,-4.5948114285608135,48.285457718843375
2025-09-04 10:03:17.353778,793,7,POINT (-4.594806676340391 48.285462636744775),6.8388122596827706e-06,-4.594806676340391,48.285462636744775
2025-09-04 10:03:18.353778,794,7,POINT (-4.594801471718984 48.285467550870955),7.157982962962459e-06,-4.594801471718984,48.285467550870955
2025-09-04 10:03:19.353778,795,7,POINT (-4.5947963492025075 48.285472466535225),7.099572541577763e-06,-4.5947963492025075,48.285472466535225
2025-09-04 10:03:20.353778,796,7,POINT (-4.594791298806334 48.28547735282161),7.0272538113138984e-06,-4.594791298806334,48.28547735282161
2025-09-04 10:03:21.353778,797,7,POINT (-4.594786315806039 48.285482201046634),6.952379292987779e-06,-4.594786315806039,48.285482201046634
2025-09-04 10:03:22.353778,798,7,POINT (-4.594781408085798 48.28548703629921),6.889512713448243e-06,-4.594781408085798,48.28548703629921
2025-09-04 10:03:23.353778,799,7,POINT (-4.594776573965985 48.28549186136562),6.830079080616756e-06,-4.594776573965985,48.28549186136562
2025-09-04 10:03:24.353778,800,7,POINT (-4.594771800142884 48.2854966844385),6.786119582529415e-06,-4.594771800142884,48.2854966844385
