t,Step,AgentID,geometry,speed,x,y
2025-09-02 13:48:57.984431,0,0,POINT (250.19575278361827 90.02901168407732),0.010000000000001645,250.19575278361827,90.02901168407732
2025-09-02 13:48:58.984431,1,0,POINT (250.20213161735433 90.03671301384352),0.010000000000001645,250.20213161735433,90.03671301384352
2025-09-02 13:48:59.984431,2,0,POINT (250.20892417296795 90.04536524986872),0.010999999999999644,250.20892417296795,90.04536524986872
2025-09-02 13:49:00.984431,3,0,POINT (250.21633423363738 90.05480405280531),0.01200000000001325,250.21633423363738,90.05480405280531
2025-09-02 13:49:01.984431,4,0,POINT (250.22436179936258 90.06502942265327),0.012999999999998128,250.22436179936258,90.06502942265327
2025-09-02 13:49:02.984431,5,0,POINT (250.23300687014356 90.07604135941261),0.013999999999994182,250.23300687014356,90.07604135941261
2025-09-02 13:49:03.984431,6,0,POINT (250.24226944598033 90.08783986308333),0.01499999999999661,250.24226944598033,90.08783986308333
2025-09-02 13:49:04.984431,7,0,POINT (250.25214952687287 90.10042493366544),0.015999999999992666,250.25214952687287,90.10042493366544
2025-09-02 13:49:05.984431,8,0,POINT (250.2626471128212 90.11379657115893),0.01700000000000627,250.2626471128212,90.11379657115893
2025-09-02 13:49:06.984431,9,0,POINT (250.27376220382533 90.1279547755638),0.017999999999991148,250.27376220382533,90.1279547755638
2025-09-02 13:49:07.984431,10,0,POINT (250.28549479988524 90.14289954688005),0.019000000000004753,250.28549479988524,90.14289954688005
2025-09-02 13:49:08.984431,11,0,POINT (250.29784490100093 90.15863088510768),0.020000000000000805,250.29784490100093,90.15863088510768
2025-09-02 13:49:09.984431,12,0,POINT (250.31081250717241 90.1751487902467),0.021000000000003235,250.31081250717241,90.1751487902467
2025-09-02 13:49:10.984431,13,0,POINT (250.32439761839967 90.1924532622971),0.021999999999999287,250.32439761839967,90.1924532622971
2025-09-02 13:49:11.984431,14,0,POINT (250.33860023468273 90.21054430125888),0.023000000000012896,250.33860023468273,90.21054430125888
2025-09-02 13:49:12.984431,15,0,POINT (250.35342035602156 90.22942190713204),0.02399999999999777,250.35342035602156,90.22942190713204
2025-09-02 13:49:13.984431,16,0,POINT (250.36833794429268 90.24948345144382),0.025000000000007502,250.36833794429268,90.24948345144382
2025-09-02 13:49:14.984431,17,0,POINT (250.38330076372554 90.27074642476882),0.025999999999999846,250.38330076372554,90.27074642476882
2025-09-02 13:49:15.984431,18,0,POINT (250.3982557441855 90.29322638383113),0.027000000000009402,250.3982557441855,90.29322638383113
2025-09-02 13:49:16.984431,19,0,POINT (250.41314904688878 90.31693692019343),0.027999999999994873,250.41314904688878,90.31693692019343
2025-09-02 13:49:17.984431,20,0,POINT (250.42792613117504 90.34188963106813),0.028999999999996265,250.42792613117504,90.34188963106813
2025-09-02 13:49:18.984431,21,0,POINT (250.44253182227075 90.36809409228405),0.03000000000000434,250.44253182227075,90.36809409228405
2025-09-02 13:49:19.984431,22,0,POINT (250.45691037997634 90.39555783344048),0.030999999999997935,250.45691037997634,90.39555783344048
2025-09-02 13:49:20.984431,23,0,POINT (250.47100556820897 90.42428631527795),0.03199999999999161,250.47100556820897,90.42428631527795
2025-09-02 13:49:21.984431,24,0,POINT (250.4847607253317 90.45428290929341),0.0329999999999939,250.4847607253317,90.45428290929341
2025-09-02 13:49:22.984431,25,0,POINT (250.49811883519905 90.48554887962494),0.03400000000000246,250.49811883519905,90.48554887962494
2025-09-02 13:49:23.984431,26,0,POINT (250.511022598848 90.51808336722952),0.03500000000000667,250.511022598848,90.51808336722952
2025-09-02 13:49:24.984431,27,0,POINT (250.5234145067635 90.5518833763747),0.036000000000003536,250.5234145067635,90.5518833763747
2025-09-02 13:49:25.984431,28,0,POINT (250.5361506343433 90.5866222746628),0.0370000000000007,250.5361506343433,90.5866222746628
2025-09-02 13:49:26.984431,29,0,POINT (250.5492309815874 90.62230006209383),0.038000000000001415,250.5492309815874,90.62230006209383
2025-09-02 13:49:27.984431,30,0,POINT (250.56265554849585 90.65891673866777),0.03899999999999857,250.56265554849585,90.65891673866777
2025-09-02 13:49:28.984431,31,0,POINT (250.57642433506862 90.69647230438463),0.039999999999995726,250.57642433506862,90.69647230438463
2025-09-02 13:49:29.984431,32,0,POINT (250.59053734130572 90.73496675924441),0.04100000000000623,250.59053734130572,90.73496675924441
2025-09-02 13:49:30.984431,33,0,POINT (250.60499456720711 90.77440010324712),0.041999999999993605,250.60499456720711,90.77440010324712
2025-09-02 13:49:31.984431,34,0,POINT (250.61979601277284 90.81477233639275),0.043000000000004104,250.61979601277284,90.81477233639275
2025-09-02 13:49:32.984431,35,0,POINT (250.6349416780029 90.8560834586813),0.04400000000000127,250.6349416780029,90.8560834586813
2025-09-02 13:49:33.984431,36,0,POINT (250.65043156289724 90.89833347011277),0.045000000000001976,250.65043156289724,90.89833347011277
2025-09-02 13:49:34.984431,37,0,POINT (250.66626566745592 90.94152237068717),0.04599999999999914,250.66626566745592,90.94152237068717
2025-09-02 13:49:35.984431,38,0,POINT (250.68244399167892 90.98565016040448),0.046999999999996295,250.68244399167892,90.98565016040448
2025-09-02 13:49:36.984431,39,0,POINT (250.69896653556623 91.03071683926471),0.04799999999999701,250.69896653556623,91.03071683926471
2025-09-02 13:49:37.984431,40,0,POINT (250.71821792919857 91.07577662003662),0.048999999999998815,250.71821792919857,91.07577662003662
2025-09-02 13:49:38.984431,41,0,POINT (250.74024166081207 91.12066487290768),0.04999999999999872,250.74024166081207,91.12066487290768
2025-09-02 13:49:39.984431,42,0,POINT (250.76507133567475 91.16521245697476),0.05099999999999202,250.76507133567475,91.16521245697476
2025-09-02 13:49:40.984431,43,0,POINT (250.7927303264094 91.20924631021904),0.05199999999999647,250.7927303264094,91.20924631021904
2025-09-02 13:49:41.984431,44,0,POINT (250.8220863991641 91.25337363726727),0.05300000000000343,250.8220863991641,91.25337363726727
2025-09-02 13:49:42.984431,45,0,POINT (250.8531630241401 91.29753519724994),0.054000000000005835,250.8531630241401,91.29753519724994
2025-09-02 13:49:43.984431,46,0,POINT (250.88598171833652 91.34167059473586),0.05499999999999153,250.88598171833652,91.34167059473586
2025-09-02 13:49:44.984431,47,0,POINT (250.92056200146047 91.38571834177323),0.056000000000000646,250.92056200146047,91.38571834177323
2025-09-02 13:49:45.984431,48,0,POINT (250.95692135375592 91.42961592144063),0.0570000000000037,250.95692135375592,91.42961592144063
2025-09-02 13:49:46.984431,49,0,POINT (250.99507517580125 91.47329985284948),0.05799999999999912,250.99507517580125,91.47329985284948
2025-09-02 13:49:47.984431,50,0,POINT (251.03503675032144 91.51670575753845),0.059000000000004334,251.03503675032144,91.51670575753845
2025-09-02 13:49:48.984431,51,0,POINT (251.07681720606038 91.55976842719845),0.060000000000003655,251.07681720606038,91.55976842719845
2025-09-02 13:49:49.984431,52,0,POINT (251.1204254837566 91.60242189266573),0.06099999999999565,251.1204254837566,91.60242189266573
2025-09-02 13:49:50.984431,53,0,POINT (251.16474865125113 91.64577459527182),0.06199999999999564,251.16474865125113,91.64577459527182
2025-09-02 13:49:51.984431,54,0,POINT (251.20978670854396 91.6898265350167),0.06299999999999564,251.20978670854396,91.6898265350167
2025-09-02 13:49:52.984431,55,0,POINT (251.2555396556351 91.73457771190041),0.06400000000000557,251.2555396556351,91.73457771190041
2025-09-02 13:49:53.984431,56,0,POINT (251.30080181601895 91.78122893736543),0.06500000000001077,251.30080181601895,91.78122893736543
2025-09-02 13:49:54.984431,57,0,POINT (251.34550459429576 91.8297846951531),0.06600000000000524,251.34550459429576,91.8297846951531
2025-09-02 13:49:55.984431,58,0,POINT (251.38957883700328 91.88024716764264),0.06699999999999623,251.38957883700328,91.88024716764264
2025-09-02 13:49:56.984431,59,0,POINT (251.43295490640838 91.93261621005286),0.06799999999999531,251.43295490640838,91.93261621005286
2025-09-02 13:49:57.984431,60,0,POINT (251.47556275525753 91.9868893269382),0.06900000000000996,251.47556275525753,91.9868893269382
2025-09-02 13:49:58.984431,61,0,POINT (251.51733200241665 92.04306165101119),0.07000000000000621,251.51733200241665,92.04306165101119
2025-09-02 13:49:59.984431,62,0,POINT (251.5581920093295 92.10112592432174),0.07100000000000277,251.5581920093295,92.10112592432174
2025-09-02 13:50:00.984431,63,0,POINT (251.5980719572227 92.16107248182121),0.07200000000000406,251.5980719572227,92.16107248182121
2025-09-02 13:50:01.984431,64,0,POINT (251.63690092498481 92.22288923733723),0.07299999999999865,251.63690092498481,92.22288923733723
2025-09-02 13:50:02.984431,65,0,POINT (251.67460796764632 92.28656167198302),0.07399999999999964,251.67460796764632,92.28656167198302
2025-09-02 13:50:03.984431,66,0,POINT (251.71112219538557 92.35207282502284),0.07500000000000323,251.71112219538557,92.35207282502284
2025-09-02 13:50:04.984431,67,0,POINT (251.74637285298633 92.4194032872128),0.07599999999999349,251.74637285298633,92.4194032872128
2025-09-02 13:50:05.984431,68,0,POINT (251.78028939967112 92.48853119663424),0.07700000000000312,251.78028939967112,92.48853119663424
2025-09-02 13:50:06.984431,69,0,POINT (251.812801589234 92.55943223703441),0.07799999999999743,251.812801589234,92.55943223703441
2025-09-02 13:50:07.984431,70,0,POINT (251.84383955039632 92.63207963868709),0.07899999999999344,251.84383955039632,92.63207963868709
2025-09-02 13:50:08.984431,71,0,POINT (251.8733338673082 92.70644418178325),0.07999999999999455,251.8733338673082,92.70644418178325
2025-09-02 13:50:09.984431,72,0,POINT (251.90121566011803 92.7824942023599),0.08099999999999218,251.90121566011803,92.7824942023599
2025-09-02 13:50:10.984431,73,0,POINT (251.9294416725922 92.85948311207947),0.08200000000000268,251.9294416725922,92.85948311207947
2025-09-02 13:50:11.984431,74,0,POINT (251.95801190473068 92.93741091094196),0.08299999999999984,251.95801190473068,92.93741091094196
2025-09-02 13:50:12.984431,75,0,POINT (251.9869263565335 93.01627759894738),0.08400000000001033,251.9869263565335,93.01627759894738
2025-09-02 13:50:13.984431,76,0,POINT (252.01618502800062 93.09608317609572),0.0849999999999977,252.01618502800062,93.09608317609572
2025-09-02 13:50:14.984431,77,0,POINT (252.04578791913207 93.17682764238697),0.08599999999999486,252.04578791913207,93.17682764238697
2025-09-02 13:50:15.984431,78,0,POINT (252.07573502992784 93.25851099782115),0.08700000000000536,252.07573502992784,93.25851099782115
2025-09-02 13:50:16.984431,79,0,POINT (252.10385318208014 93.3418978644102),0.08800000000000222,252.10385318208014,93.3418978644102
2025-09-02 13:50:17.984431,80,0,POINT (252.13007349540985 93.42694782131137),0.08899999999999526,252.13007349540985,93.42694782131137
2025-09-02 13:50:18.984431,81,0,POINT (252.15658841900168 93.51295339570582),0.08999999999999869,252.15658841900168,93.51295339570582
2025-09-02 13:50:19.984431,82,0,POINT (252.18339795285564 93.59991458759355),0.09100000000000212,252.18339795285564,93.59991458759355
2025-09-02 13:50:20.984431,83,0,POINT (252.21050209697174 93.68783139697454),0.09200000000000554,252.21050209697174,93.68783139697454
2025-09-02 13:50:21.984431,84,0,POINT (252.23790085134996 93.7767038238488),0.09299999999999538,252.23790085134996,93.7767038238488
2025-09-02 13:50:22.984431,85,0,POINT (252.26559421599032 93.86653186821634),0.0939999999999988,252.26559421599032,93.86653186821634
2025-09-02 13:50:23.984431,86,0,POINT (252.2911961608891 93.95801706055586),0.09499999999999106,252.2911961608891,93.95801706055586
2025-09-02 13:50:24.984431,87,0,POINT (252.3170675999447 94.05046525492001),0.09600000000000034,252.3170675999447,94.05046525492001
2025-09-02 13:50:25.984431,88,0,POINT (252.34320853315714 94.1438764513088),0.0970000000000096,252.34320853315714,94.1438764513088
2025-09-02 13:50:26.984431,89,0,POINT (252.3671394818191 94.23890965443348),0.09799999999999483,252.3671394818191,94.23890965443348
2025-09-02 13:50:27.984431,90,0,POINT (252.39131462383475 94.33491258412067),0.09900000000000019,252.39131462383475,94.33491258412067
2025-09-02 13:50:28.984431,91,0,POINT (252.4157339592041 94.43188524037036),0.10000000000000554,252.4157339592041,94.43188524037036
2025-09-02 13:50:29.984431,92,0,POINT (252.44039748792713 94.52982762318254),0.10099999999999713,252.44039748792713,94.52982762318254
2025-09-02 13:50:30.984431,93,0,POINT (252.46530521000386 94.62873973255722),0.10200000000000249,252.46530521000386,94.62873973255722
2025-09-02 13:50:31.984431,94,0,POINT (252.4904571254343 94.7286215684944),0.10300000000000786,252.4904571254343,94.7286215684944
2025-09-02 13:50:32.984431,95,0,POINT (252.5158532342184 94.82947313099407),0.10399999999999944,252.5158532342184,94.82947313099407
2025-09-02 13:50:33.984431,96,0,POINT (252.54149353635623 94.93129442005625),0.10500000000000481,252.54149353635623,94.93129442005625
2025-09-02 13:50:34.984431,97,0,POINT (252.56467840677507 95.03472778886758),0.10600000000000408,252.56467840677507,95.03472778886758
2025-09-02 13:50:35.984431,98,0,POINT (252.58808200238656 95.13913694417714),0.1070000000000021,252.58808200238656,95.13913694417714
2025-09-02 13:50:36.984431,99,0,POINT (252.61170432319068 95.24452188598491),0.1080000000000001,252.61170432319068,95.24452188598491
2025-09-02 13:50:37.984431,100,0,POINT (252.63554536918744 95.3508826142909),0.1089999999999981,252.63554536918744,95.3508826142909
2025-09-02 13:50:38.984431,101,0,POINT (252.65678715329457 95.458812158939),0.11000000000000235,252.65678715329457,95.458812158939
2025-09-02 13:50:39.984431,102,0,POINT (252.67822204452995 95.56772288126572),0.11100000000000691,252.67822204452995,95.56772288126572
2025-09-02 13:50:40.984431,103,0,POINT (252.69985004289356 95.67761478127106),0.11199999999999752,252.69985004289356,95.67761478127106
2025-09-02 13:50:41.984431,104,0,POINT (252.7216711483854 95.78848785895502),0.11300000000000207,252.7216711483854,95.78848785895502
2025-09-02 13:50:42.984431,105,0,POINT (252.74368536100553 95.9003421143176),0.11399999999999817,252.74368536100553,95.9003421143176
2025-09-02 13:50:43.984431,106,0,POINT (252.7658926807539 96.0131775473588),0.11500000000000273,252.7658926807539,96.0131775473588
2025-09-02 13:50:44.984431,107,0,POINT (252.7882931076305 96.1269941580786),0.11599999999999334,252.7882931076305,96.1269941580786
2025-09-02 13:50:45.984431,108,0,POINT (252.80787384362276 96.24234403791382),0.116999999999995,252.80787384362276,96.24234403791382
2025-09-02 13:50:46.984431,109,0,POINT (252.82762193633292 96.3586798141579),0.11799999999999843,252.82762193633292,96.3586798141579
2025-09-02 13:50:47.984431,110,0,POINT (252.84753738576094 96.47600148681082),0.11899999999999711,252.84753738576094,96.47600148681082
2025-09-02 13:50:48.984431,111,0,POINT (252.86762019190687 96.59430905587259),0.12000000000000052,252.86762019190687,96.59430905587259
2025-09-02 13:50:49.984431,112,0,POINT (252.88787035477066 96.7136025213432),0.1209999999999992,252.88787035477066,96.7136025213432
2025-09-02 13:50:50.984431,113,0,POINT (252.90828787435234 96.83388188322267),0.12200000000000263,252.90828787435234,96.83388188322267
2025-09-02 13:50:51.984431,114,0,POINT (252.9288727506519 96.95514714151099),0.1230000000000013,252.9288727506519,96.95514714151099
2025-09-02 13:50:52.984431,115,0,POINT (252.9464177102403 97.0778996339217),0.12400000000000237,252.9464177102403,97.0778996339217
2025-09-02 13:50:53.984431,116,0,POINT (252.96410416143829 97.20164206578734),0.1250000000000022,252.96410416143829,97.20164206578734
2025-09-02 13:50:54.984431,117,0,POINT (252.98193210424586 97.3263744371079),0.12600000000000203,252.98193210424586,97.3263744371079
2025-09-02 13:50:55.984431,118,0,POINT (252.999901538663 97.45209674788339),0.12700000000000186,252.999901538663,97.45209674788339
2025-09-02 13:50:56.984431,119,0,POINT (253.01801246468975 97.5788089981138),0.12800000000000167,253.01801246468975,97.5788089981138
2025-09-02 13:50:57.984431,120,0,POINT (253.03626488232607 97.70651118779914),0.1290000000000015,253.03626488232607,97.70651118779914
2025-09-02 13:50:58.984431,121,0,POINT (253.05465879157197 97.8352033169394),0.13000000000000134,253.05465879157197,97.8352033169394
2025-09-02 13:50:59.984431,122,0,POINT (253.06979316000243 97.96532614695862),0.13099999999999756,253.06979316000243,97.96532614695862
2025-09-02 13:51:00.984431,123,0,POINT (253.0850430579629 98.09644228102378),0.13199999999999834,253.0850430579629,98.09644228102378
2025-09-02 13:51:01.984431,124,0,POINT (253.10040848545339 98.2285517191349),0.1329999999999991,253.10040848545339,98.2285517191349
2025-09-02 13:51:02.984431,125,0,POINT (253.11588944247387 98.36165446129196),0.13399999999999987,253.11588944247387,98.36165446129196
2025-09-02 13:51:03.984431,126,0,POINT (253.13148592902436 98.49575050749498),0.13500000000000062,253.13148592902436,98.49575050749498
2025-09-02 13:51:04.984431,127,0,POINT (253.14719794510486 98.63083985774394),0.1360000000000014,253.14719794510486,98.63083985774394
2025-09-02 13:51:05.984431,128,0,POINT (253.16302549071537 98.76692251203885),0.13700000000000215,253.16302549071537,98.76692251203885
2025-09-02 13:51:06.984431,129,0,POINT (253.17896856585588 98.9039984703797),0.1380000000000029,253.17896856585588,98.9039984703797
2025-09-02 13:51:07.984431,130,0,POINT (253.19140743569923 99.042440785143),0.13899999999999746,253.19140743569923,99.042440785143
2025-09-02 13:51:08.984431,131,0,POINT (253.20393579381485 99.18187908778229),0.13999999999999932,253.20393579381485,99.18187908778229
2025-09-02 13:51:09.984431,132,0,POINT (253.2165536402027 99.32231337829758),0.14099999999999865,253.2165536402027,99.32231337829758
2025-09-02 13:51:10.984431,133,0,POINT (253.22926097486283 99.46374365668886),0.1420000000000005,253.22926097486283,99.46374365668886
2025-09-02 13:51:11.984431,134,0,POINT (253.24205779779518 99.60616992295614),0.1429999999999998,253.24205779779518,99.60616992295614
2025-09-02 13:51:12.984431,135,0,POINT (253.2549441089998 99.74959217709942),0.14400000000000165,253.2549441089998,99.74959217709942
2025-09-02 13:51:13.984431,136,0,POINT (253.26791990847667 99.89401041911869),0.145000000000001,253.26791990847667,99.89401041911869
2025-09-02 13:51:14.984431,137,0,POINT (253.2809851962258 100.03942464901395),0.14600000000000285,253.2809851962258,100.03942464901395
2025-09-02 13:51:15.984431,138,0,POINT (253.2941399722472 100.18583486678521),0.14700000000000468,253.2941399722472,100.18583486678521
2025-09-02 13:51:16.984431,139,0,POINT (253.30738423654083 100.33324107243247),0.14800000000000402,253.30738423654083,100.33324107243247
2025-09-02 13:51:17.984431,140,0,POINT (253.32071798910673 100.48164326595573),0.14900000000000585,253.32071798910673,100.48164326595573
2025-09-02 13:51:18.984431,141,0,POINT (253.33414122994486 100.63104144735497),0.15000000000000518,253.33414122994486,100.63104144735497
2025-09-02 13:51:19.984431,142,0,POINT (253.34371246818557 100.781737802316),0.15100000000000152,253.34371246818557,100.781737802316
2025-09-02 13:51:20.984431,143,0,POINT (253.35334709211 100.93343214638273),0.15199999999999822,253.35334709211,100.93343214638273
2025-09-02 13:51:21.984431,144,0,POINT (253.36304510171811 101.08612447955515),0.15299999999999306,253.36304510171811,101.08612447955515
2025-09-02 13:51:22.984431,145,0,POINT (253.37280649700995 101.23981480183329),0.1540000000000039,253.37280649700995,101.23981480183329
2025-09-02 13:51:23.984431,146,0,POINT (253.3826312779855 101.39450311321713),0.1550000000000006,253.3826312779855,101.39450311321713
2025-09-02 13:51:24.984431,147,0,POINT (253.39251944464476 101.55018941370666),0.15599999999999725,253.39251944464476,101.55018941370666
2025-09-02 13:51:25.984431,148,0,POINT (253.40247099698774 101.7068737033019),0.15699999999999392,253.40247099698774,101.7068737033019
2025-09-02 13:51:26.984431,149,0,POINT (253.41248593501444 101.86455598200284),0.15800000000000478,253.41248593501444,101.86455598200284
2025-09-02 13:51:27.984431,150,0,POINT (253.42256425872486 102.02323624980949),0.15900000000000145,253.42256425872486,102.02323624980949
2025-09-02 13:51:28.984431,151,0,POINT (253.42852260333137 102.18312526797381),0.16000000000000195,253.42852260333137,102.18312526797381
2025-09-02 13:51:29.984431,152,0,POINT (253.4345181875917 102.34401359250165),0.16100000000000053,253.4345181875917,102.34401359250165
2025-09-02 13:51:30.984431,153,0,POINT (253.4405510115058 102.50590122339302),0.16199999999999803,253.4405510115058,102.50590122339302
2025-09-02 13:51:31.984431,154,0,POINT (253.4466210750737 102.66878816064792),0.16299999999999662,253.4466210750737,102.66878816064792
2025-09-02 13:51:32.984431,155,0,POINT (253.45272837829538 102.83267440426634),0.16399999999999412,253.45272837829538,102.83267440426634
2025-09-02 13:51:33.984431,156,0,POINT (253.45887292117084 102.9975599542483),0.16500000000000584,253.45887292117084,102.9975599542483
2025-09-02 13:51:34.984431,157,0,POINT (253.4650547037001 103.16344481059379),0.16600000000000442,253.4650547037001,103.16344481059379
2025-09-02 13:51:35.984431,158,0,POINT (253.47127372588315 103.3303289733028),0.16700000000000192,253.47127372588315,103.3303289733028
2025-09-02 13:51:36.984431,159,0,POINT (253.47752998772 103.49821244237533),0.1680000000000005,253.47752998772,103.49821244237533
2025-09-02 13:51:37.984431,160,0,POINT (253.48382348921064 103.6670952178114),0.168999999999998,253.48382348921064,103.6670952178114
2025-09-02 13:51:38.984431,161,0,POINT (253.49015423035507 103.83697729961098),0.1699999999999966,253.49015423035507,103.83697729961098
2025-09-02 13:51:39.984431,162,0,POINT (253.4965222111533 104.00785868777409),0.1709999999999941,253.4965222111533,104.00785868777409
2025-09-02 13:51:40.984431,163,0,POINT (253.5029274316053 104.17973938230074),0.17200000000000581,253.5029274316053,104.17973938230074
2025-09-02 13:51:41.984431,164,0,POINT (253.5093698917111 104.35261938319091),0.1730000000000044,253.5093698917111,104.35261938319091
2025-09-02 13:51:42.984431,165,0,POINT (253.51584959147067 104.52649869044461),0.1740000000000019,253.51584959147067,104.52649869044461
2025-09-02 13:51:43.984431,166,0,POINT (253.52236653088406 104.70137730406184),0.1750000000000005,253.52236653088406,104.70137730406184
2025-09-02 13:51:44.984431,167,0,POINT (253.52892070995122 104.87725522404259),0.175999999999998,253.52892070995122,104.87725522404259
2025-09-02 13:51:45.984431,168,0,POINT (253.5355121286722 105.05413245038686),0.17699999999999658,253.5355121286722,105.05413245038686
2025-09-02 13:51:46.984431,169,0,POINT (253.53748225076941 105.2321215472971),0.17800000000000035,253.53748225076941,105.2321215472971
2025-09-02 13:51:47.984431,170,0,POINT (253.5394634409683 105.41111058295402),0.17900000000000116,253.5394634409683,105.41111058295402
2025-09-02 13:51:48.984431,171,0,POINT (253.54145569926882 105.59109955735764),0.180000000000002,253.54145569926882,105.59109955735764
2025-09-02 13:51:49.984431,172,0,POINT (253.54345902567104 105.77208847050794),0.18100000000000313,253.54345902567104,105.77208847050794
2025-09-02 13:51:50.984431,173,0,POINT (253.55023664266096 105.95396222866985),0.18200000000000047,253.55023664266096,105.95396222866985
2025-09-02 13:51:51.984431,174,0,POINT (253.5618362227805 106.13659423501335),0.18300000000000116,253.5618362227805,106.13659423501335
2025-09-02 13:51:52.984431,175,0,POINT (253.5783020648753 106.31985600419642),0.1840000000000044,253.5783020648753,106.31985600419642
2025-09-02 13:51:53.984431,176,0,POINT (253.59967502792597 106.50361725269686),0.18500000000000827,253.59967502792597,106.50361725269686
2025-09-02 13:51:54.984431,177,0,POINT (253.62599246730858 106.68774599131292),0.18600000000000358,253.62599246730858,106.68774599131292
2025-09-02 13:51:55.984431,178,0,POINT (253.65728817355262 106.87210861976752),0.18699999999999878,253.65728817355262,106.87210861976752
2025-09-02 13:51:56.984431,179,0,POINT (253.69359231366298 107.0565700233479),0.18799999999999628,253.69359231366298,107.0565700233479
2025-09-02 13:51:57.984431,180,0,POINT (253.73493137507018 107.2409936715115),0.18900000000000053,253.73493137507018,107.2409936715115
2025-09-02 13:51:58.984431,181,0,POINT (253.78132811227192 107.4252417183859),0.1899999999999988,253.78132811227192,107.4252417183859
2025-09-02 13:51:59.984431,182,0,POINT (253.8328014962263 107.60917510508958),0.1909999999999914,253.8328014962263,107.60917510508958
2025-09-02 13:52:00.984431,183,0,POINT (253.8845443743375 107.79407149381788),0.19200000000000067,253.8845443743375,107.79407149381788
2025-09-02 13:52:01.984431,184,0,POINT (253.93655674660556 107.97993088457082),0.19300000000000994,253.93655674660556,107.97993088457082
2025-09-02 13:52:02.984431,185,0,POINT (253.98883861303042 108.16675327734838),0.19399999999999787,253.98883861303042,108.16675327734838
2025-09-02 13:52:03.984431,186,0,POINT (254.04138997361213 108.35453867215057),0.19500000000000714,254.04138997361213,108.35453867215057
2025-09-02 13:52:04.984431,187,0,POINT (254.09421082835067 108.54328706897738),0.19600000000000273,254.09421082835067,108.54328706897738
2025-09-02 13:52:05.984431,188,0,POINT (254.14730117724602 108.73299846782882),0.19700000000000437,254.14730117724602,108.73299846782882
2025-09-02 13:52:06.984431,189,0,POINT (254.1906087653869 108.9262041944764),0.19799999999999784,254.1906087653869,108.9262041944764
2025-09-02 13:52:07.984431,190,0,POINT (254.22391275224555 109.12239757983717),0.19900000000000215,254.22391275224555,109.12239757983717
2025-09-02 13:52:08.984431,191,0,POINT (254.25221107416235 109.32038547082219),0.20000000000000512,254.25221107416235,109.32038547082219
2025-09-02 13:52:09.984431,192,0,POINT (254.27543250969308 109.52003958405778),0.2009999999999998,254.27543250969308,109.52003958405778
2025-09-02 13:52:10.984431,193,0,POINT (254.29350914068846 109.72122913500877),0.2020000000000059,254.29350914068846,109.72122913500877
2025-09-02 13:52:11.984431,194,0,POINT (254.30637643448225 109.92382092346631),0.203,254.30637643448225,109.92382092346631
2025-09-02 13:52:12.984431,195,0,POINT (254.31397332385555 110.12767942162581),0.2039999999999979,254.31397332385555,110.12767942162581
2025-09-02 13:52:13.984431,196,0,POINT (254.31624228469784 110.33266686469659),0.20499999999999766,254.31624228469784,110.33266686469659
2025-09-02 13:52:14.984431,197,0,POINT (254.31312941128692 110.53864334398277),0.20600000000000454,254.31312941128692,110.53864334398277
2025-09-02 13:52:15.984431,198,0,POINT (254.3045844891118 110.74546690237257),0.20699999999999555,254.3045844891118,110.74546690237257
2025-09-02 13:52:16.984431,199,0,POINT (254.2905610651638 110.95299363217087),0.20800000000000624,254.2905610651638,110.95299363217087
2025-09-02 13:52:17.984431,200,0,POINT (254.27101651562344 111.16107777520745),0.2090000000000016,254.27101651562344,111.16107777520745
2025-09-02 13:52:18.984431,201,0,POINT (254.24591211087156 111.36957182515145),0.21000000000000243,254.24591211087156,111.36957182515145
2025-09-02 13:52:19.984431,202,0,POINT (254.21521307775637 111.57832663196028),0.2109999999999946,254.21521307775637,111.57832663196028
2025-09-02 13:52:20.984431,203,0,POINT (254.18436855159325 111.7880707980431),0.212000000000006,254.18436855159325,111.7880707980431
2025-09-02 13:52:21.984431,204,0,POINT (254.1533785323822 111.99880432339988),0.21300000000000327,254.1533785323822,111.99880432339988
2025-09-02 13:52:22.984431,205,0,POINT (254.1222430201232 112.21052720803064),0.21400000000000058,254.1222430201232,112.21052720803064
2025-09-02 13:52:23.984431,206,0,POINT (254.09096201481626 112.42323945193537),0.2149999999999979,254.09096201481626,112.42323945193537
2025-09-02 13:52:24.984431,207,0,POINT (254.05953551646138 112.63694105511408),0.2159999999999952,254.05953551646138,112.63694105511408
2025-09-02 13:52:25.984431,208,0,POINT (254.02796352505857 112.85163201756676),0.2169999999999925,254.02796352505857,112.85163201756676
2025-09-02 13:52:26.984431,209,0,POINT (253.99624604060782 113.06731233929342),0.21800000000000386,253.99624604060782,113.06731233929342
2025-09-02 13:52:27.984431,210,0,POINT (253.96438306310912 113.28398202029406),0.21900000000000117,253.96438306310912,113.28398202029406
2025-09-02 13:52:28.984431,211,0,POINT (253.9323745925625 113.50164106056867),0.21999999999999847,253.9323745925625,113.50164106056867
2025-09-02 13:52:29.984431,212,0,POINT (253.90022062896793 113.72028946011726),0.22099999999999578,253.90022062896793,113.72028946011726
2025-09-02 13:52:30.984431,213,0,POINT (253.87946038974323 113.94131663597429),0.22200000000000422,253.87946038974323,113.94131663597429
2025-09-02 13:52:31.984431,214,0,POINT (253.87025499049176 114.16412655636523),0.22299999999999476,253.87025499049176,114.16412655636523
2025-09-02 13:52:32.984431,215,0,POINT (253.87273424526578 114.38811283562306),0.22400000000000175,253.87273424526578,114.38811283562306
2025-09-02 13:52:33.984431,216,0,POINT (253.88699602410125 114.61266038440604),0.22499999999999223,253.88699602410125,114.61266038440604
2025-09-02 13:52:34.984431,217,0,POINT (253.90722037363074 114.8377536443809),0.22599999999999676,253.90722037363074,114.8377536443809
2025-09-02 13:52:35.984431,218,0,POINT (253.93344557694155 115.06323366281114),0.22699999999999568,253.93344557694155,115.06323366281114
2025-09-02 13:52:36.984431,219,0,POINT (253.96570566392668 115.28893985853406),0.22800000000000425,253.96570566392668,115.28893985853406
2025-09-02 13:52:37.984431,220,0,POINT (254.0040303523218 115.51471013616028),0.22899999999999637,254.0040303523218,115.51471013616028
2025-09-02 13:52:38.984431,221,0,POINT (254.05433714662686 115.7391410307509),0.23000000000000284,254.05433714662686,115.7391410307509
2025-09-02 13:52:39.984431,222,0,POINT (254.1165902968544 115.96159449843964),0.2309999999999951,254.1165902968544,115.96159449843964
2025-09-02 13:52:40.984431,223,0,POINT (254.1849398776689 116.18329775687866),0.23199999999999352,254.1849398776689,116.18329775687866
2025-09-02 13:52:41.984431,224,0,POINT (254.25938907598126 116.40408343773376),0.2330000000000053,254.25938907598126,116.40408343773376
2025-09-02 13:52:42.984431,225,0,POINT (254.34565995294847 116.62159972629006),0.23399999999999338,254.34565995294847,116.62159972629006
2025-09-02 13:52:43.984431,226,0,POINT (254.4379880652668 116.8377027565227),0.23499999999999968,254.4379880652668,116.8377027565227
2025-09-02 13:52:44.984431,227,0,POINT (254.5363582798417 117.05222385311811),0.23600000000000845,254.5363582798417,117.05222385311811
2025-09-02 13:52:45.984431,228,0,POINT (254.64075076768967 117.26499417172695),0.2369999999999992,254.64075076768967,117.26499417172695
2025-09-02 13:52:46.984431,229,0,POINT (254.73995462815077 117.48133324371723),0.23799999999999985,254.73995462815077,117.48133324371723
2025-09-02 13:52:47.984431,230,0,POINT (254.82806889992497 117.70349731621704),0.23899999999999583,254.82806889992497,117.70349731621704
2025-09-02 13:52:48.984431,231,0,POINT (254.90475476943126 117.93091604327809),0.24000000000000896,254.90475476943126,117.93091604327809
2025-09-02 13:52:49.984431,232,0,POINT (254.96970286122712 118.16299953121309),0.24099999999999644,254.96970286122712,118.16299953121309
2025-09-02 13:52:50.984431,233,0,POINT (255.02263435784374 118.39913986378235),0.24199999999999564,255.02263435784374,118.39913986378235
2025-09-02 13:52:51.984431,234,0,POINT (255.06330204028922 118.63871269113244),0.24300000000000183,255.06330204028922,118.63871269113244
2025-09-02 13:52:52.984431,235,0,POINT (255.0978259930277 118.88025791813416),0.24400000000000546,255.0978259930277,118.88025791813416
2025-09-02 13:52:53.984431,236,0,POINT (255.12613072787858 119.12361740939149),0.24500000000000285,255.12613072787858,119.12361740939149
2025-09-02 13:52:54.984431,237,0,POINT (255.14814484285313 119.36863042688624),0.24599999999999686,255.14814484285313,119.36863042688624
2025-09-02 13:52:55.984431,238,0,POINT (255.1638011067303 119.61513373599468),0.2469999999999986,255.1638011067303,119.61513373599468
2025-09-02 13:52:56.984431,239,0,POINT (255.17952075629117 119.86263503420881),0.24799999999999528,255.17952075629117,119.86263503420881
2025-09-02 13:52:57.984431,240,0,POINT (255.19530379153576 120.11113432152864),0.24899999999999195,255.19530379153576,120.11113432152864
2025-09-02 13:52:58.984431,241,0,POINT (255.21115021246408 120.36063159795418),0.2500000000000028,255.21115021246408,120.36063159795418
2025-09-02 13:52:59.984431,242,0,POINT (255.2270600190761 120.61112686348542),0.2509999999999995,255.2270600190761,120.61112686348542
2025-09-02 13:53:00.984431,243,0,POINT (255.24303321137185 120.86262011812236),0.2519999999999961,255.24303321137185,120.86262011812236
2025-09-02 13:53:01.984431,244,0,POINT (255.25906978935132 121.115111361865),0.2529999999999928,255.25906978935132,121.115111361865
2025-09-02 13:53:02.984431,245,0,POINT (255.27516975301447 121.36860059471336),0.25400000000000184,255.27516975301447,121.36860059471336
2025-09-02 13:53:03.984431,246,0,POINT (255.3019970420123 121.59925724762735),0.23221153065353758,255.3019970420123,121.59925724762735
2025-09-02 13:53:04.984431,247,0,POINT (255.34102655835486 121.82917965820064),0.2332115306535449,255.34102655835486,121.82917965820064
2025-09-02 13:53:05.984431,248,0,POINT (255.39225452051338 122.05772010753984),0.23421153065354136,255.39225452051338,122.05772010753984
2025-09-02 13:53:06.984431,249,0,POINT (255.45564265364337 122.28422928777472),0.23521153065354797,255.45564265364337,122.28422928777472
2025-09-02 13:53:07.984431,250,0,POINT (255.5311180145416 122.50805814451793),0.23621153065354356,255.5311180145416,122.50805814451793
2025-09-02 13:53:08.984431,251,0,POINT (255.61857291529464 122.72855973319535),0.23721153065353273,255.61857291529464,122.72855973319535
2025-09-02 13:53:09.984431,252,0,POINT (255.7121627917104 122.9476160464319),0.23821153065354989,255.7121627917104,122.9476160464319
2025-09-02 13:53:10.984431,253,0,POINT (255.81187164594417 123.16505638488132),0.23921153065354023,255.81187164594417,123.16505638488132
2025-09-02 13:53:11.984431,254,0,POINT (255.9176787315758 123.38070990349175),0.24021153065353526,255.9176787315758,123.38070990349175
2025-09-02 13:53:12.984431,255,0,POINT (256.02955853521297 123.59440574355031),0.24121153065355055,256.02955853521297,123.59440574355031
2025-09-02 13:53:13.984431,256,0,POINT (256.14748076176437 123.80597316558568),0.24221153065354487,256.14748076176437,123.80597316558568
2025-09-02 13:53:14.984431,257,0,POINT (256.2714103234147 124.01524168302677),0.24321153065354634,256.2714103234147,124.01524168302677
2025-09-02 13:53:15.984431,258,0,POINT (256.401307332331 124.22204119651448),0.24421153065353834,256.401307332331,124.22204119651448
2025-09-02 13:53:16.984431,259,0,POINT (256.5371270971264 124.42620212876248),0.2452115306535533,256.5371270971264,124.42620212876248
2025-09-02 13:53:17.984431,260,0,POINT (256.67882012310565 124.62755555986215),0.24621153065353965,256.67882012310565,124.62755555986215
2025-09-02 13:53:18.984431,261,0,POINT (256.82633211631213 124.82593336292571),0.24721153065355722,256.82633211631213,124.82593336292571
2025-09-02 13:53:19.984431,262,0,POINT (256.9796039913947 125.02116833996119),0.24821153065353635,256.9796039913947,125.02116833996119
2025-09-02 13:53:20.984431,263,0,POINT (257.1385718833091 125.21309435787168),0.24921153065356075,257.1385718833091,125.21309435787168
2025-09-02 13:53:21.984431,264,0,POINT (257.30316716286507 125.40154648447123),0.25021153065355084,257.30316716286507,125.40154648447123
2025-09-02 13:53:22.984431,265,0,POINT (257.47331645612843 125.58636112440882),0.2512115306535246,257.47331645612843,125.58636112440882
2025-09-02 13:53:23.984431,266,0,POINT (257.64894166768374 125.76737615489179),0.25221153065353386,257.64894166768374,125.76737615489179
2025-09-02 13:53:24.984431,267,0,POINT (257.8299600077596 125.94443106109914),0.25321153065355034,257.8299600077596,125.94443106109914
2025-09-02 13:53:25.984431,268,0,POINT (258.01628402321666 126.11736707117564),0.2542115306535409,258.01628402321666,126.11736707117564
2025-09-02 13:53:26.984431,269,0,POINT (258.2033409873916 126.29098336514653),0.2552115306535514,258.2033409873916,126.29098336514653
2025-09-02 13:53:27.984431,270,0,POINT (258.39113090028434 126.46527994301184),0.2562115306535299,258.39113090028434,126.46527994301184
2025-09-02 13:53:28.984431,271,0,POINT (258.579653761895 126.64025680477155),0.25721153065355007,258.579653761895,126.64025680477155
2025-09-02 13:53:29.984431,272,0,POINT (258.76890957222344 126.81591395042568),0.25821153065352853,258.76890957222344,126.81591395042568
2025-09-02 13:53:30.984431,273,0,POINT (258.9588983312698 126.99225137997422),0.2592115306535487,258.9588983312698,126.99225137997422
2025-09-02 13:53:31.984431,274,0,POINT (259.14962003903395 127.16926909341716),0.26021153065351754,259.14962003903395,127.16926909341716
2025-09-02 13:53:32.984431,275,0,POINT (259.341074695516 127.3469670907545),0.26121153065353764,259.341074695516,127.3469670907545
2025-09-02 13:53:33.984431,276,0,POINT (259.52987342919596 127.5222000022502),0.2575879172446088,259.52987342919596,127.5222000022502
2025-09-02 13:53:34.984431,277,0,POINT (259.7194051115938 127.69811319764031),0.25858791724462893,259.7194051115938,127.69811319764031
2025-09-02 13:53:35.984431,278,0,POINT (259.90966974270947 127.87470667692483),0.25958791724460745,259.90966974270947,127.87470667692483
2025-09-02 13:53:36.984431,279,0,POINT (260.100667322543 128.05198044010376),0.2605879172446276,260.100667322543,128.05198044010376
2025-09-02 13:53:37.984431,280,0,POINT (260.2923978510944 128.2299344871771),0.2615879172446061,260.2923978510944,128.2299344871771
2025-09-02 13:53:38.984431,281,0,POINT (260.48486132836365 128.40856881814486),0.26258791724462627,260.48486132836365,128.40856881814486
2025-09-02 13:53:39.984431,282,0,POINT (260.6780577543508 128.587883433007),0.2635879172446271,260.6780577543508,128.587883433007
2025-09-02 13:53:40.984431,283,0,POINT (260.87198712905575 128.76787833176354),0.26458791724460556,260.87198712905575,128.76787833176354
2025-09-02 13:53:41.984431,284,0,POINT (261.0666494524786 128.9485535144145),0.2655879172446257,261.0666494524786,128.9485535144145
2025-09-02 13:53:42.984431,285,0,POINT (261.24347404871145 129.112672670396),0.24125097967259773,261.24347404871145,129.112672670396
2025-09-02 13:53:43.984431,286,0,POINT (261.4210315936621 129.2774721102719),0.24225097967257622,261.4210315936621,129.2774721102719
2025-09-02 13:53:44.984431,287,0,POINT (261.5993220873307 129.44295183404222),0.24325097967259637,261.5993220873307,129.44295183404222
2025-09-02 13:53:45.984431,288,0,POINT (261.77834552971706 129.60911184170695),0.24425097967257486,261.77834552971706,129.60911184170695
2025-09-02 13:53:46.984431,289,0,POINT (261.9581019208213 129.77595213326606),0.24525097967257567,261.9581019208213,129.77595213326606
2025-09-02 13:53:47.984431,290,0,POINT (262.13859126064347 129.94347270871958),0.24625097967259585,262.13859126064347,129.94347270871958
2025-09-02 13:53:48.984431,291,0,POINT (262.31981354918344 130.11167356806752),0.24725097967257434,262.31981354918344,130.11167356806752
2025-09-02 13:53:49.984431,292,0,POINT (262.5017687864413 130.28055471130986),0.2482509796725945,262.5017687864413,130.28055471130986
2025-09-02 13:53:50.984431,293,0,POINT (262.68445697241697 130.45011613844662),0.249250979672573,262.68445697241697,130.45011613844662
2025-09-02 13:53:51.984431,294,0,POINT (262.8678781071105 130.62035784947778),0.25025097967259313,262.8678781071105,130.62035784947778
2025-09-02 13:53:52.984431,295,0,POINT (263.0520321905219 130.79127984440336),0.25125097967257165,263.0520321905219,130.79127984440336
2025-09-02 13:53:53.984431,296,0,POINT (263.2187627008114 130.9460302083688),0.22747909400387892,263.2187627008114,130.9460302083688
2025-09-02 13:53:54.984431,297,0,POINT (263.3862261598187 131.1014608562286),0.2284790940038381,263.3862261598187,131.1014608562286
2025-09-02 13:53:55.984431,298,0,POINT (263.5544225675439 131.25757178798284),0.22947909400385824,263.5544225675439,131.25757178798284
2025-09-02 13:53:56.984431,299,0,POINT (263.7233519239869 131.41436300363148),0.23047909400383673,263.7233519239869,131.41436300363148
2025-09-02 13:53:57.984431,300,0,POINT (263.8930142291478 131.57183450317453),0.23147909400385688,263.8930142291478,131.57183450317453
2025-09-02 13:53:58.984431,301,0,POINT (264.06340948302653 131.729986286612),0.23247909400383537,264.06340948302653,131.729986286612
2025-09-02 13:53:59.984431,302,0,POINT (264.23453768562314 131.88881835394386),0.23347909400385555,264.23453768562314,131.88881835394386
2025-09-02 13:54:00.984431,303,0,POINT (264.4063988369376 132.04833070517014),0.2344790940038757,264.4063988369376,132.04833070517014
2025-09-02 13:54:01.984431,304,0,POINT (264.57899293696994 132.20852334029084),0.2354790940038542,264.57899293696994,132.20852334029084
2025-09-02 13:54:02.984431,305,0,POINT (264.75231998572013 132.36939625930594),0.23647909400387435,264.75231998572013,132.36939625930594
2025-09-02 13:54:03.984431,306,0,POINT (264.92637998318816 132.53094946221546),0.23747909400385284,264.92637998318816,132.53094946221546
2025-09-02 13:54:04.984431,307,0,POINT (265.10117292937406 132.6931829490194),0.238479094003873,265.10117292937406,132.6931829490194
2025-09-02 13:54:05.984431,308,0,POINT (265.2766988242778 132.8560967197177),0.23947909400383213,265.2766988242778,132.8560967197177
2025-09-02 13:54:06.984431,309,0,POINT (265.4529576678994 133.01969077431042),0.2404790940038523,265.4529576678994,133.01969077431042
2025-09-02 13:54:07.984431,310,0,POINT (265.6299494602389 133.18396511279755),0.2414790940038725,265.6299494602389,133.18396511279755
2025-09-02 13:54:08.984431,311,0,POINT (265.8076742012962 133.3489197351791),0.24247909400385098,265.8076742012962,133.3489197351791
2025-09-02 13:54:09.984431,312,0,POINT (265.9861318910714 133.51455464145505),0.24347909400387113,265.9861318910714,133.51455464145505
2025-09-02 13:54:10.984431,313,0,POINT (266.16532252956443 133.68086983162542),0.24447909400384962,266.16532252956443,133.68086983162542
2025-09-02 13:54:11.984431,314,0,POINT (266.34524611677534 133.8478653056902),0.24547909400386977,266.34524611677534,133.8478653056902
2025-09-02 13:54:12.984431,315,0,POINT (266.5259026527041 134.01554106364938),0.24647909400384826,266.5259026527041,134.01554106364938
2025-09-02 13:54:13.984431,316,0,POINT (266.7072921373507 134.18389710550298),0.24747909400386842,266.7072921373507,134.18389710550298
2025-09-02 13:54:14.984431,317,0,POINT (266.88941457071513 134.352933431251),0.24847909400384693,266.88941457071513,134.352933431251
2025-09-02 13:54:15.984431,318,0,POINT (267.0550601302475 134.5066768018098),0.22599883934121315,267.0550601302475,134.5066768018098
2025-09-02 13:54:16.984431,319,0,POINT (267.2214386384978 134.661100456263),0.2269988393412333,267.2214386384978,134.661100456263
2025-09-02 13:54:17.984431,320,0,POINT (267.38855009546586 134.81620439461062),0.2279988393412118,267.38855009546586,134.81620439461062
2025-09-02 13:54:18.984431,321,0,POINT (267.55639450115183 134.97198861685266),0.22899883934123194,267.55639450115183,134.97198861685266
2025-09-02 13:54:19.984431,322,0,POINT (267.7249718555556 135.1284531229891),0.22999883934121043,267.7249718555556,135.1284531229891
2025-09-02 13:54:20.984431,323,0,POINT (267.8942821586773 135.28559791301996),0.23099883934123058,267.8942821586773,135.28559791301996
2025-09-02 13:54:21.984431,324,0,POINT (268.0643254105168 135.44342298694522),0.23199883934120907,268.0643254105168,135.44342298694522
2025-09-02 13:54:22.984431,325,0,POINT (268.2351016110742 135.6019283447649),0.23299883934122925,268.2351016110742,135.6019283447649
2025-09-02 13:54:23.984431,326,0,POINT (268.40661076034945 135.761113986479),0.2339988393412494,268.40661076034945,135.761113986479
2025-09-02 13:54:24.984431,327,0,POINT (268.57885285834254 135.92097991208746),0.23499883934120855,268.57885285834254,135.92097991208746
2025-09-02 13:54:25.984431,328,0,POINT (268.7518279050535 136.08152612159034),0.23599883934122873,268.7518279050535,136.08152612159034
2025-09-02 13:54:26.984431,329,0,POINT (268.9255359004823 136.24275261498764),0.23699883934120722,268.9255359004823,136.24275261498764
2025-09-02 13:54:27.984431,330,0,POINT (269.099976844629 136.40465939227934),0.23799883934122737,269.099976844629,136.40465939227934
2025-09-02 13:54:28.984431,331,0,POINT (269.2751507374935 136.56724645346546),0.23899883934120586,269.2751507374935,136.56724645346546
2025-09-02 13:54:29.984431,332,0,POINT (269.4510575790759 136.73051379854599),0.239998839341226,269.4510575790759,136.73051379854599
2025-09-02 13:54:30.984431,333,0,POINT (269.62769736937616 136.89446142752092),0.2409988393412462,269.62769736937616,136.89446142752092
2025-09-02 13:54:31.984431,334,0,POINT (269.80507010839426 137.05908934039027),0.24199883934122465,269.80507010839426,137.05908934039027
2025-09-02 13:54:32.984431,335,0,POINT (269.98317579613024 137.22439753715403),0.24299883934124483,269.98317579613024,137.22439753715403
2025-09-02 13:54:33.984431,336,0,POINT (270.16201443258404 137.3903860178122),0.2439988393412233,270.16201443258404,137.3903860178122
2025-09-02 13:54:34.984431,337,0,POINT (270.34158601775573 137.55705478236476),0.24499883934122413,270.34158601775573,137.55705478236476
2025-09-02 13:54:35.984431,338,0,POINT (270.52189055164524 137.72440383081172),0.24599883934120265,270.52189055164524,137.72440383081172
2025-09-02 13:54:36.984431,339,0,POINT (270.70292803425264 137.8924331631531),0.24699883934122277,270.70292803425264,137.8924331631531
2025-09-02 13:54:37.984431,340,0,POINT (270.88469846557786 138.0611427793889),0.24799883934120126,270.88469846557786,138.0611427793889
2025-09-02 13:54:38.984431,341,0,POINT (271.06720184562096 138.2305326795191),0.24899883934122144,271.06720184562096,138.2305326795191
2025-09-02 13:54:39.984431,342,0,POINT (271.25043817438194 138.4006028635437),0.2499988393412416,271.25043817438194,138.4006028635437
2025-09-02 13:54:40.984431,343,0,POINT (271.43440745186075 138.57135333146272),0.2509988393412201,271.43440745186075,138.57135333146272
2025-09-02 13:54:41.984431,344,0,POINT (271.61910967805744 138.74278408327615),0.25199883934124023,271.61910967805744,138.74278408327615
2025-09-02 13:54:42.984431,345,0,POINT (271.80454485297196 138.914895118984),0.25299883934121875,271.80454485297196,138.914895118984
2025-09-02 13:54:43.984431,346,0,POINT (271.99071297660436 139.08768643858625),0.2539988393412389,271.99071297660436,139.08768643858625
2025-09-02 13:54:44.984431,347,0,POINT (272.1776140489546 139.26115804208288),0.25499883934119805,272.1776140489546,139.26115804208288
2025-09-02 13:54:45.984431,348,0,POINT (272.3652480700227 139.43530992947393),0.2559988393412182,272.3652480700227,139.43530992947393
2025-09-02 13:54:46.984431,349,0,POINT (272.5536150398086 139.6101421007594),0.25699883934119666,272.5536150398086,139.6101421007594
2025-09-02 13:54:47.984431,350,0,POINT (272.74271495831243 139.78565455593926),0.25799883934121687,272.74271495831243,139.78565455593926
2025-09-02 13:54:48.984431,351,0,POINT (272.9278705863287 139.96675616331478),0.25899883934122137,272.9278705863287,139.96675616331478
2025-09-02 13:54:49.984431,352,0,POINT (273.10891841964985 140.15336023215707),0.2599988393412124,273.10891841964985,140.15336023215707
2025-09-02 13:54:50.984431,353,0,POINT (273.2906625939 140.34068201216033),0.2609988393411934,273.2906625939,140.34068201216033
2025-09-02 13:54:51.984431,354,0,POINT (273.4731031090791 140.5287215033246),0.2619988393411948,273.4731031090791,140.5287215033246
2025-09-02 13:54:52.984431,355,0,POINT (273.6562399651872 140.71747870564985),0.2629988393411962,273.6562399651872,140.71747870564985
2025-09-02 13:54:53.984431,356,0,POINT (273.84007316222426 140.90695361913612),0.26399883934119767,273.84007316222426,140.90695361913612
2025-09-02 13:54:54.984431,357,0,POINT (274.01502903087174 141.08727876503028),0.25125030192209996,274.01502903087174,141.08727876503028
2025-09-02 13:54:55.984431,358,0,POINT (274.1906812404482 141.26832162208544),0.2522503019221014,274.1906812404482,141.26832162208544
2025-09-02 13:54:56.984431,359,0,POINT (274.36702979095367 141.45008219030157),0.2532503019220824,274.36702979095367,141.45008219030157
2025-09-02 13:54:57.984431,360,0,POINT (274.5440746823881 141.6325604696787),0.25425030192208387,274.5440746823881,141.6325604696787
2025-09-02 13:54:58.984431,361,0,POINT (274.7103902759894 141.80398017633084),0.2388421916321817,274.7103902759894,141.80398017633084
2025-09-02 13:54:59.984431,362,0,POINT (274.87740221051973 141.97611759414397),0.23984219163218312,274.87740221051973,141.97611759414397
2025-09-02 13:55:00.984431,363,0,POINT (275.04491076476273 142.14876687259283),0.24055537635540686,275.04491076476273,142.14876687259283
2025-09-02 13:55:01.984431,364,0,POINT (275.2131156599347 142.32213386220266),0.2415553763553879,275.2131156599347,142.32213386220266
2025-09-02 13:55:02.984431,365,0,POINT (275.3820168960357 142.4962185629735),0.24255537635538932,275.3820168960357,142.4962185629735
2025-09-02 13:55:03.984431,366,0,POINT (275.5516144730656 142.67102097490533),0.24355537635539073,275.5516144730656,142.67102097490533
2025-09-02 13:55:04.984431,367,0,POINT (275.72190376651923 142.84653633156995),0.24454873520432863,275.72190376651923,142.84653633156995
2025-09-02 13:55:05.984431,368,0,POINT (275.8928894009018 143.02276939939557),0.24554873520433004,275.8928894009018,143.02276939939557
2025-09-02 13:55:06.984431,369,0,POINT (276.0645713762134 143.1997201783822),0.24654873520433146,276.0645713762134,143.1997201783822
2025-09-02 13:55:07.984431,370,0,POINT (276.23694969245395 143.37738866852982),0.24754873520433288,276.23694969245395,143.37738866852982
2025-09-02 13:55:08.984431,371,0,POINT (276.4100243496235 143.55577486983844),0.24854873520433432,276.4100243496235,143.55577486983844
2025-09-02 13:55:09.984431,372,0,POINT (276.583795347722 143.73487878230807),0.24954873520433574,276.583795347722,143.73487878230807
2025-09-02 13:55:10.984431,373,0,POINT (276.7582626867495 143.9147004059387),0.2505487352043372,276.7582626867495,143.9147004059387
2025-09-02 13:55:11.984431,374,0,POINT (276.933426366706 144.0952397407303),0.2515487352043182,276.933426366706,144.0952397407303
2025-09-02 13:55:12.984431,375,0,POINT (277.10928638759145 144.2764967866829),0.2525487352043196,277.10928638759145,144.2764967866829
2025-09-02 13:55:13.984431,376,0,POINT (277.2858427494059 144.45847154379652),0.25354873520432103,277.2858427494059,144.45847154379652
2025-09-02 13:55:14.984431,377,0,POINT (277.45329114845504 144.6501903280875),0.25454873520433347,277.45329114845504,144.6501903280875
2025-09-02 13:55:15.984431,378,0,POINT (277.6163014377875 144.84699683620212),0.2555487352043302,277.6163014377875,144.84699683620212
2025-09-02 13:55:16.984431,379,0,POINT (277.7747215788313 145.04878958247068),0.25654873520432514,277.7747215788313,145.04878958247068
2025-09-02 13:55:17.984431,380,0,POINT (277.92840181849226 145.25546259702048),0.25754873520433763,277.92840181849226,145.25546259702048
2025-09-02 13:55:18.984431,381,0,POINT (278.07719482000994 145.46690547624587),0.2585487352043333,278.07719482000994,145.46690547624587
2025-09-02 13:55:19.984431,382,0,POINT (278.2209557927278 145.68300343706312),0.2595487352043208,278.2209557927278,145.68300343706312
2025-09-02 13:55:20.984431,383,0,POINT (278.3595426206691 145.90363737492797),0.26054873520434385,278.3595426206691,145.90363737492797
2025-09-02 13:55:21.984431,384,0,POINT (278.49281598980986 146.12868392558997),0.26154873520433586,278.49281598980986,146.12868392558997
2025-09-02 13:55:22.984431,385,0,POINT (278.62063951394185 146.35801553055506),0.2625487352043247,278.62063951394185,146.35801553055506
2025-09-02 13:55:23.984431,386,0,POINT (278.7428798590182 146.59150050622463),0.26354873520434063,278.7428798590182,146.59150050622463
2025-09-02 13:55:24.984431,387,0,POINT (278.86558402853666 146.82587140902828),0.26454873520432354,278.86558402853666,146.82587140902828
2025-09-02 13:55:25.984431,388,0,POINT (278.98875202249724 147.061128238966),0.26554873520433286,278.98875202249724,147.061128238966
2025-09-02 13:55:26.984431,389,0,POINT (279.11238384089995 147.2972709960378),0.26654873520434214,279.11238384089995,147.2972709960378
2025-09-02 13:55:27.984431,390,0,POINT (279.23647948374474 147.5342996802437),0.26754873520432504,279.23647948374474,147.5342996802437
2025-09-02 13:55:28.984431,391,0,POINT (279.3610389510317 147.77221429158365),0.2685487352043343,279.3610389510317,147.77221429158365
2025-09-02 13:55:29.984431,392,0,POINT (279.4820281947715 148.00330960314565),0.2608513755506579,279.4820281947715,148.00330960314565
2025-09-02 13:55:30.984431,393,0,POINT (279.60951220491404 148.23203207697748),0.26185137555066496,279.60951220491404,148.23203207697748
2025-09-02 13:55:31.984431,394,0,POINT (279.7434493404752 148.45819946929242),0.26285137555065424,279.7434493404752,148.45819946929242
2025-09-02 13:55:32.984431,395,0,POINT (279.8837928549307 148.68163009908668),0.2638513755506522,279.8837928549307,148.68163009908668
2025-09-02 13:55:33.984431,396,0,POINT (280.0304908973806 148.90214299093753),0.2648513755506538,280.0304908973806,148.90214299093753
2025-09-02 13:55:34.984431,397,0,POINT (280.1834865177016 149.11955801812007),0.2658513755506907,280.1834865177016,149.11955801812007
2025-09-02 13:55:35.984431,398,0,POINT (280.34271767570345 149.33369604593085),0.2668513755506847,280.34271767570345,149.33369604593085
2025-09-02 13:55:36.984431,399,0,POINT (280.4851447974057 149.51511716979843),0.2306493207919084,280.4851447974057,149.51511716979843
2025-09-02 13:55:37.984431,400,0,POINT (280.6281894241638 149.6973248605774),0.231649320791922,280.6281894241638,149.6973248605774
2025-09-02 13:55:38.984431,401,0,POINT (280.77185155597766 149.88031911826772),0.23264932079191325,280.77185155597766,149.88031911826772
2025-09-02 13:55:39.984431,402,0,POINT (280.9161311928473 150.06409994286943),0.23364932079189174,280.9161311928473,150.06409994286943
2025-09-02 13:55:40.984431,403,0,POINT (281.0610283347727 150.24866733438253),0.23464932079190534,281.0610283347727,150.24866733438253
2025-09-02 13:55:41.984431,404,0,POINT (281.211345118507 150.4301486472427),0.23564932079188103,281.211345118507,150.4301486472427
2025-09-02 13:55:42.984431,405,0,POINT (281.36229978561494 150.61240009307951),0.23664932079192913,281.36229978561494,150.61240009307951
2025-09-02 13:55:43.984431,406,0,POINT (281.5138923360965 150.79542167189294),0.2376493207919191,281.5138923360965,150.79542167189294
2025-09-02 13:55:44.984431,407,0,POINT (281.66612276995164 150.97921338368297),0.23864932079190906,281.66612276995164,150.97921338368297
2025-09-02 13:55:45.984431,408,0,POINT (281.8189910871804 151.16377522844965),0.23964932079192094,281.8189910871804,151.16377522844965
2025-09-02 13:55:46.984431,409,0,POINT (281.97249728778274 151.34910720619294),0.2406493207919109,281.97249728778274,151.34910720619294
2025-09-02 13:55:47.984431,410,0,POINT (282.1266413717587 151.53520931691284),0.24164932079190088,282.1266413717587,151.53520931691284
2025-09-02 13:55:48.984431,411,0,POINT (282.28142333910824 151.72208156060938),0.24264932079191273,282.28142333910824,151.72208156060938
2025-09-02 13:55:49.984431,412,0,POINT (282.4368431898314 151.90972393728254),0.2436493207919027,282.4368431898314,151.90972393728254
2025-09-02 13:55:50.984431,413,0,POINT (282.59290092392814 152.0981364469323),0.24464932079189267,282.59290092392814,152.0981364469323
2025-09-02 13:55:51.984431,414,0,POINT (282.7495965413985 152.2873190895587),0.24564932079190455,282.7495965413985,152.2873190895587
2025-09-02 13:55:52.984431,415,0,POINT (282.90693004224244 152.47727186516173),0.24664932079189453,282.90693004224244,152.47727186516173
2025-09-02 13:55:53.984431,416,0,POINT (283.06490142646 152.66799477374136),0.24764932079188448,283.06490142646,152.66799477374136
2025-09-02 13:55:54.984431,417,0,POINT (283.2235106940512 152.8594878152976),0.2486493207919107,283.2235106940512,152.8594878152976
2025-09-02 13:55:55.984431,418,0,POINT (283.382757845016 153.05175098983048),0.2496493207919226,283.382757845016,153.05175098983048
2025-09-02 13:55:56.984431,419,0,POINT (283.5426428793544 153.24478429733998),0.25064932079191254,283.5426428793544,153.24478429733998
2025-09-02 13:55:57.984431,420,0,POINT (283.7031657970664 153.43858773782608),0.2516493207919025,283.7031657970664,153.43858773782608
2025-09-02 13:55:58.984431,421,0,POINT (283.864326598152 153.63316131128883),0.2526493207919144,283.864326598152,153.63316131128883
2025-09-02 13:55:59.984431,422,0,POINT (284.0261252826112 153.8285050177282),0.25364932079190433,284.0261252826112,153.8285050177282
2025-09-02 13:56:00.984431,423,0,POINT (284.188561850444 154.02461885714416),0.25464932079189434,284.188561850444,154.02461885714416
2025-09-02 13:56:01.984431,424,0,POINT (284.3516363016504 154.22150282953677),0.25564932079190616,284.3516363016504,154.22150282953677
2025-09-02 13:56:02.984431,425,0,POINT (284.51011855480306 154.42337469310027),0.25664932079190467,284.51011855480306,154.42337469310027
2025-09-02 13:56:03.984431,426,0,POINT (284.6638588142393 154.63012842373894),0.2576493207918988,284.6638588142393,154.63012842373894
2025-09-02 13:56:04.984431,427,0,POINT (284.81270970206407 154.84165356252836),0.2586493207918992,284.81270970206407,154.84165356252836
2025-09-02 13:56:05.984431,428,0,POINT (284.9565263879485 155.05783527000824),0.2596493207918939,284.9565263879485,155.05783527000824
2025-09-02 13:56:06.984431,429,0,POINT (285.09516671773275 155.2785543842385),0.26064932079190645,285.09516671773275,155.2785543842385
2025-09-02 13:56:07.984431,430,0,POINT (285.2284913407254 155.50368748259308),0.26164932079189196,285.2284913407254,155.50368748259308
2025-09-02 13:56:08.984431,431,0,POINT (285.3563638355914 155.73310694726246),0.2626493207919045,285.3563638355914,155.73310694726246
2025-09-02 13:56:09.984431,432,0,POINT (285.48472318682735 155.96339989397237),0.2636493207919216,285.48472318682735,155.96339989397237
2025-09-02 13:56:10.984431,433,0,POINT (285.59473418511584 156.1607735696915),0.22596191628525833,285.59473418511584,156.1607735696915
2025-09-02 13:56:11.984431,434,0,POINT (285.70523203977416 156.35902072745114),0.22696191628524773,285.70523203977416,156.35902072745114
2025-09-02 13:56:12.984431,435,0,POINT (285.81621675080237 156.55814136725132),0.22796191628526477,285.81621675080237,156.55814136725132
2025-09-02 13:56:13.984431,436,0,POINT (285.9276883182004 156.75813548909204),0.22896191628525417,285.9276883182004,156.75813548909204
2025-09-02 13:56:14.984431,437,0,POINT (286.03964674196834 156.9590030929733),0.22996191628527124,286.03964674196834,156.9590030929733
2025-09-02 13:56:15.984431,438,0,POINT (286.1520920221061 157.16074417889507),0.23096191628526064,286.1520920221061,157.16074417889507
2025-09-02 13:56:16.984431,439,0,POINT (286.2596816285191 157.366245534605),0.23196191628525634,286.2596816285191,157.366245534605
2025-09-02 13:56:17.984431,440,0,POINT (286.36773505937424 157.57263281744903),0.2329619162852656,286.36773505937424,157.57263281744903
2025-09-02 13:56:18.984431,441,0,POINT (286.4762523146715 157.77990602742713),0.23396191628527493,286.4762523146715,157.77990602742713
2025-09-02 13:56:19.984431,442,0,POINT (286.58523339441086 157.9880651645393),0.23496191628525784,286.58523339441086,157.9880651645393
2025-09-02 13:56:20.984431,443,0,POINT (286.69467829859235 158.19711022878556),0.2359619162852671,286.69467829859235,158.19711022878556
2025-09-02 13:56:21.984431,444,0,POINT (286.8045870272159 158.4070412201659),0.23696191628525004,286.8045870272159,158.4070412201659
2025-09-02 13:56:22.984431,445,0,POINT (286.9149595802816 158.6178581386803),0.23796191628525934,286.9149595802816,158.6178581386803
2025-09-02 13:56:23.984431,446,0,POINT (287.02579595778946 158.8295609843288),0.2389619162852686,287.02579595778946,158.8295609843288
2025-09-02 13:56:24.984431,447,0,POINT (287.1370961597394 159.04214975711136),0.23996191628525154,287.1370961597394,159.04214975711136
2025-09-02 13:56:25.984431,448,0,POINT (287.2488601861314 159.255624457028),0.24096191628526084,287.2488601861314,159.255624457028
2025-09-02 13:56:26.984431,449,0,POINT (287.3610880369656 159.46998508407873),0.2419619162852701,287.3610880369656,159.46998508407873
2025-09-02 13:56:27.984431,450,0,POINT (287.468106597697 159.68810780280376),0.24296191628527414,287.468106597697,159.68810780280376
2025-09-02 13:56:28.984431,451,0,POINT (287.5755656330606 159.90712828658621),0.24396191628526426,287.5755656330606,159.90712828658621
2025-09-02 13:56:29.984431,452,0,POINT (287.6834651430565 160.12704653542608),0.2449619162852539,287.6834651430565,160.12704653542608
2025-09-02 13:56:30.984431,453,0,POINT (287.79180512768465 160.34786254932337),0.24596191628526906,287.79180512768465,160.34786254932337
2025-09-02 13:56:31.984431,454,0,POINT (287.9005855869451 160.5695763282781),0.24696191628528422,287.9005855869451,160.5695763282781
2025-09-02 13:56:32.984431,455,0,POINT (288.0098065208378 160.7921878722902),0.2479619162852488,288.0098065208378,160.7921878722902
2025-09-02 13:56:33.984431,456,0,POINT (288.11946792936277 161.01569718135977),0.24896191628526398,288.11946792936277,161.01569718135977
2025-09-02 13:56:34.984431,457,0,POINT (288.22956981252 161.24010425548676),0.24996191628527914,288.22956981252,161.24010425548676
2025-09-02 13:56:35.984431,458,0,POINT (288.34011217030957 161.46540909467114),0.25096191628526876,288.34011217030957,161.46540909467114
2025-09-02 13:56:36.984431,459,0,POINT (288.45109500273134 161.69161169891296),0.25196191628525894,288.45109500273134,161.69161169891296
2025-09-02 13:56:37.984431,460,0,POINT (288.5625183097854 161.91871206821222),0.2529619162852741,288.5625183097854,161.91871206821222
2025-09-02 13:56:38.984431,461,0,POINT (288.6743820914717 162.14671020256887),0.2539619162852637,288.6743820914717,162.14671020256887
2025-09-02 13:56:39.984431,462,0,POINT (288.78668634779035 162.37560610198295),0.25496191628527887,288.78668634779035,162.37560610198295
2025-09-02 13:56:40.984431,463,0,POINT (288.8994310787412 162.60539976645447),0.255961916285269,288.8994310787412,162.60539976645447
2025-09-02 13:56:41.984431,464,0,POINT (289.01261628432434 162.83609119598339),0.25696191628525866,289.01261628432434,162.83609119598339
2025-09-02 13:56:42.984431,465,0,POINT (289.12624196453976 163.06768039056973),0.2579619162852738,289.12624196453976,163.06768039056973
2025-09-02 13:56:43.984431,466,0,POINT (289.24030811938746 163.3001673502135),0.258961916285289,289.24030811938746,163.3001673502135
2025-09-02 13:56:44.984431,467,0,POINT (289.3548147488674 163.5335520749147),0.25996191628525356,289.3548147488674,163.5335520749147
2025-09-02 13:56:45.984431,468,0,POINT (289.4592932847825 163.74649777467445),0.2371953530597507,289.4592932847825,163.74649777467445
2025-09-02 13:56:46.984431,469,0,POINT (289.55857857288095 163.9630144201927),0.23819535305976353,289.55857857288095,163.9630144201927
2025-09-02 13:56:47.984431,470,0,POINT (289.65255497893764 164.18297544408114),0.239195353059753,289.65255497893764,164.18297544408114
2025-09-02 13:56:48.984431,471,0,POINT (289.6967486567047 164.28641509472254),0.11248485444447308,289.6967486567047,164.28641509472254
2025-09-02 13:56:49.984431,472,0,POINT (289.7413352200561 164.39077433272664),0.11348485444447456,289.7413352200561,164.39077433272664
2025-09-02 13:56:50.984431,473,0,POINT (289.78631466899185 164.49605315809342),0.11448485444447605,289.78631466899185,164.49605315809342
2025-09-02 13:56:51.984431,474,0,POINT (289.83156858742854 164.60197440632984),0.11518345350716419,289.83156858742854,164.60197440632984
2025-09-02 13:56:52.984431,475,0,POINT (289.87721539144957 164.70881524192896),0.11618345350716568,289.87721539144957,164.70881524192896
2025-09-02 13:56:53.984431,476,0,POINT (289.92325508105495 164.81657566489076),0.11718345350716715,289.92325508105495,164.81657566489076
2025-09-02 13:56:54.984431,477,0,POINT (289.9696876562446 164.92525567521525),0.1181834535071463,289.9696876562446,164.92525567521525
2025-09-02 13:56:55.984431,478,0,POINT (290.01651311701863 165.03485527290243),0.11918345350714779,290.01651311701863,165.03485527290243
2025-09-02 13:56:56.984431,479,0,POINT (290.063731463377 165.14537445795233),0.12018345350717541,290.063731463377,165.14537445795233
2025-09-02 13:56:57.984431,480,0,POINT (290.1113426953197 165.2568132303649),0.1211834535071769,290.1113426953197,165.2568132303649
2025-09-02 13:56:58.984431,481,0,POINT (290.1593468128467 165.36917159014018),0.12218345350715604,290.1593468128467,165.36917159014018
2025-09-02 13:56:59.984431,482,0,POINT (290.20774381595805 165.48244953727814),0.12318345350715752,290.20774381595805,165.48244953727814
2025-09-02 13:57:00.984431,483,0,POINT (290.25653370465375 165.5966470717788),0.12418345350715901,290.25653370465375,165.5966470717788
2025-09-02 13:57:01.984431,484,0,POINT (290.3057164789338 165.71176419364213),0.12518345350716048,290.3057164789338,165.71176419364213
2025-09-02 13:57:02.984431,485,0,POINT (290.3552921387981 165.82780090286815),0.12618345350713964,290.3552921387981,165.82780090286815
2025-09-02 13:57:03.984431,486,0,POINT (290.4052606842468 165.9447571994569),0.12718345350716725,290.4052606842468,165.9447571994569
2025-09-02 13:57:04.984431,487,0,POINT (290.4556221152798 166.06263308340831),0.12818345350716875,290.4556221152798,166.06263308340831
2025-09-02 13:57:05.984431,488,0,POINT (290.5063764318972 166.18142855472243),0.12918345350717023,290.5063764318972,166.18142855472243
2025-09-02 13:57:06.984431,489,0,POINT (290.5525903036509 166.28959666813867),0.11762679415208448,290.5525903036509,166.28959666813867
2025-09-02 13:57:07.984431,490,0,POINT (290.59294087276334 166.38404114488418),0.10270310421516052,290.59294087276334,166.38404114488418
2025-09-02 13:57:08.984431,491,0,POINT (290.6336843274601 166.4794052089924),0.10370310421518814,290.6336843274601,166.4794052089924
2025-09-02 13:57:09.984431,492,0,POINT (290.6748206677412 166.57568886046332),0.10470310421516729,290.6748206677412,166.57568886046332
2025-09-02 13:57:10.984431,493,0,POINT (290.7163498936066 166.67289209929692),0.10570310421516876,290.7163498936066,166.67289209929692
2025-09-02 13:57:11.984431,494,0,POINT (290.75827200505637 166.7710149254932),0.10670310421517025,290.75827200505637,166.7710149254932
2025-09-02 13:57:12.984431,495,0,POINT (290.8005870020905 166.87005733905218),0.10770310421517174,290.8005870020905,166.87005733905218
2025-09-02 13:57:13.984431,496,0,POINT (290.8432948847089 166.97001933997385),0.10870310421515088,290.8432948847089,166.97001933997385
2025-09-02 13:57:14.984431,497,0,POINT (290.88639565291163 167.0709009282582),0.10970310421515236,290.88639565291163,167.0709009282582
2025-09-02 13:57:15.984431,498,0,POINT (290.9298893066987 167.17270210390527),0.11070310421517998,290.9298893066987,167.17270210390527
2025-09-02 13:57:16.984431,499,0,POINT (290.97377584607017 167.27542286691502),0.11170310421518148,290.97377584607017,167.27542286691502
2025-09-02 13:57:17.984431,500,0,POINT (291.0180552710259 167.37906321728747),0.11270310421516062,291.0180552710259,167.37906321728747
2025-09-02 13:57:18.984431,501,0,POINT (291.062727581566 167.4836231550226),0.11370310421516211,291.062727581566,167.4836231550226
2025-09-02 13:57:19.984431,502,0,POINT (291.1077927776904 167.58910268012042),0.1147031042151636,291.1077927776904,167.58910268012042
2025-09-02 13:57:20.984431,503,0,POINT (291.1532508593992 167.69550179258093),0.11570310421516508,291.1532508593992,167.69550179258093
2025-09-02 13:57:21.984431,504,0,POINT (291.19910182669224 167.80282049240412),0.11670310421514422,291.19910182669224,167.80282049240412
2025-09-02 13:57:22.984431,505,0,POINT (291.24534567956965 167.91105877959004),0.11770310421517186,291.24534567956965,167.91105877959004
2025-09-02 13:57:23.984431,506,0,POINT (291.2919824180314 168.02021665413864),0.11870310421517333,291.2919824180314,168.02021665413864
2025-09-02 13:57:24.984431,507,0,POINT (291.3390120420775 168.13029411604992),0.11970310421517481,291.3390120420775,168.13029411604992
2025-09-02 13:57:25.984431,508,0,POINT (291.37556113826116 168.21584087141213),0.0930273281613636,291.37556113826116,168.21584087141213
2025-09-02 13:57:26.984431,509,0,POINT (291.41250312002916 168.30230721413704),0.09402732816139121,291.41250312002916,168.30230721413704
2025-09-02 13:57:27.984431,510,0,POINT (291.4498379873815 168.38969314422465),0.09502732816139271,291.4498379873815,168.38969314422465
2025-09-02 13:57:28.984431,511,0,POINT (291.48756574031813 168.47799866167495),0.09602732816137186,291.48756574031813,168.47799866167495
2025-09-02 13:57:29.984431,512,0,POINT (291.5171384331697 168.54721645869142),0.07527049612103656,291.5171384331697,168.54721645869142
2025-09-02 13:57:30.984431,513,0,POINT (291.5471040116056 168.6173538430706),0.07627049612103805,291.5471040116056,168.6173538430706
2025-09-02 13:57:31.984431,514,0,POINT (291.5755920178622 168.68918115730628),0.07727049612102957,291.5755920178622,168.68918115730628
2025-09-02 13:57:32.984431,515,0,POINT (291.6025342617631 168.7626684763254),0.07827049612101429,291.6025342617631,168.7626684763254
2025-09-02 13:57:33.984431,516,0,POINT (291.6223297195326 168.82137365677812),0.06195287209075419,291.6223297195326,168.82137365677812
2025-09-02 13:57:34.984431,517,0,POINT (291.6408762816812 168.88153252259977),0.06295287209077875,291.6408762816812,168.88153252259977
2025-09-02 13:57:35.984431,518,0,POINT (291.6581112070221 168.94311926790388),0.06395287209078628,291.6581112070221,168.94311926790388
2025-09-02 13:57:36.984431,519,0,POINT (291.67561562651986 169.0056690152326),0.06495287209076818,291.67561562651986,169.0056690152326
2025-09-02 13:57:37.984431,520,0,POINT (291.68961979715283 169.0557110823092),0.051964654068080283,291.68961979715283,169.0557110823092
2025-09-02 13:57:38.984431,521,0,POINT (291.70389346194264 169.10671615141038),0.05296465406806219,291.70389346194264,169.10671615141038
2025-09-02 13:57:39.984431,522,0,POINT (291.7184366208893 169.1586842225362),0.05396465406807146,291.7184366208893,169.1586842225362
2025-09-02 13:57:40.984431,523,0,POINT (291.730219846109 169.20079003246062),0.04372349055105555,291.730219846109,169.20079003246062
2025-09-02 13:57:41.984431,524,0,POINT (291.7422725654855 169.24385884440966),0.04472349055106482,291.7422725654855,169.24385884440966
2025-09-02 13:57:42.984431,525,0,POINT (291.7545947790189 169.28789065838333),0.045723490551074095,291.7545947790189,169.28789065838333
2025-09-02 13:57:43.984431,526,0,POINT (291.7647122951786 169.3240442754436),0.037542617913290006,291.7647122951786,169.3240442754436
2025-09-02 13:57:44.984431,527,0,POINT (291.77509930549513 169.36116089452852),0.03854261791329928,291.77509930549513,169.36116089452852
2025-09-02 13:57:45.984431,528,0,POINT (291.78376541924223 169.39212811542225),0.032156963434979424,291.78376541924223,169.39212811542225
2025-09-02 13:57:46.984431,529,0,POINT (291.79270102714617 169.4240583383406),0.03315696343496133,291.79270102714617,169.4240583383406
2025-09-02 13:57:47.984431,530,0,POINT (291.80190612920694 169.45695156328355),0.0341569634349706,291.80190612920694,169.45695156328355
2025-09-02 13:57:48.984431,531,0,POINT (291.8096858117622 169.48475123857082),0.028867722576236748,291.8096858117622,169.48475123857082
2025-09-02 13:57:49.984431,532,0,POINT (291.8177349884743 169.51351391588273),0.0298677225762307,291.8177349884743,169.51351391588273
2025-09-02 13:57:50.984431,533,0,POINT (291.82464772701803 169.53821568044668),0.025650791932168137,291.82464772701803,169.53821568044668
2025-09-02 13:57:51.984431,534,0,POINT (291.8318299597186 169.56388044703527),0.026650791932177408,291.8318299597186,169.56388044703527
2025-09-02 13:57:52.984431,535,0,POINT (291.83809249025376 169.58625877855675),0.023238093949135008,291.83809249025376,169.58625877855675
2025-09-02 13:57:53.984431,536,0,POINT (291.84462451494574 169.60960011210287),0.024238093949144283,291.84462451494574,169.60960011210287
2025-09-02 13:57:54.984431,537,0,POINT (291.85039938947443 169.63023586884248),0.02142857046185031,291.85039938947443,169.63023586884248
2025-09-02 13:57:55.984431,538,0,POINT (291.8564437581599 169.65183462760672),0.022428570461844263,291.8564437581599,169.65183462760672
2025-09-02 13:57:56.984431,539,0,POINT (291.86185289068374 169.67116345325994),0.02007142784638898,291.86185289068374,169.67116345325994
2025-09-02 13:57:57.984431,540,0,POINT (291.86724531050004 169.68865466578677),0.01830357088478,291.86724531050004,169.68865466578677
2025-09-02 13:57:58.984431,541,0,POINT (291.8722471087142 169.70487883203504),0.01697767816358933,291.8722471087142,169.70487883203504
2025-09-02 13:57:59.984431,542,0,POINT (291.87695594072676 169.72015271357438),0.015983258622711487,291.87695594072676,169.72015271357438
2025-09-02 13:58:00.984431,543,0,POINT (291.8814450480881 169.734713881582),0.015237443967006596,291.8814450480881,169.734713881582
2025-09-02 13:58:01.984431,544,0,POINT (291.88622876571156 169.7502306670829),0.016237443967010014,291.88622876571156,169.7502306670829
2025-09-02 13:58:02.984431,545,0,POINT (291.89058028044855 169.76313546882326),0.013618721983526328,291.89058028044855,169.76313546882326
2025-09-02 13:58:03.984431,546,0,POINT (291.89488237098413 169.77589369872416),0.013464041487626557,291.89488237098413,169.77589369872416
2025-09-02 13:58:04.984431,547,0,POINT (291.89914739336876 169.78854199974546),0.013348031115742438,291.89914739336876,169.78854199974546
2025-09-02 13:58:05.984431,548,0,POINT (291.9030372890706 169.80007782941792),0.012174015557859007,291.9030372890706,169.80007782941792
2025-09-02 13:58:06.984431,549,0,POINT (291.9070257649987 169.8109567452205),0.011587007778918326,291.9070257649987,169.8109567452205
2025-09-02 13:58:07.984431,550,0,POINT (291.9109132111165 169.82156009340787),0.011293503889470662,291.9109132111165,169.82156009340787
2025-09-02 13:58:08.984431,551,0,POINT (291.91455277504446 169.83148732131235),0.010573375972374325,291.91455277504446,169.83148732131235
2025-09-02 13:58:09.984431,552,0,POINT (291.9179949716876 169.84087621274156),0.009999999999985814,291.9179949716876,169.84087621274156
2025-09-02 13:58:10.984431,553,0,POINT (291.9216817613016 169.85017178062859),0.0100000000000049,291.9216817613016,169.85017178062859
2025-09-02 13:58:11.984431,554,0,POINT (291.9253685509156 169.8594673485156),0.0100000000000049,291.9253685509156,169.8594673485156
2025-09-02 13:58:12.984431,555,0,POINT (291.9290553405296 169.86876291640263),0.0100000000000049,291.9290553405296,169.86876291640263
2025-09-02 13:58:13.984431,556,0,POINT (291.93298419637296 169.87795879002954),0.009999999999996305,291.93298419637296,169.87795879002954
2025-09-02 13:58:14.984431,557,0,POINT (291.9369130522163 169.88715466365645),0.009999999999996305,291.9369130522163,169.88715466365645
2025-09-02 13:58:15.984431,558,0,POINT (291.9410812816474 169.89624454063082),0.009999999999981643,291.9410812816474,169.89624454063082
2025-09-02 13:58:16.984431,559,0,POINT (291.9454860279701 169.90522219120504),0.009999999999999934,291.9454860279701,169.90522219120504
2025-09-02 13:58:17.984431,560,0,POINT (291.9498907742928 169.91419984177926),0.009999999999999934,291.9498907742928,169.91419984177926
2025-09-02 13:58:18.984431,561,0,POINT (291.9545290187139 169.92305911312005),0.009999999999987427,291.9545290187139,169.92305911312005
2025-09-02 13:58:19.984431,562,0,POINT (291.95939758241246 169.93179393352537),0.010000000000004635,291.95939758241246,169.93179393352537
2025-09-02 13:58:20.984431,563,0,POINT (291.96449312871806 169.9403983165856),0.009999999999983442,291.96449312871806,169.9403983165856
2025-09-02 13:58:21.984431,564,0,POINT (291.9698121653978 169.94886636528642),0.00999999999999213,291.9698121653978,169.94886636528642
2025-09-02 13:58:22.984431,565,0,POINT (291.9753510470496 169.95719227605022),0.009999999999988294,291.9753510470496,169.95719227605022
2025-09-02 13:58:23.984431,566,0,POINT (291.9813180823581 169.96521689377494),0.010000000000009784,291.9813180823581,169.96521689377494
2025-09-02 13:58:24.984431,567,0,POINT (291.98769691609414 169.97291822354114),0.010000000000001645,291.98769691609414,169.97291822354114
2025-09-02 13:58:25.984431,568,0,POINT (291.9936639514026 169.98094284126586),0.010000000000009784,291.9936639514026,169.98094284126586
2025-09-02 13:58:26.984431,569,0,POINT (292.00004278513865 169.98864417103206),0.010000000000001645,292.00004278513865,169.98864417103206
2025-09-02 13:58:27.984431,570,0,POINT (292.0060098204471 169.99666878875678),0.010000000000009784,292.0060098204471,169.99666878875678
2025-09-02 13:58:28.984431,571,0,POINT (292.01238865418316 170.00437011852298),0.010000000000001645,292.01238865418316,170.00437011852298
2025-09-02 13:58:29.984431,572,0,POINT (292.0191618024069 170.01172705152112),0.01000000000001181,292.0191618024069,170.01172705152112
2025-09-02 13:58:30.984431,573,0,POINT (292.0263107003899 170.0187194229092),0.009999999999979178,292.0263107003899,170.0187194229092
2025-09-02 13:58:31.984431,574,0,POINT (292.03381575349965 170.02532806708328),0.009999999999999804,292.03381575349965,170.02532806708328
2025-09-02 13:58:32.984431,575,0,POINT (292.0416563909073 170.03153487020904),0.0100000000000033,292.0416563909073,170.03153487020904
2025-09-02 13:58:33.984431,576,0,POINT (292.04981112197066 170.03732281987055),0.010000000000004085,292.04981112197066,170.03732281987055
2025-09-02 13:58:34.984431,577,0,POINT (292.05825759513874 170.0426760517001),0.010000000000003716,292.05825759513874,170.0426760517001
2025-09-02 13:58:35.984431,578,0,POINT (292.0669726592157 170.04757989286136),0.01000000000002072,292.0669726592157,170.04757989286136
2025-09-02 13:58:36.984431,579,0,POINT (292.0759324268167 170.05202090226655),0.01000000000001652,292.0759324268167,170.05202090226655
2025-09-02 13:58:37.984431,580,0,POINT (292.08511233984143 170.05598690741758),0.009999999999999946,292.08511233984143,170.05598690741758
2025-09-02 13:58:38.984431,581,0,POINT (292.09448723678645 170.05946703777002),0.009999999999986077,292.09448723678645,170.05946703777002
2025-09-02 13:58:39.984431,582,0,POINT (292.1040314217109 170.06245175452847),0.01000000000000015,292.1040314217109,170.06245175452847
2025-09-02 13:58:40.984431,583,0,POINT (292.11371873466726 170.06493287679174),0.01000000000000214,292.11371873466726,170.06493287679174
2025-09-02 13:58:41.984431,584,0,POINT (292.1235226234041 170.0669036039762),0.009999999999978347,292.1235226234041,170.0669036039762
2025-09-02 13:58:42.984431,585,0,POINT (292.1334162161438 170.06835853445557),0.009999999999973051,292.1334162161438,170.06835853445557
2025-09-02 13:58:43.984431,586,0,POINT (292.1433723952365 170.0692936803666),0.010000000000024394,292.1433723952365,170.0692936803666
2025-09-02 13:58:44.984431,587,0,POINT (292.1533638714872 170.0697064785393),0.010000000000002748,292.1533638714872,170.0697064785393
2025-09-02 13:58:45.984431,588,0,POINT (292.16336325895406 170.0695957975226),0.009999999999981286,292.16336325895406,170.0695957975226
2025-09-02 13:58:46.984431,589,0,POINT (292.1733431500111 170.06896194068545),0.009999999999993242,292.1733431500111,170.06896194068545
2025-09-02 13:58:47.984431,590,0,POINT (292.18327619047056 170.06780664538542),0.010000000000004351,292.18327619047056,170.06780664538542
2025-09-02 13:58:48.984431,591,0,POINT (292.19313515455906 170.0661330782066),0.01000000000001051,292.19313515455906,170.0661330782066
2025-09-02 13:58:49.984431,592,0,POINT (292.20289301954125 170.0639458262803),0.009999999999989125,292.20289301954125,170.0639458262803
2025-09-02 13:58:50.984431,593,0,POINT (292.2125230397875 170.06125088471202),0.010000000000007357,292.2125230397875,170.06125088471202
2025-09-02 13:58:51.984431,594,0,POINT (292.22199882008175 170.05805564014926),0.0100000000000129,292.22199882008175,170.05805564014926
2025-09-02 13:58:52.984431,595,0,POINT (292.2312943879688 170.05436885053527),0.0100000000000049,292.2312943879688,170.05436885053527
2025-09-02 13:58:53.984431,596,0,POINT (292.24038426494315 170.05020062110412),0.00999999999999349,292.24038426494315,170.05020062110412
2025-09-02 13:58:54.984431,597,0,POINT (292.2492435362839 170.04556237668297),0.010000000000000609,292.2492435362839,170.04556237668297
2025-09-02 13:58:55.984431,598,0,POINT (292.25784791934416 170.04046683037737),0.009999999999983442,292.25784791934416,170.04046683037737
2025-09-02 13:58:56.984431,599,0,POINT (292.26617383010796 170.03492794872554),0.009999999999988294,292.26617383010796,170.03492794872554
2025-09-02 13:58:57.984431,600,0,POINT (292.27419844783265 170.02896091341708),0.009999999999986978,292.27419844783265,170.02896091341708
2025-09-02 13:58:58.984431,601,0,POINT (292.2818997775989 170.02258207968103),0.010000000000023533,292.2818997775989,170.02258207968103
2025-09-02 13:58:59.984431,602,0,POINT (292.289256710597 170.01580893145726),0.009999999999990902,292.289256710597,170.01580893145726
2025-09-02 13:59:00.984431,603,0,POINT (292.2962490819851 170.00866003347426),0.010000000000019372,292.2962490819851,170.00866003347426
2025-09-02 13:59:01.984431,604,0,POINT (292.3028577261592 170.0011549803645),0.009999999999999804,292.3028577261592,170.0011549803645
2025-09-02 13:59:02.984431,605,0,POINT (292.30906452928497 169.99331434295686),0.010000000000020942,292.30906452928497,169.99331434295686
2025-09-02 13:59:03.984431,606,0,POINT (292.3148524789465 169.9851596118935),0.010000000000004085,292.3148524789465,169.9851596118935
2025-09-02 13:59:04.984431,607,0,POINT (292.32020571077607 169.97671313872542),0.010000000000018931,292.32020571077607,169.97671313872542
2025-09-02 13:59:05.984431,608,0,POINT (292.3251095519373 169.96799807464848),0.00999999999999595,292.3251095519373,169.96799807464848
2025-09-02 13:59:06.984431,609,0,POINT (292.3295505613425 169.95903830704754),0.009999999999991054,292.3295505613425,169.95903830704754
2025-09-02 13:59:07.984431,610,0,POINT (292.33351656649353 169.94985839402278),0.009999999999999946,292.33351656649353,169.94985839402278
2025-09-02 13:59:08.984431,611,0,POINT (292.336996696846 169.94048349707774),0.010000000000012723,292.336996696846,169.94048349707774
2025-09-02 13:59:09.984431,612,0,POINT (292.3399814136044 169.9309393121533),0.009999999999991665,292.3399814136044,169.9309393121533
2025-09-02 13:59:10.984431,613,0,POINT (292.3424625358677 169.92125199919693),0.010000000000009193,292.3424625358677,169.92125199919693
2025-09-02 13:59:11.984431,614,0,POINT (292.34443326305217 169.91144811046007),0.010000000000011814,292.34443326305217,169.91144811046007
2025-09-02 13:59:12.984431,615,0,POINT (292.34588819353155 169.9015545177203),0.010000000000001171,292.34588819353155,169.9015545177203
2025-09-02 13:59:13.984431,616,0,POINT (292.34682333944255 169.89159833862766),0.00999999999999344,292.34682333944255,169.89159833862766
2025-09-02 13:59:14.984431,617,0,POINT (292.34723613761525 169.88160686237694),0.010000000000002748,292.34723613761525,169.88160686237694
2025-09-02 13:59:15.984431,618,0,POINT (292.3471254565986 169.87160747491006),0.010000000000009392,292.3471254565986,169.87160747491006
2025-09-02 13:59:16.984431,619,0,POINT (292.34649159976146 169.86162758385305),0.00999999999999144,292.34649159976146,169.86162758385305
2025-09-02 13:59:17.984431,620,0,POINT (292.34533630446145 169.85169454339356),0.010000000000001067,292.34533630446145,169.85169454339356
2025-09-02 13:59:18.984431,621,0,POINT (292.3436627372826 169.84183557930507),0.010000000000015266,292.3436627372826,169.84183557930507
2025-09-02 13:59:19.984431,622,0,POINT (292.3414754853563 169.83207771432288),0.009999999999995342,292.3414754853563,169.83207771432288
2025-09-02 13:59:20.984431,623,0,POINT (292.338780543788 169.8224476940766),0.010000000000007357,292.338780543788,169.8224476940766
2025-09-02 13:59:21.984431,624,0,POINT (292.3355852992252 169.81297191378238),0.010000000000021981,292.3355852992252,169.81297191378238
2025-09-02 13:59:22.984431,625,0,POINT (292.3318985096112 169.80367634589535),0.0100000000000049,292.3318985096112,169.80367634589535
2025-09-02 13:59:23.984431,626,0,POINT (292.3277302801801 169.79458646892098),0.009999999999981643,292.3277302801801,169.79458646892098
2025-09-02 13:59:24.984431,627,0,POINT (292.323092035759 169.7857271975802),0.009999999999987427,292.323092035759,169.7857271975802
2025-09-02 13:59:25.984431,628,0,POINT (292.3179964894534 169.77712281451997),0.009999999999983442,292.3179964894534,169.77712281451997
2025-09-02 13:59:26.984431,629,0,POINT (292.31245760780155 169.76879690375614),0.010000000000011958,292.31245760780155,169.76879690375614
2025-09-02 13:59:27.984431,630,0,POINT (292.3064905724931 169.76077228603143),0.010000000000009784,292.3064905724931,169.76077228603143
2025-09-02 13:59:28.984431,631,0,POINT (292.30011173875704 169.75307095626522),0.010000000000001645,292.30011173875704,169.75307095626522
2025-09-02 13:59:29.984431,632,0,POINT (292.29333859053327 169.74571402326708),0.01000000000001181,292.29333859053327,169.74571402326708
2025-09-02 13:59:30.984431,633,0,POINT (292.2861896925503 169.73872165187902),0.009999999999979178,292.2861896925503,169.73872165187902
2025-09-02 13:59:31.984431,634,0,POINT (292.27868463944054 169.73211300770492),0.009999999999999804,292.27868463944054,169.73211300770492
2025-09-02 13:59:32.984431,635,0,POINT (292.2708440020329 169.72590620457916),0.0100000000000033,292.2708440020329,169.72590620457916
2025-09-02 13:59:33.984431,636,0,POINT (292.26268927096953 169.72011825491765),0.010000000000004085,292.26268927096953,169.72011825491765
2025-09-02 13:59:34.984431,637,0,POINT (292.25424279780145 169.7147650230881),0.010000000000003716,292.25424279780145,169.7147650230881
2025-09-02 13:59:35.984431,638,0,POINT (292.2455277337245 169.70986118192684),0.01000000000002072,292.2455277337245,169.70986118192684
2025-09-02 13:59:36.984431,639,0,POINT (292.23589598355346 169.70508709681627),0.010749999999999314,292.23589598355346,169.70508709681627
2025-09-02 13:59:37.984431,640,0,POINT (292.2255112069442 169.70060055348915),0.011312500000025573,292.2255112069442,169.70060055348915
2025-09-02 13:59:38.984431,641,0,POINT (292.21451035131025 169.6965168380287),0.01173437499999785,292.21451035131025,169.6965168380287
2025-09-02 13:59:39.984431,642,0,POINT (292.20300886283684 169.69292002115378),0.012050781250021276,292.20300886283684,169.69292002115378
2025-09-02 13:59:40.984431,643,0,POINT (292.1911050094257 169.6898711967945),0.01228808593749516,292.1911050094257,169.6898711967945
2025-09-02 13:59:41.984431,644,0,POINT (292.1788834185372 169.68741447558443),0.01246606445313052,292.1788834185372,169.68741447558443
2025-09-02 13:59:42.984431,645,0,POINT (292.1664179385393 169.68558132889382),0.012599548339815688,292.1664179385393,169.68558132889382
2025-09-02 13:59:43.984431,646,0,POINT (292.15377392835234 169.68439372526444),0.012699661254899103,292.15377392835234,169.68439372526444
2025-09-02 13:59:44.984431,647,0,POINT (292.1410100712843 169.6838663860863),0.012774745941181718,292.1410100712843,169.6838663860863
2025-09-02 13:59:45.984431,648,0,POINT (292.127236169092 169.68401884637484),0.013774745941154954,292.127236169092,169.68401884637484
2025-09-02 13:59:46.984431,649,0,POINT (292.11368241971115 169.684879691114),0.013581059455850681,292.11368241971115,169.684879691114
2025-09-02 13:59:47.984431,650,0,POINT (292.10033659058246 169.68643192214842),0.013435794591931267,292.10033659058246,169.68643192214842
2025-09-02 13:59:48.984431,651,0,POINT (292.08719770102505 169.6886622593453),0.013326845943945972,292.08719770102505,169.6886622593453
2025-09-02 13:59:49.984431,652,0,POINT (292.0742732776539 169.69155930393103),0.01324513445791667,292.0742732776539,169.69155930393103
2025-09-02 13:59:50.984431,653,0,POINT (292.06157720259927 169.69511227469786),0.013183850843470754,292.06157720259927,169.69511227469786
2025-09-02 13:59:51.984431,654,0,POINT (292.04912802845183 169.69931015126005),0.013137888132592477,292.04912802845183,169.69931015126005
2025-09-02 13:59:52.984431,655,0,POINT (292.0369476590614 169.70414110509836),0.013103416099436552,292.0369476590614,169.70414110509836
2025-09-02 13:59:53.984431,656,0,POINT (292.02506031602314 169.70959213301103),0.013077562074567402,292.02506031602314,169.70959213301103
2025-09-02 13:59:54.984431,657,0,POINT (292.01349172752026 169.71564883214802),0.013058171555966471,292.01349172752026,169.71564883214802
2025-09-02 13:59:55.984431,658,0,POINT (292.00226848976564 169.72229527353457),0.013043628666961947,292.00226848976564,169.72229527353457
2025-09-02 13:59:56.984431,659,0,POINT (291.99141756214357 169.72951394373368),0.013032721500245623,291.99141756214357,169.72951394373368
2025-09-02 13:59:57.984431,660,0,POINT (291.98177489199736 169.73668414862118),0.012016360750130869,291.98177489199736,169.73668414862118
2025-09-02 13:59:58.984431,661,0,POINT (291.9723313130689 169.7445060471357),0.01226227056258176,291.9723313130689,169.7445060471357
2025-09-02 13:59:59.984431,662,0,POINT (291.96317435712444 169.75293638351442),0.012446702921927491,291.96317435712444,169.75293638351442
2025-09-02 14:00:00.984431,663,0,POINT (291.9549769543916 169.76131728787576),0.011723351460996127,291.9549769543916,169.76131728787576
2025-09-02 14:00:01.984431,664,0,POINT (291.9474684271792 169.76984428585308),0.011361675730481318,291.9474684271792,169.76984428585308
2025-09-02 14:00:02.984431,665,0,POINT (291.9405287012381 169.77861077541456),0.011180837865252102,291.9405287012381,169.77861077541456
2025-09-02 14:00:03.984431,666,0,POINT (291.9341096225874 169.7876547137921),0.011090418932610497,291.9341096225874,169.7876547137921
2025-09-02 14:00:04.984431,667,0,POINT (291.9281968658995 169.7969840203314),0.01104520946629489,291.9281968658995,169.7969840203314
2025-09-02 14:00:05.984431,668,0,POINT (291.9230422901791 169.80614468769707),0.01051130236658318,291.9230422901791,169.80614468769707
2025-09-02 14:00:06.984431,669,0,POINT (291.91843348807333 169.8154429782475),0.010377825591633496,291.91843348807333,169.8154429782475
2025-09-02 14:00:07.984431,670,0,POINT (291.9144674829223 169.82462289127224),0.009999999999999946,291.9144674829223,169.82462289127224
2025-09-02 14:00:08.984431,671,0,POINT (291.91098735256986 169.8339977882173),0.010000000000012723,291.91098735256986,169.8339977882173
2025-09-02 14:00:09.984431,672,0,POINT (291.90800263581144 169.84354197314173),0.009999999999991665,291.90800263581144,169.84354197314173
2025-09-02 14:00:10.984431,673,0,POINT (291.90552151354814 169.8532292860981),0.010000000000009193,291.90552151354814,169.8532292860981
2025-09-02 14:00:11.984431,674,0,POINT (291.90355078636367 169.86303317483495),0.010000000000011814,291.90355078636367,169.86303317483495
2025-09-02 14:00:12.984431,675,0,POINT (291.9020958558843 169.8729267675747),0.010000000000001171,291.9020958558843,169.8729267675747
2025-09-02 14:00:13.984431,676,0,POINT (291.9011607099733 169.88288294666737),0.00999999999999344,291.9011607099733,169.88288294666737
2025-09-02 14:00:14.984431,677,0,POINT (291.9007479118006 169.89287442291808),0.010000000000002748,291.9007479118006,169.89287442291808
2025-09-02 14:00:15.984431,678,0,POINT (291.90085859281726 169.90287381038496),0.010000000000009392,291.90085859281726,169.90287381038496
2025-09-02 14:00:16.984431,679,0,POINT (291.90149244965437 169.91285370144197),0.00999999999999144,291.90149244965437,169.91285370144197
2025-09-02 14:00:17.984431,680,0,POINT (291.9026477449544 169.92278674190146),0.010000000000001067,291.9026477449544,169.92278674190146
2025-09-02 14:00:18.984431,681,0,POINT (291.9043213121332 169.93264570598996),0.010000000000015266,291.9043213121332,169.93264570598996
2025-09-02 14:00:19.984431,682,0,POINT (291.90650856405955 169.94240357097215),0.009999999999995342,291.90650856405955,169.94240357097215
2025-09-02 14:00:20.984431,683,0,POINT (291.90920350562783 169.95203359121842),0.010000000000007357,291.90920350562783,169.95203359121842
2025-09-02 14:00:21.984431,684,0,POINT (291.9123987501906 169.96150937151265),0.010000000000021981,291.9123987501906,169.96150937151265
2025-09-02 14:00:22.984431,685,0,POINT (291.9160855398046 169.97080493939967),0.0100000000000049,291.9160855398046,169.97080493939967
2025-09-02 14:00:23.984431,686,0,POINT (291.9202537692357 169.97989481637404),0.009999999999981643,291.9202537692357,169.97989481637404
2025-09-02 14:00:24.984431,687,0,POINT (291.92489201365686 169.98875408771482),0.009999999999987427,291.92489201365686,169.98875408771482
2025-09-02 14:00:25.984431,688,0,POINT (291.92998755996246 169.99735847077505),0.009999999999983442,291.92998755996246,169.99735847077505
2025-09-02 14:00:26.984431,689,0,POINT (291.9355264416143 170.00568438153886),0.009999999999988294,291.9355264416143,170.00568438153886
2025-09-02 14:00:27.984431,690,0,POINT (291.94149347692274 170.01370899926357),0.010000000000009784,291.94149347692274,170.01370899926357
2025-09-02 14:00:28.984431,691,0,POINT (291.9478723106588 170.02141032902978),0.010000000000001645,291.9478723106588,170.02141032902978
2025-09-02 14:00:29.984431,692,0,POINT (291.95464545888257 170.0287672620279),0.01000000000001181,291.95464545888257,170.0287672620279
2025-09-02 14:00:30.984431,693,0,POINT (291.96179435686554 170.03575963341598),0.009999999999979178,291.96179435686554,170.03575963341598
2025-09-02 14:00:31.984431,694,0,POINT (291.9692994099753 170.04236827759007),0.009999999999999804,291.9692994099753,170.04236827759007
2025-09-02 14:00:32.984431,695,0,POINT (291.97714004738293 170.04857508071584),0.0100000000000033,291.97714004738293,170.04857508071584
2025-09-02 14:00:33.984431,696,0,POINT (291.9852947784463 170.05436303037735),0.010000000000004085,291.9852947784463,170.05436303037735
2025-09-02 14:00:34.984431,697,0,POINT (291.9937412516144 170.0597162622069),0.010000000000003716,291.9937412516144,170.0597162622069
2025-09-02 14:00:35.984431,698,0,POINT (292.00245631569135 170.06462010336816),0.01000000000002072,292.00245631569135,170.06462010336816
2025-09-02 14:00:36.984431,699,0,POINT (292.0114160832923 170.06906111277334),0.01000000000001652,292.0114160832923,170.06906111277334
2025-09-02 14:00:37.984431,700,0,POINT (292.02059599631707 170.07302711792437),0.009999999999999946,292.02059599631707,170.07302711792437
2025-09-02 14:00:38.984431,701,0,POINT (292.0299708932621 170.0765072482768),0.009999999999986077,292.0299708932621,170.0765072482768
2025-09-02 14:00:39.984431,702,0,POINT (292.0395150781865 170.07949196503526),0.01000000000000015,292.0395150781865,170.07949196503526
2025-09-02 14:00:40.984431,703,0,POINT (292.0492023911429 170.08197308729854),0.01000000000000214,292.0492023911429,170.08197308729854
2025-09-02 14:00:41.984431,704,0,POINT (292.0590062798797 170.08394381448298),0.009999999999978347,292.0590062798797,170.08394381448298
2025-09-02 14:00:42.984431,705,0,POINT (292.06889987261945 170.08539874496236),0.009999999999973051,292.06889987261945,170.08539874496236
2025-09-02 14:00:43.984431,706,0,POINT (292.07885605171214 170.0863338908734),0.010000000000024394,292.07885605171214,170.0863338908734
2025-09-02 14:00:44.984431,707,0,POINT (292.08884752796286 170.0867466890461),0.010000000000002748,292.08884752796286,170.0867466890461
2025-09-02 14:00:45.984431,708,0,POINT (292.0988469154297 170.0866360080294),0.009999999999981286,292.0988469154297,170.0866360080294
2025-09-02 14:00:46.984431,709,0,POINT (292.1088268064867 170.08600215119225),0.009999999999993242,292.1088268064867,170.08600215119225
2025-09-02 14:00:47.984431,710,0,POINT (292.1187598469462 170.0848468558922),0.010000000000004351,292.1187598469462,170.0848468558922
2025-09-02 14:00:48.984431,711,0,POINT (292.1286188110347 170.0831732887134),0.01000000000001051,292.1286188110347,170.0831732887134
2025-09-02 14:00:49.984431,712,0,POINT (292.1383766760169 170.0809860367871),0.009999999999989125,292.1383766760169,170.0809860367871
2025-09-02 14:00:50.984431,713,0,POINT (292.14800669626317 170.07829109521882),0.010000000000007357,292.14800669626317,170.07829109521882
2025-09-02 14:00:51.984431,714,0,POINT (292.1574824765574 170.07509585065606),0.0100000000000129,292.1574824765574,170.07509585065606
2025-09-02 14:00:52.984431,715,0,POINT (292.1667780444444 170.07140906104206),0.0100000000000049,292.1667780444444,170.07140906104206
2025-09-02 14:00:53.984431,716,0,POINT (292.1758679214188 170.06724083161092),0.00999999999999349,292.1758679214188,170.06724083161092
2025-09-02 14:00:54.984431,717,0,POINT (292.18472719275957 170.06260258718976),0.010000000000000609,292.18472719275957,170.06260258718976
2025-09-02 14:00:55.984431,718,0,POINT (292.1933315758198 170.05750704088416),0.009999999999983442,292.1933315758198,170.05750704088416
2025-09-02 14:00:56.984431,719,0,POINT (292.2016574865836 170.05196815923233),0.009999999999988294,292.2016574865836,170.05196815923233
2025-09-02 14:00:57.984431,720,0,POINT (292.2096821043083 170.04600112392387),0.009999999999986978,292.2096821043083,170.04600112392387
2025-09-02 14:00:58.984431,721,0,POINT (292.2173834340745 170.03962229018782),0.010000000000023533,292.2173834340745,170.03962229018782
2025-09-02 14:00:59.984431,722,0,POINT (292.2247403670726 170.03284914196405),0.009999999999990902,292.2247403670726,170.03284914196405
2025-09-02 14:01:00.984431,723,0,POINT (292.2317327384607 170.02570024398105),0.010000000000019372,292.2317327384607,170.02570024398105
2025-09-02 14:01:01.984431,724,0,POINT (292.2383413826348 170.0181951908713),0.009999999999999804,292.2383413826348,170.0181951908713
2025-09-02 14:01:02.984431,725,0,POINT (292.2445481857606 170.01035455346366),0.010000000000020942,292.2445481857606,170.01035455346366
2025-09-02 14:01:03.984431,726,0,POINT (292.2503361354221 170.00219982240029),0.010000000000004085,292.2503361354221,170.00219982240029
2025-09-02 14:01:04.984431,727,0,POINT (292.2556893672517 169.9937533492322),0.010000000000018931,292.2556893672517,169.9937533492322
2025-09-02 14:01:05.984431,728,0,POINT (292.26059320841296 169.98503828515527),0.00999999999999595,292.26059320841296,169.98503828515527
2025-09-02 14:01:06.984431,729,0,POINT (292.26503421781814 169.97607851755433),0.009999999999991054,292.26503421781814,169.97607851755433
2025-09-02 14:01:07.984431,730,0,POINT (292.26900022296917 169.96689860452958),0.009999999999999946,292.26900022296917,169.96689860452958
2025-09-02 14:01:08.984431,731,0,POINT (292.2724803533216 169.95752370758453),0.010000000000012723,292.2724803533216,169.95752370758453
2025-09-02 14:01:09.984431,732,0,POINT (292.27546507008003 169.9479795226601),0.009999999999991665,292.27546507008003,169.9479795226601
2025-09-02 14:01:10.984431,733,0,POINT (292.27794619234334 169.93829220970372),0.010000000000009193,292.27794619234334,169.93829220970372
2025-09-02 14:01:11.984431,734,0,POINT (292.2799169195278 169.92848832096686),0.010000000000011814,292.2799169195278,169.92848832096686
2025-09-02 14:01:12.984431,735,0,POINT (292.2813718500072 169.9185947282271),0.010000000000001171,292.2813718500072,169.9185947282271
2025-09-02 14:01:13.984431,736,0,POINT (292.2823069959182 169.90863854913445),0.00999999999999344,292.2823069959182,169.90863854913445
2025-09-02 14:01:14.984431,737,0,POINT (292.2827197940909 169.89864707288373),0.010000000000002748,292.2827197940909,169.89864707288373
2025-09-02 14:01:15.984431,738,0,POINT (292.2826091130742 169.88864768541686),0.010000000000009392,292.2826091130742,169.88864768541686
2025-09-02 14:01:16.984431,739,0,POINT (292.2819752562371 169.87866779435984),0.00999999999999144,292.2819752562371,169.87866779435984
2025-09-02 14:01:17.984431,740,0,POINT (292.2808199609371 169.86873475390036),0.010000000000001067,292.2808199609371,169.86873475390036
2025-09-02 14:01:18.984431,741,0,POINT (292.27914639375825 169.85887578981186),0.010000000000015266,292.27914639375825,169.85887578981186
2025-09-02 14:01:19.984431,742,0,POINT (292.2769591418319 169.84911792482967),0.009999999999995342,292.2769591418319,169.84911792482967
2025-09-02 14:01:20.984431,743,0,POINT (292.27426420026364 169.8394879045834),0.010000000000007357,292.27426420026364,169.8394879045834
2025-09-02 14:01:21.984431,744,0,POINT (292.27106895570085 169.83001212428917),0.010000000000021981,292.27106895570085,169.83001212428917
2025-09-02 14:01:22.984431,745,0,POINT (292.26738216608686 169.82071655640215),0.0100000000000049,292.26738216608686,169.82071655640215
2025-09-02 14:01:23.984431,746,0,POINT (292.26321393665575 169.81162667942777),0.009999999999981643,292.26321393665575,169.81162667942777
2025-09-02 14:01:24.984431,747,0,POINT (292.2585756922346 169.802767408087),0.009999999999987427,292.2585756922346,169.802767408087
2025-09-02 14:01:25.984431,748,0,POINT (292.253480145929 169.79416302502676),0.009999999999983442,292.253480145929,169.79416302502676
2025-09-02 14:01:26.984431,749,0,POINT (292.2479412642772 169.78583711426296),0.009999999999988294,292.2479412642772,169.78583711426296
2025-09-02 14:01:27.984431,750,0,POINT (292.24197422896873 169.77781249653825),0.010000000000009784,292.24197422896873,169.77781249653825
2025-09-02 14:01:28.984431,751,0,POINT (292.2355953952327 169.77011116677204),0.010000000000001645,292.2355953952327,169.77011116677204
2025-09-02 14:01:29.984431,752,0,POINT (292.2288222470089 169.7627542337739),0.01000000000001181,292.2288222470089,169.7627542337739
2025-09-02 14:01:30.984431,753,0,POINT (292.22167334902593 169.75576186238584),0.009999999999979178,292.22167334902593,169.75576186238584
2025-09-02 14:01:31.984431,754,0,POINT (292.2141682959162 169.74915321821175),0.009999999999999804,292.2141682959162,169.74915321821175
2025-09-02 14:01:32.984431,755,0,POINT (292.20632765850854 169.74294641508598),0.0100000000000033,292.20632765850854,169.74294641508598
2025-09-02 14:01:33.984431,756,0,POINT (292.19817292744517 169.73715846542447),0.010000000000004085,292.19817292744517,169.73715846542447
2025-09-02 14:01:34.984431,757,0,POINT (292.1897264542771 169.7318052335949),0.010000000000003716,292.1897264542771,169.7318052335949
2025-09-02 14:01:35.984431,758,0,POINT (292.1810113902001 169.72690139243366),0.01000000000002072,292.1810113902001,169.72690139243366
2025-09-02 14:01:36.984431,759,0,POINT (292.17205162259916 169.72246038302848),0.01000000000001652,292.17205162259916,169.72246038302848
2025-09-02 14:01:37.984431,760,0,POINT (292.1628717095744 169.71849437787745),0.009999999999999946,292.1628717095744,169.71849437787745
2025-09-02 14:01:38.984431,761,0,POINT (292.1534968126294 169.715014247525),0.009999999999986077,292.1534968126294,169.715014247525
2025-09-02 14:01:39.984431,762,0,POINT (292.14395262770495 169.71202953076656),0.01000000000000015,292.14395262770495,169.71202953076656
2025-09-02 14:01:40.984431,763,0,POINT (292.1342653147486 169.70954840850328),0.01000000000000214,292.1342653147486,169.70954840850328
2025-09-02 14:01:41.984431,764,0,POINT (292.12446142601175 169.70757768131884),0.009999999999978347,292.12446142601175,169.70757768131884
2025-09-02 14:01:42.984431,765,0,POINT (292.114567833272 169.70612275083946),0.009999999999973051,292.114567833272,169.70612275083946
2025-09-02 14:01:43.984431,766,0,POINT (292.10461165417934 169.70518760492843),0.010000000000024394,292.10461165417934,169.70518760492843
2025-09-02 14:01:44.984431,767,0,POINT (292.0946201779286 169.70477480675572),0.010000000000002748,292.0946201779286,169.70477480675572
2025-09-02 14:01:45.984431,768,0,POINT (292.08462079046177 169.70488548777243),0.009999999999981286,292.08462079046177,169.70488548777243
2025-09-02 14:01:46.984431,769,0,POINT (292.0743914021283 169.7055351910305),0.010250000000023867,292.0743914021283,169.7055351910305
2025-09-02 14:01:47.984431,770,0,POINT (292.0638375466401 169.7067626922868),0.010624999999984064,292.0638375466401,169.7067626922868
2025-09-02 14:01:48.984431,771,0,POINT (292.05317754171944 169.7085722367989),0.010812500000009198,292.05317754171944,169.7085722367989
2025-09-02 14:01:49.984431,772,0,POINT (292.0425353702232 169.710957708431),0.010906250000001125,292.0425353702232,169.710957708431
2025-09-02 14:01:50.984431,773,0,POINT (292.03198748867226 169.71390951161754),0.010953124999979262,292.03198748867226,169.71390951161754
2025-09-02 14:01:51.984431,774,0,POINT (292.0215863392087 169.71741679178214),0.010976562500009864,292.0215863392087,169.71741679178214
2025-09-02 14:01:52.984431,775,0,POINT (292.0113721077766 169.72146793990095),0.010988281249983283,292.0113721077766,169.72146793990095
2025-09-02 14:01:53.984431,776,0,POINT (292.0013785692046 169.72605054995327),0.010994140624991516,292.0013785692046,169.72605054995327
2025-09-02 14:01:54.984431,777,0,POINT (291.99163596621935 169.73115125995588),0.010997070312518122,291.99163596621935,169.73115125995588
2025-09-02 14:01:55.984431,778,0,POINT (291.98217240526077 169.73675561447413),0.010998535156239189,291.98217240526077,169.73675561447413
2025-09-02 14:01:56.984431,779,0,POINT (291.97301451322846 169.74284797861134),0.010999267578145676,291.97301451322846,169.74284797861134
2025-09-02 14:01:57.984431,780,0,POINT (291.96418772760154 169.74941149893127),0.010999633789075522,291.96418772760154,169.74941149893127
2025-09-02 14:01:58.984431,781,0,POINT (291.9557164058743 169.756428099241),0.010999816894527375,291.9557164058743,169.756428099241
2025-09-02 14:01:59.984431,782,0,POINT (291.9476238469311 169.76387850027712),0.010999908447258932,291.9476238469311,169.76387850027712
2025-09-02 14:02:00.984431,783,0,POINT (291.9399322704127 169.77174225533335),0.01099995422364913,291.9399322704127,169.77174225533335
2025-09-02 14:02:01.984431,784,0,POINT (291.9329932015929 169.77962255250975),0.010499988555914812,291.9329932015929,169.77962255250975
2025-09-02 14:02:02.984431,785,0,POINT (291.92632089178426 169.7880512332365),0.010749994277966426,291.92632089178426,169.7880512332365
2025-09-02 14:02:03.984431,786,0,POINT (291.920279720153 169.79656273261733),0.010437498569483016,291.920279720153,169.79656273261733
2025-09-02 14:02:04.984431,787,0,POINT (291.91473410674604 169.8053127506128),0.01035937464236756,291.91473410674604,169.8053127506128
2025-09-02 14:02:05.984431,788,0,POINT (291.9098302655848 169.81402781468975),0.00999999999999595,291.9098302655848,169.81402781468975
2025-09-02 14:02:06.984431,789,0,POINT (291.9053892561796 169.8229875822907),0.009999999999991054,291.9053892561796,169.8229875822907
2025-09-02 14:02:07.984431,790,0,POINT (291.9014232510286 169.83216749531545),0.009999999999999946,291.9014232510286,169.83216749531545
2025-09-02 14:02:08.984431,791,0,POINT (291.89794312067613 169.8415423922605),0.010000000000012723,291.89794312067613,169.8415423922605
2025-09-02 14:02:09.984431,792,0,POINT (291.8949584039177 169.85108657718493),0.009999999999991665,291.8949584039177,169.85108657718493
2025-09-02 14:02:10.984431,793,0,POINT (291.8924772816544 169.8607738901413),0.010000000000009193,291.8924772816544,169.8607738901413
2025-09-02 14:02:11.984431,794,0,POINT (291.89050655446994 169.87057777887816),0.010000000000011814,291.89050655446994,169.87057777887816
2025-09-02 14:02:12.984431,795,0,POINT (291.88905162399055 169.88047137161792),0.010000000000001171,291.88905162399055,169.88047137161792
2025-09-02 14:02:13.984431,796,0,POINT (291.88811647807955 169.89042755071057),0.00999999999999344,291.88811647807955,169.89042755071057
2025-09-02 14:02:14.984431,797,0,POINT (291.88770367990685 169.9004190269613),0.010000000000002748,291.88770367990685,169.9004190269613
2025-09-02 14:02:15.984431,798,0,POINT (291.8878143609235 169.91041841442816),0.010000000000009392,291.8878143609235,169.91041841442816
2025-09-02 14:02:16.984431,799,0,POINT (291.88844821776064 169.92039830548518),0.00999999999999144,291.88844821776064,169.92039830548518
2025-09-02 14:02:17.984431,800,0,POINT (291.88960351306065 169.93033134594467),0.010000000000001067,291.88960351306065,169.93033134594467
2025-09-02 14:02:18.984431,801,0,POINT (291.8912770802395 169.94019031003316),0.010000000000015266,291.8912770802395,169.94019031003316
2025-09-02 14:02:19.984431,802,0,POINT (291.8934643321658 169.94994817501535),0.009999999999995342,291.8934643321658,169.94994817501535
2025-09-02 14:02:20.984431,803,0,POINT (291.8961592737341 169.95957819526163),0.010000000000007357,291.8961592737341,169.95957819526163
2025-09-02 14:02:21.984431,804,0,POINT (291.8993545182969 169.96905397555585),0.010000000000021981,291.8993545182969,169.96905397555585
2025-09-02 14:02:22.984431,805,0,POINT (291.9030413079109 169.97834954344287),0.0100000000000049,291.9030413079109,169.97834954344287
2025-09-02 14:02:23.984431,806,0,POINT (291.907209537342 169.98743942041725),0.009999999999981643,291.907209537342,169.98743942041725
2025-09-02 14:02:24.984431,807,0,POINT (291.91184778176313 169.99629869175803),0.009999999999987427,291.91184778176313,169.99629869175803
2025-09-02 14:02:25.984431,808,0,POINT (291.9169433280687 170.00490307481826),0.009999999999983442,291.9169433280687,170.00490307481826
2025-09-02 14:02:26.984431,809,0,POINT (291.92248220972056 170.01322898558206),0.009999999999988294,291.92248220972056,170.01322898558206
2025-09-02 14:02:27.984431,810,0,POINT (291.928449245029 170.02125360330677),0.010000000000009784,291.928449245029,170.02125360330677
2025-09-02 14:02:28.984431,811,0,POINT (291.93482807876507 170.02895493307298),0.010000000000001645,291.93482807876507,170.02895493307298
2025-09-02 14:02:29.984431,812,0,POINT (291.94160122698884 170.03631186607112),0.01000000000001181,291.94160122698884,170.03631186607112
2025-09-02 14:02:30.984431,813,0,POINT (291.9487501249718 170.04330423745918),0.009999999999979178,291.9487501249718,170.04330423745918
2025-09-02 14:02:31.984431,814,0,POINT (291.95625517808156 170.04991288163328),0.009999999999999804,291.95625517808156,170.04991288163328
2025-09-02 14:02:32.984431,815,0,POINT (291.9640958154892 170.05611968475904),0.0100000000000033,291.9640958154892,170.05611968475904
2025-09-02 14:02:33.984431,816,0,POINT (291.9722505465526 170.06190763442055),0.010000000000004085,291.9722505465526,170.06190763442055
2025-09-02 14:02:34.984431,817,0,POINT (291.98069701972065 170.0672608662501),0.010000000000003716,291.98069701972065,170.0672608662501
2025-09-02 14:02:35.984431,818,0,POINT (291.9894120837976 170.07216470741136),0.01000000000002072,291.9894120837976,170.07216470741136
2025-09-02 14:02:36.984431,819,0,POINT (291.9983718513986 170.07660571681654),0.01000000000001652,291.9983718513986,170.07660571681654
2025-09-02 14:02:37.984431,820,0,POINT (292.00755176442334 170.08057172196757),0.009999999999999946,292.00755176442334,170.08057172196757
2025-09-02 14:02:38.984431,821,0,POINT (292.01692666136836 170.08405185232002),0.009999999999986077,292.01692666136836,170.08405185232002
2025-09-02 14:02:39.984431,822,0,POINT (292.0264708462928 170.08703656907846),0.01000000000000015,292.0264708462928,170.08703656907846
2025-09-02 14:02:40.984431,823,0,POINT (292.03615815924917 170.08951769134174),0.01000000000000214,292.03615815924917,170.08951769134174
2025-09-02 14:02:41.984431,824,0,POINT (292.045962047986 170.09148841852618),0.009999999999978347,292.045962047986,170.09148841852618
2025-09-02 14:02:42.984431,825,0,POINT (292.0558556407257 170.09294334900557),0.009999999999973051,292.0558556407257,170.09294334900557
2025-09-02 14:02:43.984431,826,0,POINT (292.0658118198184 170.0938784949166),0.010000000000024394,292.0658118198184,170.0938784949166
2025-09-02 14:02:44.984431,827,0,POINT (292.0758032960691 170.0942912930893),0.010000000000002748,292.0758032960691,170.0942912930893
2025-09-02 14:02:45.984431,828,0,POINT (292.085802683536 170.0941806120726),0.009999999999981286,292.085802683536,170.0941806120726
2025-09-02 14:02:46.984431,829,0,POINT (292.095782574593 170.09354675523545),0.009999999999993242,292.095782574593,170.09354675523545
2025-09-02 14:02:47.984431,830,0,POINT (292.1057156150525 170.0923914599354),0.010000000000004351,292.1057156150525,170.0923914599354
2025-09-02 14:02:48.984431,831,0,POINT (292.11557457914097 170.0907178927566),0.01000000000001051,292.11557457914097,170.0907178927566
2025-09-02 14:02:49.984431,832,0,POINT (292.12533244412316 170.0885306408303),0.009999999999989125,292.12533244412316,170.0885306408303
2025-09-02 14:02:50.984431,833,0,POINT (292.13496246436944 170.08583569926202),0.010000000000007357,292.13496246436944,170.08583569926202
2025-09-02 14:02:51.984431,834,0,POINT (292.14443824466366 170.08264045469926),0.0100000000000129,292.14443824466366,170.08264045469926
2025-09-02 14:02:52.984431,835,0,POINT (292.1537338125507 170.07895366508527),0.0100000000000049,292.1537338125507,170.07895366508527
2025-09-02 14:02:53.984431,836,0,POINT (292.16282368952506 170.07478543565412),0.00999999999999349,292.16282368952506,170.07478543565412
2025-09-02 14:02:54.984431,837,0,POINT (292.17168296086584 170.07014719123296),0.010000000000000609,292.17168296086584,170.07014719123296
2025-09-02 14:02:55.984431,838,0,POINT (292.18028734392607 170.06505164492737),0.009999999999983442,292.18028734392607,170.06505164492737
2025-09-02 14:02:56.984431,839,0,POINT (292.18861325468987 170.05951276327554),0.009999999999988294,292.18861325468987,170.05951276327554
2025-09-02 14:02:57.984431,840,0,POINT (292.19663787241456 170.05354572796708),0.009999999999986978,292.19663787241456,170.05354572796708
2025-09-02 14:02:58.984431,841,0,POINT (292.2043392021808 170.04716689423103),0.010000000000023533,292.2043392021808,170.04716689423103
2025-09-02 14:02:59.984431,842,0,POINT (292.2116961351789 170.04039374600725),0.009999999999990902,292.2116961351789,170.04039374600725
2025-09-02 14:03:00.984431,843,0,POINT (292.218688506567 170.03324484802425),0.010000000000019372,292.218688506567,170.03324484802425
2025-09-02 14:03:01.984431,844,0,POINT (292.2252971507411 170.0257397949145),0.009999999999999804,292.2252971507411,170.0257397949145
2025-09-02 14:03:02.984431,845,0,POINT (292.2315039538669 170.01789915750686),0.010000000000020942,292.2315039538669,170.01789915750686
2025-09-02 14:03:03.984431,846,0,POINT (292.2372919035284 170.0097444264435),0.010000000000004085,292.2372919035284,170.0097444264435
2025-09-02 14:03:04.984431,847,0,POINT (292.242645135358 170.0012979532754),0.010000000000018931,292.242645135358,170.0012979532754
2025-09-02 14:03:05.984431,848,0,POINT (292.2475489765192 169.99258288919847),0.00999999999999595,292.2475489765192,169.99258288919847
2025-09-02 14:03:06.984431,849,0,POINT (292.2519899859244 169.98362312159753),0.009999999999991054,292.2519899859244,169.98362312159753
2025-09-02 14:03:07.984431,850,0,POINT (292.25595599107544 169.97444320857278),0.009999999999999946,292.25595599107544,169.97444320857278
2025-09-02 14:03:08.984431,851,0,POINT (292.2594361214279 169.96506831162773),0.010000000000012723,292.2594361214279,169.96506831162773
2025-09-02 14:03:09.984431,852,0,POINT (292.2624208381863 169.9555241267033),0.009999999999991665,292.2624208381863,169.9555241267033
2025-09-02 14:03:10.984431,853,0,POINT (292.2649019604496 169.94583681374692),0.010000000000009193,292.2649019604496,169.94583681374692
2025-09-02 14:03:11.984431,854,0,POINT (292.2668726876341 169.93603292501007),0.010000000000011814,292.2668726876341,169.93603292501007
2025-09-02 14:03:12.984431,855,0,POINT (292.26832761811346 169.9261393322703),0.010000000000001171,292.26832761811346,169.9261393322703
2025-09-02 14:03:13.984431,856,0,POINT (292.26926276402446 169.91618315317766),0.00999999999999344,292.26926276402446,169.91618315317766
2025-09-02 14:03:14.984431,857,0,POINT (292.26967556219716 169.90619167692694),0.010000000000002748,292.26967556219716,169.90619167692694
2025-09-02 14:03:15.984431,858,0,POINT (292.2695648811805 169.89619228946006),0.010000000000009392,292.2695648811805,169.89619228946006
2025-09-02 14:03:16.984431,859,0,POINT (292.2689310243434 169.88621239840305),0.00999999999999144,292.2689310243434,169.88621239840305
2025-09-02 14:03:17.984431,860,0,POINT (292.26777572904336 169.87627935794356),0.010000000000001067,292.26777572904336,169.87627935794356
2025-09-02 14:03:18.984431,861,0,POINT (292.2661021618645 169.86642039385507),0.010000000000015266,292.2661021618645,169.86642039385507
2025-09-02 14:03:19.984431,862,0,POINT (292.2639149099382 169.85666252887287),0.009999999999995342,292.2639149099382,169.85666252887287
2025-09-02 14:03:20.984431,863,0,POINT (292.2612199683699 169.8470325086266),0.010000000000007357,292.2612199683699,169.8470325086266
2025-09-02 14:03:21.984431,864,0,POINT (292.2580247238071 169.83755672833237),0.010000000000021981,292.2580247238071,169.83755672833237
2025-09-02 14:03:22.984431,865,0,POINT (292.25433793419313 169.82826116044535),0.0100000000000049,292.25433793419313,169.82826116044535
2025-09-02 14:03:23.984431,866,0,POINT (292.250169704762 169.81917128347098),0.009999999999981643,292.250169704762,169.81917128347098
2025-09-02 14:03:24.984431,867,0,POINT (292.2455314603409 169.8103120121302),0.009999999999987427,292.2455314603409,169.8103120121302
2025-09-02 14:03:25.984431,868,0,POINT (292.2404359140353 169.80170762906997),0.009999999999983442,292.2404359140353,169.80170762906997
2025-09-02 14:03:26.984431,869,0,POINT (292.23489703238346 169.79338171830616),0.009999999999988294,292.23489703238346,169.79338171830616
2025-09-02 14:03:27.984431,870,0,POINT (292.228929997075 169.78535710058145),0.010000000000009784,292.228929997075,169.78535710058145
2025-09-02 14:03:28.984431,871,0,POINT (292.22255116333895 169.77765577081524),0.010000000000001645,292.22255116333895,169.77765577081524
2025-09-02 14:03:29.984431,872,0,POINT (292.2157780151152 169.7702988378171),0.01000000000001181,292.2157780151152,169.7702988378171
2025-09-02 14:03:30.984431,873,0,POINT (292.2086291171322 169.76330646642904),0.009999999999979178,292.2086291171322,169.76330646642904
2025-09-02 14:03:31.984431,874,0,POINT (292.20112406402245 169.75669782225495),0.009999999999999804,292.20112406402245,169.75669782225495
2025-09-02 14:03:32.984431,875,0,POINT (292.1932834266148 169.75049101912919),0.0100000000000033,292.1932834266148,169.75049101912919
2025-09-02 14:03:33.984431,876,0,POINT (292.18512869555144 169.74470306946768),0.010000000000004085,292.18512869555144,169.74470306946768
2025-09-02 14:03:34.984431,877,0,POINT (292.17668222238336 169.73934983763812),0.010000000000003716,292.17668222238336,169.73934983763812
2025-09-02 14:03:35.984431,878,0,POINT (292.1679671583064 169.73444599647686),0.01000000000002072,292.1679671583064,169.73444599647686
2025-09-02 14:03:36.984431,879,0,POINT (292.1590073907054 169.73000498707168),0.01000000000001652,292.1590073907054,169.73000498707168
2025-09-02 14:03:37.984431,880,0,POINT (292.1498274776807 169.72603898192065),0.009999999999999946,292.1498274776807,169.72603898192065
2025-09-02 14:03:38.984431,881,0,POINT (292.14045258073565 169.7225588515682),0.009999999999986077,292.14045258073565,169.7225588515682
2025-09-02 14:03:39.984431,882,0,POINT (292.1309083958112 169.71957413480976),0.01000000000000015,292.1309083958112,169.71957413480976
2025-09-02 14:03:40.984431,883,0,POINT (292.12122108285485 169.71709301254648),0.01000000000000214,292.12122108285485,169.71709301254648
2025-09-02 14:03:41.984431,884,0,POINT (292.111417194118 169.71512228536204),0.009999999999978347,292.111417194118,169.71512228536204
2025-09-02 14:03:42.984431,885,0,POINT (292.1015236013783 169.71366735488266),0.009999999999973051,292.1015236013783,169.71366735488266
2025-09-02 14:03:43.984431,886,0,POINT (292.0915674222856 169.71273220897163),0.010000000000024394,292.0915674222856,169.71273220897163
2025-09-02 14:03:44.984431,887,0,POINT (292.0815759460349 169.71231941079893),0.010000000000002748,292.0815759460349,169.71231941079893
2025-09-02 14:03:45.984431,888,0,POINT (292.07157655856804 169.71243009181563),0.009999999999981286,292.07157655856804,169.71243009181563
2025-09-02 14:03:46.984431,889,0,POINT (292.061596667511 169.71306394865277),0.009999999999993242,292.061596667511,169.71306394865277
2025-09-02 14:03:47.984431,890,0,POINT (292.05166362705154 169.7142192439528),0.010000000000004351,292.05166362705154,169.7142192439528
2025-09-02 14:03:48.984431,891,0,POINT (292.04180466296305 169.71589281113162),0.01000000000001051,292.04180466296305,169.71589281113162
2025-09-02 14:03:49.984431,892,0,POINT (292.03204679798085 169.71808006305793),0.009999999999989125,292.03204679798085,169.71808006305793
2025-09-02 14:03:50.984431,893,0,POINT (292.02217602722845 169.72084237816543),0.010249999999979293,292.02217602722845,169.72084237816543
2025-09-02 14:03:51.984431,894,0,POINT (292.01240412880003 169.72413747412077),0.010312500000016914,292.01240412880003,169.72413747412077
2025-09-02 14:03:52.984431,895,0,POINT (292.0028035500917 169.72794523651896),0.01032812500001603,292.0028035500917,169.72794523651896
2025-09-02 14:03:53.984431,896,0,POINT (291.9934118607959 169.73225186419293),0.010332031249999927,291.9934118607959,169.73225186419293
2025-09-02 14:03:54.984431,897,0,POINT (291.9839625481412 169.7371990229398),0.010666015624990114,291.9839625481412,169.7371990229398
2025-09-02 14:03:55.984431,898,0,POINT (291.97499978916545 169.74250680073948),0.010416503906233688,291.97499978916545,169.74250680073948
2025-09-02 14:03:56.984431,899,0,POINT (291.96608419414565 169.74843797476612),0.010708251953115833,291.96608419414565,169.74843797476612
2025-09-02 14:03:57.984431,900,0,POINT (291.9577168746984 169.75465984006757),0.01042706298828701,291.9577168746984,169.75465984006757
2025-09-02 14:03:58.984431,901,0,POINT (291.9494660307987 169.76149382368027),0.010713531494135098,291.9494660307987,169.76149382368027
2025-09-02 14:03:59.984431,902,0,POINT (291.9417939393908 169.7685571219739),0.010428382873512722,291.9417939393908,169.7685571219739
2025-09-02 14:04:00.984431,903,0,POINT (291.9345518734143 169.775961304043),0.010357095718378152,291.9345518734143,169.775961304043
2025-09-02 14:04:01.984431,904,0,POINT (291.9277190151724 169.78372098403878),0.01033927392959449,291.9277190151724,169.78372098403878
2025-09-02 14:04:02.984431,905,0,POINT (291.9213043968063 169.79182414047818),0.010334818482387471,291.9213043968063,169.79182414047818
2025-09-02 14:04:03.984431,906,0,POINT (291.9155164471448 169.79997887154155),0.010000000000004085,291.9155164471448,169.79997887154155
2025-09-02 14:04:04.984431,907,0,POINT (291.9101632153152 169.80842534470963),0.010000000000018931,291.9101632153152,169.80842534470963
2025-09-02 14:04:05.984431,908,0,POINT (291.90525937415396 169.81714040878657),0.00999999999999595,291.90525937415396,169.81714040878657
2025-09-02 14:04:06.984431,909,0,POINT (291.9008183647488 169.8261001763875),0.009999999999991054,291.9008183647488,169.8261001763875
2025-09-02 14:04:07.984431,910,0,POINT (291.89685235959774 169.83528008941227),0.009999999999999946,291.89685235959774,169.83528008941227
2025-09-02 14:04:08.984431,911,0,POINT (291.8933722292453 169.8446549863573),0.010000000000012723,291.8933722292453,169.8446549863573
2025-09-02 14:04:09.984431,912,0,POINT (291.8903875124869 169.85419917128175),0.009999999999991665,291.8903875124869,169.85419917128175
2025-09-02 14:04:10.984431,913,0,POINT (291.8879063902236 169.86388648423812),0.010000000000009193,291.8879063902236,169.86388648423812
2025-09-02 14:04:11.984431,914,0,POINT (291.8859356630391 169.87369037297498),0.010000000000011814,291.8859356630391,169.87369037297498
2025-09-02 14:04:12.984431,915,0,POINT (291.8844807325597 169.88358396571473),0.010000000000001171,291.8844807325597,169.88358396571473
2025-09-02 14:04:13.984431,916,0,POINT (291.8835455866487 169.8935401448074),0.00999999999999344,291.8835455866487,169.8935401448074
2025-09-02 14:04:14.984431,917,0,POINT (291.883132788476 169.9035316210581),0.010000000000002748,291.883132788476,169.9035316210581
2025-09-02 14:04:15.984431,918,0,POINT (291.8832434694927 169.91353100852498),0.010000000000009392,291.8832434694927,169.91353100852498
2025-09-02 14:04:16.984431,919,0,POINT (291.8838773263298 169.923510899582),0.00999999999999144,291.8838773263298,169.923510899582
2025-09-02 14:04:17.984431,920,0,POINT (291.8850326216298 169.93344394004149),0.010000000000001067,291.8850326216298,169.93344394004149
2025-09-02 14:04:18.984431,921,0,POINT (291.88670618880866 169.94330290412998),0.010000000000015266,291.88670618880866,169.94330290412998
2025-09-02 14:04:19.984431,922,0,POINT (291.888893440735 169.95306076911217),0.009999999999995342,291.888893440735,169.95306076911217
2025-09-02 14:04:20.984431,923,0,POINT (291.89158838230327 169.96269078935845),0.010000000000007357,291.89158838230327,169.96269078935845
2025-09-02 14:04:21.984431,924,0,POINT (291.89478362686606 169.97216656965267),0.010000000000021981,291.89478362686606,169.97216656965267
2025-09-02 14:04:22.984431,925,0,POINT (291.89847041648005 169.9814621375397),0.0100000000000049,291.89847041648005,169.9814621375397
2025-09-02 14:04:23.984431,926,0,POINT (291.90263864591117 169.99055201451407),0.009999999999981643,291.90263864591117,169.99055201451407
2025-09-02 14:04:24.984431,927,0,POINT (291.9072768903323 169.99941128585485),0.009999999999987427,291.9072768903323,169.99941128585485
2025-09-02 14:04:25.984431,928,0,POINT (291.9123724366379 170.00801566891508),0.009999999999983442,291.9123724366379,170.00801566891508
2025-09-02 14:04:26.984431,929,0,POINT (291.9179113182897 170.01634157967888),0.009999999999988294,291.9179113182897,170.01634157967888
2025-09-02 14:04:27.984431,930,0,POINT (291.9238783535982 170.0243661974036),0.010000000000009784,291.9238783535982,170.0243661974036
2025-09-02 14:04:28.984431,931,0,POINT (291.93025718733423 170.0320675271698),0.010000000000001645,291.93025718733423,170.0320675271698
2025-09-02 14:04:29.984431,932,0,POINT (291.937030335558 170.03942446016794),0.01000000000001181,291.937030335558,170.03942446016794
2025-09-02 14:04:30.984431,933,0,POINT (291.944179233541 170.046416831556),0.009999999999979178,291.944179233541,170.046416831556
2025-09-02 14:04:31.984431,934,0,POINT (291.95168428665073 170.0530254757301),0.009999999999999804,291.95168428665073,170.0530254757301
2025-09-02 14:04:32.984431,935,0,POINT (291.95952492405837 170.05923227885586),0.0100000000000033,291.95952492405837,170.05923227885586
2025-09-02 14:04:33.984431,936,0,POINT (291.96767965512174 170.06502022851737),0.010000000000004085,291.96767965512174,170.06502022851737
2025-09-02 14:04:34.984431,937,0,POINT (291.9761261282898 170.07037346034693),0.010000000000003716,291.9761261282898,170.07037346034693
2025-09-02 14:04:35.984431,938,0,POINT (291.9848411923668 170.07527730150818),0.01000000000002072,291.9848411923668,170.07527730150818
2025-09-02 14:04:36.984431,939,0,POINT (291.99380095996776 170.07971831091336),0.01000000000001652,291.99380095996776,170.07971831091336
2025-09-02 14:04:37.984431,940,0,POINT (292.0029808729925 170.0836843160644),0.009999999999999946,292.0029808729925,170.0836843160644
2025-09-02 14:04:38.984431,941,0,POINT (292.0123557699375 170.08716444641684),0.009999999999986077,292.0123557699375,170.08716444641684
2025-09-02 14:04:39.984431,942,0,POINT (292.02189995486196 170.09014916317528),0.01000000000000015,292.02189995486196,170.09014916317528
2025-09-02 14:04:40.984431,943,0,POINT (292.03158726781834 170.09263028543856),0.01000000000000214,292.03158726781834,170.09263028543856
2025-09-02 14:04:41.984431,944,0,POINT (292.04139115655516 170.094601012623),0.009999999999978347,292.04139115655516,170.094601012623
2025-09-02 14:04:42.984431,945,0,POINT (292.0512847492949 170.09605594310239),0.009999999999973051,292.0512847492949,170.09605594310239
2025-09-02 14:04:43.984431,946,0,POINT (292.0612409283876 170.09699108901341),0.010000000000024394,292.0612409283876,170.09699108901341
2025-09-02 14:04:44.984431,947,0,POINT (292.0712324046383 170.09740388718612),0.010000000000002748,292.0712324046383,170.09740388718612
2025-09-02 14:04:45.984431,948,0,POINT (292.08123179210514 170.0972932061694),0.009999999999981286,292.08123179210514,170.0972932061694
2025-09-02 14:04:46.984431,949,0,POINT (292.09121168316216 170.09665934933227),0.009999999999993242,292.09121168316216,170.09665934933227
2025-09-02 14:04:47.984431,950,0,POINT (292.10114472362164 170.09550405403223),0.010000000000004351,292.10114472362164,170.09550405403223
2025-09-02 14:04:48.984431,951,0,POINT (292.11100368771014 170.09383048685342),0.01000000000001051,292.11100368771014,170.09383048685342
2025-09-02 14:04:49.984431,952,0,POINT (292.12076155269233 170.09164323492712),0.009999999999989125,292.12076155269233,170.09164323492712
2025-09-02 14:04:50.984431,953,0,POINT (292.1303915729386 170.08894829335884),0.010000000000007357,292.1303915729386,170.08894829335884
2025-09-02 14:04:51.984431,954,0,POINT (292.13986735323283 170.08575304879608),0.0100000000000129,292.13986735323283,170.08575304879608
2025-09-02 14:04:52.984431,955,0,POINT (292.14916292111985 170.08206625918208),0.0100000000000049,292.14916292111985,170.08206625918208
2025-09-02 14:04:53.984431,956,0,POINT (292.1582527980942 170.07789802975094),0.00999999999999349,292.1582527980942,170.07789802975094
2025-09-02 14:04:54.984431,957,0,POINT (292.167112069435 170.07325978532978),0.010000000000000609,292.167112069435,170.07325978532978
2025-09-02 14:04:55.984431,958,0,POINT (292.17571645249524 170.06816423902418),0.009999999999983442,292.17571645249524,170.06816423902418
2025-09-02 14:04:56.984431,959,0,POINT (292.18404236325904 170.06262535737235),0.009999999999988294,292.18404236325904,170.06262535737235
2025-09-02 14:04:57.984431,960,0,POINT (292.1920669809837 170.0566583220639),0.009999999999986978,292.1920669809837,170.0566583220639
2025-09-02 14:04:58.984431,961,0,POINT (292.19976831074996 170.05027948832785),0.010000000000023533,292.19976831074996,170.05027948832785
2025-09-02 14:04:59.984431,962,0,POINT (292.20712524374807 170.04350634010407),0.009999999999990902,292.20712524374807,170.04350634010407
2025-09-02 14:05:00.984431,963,0,POINT (292.21411761513616 170.03635744212107),0.010000000000019372,292.21411761513616,170.03635744212107
2025-09-02 14:05:01.984431,964,0,POINT (292.22072625931025 170.02885238901132),0.009999999999999804,292.22072625931025,170.02885238901132
2025-09-02 14:05:02.984431,965,0,POINT (292.22693306243605 170.02101175160368),0.010000000000020942,292.22693306243605,170.02101175160368
2025-09-02 14:05:03.984431,966,0,POINT (292.23272101209756 170.0128570205403),0.010000000000004085,292.23272101209756,170.0128570205403
2025-09-02 14:05:04.984431,967,0,POINT (292.23807424392714 170.00441054737223),0.010000000000018931,292.23807424392714,170.00441054737223
2025-09-02 14:05:05.984431,968,0,POINT (292.2429780850884 169.9956954832953),0.00999999999999595,292.2429780850884,169.9956954832953
2025-09-02 14:05:06.984431,969,0,POINT (292.2474190944936 169.98673571569435),0.009999999999991054,292.2474190944936,169.98673571569435
2025-09-02 14:05:07.984431,970,0,POINT (292.2513850996446 169.9775558026696),0.009999999999999946,292.2513850996446,169.9775558026696
2025-09-02 14:05:08.984431,971,0,POINT (292.25486522999705 169.96818090572455),0.010000000000012723,292.25486522999705,169.96818090572455
2025-09-02 14:05:09.984431,972,0,POINT (292.25784994675547 169.95863672080011),0.009999999999991665,292.25784994675547,169.95863672080011
2025-09-02 14:05:10.984431,973,0,POINT (292.2603310690188 169.94894940784374),0.010000000000009193,292.2603310690188,169.94894940784374
2025-09-02 14:05:11.984431,974,0,POINT (292.26230179620325 169.9391455191069),0.010000000000011814,292.26230179620325,169.9391455191069
2025-09-02 14:05:12.984431,975,0,POINT (292.26375672668263 169.92925192636713),0.010000000000001171,292.26375672668263,169.92925192636713
2025-09-02 14:05:13.984431,976,0,POINT (292.26469187259363 169.91929574727448),0.00999999999999344,292.26469187259363,169.91929574727448
2025-09-02 14:05:14.984431,977,0,POINT (292.26510467076633 169.90930427102376),0.010000000000002748,292.26510467076633,169.90930427102376
2025-09-02 14:05:15.984431,978,0,POINT (292.26499398974966 169.89930488355688),0.010000000000009392,292.26499398974966,169.89930488355688
2025-09-02 14:05:16.984431,979,0,POINT (292.26436013291254 169.88932499249987),0.00999999999999144,292.26436013291254,169.88932499249987
2025-09-02 14:05:17.984431,980,0,POINT (292.26320483761253 169.87939195204038),0.010000000000001067,292.26320483761253,169.87939195204038
2025-09-02 14:05:18.984431,981,0,POINT (292.2615312704337 169.86953298795189),0.010000000000015266,292.2615312704337,169.86953298795189
2025-09-02 14:05:19.984431,982,0,POINT (292.25934401850736 169.8597751229697),0.009999999999995342,292.25934401850736,169.8597751229697
2025-09-02 14:05:20.984431,983,0,POINT (292.2566490769391 169.85014510272342),0.010000000000007357,292.2566490769391,169.85014510272342
2025-09-02 14:05:21.984431,984,0,POINT (292.2534538323763 169.8406693224292),0.010000000000021981,292.2534538323763,169.8406693224292
2025-09-02 14:05:22.984431,985,0,POINT (292.2497670427623 169.83137375454217),0.0100000000000049,292.2497670427623,169.83137375454217
2025-09-02 14:05:23.984431,986,0,POINT (292.2455988133312 169.8222838775678),0.009999999999981643,292.2455988133312,169.8222838775678
2025-09-02 14:05:24.984431,987,0,POINT (292.24096056891005 169.81342460622702),0.009999999999987427,292.24096056891005,169.81342460622702
2025-09-02 14:05:25.984431,988,0,POINT (292.23586502260446 169.8048202231668),0.009999999999983442,292.23586502260446,169.8048202231668
2025-09-02 14:05:26.984431,989,0,POINT (292.2303261409526 169.79649431240298),0.009999999999988294,292.2303261409526,169.79649431240298
2025-09-02 14:05:27.984431,990,0,POINT (292.22435910564417 169.78846969467827),0.010000000000009784,292.22435910564417,169.78846969467827
2025-09-02 14:05:28.984431,991,0,POINT (292.2179802719081 169.78076836491206),0.010000000000001645,292.2179802719081,169.78076836491206
2025-09-02 14:05:29.984431,992,0,POINT (292.21120712368435 169.77341143191393),0.01000000000001181,292.21120712368435,169.77341143191393
2025-09-02 14:05:30.984431,993,0,POINT (292.2040582257014 169.76641906052586),0.009999999999979178,292.2040582257014,169.76641906052586
2025-09-02 14:05:31.984431,994,0,POINT (292.1965531725916 169.75981041635177),0.009999999999999804,292.1965531725916,169.75981041635177
2025-09-02 14:05:32.984431,995,0,POINT (292.188712535184 169.753603613226),0.0100000000000033,292.188712535184,169.753603613226
2025-09-02 14:05:33.984431,996,0,POINT (292.1805578041206 169.7478156635645),0.010000000000004085,292.1805578041206,169.7478156635645
2025-09-02 14:05:34.984431,997,0,POINT (292.17211133095253 169.74246243173494),0.010000000000003716,292.17211133095253,169.74246243173494
2025-09-02 14:05:35.984431,998,0,POINT (292.16339626687557 169.73755859057368),0.01000000000002072,292.16339626687557,169.73755859057368
2025-09-02 14:05:36.984431,999,0,POINT (292.1544364992746 169.7331175811685),0.01000000000001652,292.1544364992746,169.7331175811685
2025-09-02 14:05:37.984431,1000,0,POINT (292.14525658624984 169.72915157601747),0.009999999999999946,292.14525658624984,169.72915157601747
2025-09-02 14:05:38.984431,1001,0,POINT (292.1358816893048 169.72567144566503),0.009999999999986077,292.1358816893048,169.72567144566503
2025-09-02 14:05:39.984431,1002,0,POINT (292.1263375043804 169.72268672890658),0.01000000000000015,292.1263375043804,169.72268672890658
2025-09-02 14:05:40.984431,1003,0,POINT (292.116650191424 169.7202056066433),0.01000000000000214,292.116650191424,169.7202056066433
2025-09-02 14:05:41.984431,1004,0,POINT (292.1068463026872 169.71823487945886),0.009999999999978347,292.1068463026872,169.71823487945886
2025-09-02 14:05:42.984431,1005,0,POINT (292.09695270994746 169.71677994897948),0.009999999999973051,292.09695270994746,169.71677994897948
2025-09-02 14:05:43.984431,1006,0,POINT (292.0869965308548 169.71584480306845),0.010000000000024394,292.0869965308548,169.71584480306845
2025-09-02 14:05:44.984431,1007,0,POINT (292.07700505460406 169.71543200489575),0.010000000000002748,292.07700505460406,169.71543200489575
2025-09-02 14:05:45.984431,1008,0,POINT (292.0670056671372 169.71554268591245),0.009999999999981286,292.0670056671372,169.71554268591245
2025-09-02 14:05:46.984431,1009,0,POINT (292.0570257760802 169.7161765427496),0.009999999999993242,292.0570257760802,169.7161765427496
2025-09-02 14:05:47.984431,1010,0,POINT (292.0470927356207 169.71733183804963),0.010000000000004351,292.0470927356207,169.71733183804963
2025-09-02 14:05:48.984431,1011,0,POINT (292.0372337715322 169.71900540522844),0.01000000000001051,292.0372337715322,169.71900540522844
2025-09-02 14:05:49.984431,1012,0,POINT (292.02747590655 169.72119265715475),0.009999999999989125,292.02747590655,169.72119265715475
2025-09-02 14:05:50.984431,1013,0,POINT (292.01784588630375 169.72388759872302),0.010000000000007357,292.01784588630375,169.72388759872302
2025-09-02 14:05:51.984431,1014,0,POINT (292.0083701060095 169.72708284328579),0.0100000000000129,292.0083701060095,169.72708284328579
2025-09-02 14:05:52.984431,1015,0,POINT (291.9990745381225 169.73076963289978),0.0100000000000049,291.9990745381225,169.73076963289978
2025-09-02 14:05:53.984431,1016,0,POINT (291.98975741422373 169.7350420680667),0.010250000000021879,291.98975741422373,169.7350420680667
2025-09-02 14:05:54.984431,1017,0,POINT (291.9806212906536 169.739825257626),0.010312499999973168,291.9806212906536,169.739825257626
2025-09-02 14:05:55.984431,1018,0,POINT (291.9717345762742 169.74508800154476),0.010328124999994989,291.9717345762742,169.74508800154476
2025-09-02 14:05:56.984431,1019,0,POINT (291.96313221925453 169.75081079137644),0.010332031249997762,291.96313221925453,169.75081079137644
2025-09-02 14:05:57.984431,1020,0,POINT (291.95484037549033 169.7569765336224),0.010333007812519689,291.95484037549033,169.7569765336224
2025-09-02 14:05:58.984431,1021,0,POINT (291.9468823974055 169.76356794323857),0.010333251953133855,291.9468823974055,169.76356794323857
2025-09-02 14:05:59.984431,1022,0,POINT (291.9392802482751 169.7705668492898),0.01033331298830851,291.9392802482751,169.7705668492898
2025-09-02 14:06:00.984431,1023,0,POINT (291.93205480139727 169.7779540402361),0.010333328247067064,291.93205480139727,169.7779540402361
2025-09-02 14:06:01.984431,1024,0,POINT (291.9254461572232 169.78545909334585),0.009999999999999804,291.9254461572232,169.78545909334585
2025-09-02 14:06:02.984431,1025,0,POINT (291.9192393540974 169.7932997307535),0.010000000000020942,291.9192393540974,169.7932997307535
2025-09-02 14:06:03.984431,1026,0,POINT (291.9134514044359 169.80145446181686),0.010000000000004085,291.9134514044359,169.80145446181686
2025-09-02 14:06:04.984431,1027,0,POINT (291.9080981726063 169.80990093498494),0.010000000000018931,291.9080981726063,169.80990093498494
2025-09-02 14:06:05.984431,1028,0,POINT (291.90319433144504 169.81861599906188),0.00999999999999595,291.90319433144504,169.81861599906188
2025-09-02 14:06:06.984431,1029,0,POINT (291.89875332203985 169.82757576666282),0.009999999999991054,291.89875332203985,169.82757576666282
2025-09-02 14:06:07.984431,1030,0,POINT (291.8947873168888 169.83675567968757),0.009999999999999946,291.8947873168888,169.83675567968757
2025-09-02 14:06:08.984431,1031,0,POINT (291.8913071865364 169.84613057663262),0.010000000000012723,291.8913071865364,169.84613057663262
2025-09-02 14:06:09.984431,1032,0,POINT (291.88832246977796 169.85567476155705),0.009999999999991665,291.88832246977796,169.85567476155705
2025-09-02 14:06:10.984431,1033,0,POINT (291.88584134751466 169.86536207451343),0.010000000000009193,291.88584134751466,169.86536207451343
2025-09-02 14:06:11.984431,1034,0,POINT (291.8838706203302 169.87516596325028),0.010000000000011814,291.8838706203302,169.87516596325028
2025-09-02 14:06:12.984431,1035,0,POINT (291.8824156898508 169.88505955599004),0.010000000000001171,291.8824156898508,169.88505955599004
2025-09-02 14:06:13.984431,1036,0,POINT (291.8814805439398 169.8950157350827),0.00999999999999344,291.8814805439398,169.8950157350827
2025-09-02 14:06:14.984431,1037,0,POINT (291.8810677457671 169.9050072113334),0.010000000000002748,291.8810677457671,169.9050072113334
2025-09-02 14:06:15.984431,1038,0,POINT (291.8811784267838 169.9150065988003),0.010000000000009392,291.8811784267838,169.9150065988003
2025-09-02 14:06:16.984431,1039,0,POINT (291.8818122836209 169.9249864898573),0.00999999999999144,291.8818122836209,169.9249864898573
2025-09-02 14:06:17.984431,1040,0,POINT (291.8829675789209 169.9349195303168),0.010000000000001067,291.8829675789209,169.9349195303168
2025-09-02 14:06:18.984431,1041,0,POINT (291.88464114609974 169.94477849440528),0.010000000000015266,291.88464114609974,169.94477849440528
2025-09-02 14:06:19.984431,1042,0,POINT (291.88682839802607 169.95453635938748),0.009999999999995342,291.88682839802607,169.95453635938748
2025-09-02 14:06:20.984431,1043,0,POINT (291.88952333959435 169.96416637963375),0.010000000000007357,291.88952333959435,169.96416637963375
2025-09-02 14:06:21.984431,1044,0,POINT (291.89271858415714 169.97364215992798),0.010000000000021981,291.89271858415714,169.97364215992798
2025-09-02 14:06:22.984431,1045,0,POINT (291.89640537377113 169.982937727815),0.0100000000000049,291.89640537377113,169.982937727815
2025-09-02 14:06:23.984431,1046,0,POINT (291.90057360320225 169.99202760478937),0.009999999999981643,291.90057360320225,169.99202760478937
2025-09-02 14:06:24.984431,1047,0,POINT (291.9052118476234 170.00088687613015),0.009999999999987427,291.9052118476234,170.00088687613015
2025-09-02 14:06:25.984431,1048,0,POINT (291.910307393929 170.00949125919038),0.009999999999983442,291.910307393929,170.00949125919038
2025-09-02 14:06:26.984431,1049,0,POINT (291.9158462755808 170.01781716995418),0.009999999999988294,291.9158462755808,170.01781716995418
2025-09-02 14:06:27.984431,1050,0,POINT (291.92181331088926 170.0258417876789),0.010000000000009784,291.92181331088926,170.0258417876789
2025-09-02 14:06:28.984431,1051,0,POINT (291.9281921446253 170.0335431174451),0.010000000000001645,291.9281921446253,170.0335431174451
2025-09-02 14:06:29.984431,1052,0,POINT (291.9349652928491 170.04090005044324),0.01000000000001181,291.9349652928491,170.04090005044324
2025-09-02 14:06:30.984431,1053,0,POINT (291.94211419083206 170.0478924218313),0.009999999999979178,291.94211419083206,170.0478924218313
2025-09-02 14:06:31.984431,1054,0,POINT (291.9496192439418 170.0545010660054),0.009999999999999804,291.9496192439418,170.0545010660054
2025-09-02 14:06:32.984431,1055,0,POINT (291.95745988134945 170.06070786913116),0.0100000000000033,291.95745988134945,170.06070786913116
2025-09-02 14:06:33.984431,1056,0,POINT (291.9656146124128 170.06649581879267),0.010000000000004085,291.9656146124128,170.06649581879267
2025-09-02 14:06:34.984431,1057,0,POINT (291.9740610855809 170.07184905062223),0.010000000000003716,291.9740610855809,170.07184905062223
2025-09-02 14:06:35.984431,1058,0,POINT (291.98277614965787 170.07675289178349),0.01000000000002072,291.98277614965787,170.07675289178349
2025-09-02 14:06:36.984431,1059,0,POINT (291.99173591725884 170.08119390118867),0.01000000000001652,291.99173591725884,170.08119390118867
2025-09-02 14:06:37.984431,1060,0,POINT (292.0009158302836 170.0851599063397),0.009999999999999946,292.0009158302836,170.0851599063397
2025-09-02 14:06:38.984431,1061,0,POINT (292.0102907272286 170.08864003669214),0.009999999999986077,292.0102907272286,170.08864003669214
2025-09-02 14:06:39.984431,1062,0,POINT (292.01983491215304 170.0916247534506),0.01000000000000015,292.01983491215304,170.0916247534506
2025-09-02 14:06:40.984431,1063,0,POINT (292.0295222251094 170.09410587571386),0.01000000000000214,292.0295222251094,170.09410587571386
2025-09-02 14:06:41.984431,1064,0,POINT (292.03932611384624 170.0960766028983),0.009999999999978347,292.03932611384624,170.0960766028983
2025-09-02 14:06:42.984431,1065,0,POINT (292.049219706586 170.0975315333777),0.009999999999973051,292.049219706586,170.0975315333777
2025-09-02 14:06:43.984431,1066,0,POINT (292.05917588567866 170.09846667928872),0.010000000000024394,292.05917588567866,170.09846667928872
2025-09-02 14:06:44.984431,1067,0,POINT (292.0691673619294 170.09887947746142),0.010000000000002748,292.0691673619294,170.09887947746142
2025-09-02 14:06:45.984431,1068,0,POINT (292.0791667493962 170.09876879644472),0.009999999999981286,292.0791667493962,170.09876879644472
2025-09-02 14:06:46.984431,1069,0,POINT (292.08914664045324 170.09813493960758),0.009999999999993242,292.08914664045324,170.09813493960758
2025-09-02 14:06:47.984431,1070,0,POINT (292.0990796809127 170.09697964430754),0.010000000000004351,292.0990796809127,170.09697964430754
2025-09-02 14:06:48.984431,1071,0,POINT (292.1089386450012 170.09530607712873),0.01000000000001051,292.1089386450012,170.09530607712873
2025-09-02 14:06:49.984431,1072,0,POINT (292.1186965099834 170.09311882520242),0.009999999999989125,292.1186965099834,170.09311882520242
2025-09-02 14:06:50.984431,1073,0,POINT (292.1283265302297 170.09042388363414),0.010000000000007357,292.1283265302297,170.09042388363414
2025-09-02 14:06:51.984431,1074,0,POINT (292.1378023105239 170.08722863907138),0.0100000000000129,292.1378023105239,170.08722863907138
2025-09-02 14:06:52.984431,1075,0,POINT (292.14709787841093 170.0835418494574),0.0100000000000049,292.14709787841093,170.0835418494574
2025-09-02 14:06:53.984431,1076,0,POINT (292.1561877553853 170.07937362002625),0.00999999999999349,292.1561877553853,170.07937362002625
2025-09-02 14:06:54.984431,1077,0,POINT (292.1650470267261 170.0747353756051),0.010000000000000609,292.1650470267261,170.0747353756051
2025-09-02 14:06:55.984431,1078,0,POINT (292.1736514097863 170.0696398292995),0.009999999999983442,292.1736514097863,170.0696398292995
2025-09-02 14:06:56.984431,1079,0,POINT (292.1819773205501 170.06410094764766),0.009999999999988294,292.1819773205501,170.06410094764766
2025-09-02 14:06:57.984431,1080,0,POINT (292.1900019382748 170.0581339123392),0.009999999999986978,292.1900019382748,170.0581339123392
2025-09-02 14:06:58.984431,1081,0,POINT (292.19770326804104 170.05175507860315),0.010000000000023533,292.19770326804104,170.05175507860315
2025-09-02 14:06:59.984431,1082,0,POINT (292.20506020103915 170.04498193037938),0.009999999999990902,292.20506020103915,170.04498193037938
2025-09-02 14:07:00.984431,1083,0,POINT (292.21205257242724 170.03783303239638),0.010000000000019372,292.21205257242724,170.03783303239638
2025-09-02 14:07:01.984431,1084,0,POINT (292.21866121660133 170.03032797928662),0.009999999999999804,292.21866121660133,170.03032797928662
2025-09-02 14:07:02.984431,1085,0,POINT (292.2248680197271 170.02248734187899),0.010000000000020942,292.2248680197271,170.02248734187899
2025-09-02 14:07:03.984431,1086,0,POINT (292.23065596938864 170.01433261081561),0.010000000000004085,292.23065596938864,170.01433261081561
2025-09-02 14:07:04.984431,1087,0,POINT (292.2360092012182 170.00588613764754),0.010000000000018931,292.2360092012182,170.00588613764754
2025-09-02 14:07:05.984431,1088,0,POINT (292.2409130423795 169.9971710735706),0.00999999999999595,292.2409130423795,169.9971710735706
2025-09-02 14:07:06.984431,1089,0,POINT (292.24535405178466 169.98821130596966),0.009999999999991054,292.24535405178466,169.98821130596966
2025-09-02 14:07:07.984431,1090,0,POINT (292.2493200569357 169.9790313929449),0.009999999999999946,292.2493200569357,169.9790313929449
2025-09-02 14:07:08.984431,1091,0,POINT (292.25280018728813 169.96965649599986),0.010000000000012723,292.25280018728813,169.96965649599986
2025-09-02 14:07:09.984431,1092,0,POINT (292.25578490404655 169.96011231107542),0.009999999999991665,292.25578490404655,169.96011231107542
2025-09-02 14:07:10.984431,1093,0,POINT (292.25826602630985 169.95042499811905),0.010000000000009193,292.25826602630985,169.95042499811905
2025-09-02 14:07:11.984431,1094,0,POINT (292.2602367534943 169.9406211093822),0.010000000000011814,292.2602367534943,169.9406211093822
2025-09-02 14:07:12.984431,1095,0,POINT (292.2616916839737 169.93072751664243),0.010000000000001171,292.2616916839737,169.93072751664243
2025-09-02 14:07:13.984431,1096,0,POINT (292.2626268298847 169.92077133754978),0.00999999999999344,292.2626268298847,169.92077133754978
2025-09-02 14:07:14.984431,1097,0,POINT (292.2630396280574 169.91077986129906),0.010000000000002748,292.2630396280574,169.91077986129906
2025-09-02 14:07:15.984431,1098,0,POINT (292.26292894704073 169.90078047383219),0.010000000000009392,292.26292894704073,169.90078047383219
2025-09-02 14:07:16.984431,1099,0,POINT (292.2622950902036 169.89080058277517),0.00999999999999144,292.2622950902036,169.89080058277517
2025-09-02 14:07:17.984431,1100,0,POINT (292.2611397949036 169.88086754231568),0.010000000000001067,292.2611397949036,169.88086754231568
2025-09-02 14:07:18.984431,1101,0,POINT (292.2594662277248 169.8710085782272),0.010000000000015266,292.2594662277248,169.8710085782272
2025-09-02 14:07:19.984431,1102,0,POINT (292.25727897579844 169.861250713245),0.009999999999995342,292.25727897579844,169.861250713245
2025-09-02 14:07:20.984431,1103,0,POINT (292.25458403423016 169.85162069299872),0.010000000000007357,292.25458403423016,169.85162069299872
2025-09-02 14:07:21.984431,1104,0,POINT (292.2513887896674 169.8421449127045),0.010000000000021981,292.2513887896674,169.8421449127045
2025-09-02 14:07:22.984431,1105,0,POINT (292.2477020000534 169.83284934481748),0.0100000000000049,292.2477020000534,169.83284934481748
2025-09-02 14:07:23.984431,1106,0,POINT (292.24353377062226 169.8237594678431),0.009999999999981643,292.24353377062226,169.8237594678431
2025-09-02 14:07:24.984431,1107,0,POINT (292.23889552620113 169.81490019650232),0.009999999999987427,292.23889552620113,169.81490019650232
2025-09-02 14:07:25.984431,1108,0,POINT (292.23379997989554 169.8062958134421),0.009999999999983442,292.23379997989554,169.8062958134421
2025-09-02 14:07:26.984431,1109,0,POINT (292.2282610982437 169.7979699026783),0.009999999999988294,292.2282610982437,169.7979699026783
2025-09-02 14:07:27.984431,1110,0,POINT (292.22229406293525 169.78994528495357),0.010000000000009784,292.22229406293525,169.78994528495357
2025-09-02 14:07:28.984431,1111,0,POINT (292.2159152291992 169.78224395518737),0.010000000000001645,292.2159152291992,169.78224395518737
2025-09-02 14:07:29.984431,1112,0,POINT (292.2091420809754 169.77488702218923),0.01000000000001181,292.2091420809754,169.77488702218923
2025-09-02 14:07:30.984431,1113,0,POINT (292.20199318299245 169.76789465080117),0.009999999999979178,292.20199318299245,169.76789465080117
2025-09-02 14:07:31.984431,1114,0,POINT (292.1944881298827 169.76128600662707),0.009999999999999804,292.1944881298827,169.76128600662707
2025-09-02 14:07:32.984431,1115,0,POINT (292.18664749247506 169.7550792035013),0.0100000000000033,292.18664749247506,169.7550792035013
2025-09-02 14:07:33.984431,1116,0,POINT (292.1784927614117 169.7492912538398),0.010000000000004085,292.1784927614117,169.7492912538398
2025-09-02 14:07:34.984431,1117,0,POINT (292.1700462882436 169.74393802201024),0.010000000000003716,292.1700462882436,169.74393802201024
2025-09-02 14:07:35.984431,1118,0,POINT (292.16133122416664 169.739034180849),0.01000000000002072,292.16133122416664,169.739034180849
2025-09-02 14:07:36.984431,1119,0,POINT (292.1523714565657 169.7345931714438),0.01000000000001652,292.1523714565657,169.7345931714438
2025-09-02 14:07:37.984431,1120,0,POINT (292.1431915435409 169.73062716629278),0.009999999999999946,292.1431915435409,169.73062716629278
2025-09-02 14:07:38.984431,1121,0,POINT (292.1338166465959 169.72714703594033),0.009999999999986077,292.1338166465959,169.72714703594033
2025-09-02 14:07:39.984431,1122,0,POINT (292.12427246167147 169.7241623191819),0.01000000000000015,292.12427246167147,169.7241623191819
2025-09-02 14:07:40.984431,1123,0,POINT (292.1145851487151 169.7216811969186),0.01000000000000214,292.1145851487151,169.7216811969186
2025-09-02 14:07:41.984431,1124,0,POINT (292.10478125997827 169.71971046973417),0.009999999999978347,292.10478125997827,169.71971046973417
2025-09-02 14:07:42.984431,1125,0,POINT (292.09488766723854 169.71825553925478),0.009999999999973051,292.09488766723854,169.71825553925478
2025-09-02 14:07:43.984431,1126,0,POINT (292.08493148814586 169.71732039334375),0.010000000000024394,292.08493148814586,169.71732039334375
2025-09-02 14:07:44.984431,1127,0,POINT (292.07494001189514 169.71690759517105),0.010000000000002748,292.07494001189514,169.71690759517105
2025-09-02 14:07:45.984431,1128,0,POINT (292.0649406244283 169.71701827618776),0.009999999999981286,292.0649406244283,169.71701827618776
2025-09-02 14:07:46.984431,1129,0,POINT (292.0549607333713 169.7176521330249),0.009999999999993242,292.0549607333713,169.7176521330249
2025-09-02 14:07:47.984431,1130,0,POINT (292.0450276929118 169.71880742832494),0.010000000000004351,292.0450276929118,169.71880742832494
2025-09-02 14:07:48.984431,1131,0,POINT (292.0351687288233 169.72048099550375),0.01000000000001051,292.0351687288233,169.72048099550375
2025-09-02 14:07:49.984431,1132,0,POINT (292.0254108638411 169.72266824743005),0.009999999999989125,292.0254108638411,169.72266824743005
2025-09-02 14:07:50.984431,1133,0,POINT (292.0157808435948 169.72536318899833),0.010000000000007357,292.0157808435948,169.72536318899833
2025-09-02 14:07:51.984431,1134,0,POINT (292.0063050633006 169.7285584335611),0.0100000000000129,292.0063050633006,169.7285584335611
2025-09-02 14:07:52.984431,1135,0,POINT (291.9970094954136 169.73224522317508),0.0100000000000049,291.9970094954136,169.73224522317508
2025-09-02 14:07:53.984431,1136,0,POINT (291.9879196184392 169.73641345260623),0.00999999999999349,291.9879196184392,169.73641345260623
2025-09-02 14:07:54.984431,1137,0,POINT (291.9790603470984 169.7410516970274),0.010000000000000609,291.9790603470984,169.7410516970274
2025-09-02 14:07:55.984431,1138,0,POINT (291.96959552573213 169.74665679796357),0.011000000000027611,291.96959552573213,169.74665679796357
2025-09-02 14:07:56.984431,1139,0,POINT (291.9596044328156 169.75330345594577),0.011999999999979636,291.9596044328156,169.75330345594577
2025-09-02 14:07:57.984431,1140,0,POINT (291.95037612243215 169.76016554655047),0.011500000000004555,291.95037612243215,169.76016554655047
2025-09-02 14:07:58.984431,1141,0,POINT (291.94171212644517 169.7673417345035),0.011249999999985518,291.94171212644517,169.7673417345035
2025-09-02 14:07:59.984431,1142,0,POINT (291.9335275384847 169.77487686190244),0.011125000000020653,291.9335275384847,169.77487686190244
2025-09-02 14:08:00.984431,1143,0,POINT (291.9257922276367 169.78278533029612),0.01106249999997934,291.9257922276367,169.78278533029612
2025-09-02 14:08:01.984431,1144,0,POINT (291.91850206703214 169.79106434200781),0.011031250000002282,291.91850206703214,169.79106434200781
2025-09-02 14:08:02.984431,1145,0,POINT (291.9116648854639 169.79970129415216),0.011015625000008241,291.9116648854639,169.79970129415216
2025-09-02 14:08:03.984431,1146,0,POINT (291.9055852774015 169.8082669472105),0.010503906249990607,291.9055852774015,169.8082669472105
2025-09-02 14:08:04.984431,1147,0,POINT (291.9000307766018 169.81703098797328),0.010375976562485728,291.9000307766018,169.81703098797328
2025-09-02 14:08:05.984431,1148,0,POINT (291.8949582461779 169.82604584514797),0.01034399414062797,291.8949582461779,169.82604584514797
2025-09-02 14:08:06.984431,1149,0,POINT (291.8905172367727 169.83500561274892),0.009999999999991054,291.8905172367727,169.83500561274892
2025-09-02 14:08:07.984431,1150,0,POINT (291.8865512316217 169.84418552577367),0.009999999999999946,291.8865512316217,169.84418552577367
2025-09-02 14:08:08.984431,1151,0,POINT (291.88307110126925 169.85356042271872),0.010000000000012723,291.88307110126925,169.85356042271872
2025-09-02 14:08:09.984431,1152,0,POINT (291.88008638451083 169.86310460764315),0.009999999999991665,291.88008638451083,169.86310460764315
2025-09-02 14:08:10.984431,1153,0,POINT (291.8776052622475 169.87279192059952),0.010000000000009193,291.8776052622475,169.87279192059952
2025-09-02 14:08:11.984431,1154,0,POINT (291.87563453506306 169.88259580933638),0.010000000000011814,291.87563453506306,169.88259580933638
2025-09-02 14:08:12.984431,1155,0,POINT (291.8741796045837 169.89248940207614),0.010000000000001171,291.8741796045837,169.89248940207614
2025-09-02 14:08:13.984431,1156,0,POINT (291.8732444586727 169.9024455811688),0.00999999999999344,291.8732444586727,169.9024455811688
2025-09-02 14:08:14.984431,1157,0,POINT (291.87283166049997 169.9124370574195),0.010000000000002748,291.87283166049997,169.9124370574195
2025-09-02 14:08:15.984431,1158,0,POINT (291.87294234151665 169.9224364448864),0.010000000000009392,291.87294234151665,169.9224364448864
2025-09-02 14:08:16.984431,1159,0,POINT (291.87357619835376 169.9324163359434),0.00999999999999144,291.87357619835376,169.9324163359434
2025-09-02 14:08:17.984431,1160,0,POINT (291.87473149365377 169.9423493764029),0.010000000000001067,291.87473149365377,169.9423493764029
2025-09-02 14:08:18.984431,1161,0,POINT (291.8764050608326 169.95220834049138),0.010000000000015266,291.8764050608326,169.95220834049138
2025-09-02 14:08:19.984431,1162,0,POINT (291.87859231275894 169.96196620547357),0.009999999999995342,291.87859231275894,169.96196620547357
2025-09-02 14:08:20.984431,1163,0,POINT (291.8812872543272 169.97159622571985),0.010000000000007357,291.8812872543272,169.97159622571985
2025-09-02 14:08:21.984431,1164,0,POINT (291.88448249889 169.98107200601407),0.010000000000021981,291.88448249889,169.98107200601407
2025-09-02 14:08:22.984431,1165,0,POINT (291.888169288504 169.9903675739011),0.0100000000000049,291.888169288504,169.9903675739011
2025-09-02 14:08:23.984431,1166,0,POINT (291.8923375179351 169.99945745087547),0.009999999999981643,291.8923375179351,169.99945745087547
2025-09-02 14:08:24.984431,1167,0,POINT (291.89697576235625 170.00831672221625),0.009999999999987427,291.89697576235625,170.00831672221625
2025-09-02 14:08:25.984431,1168,0,POINT (291.90207130866185 170.01692110527648),0.009999999999983442,291.90207130866185,170.01692110527648
2025-09-02 14:08:26.984431,1169,0,POINT (291.9076101903137 170.02524701604028),0.009999999999988294,291.9076101903137,170.02524701604028
2025-09-02 14:08:27.984431,1170,0,POINT (291.91357722562213 170.033271633765),0.010000000000009784,291.91357722562213,170.033271633765
2025-09-02 14:08:28.984431,1171,0,POINT (291.9199560593582 170.0409729635312),0.010000000000001645,291.9199560593582,170.0409729635312
2025-09-02 14:08:29.984431,1172,0,POINT (291.92672920758196 170.04832989652934),0.01000000000001181,291.92672920758196,170.04832989652934
2025-09-02 14:08:30.984431,1173,0,POINT (291.93387810556493 170.0553222679174),0.009999999999979178,291.93387810556493,170.0553222679174
2025-09-02 14:08:31.984431,1174,0,POINT (291.9413831586747 170.0619309120915),0.009999999999999804,291.9413831586747,170.0619309120915
2025-09-02 14:08:32.984431,1175,0,POINT (291.9492237960823 170.06813771521726),0.0100000000000033,291.9492237960823,170.06813771521726
2025-09-02 14:08:33.984431,1176,0,POINT (291.9573785271457 170.07392566487877),0.010000000000004085,291.9573785271457,170.07392566487877
2025-09-02 14:08:34.984431,1177,0,POINT (291.96582500031377 170.07927889670833),0.010000000000003716,291.96582500031377,170.07927889670833
2025-09-02 14:08:35.984431,1178,0,POINT (291.97454006439074 170.08418273786958),0.01000000000002072,291.97454006439074,170.08418273786958
2025-09-02 14:08:36.984431,1179,0,POINT (291.9834998319917 170.08862374727477),0.01000000000001652,291.9834998319917,170.08862374727477
2025-09-02 14:08:37.984431,1180,0,POINT (291.99267974501646 170.0925897524258),0.009999999999999946,291.99267974501646,170.0925897524258
2025-09-02 14:08:38.984431,1181,0,POINT (292.0020546419615 170.09606988277824),0.009999999999986077,292.0020546419615,170.09606988277824
2025-09-02 14:08:39.984431,1182,0,POINT (292.0115988268859 170.0990545995367),0.01000000000000015,292.0115988268859,170.0990545995367
2025-09-02 14:08:40.984431,1183,0,POINT (292.0212861398423 170.10153572179996),0.01000000000000214,292.0212861398423,170.10153572179996
2025-09-02 14:08:41.984431,1184,0,POINT (292.0310900285791 170.1035064489844),0.009999999999978347,292.0310900285791,170.1035064489844
2025-09-02 14:08:42.984431,1185,0,POINT (292.04098362131884 170.1049613794638),0.009999999999973051,292.04098362131884,170.1049613794638
2025-09-02 14:08:43.984431,1186,0,POINT (292.0509398004115 170.10589652537482),0.010000000000024394,292.0509398004115,170.10589652537482
2025-09-02 14:08:44.984431,1187,0,POINT (292.06093127666225 170.10630932354752),0.010000000000002748,292.06093127666225,170.10630932354752
2025-09-02 14:08:45.984431,1188,0,POINT (292.0709306641291 170.1061986425308),0.009999999999981286,292.0709306641291,170.1061986425308
2025-09-02 14:08:46.984431,1189,0,POINT (292.0809105551861 170.10556478569367),0.009999999999993242,292.0809105551861,170.10556478569367
2025-09-02 14:08:47.984431,1190,0,POINT (292.0908435956456 170.10440949039364),0.010000000000004351,292.0908435956456,170.10440949039364
2025-09-02 14:08:48.984431,1191,0,POINT (292.1007025597341 170.10273592321482),0.01000000000001051,292.1007025597341,170.10273592321482
2025-09-02 14:08:49.984431,1192,0,POINT (292.1104604247163 170.10054867128852),0.009999999999989125,292.1104604247163,170.10054867128852
2025-09-02 14:08:50.984431,1193,0,POINT (292.12009044496256 170.09785372972024),0.010000000000007357,292.12009044496256,170.09785372972024
2025-09-02 14:08:51.984431,1194,0,POINT (292.1295662252568 170.09465848515748),0.0100000000000129,292.1295662252568,170.09465848515748
2025-09-02 14:08:52.984431,1195,0,POINT (292.1388617931438 170.0909716955435),0.0100000000000049,292.1388617931438,170.0909716955435
2025-09-02 14:08:53.984431,1196,0,POINT (292.1479516701182 170.08680346611234),0.00999999999999349,292.1479516701182,170.08680346611234
2025-09-02 14:08:54.984431,1197,0,POINT (292.15681094145896 170.08216522169118),0.010000000000000609,292.15681094145896,170.08216522169118
2025-09-02 14:08:55.984431,1198,0,POINT (292.1654153245192 170.0770696753856),0.009999999999983442,292.1654153245192,170.0770696753856
2025-09-02 14:08:56.984431,1199,0,POINT (292.173741235283 170.07153079373376),0.009999999999988294,292.173741235283,170.07153079373376
2025-09-02 14:08:57.984431,1200,0,POINT (292.1817658530077 170.0655637584253),0.009999999999986978,292.1817658530077,170.0655637584253
2025-09-02 14:08:58.984431,1201,0,POINT (292.1894671827739 170.05918492468925),0.010000000000023533,292.1894671827739,170.05918492468925
2025-09-02 14:08:59.984431,1202,0,POINT (292.196824115772 170.05241177646548),0.009999999999990902,292.196824115772,170.05241177646548
2025-09-02 14:09:00.984431,1203,0,POINT (292.2038164871601 170.04526287848248),0.010000000000019372,292.2038164871601,170.04526287848248
2025-09-02 14:09:01.984431,1204,0,POINT (292.2104251313342 170.03775782537272),0.009999999999999804,292.2104251313342,170.03775782537272
2025-09-02 14:09:02.984431,1205,0,POINT (292.21663193446 170.02991718796508),0.010000000000020942,292.21663193446,170.02991718796508
2025-09-02 14:09:03.984431,1206,0,POINT (292.2224198841215 170.0217624569017),0.010000000000004085,292.2224198841215,170.0217624569017
2025-09-02 14:09:04.984431,1207,0,POINT (292.2277731159511 170.01331598373363),0.010000000000018931,292.2277731159511,170.01331598373363
2025-09-02 14:09:05.984431,1208,0,POINT (292.23267695711235 170.0046009196567),0.00999999999999595,292.23267695711235,170.0046009196567
2025-09-02 14:09:06.984431,1209,0,POINT (292.23711796651753 169.99564115205575),0.009999999999991054,292.23711796651753,169.99564115205575
2025-09-02 14:09:07.984431,1210,0,POINT (292.24108397166856 169.986461239031),0.009999999999999946,292.24108397166856,169.986461239031
2025-09-02 14:09:08.984431,1211,0,POINT (292.244564102021 169.97708634208595),0.010000000000012723,292.244564102021,169.97708634208595
2025-09-02 14:09:09.984431,1212,0,POINT (292.2475488187794 169.96754215716152),0.009999999999991665,292.2475488187794,169.96754215716152
2025-09-02 14:09:10.984431,1213,0,POINT (292.2500299410427 169.95785484420514),0.010000000000009193,292.2500299410427,169.95785484420514
2025-09-02 14:09:11.984431,1214,0,POINT (292.2520006682272 169.9480509554683),0.010000000000011814,292.2520006682272,169.9480509554683
2025-09-02 14:09:12.984431,1215,0,POINT (292.2534555987066 169.93815736272853),0.010000000000001171,292.2534555987066,169.93815736272853
2025-09-02 14:09:13.984431,1216,0,POINT (292.2543907446176 169.92820118363588),0.00999999999999344,292.2543907446176,169.92820118363588
2025-09-02 14:09:14.984431,1217,0,POINT (292.2548035427903 169.91820970738516),0.010000000000002748,292.2548035427903,169.91820970738516
2025-09-02 14:09:15.984431,1218,0,POINT (292.2546928617736 169.90821031991828),0.010000000000009392,292.2546928617736,169.90821031991828
2025-09-02 14:09:16.984431,1219,0,POINT (292.2540590049365 169.89823042886127),0.00999999999999144,292.2540590049365,169.89823042886127
2025-09-02 14:09:17.984431,1220,0,POINT (292.2529037096365 169.88829738840178),0.010000000000001067,292.2529037096365,169.88829738840178
2025-09-02 14:09:18.984431,1221,0,POINT (292.25123014245764 169.8784384243133),0.010000000000015266,292.25123014245764,169.8784384243133
2025-09-02 14:09:19.984431,1222,0,POINT (292.2490428905313 169.8686805593311),0.009999999999995342,292.2490428905313,169.8686805593311
2025-09-02 14:09:20.984431,1223,0,POINT (292.24634794896303 169.85905053908482),0.010000000000007357,292.24634794896303,169.85905053908482
2025-09-02 14:09:21.984431,1224,0,POINT (292.24315270440025 169.8495747587906),0.010000000000021981,292.24315270440025,169.8495747587906
2025-09-02 14:09:22.984431,1225,0,POINT (292.23946591478625 169.84027919090357),0.0100000000000049,292.23946591478625,169.84027919090357
2025-09-02 14:09:23.984431,1226,0,POINT (292.23529768535514 169.8311893139292),0.009999999999981643,292.23529768535514,169.8311893139292
2025-09-02 14:09:24.984431,1227,0,POINT (292.230659440934 169.82233004258842),0.009999999999987427,292.230659440934,169.82233004258842
2025-09-02 14:09:25.984431,1228,0,POINT (292.2255638946284 169.8137256595282),0.009999999999983442,292.2255638946284,169.8137256595282
2025-09-02 14:09:26.984431,1229,0,POINT (292.2200250129766 169.8053997487644),0.009999999999988294,292.2200250129766,169.8053997487644
2025-09-02 14:09:27.984431,1230,0,POINT (292.2140579776681 169.79737513103967),0.010000000000009784,292.2140579776681,169.79737513103967
2025-09-02 14:09:28.984431,1231,0,POINT (292.20767914393207 169.78967380127347),0.010000000000001645,292.20767914393207,169.78967380127347
2025-09-02 14:09:29.984431,1232,0,POINT (292.2009059957083 169.78231686827533),0.01000000000001181,292.2009059957083,169.78231686827533
2025-09-02 14:09:30.984431,1233,0,POINT (292.1937570977253 169.77532449688727),0.009999999999979178,292.1937570977253,169.77532449688727
2025-09-02 14:09:31.984431,1234,0,POINT (292.18625204461557 169.76871585271317),0.009999999999999804,292.18625204461557,169.76871585271317
2025-09-02 14:09:32.984431,1235,0,POINT (292.17841140720793 169.7625090495874),0.0100000000000033,292.17841140720793,169.7625090495874
2025-09-02 14:09:33.984431,1236,0,POINT (292.17025667614456 169.7567210999259),0.010000000000004085,292.17025667614456,169.7567210999259
2025-09-02 14:09:34.984431,1237,0,POINT (292.1618102029765 169.75136786809634),0.010000000000003716,292.1618102029765,169.75136786809634
2025-09-02 14:09:35.984431,1238,0,POINT (292.1530951388995 169.7464640269351),0.01000000000002072,292.1530951388995,169.7464640269351
2025-09-02 14:09:36.984431,1239,0,POINT (292.14413537129855 169.7420230175299),0.01000000000001652,292.14413537129855,169.7420230175299
2025-09-02 14:09:37.984431,1240,0,POINT (292.1349554582738 169.73805701237887),0.009999999999999946,292.1349554582738,169.73805701237887
2025-09-02 14:09:38.984431,1241,0,POINT (292.1255805613288 169.73457688202643),0.009999999999986077,292.1255805613288,169.73457688202643
2025-09-02 14:09:39.984431,1242,0,POINT (292.11603637640434 169.73159216526798),0.01000000000000015,292.11603637640434,169.73159216526798
2025-09-02 14:09:40.984431,1243,0,POINT (292.10634906344796 169.7291110430047),0.01000000000000214,292.10634906344796,169.7291110430047
2025-09-02 14:09:41.984431,1244,0,POINT (292.09654517471114 169.72714031582026),0.009999999999978347,292.09654517471114,169.72714031582026
2025-09-02 14:09:42.984431,1245,0,POINT (292.0866515819714 169.72568538534088),0.009999999999973051,292.0866515819714,169.72568538534088
2025-09-02 14:09:43.984431,1246,0,POINT (292.0766954028787 169.72475023942985),0.010000000000024394,292.0766954028787,169.72475023942985
2025-09-02 14:09:44.984431,1247,0,POINT (292.066703926628 169.72433744125715),0.010000000000002748,292.066703926628,169.72433744125715
2025-09-02 14:09:45.984431,1248,0,POINT (292.05670453916116 169.72444812227386),0.009999999999981286,292.05670453916116,169.72444812227386
2025-09-02 14:09:46.984431,1249,0,POINT (292.04672464810415 169.725081979111),0.009999999999993242,292.04672464810415,169.725081979111
2025-09-02 14:09:47.984431,1250,0,POINT (292.03679160764466 169.72623727441103),0.010000000000004351,292.03679160764466,169.72623727441103
2025-09-02 14:09:48.984431,1251,0,POINT (292.02693264355617 169.72791084158985),0.01000000000001051,292.02693264355617,169.72791084158985
2025-09-02 14:09:49.984431,1252,0,POINT (292.017174778574 169.73009809351615),0.009999999999989125,292.017174778574,169.73009809351615
2025-09-02 14:09:50.984431,1253,0,POINT (292.0075447583277 169.73279303508443),0.010000000000007357,292.0075447583277,169.73279303508443
2025-09-02 14:09:51.984431,1254,0,POINT (291.9980689780335 169.7359882796472),0.0100000000000129,291.9980689780335,169.7359882796472
2025-09-02 14:09:52.984431,1255,0,POINT (291.98877341014645 169.73967506926118),0.0100000000000049,291.98877341014645,169.73967506926118
2025-09-02 14:09:53.984431,1256,0,POINT (291.9796835331721 169.74384329869233),0.00999999999999349,291.9796835331721,169.74384329869233
2025-09-02 14:09:54.984431,1257,0,POINT (291.9708242618313 169.74848154311348),0.010000000000000609,291.9708242618313,169.74848154311348
2025-09-02 14:09:55.984431,1258,0,POINT (291.96221987877107 169.75357708941908),0.009999999999983442,291.96221987877107,169.75357708941908
2025-09-02 14:09:56.984431,1259,0,POINT (291.95389396800726 169.7591159710709),0.009999999999988294,291.95389396800726,169.7591159710709
2025-09-02 14:09:57.984431,1260,0,POINT (291.9458693502826 169.76508300637937),0.009999999999986978,291.9458693502826,169.76508300637937
2025-09-02 14:09:58.984431,1261,0,POINT (291.93816802051634 169.77146184011542),0.010000000000023533,291.93816802051634,169.77146184011542
2025-09-02 14:09:59.984431,1262,0,POINT (291.93081108751824 169.7782349883392),0.009999999999990902,291.93081108751824,169.7782349883392
2025-09-02 14:10:00.984431,1263,0,POINT (291.92381871613014 169.7853838863222),0.010000000000019372,291.92381871613014,169.7853838863222
2025-09-02 14:10:01.984431,1264,0,POINT (291.91721007195605 169.79288893943195),0.009999999999999804,291.91721007195605,169.79288893943195
2025-09-02 14:10:02.984431,1265,0,POINT (291.91100326883026 169.8007295768396),0.010000000000020942,291.91100326883026,169.8007295768396
2025-09-02 14:10:03.984431,1266,0,POINT (291.90521531916875 169.80888430790296),0.010000000000004085,291.90521531916875,169.80888430790296
2025-09-02 14:10:04.984431,1267,0,POINT (291.89986208733916 169.81733078107104),0.010000000000018931,291.89986208733916,169.81733078107104
2025-09-02 14:10:05.984431,1268,0,POINT (291.8949582461779 169.82604584514797),0.00999999999999595,291.8949582461779,169.82604584514797
2025-09-02 14:10:06.984431,1269,0,POINT (291.8905172367727 169.83500561274892),0.009999999999991054,291.8905172367727,169.83500561274892
2025-09-02 14:10:07.984431,1270,0,POINT (291.8865512316217 169.84418552577367),0.009999999999999946,291.8865512316217,169.84418552577367
2025-09-02 14:10:08.984431,1271,0,POINT (291.88307110126925 169.85356042271872),0.010000000000012723,291.88307110126925,169.85356042271872
2025-09-02 14:10:09.984431,1272,0,POINT (291.88008638451083 169.86310460764315),0.009999999999991665,291.88008638451083,169.86310460764315
2025-09-02 14:10:10.984431,1273,0,POINT (291.8776052622475 169.87279192059952),0.010000000000009193,291.8776052622475,169.87279192059952
2025-09-02 14:10:11.984431,1274,0,POINT (291.87563453506306 169.88259580933638),0.010000000000011814,291.87563453506306,169.88259580933638
2025-09-02 14:10:12.984431,1275,0,POINT (291.8741796045837 169.89248940207614),0.010000000000001171,291.8741796045837,169.89248940207614
2025-09-02 14:10:13.984431,1276,0,POINT (291.8732444586727 169.9024455811688),0.00999999999999344,291.8732444586727,169.9024455811688
2025-09-02 14:10:14.984431,1277,0,POINT (291.87283166049997 169.9124370574195),0.010000000000002748,291.87283166049997,169.9124370574195
2025-09-02 14:10:15.984431,1278,0,POINT (291.87294234151665 169.9224364448864),0.010000000000009392,291.87294234151665,169.9224364448864
2025-09-02 14:10:16.984431,1279,0,POINT (291.87357619835376 169.9324163359434),0.00999999999999144,291.87357619835376,169.9324163359434
2025-09-02 14:10:17.984431,1280,0,POINT (291.87473149365377 169.9423493764029),0.010000000000001067,291.87473149365377,169.9423493764029
2025-09-02 14:10:18.984431,1281,0,POINT (291.8764050608326 169.95220834049138),0.010000000000015266,291.8764050608326,169.95220834049138
2025-09-02 14:10:19.984431,1282,0,POINT (291.87859231275894 169.96196620547357),0.009999999999995342,291.87859231275894,169.96196620547357
2025-09-02 14:10:20.984431,1283,0,POINT (291.8812872543272 169.97159622571985),0.010000000000007357,291.8812872543272,169.97159622571985
2025-09-02 14:10:21.984431,1284,0,POINT (291.88448249889 169.98107200601407),0.010000000000021981,291.88448249889,169.98107200601407
2025-09-02 14:10:22.984431,1285,0,POINT (291.888169288504 169.9903675739011),0.0100000000000049,291.888169288504,169.9903675739011
2025-09-02 14:10:23.984431,1286,0,POINT (291.8923375179351 169.99945745087547),0.009999999999981643,291.8923375179351,169.99945745087547
2025-09-02 14:10:24.984431,1287,0,POINT (291.89697576235625 170.00831672221625),0.009999999999987427,291.89697576235625,170.00831672221625
2025-09-02 14:10:25.984431,1288,0,POINT (291.90207130866185 170.01692110527648),0.009999999999983442,291.90207130866185,170.01692110527648
2025-09-02 14:10:26.984431,1289,0,POINT (291.9076101903137 170.02524701604028),0.009999999999988294,291.9076101903137,170.02524701604028
2025-09-02 14:10:27.984431,1290,0,POINT (291.91357722562213 170.033271633765),0.010000000000009784,291.91357722562213,170.033271633765
2025-09-02 14:10:28.984431,1291,0,POINT (291.9199560593582 170.0409729635312),0.010000000000001645,291.9199560593582,170.0409729635312
2025-09-02 14:10:29.984431,1292,0,POINT (291.92672920758196 170.04832989652934),0.01000000000001181,291.92672920758196,170.04832989652934
2025-09-02 14:10:30.984431,1293,0,POINT (291.93387810556493 170.0553222679174),0.009999999999979178,291.93387810556493,170.0553222679174
2025-09-02 14:10:31.984431,1294,0,POINT (291.9413831586747 170.0619309120915),0.009999999999999804,291.9413831586747,170.0619309120915
2025-09-02 14:10:32.984431,1295,0,POINT (291.9492237960823 170.06813771521726),0.0100000000000033,291.9492237960823,170.06813771521726
2025-09-02 14:10:33.984431,1296,0,POINT (291.9573785271457 170.07392566487877),0.010000000000004085,291.9573785271457,170.07392566487877
2025-09-02 14:10:34.984431,1297,0,POINT (291.96582500031377 170.07927889670833),0.010000000000003716,291.96582500031377,170.07927889670833
2025-09-02 14:10:35.984431,1298,0,POINT (291.97454006439074 170.08418273786958),0.01000000000002072,291.97454006439074,170.08418273786958
2025-09-02 14:10:36.984431,1299,0,POINT (291.9834998319917 170.08862374727477),0.01000000000001652,291.9834998319917,170.08862374727477
2025-09-02 14:10:37.984431,1300,0,POINT (291.99267974501646 170.0925897524258),0.009999999999999946,291.99267974501646,170.0925897524258
2025-09-02 14:10:38.984431,1301,0,POINT (292.0020546419615 170.09606988277824),0.009999999999986077,292.0020546419615,170.09606988277824
2025-09-02 14:10:39.984431,1302,0,POINT (292.0115988268859 170.0990545995367),0.01000000000000015,292.0115988268859,170.0990545995367
2025-09-02 14:10:40.984431,1303,0,POINT (292.0212861398423 170.10153572179996),0.01000000000000214,292.0212861398423,170.10153572179996
2025-09-02 14:10:41.984431,1304,0,POINT (292.0310900285791 170.1035064489844),0.009999999999978347,292.0310900285791,170.1035064489844
2025-09-02 14:10:42.984431,1305,0,POINT (292.04098362131884 170.1049613794638),0.009999999999973051,292.04098362131884,170.1049613794638
2025-09-02 14:10:43.984431,1306,0,POINT (292.0509398004115 170.10589652537482),0.010000000000024394,292.0509398004115,170.10589652537482
2025-09-02 14:10:44.984431,1307,0,POINT (292.06093127666225 170.10630932354752),0.010000000000002748,292.06093127666225,170.10630932354752
2025-09-02 14:10:45.984431,1308,0,POINT (292.0709306641291 170.1061986425308),0.009999999999981286,292.0709306641291,170.1061986425308
2025-09-02 14:10:46.984431,1309,0,POINT (292.0809105551861 170.10556478569367),0.009999999999993242,292.0809105551861,170.10556478569367
2025-09-02 14:10:47.984431,1310,0,POINT (292.0908435956456 170.10440949039364),0.010000000000004351,292.0908435956456,170.10440949039364
2025-09-02 14:10:48.984431,1311,0,POINT (292.1007025597341 170.10273592321482),0.01000000000001051,292.1007025597341,170.10273592321482
2025-09-02 14:10:49.984431,1312,0,POINT (292.1104604247163 170.10054867128852),0.009999999999989125,292.1104604247163,170.10054867128852
2025-09-02 14:10:50.984431,1313,0,POINT (292.12009044496256 170.09785372972024),0.010000000000007357,292.12009044496256,170.09785372972024
2025-09-02 14:10:51.984431,1314,0,POINT (292.1295662252568 170.09465848515748),0.0100000000000129,292.1295662252568,170.09465848515748
2025-09-02 14:10:52.984431,1315,0,POINT (292.1388617931438 170.0909716955435),0.0100000000000049,292.1388617931438,170.0909716955435
2025-09-02 14:10:53.984431,1316,0,POINT (292.1479516701182 170.08680346611234),0.00999999999999349,292.1479516701182,170.08680346611234
2025-09-02 14:10:54.984431,1317,0,POINT (292.15681094145896 170.08216522169118),0.010000000000000609,292.15681094145896,170.08216522169118
2025-09-02 14:10:55.984431,1318,0,POINT (292.1654153245192 170.0770696753856),0.009999999999983442,292.1654153245192,170.0770696753856
2025-09-02 14:10:56.984431,1319,0,POINT (292.173741235283 170.07153079373376),0.009999999999988294,292.173741235283,170.07153079373376
2025-09-02 14:10:57.984431,1320,0,POINT (292.1817658530077 170.0655637584253),0.009999999999986978,292.1817658530077,170.0655637584253
2025-09-02 14:10:58.984431,1321,0,POINT (292.1894671827739 170.05918492468925),0.010000000000023533,292.1894671827739,170.05918492468925
2025-09-02 14:10:59.984431,1322,0,POINT (292.196824115772 170.05241177646548),0.009999999999990902,292.196824115772,170.05241177646548
2025-09-02 14:11:00.984431,1323,0,POINT (292.2038164871601 170.04526287848248),0.010000000000019372,292.2038164871601,170.04526287848248
2025-09-02 14:11:01.984431,1324,0,POINT (292.2104251313342 170.03775782537272),0.009999999999999804,292.2104251313342,170.03775782537272
2025-09-02 14:11:02.984431,1325,0,POINT (292.21663193446 170.02991718796508),0.010000000000020942,292.21663193446,170.02991718796508
2025-09-02 14:11:03.984431,1326,0,POINT (292.2224198841215 170.0217624569017),0.010000000000004085,292.2224198841215,170.0217624569017
2025-09-02 14:11:04.984431,1327,0,POINT (292.2277731159511 170.01331598373363),0.010000000000018931,292.2277731159511,170.01331598373363
2025-09-02 14:11:05.984431,1328,0,POINT (292.23267695711235 170.0046009196567),0.00999999999999595,292.23267695711235,170.0046009196567
2025-09-02 14:11:06.984431,1329,0,POINT (292.23711796651753 169.99564115205575),0.009999999999991054,292.23711796651753,169.99564115205575
2025-09-02 14:11:07.984431,1330,0,POINT (292.24108397166856 169.986461239031),0.009999999999999946,292.24108397166856,169.986461239031
2025-09-02 14:11:08.984431,1331,0,POINT (292.244564102021 169.97708634208595),0.010000000000012723,292.244564102021,169.97708634208595
2025-09-02 14:11:09.984431,1332,0,POINT (292.2475488187794 169.96754215716152),0.009999999999991665,292.2475488187794,169.96754215716152
2025-09-02 14:11:10.984431,1333,0,POINT (292.2500299410427 169.95785484420514),0.010000000000009193,292.2500299410427,169.95785484420514
2025-09-02 14:11:11.984431,1334,0,POINT (292.2520006682272 169.9480509554683),0.010000000000011814,292.2520006682272,169.9480509554683
2025-09-02 14:11:12.984431,1335,0,POINT (292.2534555987066 169.93815736272853),0.010000000000001171,292.2534555987066,169.93815736272853
2025-09-02 14:11:13.984431,1336,0,POINT (292.2543907446176 169.92820118363588),0.00999999999999344,292.2543907446176,169.92820118363588
2025-09-02 14:11:14.984431,1337,0,POINT (292.2548035427903 169.91820970738516),0.010000000000002748,292.2548035427903,169.91820970738516
2025-09-02 14:11:15.984431,1338,0,POINT (292.2546928617736 169.90821031991828),0.010000000000009392,292.2546928617736,169.90821031991828
2025-09-02 14:11:16.984431,1339,0,POINT (292.2540590049365 169.89823042886127),0.00999999999999144,292.2540590049365,169.89823042886127
2025-09-02 14:11:17.984431,1340,0,POINT (292.2529037096365 169.88829738840178),0.010000000000001067,292.2529037096365,169.88829738840178
2025-09-02 14:11:18.984431,1341,0,POINT (292.25123014245764 169.8784384243133),0.010000000000015266,292.25123014245764,169.8784384243133
2025-09-02 14:11:19.984431,1342,0,POINT (292.2490428905313 169.8686805593311),0.009999999999995342,292.2490428905313,169.8686805593311
2025-09-02 14:11:20.984431,1343,0,POINT (292.24634794896303 169.85905053908482),0.010000000000007357,292.24634794896303,169.85905053908482
2025-09-02 14:11:21.984431,1344,0,POINT (292.24315270440025 169.8495747587906),0.010000000000021981,292.24315270440025,169.8495747587906
2025-09-02 14:11:22.984431,1345,0,POINT (292.23946591478625 169.84027919090357),0.0100000000000049,292.23946591478625,169.84027919090357
2025-09-02 14:11:23.984431,1346,0,POINT (292.23529768535514 169.8311893139292),0.009999999999981643,292.23529768535514,169.8311893139292
2025-09-02 14:11:24.984431,1347,0,POINT (292.230659440934 169.82233004258842),0.009999999999987427,292.230659440934,169.82233004258842
2025-09-02 14:11:25.984431,1348,0,POINT (292.2255638946284 169.8137256595282),0.009999999999983442,292.2255638946284,169.8137256595282
2025-09-02 14:11:26.984431,1349,0,POINT (292.2200250129766 169.8053997487644),0.009999999999988294,292.2200250129766,169.8053997487644
2025-09-02 14:11:27.984431,1350,0,POINT (292.2140579776681 169.79737513103967),0.010000000000009784,292.2140579776681,169.79737513103967
2025-09-02 14:11:28.984431,1351,0,POINT (292.20767914393207 169.78967380127347),0.010000000000001645,292.20767914393207,169.78967380127347
2025-09-02 14:11:29.984431,1352,0,POINT (292.2009059957083 169.78231686827533),0.01000000000001181,292.2009059957083,169.78231686827533
2025-09-02 14:11:30.984431,1353,0,POINT (292.1937570977253 169.77532449688727),0.009999999999979178,292.1937570977253,169.77532449688727
2025-09-02 14:11:31.984431,1354,0,POINT (292.18625204461557 169.76871585271317),0.009999999999999804,292.18625204461557,169.76871585271317
2025-09-02 14:11:32.984431,1355,0,POINT (292.17841140720793 169.7625090495874),0.0100000000000033,292.17841140720793,169.7625090495874
2025-09-02 14:11:33.984431,1356,0,POINT (292.17025667614456 169.7567210999259),0.010000000000004085,292.17025667614456,169.7567210999259
2025-09-02 14:11:34.984431,1357,0,POINT (292.1618102029765 169.75136786809634),0.010000000000003716,292.1618102029765,169.75136786809634
2025-09-02 14:11:35.984431,1358,0,POINT (292.1530951388995 169.7464640269351),0.01000000000002072,292.1530951388995,169.7464640269351
2025-09-02 14:11:36.984431,1359,0,POINT (292.14413537129855 169.7420230175299),0.01000000000001652,292.14413537129855,169.7420230175299
2025-09-02 14:11:37.984431,1360,0,POINT (292.1349554582738 169.73805701237887),0.009999999999999946,292.1349554582738,169.73805701237887
2025-09-02 14:11:38.984431,1361,0,POINT (292.1255805613288 169.73457688202643),0.009999999999986077,292.1255805613288,169.73457688202643
2025-09-02 14:11:39.984431,1362,0,POINT (292.11603637640434 169.73159216526798),0.01000000000000015,292.11603637640434,169.73159216526798
2025-09-02 14:11:40.984431,1363,0,POINT (292.10634906344796 169.7291110430047),0.01000000000000214,292.10634906344796,169.7291110430047
2025-09-02 14:11:41.984431,1364,0,POINT (292.09654517471114 169.72714031582026),0.009999999999978347,292.09654517471114,169.72714031582026
2025-09-02 14:11:42.984431,1365,0,POINT (292.0866515819714 169.72568538534088),0.009999999999973051,292.0866515819714,169.72568538534088
2025-09-02 14:11:43.984431,1366,0,POINT (292.0766954028787 169.72475023942985),0.010000000000024394,292.0766954028787,169.72475023942985
2025-09-02 14:11:44.984431,1367,0,POINT (292.066703926628 169.72433744125715),0.010000000000002748,292.066703926628,169.72433744125715
2025-09-02 14:11:45.984431,1368,0,POINT (292.05670453916116 169.72444812227386),0.009999999999981286,292.05670453916116,169.72444812227386
2025-09-02 14:11:46.984431,1369,0,POINT (292.04672464810415 169.725081979111),0.009999999999993242,292.04672464810415,169.725081979111
2025-09-02 14:11:47.984431,1370,0,POINT (292.03679160764466 169.72623727441103),0.010000000000004351,292.03679160764466,169.72623727441103
2025-09-02 14:11:48.984431,1371,0,POINT (292.02693264355617 169.72791084158985),0.01000000000001051,292.02693264355617,169.72791084158985
2025-09-02 14:11:49.984431,1372,0,POINT (292.017174778574 169.73009809351615),0.009999999999989125,292.017174778574,169.73009809351615
2025-09-02 14:11:50.984431,1373,0,POINT (292.0075447583277 169.73279303508443),0.010000000000007357,292.0075447583277,169.73279303508443
2025-09-02 14:11:51.984431,1374,0,POINT (291.9980689780335 169.7359882796472),0.0100000000000129,291.9980689780335,169.7359882796472
2025-09-02 14:11:52.984431,1375,0,POINT (291.98877341014645 169.73967506926118),0.0100000000000049,291.98877341014645,169.73967506926118
2025-09-02 14:11:53.984431,1376,0,POINT (291.9796835331721 169.74384329869233),0.00999999999999349,291.9796835331721,169.74384329869233
2025-09-02 14:11:54.984431,1377,0,POINT (291.9708242618313 169.74848154311348),0.010000000000000609,291.9708242618313,169.74848154311348
2025-09-02 14:11:55.984431,1378,0,POINT (291.96221987877107 169.75357708941908),0.009999999999983442,291.96221987877107,169.75357708941908
2025-09-02 14:11:56.984431,1379,0,POINT (291.95389396800726 169.7591159710709),0.009999999999988294,291.95389396800726,169.7591159710709
2025-09-02 14:11:57.984431,1380,0,POINT (291.9458693502826 169.76508300637937),0.009999999999986978,291.9458693502826,169.76508300637937
2025-09-02 14:11:58.984431,1381,0,POINT (291.93816802051634 169.77146184011542),0.010000000000023533,291.93816802051634,169.77146184011542
2025-09-02 14:11:59.984431,1382,0,POINT (291.93081108751824 169.7782349883392),0.009999999999990902,291.93081108751824,169.7782349883392
2025-09-02 14:12:00.984431,1383,0,POINT (291.92381871613014 169.7853838863222),0.010000000000019372,291.92381871613014,169.7853838863222
2025-09-02 14:12:01.984431,1384,0,POINT (291.91721007195605 169.79288893943195),0.009999999999999804,291.91721007195605,169.79288893943195
2025-09-02 14:12:02.984431,1385,0,POINT (291.91100326883026 169.8007295768396),0.010000000000020942,291.91100326883026,169.8007295768396
2025-09-02 14:12:03.984431,1386,0,POINT (291.90521531916875 169.80888430790296),0.010000000000004085,291.90521531916875,169.80888430790296
2025-09-02 14:12:04.984431,1387,0,POINT (291.89986208733916 169.81733078107104),0.010000000000018931,291.89986208733916,169.81733078107104
2025-09-02 14:12:05.984431,1388,0,POINT (291.8949582461779 169.82604584514797),0.00999999999999595,291.8949582461779,169.82604584514797
2025-09-02 14:12:06.984431,1389,0,POINT (291.8905172367727 169.83500561274892),0.009999999999991054,291.8905172367727,169.83500561274892
2025-09-02 14:12:07.984431,1390,0,POINT (291.8865512316217 169.84418552577367),0.009999999999999946,291.8865512316217,169.84418552577367
2025-09-02 14:12:08.984431,1391,0,POINT (291.88307110126925 169.85356042271872),0.010000000000012723,291.88307110126925,169.85356042271872
2025-09-02 14:12:09.984431,1392,0,POINT (291.88008638451083 169.86310460764315),0.009999999999991665,291.88008638451083,169.86310460764315
2025-09-02 14:12:10.984431,1393,0,POINT (291.8776052622475 169.87279192059952),0.010000000000009193,291.8776052622475,169.87279192059952
2025-09-02 14:12:11.984431,1394,0,POINT (291.87563453506306 169.88259580933638),0.010000000000011814,291.87563453506306,169.88259580933638
2025-09-02 14:12:12.984431,1395,0,POINT (291.8741796045837 169.89248940207614),0.010000000000001171,291.8741796045837,169.89248940207614
2025-09-02 14:12:13.984431,1396,0,POINT (291.8732444586727 169.9024455811688),0.00999999999999344,291.8732444586727,169.9024455811688
2025-09-02 14:12:14.984431,1397,0,POINT (291.87283166049997 169.9124370574195),0.010000000000002748,291.87283166049997,169.9124370574195
2025-09-02 14:12:15.984431,1398,0,POINT (291.87294234151665 169.9224364448864),0.010000000000009392,291.87294234151665,169.9224364448864
2025-09-02 14:12:16.984431,1399,0,POINT (291.87357619835376 169.9324163359434),0.00999999999999144,291.87357619835376,169.9324163359434
2025-09-02 14:12:17.984431,1400,0,POINT (291.87473149365377 169.9423493764029),0.010000000000001067,291.87473149365377,169.9423493764029
2025-09-02 14:12:18.984431,1401,0,POINT (291.8764050608326 169.95220834049138),0.010000000000015266,291.8764050608326,169.95220834049138
2025-09-02 14:12:19.984431,1402,0,POINT (291.87859231275894 169.96196620547357),0.009999999999995342,291.87859231275894,169.96196620547357
2025-09-02 14:12:20.984431,1403,0,POINT (291.8812872543272 169.97159622571985),0.010000000000007357,291.8812872543272,169.97159622571985
2025-09-02 14:12:21.984431,1404,0,POINT (291.88448249889 169.98107200601407),0.010000000000021981,291.88448249889,169.98107200601407
2025-09-02 14:12:22.984431,1405,0,POINT (291.888169288504 169.9903675739011),0.0100000000000049,291.888169288504,169.9903675739011
2025-09-02 14:12:23.984431,1406,0,POINT (291.8923375179351 169.99945745087547),0.009999999999981643,291.8923375179351,169.99945745087547
2025-09-02 14:12:24.984431,1407,0,POINT (291.89697576235625 170.00831672221625),0.009999999999987427,291.89697576235625,170.00831672221625
2025-09-02 14:12:25.984431,1408,0,POINT (291.90207130866185 170.01692110527648),0.009999999999983442,291.90207130866185,170.01692110527648
2025-09-02 14:12:26.984431,1409,0,POINT (291.9076101903137 170.02524701604028),0.009999999999988294,291.9076101903137,170.02524701604028
2025-09-02 14:12:27.984431,1410,0,POINT (291.91357722562213 170.033271633765),0.010000000000009784,291.91357722562213,170.033271633765
2025-09-02 14:12:28.984431,1411,0,POINT (291.9199560593582 170.0409729635312),0.010000000000001645,291.9199560593582,170.0409729635312
2025-09-02 14:12:29.984431,1412,0,POINT (291.92672920758196 170.04832989652934),0.01000000000001181,291.92672920758196,170.04832989652934
2025-09-02 14:12:30.984431,1413,0,POINT (291.93387810556493 170.0553222679174),0.009999999999979178,291.93387810556493,170.0553222679174
2025-09-02 14:12:31.984431,1414,0,POINT (291.9413831586747 170.0619309120915),0.009999999999999804,291.9413831586747,170.0619309120915
2025-09-02 14:12:32.984431,1415,0,POINT (291.9492237960823 170.06813771521726),0.0100000000000033,291.9492237960823,170.06813771521726
2025-09-02 14:12:33.984431,1416,0,POINT (291.9573785271457 170.07392566487877),0.010000000000004085,291.9573785271457,170.07392566487877
2025-09-02 14:12:34.984431,1417,0,POINT (291.96582500031377 170.07927889670833),0.010000000000003716,291.96582500031377,170.07927889670833
2025-09-02 14:12:35.984431,1418,0,POINT (291.97454006439074 170.08418273786958),0.01000000000002072,291.97454006439074,170.08418273786958
2025-09-02 14:12:36.984431,1419,0,POINT (291.9834998319917 170.08862374727477),0.01000000000001652,291.9834998319917,170.08862374727477
2025-09-02 14:12:37.984431,1420,0,POINT (291.99267974501646 170.0925897524258),0.009999999999999946,291.99267974501646,170.0925897524258
2025-09-02 14:12:38.984431,1421,0,POINT (292.0020546419615 170.09606988277824),0.009999999999986077,292.0020546419615,170.09606988277824
2025-09-02 14:12:39.984431,1422,0,POINT (292.0115988268859 170.0990545995367),0.01000000000000015,292.0115988268859,170.0990545995367
2025-09-02 14:12:40.984431,1423,0,POINT (292.0212861398423 170.10153572179996),0.01000000000000214,292.0212861398423,170.10153572179996
2025-09-02 14:12:41.984431,1424,0,POINT (292.0310900285791 170.1035064489844),0.009999999999978347,292.0310900285791,170.1035064489844
2025-09-02 14:12:42.984431,1425,0,POINT (292.04098362131884 170.1049613794638),0.009999999999973051,292.04098362131884,170.1049613794638
2025-09-02 14:12:43.984431,1426,0,POINT (292.0509398004115 170.10589652537482),0.010000000000024394,292.0509398004115,170.10589652537482
2025-09-02 14:12:44.984431,1427,0,POINT (292.06093127666225 170.10630932354752),0.010000000000002748,292.06093127666225,170.10630932354752
2025-09-02 14:12:45.984431,1428,0,POINT (292.0709306641291 170.1061986425308),0.009999999999981286,292.0709306641291,170.1061986425308
2025-09-02 14:12:46.984431,1429,0,POINT (292.0809105551861 170.10556478569367),0.009999999999993242,292.0809105551861,170.10556478569367
2025-09-02 14:12:47.984431,1430,0,POINT (292.0908435956456 170.10440949039364),0.010000000000004351,292.0908435956456,170.10440949039364
2025-09-02 14:12:48.984431,1431,0,POINT (292.1007025597341 170.10273592321482),0.01000000000001051,292.1007025597341,170.10273592321482
2025-09-02 14:12:49.984431,1432,0,POINT (292.1104604247163 170.10054867128852),0.009999999999989125,292.1104604247163,170.10054867128852
2025-09-02 14:12:50.984431,1433,0,POINT (292.12009044496256 170.09785372972024),0.010000000000007357,292.12009044496256,170.09785372972024
2025-09-02 14:12:51.984431,1434,0,POINT (292.1295662252568 170.09465848515748),0.0100000000000129,292.1295662252568,170.09465848515748
2025-09-02 14:12:52.984431,1435,0,POINT (292.1388617931438 170.0909716955435),0.0100000000000049,292.1388617931438,170.0909716955435
2025-09-02 14:12:53.984431,1436,0,POINT (292.1479516701182 170.08680346611234),0.00999999999999349,292.1479516701182,170.08680346611234
2025-09-02 14:12:54.984431,1437,0,POINT (292.15681094145896 170.08216522169118),0.010000000000000609,292.15681094145896,170.08216522169118
2025-09-02 14:12:55.984431,1438,0,POINT (292.1654153245192 170.0770696753856),0.009999999999983442,292.1654153245192,170.0770696753856
2025-09-02 14:12:56.984431,1439,0,POINT (292.173741235283 170.07153079373376),0.009999999999988294,292.173741235283,170.07153079373376
2025-09-02 14:12:57.984431,1440,0,POINT (292.1817658530077 170.0655637584253),0.009999999999986978,292.1817658530077,170.0655637584253
2025-09-02 14:12:58.984431,1441,0,POINT (292.1894671827739 170.05918492468925),0.010000000000023533,292.1894671827739,170.05918492468925
2025-09-02 14:12:59.984431,1442,0,POINT (292.196824115772 170.05241177646548),0.009999999999990902,292.196824115772,170.05241177646548
2025-09-02 14:13:00.984431,1443,0,POINT (292.2038164871601 170.04526287848248),0.010000000000019372,292.2038164871601,170.04526287848248
2025-09-02 14:13:01.984431,1444,0,POINT (292.2104251313342 170.03775782537272),0.009999999999999804,292.2104251313342,170.03775782537272
2025-09-02 14:13:02.984431,1445,0,POINT (292.21663193446 170.02991718796508),0.010000000000020942,292.21663193446,170.02991718796508
2025-09-02 14:13:03.984431,1446,0,POINT (292.2224198841215 170.0217624569017),0.010000000000004085,292.2224198841215,170.0217624569017
2025-09-02 14:13:04.984431,1447,0,POINT (292.2277731159511 170.01331598373363),0.010000000000018931,292.2277731159511,170.01331598373363
2025-09-02 14:13:05.984431,1448,0,POINT (292.23267695711235 170.0046009196567),0.00999999999999595,292.23267695711235,170.0046009196567
2025-09-02 14:13:06.984431,1449,0,POINT (292.23711796651753 169.99564115205575),0.009999999999991054,292.23711796651753,169.99564115205575
2025-09-02 14:13:07.984431,1450,0,POINT (292.24108397166856 169.986461239031),0.009999999999999946,292.24108397166856,169.986461239031
2025-09-02 14:13:08.984431,1451,0,POINT (292.244564102021 169.97708634208595),0.010000000000012723,292.244564102021,169.97708634208595
2025-09-02 14:13:09.984431,1452,0,POINT (292.2475488187794 169.96754215716152),0.009999999999991665,292.2475488187794,169.96754215716152
2025-09-02 14:13:10.984431,1453,0,POINT (292.2500299410427 169.95785484420514),0.010000000000009193,292.2500299410427,169.95785484420514
2025-09-02 14:13:11.984431,1454,0,POINT (292.2520006682272 169.9480509554683),0.010000000000011814,292.2520006682272,169.9480509554683
2025-09-02 14:13:12.984431,1455,0,POINT (292.2534555987066 169.93815736272853),0.010000000000001171,292.2534555987066,169.93815736272853
2025-09-02 14:13:13.984431,1456,0,POINT (292.2543907446176 169.92820118363588),0.00999999999999344,292.2543907446176,169.92820118363588
2025-09-02 14:13:14.984431,1457,0,POINT (292.2548035427903 169.91820970738516),0.010000000000002748,292.2548035427903,169.91820970738516
2025-09-02 14:13:15.984431,1458,0,POINT (292.2546928617736 169.90821031991828),0.010000000000009392,292.2546928617736,169.90821031991828
2025-09-02 14:13:16.984431,1459,0,POINT (292.2540590049365 169.89823042886127),0.00999999999999144,292.2540590049365,169.89823042886127
2025-09-02 14:13:17.984431,1460,0,POINT (292.2529037096365 169.88829738840178),0.010000000000001067,292.2529037096365,169.88829738840178
2025-09-02 14:13:18.984431,1461,0,POINT (292.25123014245764 169.8784384243133),0.010000000000015266,292.25123014245764,169.8784384243133
2025-09-02 14:13:19.984431,1462,0,POINT (292.2490428905313 169.8686805593311),0.009999999999995342,292.2490428905313,169.8686805593311
2025-09-02 14:13:20.984431,1463,0,POINT (292.24634794896303 169.85905053908482),0.010000000000007357,292.24634794896303,169.85905053908482
2025-09-02 14:13:21.984431,1464,0,POINT (292.24315270440025 169.8495747587906),0.010000000000021981,292.24315270440025,169.8495747587906
2025-09-02 14:13:22.984431,1465,0,POINT (292.23946591478625 169.84027919090357),0.0100000000000049,292.23946591478625,169.84027919090357
2025-09-02 14:13:23.984431,1466,0,POINT (292.23529768535514 169.8311893139292),0.009999999999981643,292.23529768535514,169.8311893139292
2025-09-02 14:13:24.984431,1467,0,POINT (292.230659440934 169.82233004258842),0.009999999999987427,292.230659440934,169.82233004258842
2025-09-02 14:13:25.984431,1468,0,POINT (292.2255638946284 169.8137256595282),0.009999999999983442,292.2255638946284,169.8137256595282
2025-09-02 14:13:26.984431,1469,0,POINT (292.2200250129766 169.8053997487644),0.009999999999988294,292.2200250129766,169.8053997487644
2025-09-02 14:13:27.984431,1470,0,POINT (292.2140579776681 169.79737513103967),0.010000000000009784,292.2140579776681,169.79737513103967
2025-09-02 14:13:28.984431,1471,0,POINT (292.20767914393207 169.78967380127347),0.010000000000001645,292.20767914393207,169.78967380127347
2025-09-02 14:13:29.984431,1472,0,POINT (292.2009059957083 169.78231686827533),0.01000000000001181,292.2009059957083,169.78231686827533
2025-09-02 14:13:30.984431,1473,0,POINT (292.1937570977253 169.77532449688727),0.009999999999979178,292.1937570977253,169.77532449688727
2025-09-02 14:13:31.984431,1474,0,POINT (292.18625204461557 169.76871585271317),0.009999999999999804,292.18625204461557,169.76871585271317
2025-09-02 14:13:32.984431,1475,0,POINT (292.17841140720793 169.7625090495874),0.0100000000000033,292.17841140720793,169.7625090495874
2025-09-02 14:13:33.984431,1476,0,POINT (292.17025667614456 169.7567210999259),0.010000000000004085,292.17025667614456,169.7567210999259
2025-09-02 14:13:34.984431,1477,0,POINT (292.1618102029765 169.75136786809634),0.010000000000003716,292.1618102029765,169.75136786809634
2025-09-02 14:13:35.984431,1478,0,POINT (292.1530951388995 169.7464640269351),0.01000000000002072,292.1530951388995,169.7464640269351
2025-09-02 14:13:36.984431,1479,0,POINT (292.14413537129855 169.7420230175299),0.01000000000001652,292.14413537129855,169.7420230175299
2025-09-02 14:13:37.984431,1480,0,POINT (292.1349554582738 169.73805701237887),0.009999999999999946,292.1349554582738,169.73805701237887
2025-09-02 14:13:38.984431,1481,0,POINT (292.1255805613288 169.73457688202643),0.009999999999986077,292.1255805613288,169.73457688202643
2025-09-02 14:13:39.984431,1482,0,POINT (292.11603637640434 169.73159216526798),0.01000000000000015,292.11603637640434,169.73159216526798
2025-09-02 14:13:40.984431,1483,0,POINT (292.10634906344796 169.7291110430047),0.01000000000000214,292.10634906344796,169.7291110430047
2025-09-02 14:13:41.984431,1484,0,POINT (292.09654517471114 169.72714031582026),0.009999999999978347,292.09654517471114,169.72714031582026
2025-09-02 14:13:42.984431,1485,0,POINT (292.0866515819714 169.72568538534088),0.009999999999973051,292.0866515819714,169.72568538534088
2025-09-02 14:13:43.984431,1486,0,POINT (292.0766954028787 169.72475023942985),0.010000000000024394,292.0766954028787,169.72475023942985
2025-09-02 14:13:44.984431,1487,0,POINT (292.066703926628 169.72433744125715),0.010000000000002748,292.066703926628,169.72433744125715
2025-09-02 14:13:45.984431,1488,0,POINT (292.05670453916116 169.72444812227386),0.009999999999981286,292.05670453916116,169.72444812227386
2025-09-02 14:13:46.984431,1489,0,POINT (292.04672464810415 169.725081979111),0.009999999999993242,292.04672464810415,169.725081979111
2025-09-02 14:13:47.984431,1490,0,POINT (292.03679160764466 169.72623727441103),0.010000000000004351,292.03679160764466,169.72623727441103
2025-09-02 14:13:48.984431,1491,0,POINT (292.02693264355617 169.72791084158985),0.01000000000001051,292.02693264355617,169.72791084158985
2025-09-02 14:13:49.984431,1492,0,POINT (292.017174778574 169.73009809351615),0.009999999999989125,292.017174778574,169.73009809351615
2025-09-02 14:13:50.984431,1493,0,POINT (292.0075447583277 169.73279303508443),0.010000000000007357,292.0075447583277,169.73279303508443
2025-09-02 14:13:51.984431,1494,0,POINT (291.9980689780335 169.7359882796472),0.0100000000000129,291.9980689780335,169.7359882796472
2025-09-02 14:13:52.984431,1495,0,POINT (291.98877341014645 169.73967506926118),0.0100000000000049,291.98877341014645,169.73967506926118
2025-09-02 14:13:53.984431,1496,0,POINT (291.9796835331721 169.74384329869233),0.00999999999999349,291.9796835331721,169.74384329869233
2025-09-02 14:13:54.984431,1497,0,POINT (291.9708242618313 169.74848154311348),0.010000000000000609,291.9708242618313,169.74848154311348
2025-09-02 14:13:55.984431,1498,0,POINT (291.96221987877107 169.75357708941908),0.009999999999983442,291.96221987877107,169.75357708941908
2025-09-02 14:13:56.984431,1499,0,POINT (291.95389396800726 169.7591159710709),0.009999999999988294,291.95389396800726,169.7591159710709
2025-09-02 14:13:57.984431,1500,0,POINT (291.9458693502826 169.76508300637937),0.009999999999986978,291.9458693502826,169.76508300637937
2025-09-02 13:48:57.984431,0,1,POINT (68.57316571787659 62.42832062009285),0.009999999999992902,68.57316571787659,62.42832062009285
2025-09-02 13:48:58.984431,1,1,POINT (68.5802244848593 62.42123727281323),0.009999999999992902,68.5802244848593,62.42123727281323
2025-09-02 13:48:59.984431,2,1,POINT (68.58838627249459 62.41386263908697),0.010999999999999855,68.58838627249459,62.41386263908697
2025-09-02 13:49:00.984431,3,1,POINT (68.59769888416405 62.406294596810795),0.01200000000000471,68.59769888416405,62.406294596810795
2025-09-02 13:49:01.984431,4,1,POINT (68.6082028081013 62.39863512020201),0.013000000000003285,68.6082028081013,62.39863512020201
2025-09-02 13:49:02.984431,5,1,POINT (68.61993092547827 62.390989777646446),0.014000000000000401,68.61993092547827,62.390989777646446
2025-09-02 13:49:03.984431,6,1,POINT (68.63290825124237 62.383467210530604),0.014999999999995437,68.63290825124237,62.383467210530604
2025-09-02 13:49:04.984431,7,1,POINT (68.6469560342922 62.37580824249405),0.01600000000000263,68.6469560342922,62.37580824249405
2025-09-02 13:49:05.984431,8,1,POINT (68.66208970803025 62.36806408862225),0.01699999999999714,68.66208970803025,62.36806408862225
2025-09-02 13:49:06.984431,9,1,POINT (68.67832274980609 62.36028666265321),0.01799999999999585,68.67832274980609,62.36028666265321
2025-09-02 13:49:07.984431,10,1,POINT (68.69566665533458 62.3525285094568),0.019000000000003757,68.69566665533458,62.3525285094568
2025-09-02 13:49:08.984431,11,1,POINT (68.71413091531397 62.3448427366646),0.02000000000000136,68.71413091531397,62.3448427366646
2025-09-02 13:49:09.984431,12,1,POINT (68.73372299427051 62.33728294551926),0.02100000000000618,68.73372299427051,62.33728294551926
2025-09-02 13:49:10.984431,13,1,POINT (68.754448311654 62.32990316101336),0.02200000000000223,68.754448311654,62.32990316101336
2025-09-02 13:49:11.984431,14,1,POINT (68.77631022520696 62.32275776138819),0.023000000000005336,68.77631022520696,62.32275776138819
2025-09-02 13:49:12.984431,15,1,POINT (68.79931001662729 62.31590140706381),0.024000000000004098,68.79931001662729,62.31590140706381
2025-09-02 13:49:13.984431,16,1,POINT (68.82344687954289 62.30938896907226),0.025000000000003048,68.82344687954289,62.30938896907226
2025-09-02 13:49:14.984431,17,1,POINT (68.84871790981379 62.303275457066256),0.02600000000000599,68.84871790981379,62.303275457066256
2025-09-02 13:49:15.984431,18,1,POINT (68.87511809817566 62.29761594697641),0.02699999999999335,68.87511809817566,62.29761594697641
2025-09-02 13:49:16.984431,19,1,POINT (68.9024960712917 62.29174682540175),0.028000000000004223,68.9024960712917,62.29174682540175
2025-09-02 13:49:17.984431,20,1,POINT (68.93085182916187 62.285668092342284),0.02900000000000269,68.93085182916187,62.285668092342284
2025-09-02 13:49:18.984431,21,1,POINT (68.96018537178618 62.27937974779801),0.029999999999999666,68.96018537178618,62.27937974779801
2025-09-02 13:49:19.984431,22,1,POINT (68.99049669916464 62.272881791768924),0.030999999999998133,68.99049669916464,62.272881791768924
2025-09-02 13:49:20.984431,23,1,POINT (69.02178581129724 62.26617422425503),0.031999999999995116,69.02178581129724,62.26617422425503
2025-09-02 13:49:21.984431,24,1,POINT (69.05405270818397 62.25925704525633),0.03299999999999358,69.05405270818397,62.25925704525633
2025-09-02 13:49:22.984431,25,1,POINT (69.08747255532886 62.25300294125874),0.03400000000000045,69.08747255532886,62.25300294125874
2025-09-02 13:49:23.984431,26,1,POINT (69.12187533915447 62.24656489302593),0.03499999999999711,69.12187533915447,62.24656489302593
2025-09-02 13:49:24.984431,27,1,POINT (69.15726105966081 62.2399429005579),0.03599999999999377,69.15726105966081,62.2399429005579
2025-09-02 13:49:25.984431,28,1,POINT (69.1936297168479 62.23313696385465),0.03700000000000309,69.1936297168479,62.23313696385465
2025-09-02 13:49:26.984431,29,1,POINT (69.2309813107157 62.22614708291617),0.037999999999999756,69.2309813107157,62.22614708291617
2025-09-02 13:49:27.984431,30,1,POINT (69.26931584126424 62.21897325774247),0.03899999999999642,69.26931584126424,62.21897325774247
2025-09-02 13:49:28.984431,31,1,POINT (69.30863330849353 62.21161548833354),0.04000000000000705,69.30863330849353,62.21161548833354
2025-09-02 13:49:29.984431,32,1,POINT (69.34893371240354 62.2040737746894),0.0410000000000024,69.34893371240354,62.2040737746894
2025-09-02 13:49:30.984431,33,1,POINT (69.39021705299427 62.19634811681003),0.041999999999999066,69.39021705299427,62.19634811681003
2025-09-02 13:49:31.984431,34,1,POINT (69.43248333026574 62.188438514695434),0.04299999999999572,69.43248333026574,62.188438514695434
2025-09-02 13:49:32.984431,35,1,POINT (69.47573254421795 62.18034496834562),0.04400000000000505,69.47573254421795,62.18034496834562
2025-09-02 13:49:33.984431,36,1,POINT (69.51996469485088 62.172067477760585),0.04500000000000171,69.51996469485088,62.172067477760585
2025-09-02 13:49:34.984431,37,1,POINT (69.56517978216455 62.16360604294032),0.04599999999999837,69.56517978216455,62.16360604294032
2025-09-02 13:49:35.984431,38,1,POINT (69.61137780615894 62.154960663884836),0.04699999999999504,69.61137780615894,62.154960663884836
2025-09-02 13:49:36.984431,39,1,POINT (69.65855876683408 62.14613134059413),0.04800000000000436,69.65855876683408,62.14613134059413
2025-09-02 13:49:37.984431,40,1,POINT (69.70672266418994 62.1371180730682),0.049000000000001015,69.70672266418994,62.1371180730682
2025-09-02 13:49:38.984431,41,1,POINT (69.75586949822653 62.12792086130705),0.04999999999999768,69.75586949822653,62.12792086130705
2025-09-02 13:49:39.984431,42,1,POINT (69.80599926894385 62.11853970531067),0.05099999999999434,69.80599926894385,62.11853970531067
2025-09-02 13:49:40.984431,43,1,POINT (69.85711197634191 62.10897460507907),0.05200000000000366,69.85711197634191,62.10897460507907
2025-09-02 13:49:41.984431,44,1,POINT (69.90944496877765 62.100592606348414),0.05299999999999635,69.90944496877765,62.100592606348414
2025-09-02 13:49:42.984431,45,1,POINT (69.96276537616501 62.09205245669831),0.05400000000000215,69.96276537616501,62.09205245669831
2025-09-02 13:49:43.984431,46,1,POINT (70.01707319850398 62.08335415612876),0.054999999999993915,70.01707319850398,62.08335415612876
2025-09-02 13:49:44.984431,47,1,POINT (70.07236843579457 62.07449770463977),0.05599999999999971,70.07236843579457,62.07449770463977
2025-09-02 13:49:45.984431,48,1,POINT (70.12865108803679 62.065483102231326),0.05700000000000551,70.12865108803679,62.065483102231326
2025-09-02 13:49:46.984431,49,1,POINT (70.18592115523062 62.05631034890344),0.057999999999997276,70.18592115523062,62.05631034890344
2025-09-02 13:49:47.984431,50,1,POINT (70.24417863737607 62.0469794446561),0.05900000000000307,70.24417863737607,62.0469794446561
2025-09-02 13:49:48.984431,51,1,POINT (70.30342353447313 62.03749038948932),0.059999999999994835,70.30342353447313,62.03749038948932
2025-09-02 13:49:49.984431,52,1,POINT (70.36365584652181 62.02784318340309),0.06100000000000064,70.36365584652181,62.02784318340309
2025-09-02 13:49:50.984431,53,1,POINT (70.42487557352212 62.01803782639742),0.06200000000000643,70.42487557352212,62.01803782639742
2025-09-02 13:49:51.984431,54,1,POINT (70.48708271547403 62.008074318472296),0.0629999999999982,70.48708271547403,62.008074318472296
2025-09-02 13:49:52.984431,55,1,POINT (70.55027727237757 61.99795265962773),0.064000000000004,70.55027727237757,61.99795265962773
2025-09-02 13:49:53.984431,56,1,POINT (70.61445924423272 61.98767284986371),0.06499999999999576,70.61445924423272,61.98767284986371
2025-09-02 13:49:54.984431,57,1,POINT (70.67987953307552 61.97894440167838),0.06599999999999698,70.67987953307552,61.97894440167838
2025-09-02 13:49:55.984431,58,1,POINT (70.74629103841595 61.970083704278125),0.06700000000000281,70.74629103841595,61.970083704278125
2025-09-02 13:49:56.984431,59,1,POINT (70.81369376025398 61.96109075766294),0.06799999999999455,70.81369376025398,61.96109075766294
2025-09-02 13:49:57.984431,60,1,POINT (70.88208769858964 61.95196556183282),0.06900000000000038,70.88208769858964,61.95196556183282
2025-09-02 13:49:58.984431,61,1,POINT (70.95147285342293 61.94270811678778),0.07000000000000621,70.95147285342293,61.94270811678778
2025-09-02 13:49:59.984431,62,1,POINT (71.02184922475382 61.933318422527805),0.07099999999999795,71.02184922475382,61.933318422527805
2025-09-02 13:50:00.984431,63,1,POINT (71.09321681258234 61.923796479052896),0.07200000000000473,71.09321681258234,61.923796479052896
2025-09-02 13:50:01.984431,64,1,POINT (71.16580353865643 61.91603972729424),0.07300000000000531,71.16580353865643,61.91603972729424
2025-09-02 13:50:02.984431,65,1,POINT (71.2395652186212 61.910105540848235),0.07399999999999861,71.2395652186212,61.910105540848235
2025-09-02 13:50:03.984431,66,1,POINT (71.31445549825409 61.906050171998594),0.0750000000000003,71.31445549825409,61.906050171998594
2025-09-02 13:50:04.984431,67,1,POINT (71.39042588235647 61.90392867739865),0.07600000000000123,71.39042588235647,61.90392867739865
2025-09-02 13:50:05.984431,68,1,POINT (71.46742576604962 61.90379484451004),0.07700000000000237,71.46742576604962,61.90379484451004
2025-09-02 13:50:06.984431,69,1,POINT (71.54540246845524 61.90570111887266),0.0780000000000027,71.54540246845524,61.90570111887266
2025-09-02 13:50:07.984431,70,1,POINT (71.62430126873792 61.90969853228049),0.0790000000000023,71.62430126873792,61.90969853228049
2025-09-02 13:50:08.984431,71,1,POINT (71.704065444485 61.915836631936834),0.08000000000000733,71.704065444485,61.915836631936834
2025-09-02 13:50:09.984431,72,1,POINT (71.78463631239676 61.92416341066243),0.08099999999999585,71.78463631239676,61.92416341066243
2025-09-02 13:50:10.984431,73,1,POINT (71.86595327125814 61.934725238228566),0.08199999999999984,71.86595327125814,61.934725238228566
2025-09-02 13:50:11.984431,74,1,POINT (71.94795384716022 61.94756679388691),0.08300000000000003,71.94795384716022,61.94756679388691
2025-09-02 13:50:12.984431,75,1,POINT (72.03094238180812 61.9605630670833),0.08400000000000189,72.03094238180812,61.9605630670833
2025-09-02 13:50:13.984431,76,1,POINT (72.11491887520182 61.973714057817745),0.08500000000000374,72.11491887520182,61.973714057817745
2025-09-02 13:50:14.984431,77,1,POINT (72.19988332734134 61.98701976609024),0.0860000000000056,72.19988332734134,61.98701976609024
2025-09-02 13:50:15.984431,78,1,POINT (72.28583573822665 62.00048019190079),0.08699999999999343,72.28583573822665,62.00048019190079
2025-09-02 13:50:16.984431,79,1,POINT (72.37277610785777 62.014095335249394),0.08799999999999529,72.37277610785777,62.014095335249394
2025-09-02 13:50:17.984431,80,1,POINT (72.4607044362347 62.02786519613605),0.08899999999999715,72.4607044362347,62.02786519613605
2025-09-02 13:50:18.984431,81,1,POINT (72.54995475693622 62.039457445903764),0.08999999999999683,72.54995475693622,62.039457445903764
2025-09-02 13:50:19.984431,82,1,POINT (72.64019674786775 62.051178498446674),0.09100000000000129,72.64019674786775,62.051178498446674
2025-09-02 13:50:20.984431,83,1,POINT (72.7314304090293 62.06302835376478),0.09200000000000574,72.7314304090293,62.06302835376478
2025-09-02 13:50:21.984431,84,1,POINT (72.82365574042086 62.075007011858084),0.09299999999999703,72.82365574042086,62.075007011858084
2025-09-02 13:50:22.984431,85,1,POINT (72.91687274204244 62.08711447272658),0.09400000000000147,72.91687274204244,62.08711447272658
2025-09-02 13:50:23.984431,86,1,POINT (73.01108141389405 62.09935073637028),0.09500000000000684,73.01108141389405,62.09935073637028
2025-09-02 13:50:24.984431,87,1,POINT (73.10628175597566 62.11171580278918),0.0959999999999972,73.10628175597566,62.11171580278918
2025-09-02 13:50:25.984431,88,1,POINT (73.20247376828729 62.124209671983266),0.09700000000000165,73.20247376828729,62.124209671983266
2025-09-02 13:50:26.984431,89,1,POINT (73.29965745082895 62.136832343952555),0.09800000000000701,73.29965745082895,62.136832343952555
2025-09-02 13:50:27.984431,90,1,POINT (73.39783280360061 62.14958381869704),0.09899999999999738,73.39783280360061,62.14958381869704
2025-09-02 13:50:28.984431,91,1,POINT (73.49699982660229 62.16246409621672),0.10000000000000275,73.49699982660229,62.16246409621672
2025-09-02 13:50:29.984431,92,1,POINT (73.59746473597374 62.17284686968939),0.10099999999999497,73.59746473597374,62.17284686968939
2025-09-02 13:50:30.984431,93,1,POINT (73.69892434741818 62.1833324428994),0.10199999999999654,73.69892434741818,62.1833324428994
2025-09-02 13:50:31.984431,94,1,POINT (73.80137866093561 62.19392081584677),0.10299999999999883,73.80137866093561,62.19392081584677
2025-09-02 13:50:32.984431,95,1,POINT (73.90482767652603 62.20461198853148),0.1040000000000004,73.90482767652603,62.20461198853148
2025-09-02 13:50:33.984431,96,1,POINT (74.00927139418943 62.215405960953554),0.10500000000000269,74.00927139418943,62.215405960953554
2025-09-02 13:50:34.984431,97,1,POINT (74.11470981392581 62.22630273311298),0.10600000000000499,74.11470981392581,62.22630273311298
2025-09-02 13:50:35.984431,98,1,POINT (74.22114293573519 62.237302305009756),0.10700000000000655,74.22114293573519,62.237302305009756
2025-09-02 13:50:36.984431,99,1,POINT (74.32857075961753 62.24840467664389),0.10799999999999471,74.32857075961753,62.24840467664389
2025-09-02 13:50:37.984431,100,1,POINT (74.43699328557287 62.25960984801537),0.108999999999997,74.43699328557287,62.25960984801537
2025-09-02 13:50:38.984431,101,1,POINT (74.54641051360119 62.27091781912421),0.10999999999999857,74.54641051360119,62.27091781912421
2025-09-02 13:50:39.984431,102,1,POINT (74.6568224437025 62.2823285899704),0.11100000000000088,74.6568224437025,62.2823285899704
2025-09-02 13:50:40.984431,103,1,POINT (74.76747382323302 62.299656954232255),0.11199999999999784,74.76747382323302,62.299656954232255
2025-09-02 13:50:41.984431,104,1,POINT (74.87804516987215 62.322958827599194),0.11300000000000147,74.87804516987215,62.322958827599194
2025-09-02 13:50:42.984431,105,1,POINT (74.98894142873834 62.34937889136674),0.11399999999999315,74.98894142873834,62.34937889136674
2025-09-02 13:50:43.984431,106,1,POINT (75.10007446380072 62.37894996706283),0.11500000000000056,75.10007446380072,62.37894996706283
2025-09-02 13:50:44.984431,107,1,POINT (75.21135464775836 62.41170238160518),0.11599999999999326,75.21135464775836,62.41170238160518
2025-09-02 13:50:45.984431,108,1,POINT (75.32269093269272 62.44766391184253),0.11699999999999383,75.32269093269272,62.44766391184253
2025-09-02 13:50:46.984431,109,1,POINT (75.43399092259828 62.486859731096935),0.11800000000000736,75.43399092259828,62.486859731096935
2025-09-02 13:50:47.984431,110,1,POINT (75.54516094773447 62.529312357767374),0.11900000000000291,75.54516094773447,62.529312357767374
2025-09-02 13:50:48.984431,111,1,POINT (75.65610614074075 62.575041606053354),0.12000000000000008,75.65610614074075,62.575041606053354
2025-09-02 13:50:49.984431,112,1,POINT (75.76673051445418 62.62406453885537),0.12100000000000355,75.76673051445418,62.62406453885537
2025-09-02 13:50:50.984431,113,1,POINT (75.8769370413676 62.67639542290754),0.12199999999999543,75.8769370413676,62.67639542290754
2025-09-02 13:50:51.984431,114,1,POINT (75.98804690046883 62.72915524863227),0.12299999999999847,75.98804690046883,62.72915524863227
2025-09-02 13:50:52.984431,115,1,POINT (76.10006009175788 62.78234401602955),0.12399999999999847,76.10006009175788,62.78234401602955
2025-09-02 13:50:53.984431,116,1,POINT (76.21297661523475 62.83596172509939),0.1250000000000015,76.21297661523475,62.83596172509939
2025-09-02 13:50:54.984431,117,1,POINT (76.32679647089944 62.89000837584179),0.12600000000000455,76.32679647089944,62.89000837584179
2025-09-02 13:50:55.984431,118,1,POINT (76.44151965875193 62.94448396825675),0.12699999999999476,76.44151965875193,62.94448396825675
2025-09-02 13:50:56.984431,119,1,POINT (76.55986119795863 62.99326183309513),0.128000000000007,76.55986119795863,62.99326183309513
2025-09-02 13:50:57.984431,120,1,POINT (76.68153661065199 63.03611149990715),0.12900000000000497,76.68153661065199,63.03611149990715
2025-09-02 13:50:58.984431,121,1,POINT (76.80624716163899 63.07281679206669),0.12999999999999692,76.80624716163899,63.07281679206669
2025-09-02 13:50:59.984431,122,1,POINT (76.93368058191506 63.103176689904835),0.13099999999999348,76.93368058191506,63.103176689904835
2025-09-02 13:51:00.984431,123,1,POINT (77.06284357090944 63.130396577377724),0.13199999999999698,77.06284357090944,63.130396577377724
2025-09-02 13:51:01.984431,124,1,POINT (77.19365840272476 63.15440657065405),0.1330000000000067,77.19365840272476,63.15440657065405
2025-09-02 13:51:02.984431,125,1,POINT (77.32604487466307 63.175138720753054),0.13399999999999665,77.32604487466307,63.175138720753054
2025-09-02 13:51:03.984431,126,1,POINT (77.45992035571534 63.19252709540462),0.1350000000000014,77.45992035571534,63.19252709540462
2025-09-02 13:51:04.984431,127,1,POINT (77.59519983764126 63.20650785968464),0.13599999999999587,77.59519983764126,63.20650785968464
2025-09-02 13:51:05.984431,128,1,POINT (77.73179598860811 63.21701935534613),0.13700000000000226,77.73179598860811,63.21701935534613
2025-09-02 13:51:06.984431,129,1,POINT (77.86961920935508 63.22400217876739),0.13799999999999843,77.86961920935508,63.22400217876739
2025-09-02 13:51:07.984431,130,1,POINT (78.00857769184714 63.22739925743926),0.13899999999999396,78.00857769184714,63.22739925743926
2025-09-02 13:51:08.984431,131,1,POINT (78.14857748038013 63.227155924914506),0.13999999999999785,78.14857748038013,63.227155924914506
2025-09-02 13:51:09.984431,132,1,POINT (78.28952253509638 63.22321999414356),0.14100000000000626,78.28952253509638,63.22321999414356
2025-09-02 13:51:10.984431,133,1,POINT (78.431314797868 63.21554182912157),0.14200000000000043,78.431314797868,63.21554182912157
2025-09-02 13:51:11.984431,134,1,POINT (78.5738542605026 63.20407441477321),0.1429999999999932,78.5738542605026,63.20407441477321
2025-09-02 13:51:12.984431,135,1,POINT (78.71739050259619 63.19252680871612),0.14399999999999705,78.71739050259619,63.19252680871612
2025-09-02 13:51:13.984431,136,1,POINT (78.86192352414876 63.18089901095029),0.1450000000000009,78.86192352414876,63.18089901095029
2025-09-02 13:51:14.984431,137,1,POINT (79.00745332516033 63.16919102147574),0.1460000000000042,79.00745332516033,63.16919102147574
2025-09-02 13:51:15.984431,138,1,POINT (79.15362111602185 63.15357126108503),0.14700000000000688,79.15362111602185,63.15357126108503
2025-09-02 13:51:16.984431,139,1,POINT (79.30078324559672 63.137845243820905),0.1480000000000039,79.30078324559672,63.137845243820905
2025-09-02 13:51:17.984431,140,1,POINT (79.44893971388493 63.12201296968338),0.14900000000000016,79.44893971388493,63.12201296968338
2025-09-02 13:51:18.984431,141,1,POINT (79.59809052088647 63.10607443867245),0.1499999999999972,79.59809052088647,63.10607443867245
2025-09-02 13:51:19.984431,142,1,POINT (79.74823566660136 63.09002965078811),0.1509999999999942,79.74823566660136,63.09002965078811
2025-09-02 13:51:20.984431,143,1,POINT (79.8993751510296 63.07387860603036),0.15200000000000535,79.8993751510296,63.07387860603036
2025-09-02 13:51:21.984431,144,1,POINT (80.05150897417118 63.05762130439921),0.1530000000000016,80.05150897417118,63.05762130439921
2025-09-02 13:51:22.984431,145,1,POINT (80.20463713602611 63.041257745894654),0.15399999999999864,80.20463713602611,63.041257745894654
2025-09-02 13:51:23.984431,146,1,POINT (80.35875963659437 63.02478793051669),0.15499999999999567,80.35875963659437,63.02478793051669
2025-09-02 13:51:24.984431,147,1,POINT (80.51453141823079 63.01635276330943),0.15599999999999412,80.51453141823079,63.01635276330943
2025-09-02 13:51:25.984431,148,1,POINT (80.67153118108564 63.016079883263814),0.1569999999999971,80.67153118108564,63.016079883263814
2025-09-02 13:51:26.984431,149,1,POINT (80.82932878165101 63.02407471007946),0.1580000000000046,80.82932878165101,63.02407471007946
2025-09-02 13:51:27.984431,150,1,POINT (80.98748641125559 63.0404198683186),0.15900000000000042,80.98748641125559,63.0404198683186
2025-09-02 13:51:28.984431,151,1,POINT (81.14555981058491 63.06517467440697),0.16000000000000292,81.14555981058491,63.06517467440697
2025-09-02 13:51:29.984431,152,1,POINT (81.30391460699293 63.09423940310988),0.1609999999999978,81.30391460699293,63.09423940310988
2025-09-02 13:51:30.984431,153,1,POINT (81.46243282075876 63.127645628644785),0.16199999999999531,81.46243282075876,63.127645628644785
2025-09-02 13:51:31.984431,154,1,POINT (81.62099501545342 63.165421684733474),0.16300000000000253,81.62099501545342,63.165421684733474
2025-09-02 13:51:32.984431,155,1,POINT (81.77948038719455 63.20759261007398),0.16400000000000237,81.77948038719455,63.20759261007398
2025-09-02 13:51:33.984431,156,1,POINT (81.93776685575499 63.25418009627647),0.165000000000001,81.93776685575499,63.25418009627647
2025-09-02 13:51:34.984431,157,1,POINT (82.09573115745675 63.30520243832263),0.16600000000000698,82.09573115745675,63.30520243832263
2025-09-02 13:51:35.984431,158,1,POINT (82.25324893978072 63.3606744876064),0.16700000000000287,82.25324893978072,63.3606744876064
2025-09-02 13:51:36.984431,159,1,POINT (82.41019485762004 63.42060760761173),0.16800000000000095,82.41019485762004,63.42060760761173
2025-09-02 13:51:37.984431,160,1,POINT (82.56644267110387 63.485009632281155),0.16899999999999768,82.56644267110387,63.485009632281155
2025-09-02 13:51:38.984431,161,1,POINT (82.72361502786276 63.54979273401963),0.17000000000000676,82.72361502786276,63.54979273401963
2025-09-02 13:51:39.984431,162,1,POINT (82.8817119278967 63.61495691282716),0.1710000000000027,82.8817119278967,63.61495691282716
2025-09-02 13:51:40.984431,163,1,POINT (83.04394581148784 63.67208980190985),0.1719999999999969,83.04394581148784,63.67208980190985
2025-09-02 13:51:41.984431,164,1,POINT (83.20990677549364 63.72093607532215),0.17300000000000218,83.20990677549364,63.72093607532215
2025-09-02 13:51:42.984431,165,1,POINT (83.37916948639467 63.76126143580946),0.1739999999999987,83.37916948639467,63.76126143580946
2025-09-02 13:51:43.984431,166,1,POINT (83.55129426509905 63.79285353222567),0.175000000000001,83.55129426509905,63.79285353222567
2025-09-02 13:51:44.984431,167,1,POINT (83.725828225582 63.81552282066031),0.17600000000000224,83.725828225582,63.81552282066031
2025-09-02 13:51:45.984431,168,1,POINT (83.9023064644224 63.82910336614997),0.17700000000000565,83.9023064644224,63.82910336614997
2025-09-02 13:51:46.984431,169,1,POINT (84.08007844480616 63.838110196360006),0.17799999999999663,84.08007844480616,63.838110196360006
2025-09-02 13:51:47.984431,170,1,POINT (84.25902497981393 63.842484851628086),0.17900000000000216,84.25902497981393,63.842484851628086
2025-09-02 13:51:48.984431,171,1,POINT (84.43897121613459 63.846883946311074),0.18000000000000205,84.43897121613459,63.846883946311074
2025-09-02 13:51:49.984431,172,1,POINT (84.61991715376814 63.85130748040897),0.18100000000000196,84.61991715376814,63.85130748040897
2025-09-02 13:51:50.984431,173,1,POINT (84.80186279271459 63.855755453921766),0.1820000000000017,84.80186279271459,63.855755453921766
2025-09-02 13:51:51.984431,174,1,POINT (84.98480813297392 63.86022786684947),0.18300000000000163,84.98480813297392,63.86022786684947
2025-09-02 13:51:52.984431,175,1,POINT (85.16875317454615 63.86472471919208),0.18400000000000155,85.16875317454615,63.86472471919208
2025-09-02 13:51:53.984431,176,1,POINT (85.35369791743128 63.869246010949595),0.18500000000000125,85.35369791743128,63.869246010949595
2025-09-02 13:51:54.984431,177,1,POINT (85.53964236162929 63.873791742122016),0.18600000000000116,85.53964236162929,63.873791742122016
2025-09-02 13:51:55.984431,178,1,POINT (85.7265865071402 63.878361912709344),0.18700000000000108,85.7265865071402,63.878361912709344
2025-09-02 13:51:56.984431,179,1,POINT (85.914530353964 63.88295652271158),0.188000000000001,85.914530353964,63.88295652271158
2025-09-02 13:51:57.984431,180,1,POINT (86.10347390210069 63.88757557212872),0.18900000000000072,86.10347390210069,63.88757557212872
2025-09-02 13:51:58.984431,181,1,POINT (86.29341715155027 63.89221906096076),0.19000000000000067,86.29341715155027,63.89221906096076
2025-09-02 13:51:59.984431,182,1,POINT (86.48436010231275 63.896886989207715),0.19100000000000053,86.48436010231275,63.896886989207715
2025-09-02 13:52:00.984431,183,1,POINT (86.67630275438812 63.90157935686957),0.19200000000000028,86.67630275438812,63.90157935686957
2025-09-02 13:52:01.984431,184,1,POINT (86.86924510777638 63.90629616394633),0.1930000000000002,86.86924510777638,63.90629616394633
2025-09-02 13:52:02.984431,185,1,POINT (87.06318716247753 63.911037410438),0.19400000000000012,87.06318716247753,63.911037410438
2025-09-02 13:52:03.984431,186,1,POINT (87.25812891849158 63.91580309634457),0.19499999999999987,87.25812891849158,63.91580309634457
2025-09-02 13:52:04.984431,187,1,POINT (87.45412862243776 63.91546243080992),0.19599999999999698,87.45412862243776,63.91546243080992
2025-09-02 13:52:05.984431,188,1,POINT (87.65105185491366 63.90996329349165),0.19700000000000265,87.65105185491366,63.90996329349165
2025-09-02 13:52:06.984431,189,1,POINT (87.84876219314451 63.899257119728595),0.19800000000000312,87.84876219314451,63.899257119728595
2025-09-02 13:52:07.984431,190,1,POINT (88.04712130548218 63.88329896969136),0.19899999999999804,88.04712130548218,63.88329896969136
2025-09-02 13:52:08.984431,191,1,POINT (88.24598904815092 63.86204759501012),0.20000000000000567,88.24598904815092,63.86204759501012
2025-09-02 13:52:09.984431,192,1,POINT (88.44522356417218 63.83546550280934),0.20099999999999432,88.44522356417218,63.83546550280934
2025-09-02 13:52:10.984431,193,1,POINT (88.64468138439896 63.80351901708118),0.2019999999999987,88.64468138439896,63.80351901708118
2025-09-02 13:52:11.984431,194,1,POINT (88.84421753058754 63.76617833733089),0.2030000000000073,88.84421753058754,63.76617833733089
2025-09-02 13:52:12.984431,195,1,POINT (89.04368562043288 63.72341759442981),0.2040000000000019,89.04368562043288,63.72341759442981
2025-09-02 13:52:13.984431,196,1,POINT (89.24413149503236 63.680447240043925),0.20499999999999888,89.24413149503236,63.680447240043925
2025-09-02 13:52:14.984431,197,1,POINT (89.44555515438599 63.637267274173226),0.20599999999999735,89.44555515438599,63.637267274173226
2025-09-02 13:52:15.984431,198,1,POINT (89.64795659849375 63.59387769681772),0.20699999999999433,89.64795659849375,63.59387769681772
2025-09-02 13:52:16.984431,199,1,POINT (89.85133582735567 63.5502785079774),0.20800000000000668,89.85133582735567,63.5502785079774
2025-09-02 13:52:17.984431,200,1,POINT (90.05569284097173 63.50646970765228),0.20900000000000368,90.05569284097173,63.50646970765228
2025-09-02 13:52:18.984431,201,1,POINT (90.26102763934193 63.46245129584234),0.21000000000000216,90.26102763934193,63.46245129584234
2025-09-02 13:52:19.984431,202,1,POINT (90.46734022246628 63.4182232725476),0.21099999999999913,90.46734022246628,63.4182232725476
2025-09-02 13:52:20.984431,203,1,POINT (90.67463059034476 63.373785637768044),0.21199999999999758,90.67463059034476,63.373785637768044
2025-09-02 13:52:21.984431,204,1,POINT (90.88289874297739 63.32913839150368),0.21299999999999455,90.88289874297739,63.32913839150368
2025-09-02 13:52:22.984431,205,1,POINT (91.09214468036417 63.284281533754516),0.21400000000000544,91.09214468036417,63.284281533754516
2025-09-02 13:52:23.984431,206,1,POINT (91.3023684025051 63.239215064520536),0.2150000000000039,91.3023684025051,63.239215064520536
2025-09-02 13:52:24.984431,207,1,POINT (91.51356990940016 63.19393898380175),0.21600000000000089,91.51356990940016,63.19393898380175
2025-09-02 13:52:25.984431,208,1,POINT (91.72574920104937 63.14845329159815),0.21699999999999933,91.72574920104937,63.14845329159815
2025-09-02 13:52:26.984431,209,1,POINT (91.93890627745272 63.10275798790975),0.21799999999999634,91.93890627745272,63.10275798790975
2025-09-02 13:52:27.984431,210,1,POINT (92.1530411386102 63.05685307273653),0.2189999999999948,92.1530411386102,63.05685307273653
2025-09-02 13:52:28.984431,211,1,POINT (92.36815378452185 63.01073854607851),0.22000000000000566,92.36815378452185,63.01073854607851
2025-09-02 13:52:29.984431,212,1,POINT (92.58424421518764 62.96441440793567),0.22100000000000414,92.58424421518764,62.96441440793567
2025-09-02 13:52:30.984431,213,1,POINT (92.80131243060757 62.91788065830803),0.2220000000000011,92.80131243060757,62.91788065830803
2025-09-02 13:52:31.984431,214,1,POINT (93.01935843078164 62.871137297195574),0.2229999999999996,93.01935843078164,62.871137297195574
2025-09-02 13:52:32.984431,215,1,POINT (93.23838221570985 62.82418432459831),0.22399999999999656,93.23838221570985,62.82418432459831
2025-09-02 13:52:33.984431,216,1,POINT (93.4583837853922 62.77702174051624),0.22499999999999504,93.4583837853922,62.77702174051624
2025-09-02 13:52:34.984431,217,1,POINT (93.67936313982871 62.72964954494936),0.2260000000000059,93.67936313982871,62.72964954494936
2025-09-02 13:52:35.984431,218,1,POINT (93.90132027901936 62.68206773789767),0.22700000000000436,93.90132027901936,62.68206773789767
2025-09-02 13:52:36.984431,219,1,POINT (94.12425520296415 62.63427631936117),0.22800000000000134,94.12425520296415,62.63427631936117
2025-09-02 13:52:37.984431,220,1,POINT (94.34816791166308 62.58627528933986),0.22899999999999981,94.34816791166308,62.58627528933986
2025-09-02 13:52:38.984431,221,1,POINT (94.57305840511616 62.53806464783374),0.2299999999999968,94.57305840511616,62.53806464783374
2025-09-02 13:52:39.984431,222,1,POINT (94.79892668332337 62.48964439484281),0.23099999999999526,94.79892668332337,62.48964439484281
2025-09-02 13:52:40.984431,223,1,POINT (95.02577274628474 62.44101453036708),0.23200000000000612,95.02577274628474,62.44101453036708
2025-09-02 13:52:41.984431,224,1,POINT (95.25359659400026 62.39217505440653),0.2330000000000046,95.25359659400026,62.39217505440653
2025-09-02 13:52:42.984431,225,1,POINT (95.48360377729152 62.349132103364326),0.23400000000000512,95.48360377729152,62.349132103364326
2025-09-02 13:52:43.984431,226,1,POINT (95.71459389726351 62.305905208086905),0.2350000000000005,95.71459389726351,62.305905208086905
2025-09-02 13:52:44.984431,227,1,POINT (95.94656695391623 62.26249436857426),0.23599999999999713,95.94656695391623,62.26249436857426
2025-09-02 13:52:45.984431,228,1,POINT (96.17952294724968 62.21889958482639),0.23699999999999383,96.17952294724968,62.21889958482639
2025-09-02 13:52:46.984431,229,1,POINT (96.4145277057347 62.181259665998155),0.23799999999999583,96.4145277057347,62.181259665998155
2025-09-02 13:52:47.984431,230,1,POINT (96.65051987917134 62.14346159625048),0.23900000000000052,96.65051987917134,62.14346159625048
2025-09-02 13:52:48.984431,231,1,POINT (96.88749946755959 62.10550537558336),0.23999999999999228,96.88749946755959,62.10550537558336
2025-09-02 13:52:49.984431,232,1,POINT (97.1263826434856 62.07363331478542),0.24100000000000593,97.1263826434856,62.07363331478542
2025-09-02 13:52:50.984431,233,1,POINT (97.36625703590921 62.041629004772545),0.24199999999999766,97.36625703590921,62.041629004772545
2025-09-02 13:52:51.984431,234,1,POINT (97.60712264483045 62.00949244554474),0.24300000000000446,97.60712264483045,62.00949244554474
2025-09-02 13:52:52.984431,235,1,POINT (97.8489794702493 61.977223637102),0.2439999999999962,97.8489794702493,61.977223637102
2025-09-02 13:52:53.984431,236,1,POINT (98.0925924550185 61.951190703117476),0.2450000000000023,98.0925924550185,61.951190703117476
2025-09-02 13:52:54.984431,237,1,POINT (98.33719977850104 61.92505151225954),0.24599999999999933,98.33719977850104,61.92505151225954
2025-09-02 13:52:55.984431,238,1,POINT (98.58280144069693 61.89880606452821),0.24699999999999558,98.58280144069693,61.89880606452821
2025-09-02 13:52:56.984431,239,1,POINT (98.82939744160615 61.872454359923466),0.24799999999999262,98.82939744160615,61.872454359923466
2025-09-02 13:52:57.984431,240,1,POINT (99.07698778122872 61.845996398445315),0.24900000000000377,99.07698778122872,61.845996398445315
2025-09-02 13:52:58.984431,241,1,POINT (99.32618264597454 61.82594847126286),0.24999999999999828,99.32618264597454,61.82594847126286
2025-09-02 13:52:59.984431,242,1,POINT (99.57637429017934 61.80582035237168),0.25100000000000156,99.57637429017934,61.80582035237168
2025-09-02 13:53:00.984431,243,1,POINT (99.82756271384314 61.78561204177177),0.25200000000000544,99.82756271384314,61.78561204177177
2025-09-02 13:53:01.984431,244,1,POINT (100.0797479169659 61.765323539463125),0.2529999999999951,100.0797479169659,61.765323539463125
2025-09-02 13:53:02.984431,245,1,POINT (100.33292989954765 61.744954845445754),0.25399999999999845,100.33292989954765,61.744954845445754
2025-09-02 13:53:03.984431,246,1,POINT (100.58710866158839 61.72450595971965),0.25500000000000234,100.58710866158839,61.72450595971965
2025-09-02 13:53:04.984431,247,1,POINT (100.84228420308811 61.70397688228482),0.25600000000000567,100.84228420308811,61.70397688228482
2025-09-02 13:53:05.984431,248,1,POINT (101.0989082279635 61.69008048502671),0.25700000000000267,101.0989082279635,61.69008048502671
2025-09-02 13:53:06.984431,249,1,POINT (101.35653078990066 61.67613001618394),0.25799999999999224,101.35653078990066,61.67613001618394
2025-09-02 13:53:07.984431,250,1,POINT (101.61515188889959 61.662125475756504),0.25899999999999596,101.61515188889959,61.662125475756504
2025-09-02 13:53:08.984431,251,1,POINT (101.8747715249603 61.64806686374441),0.2599999999999993,101.8747715249603,61.64806686374441
2025-09-02 13:53:09.984431,252,1,POINT (102.13538969808278 61.633954180147654),0.26100000000000295,102.13538969808278,61.633954180147654
2025-09-02 13:53:10.984431,253,1,POINT (102.39700640826702 61.61978742496623),0.26199999999999246,102.39700640826702,61.61978742496623
2025-09-02 13:53:11.984431,254,1,POINT (102.65962165551304 61.60556659820015),0.26299999999999624,102.65962165551304,61.60556659820015
2025-09-02 13:53:12.984431,255,1,POINT (102.92323543982083 61.59129169984941),0.2639999999999995,102.92323543982083,61.59129169984941
2025-09-02 13:53:13.984431,256,1,POINT (103.188132173862 61.58389438315224),0.2649999999999964,103.188132173862,61.58389438315224
2025-09-02 13:53:14.984431,257,1,POINT (103.45402851822031 61.57646915205245),0.2659999999999973,103.45402851822031,61.57646915205245
2025-09-02 13:53:15.984431,258,1,POINT (103.72092447289576 61.56901600655002),0.26699999999999824,103.72092447289576,61.56901600655002
2025-09-02 13:53:16.984431,259,1,POINT (103.98884442475097 61.57556576974469),0.26800000000000335,103.98884442475097,61.57556576974469
2025-09-02 13:53:17.984431,260,1,POINT (104.25705146570047 61.59620512983915),0.26899999999999685,104.25705146570047,61.59620512983915
2025-09-02 13:53:18.984431,261,1,POINT (104.52480242780501 61.63098187914229),0.2700000000000037,104.52480242780501,61.63098187914229
2025-09-02 13:53:19.984431,262,1,POINT (104.79134994225578 61.679904497021106),0.2709999999999941,104.79134994225578,61.679904497021106
2025-09-02 13:53:20.984431,263,1,POINT (105.05594452481373 61.74294184215069),0.272000000000002,105.05594452481373,61.74294184215069
2025-09-02 13:53:21.984431,264,1,POINT (105.31783668188645 61.820022955685715),0.27300000000000474,105.31783668188645,61.820022955685715
2025-09-02 13:53:22.984431,265,1,POINT (105.57857293891225 61.9042405564125),0.2739999999999991,105.57857293891225,61.9042405564125
2025-09-02 13:53:23.984431,266,1,POINT (105.83795850860739 61.995586745352846),0.27499999999999536,105.83795850860739,61.995586745352846
2025-09-02 13:53:24.984431,267,1,POINT (106.09579823077199 62.09404829964731),0.2760000000000046,106.09579823077199,62.09404829964731
2025-09-02 13:53:25.984431,268,1,POINT (106.35189671796147 62.199606647774125),0.27699999999999936,106.35189671796147,62.199606647774125
2025-09-02 13:53:26.984431,269,1,POINT (106.60605850219564 62.31223784875727),0.2780000000000051,106.60605850219564,62.31223784875727
2025-09-02 13:53:27.984431,270,1,POINT (106.858088182596 62.43191257540116),0.2790000000000021,106.858088182596,62.43191257540116
2025-09-02 13:53:28.984431,271,1,POINT (107.11102119518418 62.5520162437176),0.27999999999999226,107.11102119518418,62.5520162437176
2025-09-02 13:53:29.984431,272,1,POINT (107.36485753996017 62.67254885370661),0.2809999999999953,107.36485753996017,62.67254885370661
2025-09-02 13:53:30.984431,273,1,POINT (107.61959721692398 62.793510405368174),0.28199999999999836,107.61959721692398,62.793510405368174
2025-09-02 13:53:31.984431,274,1,POINT (107.8752402260756 62.9149008987023),0.28300000000000136,107.8752402260756,62.9149008987023
2025-09-02 13:53:32.984431,275,1,POINT (108.13781051619044 63.02312678631246),0.28399999999999453,108.13781051619044,63.02312678631246
2025-09-02 13:53:33.984431,276,1,POINT (108.40662828841995 63.11779465485063),0.2849999999999945,108.40662828841995,63.11779465485063
2025-09-02 13:53:34.984431,277,1,POINT (108.68099150059138 63.1985462976016),0.28600000000000403,108.68099150059138,63.1985462976016
2025-09-02 13:53:35.984431,278,1,POINT (108.96017769615803 63.26505996691113),0.2869999999999969,108.96017769615803,63.26505996691113
2025-09-02 13:53:36.984431,279,1,POINT (109.24344590339722 63.31705153129895),0.2879999999999946,109.24344590339722,63.31705153129895
2025-09-02 13:53:37.984431,280,1,POINT (109.53003859987207 63.35427553333083),0.28899999999999604,109.53003859987207,63.35427553333083
2025-09-02 13:53:38.984431,281,1,POINT (109.81850220103765 63.38408745716322),0.28999999999999965,109.81850220103765,63.38408745716322
2025-09-02 13:53:39.984431,282,1,POINT (110.1086443903176 63.40641479466317),0.2909999999999961,110.1086443903176,63.40641479466317
2025-09-02 13:53:40.984431,283,1,POINT (110.40027033566625 63.421190044221206),0.2919999999999992,110.40027033566625,63.421190044221206
2025-09-02 13:53:41.984431,284,1,POINT (110.69318282034376 63.428350792788514),0.2929999999999997,110.69318282034376,63.428350792788514
2025-09-02 13:53:42.984431,285,1,POINT (110.98718237626305 63.42783979448654),0.2940000000000026,110.98718237626305,63.42783979448654
2025-09-02 13:53:43.984431,286,1,POINT (111.28206741981832 63.41960504571045),0.29499999999999654,111.28206741981832,63.41960504571045
2025-09-02 13:53:44.984431,287,1,POINT (111.57763439010282 63.40359985665052),0.2960000000000013,111.57763439010282,63.40359985665052
2025-09-02 13:53:45.984431,288,1,POINT (111.87367788942085 63.37978291915777),0.2969999999999983,111.87367788942085,63.37978291915777
2025-09-02 13:53:46.984431,289,1,POINT (112.16999082599726 63.348118370882716),0.2980000000000011,112.16999082599726,63.348118370882716
2025-09-02 13:53:47.984431,290,1,POINT (112.46636455878512 63.30857585561888),0.2989999999999976,112.46636455878512,63.30857585561888
2025-09-02 13:53:48.984431,291,1,POINT (112.76258904427044 63.261130579784975),0.30000000000000115,112.76258904427044,63.261130579784975
2025-09-02 13:53:49.984431,292,1,POINT (113.05980094470738 63.21352715303163),0.3009999999999929,113.05980094470738,63.21352715303163
2025-09-02 13:53:50.984431,293,1,POINT (113.35800026009593 63.16576557535883),0.3019999999999987,113.35800026009593,63.16576557535883
2025-09-02 13:53:51.984431,294,1,POINT (113.65718699043612 63.11784584676659),0.3030000000000045,113.65718699043612,63.11784584676659
2025-09-02 13:53:52.984431,295,1,POINT (113.95736113572791 63.069767967254904),0.3039999999999963,113.95736113572791,63.069767967254904
2025-09-02 13:53:53.984431,296,1,POINT (114.25852269597132 63.02153193682377),0.30500000000000205,114.25852269597132,63.02153193682377
2025-09-02 13:53:54.984431,297,1,POINT (114.56067167116635 62.97313775547319),0.30599999999999383,114.56067167116635,62.97313775547319
2025-09-02 13:53:55.984431,298,1,POINT (114.863808061313 62.92458542320316),0.30699999999999966,114.863808061313,62.92458542320316
2025-09-02 13:53:56.984431,299,1,POINT (115.16793186641125 62.87587494001369),0.3079999999999914,115.16793186641125,62.87587494001369
2025-09-02 13:53:57.984431,300,1,POINT (115.47304308646113 62.82700630590477),0.30899999999999717,115.47304308646113,62.82700630590477
2025-09-02 13:53:58.984431,301,1,POINT (115.77914172146264 62.7779795208764),0.310000000000003,115.77914172146264,62.7779795208764
2025-09-02 13:53:59.984431,302,1,POINT (116.08622777141575 62.728794584928586),0.3109999999999948,116.08622777141575,62.728794584928586
2025-09-02 13:54:00.984431,303,1,POINT (116.39430123632049 62.679451498061326),0.31200000000000055,116.39430123632049,62.679451498061326
2025-09-02 13:54:01.984431,304,1,POINT (116.70336211617683 62.62995026027462),0.3129999999999923,116.70336211617683,62.62995026027462
2025-09-02 13:54:02.984431,305,1,POINT (117.0134104109848 62.580290871568465),0.3139999999999981,117.0134104109848,62.580290871568465
2025-09-02 13:54:03.984431,306,1,POINT (117.24915573068354 62.542532339550654),0.23874999999999905,117.24915573068354,62.542532339550654
2025-09-02 13:54:04.984431,307,1,POINT (117.48588846533389 62.504615656613396),0.2397499999999908,117.48588846533389,62.504615656613396
2025-09-02 13:54:05.984431,308,1,POINT (117.72360861493586 62.46654082275669),0.2407499999999966,117.72360861493586,62.46654082275669
2025-09-02 13:54:06.984431,309,1,POINT (117.96231617948945 62.42830783798054),0.2417500000000024,117.96231617948945,62.42830783798054
2025-09-02 13:54:07.984431,310,1,POINT (118.20201115899465 62.38991670228494),0.24274999999999416,118.20201115899465,62.38991670228494
2025-09-02 13:54:08.984431,311,1,POINT (118.44269355345148 62.3513674156699),0.24374999999999997,118.44269355345148,62.3513674156699
2025-09-02 13:54:09.984431,312,1,POINT (118.68436336285991 62.31265997813541),0.24474999999999175,118.68436336285991,62.31265997813541
2025-09-02 13:54:10.984431,313,1,POINT (118.92702058721997 62.27379438968147),0.24574999999999755,118.92702058721997,62.27379438968147
2025-09-02 13:54:11.984431,314,1,POINT (119.17066522653165 62.234770650308086),0.24675000000000333,119.17066522653165,62.234770650308086
2025-09-02 13:54:12.984431,315,1,POINT (119.41529728079495 62.195588760015255),0.2477499999999951,119.41529728079495,62.195588760015255
2025-09-02 13:54:13.984431,316,1,POINT (119.66091675000986 62.15624871880298),0.2487500000000009,119.66091675000986,62.15624871880298
2025-09-02 13:54:14.984431,317,1,POINT (119.90752363417639 62.116750526671254),0.24974999999999267,119.90752363417639,62.116750526671254
2025-09-02 13:54:15.984431,318,1,POINT (120.15607117095416 62.083589036027746),0.2507500000000008,120.15607117095416,62.083589036027746
2025-09-02 13:54:16.984431,319,1,POINT (120.40560992422955 62.05029529616931),0.25174999999999254,120.40560992422955,62.05029529616931
2025-09-02 13:54:17.984431,320,1,POINT (120.65613989400256 62.016869307095945),0.25274999999999836,120.65613989400256,62.016869307095945
2025-09-02 13:54:18.984431,321,1,POINT (120.9076610802732 61.98331106880765),0.25375000000000425,120.9076610802732,61.98331106880765
2025-09-02 13:54:19.984431,322,1,POINT (121.1609688674975 61.956242130307416),0.25475000000000275,121.1609688674975,61.956242130307416
2025-09-02 13:54:20.984431,323,1,POINT (121.41527099343514 61.92906693493378),0.25574999999999903,121.41527099343514,61.92906693493378
2025-09-02 13:54:21.984431,324,1,POINT (121.67056745808613 61.90178548268673),0.25674999999999604,121.67056745808613,61.90178548268673
2025-09-02 13:54:22.984431,325,1,POINT (121.92685826145045 61.87439777356628),0.25774999999999304,121.92685826145045,61.87439777356628
2025-09-02 13:54:23.984431,326,1,POINT (122.18414340352813 61.846903807572424),0.2587500000000035,122.18414340352813,61.846903807572424
2025-09-02 13:54:24.984431,327,1,POINT (122.44305686799903 61.826074011229856),0.2597500000000016,122.44305686799903,61.826074011229856
2025-09-02 13:54:25.984431,328,1,POINT (122.70296711192891 61.805164023178556),0.2607499999999913,122.70296711192891,61.805164023178556
2025-09-02 13:54:26.984431,329,1,POINT (122.96387413531778 61.78417384341853),0.2617499999999946,122.96387413531778,61.78417384341853
2025-09-02 13:54:27.984431,330,1,POINT (123.22577793816563 61.76310347194977),0.2627499999999985,123.22577793816563,61.76310347194977
2025-09-02 13:54:28.984431,331,1,POINT (123.48914208820798 61.74884209149519),0.2637499999999987,123.48914208820798,61.74884209149519
2025-09-02 13:54:29.984431,332,1,POINT (123.75350477531211 61.73452663945595),0.26475000000000243,123.75350477531211,61.73452663945595
2025-09-02 13:54:30.984431,333,1,POINT (124.018865999478 61.72015711583205),0.26574999999999155,124.018865999478,61.72015711583205
2025-09-02 13:54:31.984431,334,1,POINT (124.28522576070566 61.70573352062349),0.26674999999999527,124.28522576070566,61.70573352062349
2025-09-02 13:54:32.984431,335,1,POINT (124.5525840589951 61.69125585383026),0.267749999999999,124.5525840589951,61.69125585383026
2025-09-02 13:54:33.984431,336,1,POINT (124.82094089434631 61.67672411545237),0.26875000000000265,124.82094089434631,61.67672411545237
2025-09-02 13:54:34.984431,337,1,POINT (125.09029626675928 61.662138305489826),0.26974999999999183,125.09029626675928,61.662138305489826
2025-09-02 13:54:35.984431,338,1,POINT (125.36065017623403 61.647498423942615),0.27074999999999555,125.36065017623403,61.647498423942615
2025-09-02 13:54:36.984431,339,1,POINT (125.63200262277056 61.63280447081074),0.27174999999999927,125.63200262277056,61.63280447081074
2025-09-02 13:54:37.984431,340,1,POINT (125.90435360636886 61.61805644609421),0.2727500000000026,125.90435360636886,61.61805644609421
2025-09-02 13:54:38.984431,341,1,POINT (126.17770312702892 61.60325434979301),0.2737499999999921,126.17770312702892,61.60325434979301
2025-09-02 13:54:39.984431,342,1,POINT (126.45234606166217 61.5955848676702),0.27474999999999145,126.45234606166217,61.5955848676702
2025-09-02 13:54:40.984431,343,1,POINT (126.72798860661256 61.587887471144754),0.27574999999999233,126.72798860661256,61.587887471144754
2025-09-02 13:54:41.984431,344,1,POINT (127.00463076188008 61.58016216021667),0.27674999999999345,127.00463076188008,61.58016216021667
2025-09-02 13:54:42.984431,345,1,POINT (127.28227252746474 61.572408934885964),0.27774999999999433,127.28227252746474,61.572408934885964
2025-09-02 13:54:43.984431,346,1,POINT (127.56091390336654 61.564627795152624),0.2787499999999953,127.56091390336654,61.564627795152624
2025-09-02 13:54:44.984431,347,1,POINT (127.84055488958548 61.556818741016656),0.27974999999999617,127.84055488958548,61.556818741016656
2025-09-02 13:54:45.984431,348,1,POINT (128.12119548612156 61.54898177247806),0.2807500000000113,128.12119548612156,61.54898177247806
2025-09-02 13:54:46.984431,349,1,POINT (128.40283569297478 61.54111688953682),0.2817499999999982,128.40283569297478,61.54111688953682
2025-09-02 13:54:47.984431,350,1,POINT (128.68547551014512 61.53322409219296),0.2827499999999991,128.68547551014512,61.53322409219296
2025-09-02 13:54:48.984431,351,1,POINT (128.9691149376326 61.525303380446466),0.28375,128.9691149376326,61.525303380446466
2025-09-02 13:54:49.984431,352,1,POINT (129.25375397543723 61.517354754297344),0.28475000000000095,129.25375397543723,61.517354754297344
2025-09-02 13:54:50.984431,353,1,POINT (129.53950354381797 61.51685809523343),0.2857500000000059,129.53950354381797,61.51685809523343
2025-09-02 13:54:51.984431,354,1,POINT (129.8258862144643 61.531367693900435),0.28675000000000606,129.8258862144643,61.531367693900435
2025-09-02 13:54:52.984431,355,1,POINT (130.11211173596567 61.56094831832378),0.28775000000000567,130.11211173596567,61.56094831832378
2025-09-02 13:54:53.984431,356,1,POINT (130.398456514883 61.59814011966186),0.28874999999998485,130.398456514883,61.59814011966186
2025-09-02 13:54:54.984431,357,1,POINT (130.68471756148094 61.64296952631251),0.2897499999999841,130.68471756148094,61.64296952631251
2025-09-02 13:54:55.984431,358,1,POINT (130.9706905866712 61.69545753792973),0.2907499999999954,130.9706905866712,61.69545753792973
2025-09-02 13:54:56.984431,359,1,POINT (131.25617014757356 61.755619675582864),0.29174999999999846,131.25617014757356,61.755619675582864
2025-09-02 13:54:57.984431,360,1,POINT (131.54094979479353 61.82346593582803),0.29274999999998297,131.54094979479353,61.82346593582803
2025-09-02 13:54:58.984431,361,1,POINT (131.82482222131156 61.89900074874739),0.29374999999999474,131.82482222131156,61.89900074874739
2025-09-02 13:54:59.984431,362,1,POINT (132.10757941287633 61.98222294000911),0.29474999999999635,132.10757941287633,61.98222294000911
2025-09-02 13:55:00.984431,363,1,POINT (132.39129591637177 62.06572747967205),0.2957499999999967,132.39129591637177,62.06572747967205
2025-09-02 13:55:01.984431,364,1,POINT (132.6759717317979 62.14951436773622),0.29674999999999907,132.6759717317979,62.14951436773622
2025-09-02 13:55:02.984431,365,1,POINT (132.96160685915467 62.23358360420161),0.2977500000000014,132.96160685915467,62.23358360420161
2025-09-02 13:55:03.984431,366,1,POINT (133.24820129844213 62.31793518906824),0.29875000000000373,133.24820129844213,62.31793518906824
2025-09-02 13:55:04.984431,367,1,POINT (133.53575504966025 62.40256912233609),0.2997500000000061,133.53575504966025,62.40256912233609
2025-09-02 13:55:05.984431,368,1,POINT (133.82426811280905 62.48748540400517),0.30075000000000846,133.82426811280905,62.48748540400517
2025-09-02 13:55:06.984431,369,1,POINT (134.11374048788852 62.57268403407547),0.3017500000000088,134.11374048788852,62.57268403407547
2025-09-02 13:55:07.984431,370,1,POINT (134.40824787711432 62.642847843773936),0.30274999999999797,134.40824787711432,62.642847843773936
2025-09-02 13:55:08.984431,371,1,POINT (134.70546952792526 62.70548451665188),0.3037499999999978,134.70546952792526,62.70548451665188
2025-09-02 13:55:09.984431,372,1,POINT (135.00521253541186 62.76049989598239),0.30474999999998464,135.00521253541186,62.76049989598239
2025-09-02 13:55:10.984431,373,1,POINT (135.30728092194272 62.80780478324188),0.3057499999999858,135.30728092194272,62.80780478324188
2025-09-02 13:55:11.984431,374,1,POINT (135.61147576500036 62.8473150345335),0.30674999999998687,135.61147576500036,62.8473150345335
2025-09-02 13:55:12.984431,375,1,POINT (135.9175953279614 62.87895165370391),0.3077499999999899,135.9175953279614,62.87895165370391
2025-09-02 13:55:13.984431,376,1,POINT (136.22543519373522 62.902640882065114),0.30874999999998337,136.22543519373522,62.902640882065114
2025-09-02 13:55:14.984431,377,1,POINT (136.5347884011727 62.91831428463566),0.30974999999999403,136.5347884011727,62.91831428463566
2025-09-02 13:55:15.984431,378,1,POINT (136.84544558415405 62.92590883281755),0.3107499999999866,136.84544558415405,62.92590883281755
2025-09-02 13:55:16.984431,379,1,POINT (137.15719511326233 62.92536698342761),0.31174999999999636,137.15719511326233,62.92536698342761
2025-09-02 13:55:17.984431,380,1,POINT (137.46982323994678 62.91663675400482),0.31274999999999925,137.46982323994678,62.91663675400482
2025-09-02 13:55:18.984431,381,1,POINT (137.78311424307773 62.89967179431714),0.31375000000000863,137.78311424307773,62.89967179431714
2025-09-02 13:55:19.984431,382,1,POINT (138.09740378327044 62.88265276304481),0.3147499999999836,138.09740378327044,62.88265276304481
2025-09-02 13:55:20.984431,383,1,POINT (138.4121368974444 62.85733223101337),0.3157500000000059,138.4121368974444,62.85733223101337
2025-09-02 13:55:21.984431,384,1,POINT (138.72786679107736 62.831931507273204),0.3167499999999956,138.72786679107736,62.831931507273204
2025-09-02 13:55:22.984431,385,1,POINT (139.04459346416928 62.80645059182431),0.3177499999999847,139.04459346416928,62.80645059182431
2025-09-02 13:55:23.984431,386,1,POINT (139.3623169167202 62.78088948466668),0.31875000000000275,139.3623169167202,62.78088948466668
2025-09-02 13:55:24.984431,387,1,POINT (139.68159914222178 62.763600095471034),0.3197500000000017,139.68159914222178,62.763600095471034
2025-09-02 13:55:25.984431,388,1,POINT (140.00222415144333 62.754646550827204),0.32075000000000675,140.00222415144333,62.754646550827204
2025-09-02 13:55:26.984431,389,1,POINT (140.24603628316976 62.754222782890125),0.24381250000000013,140.24603628316976,62.754222782890125
2025-09-02 13:55:27.984431,390,1,POINT (140.49077566083227 62.760205857151675),0.2448125000000059,140.49077566083227,62.760205857151675
2025-09-02 13:55:28.984431,391,1,POINT (140.7362732727878 62.7726440113708),0.2458124999999917,140.7362732727878,62.7726440113708
2025-09-02 13:55:29.984431,392,1,POINT (140.98235821811994 62.791581007888695),0.24681249999998486,140.98235821811994,62.791581007888695
2025-09-02 13:55:30.984431,393,1,POINT (141.22885782558146 62.8170560678015),0.24781249999998484,141.22885782558146,62.8170560678015
2025-09-02 13:55:31.984431,394,1,POINT (141.47559777468751 62.84910380830516),0.24881249999999924,141.47559777468751,62.84910380830516
2025-09-02 13:55:32.984431,395,1,POINT (141.72240221887475 62.887754183279846),0.24981250000000643,141.72240221887475,62.887754183279846
2025-09-02 13:55:33.984431,396,1,POINT (141.96909391063926 62.93303242717922),0.2508124999999954,141.96909391063926,62.93303242717922
2025-09-02 13:55:34.984431,397,1,POINT (142.21549432856463 62.9849590022873),0.2518125000000054,142.21549432856463,62.9849590022873
2025-09-02 13:55:35.984431,398,1,POINT (142.46142380614893 63.04354954940338),0.25281249999999506,142.46142380614893,63.04354954940338
2025-09-02 13:55:36.984431,399,1,POINT (142.70670166233822 63.10881484201306),0.2538124999999827,142.70670166233822,63.10881484201306
2025-09-02 13:55:37.984431,400,1,POINT (142.9511463336719 63.180760744000764),0.2548124999999979,142.9511463336719,63.180760744000764
2025-09-02 13:55:38.984431,401,1,POINT (143.19457550794345 63.25938817095668),0.2558124999999923,143.19457550794345,63.25938817095668
2025-09-02 13:55:39.984431,402,1,POINT (143.4344902313072 63.35100468513149),0.2568124999999857,143.4344902313072,63.35100468513149
2025-09-02 13:55:40.984431,403,1,POINT (143.67019557302615 63.4554569567267),0.25781249999999634,143.67019557302615,63.4554569567267
2025-09-02 13:55:41.984431,404,1,POINT (143.90100307350488 63.572554385729255),0.2588124999999975,143.90100307350488,63.572554385729255
2025-09-02 13:55:42.984431,405,1,POINT (144.1262327475458 63.702069362035765),0.2598125000000075,144.1262327475458,63.702069362035765
2025-09-02 13:55:43.984431,406,1,POINT (144.34521507794594 63.84373763346157),0.2608125000000026,144.34521507794594,63.84373763346157
2025-09-02 13:55:44.984431,407,1,POINT (144.55729299361425 63.99725878132735),0.2618124999999903,144.55729299361425,63.99725878132735
2025-09-02 13:55:45.984431,408,1,POINT (144.7618238263955 64.16229680300133),0.26281249999999623,144.7618238263955,64.16229680300133
2025-09-02 13:55:46.984431,409,1,POINT (144.95818124080986 64.33848080046066),0.2638124999999903,144.95818124080986,64.33848080046066
2025-09-02 13:55:47.984431,410,1,POINT (145.14575713095832 64.52540577362171),0.2648124999999909,145.14575713095832,64.52540577362171
2025-09-02 13:55:48.984431,411,1,POINT (145.32396347890023 64.7226335168767),0.26581249999999423,145.32396347890023,64.7226335168767
2025-09-02 13:55:49.984431,412,1,POINT (145.49223416888455 64.92969361696468),0.26681249999999584,145.49223416888455,64.92969361696468
2025-09-02 13:55:50.984431,413,1,POINT (145.65002675190695 65.14608454999879),0.26781250000000273,145.65002675190695,65.14608454999879
2025-09-02 13:55:51.984431,414,1,POINT (145.79682415517252 65.37127487517004),0.2688124999999976,145.79682415517252,65.37127487517004
2025-09-02 13:55:52.984431,415,1,POINT (145.93213633116866 65.60470452235188),0.2698124999999984,145.93213633116866,65.60470452235188
2025-09-02 13:55:53.984431,416,1,POINT (146.05550184119267 65.84578617053931),0.2708125000000014,146.05550184119267,65.84578617053931
2025-09-02 13:55:54.984431,417,1,POINT (146.17294637431542 66.09091637430014),0.2718124999999878,146.17294637431542,66.09091637430014
2025-09-02 13:55:55.984431,418,1,POINT (146.3035377629074 66.33044205013023),0.2728124999999981,146.3035377629074,66.33044205013023
2025-09-02 13:55:56.984431,419,1,POINT (146.44085595680113 66.56733231751582),0.2738124999999989,146.44085595680113,66.56733231751582
2025-09-02 13:55:57.984431,420,1,POINT (146.58485213920375 66.80139856798716),0.2748124999999845,146.58485213920375,66.80139856798716
2025-09-02 13:55:58.984431,421,1,POINT (146.73547221374707 67.0324529518469),0.2758124999999862,146.73547221374707,67.0324529518469
2025-09-02 13:55:59.984431,422,1,POINT (146.8926568110017 67.26030852571365),0.2768124999999897,146.8926568110017,67.26030852571365
2025-09-02 13:56:00.984431,423,1,POINT (147.05634129910777 67.48477940023795),0.2778125000000012,147.05634129910777,67.48477940023795
2025-09-02 13:56:01.984431,424,1,POINT (147.22645579853548 67.705680887876),0.2788124999999861,147.22645579853548,67.705680887876
2025-09-02 13:56:02.984431,425,1,POINT (147.40292520098566 67.92282965060589),0.2798124999999939,147.40292520098566,67.92282965060589
2025-09-02 13:56:03.984431,426,1,POINT (147.5856691924371 68.13604384747056),0.2808125000000036,147.5856691924371,68.13604384747056
2025-09-02 13:56:04.984431,427,1,POINT (147.77460228034448 68.34514328183143),0.2818124999999981,147.77460228034448,68.34514328183143
2025-09-02 13:56:05.984431,428,1,POINT (147.9696338249873 68.54994954821622),0.282812499999995,147.9696338249873,68.54994954821622
2025-09-02 13:56:06.984431,429,1,POINT (148.17066807496707 68.75028617864443),0.28381250000000463,148.17066807496707,68.75028617864443
2025-09-02 13:56:07.984431,430,1,POINT (148.37760420684637 68.94597878831348),0.284812500000004,148.37760420684637,68.94597878831348
2025-09-02 13:56:08.984431,431,1,POINT (148.590336368921 69.13685522052896),0.28581249999999925,148.590336368921,69.13685522052896
2025-09-02 13:56:09.984431,432,1,POINT (148.80875372911188 69.32274569076206),0.2868124999999917,148.80875372911188,69.32274569076206
2025-09-02 13:56:10.984431,433,1,POINT (149.0327405269615 69.50348292971775),0.2878125000000017,149.0327405269615,69.50348292971775
2025-09-02 13:56:11.984431,434,1,POINT (149.25750556341384 69.6848481373647),0.28881249999998626,149.25750556341384,69.6848481373647
2025-09-02 13:56:12.984431,435,1,POINT (149.48304883846893 69.86684131370292),0.28981250000000197,149.48304883846893,69.86684131370292
2025-09-02 13:56:13.984431,436,1,POINT (149.70937035212674 70.0494624587324),0.29081249999998654,149.70937035212674,70.0494624587324
2025-09-02 13:56:14.984431,437,1,POINT (149.9364701043873 70.23271157245317),0.2918125000000022,149.9364701043873,70.23271157245317
2025-09-02 13:56:15.984431,438,1,POINT (150.16434809525057 70.4165886548652),0.2928124999999868,150.16434809525057,70.4165886548652
2025-09-02 13:56:16.984431,439,1,POINT (150.3930043247166 70.60109370596848),0.2938124999999936,150.3930043247166,70.60109370596848
2025-09-02 13:56:17.984431,440,1,POINT (150.62243879278535 70.78622672576304),0.2948124999999871,150.62243879278535,70.78622672576304
2025-09-02 13:56:18.984431,441,1,POINT (150.85265149945684 70.97198771424887),0.2958124999999938,150.85265149945684,70.97198771424887
2025-09-02 13:56:19.984431,442,1,POINT (151.08364244473105 71.15837667142597),0.2968124999999873,151.08364244473105,71.15837667142597
2025-09-02 13:56:20.984431,443,1,POINT (151.31541162860802 71.34539359729433),0.2978124999999941,151.31541162860802,71.34539359729433
2025-09-02 13:56:21.984431,444,1,POINT (151.54795905108773 71.53303849185397),0.29881250000000975,151.54795905108773,71.53303849185397
2025-09-02 13:56:22.984431,445,1,POINT (151.78128471217016 71.72131135510487),0.2998124999999944,151.78128471217016,71.72131135510487
2025-09-02 13:56:23.984431,446,1,POINT (152.01538861185534 71.91021218704705),0.30081250000001003,152.01538861185534,71.91021218704705
2025-09-02 13:56:24.984431,447,1,POINT (152.25027075014324 72.09974098768049),0.3018124999999946,152.25027075014324,72.09974098768049
2025-09-02 13:56:25.984431,448,1,POINT (152.4859311270339 72.28989775700519),0.3028125000000013,152.4859311270339,72.28989775700519
2025-09-02 13:56:26.984431,449,1,POINT (152.72236974252726 72.48068249502117),0.3038124999999949,152.72236974252726,72.48068249502117
2025-09-02 13:56:27.984431,450,1,POINT (152.95958659662338 72.67209520172841),0.30481250000000165,152.95958659662338,72.67209520172841
2025-09-02 13:56:28.984431,451,1,POINT (153.19758168932222 72.86413587712693),0.30581249999999516,153.19758168932222,72.86413587712693
2025-09-02 13:56:29.984431,452,1,POINT (153.4363550206238 73.0568045212167),0.3068125000000019,153.4363550206238,73.0568045212167
2025-09-02 13:56:30.984431,453,1,POINT (153.67590659052811 73.25010113399776),0.30781249999999544,153.67590659052811,73.25010113399776
2025-09-02 13:56:31.984431,454,1,POINT (153.91623639903517 73.44402571547008),0.30881250000000215,153.91623639903517,73.44402571547008
2025-09-02 13:56:32.984431,455,1,POINT (154.15734444614495 73.63857826563367),0.30981249999999566,154.15734444614495,73.63857826563367
2025-09-02 13:56:33.984431,456,1,POINT (154.39923073185747 73.83375878448852),0.31081250000000243,154.39923073185747,73.83375878448852
2025-09-02 13:56:34.984431,457,1,POINT (154.64189525617272 74.02956727203464),0.311812499999987,154.64189525617272,74.02956727203464
2025-09-02 13:56:35.984431,458,1,POINT (154.8853380190907 74.22600372827203),0.31281250000000266,154.8853380190907,74.22600372827203
2025-09-02 13:56:36.984431,459,1,POINT (155.12955902061142 74.42306815320069),0.3138124999999873,155.12955902061142,74.42306815320069
2025-09-02 13:56:37.984431,460,1,POINT (155.3745582607349 74.62076054682062),0.31481250000000294,155.3745582607349,74.62076054682062
2025-09-02 13:56:38.984431,461,1,POINT (155.62033573946107 74.81908090913181),0.31581249999998756,155.62033573946107,74.81908090913181
2025-09-02 13:56:39.984431,462,1,POINT (155.86689145679 75.01802924013428),0.3168125000000032,155.86689145679,75.01802924013428
2025-09-02 13:56:40.984431,463,1,POINT (156.11422541272165 75.21760553982801),0.31781249999998784,156.11422541272165,75.21760553982801
2025-09-02 13:56:41.984431,464,1,POINT (156.36233760725605 75.41780980821302),0.31881250000000344,156.36233760725605,75.41780980821302
2025-09-02 13:56:42.984431,465,1,POINT (156.55095102861574 75.5700039077484),0.24235937500000468,156.55095102861574,75.5700039077484
2025-09-02 13:56:43.984431,466,1,POINT (156.74034268857815 75.72282597597504),0.2433593749999893,156.74034268857815,75.72282597597504
2025-09-02 13:56:44.984431,467,1,POINT (156.9305125871433 75.87627601289296),0.24435937500000496,156.9305125871433,75.87627601289296
2025-09-02 13:56:45.984431,468,1,POINT (157.1214607243112 76.03035401850214),0.24535937499998955,157.1214607243112,76.03035401850214
2025-09-02 13:56:46.984431,469,1,POINT (157.31318710008182 76.18505999280258),0.2463593749999963,157.31318710008182,76.18505999280258
2025-09-02 13:56:47.984431,470,1,POINT (157.50569171445517 76.3403939357943),0.24735937499998983,157.50569171445517,76.3403939357943
2025-09-02 13:56:48.984431,471,1,POINT (157.69897456743126 76.49635584747728),0.24835937499999652,157.69897456743126,76.49635584747728
2025-09-02 13:56:49.984431,472,1,POINT (157.8888701139167 76.65797199557328),0.24935937500000807,157.8888701139167,76.65797199557328
2025-09-02 13:56:50.984431,473,1,POINT (158.07952719401797 76.82023626908303),0.2503593749999888,158.07952719401797,76.82023626908303
2025-09-02 13:56:51.984431,474,1,POINT (158.27514476280226 76.97808208683982),0.25135937499999034,158.27514476280226,76.97808208683982
2025-09-02 13:56:52.984431,475,1,POINT (158.4756216303672 77.13136052538138),0.252359374999991,158.4756216303672,77.13136052538138
2025-09-02 13:56:53.984431,476,1,POINT (158.68085219867478 77.27992494485164),0.25335937500001005,158.68085219867478,77.27992494485164
2025-09-02 13:56:54.984431,477,1,POINT (158.89072651212973 77.42363111800438),0.25435937499999767,158.89072651212973,77.42363111800438
2025-09-02 13:56:55.984431,478,1,POINT (159.10513031189785 77.56233735811414),0.2553593750000058,159.10513031189785,77.56233735811414
2025-09-02 13:56:56.984431,479,1,POINT (159.3239450939417 77.69590464568674),0.2563593750000065,159.3239450939417,77.69590464568674
2025-09-02 13:56:57.984431,480,1,POINT (159.54704817074756 77.82419675386238),0.257359375000012,159.54704817074756,77.82419675386238
2025-09-02 13:56:58.984431,481,1,POINT (159.774312736715 77.9470803724046),0.25835937500000694,159.774312736715,77.9470803724046
2025-09-02 13:56:59.984431,482,1,POINT (160.00245694781225 78.07043962152358),0.2593593749999959,160.00245694781225,78.07043962152358
2025-09-02 13:57:00.984431,483,1,POINT (160.23148080403936 78.19427450121931),0.26035937500000994,160.23148080403936,78.19427450121931
2025-09-02 13:57:01.984431,484,1,POINT (160.4613843053963 78.3185850114918),0.2613593749999989,160.4613843053963,78.3185850114918
2025-09-02 13:57:02.984431,485,1,POINT (160.69216745188308 78.44337115234106),0.2623593749999879,160.69216745188308,78.44337115234106
2025-09-02 13:57:03.984431,486,1,POINT (160.9238302434997 78.56863292376707),0.26335937500000184,160.9238302434997,78.56863292376707
2025-09-02 13:57:04.984431,487,1,POINT (161.15637268024616 78.69437032576984),0.2643593749999908,161.15637268024616,78.69437032576984
2025-09-02 13:57:05.984431,488,1,POINT (161.38979476212248 78.82058335834937),0.2653593750000048,161.38979476212248,78.82058335834937
2025-09-02 13:57:06.984431,489,1,POINT (161.62409648912862 78.94727202150565),0.2663593749999938,161.62409648912862,78.94727202150565
2025-09-02 13:57:07.984431,490,1,POINT (161.85230028845524 79.08657048299494),0.2673593749999951,161.85230028845524,79.08657048299494
2025-09-02 13:57:08.984431,491,1,POINT (162.07372613362932 79.23818627781638),0.2683593750000044,162.07372613362932,79.23818627781638
2025-09-02 13:57:09.984431,492,1,POINT (162.2877079749984 79.40179020339485),0.269359374999992,162.2877079749984,79.40179020339485
2025-09-02 13:57:10.984431,493,1,POINT (162.49811207723465 79.57156742628574),0.2703593749999905,162.49811207723465,79.57156742628574
2025-09-02 13:57:11.984431,494,1,POINT (162.7047613632684 79.74744233348439),0.27135937500000284,162.7047613632684,79.74744233348439
2025-09-02 13:57:12.984431,495,1,POINT (162.90748027411044 79.92933425836674),0.27235937499999613,162.90748027411044,79.92933425836674
2025-09-02 13:57:13.984431,496,1,POINT (163.10609491242667 80.11715750864981),0.27335937499998947,163.10609491242667,80.11715750864981
2025-09-02 13:57:14.984431,497,1,POINT (163.30043318568116 80.31082139841467),0.2743593750000045,163.30043318568116,80.31082139841467
2025-09-02 13:57:15.984431,498,1,POINT (163.49032494873313 80.51023028418811),0.2753593750000005,163.49032494873313,80.51023028418811
2025-09-02 13:57:16.984431,499,1,POINT (163.67560214577338 80.71528360507637),0.27635937500000424,163.67560214577338,80.71528360507637
2025-09-02 13:57:17.984431,500,1,POINT (163.8560989514853 80.92587592694063),0.27735937500000296,163.8560989514853,80.92587592694063
2025-09-02 13:57:18.984431,501,1,POINT (164.03165191131612 81.14189699060117),0.27835937499999275,164.03165191131612,81.14189699060117
2025-09-02 13:57:19.984431,502,1,POINT (164.20210008074383 81.36323176405335),0.2793593749999969,164.20210008074383,81.36323176405335
2025-09-02 13:57:20.984431,503,1,POINT (164.37315838960012 81.58535883156566),0.2803593749999969,164.37315838960012,81.58535883156566
2025-09-02 13:57:21.984431,504,1,POINT (164.54482683788498 81.80827819313808),0.28135937499999697,164.54482683788498,81.80827819313808
2025-09-02 13:57:22.984431,505,1,POINT (164.71710542559842 82.03198984877062),0.28235937499999697,164.71710542559842,82.03198984877062
2025-09-02 13:57:23.984431,506,1,POINT (164.88999415274043 82.2564937984633),0.28335937500000824,164.88999415274043,82.2564937984633
2025-09-02 13:57:24.984431,507,1,POINT (165.06349301931098 82.48179004221609),0.2843593749999909,165.06349301931098,82.48179004221609
2025-09-02 13:57:25.984431,508,1,POINT (165.2376020253101 82.707878580029),0.2853593749999909,165.2376020253101,82.707878580029
2025-09-02 13:57:26.984431,509,1,POINT (165.4123211707378 82.93475941190204),0.2863593749999909,165.4123211707378,82.93475941190204
2025-09-02 13:57:27.984431,510,1,POINT (165.5876504555941 83.1624325378352),0.2873593750000022,165.5876504555941,83.1624325378352
2025-09-02 13:57:28.984431,511,1,POINT (165.76358987987894 83.39089795782849),0.2883593750000022,165.76358987987894,83.39089795782849
2025-09-02 13:57:29.984431,512,1,POINT (165.94013944359233 83.62015567188189),0.2893593749999848,165.94013944359233,83.62015567188189
2025-09-02 13:57:30.984431,513,1,POINT (166.1172991467343 83.85020567999543),0.2903593749999961,166.1172991467343,83.85020567999543
2025-09-02 13:57:31.984431,514,1,POINT (166.29506898930484 84.08104798216908),0.2913593749999961,166.29506898930484,84.08104798216908
2025-09-02 13:57:32.984431,515,1,POINT (166.47344897130395 84.31268257840286),0.29235937499999615,166.47344897130395,84.31268257840286
2025-09-02 13:57:33.984431,516,1,POINT (166.65243909273164 84.54510946869675),0.29335937499999615,166.65243909273164,84.54510946869675
2025-09-02 13:57:34.984431,517,1,POINT (166.8320393535879 84.77832865305078),0.2943593750000074,166.8320393535879,84.77832865305078
2025-09-02 13:57:35.984431,518,1,POINT (167.0122497538727 85.01234013146492),0.2953593749999901,167.0122497538727,85.01234013146492
2025-09-02 13:57:36.984431,519,1,POINT (167.1930702935861 85.24714390393919),0.29635937499999004,167.1930702935861,85.24714390393919
2025-09-02 13:57:37.984431,520,1,POINT (167.37450097272804 85.48273997047359),0.2973593750000013,167.37450097272804,85.48273997047359
2025-09-02 13:57:38.984431,521,1,POINT (167.55654179129857 85.7191283310681),0.2983593750000013,167.55654179129857,85.7191283310681
2025-09-02 13:57:39.984431,522,1,POINT (167.73919274929767 85.95630898572274),0.2993593750000013,167.73919274929767,85.95630898572274
2025-09-02 13:57:40.984431,523,1,POINT (167.92245384672532 86.1942819344375),0.300359374999984,167.92245384672532,86.1942819344375
2025-09-02 13:57:41.984431,524,1,POINT (168.10632508358154 86.43304717721239),0.30135937499999527,168.10632508358154,86.43304717721239
2025-09-02 13:57:42.984431,525,1,POINT (168.29080645986633 86.6726047140474),0.30235937499999527,168.29080645986633,86.6726047140474
2025-09-02 13:57:43.984431,526,1,POINT (168.4758979755797 86.91295454494252),0.30335937499999527,168.4758979755797,86.91295454494252
2025-09-02 13:57:44.984431,527,1,POINT (168.66159963072164 87.15409666989777),0.30435937499999527,168.66159963072164,87.15409666989777
2025-09-02 13:57:45.984431,528,1,POINT (168.84791142529215 87.39603108891315),0.30535937500000654,168.84791142529215,87.39603108891315
2025-09-02 13:57:46.984431,529,1,POINT (169.0348333592912 87.63875780198865),0.3063593749999892,169.0348333592912,87.63875780198865
2025-09-02 13:57:47.984431,530,1,POINT (169.22236543271885 87.88227680912426),0.3073593749999892,169.22236543271885,87.88227680912426
2025-09-02 13:57:48.984431,531,1,POINT (169.41050764557505 88.12658811032001),0.3083593750000005,169.41050764557505,88.12658811032001
2025-09-02 13:57:49.984431,532,1,POINT (169.59925999785983 88.37169170557588),0.3093593750000005,169.59925999785983,88.37169170557588
2025-09-02 13:57:50.984431,533,1,POINT (169.78862248957319 88.61758759489187),0.3103593750000005,169.78862248957319,88.61758759489187
2025-09-02 13:57:51.984431,534,1,POINT (169.97859512071508 88.86427577826798),0.3113593749999832,169.97859512071508,88.86427577826798
2025-09-02 13:57:52.984431,535,1,POINT (170.1818688316602 89.10144276076973),0.3123593749999942,170.1818688316602,89.10144276076973
2025-09-02 13:57:53.984431,536,1,POINT (170.39796593816916 89.32837036697676),0.31335937500000544,170.39796593816916,89.32837036697676
2025-09-02 13:57:54.984431,537,1,POINT (170.57108535933773 89.49208363930481),0.23826953125000713,170.57108535933773,89.49208363930481
2025-09-02 13:57:55.984431,538,1,POINT (170.74917527738327 89.65187691098771),0.2392695312499979,170.74917527738327,89.65187691098771
2025-09-02 13:57:56.984431,539,1,POINT (170.93214860229043 89.80760170034225),0.24026953124999667,170.93214860229043,89.80760170034225
2025-09-02 13:57:57.984431,540,1,POINT (171.11991386517292 89.95911141212424),0.24126953125000225,171.11991386517292,89.95911141212424
2025-09-02 13:57:58.984431,541,1,POINT (171.31237525770658 90.10626146532198),0.24226953124999237,171.31237525770658,90.10626146532198
2025-09-02 13:57:59.984431,542,1,POINT (171.50943267525963 90.24890942016856),0.24326953124999223,171.50943267525963,90.24890942016856
2025-09-02 13:58:00.984431,543,1,POINT (171.71098176370606 90.38691510426709),0.24426953124998838,171.71098176370606,90.38691510426709
2025-09-02 13:58:01.984431,544,1,POINT (171.91691396990504 90.52014073772256),0.24526953124999004,171.91691396990504,90.52014073772256
2025-09-02 13:58:02.984431,545,1,POINT (172.12711659582618 90.64845105717484),0.24626953124999046,172.12711659582618,90.64845105717484
2025-09-02 13:58:03.984431,546,1,POINT (172.33817276877303 90.77728239243773),0.2472695312499925,172.33817276877303,90.77728239243773
2025-09-02 13:58:04.984431,547,1,POINT (172.5500824887456 90.90663474351122),0.24826953124999454,172.5500824887456,90.90663474351122
2025-09-02 13:58:05.984431,548,1,POINT (172.76284575574388 91.03650811039533),0.24926953125000398,172.76284575574388,91.03650811039533
2025-09-02 13:58:06.984431,549,1,POINT (172.97646256976788 91.16690249309005),0.250269531250006,172.97646256976788,91.16690249309005
2025-09-02 13:58:07.984431,550,1,POINT (173.19093293081758 91.29781789159537),0.25126953125000806,173.19093293081758,91.29781789159537
2025-09-02 13:58:08.984431,551,1,POINT (173.4027424485442 91.43484578874596),0.25226953124999074,173.4027424485442,91.43484578874596
2025-09-02 13:58:09.984431,552,1,POINT (173.6117175216672 91.57793622963152),0.25326953124999557,173.6117175216672,91.57793622963152
2025-09-02 13:58:10.984431,553,1,POINT (173.81768535057324 91.72703434490407),0.25426953124999996,173.81768535057324,91.72703434490407
2025-09-02 13:58:11.984431,554,1,POINT (174.02047407601594 91.88208035877709),0.2552695312499862,174.02047407601594,91.88208035877709
2025-09-02 13:58:12.984431,555,1,POINT (174.21991291793944 92.04300960092812),0.25626953124998875,174.21991291793944,92.04300960092812
2025-09-02 13:58:13.984431,556,1,POINT (174.41583231431574 92.20975252231652),0.2572695312499954,174.41583231431574,92.20975252231652
2025-09-02 13:58:14.984431,557,1,POINT (174.60806405988603 92.38223471492518),0.2582695312499954,174.60806405988603,92.38223471492518
2025-09-02 13:58:15.984431,558,1,POINT (174.79644144469546 92.56037693543159),0.2592695312500021,174.79644144469546,92.56037693543159
2025-09-02 13:58:16.984431,559,1,POINT (174.98079939231025 92.74409513281104),0.26026953124999075,174.98079939231025,92.74409513281104
2025-09-02 13:58:17.984431,560,1,POINT (175.16097459760633 92.93330047987108),0.2612695312499997,175.16097459760633,92.93330047987108
2025-09-02 13:58:18.984431,561,1,POINT (175.3368056640178 93.1278994087137),0.26226953124998764,175.3368056640178,93.1278994087137
2025-09-02 13:58:19.984431,562,1,POINT (175.5133071516771 93.32324031825044),0.26326953124999963,175.5133071516771,93.32324031825044
2025-09-02 13:58:20.984431,563,1,POINT (175.69047906058427 93.51932320848131),0.26426953125000313,175.69047906058427,93.51932320848131
2025-09-02 13:58:21.984431,564,1,POINT (175.86832139073925 93.7161480794063),0.26526953124999614,175.86832139073925,93.7161480794063
2025-09-02 13:58:22.984431,565,1,POINT (176.0468341421421 93.9137149310254),0.26626953125000813,176.0468341421421,93.9137149310254
2025-09-02 13:58:23.984431,566,1,POINT (176.22601731479278 94.11202376333861),0.26726953125000114,176.22601731479278,94.11202376333861
2025-09-02 13:58:24.984431,567,1,POINT (176.4058709086913 94.31107457634594),0.2682695312499941,176.4058709086913,94.31107457634594
2025-09-02 13:58:25.984431,568,1,POINT (176.58639492383764 94.5108673700474),0.26926953124998704,176.58639492383764,94.5108673700474
2025-09-02 13:58:26.984431,569,1,POINT (176.76758936023185 94.71140214444296),0.27026953124999903,176.76758936023185,94.71140214444296
2025-09-02 13:58:27.984431,570,1,POINT (176.9494542178739 94.91267889953264),0.271269531249992,176.9494542178739,94.91267889953264
2025-09-02 13:58:28.984431,571,1,POINT (177.13198949676377 95.11469763531643),0.272269531249985,177.13198949676377,95.11469763531643
2025-09-02 13:58:29.984431,572,1,POINT (177.3151951969015 95.31745835179434),0.273269531249997,177.3151951969015,95.31745835179434
2025-09-02 13:58:30.984431,573,1,POINT (177.49907131828706 95.52096104896637),0.27426953124999,177.49907131828706,95.52096104896637
2025-09-02 13:58:31.984431,574,1,POINT (177.68361786092046 95.72520572683251),0.27526953124998293,177.68361786092046,95.72520572683251
2025-09-02 13:58:32.984431,575,1,POINT (177.86883482480172 95.93019238539279),0.27626953125000553,177.86883482480172,95.93019238539279
2025-09-02 13:58:33.984431,576,1,POINT (178.05472220993082 96.13592102464717),0.2772695312499985,178.05472220993082,96.13592102464717
2025-09-02 13:58:34.984431,577,1,POINT (178.24128001630774 96.34239164459568),0.27826953124999143,178.24128001630774,96.34239164459568
2025-09-02 13:58:35.984431,578,1,POINT (178.42850824393253 96.5496042452383),0.2792695312500035,178.42850824393253,96.5496042452383
2025-09-02 13:58:36.984431,579,1,POINT (178.61640689280514 96.75755882657504),0.28026953124999643,178.61640689280514,96.75755882657504
2025-09-02 13:58:37.984431,580,1,POINT (178.8103743841312 96.96124771070538),0.28126953124998355,178.8103743841312,96.96124771070538
2025-09-02 13:58:38.984431,581,1,POINT (179.01031569576116 97.1604951954468),0.2822695312500013,179.01031569576116,97.1604951954468
2025-09-02 13:58:39.984431,582,1,POINT (179.21613075330302 97.35512764244277),0.28326953125000104,179.21613075330302,97.35512764244277
2025-09-02 13:58:40.984431,583,1,POINT (179.42771447338086 97.54497362158142),0.28426953124999454,179.42771447338086,97.54497362158142
2025-09-02 13:58:41.984431,584,1,POINT (179.64495681100047 97.72986405455502),0.2852695312500069,179.64495681100047,97.72986405455502
2025-09-02 13:58:42.984431,585,1,POINT (179.8629606822359 97.91540261294237),0.28626953124998766,179.8629606822359,97.91540261294237
2025-09-02 13:58:43.984431,586,1,POINT (180.08652492084417 98.09579888452272),0.2872695312499905,180.08652492084417,98.09579888452272
2025-09-02 13:58:44.984431,587,1,POINT (180.3155291836714 98.27088849087916),0.28826953125000193,180.3155291836714,98.27088849087916
2025-09-02 13:58:45.984431,588,1,POINT (180.54984832142782 98.4405098438707),0.28926953124999344,180.54984832142782,98.4405098438707
2025-09-02 13:58:46.984431,589,1,POINT (180.78935244266566 98.60450428488069),0.2902695312499928,180.78935244266566,98.60450428488069
2025-09-02 13:58:47.984431,590,1,POINT (181.0339069817605 98.76271622261831),0.29126953124998584,181.0339069817605,98.76271622261831
2025-09-02 13:58:48.984431,591,1,POINT (181.28337277086428 98.91499326935856),0.29226953125000515,181.28337277086428,98.91499326935856
2025-09-02 13:58:49.984431,592,1,POINT (181.53760611579406 99.06118637550728),0.2932695312500048,181.53760611579406,99.06118637550728
2025-09-02 13:58:50.984431,593,1,POINT (181.79645887581862 99.20114996237817),0.2942695312499991,181.79645887581862,99.20114996237817
2025-09-02 13:58:51.984431,594,1,POINT (182.05977854730025 99.33474205306995),0.2952695312500066,182.05977854730025,99.33474205306995
2025-09-02 13:58:52.984431,595,1,POINT (182.32740835114723 99.4618244013325),0.29626953125000205,182.32740835114723,99.4618244013325
2025-09-02 13:58:53.984431,596,1,POINT (182.59918732402835 99.5822626183123),0.2972695312499913,182.59918732402835,99.5822626183123
2025-09-02 13:58:54.984431,597,1,POINT (182.87495041329854 99.69592629706793),0.2982695312500071,182.87495041329854,99.69592629706793
2025-09-02 13:58:55.984431,598,1,POINT (183.1545285755805 99.80268913474855),0.29926953124998684,183.1545285755805,99.80268913474855
2025-09-02 13:58:56.984431,599,1,POINT (183.4377488789455 99.90242905232887),0.30026953124999467,183.4377488789455,99.90242905232887
2025-09-02 13:58:57.984431,600,1,POINT (183.72443460863178 99.99502831179588),0.30126953124998673,183.72443460863178,99.99502831179588
2025-09-02 13:58:58.984431,601,1,POINT (184.0144053762377 100.08037363068401),0.3022695312499829,184.0144053762377,100.08037363068401
2025-09-02 13:58:59.984431,602,1,POINT (184.30747723232255 100.15835629385715),0.3032695312500013,184.30747723232255,100.15835629385715
2025-09-02 13:59:00.984431,603,1,POINT (184.60346278234533 100.22887226243739),0.30426953125000095,184.60346278234533,100.22887226243739
2025-09-02 13:59:01.984431,604,1,POINT (184.9021713058693 100.29182227978228),0.30526953124999584,184.9021713058693,100.29182227978228
2025-09-02 13:59:02.984431,605,1,POINT (185.2034088789567 100.34711197441426),0.3062695312499884,185.2034088789567,100.34711197441426
2025-09-02 13:59:03.984431,606,1,POINT (185.50563002220815 100.40258219531148),0.30726953125000234,185.50563002220815,100.40258219531148
2025-09-02 13:59:04.984431,607,1,POINT (185.8088347356236 100.45823294247394),0.30826953124998835,185.8088347356236,100.45823294247394
2025-09-02 13:59:05.984431,608,1,POINT (186.1130230192031 100.51406421590163),0.30926953124999973,186.1130230192031,100.51406421590163
2025-09-02 13:59:06.984431,609,1,POINT (186.4181948729466 100.57007601559455),0.3102695312499857,186.4181948729466,100.57007601559455
2025-09-02 13:59:07.984431,610,1,POINT (186.72435029685414 100.62626834155272),0.3112695312499996,186.72435029685414,100.62626834155272
2025-09-02 13:59:08.984431,611,1,POINT (187.0314892909257 100.6826411937761),0.312269531249983,187.0314892909257,100.6826411937761
2025-09-02 13:59:09.984431,612,1,POINT (187.26504013951245 100.72550754330567),0.2374521484375027,187.26504013951245,100.72550754330567
2025-09-02 13:59:10.984431,613,1,POINT (187.49957455826322 100.76855441910047),0.23845214843748871,187.49957455826322,100.76855441910047
2025-09-02 13:59:11.984431,614,1,POINT (187.73509254717803 100.8117818211605),0.23945214843750007,187.73509254717803,100.8117818211605
2025-09-02 13:59:12.984431,615,1,POINT (187.97159410625684 100.85518974948576),0.24045214843748605,187.97159410625684,100.85518974948576
2025-09-02 13:59:13.984431,616,1,POINT (188.21013886799986 100.89254663144945),0.24145214843749171,188.21013886799986,100.89254663144945
2025-09-02 13:59:14.984431,617,1,POINT (188.44967158848868 100.93005823095119),0.24245214843749358,188.44967158848868,100.93005823095119
2025-09-02 13:59:15.984431,618,1,POINT (188.69019226772332 100.96772454799098),0.24345214843749546,188.69019226772332,100.96772454799098
2025-09-02 13:59:16.984431,619,1,POINT (188.93170090570376 101.00554558256883),0.24445214843749732,188.93170090570376,101.00554558256883
2025-09-02 13:59:17.984431,620,1,POINT (189.1751084942029 101.0371605004656),0.24545214843750268,189.1751084942029,101.0371605004656
2025-09-02 13:59:18.984431,621,1,POINT (189.41950775293205 101.06890422113757),0.24645214843749302,189.41950775293205,101.06890422113757
2025-09-02 13:59:19.984431,622,1,POINT (189.66564891794735 101.0943422370044),0.2474521484374933,189.66564891794735,101.0943422370044
2025-09-02 13:59:20.984431,623,1,POINT (189.91336867835616 101.11340503759118),0.2484521484375034,189.91336867835616,101.11340503759118
2025-09-02 13:59:21.984431,624,1,POINT (190.1625012763265 101.12602735863895),0.2494521484375038,190.1625012763265,101.12602735863895
2025-09-02 13:59:22.984431,625,1,POINT (190.41287861793623 101.13214826260858),0.250452148437493,190.41287861793623,101.13214826260858
2025-09-02 13:59:23.984431,626,1,POINT (190.66433038656064 101.13171121627906),0.2514521484375031,190.66433038656064,101.13171121627906
2025-09-02 13:59:24.984431,627,1,POINT (190.91668415872203 101.12466416536256),0.252452148437495,190.91668415872203,101.12466416536256
2025-09-02 13:59:25.984431,628,1,POINT (191.1697655223226 101.11095960606058),0.25345214843748953,191.1697655223226,101.11095960606058
2025-09-02 13:59:26.984431,629,1,POINT (191.42339819717924 101.0905546534874),0.25445214843748304,191.42339819717924,101.0905546534874
2025-09-02 13:59:27.984431,630,1,POINT (191.6780276514949 101.0700695092055),0.255452148437501,191.6780276514949,101.0700695092055
2025-09-02 13:59:28.984431,631,1,POINT (191.9336538852695 101.04950417321486),0.25645214843749076,191.9336538852695,101.04950417321486
2025-09-02 13:59:29.984431,632,1,POINT (192.19027689850313 101.02885864551548),0.2574521484375088,192.19027689850313,101.02885864551548
2025-09-02 13:59:30.984431,633,1,POINT (192.44789669119572 101.0081329261074),0.25845214843749736,192.44789669119572,101.0081329261074
2025-09-02 13:59:31.984431,634,1,POINT (192.7065132633473 100.98732701499057),0.2594521484374871,192.7065132633473,100.98732701499057
2025-09-02 13:59:32.984431,635,1,POINT (192.96612661495786 100.96644091216501),0.2604521484375051,192.96612661495786,100.96644091216501
2025-09-02 13:59:33.984431,636,1,POINT (193.2267367460274 100.94547461763072),0.2614521484374948,193.2267367460274,100.94547461763072
2025-09-02 13:59:34.984431,637,1,POINT (193.4883436565559 100.92442813138771),0.2624521484374834,193.4883436565559,100.92442813138771
2025-09-02 13:59:35.984431,638,1,POINT (193.75094734654343 100.90330145343597),0.2634521484375014,193.75094734654343,100.90330145343597
2025-09-02 13:59:36.984431,639,1,POINT (194.0145478159899 100.8820945837755),0.2644521484374911,194.0145478159899,100.8820945837755
2025-09-02 13:59:37.984431,640,1,POINT (194.2791450648954 100.86080752240629),0.26545214843750914,194.2791450648954,100.86080752240629
2025-09-02 13:59:38.984431,641,1,POINT (194.54473909325986 100.83944026932835),0.26645214843749887,194.54473909325986,100.83944026932835
2025-09-02 13:59:39.984431,642,1,POINT (194.8113299010833 100.81799282454169),0.26745214843748744,194.8113299010833,100.81799282454169
2025-09-02 13:59:40.984431,643,1,POINT (195.07891748836573 100.7964651880463),0.2684521484375055,195.07891748836573,100.7964651880463
2025-09-02 13:59:41.984431,644,1,POINT (195.34750185510714 100.77485735984217),0.2694521484374952,195.34750185510714,100.77485735984217
2025-09-02 13:59:42.984431,645,1,POINT (195.61708300130752 100.75316933992931),0.2704521484374849,195.61708300130752,100.75316933992931
2025-09-02 13:59:43.984431,646,1,POINT (195.8876609269669 100.73140112830774),0.27145214843750176,195.8876609269669,100.73140112830774
2025-09-02 13:59:44.984431,647,1,POINT (196.15923563208526 100.70955272497743),0.2724521484374915,196.15923563208526,100.70955272497743
2025-09-02 13:59:45.984431,648,1,POINT (196.4318071166626 100.68762412993838),0.27345214843750953,196.4318071166626,100.68762412993838
2025-09-02 13:59:46.984431,649,1,POINT (196.70537538069894 100.66561534319061),0.27445214843749927,196.70537538069894,100.66561534319061
2025-09-02 13:59:47.984431,650,1,POINT (196.97994042419424 100.6435263647341),0.27545214843748894,196.97994042419424,100.6435263647341
2025-09-02 13:59:48.984431,651,1,POINT (197.25550224714854 100.62135719456887),0.2764521484375059,197.25550224714854,100.62135719456887
2025-09-02 13:59:49.984431,652,1,POINT (197.53206084956182 100.59910783269491),0.27745214843749555,197.53206084956182,100.59910783269491
2025-09-02 13:59:50.984431,653,1,POINT (197.80961623143406 100.57677827911222),0.2784521484374853,197.80961623143406,100.57677827911222
2025-09-02 13:59:51.984431,654,1,POINT (198.0881683927653 100.55436853382079),0.2794521484375033,198.0881683927653,100.55436853382079
2025-09-02 13:59:52.984431,655,1,POINT (198.36771733355553 100.53187859682065),0.2804521484374919,198.36771733355553,100.53187859682065
2025-09-02 13:59:53.984431,656,1,POINT (198.64826305380473 100.50930846811177),0.28145214843748156,198.64826305380473,100.50930846811177
2025-09-02 13:59:54.984431,657,1,POINT (198.92980555351292 100.48665814769416),0.2824521484374996,198.92980555351292,100.48665814769416
2025-09-02 13:59:55.984431,658,1,POINT (199.2123448326801 100.46392763556781),0.2834521484374893,199.2123448326801,100.46392763556781
2025-09-02 13:59:56.984431,659,1,POINT (199.49588089130626 100.44111693173274),0.2844521484375073,199.49588089130626,100.44111693173274
2025-09-02 13:59:57.984431,660,1,POINT (199.7804137293914 100.41822603618894),0.2854521484374959,199.7804137293914,100.41822603618894
2025-09-02 13:59:58.984431,661,1,POINT (200.0659433469355 100.39525494893641),0.2864521484374856,200.0659433469355,100.39525494893641
2025-09-02 13:59:59.984431,662,1,POINT (200.35246974393863 100.37220366997515),0.28745214843750366,200.35246974393863,100.37220366997515
2025-09-02 14:00:00.984431,663,1,POINT (200.63999292040072 100.34907219930516),0.28845214843749334,200.63999292040072,100.34907219930516
2025-09-02 14:00:01.984431,664,1,POINT (200.92851287632178 100.32586053692644),0.28945214843748196,200.92851287632178,100.32586053692644
2025-09-02 14:00:02.984431,665,1,POINT (201.21802961170184 100.302568682839),0.2904521484375,201.21802961170184,100.302568682839
2025-09-02 14:00:03.984431,666,1,POINT (201.50854312654087 100.27919663704282),0.2914521484374897,201.50854312654087,100.27919663704282
2025-09-02 14:00:04.984431,667,1,POINT (201.8000534208389 100.2557443995379),0.2924521484375077,201.8000534208389,100.2557443995379
2025-09-02 14:00:05.984431,668,1,POINT (202.09256049459592 100.23221197032426),0.2934521484374974,202.09256049459592,100.23221197032426
2025-09-02 14:00:06.984431,669,1,POINT (202.3860643478119 100.2085993494019),0.294452148437486,202.3860643478119,100.2085993494019
2025-09-02 14:00:07.984431,670,1,POINT (202.68056498048688 100.1849065367708),0.295452148437504,202.68056498048688,100.1849065367708
2025-09-02 14:00:08.984431,671,1,POINT (202.97606239262083 100.16113353243097),0.29645214843749373,202.97606239262083,100.16113353243097
2025-09-02 14:00:09.984431,672,1,POINT (203.27255658421376 100.1372803363824),0.2974521484374834,203.27255658421376,100.1372803363824
2025-09-02 14:00:10.984431,673,1,POINT (203.5700475552657 100.11334694862512),0.29845214843750034,203.5700475552657,100.11334694862512
2025-09-02 14:00:11.984431,674,1,POINT (203.8685353057766 100.0893333691591),0.2994521484374901,203.8685353057766,100.0893333691591
2025-09-02 14:00:12.984431,675,1,POINT (204.1680198357465 100.06523959798436),0.3004521484375081,204.1680198357465,100.06523959798436
2025-09-02 14:00:13.984431,676,1,POINT (204.46850114517537 100.04106563510088),0.3014521484374978,204.46850114517537,100.04106563510088
2025-09-02 14:00:14.984431,677,1,POINT (204.76997923406321 100.01681148050866),0.3024521484374875,204.76997923406321,100.01681148050866
2025-09-02 14:00:15.984431,678,1,POINT (205.07245410241006 99.99247713420773),0.3034521484375044,205.07245410241006,99.99247713420773
2025-09-02 14:00:16.984431,679,1,POINT (205.37592575021588 99.96806259619807),0.30445214843749413,205.37592575021588,99.96806259619807
2025-09-02 14:00:17.984431,680,1,POINT (205.68039417748068 99.94356786647967),0.3054521484374838,205.68039417748068,99.94356786647967
2025-09-02 14:00:18.984431,681,1,POINT (205.98585938420447 99.91899294505254),0.30645214843750185,205.98585938420447,99.91899294505254
2025-09-02 14:00:19.984431,682,1,POINT (206.29232137038724 99.89433783191669),0.3074521484374904,206.29232137038724,99.89433783191669
2025-09-02 14:00:20.984431,683,1,POINT (206.599780136029 99.8696025270721),0.30845214843750846,206.599780136029,99.8696025270721
2025-09-02 14:00:21.984431,684,1,POINT (206.90823568112975 99.84478703051879),0.30945214843749813,206.90823568112975,99.84478703051879
2025-09-02 14:00:22.984431,685,1,POINT (207.21768800568947 99.81989134225674),0.31045214843748786,207.21768800568947,99.81989134225674
2025-09-02 14:00:23.984431,686,1,POINT (207.52813710970818 99.79491546228596),0.3114521484375059,207.52813710970818,99.79491546228596
2025-09-02 14:00:24.984431,687,1,POINT (207.83958299318587 99.76985939060646),0.31245214843749447,207.83958299318587,99.76985939060646
2025-09-02 14:00:25.984431,688,1,POINT (208.15202565612253 99.74472312721822),0.3134521484374842,208.15202565612253,99.74472312721822
2025-09-02 14:00:26.984431,689,1,POINT (208.46601778049117 99.72772020125187),0.3144521484374816,208.46601778049117,99.72772020125187
2025-09-02 14:00:27.984431,690,1,POINT (208.78100844192159 99.71066320370085),0.3154521484374857,208.78100844192159,99.71066320370085
2025-09-02 14:00:28.984431,691,1,POINT (209.09699764041378 99.69355213456517),0.31645214843748903,209.09699764041378,99.69355213456517
2025-09-02 14:00:29.984431,692,1,POINT (209.41398537596774 99.67638699384483),0.31745214843749237,209.41398537596774,99.67638699384483
2025-09-02 14:00:30.984431,693,1,POINT (209.73197164858348 99.65916778153982),0.3184521484374965,209.73197164858348,99.65916778153982
2025-09-02 14:00:31.984431,694,1,POINT (210.050956458261 99.64189449765016),0.3194521484374998,210.050956458261,99.64189449765016
2025-09-02 14:00:32.984431,695,1,POINT (210.3709398050003 99.62456714217582),0.3204521484375039,210.3709398050003,99.62456714217582
2025-09-02 14:00:33.984431,696,1,POINT (210.69192168880136 99.60718571511683),0.3214521484375072,210.69192168880136,99.60718571511683
2025-09-02 14:00:34.984431,697,1,POINT (211.01390210966417 99.58975021647318),0.32245214843748216,211.01390210966417,99.58975021647318
2025-09-02 14:00:35.984431,698,1,POINT (211.25863267076204 99.57649785984029),0.2450891113281092,211.25863267076204,99.57649785984029
2025-09-02 14:00:36.984431,699,1,POINT (211.50436176892168 99.56319143162274),0.24608911132811254,211.50436176892168,99.56319143162274
2025-09-02 14:00:37.984431,700,1,POINT (211.7510894041431 99.54983093182052),0.24708911132811662,211.7510894041431,99.54983093182052
2025-09-02 14:00:38.984431,701,1,POINT (211.9988155764263 99.53641636043365),0.24808911132811995,211.9988155764263,99.53641636043365
2025-09-02 14:00:39.984431,702,1,POINT (212.24754028577127 99.5229477174621),0.24908911132812406,212.24754028577127,99.5229477174621
2025-09-02 14:00:40.984431,703,1,POINT (212.497263532178 99.5094250029059),0.25008911132812733,212.497263532178,99.5094250029059
2025-09-02 14:00:41.984431,704,1,POINT (212.74798531564653 99.49584821676504),0.2510891113281307,212.74798531564653,99.49584821676504
2025-09-02 14:00:42.984431,705,1,POINT (212.99970563617683 99.48221735903951),0.2520891113281348,212.99970563617683,99.48221735903951
2025-09-02 14:00:43.984431,706,1,POINT (213.25269612301534 99.47515252768441),0.25308911132813244,213.25269612301534,99.47515252768441
2025-09-02 14:00:44.984431,707,1,POINT (213.5067848505473 99.47471089807748),0.2540891113281235,213.5067848505473,99.47471089807748
2025-09-02 14:00:45.984431,708,1,POINT (213.76187357656875 99.47426753038107),0.25508911132810674,213.76187357656875,99.47426753038107
2025-09-02 14:00:46.984431,709,1,POINT (214.01796230107973 99.47382242459521),0.25608911132811835,214.01796230107973,99.47382242459521
2025-09-02 14:00:47.984431,710,1,POINT (214.27505102408026 99.47337558071989),0.25708911132813006,214.27505102408026,99.47337558071989
2025-09-02 14:00:48.984431,711,1,POINT (214.53313974557028 99.4729269987551),0.2580891113281133,214.53313974557028,99.4729269987551
2025-09-02 14:00:49.984431,712,1,POINT (214.79222846554984 99.47247667870084),0.25908911132812495,214.79222846554984,99.47247667870084
2025-09-02 14:00:50.984431,713,1,POINT (215.0523171840189 99.47202462055714),0.2600891113281082,215.0523171840189,99.47202462055714
2025-09-02 14:00:51.984431,714,1,POINT (215.3134059009775 99.47157082432396),0.26108911132811985,215.3134059009775,99.47157082432396
2025-09-02 14:00:52.984431,715,1,POINT (215.57549461642563 99.47111529000132),0.2620891113281315,215.57549461642563,99.47111529000132
2025-09-02 14:00:53.984431,716,1,POINT (215.83858333036326 99.47065801758922),0.26308911132811474,215.83858333036326,99.47065801758922
2025-09-02 14:00:54.984431,717,1,POINT (216.10267204279043 99.47019900708766),0.2640891113281264,216.10267204279043,99.47019900708766
2025-09-02 14:00:55.984431,718,1,POINT (216.3677607537071 99.46973825849663),0.2650891113281096,216.3677607537071,99.46973825849663
2025-09-02 14:00:56.984431,719,1,POINT (216.6338494631133 99.46927577181614),0.2660891113281213,216.6338494631133,99.46927577181614
2025-09-02 14:00:57.984431,720,1,POINT (216.90093817100905 99.46881154704619),0.26708911132813296,216.90093817100905,99.46881154704619
2025-09-02 14:00:58.984431,721,1,POINT (217.1690268773943 99.46834558418678),0.26808911132811614,217.1690268773943,99.46834558418678
2025-09-02 14:00:59.984431,722,1,POINT (217.43811558226906 99.4678778832379),0.26908911132812785,217.43811558226906,99.4678778832379
2025-09-02 14:01:00.984431,723,1,POINT (217.70820428563334 99.46740844419956),0.27008911132811103,217.70820428563334,99.46740844419956
2025-09-02 14:01:01.984431,724,1,POINT (217.97929298748716 99.46693726707176),0.27108911132812274,217.97929298748716,99.46693726707176
2025-09-02 14:01:02.984431,725,1,POINT (218.25138168783047 99.4664643518545),0.2720891113281059,218.25138168783047,99.4664643518545
2025-09-02 14:01:03.984431,726,1,POINT (218.52447038666332 99.46598969854777),0.2730891113281176,218.52447038666332,99.46598969854777
2025-09-02 14:01:04.984431,727,1,POINT (218.7985590839857 99.46551330715158),0.2740891113281293,218.7985590839857,99.46551330715158
2025-09-02 14:01:05.984431,728,1,POINT (219.0736477797976 99.46503517766592),0.27508911132811253,219.0736477797976,99.46503517766592
2025-09-02 14:01:06.984431,729,1,POINT (219.34973647409902 99.46455531009082),0.27608911132812414,219.34973647409902,99.46455531009082
2025-09-02 14:01:07.984431,730,1,POINT (219.62682516688994 99.46407370442624),0.2770891113281074,219.62682516688994,99.46407370442624
2025-09-02 14:01:08.984431,731,1,POINT (219.9045074510263 99.4490369854995),0.2780891113281147,219.9045074510263,99.4490369854995
2025-09-02 14:01:09.984431,732,1,POINT (220.1820165588925 99.41938184912806),0.27908911132811315,220.1820165588925,99.41938184912806
2025-09-02 14:01:10.984431,733,1,POINT (220.45964550684417 99.38234028404469),0.28008911132810627,220.45964550684417,99.38234028404469
2025-09-02 14:01:11.984431,734,1,POINT (220.7371970981065 99.33788578264179),0.2810891113281123,220.7371970981065,99.33788578264179
2025-09-02 14:01:12.984431,735,1,POINT (221.01447283286595 99.28599711679378),0.2820891113281102,221.01447283286595,99.28599711679378
2025-09-02 14:01:13.984431,736,1,POINT (221.2912730499867 99.22665838783497),0.2830891113281148,221.2912730499867,99.22665838783497
2025-09-02 14:01:14.984431,737,1,POINT (221.5673970704484 99.15985907272423),0.284089111328122,221.5673970704484,99.15985907272423
2025-09-02 14:01:15.984431,738,1,POINT (221.84264334240262 99.08559406634058),0.2850891113281229,221.84264334240262,99.08559406634058
2025-09-02 14:01:16.984431,739,1,POINT (222.1168095877432 99.00386371985674),0.286089111328131,222.1168095877432,99.00386371985674
2025-09-02 14:01:17.984431,740,1,POINT (222.3919341577263 98.92184769194272),0.28708911132812903,222.3919341577263,98.92184769194272
2025-09-02 14:01:18.984431,741,1,POINT (222.6680170523519 98.83954598259851),0.28808911132812715,222.6680170523519,98.83954598259851
2025-09-02 14:01:19.984431,742,1,POINT (222.94505827162 98.75695859182412),0.2890891113281252,222.94505827162,98.75695859182412
2025-09-02 14:01:20.984431,743,1,POINT (223.22305781553064 98.67408551961955),0.29008911132811926,223.22305781553064,98.67408551961955
2025-09-02 14:01:21.984431,744,1,POINT (223.50201568408377 98.5909267659848),0.2910891113281174,223.50201568408377,98.5909267659848
2025-09-02 14:01:22.984431,745,1,POINT (223.78193187727942 98.50748233091987),0.2920891113281155,223.78193187727942,98.50748233091987
2025-09-02 14:01:23.984431,746,1,POINT (224.06280639511758 98.42375221442475),0.29308911132811355,224.06280639511758,98.42375221442475
2025-09-02 14:01:24.984431,747,1,POINT (224.34865004260655 98.35460154854246),0.29408911132812304,224.34865004260655,98.35460154854246
2025-09-02 14:01:25.984431,748,1,POINT (224.63870395421554 98.30032160763655),0.2950891113281327,224.63870395421554,98.30032160763655
2025-09-02 14:01:26.984431,749,1,POINT (224.9321923661291 98.2611640551143),0.29608911132811694,224.9321923661291,98.2611640551143
2025-09-02 14:01:27.984431,750,1,POINT (225.22832468978856 98.23733997163188),0.297089111328118,225.22832468978856,98.23733997163188
2025-09-02 14:01:28.984431,751,1,POINT (225.5262976408982 98.2290189921584),0.2980891113281184,225.5262976408982,98.2290189921584
2025-09-02 14:01:29.984431,752,1,POINT (225.82529741816478 98.23632855504387),0.2990891113281072,225.82529741816478,98.23632855504387
2025-09-02 14:01:30.984431,753,1,POINT (226.1250021126165 98.25151311500798),0.3000891113281224,226.1250021126165,98.25151311500798
2025-09-02 14:01:31.984431,754,1,POINT (226.4252036725103 98.27461455214264),0.30108911132811345,226.4252036725103,98.27461455214264
2025-09-02 14:01:32.984431,755,1,POINT (226.7256923377745 98.30566923344439),0.3020891113281182,226.7256923377745,98.30566923344439
2025-09-02 14:01:33.984431,756,1,POINT (227.02625678652083 98.34470795211539),0.30308911132811417,227.02625678652083,98.34470795211539
2025-09-02 14:01:34.984431,757,1,POINT (227.3266842835625 98.39175587076858),0.30408911132812194,227.3266842835625,98.39175587076858
2025-09-02 14:01:35.984431,758,1,POINT (227.62676083083375 98.44683246860065),0.30508911132811556,227.62676083083375,98.44683246860065
2025-09-02 14:01:36.984431,759,1,POINT (227.92782094826902 98.50208959269796),0.3060891113281295,227.92782094826902,98.50208959269796
2025-09-02 14:01:37.984431,760,1,POINT (228.2298646358683 98.5575272430605),0.3070891113281155,228.2298646358683,98.5575272430605
2025-09-02 14:01:38.984431,761,1,POINT (228.53289189363161 98.6131454196883),0.3080891113281294,228.53289189363161,98.6131454196883
2025-09-02 14:01:39.984431,762,1,POINT (228.83690272155894 98.66894412258131),0.30908911132811284,228.83690272155894,98.66894412258131
2025-09-02 14:01:40.984431,763,1,POINT (229.1418971196503 98.72492335173956),0.3100891113281268,229.1418971196503,98.72492335173956
2025-09-02 14:01:41.984431,764,1,POINT (229.3738395212519 98.76749448397027),0.2358168334960889,229.3738395212519,98.76749448397027
2025-09-02 14:01:42.984431,765,1,POINT (229.60676549301755 98.81024614246621),0.23681683349610283,229.60676549301755,98.81024614246621
2025-09-02 14:01:43.984431,766,1,POINT (229.8406750349472 98.85317832722738),0.23781683349608626,229.8406750349472,98.85317832722738
2025-09-02 14:01:44.984431,767,1,POINT (230.07556814704088 98.89629103825379),0.2388168334961002,230.07556814704088,98.89629103825379
2025-09-02 14:01:45.984431,768,1,POINT (230.31144482929858 98.93958427554544),0.23981683349608618,230.31144482929858,98.93958427554544
2025-09-02 14:01:46.984431,769,1,POINT (230.54830508172032 98.98305803910233),0.2408168334961001,230.54830508172032,98.98305803910233
2025-09-02 14:01:47.984431,770,1,POINT (230.78614890430606 99.02671232892445),0.24181683349608354,230.78614890430606,99.02671232892445
2025-09-02 14:01:48.984431,771,1,POINT (231.02497629705584 99.0705471450118),0.24281683349609748,231.02497629705584,99.0705471450118
2025-09-02 14:01:49.984431,772,1,POINT (231.26478725996964 99.1145624873644),0.24381683349608346,231.26478725996964,99.1145624873644
2025-09-02 14:01:50.984431,773,1,POINT (231.50558179304747 99.15875835598221),0.24481683349609484,231.50558179304747,99.15875835598221
2025-09-02 14:01:51.984431,774,1,POINT (231.7473598962893 99.20313475086527),0.24581683349608083,231.7473598962893,99.20313475086527
2025-09-02 14:01:52.984431,775,1,POINT (231.9901215696952 99.24769167201357),0.24681683349609476,231.9901215696952,99.24769167201357
2025-09-02 14:01:53.984431,776,1,POINT (232.23386681326508 99.2924291194271),0.2478168334960782,232.23386681326508,99.2924291194271
2025-09-02 14:01:54.984431,777,1,POINT (232.478595626999 99.33734709310586),0.2488168334960921,232.478595626999,99.33734709310586
2025-09-02 14:01:55.984431,778,1,POINT (232.72430801089695 99.38244559304987),0.24981683349607808,232.72430801089695,99.38244559304987
2025-09-02 14:01:56.984431,779,1,POINT (232.97100396495892 99.42772461925911),0.250816833496092,232.97100396495892,99.42772461925911
2025-09-02 14:01:57.984431,780,1,POINT (233.2186834891849 99.47318417173358),0.2518168334960755,233.2186834891849,99.47318417173358
2025-09-02 14:01:58.984431,781,1,POINT (233.46734658357494 99.51882425047329),0.2528168334960894,233.46734658357494,99.51882425047329
2025-09-02 14:01:59.984431,782,1,POINT (233.71425305087303 99.57764755684384),0.25381683349609946,233.71425305087303,99.57764755684384
2025-09-02 14:02:00.984431,783,1,POINT (233.9587018793812 99.64959468238723),0.2548168334961003,233.9587018793812,99.64959468238723
2025-09-02 14:02:01.984431,784,1,POINT (234.1999934979048 99.73456883804779),0.2558168334960891,234.1999934979048,99.73456883804779
2025-09-02 14:02:02.984431,785,1,POINT (234.43743177423383 99.83243584423914),0.25681683349607726,234.43743177423383,99.83243584423914
2025-09-02 14:02:03.984431,786,1,POINT (234.67314107785603 99.9368898715425),0.25781683349609746,234.67314107785603,99.9368898715425
2025-09-02 14:02:04.984431,787,1,POINT (234.9069386543014 100.04790719698867),0.2588168334961018,234.9069386543014,100.04790719698867
2025-09-02 14:02:05.984431,788,1,POINT (235.1386418136215 100.1654590278082),0.25981683349608625,235.1386418136215,100.1654590278082
2025-09-02 14:02:06.984431,789,1,POINT (235.3680680709868 100.28951148875227),0.26081683349609774,235.3680680709868,100.28951148875227
2025-09-02 14:02:07.984431,790,1,POINT (235.59503528798655 100.42002561331091),0.26181683349609597,235.59503528798655,100.42002561331091
2025-09-02 14:02:08.984431,791,1,POINT (235.8228693981267 100.55103823188468),0.2628168334960847,235.8228693981267,100.55103823188468
2025-09-02 14:02:09.984431,792,1,POINT (236.05157040140725 100.68254934447357),0.26381683349608054,236.05157040140725,100.68254934447357
2025-09-02 14:02:10.984431,793,1,POINT (236.2811382978282 100.8145589510776),0.2648168334960764,236.2811382978282,100.8145589510776
2025-09-02 14:02:11.984431,794,1,POINT (236.51157308738956 100.94706705169676),0.2658168334960969,236.51157308738956,100.94706705169676
2025-09-02 14:02:12.984431,795,1,POINT (236.74287477009133 101.08007364633106),0.26681683349609275,236.74287477009133,101.08007364633106
2025-09-02 14:02:13.984431,796,1,POINT (236.9750433459335 101.21357873498049),0.2678168334960886,236.9750433459335,101.21357873498049
2025-09-02 14:02:14.984431,797,1,POINT (237.20807881491606 101.34758231764505),0.2688168334960845,237.20807881491606,101.34758231764505
2025-09-02 14:02:15.984431,798,1,POINT (237.4486999167806 101.46965856011403),0.26981683349608465,237.4486999167806,101.46965856011403
2025-09-02 14:02:16.984431,799,1,POINT (237.69629448369432 101.57937951408208),0.27081683349608104,237.69629448369432,101.57937951408208
2025-09-02 14:02:17.984431,800,1,POINT (237.95022628379684 101.67634874563797),0.2718168334960993,237.95022628379684,101.67634874563797
2025-09-02 14:02:18.984431,801,1,POINT (238.20983664883116 101.76020268415958),0.27281683349610086,238.20983664883116,101.76020268415958
2025-09-02 14:02:19.984431,802,1,POINT (238.47444617715803 101.83061188685676),0.2738168334960837,238.47444617715803,101.83061188685676
2025-09-02 14:02:20.984431,803,1,POINT (238.74335650776658 101.88728221476144),0.2748168334961001,238.74335650776658,101.88728221476144
2025-09-02 14:02:21.984431,804,1,POINT (239.0132453458675 101.94415875393486),0.27581683349608127,239.0132453458675,101.94415875393486
2025-09-02 14:02:22.984431,805,1,POINT (239.2841126914608 102.001241504377),0.2768168334960902,239.2841126914608,102.001241504377
2025-09-02 14:02:23.984431,806,1,POINT (239.55595854454648 102.05853046608789),0.2778168334960992,239.55595854454648,102.05853046608789
2025-09-02 14:02:24.984431,807,1,POINT (239.82878290512454 102.1160256390675),0.27881683349608033,239.82878290512454,102.1160256390675
2025-09-02 14:02:25.984431,808,1,POINT (240.102585773195 102.17372702331585),0.2798168334960893,240.102585773195,102.17372702331585
2025-09-02 14:02:26.984431,809,1,POINT (240.37736714875783 102.23163461883293),0.28081683349609826,240.37736714875783,102.23163461883293
2025-09-02 14:02:27.984431,810,1,POINT (240.65312703181303 102.28974842561875),0.2818168334960824,240.65312703181303,102.28974842561875
2025-09-02 14:02:28.984431,811,1,POINT (240.92986542236062 102.34806844367331),0.2828168334960914,240.92986542236062,102.34806844367331
2025-09-02 14:02:29.984431,812,1,POINT (241.2075823204006 102.4065946729966),0.2838168334961003,241.2075823204006,102.4065946729966
2025-09-02 14:02:30.984431,813,1,POINT (241.48627772593295 102.46532711358863),0.2848168334960815,241.48627772593295,102.46532711358863
2025-09-02 14:02:31.984431,814,1,POINT (241.7659516389577 102.52426576544939),0.28581683349609044,241.7659516389577,102.52426576544939
2025-09-02 14:02:32.984431,815,1,POINT (242.04805611892456 102.5760437372071),0.2868168334960904,242.04805611892456,102.5760437372071
2025-09-02 14:02:33.984431,816,1,POINT (242.33114416905545 102.62800223523006),0.2878168334960764,242.33114416905545,102.62800223523006
2025-09-02 14:02:34.984431,817,1,POINT (242.61521578935037 102.68014125951824),0.2888168334960878,242.61521578935037,102.68014125951824
2025-09-02 14:02:35.984431,818,1,POINT (242.90027097980933 102.73246081007166),0.2898168334961017,242.90027097980933,102.73246081007166
2025-09-02 14:02:36.984431,819,1,POINT (243.18758601389007 102.77745527457434),0.2908168334960965,243.18758601389007,102.77745527457434
2025-09-02 14:02:37.984431,820,1,POINT (243.47785682310047 102.80745396841294),0.2918168334960848,243.47785682310047,102.80745396841294
2025-09-02 14:02:38.984431,821,1,POINT (243.7702985555741 102.82227054988451),0.29281683349610205,243.7702985555741,102.82227054988451
2025-09-02 14:02:39.984431,822,1,POINT (244.06411494526614 102.8217598699423),0.29381683349608834,244.06411494526614,102.8217598699423
2025-09-02 14:02:40.984431,823,1,POINT (244.35850047994623 102.80581865657015),0.29481683349608445,244.35850047994623,102.80581865657015
2025-09-02 14:02:41.984431,824,1,POINT (244.65264260955013 102.77438608474193),0.2958168334960886,244.65264260955013,102.77438608474193
2025-09-02 14:02:42.984431,825,1,POINT (244.945723988836 102.72744422961738),0.2968168334960814,244.945723988836,102.72744422961738
2025-09-02 14:02:43.984431,826,1,POINT (245.23692474815584 102.66501840094708),0.29781683349607785,245.23692474815584,102.66501840094708
2025-09-02 14:02:44.984431,827,1,POINT (245.52736356526094 102.59475608174806),0.2988168334960955,245.52736356526094,102.59475608174806
2025-09-02 14:02:45.984431,828,1,POINT (245.81682907765625 102.51665454026937),0.2998168334960974,245.81682907765625,102.51665454026937
2025-09-02 14:02:46.984431,829,1,POINT (246.10510926207849 102.43071675705326),0.3008168334960936,246.10510926207849,102.43071675705326
2025-09-02 14:02:47.984431,830,1,POINT (246.3919915891531 102.33695145753438),0.3018168334960911,246.3919915891531,102.33695145753438
2025-09-02 14:02:48.984431,831,1,POINT (246.67726317930175 102.23537314044526),0.30281683349609095,246.67726317930175,102.23537314044526
2025-09-02 14:02:49.984431,832,1,POINT (246.9607109597864 102.12600210198487),0.3038168334960847,246.9607109597864,102.12600210198487
2025-09-02 14:02:50.984431,833,1,POINT (247.24509169641186 102.01627107346994),0.30481683349608213,247.24509169641186,102.01627107346994
2025-09-02 14:02:51.984431,834,1,POINT (247.5304053891781 101.90618005490047),0.30581683349607963,247.5304053891781,101.90618005490047
2025-09-02 14:02:52.984431,835,1,POINT (247.81665203808512 101.79572904627646),0.30681683349608224,247.81665203808512,101.79572904627646
2025-09-02 14:02:53.984431,836,1,POINT (248.10383164313293 101.68491804759792),0.3078168334960797,248.10383164313293,101.68491804759792
2025-09-02 14:02:54.984431,837,1,POINT (248.39194420432153 101.57374705886483),0.3088168334960823,248.39194420432153,101.57374705886483
2025-09-02 14:02:55.984431,838,1,POINT (248.68098972165092 101.4622160800772),0.30981683349607975,248.68098972165092,101.4622160800772
2025-09-02 14:02:56.984431,839,1,POINT (248.9709681951211 101.35032511123504),0.3108168334960772,248.9709681951211,101.35032511123504
2025-09-02 14:02:57.984431,840,1,POINT (249.26187962473205 101.23807415233833),0.3118168334960798,249.26187962473205,101.23807415233833
2025-09-02 14:02:58.984431,841,1,POINT (249.5537240104838 101.12546320338708),0.31281683349607725,249.5537240104838,101.12546320338708
2025-09-02 14:02:59.984431,842,1,POINT (249.8493582593242 101.02019499404501),0.3138168334960921,249.8493582593242,101.02019499404501
2025-09-02 14:03:00.984431,843,1,POINT (250.1485973201461 100.92239099039017),0.31481683349608275,250.1485973201461,100.92239099039017
2025-09-02 14:03:01.984431,844,1,POINT (250.45125237420604 100.83216798572131),0.3158168334960842,250.45125237420604,100.83216798572131
2025-09-02 14:03:02.984431,845,1,POINT (250.75713095338395 100.74963798640837),0.3168168334960966,250.75713095338395,100.74963798640837
2025-09-02 14:03:03.984431,846,1,POINT (251.06397500707848 100.66684748957577),0.3178168334960917,251.06397500707848,100.66684748957577
2025-09-02 14:03:04.984431,847,1,POINT (251.3738530782381 100.59188246883369),0.31881683349609086,251.3738530782381,100.59188246883369
2025-09-02 14:03:05.984431,848,1,POINT (251.68656510214913 100.52484518749759),0.31981683349608186,251.68656510214913,100.52484518749759
2025-09-02 14:03:06.984431,849,1,POINT (252.0002549108143 100.45759829467669),0.3208168334960927,252.0002549108143,100.45759829467669
2025-09-02 14:03:07.984431,850,1,POINT (252.23870006776414 100.40648188773538),0.24386262512205772,252.23870006776414,100.40648188773538
2025-09-02 14:03:08.984431,851,1,POINT (252.47812300946813 100.35515586930926),0.24486262512207158,252.47812300946813,100.35515586930926
2025-09-02 14:03:09.984431,852,1,POINT (252.71979040212165 100.30993085676124),0.245862625122068,252.71979040212165,100.30993085676124
2025-09-02 14:03:10.984431,853,1,POINT (252.9624407314559 100.264521899978),0.24686262512207732,252.9624407314559,100.264521899978
2025-09-02 14:03:11.984431,854,1,POINT (253.20607399747087 100.21892899895954),0.24786262512206134,253.20607399747087,100.21892899895954
2025-09-02 14:03:12.984431,855,1,POINT (253.45180467441523 100.17957114598066),0.24886262512205723,253.45180467441523,100.17957114598066
2025-09-02 14:03:13.984431,856,1,POINT (253.6985227663112 100.14005514208233),0.249862625122063,253.6985227663112,100.14005514208233
2025-09-02 14:03:14.984431,857,1,POINT (253.94622827315882 100.10038098726456),0.2508626251220688,253.94622827315882,100.10038098726456
2025-09-02 14:03:15.984431,858,1,POINT (254.19587866231325 100.06707235282215),0.25186262512205676,254.19587866231325,100.06707235282215
2025-09-02 14:03:16.984431,859,1,POINT (254.4465202679653 100.03363146916482),0.25286262512206265,254.4465202679653,100.03363146916482
2025-09-02 14:03:17.984431,860,1,POINT (254.69815309011497 100.00005833629255),0.2538626251220685,254.69815309011497,100.00005833629255
2025-09-02 14:03:18.984431,861,1,POINT (254.95077712876227 99.96635295420535),0.25486262512207614,254.95077712876227,99.96635295420535
2025-09-02 14:03:19.984431,862,1,POINT (255.2051912422189 99.93916579163837),0.2558626251220769,255.2051912422189,99.93916579163837
2025-09-02 14:03:20.984431,863,1,POINT (255.46059969438883 99.91187237219799),0.2568626251220598,255.46059969438883,99.91187237219799
2025-09-02 14:03:21.984431,864,1,POINT (255.71700248527213 99.8844726958842),0.257862625122071,255.71700248527213,99.8844726958842
2025-09-02 14:03:22.984431,865,1,POINT (255.97439961486876 99.856966762697),0.2588626251220538,255.97439961486876,99.856966762697
2025-09-02 14:03:23.984431,866,1,POINT (256.23342534174793 99.83612793475345),0.2598626251220919,256.23342534174793,99.83612793475345
2025-09-02 14:03:24.984431,867,1,POINT (256.4934478480861 99.81520891510117),0.2608626251220816,256.4934478480861,99.81520891510117
2025-09-02 14:03:25.984431,868,1,POINT (256.75446713388317 99.79420970374015),0.261862625122043,256.75446713388317,99.79420970374015
2025-09-02 14:03:26.984431,869,1,POINT (257.01648319913926 99.7731303006704),0.26286262512206104,257.01648319913926,99.7731303006704
2025-09-02 14:03:27.984431,870,1,POINT (257.27949604385435 99.75197070589194),0.2638626251220779,257.27949604385435,99.75197070589194
2025-09-02 14:03:28.984431,871,1,POINT (257.5435056680284 99.73073091940473),0.2648626251220393,257.5435056680284,99.73073091940473
2025-09-02 14:03:29.984431,872,1,POINT (257.8085120716614 99.7094109412088),0.26586262512205733,257.8085120716614,99.7094109412088
2025-09-02 14:03:30.984431,873,1,POINT (258.07498429324755 99.69498125618142),0.2668626251220572,258.07498429324755,99.69498125618142
2025-09-02 14:03:31.984431,874,1,POINT (258.34245505189546 99.68049749956937),0.2678626251220613,258.34245505189546,99.68049749956937
2025-09-02 14:03:32.984431,875,1,POINT (258.61092434760513 99.66595967137266),0.2688626251220646,258.61092434760513,99.66595967137266
2025-09-02 14:03:33.984431,876,1,POINT (258.8803921803766 99.65136777159128),0.2698626251220687,258.8803921803766,99.65136777159128
2025-09-02 14:03:34.984431,877,1,POINT (259.1508585502098 99.63672180022525),0.27086262512207204,259.1508585502098,99.63672180022525
2025-09-02 14:03:35.984431,878,1,POINT (259.42261523512565 99.62913291744732),0.2718626251220607,259.42261523512565,99.62913291744732
2025-09-02 14:03:36.984431,879,1,POINT (259.6953715303586 99.62151612026676),0.2728626251220619,259.6953715303586,99.62151612026676
2025-09-02 14:03:37.984431,880,1,POINT (259.9691274359087 99.61387140868358),0.27386262512206255,259.9691274359087,99.61387140868358
2025-09-02 14:03:38.984431,881,1,POINT (260.24388295177596 99.60619878269776),0.27486262512206366,260.24388295177596,99.60619878269776
2025-09-02 14:03:39.984431,882,1,POINT (260.51963807796034 99.5984982423093),0.2758626251220648,260.51963807796034,99.5984982423093
2025-09-02 14:03:40.984431,883,1,POINT (260.79639281446185 99.59076978751823),0.2768626251220655,260.79639281446185,99.59076978751823
2025-09-02 14:03:41.984431,884,1,POINT (261.0741471612805 99.58301341832451),0.2778626251220666,261.0741471612805,99.58301341832451
2025-09-02 14:03:42.984431,885,1,POINT (261.3529011184163 99.57522913472818),0.27886262512206733,261.3529011184163,99.57522913472818
2025-09-02 14:03:43.984431,886,1,POINT (261.6326546858692 99.5674169367292),0.27986262512206844,261.6326546858692,99.5674169367292
2025-09-02 14:03:44.984431,887,1,POINT (261.9134078636393 99.55957682432759),0.28086262512206955,261.9134078636393,99.55957682432759
2025-09-02 14:03:45.984431,888,1,POINT (262.1951606517265 99.55170879752336),0.2818626251220703,262.1951606517265,99.55170879752336
2025-09-02 14:03:46.984431,889,1,POINT (262.47791305013084 99.54381285631649),0.2828626251220714,262.47791305013084,99.54381285631649
2025-09-02 14:03:47.984431,890,1,POINT (262.7616650588523 99.535889000707),0.28386262512207205,262.7616650588523,99.535889000707
2025-09-02 14:03:48.984431,891,1,POINT (263.04641667789093 99.52793723069487),0.28486262512207317,263.04641667789093,99.52793723069487
2025-09-02 14:03:49.984431,892,1,POINT (263.3321679072467 99.51995754628011),0.2858626251220743,263.3321679072467,99.51995754628011
2025-09-02 14:03:50.984431,893,1,POINT (263.6189187469196 99.51194994746272),0.28686262512207505,263.6189187469196,99.51194994746272
2025-09-02 14:03:51.984431,894,1,POINT (263.9066691969096 99.5039144342427),0.2878626251220761,263.9066691969096,99.5039144342427
2025-09-02 14:03:52.984431,895,1,POINT (264.19541925721677 99.49585100662006),0.28886262512207683,264.19541925721677,99.49585100662006
2025-09-02 14:03:53.984431,896,1,POINT (264.4852814445075 99.49534719944576),0.28986262512203803,264.4852814445075,99.49534719944576
2025-09-02 14:03:54.984431,897,1,POINT (264.7761436302878 99.494841654182),0.2908626251220497,264.7761436302878,99.494841654182
2025-09-02 14:03:55.984431,898,1,POINT (265.0680058145576 99.49433437082877),0.2918626251220614,265.0680058145576,99.49433437082877
2025-09-02 14:03:56.984431,899,1,POINT (265.3608679973169 99.49382534938609),0.292862625122073,265.3608679973169,99.49382534938609
2025-09-02 14:03:57.984431,900,1,POINT (265.6547301785658 99.49331458985394),0.29386262512208466,265.6547301785658,99.49331458985394
2025-09-02 14:03:58.984431,901,1,POINT (265.94959235830413 99.49280209223232),0.2948626251220395,265.94959235830413,99.49280209223232
2025-09-02 14:03:59.984431,902,1,POINT (266.245454536532 99.49228785652124),0.2958626251220512,266.245454536532,99.49228785652124
2025-09-02 14:04:00.984431,903,1,POINT (266.5423167132494 99.49177188272071),0.2968626251220628,266.5423167132494,99.49177188272071
2025-09-02 14:04:01.984431,904,1,POINT (266.84017888845636 99.49125417083071),0.29786262512207445,266.84017888845636,99.49125417083071
2025-09-02 14:04:02.984431,905,1,POINT (267.13904106215284 99.49073472085125),0.2988626251220861,267.13904106215284,99.49073472085125
2025-09-02 14:04:03.984431,906,1,POINT (267.4389032343388 99.49021353278232),0.2998626251220409,267.4389032343388,99.49021353278232
2025-09-02 14:04:04.984431,907,1,POINT (267.7397654050143 99.48969060662394),0.3008626251220526,267.7397654050143,99.48969060662394
2025-09-02 14:04:05.984431,908,1,POINT (268.0416275741793 99.48916594237609),0.30186262512206424,268.0416275741793,99.48916594237609
2025-09-02 14:04:06.984431,909,1,POINT (268.34448974183385 99.48863954003878),0.3028626251220759,268.34448974183385,99.48863954003878
2025-09-02 14:04:07.984431,910,1,POINT (268.64835190797794 99.488111399612),0.3038626251220876,268.64835190797794,99.488111399612
2025-09-02 14:04:08.984431,911,1,POINT (268.9532140726115 99.48758152109576),0.3048626251220424,268.9532140726115,99.48758152109576
2025-09-02 14:04:09.984431,912,1,POINT (269.2590762357346 99.48704990449006),0.30586262512205403,269.2590762357346,99.48704990449006
2025-09-02 14:04:10.984431,913,1,POINT (269.5659383973472 99.4865165497949),0.3068626251220657,269.5659383973472,99.4865165497949
2025-09-02 14:04:11.984431,914,1,POINT (269.8738005574494 99.48598145701027),0.30786262512207735,269.8738005574494,99.48598145701027
2025-09-02 14:04:12.984431,915,1,POINT (270.1826627160411 99.48544462613619),0.308862625122089,270.1826627160411,99.48544462613619
2025-09-02 14:04:13.984431,916,1,POINT (270.49252487312225 99.48490605717264),0.3098626251220438,270.49252487312225,99.48490605717264
2025-09-02 14:04:14.984431,917,1,POINT (270.80338702869295 99.48436575011962),0.3108626251220555,270.80338702869295,99.48436575011962
2025-09-02 14:04:15.984431,918,1,POINT (271.1152491827532 99.48382370497714),0.31186262512206714,271.1152491827532,99.48382370497714
2025-09-02 14:04:16.984431,919,1,POINT (271.42811133530296 99.48327992174521),0.3128626251220788,271.42811133530296,99.48327992174521
2025-09-02 14:04:17.984431,920,1,POINT (271.74197348634226 99.48273440042381),0.31386262512209046,271.74197348634226,99.48273440042381
2025-09-02 14:04:18.984431,921,1,POINT (272.05683563587104 99.48218714101294),0.31486262512204527,272.05683563587104,99.48218714101294
2025-09-02 14:04:19.984431,922,1,POINT (272.37269778388935 99.48163814351261),0.31586262512205693,272.37269778388935,99.48163814351261
2025-09-02 14:04:20.984431,923,1,POINT (272.6895599303972 99.48108740792283),0.3168626251220686,272.6895599303972,99.48108740792283
2025-09-02 14:04:21.984431,924,1,POINT (273.0074220753946 99.48053493424358),0.31786262512208024,273.0074220753946,99.48053493424358
2025-09-02 14:04:22.984431,925,1,POINT (273.2490686792335 99.48011493019338),0.24164696884152703,273.2490686792335,99.48011493019338
2025-09-02 14:04:23.984431,926,1,POINT (273.491715281562 99.47969318805373),0.24264696884153866,273.491715281562,99.47969318805373
2025-09-02 14:04:24.984431,927,1,POINT (273.73536188238 99.47926970782461),0.24364696884155035,273.73536188238,99.47926970782461
2025-09-02 14:04:25.984431,928,1,POINT (273.98000848168755 99.47884448950603),0.244646968841562,273.98000848168755,99.47884448950603
2025-09-02 14:04:26.984431,929,1,POINT (274.2256550794846 99.478417533098),0.24564696884157364,274.2256550794846,99.478417533098
2025-09-02 14:04:27.984431,930,1,POINT (274.4723016757712 99.4779888386005),0.24664696884152845,274.4723016757712,99.4779888386005
2025-09-02 14:04:28.984431,931,1,POINT (274.71994827054726 99.47755840601353),0.24764696884154014,274.71994827054726,99.47755840601353
2025-09-02 14:04:29.984431,932,1,POINT (274.9685948638129 99.4771262353371),0.2486469688415518,274.9685948638129,99.4771262353371
2025-09-02 14:04:30.984431,933,1,POINT (275.21824145556803 99.47669232657121),0.24964696884156343,275.21824145556803,99.47669232657121
2025-09-02 14:04:31.984431,934,1,POINT (275.4688880458127 99.47625667971586),0.25064696884157506,275.4688880458127,99.47625667971586
2025-09-02 14:04:32.984431,935,1,POINT (275.7205346345469 99.47581929477104),0.2516469688415299,275.7205346345469,99.47581929477104
2025-09-02 14:04:33.984431,936,1,POINT (275.9731812217706 99.47538017173676),0.2526469688415416,275.9731812217706,99.47538017173676
2025-09-02 14:04:34.984431,937,1,POINT (276.2268278074838 99.47493931061302),0.25364696884155324,276.2268278074838,99.47493931061302
2025-09-02 14:04:35.984431,938,1,POINT (276.48147439168656 99.47449671139982),0.2546469688415649,276.48147439168656,99.47449671139982
2025-09-02 14:04:36.984431,939,1,POINT (276.7371209743788 99.47405237409716),0.2556469688415197,276.7371209743788,99.47405237409716
2025-09-02 14:04:37.984431,940,1,POINT (276.99376755556057 99.47360629870502),0.2566469688415314,276.99376755556057,99.47360629870502
2025-09-02 14:04:38.984431,941,1,POINT (277.25141413523187 99.47315848522344),0.257646968841543,277.25141413523187,99.47315848522344
2025-09-02 14:04:39.984431,942,1,POINT (277.5100607133927 99.47270893365238),0.2586469688415547,277.5100607133927,99.47270893365238
2025-09-02 14:04:40.984431,943,1,POINT (277.7697072900431 99.47225764399187),0.25964696884156635,277.7697072900431,99.47225764399187
2025-09-02 14:04:41.984431,944,1,POINT (278.0303538651829 99.47180461624188),0.26064696884152116,278.0303538651829,99.47180461624188
2025-09-02 14:04:42.984431,945,1,POINT (278.2920004388123 99.47134985040245),0.26164696884153277,278.2920004388123,99.47134985040245
2025-09-02 14:04:43.984431,946,1,POINT (278.5546470109312 99.47089334647355),0.2626469688415445,278.5546470109312,99.47089334647355
2025-09-02 14:04:44.984431,947,1,POINT (278.81829358153965 99.47043510445518),0.26364696884155614,278.81829358153965,99.47043510445518
2025-09-02 14:04:45.984431,948,1,POINT (279.0829401506376 99.46997512434734),0.2646469688415678,279.0829401506376,99.46997512434734
2025-09-02 14:04:46.984431,949,1,POINT (279.3485867182251 99.46951340615006),0.2656469688415226,279.3485867182251,99.46951340615006
2025-09-02 14:04:47.984431,950,1,POINT (279.61523328430206 99.4690499498633),0.26664696884153427,279.61523328430206,99.4690499498633
2025-09-02 14:04:48.984431,951,1,POINT (279.8828798488686 99.46858475548709),0.2676469688415459,279.8828798488686,99.46858475548709
2025-09-02 14:04:49.984431,952,1,POINT (280.15152641192464 99.4681178230214),0.2686469688415576,280.15152641192464,99.4681178230214
2025-09-02 14:04:50.984431,953,1,POINT (280.4211729734702 99.46764915246627),0.2696469688415692,280.4211729734702,99.46764915246627
2025-09-02 14:04:51.984431,954,1,POINT (280.6918195335053 99.46717874382166),0.27064696884152406,280.6918195335053,99.46717874382166
2025-09-02 14:04:52.984431,955,1,POINT (280.9634660920299 99.4667065970876),0.2716469688415357,280.9634660920299,99.4667065970876
2025-09-02 14:04:53.984431,956,1,POINT (281.236112649044 99.46623271226406),0.2726469688415474,281.236112649044,99.46623271226406
2025-09-02 14:04:54.984431,957,1,POINT (281.50975920454766 99.46575708935107),0.273646968841559,281.50975920454766,99.46575708935107
2025-09-02 14:04:55.984431,958,1,POINT (281.78440575854086 99.46527972834862),0.27464696884157064,281.78440575854086,99.46527972834862
2025-09-02 14:04:56.984431,959,1,POINT (282.0600523110235 99.4648006292567),0.2756469688415255,282.0600523110235,99.4648006292567
2025-09-02 14:04:57.984431,960,1,POINT (282.3366988619957 99.46431979207532),0.27664696884153717,282.3366988619957,99.46431979207532
2025-09-02 14:04:58.984431,961,1,POINT (282.61434541145746 99.46383721680448),0.27764696884154877,282.61434541145746,99.46383721680448
2025-09-02 14:04:59.984431,962,1,POINT (282.89299195940873 99.46335290344418),0.2786469688415604,282.89299195940873,99.46335290344418
2025-09-02 14:05:00.984431,963,1,POINT (283.17263850584953 99.4628668519944),0.27964696884157214,283.17263850584953,99.4628668519944
2025-09-02 14:05:01.984431,964,1,POINT (283.4532850507798 99.46237906245517),0.2806469688415269,283.4532850507798,99.46237906245517
2025-09-02 14:05:02.984431,965,1,POINT (283.7349315941996 99.46188953482648),0.2816469688415386,283.7349315941996,99.46188953482648
2025-09-02 14:05:03.984431,966,1,POINT (284.01757813610897 99.46139826910833),0.2826469688415503,284.01757813610897,99.46139826910833
2025-09-02 14:05:04.984431,967,1,POINT (284.30122467650784 99.46090526530071),0.28364696884156193,284.30122467650784,99.46090526530071
2025-09-02 14:05:05.984431,968,1,POINT (284.58587121539625 99.46041052340362),0.28464696884157353,284.58587121539625,99.46041052340362
2025-09-02 14:05:06.984431,969,1,POINT (284.87151775277414 99.45991404341709),0.28564696884152835,284.87151775277414,99.45991404341709
2025-09-02 14:05:07.984431,970,1,POINT (285.15816428864156 99.45941582534108),0.28664696884154,285.15816428864156,99.45941582534108
2025-09-02 14:05:08.984431,971,1,POINT (285.4458108229985 99.45891586917561),0.2876469688415517,285.4458108229985,99.45891586917561
2025-09-02 14:05:09.984431,972,1,POINT (285.734457355845 99.45841417492068),0.2886469688415634,285.734457355845,99.45841417492068
2025-09-02 14:05:10.984431,973,1,POINT (286.024103887181 99.45791074257629),0.28964696884157504,286.024103887181,99.45791074257629
2025-09-02 14:05:11.984431,974,1,POINT (286.3147504170065 99.45740557214243),0.2906469688415298,286.3147504170065,99.45740557214243
2025-09-02 14:05:12.984431,975,1,POINT (286.60639694532153 99.45689866361911),0.2916469688415415,286.60639694532153,99.45689866361911
2025-09-02 14:05:13.984431,976,1,POINT (286.8990434721261 99.45639001700633),0.2926469688415531,286.8990434721261,99.45639001700633
2025-09-02 14:05:14.984431,977,1,POINT (287.1926899974202 99.45587963230409),0.29364696884156477,287.1926899974202,99.45587963230409
2025-09-02 14:05:15.984431,978,1,POINT (287.48733652120376 99.45536750951239),0.29464696884151964,287.48733652120376,99.45536750951239
2025-09-02 14:05:16.984431,979,1,POINT (287.78298304347686 99.45485364863121),0.2956469688415313,287.78298304347686,99.45485364863121
2025-09-02 14:05:17.984431,980,1,POINT (288.0796295642395 99.45433804966059),0.2966469688415429,288.0796295642395,99.45433804966059
2025-09-02 14:05:18.984431,981,1,POINT (288.37727608349167 99.4538207126005),0.29764696884155456,288.37727608349167,99.4538207126005
2025-09-02 14:05:19.984431,982,1,POINT (288.67592260123337 99.45330163745095),0.2986469688415662,288.67592260123337,99.45330163745095
2025-09-02 14:05:20.984431,983,1,POINT (288.97518571958705 99.4684638249302),0.2996469688415415,288.97518571958705,99.4684638249302
2025-09-02 14:05:21.984431,984,1,POINT (289.2742398827303 99.4993702543631),0.30064696884152053,289.2742398827303,99.4993702543631
2025-09-02 14:05:22.984431,985,1,POINT (289.57225464374386 99.5460403307432),0.3016469688415628,289.57225464374386,99.5460403307432
2025-09-02 14:05:23.984431,986,1,POINT (289.86839697030194 99.6084495461665),0.3026469688415638,289.86839697030194,99.6084495461665
2025-09-02 14:05:24.984431,987,1,POINT (290.16183357234416 99.68652926356216),0.3036469688415671,290.16183357234416,99.68652926356216
2025-09-02 14:05:25.984431,988,1,POINT (290.4517332452274 99.78016662408963),0.3046469688415601,290.4517332452274,99.78016662408963
2025-09-02 14:05:26.984431,989,1,POINT (290.74002565664034 99.8816927541436),0.3056469688415562,290.74002565664034,99.8816927541436
2025-09-02 14:05:27.984431,990,1,POINT (291.02649583507775 99.99108745404152),0.3066469688415629,291.02649583507775,99.99108745404152
2025-09-02 14:05:28.984431,991,1,POINT (291.3109287712104 100.10832465922972),0.3076469688415258,291.3109287712104,100.10832465922972
2025-09-02 14:05:29.984431,992,1,POINT (291.5931095780422 100.23337242462695),0.30864696884154136,291.5931095780422,100.23337242462695
2025-09-02 14:05:30.984431,993,1,POINT (291.8728236518561 100.36619291334459),0.3096469688415704,291.8728236518561,100.36619291334459
2025-09-02 14:05:31.984431,994,1,POINT (292.15344105785783 100.49944234373478),0.31064696884157034,292.15344105785783,100.49944234373478
2025-09-02 14:05:32.984431,995,1,POINT (292.43496179604733 100.63312071579753),0.311646968841519,292.43496179604733,100.63312071579753
2025-09-02 14:05:33.984431,996,1,POINT (292.71738586642465 100.76722802953284),0.3126469688415251,292.71738586642465,100.76722802953284
2025-09-02 14:05:34.984431,997,1,POINT (293.0007132689898 100.90176428494071),0.3136469688415251,293.0007132689898,100.90176428494071
2025-09-02 14:05:35.984431,998,1,POINT (293.21614465052403 101.00406053693243),0.2384852266311401,293.21614465052403,101.00406053693243
2025-09-02 14:05:36.984431,999,1,POINT (293.4375591062802 101.09532286517778),0.2394852266311463,293.4375591062802,101.09532286517778
2025-09-02 14:05:37.984431,1000,1,POINT (293.6643896426911 101.17520435226581),0.24048522663117144,293.6643896426911,101.17520435226581
2025-09-02 14:05:38.984431,1001,1,POINT (293.8960493016788 101.2433873199251),0.24148522663117666,293.8960493016788,101.2433873199251
2025-09-02 14:05:39.984431,1002,1,POINT (294.1319326741675 101.29958447036618),0.2424852266311368,294.1319326741675,101.29958447036618
2025-09-02 14:05:40.984431,1003,1,POINT (294.3714174784628 101.34353994896992),0.24348522663116265,294.3714174784628,101.34353994896992
2025-09-02 14:05:41.984431,1004,1,POINT (294.6138661993918 101.37503032465463),0.24448522663114367,294.6138661993918,101.37503032465463
2025-09-02 14:05:42.984431,1005,1,POINT (294.8580508632089 101.40026614147638),0.2454852266311399,294.8580508632089,101.40026614147638
2025-09-02 14:05:43.984431,1006,1,POINT (295.1038094999097 101.41917802753736),0.24648522663114064,295.1038094999097,101.41917802753736
2025-09-02 14:05:44.984431,1007,1,POINT (295.35097769571837 101.43170082200791),0.24748522663114944,295.35097769571837,101.43170082200791
2025-09-02 14:05:45.984431,1008,1,POINT (295.59938870301596 101.43777365555944),0.2484852266311789,295.59938870301596,101.43777365555944
2025-09-02 14:05:46.984431,1009,1,POINT (295.848873552805 101.43734002791598),0.2494852266311451,295.848873552805,101.43734002791598
2025-09-02 14:05:47.984431,1010,1,POINT (296.0992611696358 101.43034788244672),0.25048522663115264,296.0992611696358,101.43034788244672
2025-09-02 14:05:48.984431,1011,1,POINT (296.3503784889151 101.41674967772371),0.2514852266311607,296.3503784889151,101.41674967772371
2025-09-02 14:05:49.984431,1012,1,POINT (296.6020505765178 101.39650245597113),0.2524852266311674,296.6020505765178,101.39650245597113
2025-09-02 14:05:50.984431,1013,1,POINT (296.8541007506179 101.36956790833463),0.2534852266311828,296.8541007506179,101.36956790833463
2025-09-02 14:05:51.984431,1014,1,POINT (297.1063507056548 101.33591243690157),0.25448522663115053,297.1063507056548,101.33591243690157
2025-09-02 14:05:52.984431,1015,1,POINT (297.3586206383479 101.29550721340489),0.2554852266311861,297.3586206383479,101.29550721340489
2025-09-02 14:05:53.984431,1016,1,POINT (297.6118779859925 101.25494383898877),0.25648522663113577,297.6118779859925,101.25494383898877
2025-09-02 14:05:54.984431,1017,1,POINT (297.8661227485888 101.2142223136532),0.25748522663114154,297.8661227485888,101.2142223136532
2025-09-02 14:05:55.984431,1018,1,POINT (298.1213549261367 101.17334263739818),0.2584852266311473,298.1213549261367,101.17334263739818
2025-09-02 14:05:56.984431,1019,1,POINT (298.3775745186362 101.13230481022372),0.25948522663115314,298.3775745186362,101.13230481022372
2025-09-02 14:05:57.984431,1020,1,POINT (298.63478152608735 101.0911088321298),0.260485226631159,298.63478152608735,101.0911088321298
2025-09-02 14:05:58.984431,1021,1,POINT (298.8929759484901 101.04975470311645),0.26148522663116475,298.8929759484901,101.04975470311645
2025-09-02 14:05:59.984431,1022,1,POINT (299.1521577858445 101.00824242318365),0.2624852266311706,299.1521577858445,101.00824242318365
2025-09-02 14:06:00.984431,1023,1,POINT (299.4123270381505 100.9665719923314),0.26348522663117635,299.4123270381505,100.9665719923314
2025-09-02 14:06:01.984431,1024,1,POINT (299.67348370540816 100.9247434105597),0.2644852266311821,299.67348370540816,100.9247434105597
2025-09-02 14:06:02.984431,1025,1,POINT (299.93562778761736 100.88275667786856),0.2654852266311318,299.93562778761736,100.88275667786856
2025-09-02 14:06:03.984431,1026,1,POINT (300.1987592847782 100.84061179425797),0.2664852266311376,300.1987592847782,100.84061179425797
2025-09-02 14:06:04.984431,1027,1,POINT (300.46287819689064 100.79830875972793),0.26748522663114344,300.46287819689064,100.79830875972793
2025-09-02 14:06:05.984431,1028,1,POINT (300.7279845239547 100.75584757427845),0.2684852266311492,300.7279845239547,100.75584757427845
2025-09-02 14:06:06.984431,1029,1,POINT (300.9940782659704 100.71322823790952),0.269485226631155,300.9940782659704,100.71322823790952
2025-09-02 14:06:07.984431,1030,1,POINT (301.26115942293774 100.67045075062114),0.2704852266311608,301.26115942293774,100.67045075062114
2025-09-02 14:06:08.984431,1031,1,POINT (301.5292279948567 100.62751511241332),0.2714852266311666,301.5292279948567,100.62751511241332
2025-09-02 14:06:09.984431,1032,1,POINT (301.79828398172725 100.58442132328605),0.2724852266311724,301.79828398172725,100.58442132328605
2025-09-02 14:06:10.984431,1033,1,POINT (302.06832738354944 100.54116938323934),0.2734852266311782,302.06832738354944,100.54116938323934
2025-09-02 14:06:11.984431,1034,1,POINT (302.33935820032326 100.49775929227317),0.274485226631184,302.33935820032326,100.49775929227317
2025-09-02 14:06:12.984431,1035,1,POINT (302.61137643204864 100.45419105038756),0.2754852266311337,302.61137643204864,100.45419105038756
2025-09-02 14:06:13.984431,1036,1,POINT (302.88438207872565 100.41046465758251),0.27648522663113945,302.88438207872565,100.41046465758251
2025-09-02 14:06:14.984431,1037,1,POINT (303.1571324863426 100.35942284978414),0.2774852266311631,303.1571324863426,100.35942284978414
2025-09-02 14:06:15.984431,1038,1,POINT (303.42943109519683 100.30104914793255),0.27848522663114306,303.42943109519683,100.30104914793255
2025-09-02 14:06:16.984431,1039,1,POINT (303.70270748880523 100.24246583459615),0.27948522663118175,303.70270748880523,100.24246583459615
2025-09-02 14:06:17.984431,1040,1,POINT (303.97696166716776 100.18367290977494),0.2804852266311648,303.97696166716776,100.18367290977494
2025-09-02 14:06:18.984431,1041,1,POINT (304.2521936302844 100.12467037346893),0.2814852266311479,304.2521936302844,100.12467037346893
2025-09-02 14:06:19.984431,1042,1,POINT (304.5284033781552 100.0654582256781),0.2824852266311339,304.5284033781552,100.0654582256781
2025-09-02 14:06:20.984431,1043,1,POINT (304.80559091078015 100.00603646640246),0.2834852266311726,304.80559091078015,100.00603646640246
2025-09-02 14:06:21.984431,1044,1,POINT (305.08375622815925 99.94640509564202),0.28448522663115566,305.08375622815925,99.94640509564202
2025-09-02 14:06:22.984431,1045,1,POINT (305.36289933029246 99.88656411339677),0.28548522663113873,305.36289933029246,99.88656411339677
2025-09-02 14:06:23.984431,1046,1,POINT (305.64302021717987 99.82651351966672),0.2864852266311774,305.64302021717987,99.82651351966672
2025-09-02 14:06:24.984431,1047,1,POINT (305.9241188888214 99.76625331445184),0.2874852266311635,305.9241188888214,99.76625331445184
2025-09-02 14:06:25.984431,1048,1,POINT (306.20619534521705 99.70578349775217),0.28848522663114656,306.20619534521705,99.70578349775217
2025-09-02 14:06:26.984431,1049,1,POINT (306.4892495863669 99.64510406956768),0.28948522663118526,306.4892495863669,99.64510406956768
2025-09-02 14:06:27.984431,1050,1,POINT (306.77328161227086 99.58421502989839),0.2904852266311683,306.77328161227086,99.58421502989839
2025-09-02 14:06:28.984431,1051,1,POINT (307.05829142292896 99.52311637874428),0.2914852266311544,307.05829142292896,99.52311637874428
2025-09-02 14:06:29.984431,1052,1,POINT (307.3442790183412 99.46180811610536),0.29248522663113746,307.3442790183412,99.46180811610536
2025-09-02 14:06:30.984431,1053,1,POINT (307.63275641284986 99.40782320054342),0.29348522663116033,307.63275641284986,99.40782320054342
2025-09-02 14:06:31.984431,1054,1,POINT (307.92353552865603 99.36125009118834),0.2944852266311854,307.92353552865603,99.36125009118834
2025-09-02 14:06:32.984431,1055,1,POINT (308.2139787965262 99.30689728715595),0.2954852266311816,308.2139787965262,99.30689728715595
2025-09-02 14:06:33.984431,1056,1,POINT (308.50387753095504 99.2447505785778),0.29648522663118393,308.50387753095504,99.2447505785778
2025-09-02 14:06:34.984431,1057,1,POINT (308.7930220758527 99.1748013668617),0.2974852266311554,308.7930220758527,99.1748013668617
2025-09-02 14:06:35.984431,1058,1,POINT (309.0812019557538 99.09704670566849),0.2984852266311742,309.0812019557538,99.09704670566849
2025-09-02 14:06:36.984431,1059,1,POINT (309.37034731017144 99.01903154695562),0.2994852266311419,309.37034731017144,99.01903154695562
2025-09-02 14:06:37.984431,1060,1,POINT (309.66045813910574 98.94075589072308),0.30048522663116445,309.66045813910574,98.94075589072308
2025-09-02 14:06:38.984431,1061,1,POINT (309.9515344425567 98.86221973697089),0.30148522663118704,309.9515344425567,98.86221973697089
2025-09-02 14:06:39.984431,1062,1,POINT (310.24357622052423 98.78342308569903),0.3024852266311547,310.24357622052423,98.78342308569903
2025-09-02 14:06:40.984431,1063,1,POINT (310.5365834730084 98.70436593690751),0.3034852266311772,310.5365834730084,98.70436593690751
2025-09-02 14:06:41.984431,1064,1,POINT (310.8305562000092 98.62504829059633),0.3044852266311449,310.8305562000092,98.62504829059633
2025-09-02 14:06:42.984431,1065,1,POINT (311.1254944015266 98.54547014676548),0.30548522663116745,311.1254944015266,98.54547014676548
2025-09-02 14:06:43.984431,1066,1,POINT (311.42139807756064 98.46563150541498),0.3064852266311351,311.42139807756064,98.46563150541498
2025-09-02 14:06:44.984431,1067,1,POINT (311.7182672281113 98.38553236654481),0.3074852266311577,311.7182672281113,98.38553236654481
2025-09-02 14:06:45.984431,1068,1,POINT (312.0161018531786 98.30517273015498),0.3084852266311802,312.0161018531786,98.30517273015498
2025-09-02 14:06:46.984431,1069,1,POINT (312.3149019527625 98.22455259624549),0.30948522663114786,312.3149019527625,98.22455259624549
2025-09-02 14:06:47.984431,1070,1,POINT (312.5421398196295 98.16324087887448),0.23536391997337747,312.5421398196295,98.16324087887448
2025-09-02 14:06:48.984431,1071,1,POINT (312.7732528570091 98.11369628665354),0.23636391997334066,312.7732528570091,98.11369628665354
2025-09-02 14:06:49.984431,1072,1,POINT (313.0076295405654 98.07615696446636),0.2373639199733854,313.0076295405654,98.07615696446636
2025-09-02 14:06:50.984431,1073,1,POINT (313.24464401405925 98.05082915959714),0.23836391997334072,313.24464401405925,98.05082915959714
2025-09-02 14:06:51.984431,1074,1,POINT (313.4836577594037 98.03788637313329),0.2393639199733831,313.4836577594037,98.03788637313329
2025-09-02 14:06:52.984431,1075,1,POINT (313.7240213163125 98.03746859913682),0.24036391997335432,313.7240213163125,98.03746859913682
2025-09-02 14:06:53.984431,1076,1,POINT (313.96531314399476 98.04336739212026),0.24136391997339024,313.96531314399476,98.04336739212026
2025-09-02 14:06:54.984431,1077,1,POINT (314.207366593586 98.05563104760475),0.2423639199733898,314.207366593586,98.05563104760475
2025-09-02 14:06:55.984431,1078,1,POINT (314.45001312462665 98.07430344752419),0.2433639199733702,314.45001312462665,98.07430344752419
2025-09-02 14:06:56.984431,1079,1,POINT (314.69308242238685 98.09942399431601),0.24436391997338192,314.69308242238685,98.09942399431601
2025-09-02 14:06:57.984431,1080,1,POINT (314.9364025173447 98.13102754814174),0.24536391997337392,314.9364025173447,98.13102754814174
2025-09-02 14:06:58.984431,1081,1,POINT (315.179799906734 98.16914436730494),0.2463639199733872,315.179799906734,98.16914436730494
2025-09-02 14:06:59.984431,1082,1,POINT (315.4230996780761 98.21380005193174),0.2473639199733948,315.4230996780761,98.21380005193174
2025-09-02 14:07:00.984431,1083,1,POINT (315.66612563460734 98.26501549097719),0.2483639199733927,315.66612563460734,98.26501549097719
2025-09-02 14:07:01.984431,1084,1,POINT (315.91013009863093 98.31643714129137),0.24936391997334603,315.91013009863093,98.31643714129137
2025-09-02 14:07:02.984431,1085,1,POINT (316.1551130701469 98.36806500287429),0.250363919973355,316.1551130701469,98.36806500287429
2025-09-02 14:07:03.984431,1086,1,POINT (316.4010745491553 98.41989907572594),0.251363919973364,316.4010745491553,98.41989907572594
2025-09-02 14:07:04.984431,1087,1,POINT (316.64801453565605 98.47193935984633),0.25236391997337587,316.64801453565605,98.47193935984633
2025-09-02 14:07:05.984431,1088,1,POINT (316.8959330296492 98.52418585523546),0.25336391997338487,316.8959330296492,98.52418585523546
2025-09-02 14:07:06.984431,1089,1,POINT (317.14483003113475 98.57663856189332),0.2543639199733938,317.14483003113475,98.57663856189332
2025-09-02 14:07:07.984431,1090,1,POINT (317.3947055401126 98.62929747981991),0.2553639199733471,317.3947055401126,98.62929747981991
2025-09-02 14:07:08.984431,1091,1,POINT (317.6455595565829 98.68216260901524),0.2563639199733561,317.6455595565829,98.68216260901524
2025-09-02 14:07:09.984431,1092,1,POINT (317.89739208054556 98.7352339494793),0.2573639199733651,317.89739208054556,98.7352339494793
2025-09-02 14:07:10.984431,1093,1,POINT (318.1502031120006 98.78851150121208),0.25836391997337405,318.1502031120006,98.78851150121208
2025-09-02 14:07:11.984431,1094,1,POINT (318.40399265094806 98.84199526421361),0.25936391997338304,318.40399265094806,98.84199526421361
2025-09-02 14:07:12.984431,1095,1,POINT (318.6587606973879 98.89568523848386),0.260363919973392,318.6587606973879,98.89568523848386
2025-09-02 14:07:13.984431,1096,1,POINT (318.91450725132006 98.94958142402285),0.26136391997334535,318.91450725132006,98.94958142402285
2025-09-02 14:07:14.984431,1097,1,POINT (319.1712323127446 99.00368382083057),0.26236391997335434,319.1712323127446,99.00368382083057
2025-09-02 14:07:15.984431,1098,1,POINT (319.4289358816616 99.05799242890704),0.2633639199733662,319.4289358816616,99.05799242890704
2025-09-02 14:07:16.984431,1099,1,POINT (319.6876179580709 99.11250724825224),0.26436391997337516,319.6876179580709,99.11250724825224
2025-09-02 14:07:17.984431,1100,1,POINT (319.94727854197265 99.16722827886618),0.26536391997338415,319.94727854197265,99.16722827886618
2025-09-02 14:07:18.984431,1101,1,POINT (320.2079176333668 99.22215552074884),0.26636391997339315,320.2079176333668,99.22215552074884
2025-09-02 14:07:19.984431,1102,1,POINT (320.46953523225324 99.27728897390024),0.26736391997334646,320.46953523225324,99.27728897390024
2025-09-02 14:07:20.984431,1103,1,POINT (320.7321313386321 99.33262863832037),0.26836391997335546,320.7321313386321,99.33262863832037
2025-09-02 14:07:21.984431,1104,1,POINT (320.99570595250333 99.38817451400924),0.2693639199733644,320.99570595250333,99.38817451400924
2025-09-02 14:07:22.984431,1105,1,POINT (321.26025907386696 99.44392660096683),0.2703639199733734,321.26025907386696,99.44392660096683
2025-09-02 14:07:23.984431,1106,1,POINT (321.525790702723 99.49988489919316),0.2713639199733824,321.525790702723,99.49988489919316
2025-09-02 14:07:24.984431,1107,1,POINT (321.7923008390714 99.55604940868822),0.2723639199733914,321.7923008390714,99.55604940868822
2025-09-02 14:07:25.984431,1108,1,POINT (322.05978948291215 99.61242012945202),0.2733639199733447,322.05978948291215,99.61242012945202
2025-09-02 14:07:26.984431,1109,1,POINT (322.3296456486829 99.66195002324018),0.2743639199733872,322.3296456486829,99.66195002324018
2025-09-02 14:07:27.984431,1110,1,POINT (322.6004853846177 99.71166044329357),0.2753639199733706,322.6004853846177,99.71166044329357
2025-09-02 14:07:28.984431,1111,1,POINT (322.87230869071647 99.7615513896122),0.27636391997335663,322.87230869071647,99.7615513896122
2025-09-02 14:07:29.984431,1112,1,POINT (323.1463328012258 99.80446445245501),0.2773639199733607,323.1463328012258,99.80446445245501
2025-09-02 14:07:30.984431,1113,1,POINT (323.421344870481 99.84753223283587),0.2783639199733906,323.421344870481,99.84753223283587
2025-09-02 14:07:31.984431,1114,1,POINT (323.69734489848196 99.8907547307548),0.27936391997336435,323.69734489848196,99.8907547307548
2025-09-02 14:07:32.984431,1115,1,POINT (323.9753734514904 99.92686638171241),0.28036391997338755,323.9753734514904,99.92686638171241
2025-09-02 14:07:33.984431,1116,1,POINT (324.2543936747288 99.96310683544523),0.28136391997337795,324.2543936747288,99.96310683544523
2025-09-02 14:07:34.984431,1117,1,POINT (324.53440556819726 99.99947609195326),0.2823639199733701,324.53440556819726,99.99947609195326
2025-09-02 14:07:35.984431,1118,1,POINT (324.8154091318957 100.03597415123647),0.2833639199733605,324.8154091318957,100.03597415123647
2025-09-02 14:07:36.984431,1119,1,POINT (325.09826651257526 100.06520668752242),0.2843639199733504,325.09826651257526,100.06520668752242
2025-09-02 14:07:37.984431,1120,1,POINT (325.3821185953278 100.09454202354573),0.2853639199733676,325.3821185953278,100.09454202354573
2025-09-02 14:07:38.984431,1121,1,POINT (325.6669653801534 100.12398015930638),0.2863639199733833,325.6669653801534,100.12398015930638
2025-09-02 14:07:39.984431,1122,1,POINT (325.9528068670519 100.15352109480439),0.28736391997334243,325.9528068670519,100.15352109480439
2025-09-02 14:07:40.984431,1123,1,POINT (326.24032074695026 100.17564617578051),0.2883639199733807,326.24032074695026,100.17564617578051
2025-09-02 14:07:41.984431,1124,1,POINT (326.5288316790455 100.19784798300235),0.2893639199733939,326.5288316790455,100.19784798300235
2025-09-02 14:07:42.984431,1125,1,POINT (326.8183396633375 100.22012651646989),0.2903639199733504,326.8183396633375,100.22012651646989
2025-09-02 14:07:43.984431,1126,1,POINT (327.10884469982636 100.24248177618314),0.2913639199733636,327.10884469982636,100.24248177618314
2025-09-02 14:07:44.984431,1127,1,POINT (327.40083409896357 100.25727544015359),0.2923639199733412,327.40083409896357,100.25727544015359
2025-09-02 14:07:45.984431,1128,1,POINT (327.69382221709174 100.27211970429376),0.29336391997337746,327.69382221709174,100.27211970429376
2025-09-02 14:07:46.984431,1129,1,POINT (327.9878090542108 100.28701456860364),0.294363919973357,327.9878090542108,100.28701456860364
2025-09-02 14:07:47.984431,1130,1,POINT (328.2827946103208 100.30196003308325),0.29536391997339395,328.2827946103208,100.30196003308325
2025-09-02 14:07:48.984431,1131,1,POINT (328.57877888542174 100.31695609773257),0.29636391997337347,328.57877888542174,100.31695609773257
2025-09-02 14:07:49.984431,1132,1,POINT (328.87576187951356 100.33200276255161),0.297363919973353,328.87576187951356,100.33200276255161
2025-09-02 14:07:50.984431,1133,1,POINT (329.17374359259634 100.34710002754038),0.29836391997338996,329.17374359259634,100.34710002754038
2025-09-02 14:07:51.984431,1134,1,POINT (329.47272402467 100.36224789269886),0.2993639199733694,329.47272402467,100.36224789269886
2025-09-02 14:07:52.984431,1135,1,POINT (329.7727031757346 100.37744635802706),0.30036391997334894,329.7727031757346,100.37744635802706
2025-09-02 14:07:53.984431,1136,1,POINT (330.0736810457901 100.39269542352498),0.3013639199733859,330.0736810457901,100.39269542352498
2025-09-02 14:07:54.984431,1137,1,POINT (330.37595465355884 100.40008502081766),0.3023639199733669,330.37595465355884,100.40008502081766
2025-09-02 14:07:55.984431,1138,1,POINT (330.6792279626404 100.40749905752524),0.3033639199733528,330.6792279626404,100.40749905752524
2025-09-02 14:07:56.984431,1139,1,POINT (330.98350097303495 100.41493753364773),0.3043639199733952,330.98350097303495,100.41493753364773
2025-09-02 14:07:57.984431,1140,1,POINT (331.28877368474235 100.42240044918512),0.3053639199733807,331.28877368474235,100.42240044918512
2025-09-02 14:07:58.984431,1141,1,POINT (331.59504609776263 100.42988780413742),0.30636391997336654,331.59504609776263,100.42988780413742
2025-09-02 14:07:59.984431,1142,1,POINT (331.9023182120958 100.43739959850463),0.3073639199733521,331.9023182120958,100.43739959850463
2025-09-02 14:08:00.984431,1143,1,POINT (332.2105900277419 100.44493583228673),0.30836391997339446,332.2105900277419,100.44493583228673
2025-09-02 14:08:01.984431,1144,1,POINT (332.51986154470086 100.45249650548375),0.3093639199733803,332.51986154470086,100.45249650548375
2025-09-02 14:08:02.984431,1145,1,POINT (332.8301327629727 100.46008161809567),0.3103639199733659,332.8301327629727,100.46008161809567
2025-09-02 14:08:03.984431,1146,1,POINT (333.14140368255744 100.46769117012249),0.3113639199733514,333.14140368255744,100.46769117012249
2025-09-02 14:08:04.984431,1147,1,POINT (333.4536743034551 100.47532516156423),0.3123639199733941,333.4536743034551,100.47532516156423
2025-09-02 14:08:05.984431,1148,1,POINT (333.76694462566564 100.48298359242087),0.3133639199733796,333.76694462566564,100.48298359242087
2025-09-02 14:08:06.984431,1149,1,POINT (334.08121464918906 100.4906664626924),0.31436391997336516,334.08121464918906,100.4906664626924
2025-09-02 14:08:07.984431,1150,1,POINT (334.396578092812 100.49011833198624),0.315363919973376,334.396578092812,100.49011833198624
2025-09-02 14:08:08.984431,1151,1,POINT (334.7129415349244 100.48956846319061),0.3163639199733877,334.7129415349244,100.48956846319061
2025-09-02 14:08:09.984431,1152,1,POINT (335.03030497552635 100.48901685630553),0.31736391997334246,335.03030497552635,100.48901685630553
2025-09-02 14:08:10.984431,1153,1,POINT (335.3486684146178 100.48846351133098),0.3183639199733541,335.3486684146178,100.48846351133098
2025-09-02 14:08:11.984431,1154,1,POINT (335.6680318521988 100.48790842826696),0.3193639199733658,335.6680318521988,100.48790842826696
2025-09-02 14:08:12.984431,1155,1,POINT (335.9883952882693 100.48735160711348),0.3203639199733775,335.9883952882693,100.48735160711348
2025-09-02 14:08:13.984431,1156,1,POINT (336.23191786041315 100.48692834245762),0.24352293998002836,336.23191786041315,100.48692834245762
2025-09-02 14:08:14.984431,1157,1,POINT (336.4764404310465 100.4865033397123),0.24452293998004002,336.4764404310465,100.4865033397123
2025-09-02 14:08:15.984431,1158,1,POINT (336.7219630001694 100.48607659887752),0.24552293998005165,336.7219630001694,100.48607659887752
2025-09-02 14:08:16.984431,1159,1,POINT (336.9684855677818 100.48564811995327),0.2465229399800065,336.9684855677818,100.48564811995327
2025-09-02 14:08:17.984431,1160,1,POINT (337.2160081338837 100.48521790293955),0.24752293998001815,337.2160081338837,100.48521790293955
2025-09-02 14:08:18.984431,1161,1,POINT (337.46453069847513 100.48478594783639),0.24852293998002978,337.46453069847513,100.48478594783639
2025-09-02 14:08:19.984431,1162,1,POINT (337.7140532615561 100.48435225464375),0.24952293998004144,337.7140532615561,100.48435225464375
2025-09-02 14:08:20.984431,1163,1,POINT (337.9645758231266 100.48391682336165),0.2505229399800531,337.9645758231266,100.48391682336165
2025-09-02 14:08:21.984431,1164,1,POINT (338.2160983831866 100.48347965399009),0.2515229399800079,338.2160983831866,100.48347965399009
2025-09-02 14:08:22.984431,1165,1,POINT (338.4686209417361 100.48304074652907),0.25252293998001957,338.4686209417361,100.48304074652907
2025-09-02 14:08:23.984431,1166,1,POINT (338.72214349877515 100.48260010097859),0.2535229399800312,338.72214349877515,100.48260010097859
2025-09-02 14:08:24.984431,1167,1,POINT (338.97666605430373 100.48215771733864),0.2545229399800429,338.97666605430373,100.48215771733864
2025-09-02 14:08:25.984431,1168,1,POINT (339.2321886083218 100.48171359560922),0.25552293997999775,339.2321886083218,100.48171359560922
2025-09-02 14:08:26.984431,1169,1,POINT (339.4887111608294 100.48126773579035),0.25652293998000936,339.4887111608294,100.48126773579035
2025-09-02 14:08:27.984431,1170,1,POINT (339.7462337118265 100.48082013788202),0.257522939980021,339.7462337118265,100.48082013788202
2025-09-02 14:08:28.984431,1171,1,POINT (340.00475626131316 100.48037080188422),0.2585229399800327,340.00475626131316,100.48037080188422
2025-09-02 14:08:29.984431,1172,1,POINT (340.26427880928935 100.47991972779695),0.2595229399800444,340.26427880928935,100.47991972779695
2025-09-02 14:08:30.984431,1173,1,POINT (340.524801355755 100.47946691562024),0.26052293997999915,340.524801355755,100.47946691562024
2025-09-02 14:08:31.984431,1174,1,POINT (340.7863239007102 100.47901236535405),0.2615229399800108,340.7863239007102,100.47901236535405
2025-09-02 14:08:32.984431,1175,1,POINT (341.04884644415495 100.4785560769984),0.26252293998002246,341.04884644415495,100.4785560769984
2025-09-02 14:08:33.984431,1176,1,POINT (341.3123689860892 100.47809805055329),0.2635229399800342,341.3123689860892,100.47809805055329
2025-09-02 14:08:34.984431,1177,1,POINT (341.576891526513 100.47763828601872),0.2645229399800458,341.576891526513,100.47763828601872
2025-09-02 14:08:35.984431,1178,1,POINT (341.8424140654263 100.47717678339468),0.2655229399800006,341.8424140654263,100.47717678339468
2025-09-02 14:08:36.984431,1179,1,POINT (342.1089366028291 100.47671354268118),0.26652293998001225,342.1089366028291,100.47671354268118
2025-09-02 14:08:37.984431,1180,1,POINT (342.37645913872143 100.47624856387822),0.2675229399800239,342.37645913872143,100.47624856387822
2025-09-02 14:08:38.984431,1181,1,POINT (342.6449816731033 100.4757818469858),0.26852293998003557,342.6449816731033,100.4757818469858
2025-09-02 14:08:39.984431,1182,1,POINT (342.9145042059747 100.47531339200391),0.2695229399800472,342.9145042059747,100.47531339200391
2025-09-02 14:08:40.984431,1183,1,POINT (343.1850267373356 100.47484319893256),0.27052293998000204,343.1850267373356,100.47484319893256
2025-09-02 14:08:41.984431,1184,1,POINT (343.456549267186 100.47437126777174),0.2715229399800137,343.456549267186,100.47437126777174
2025-09-02 14:08:42.984431,1185,1,POINT (343.72907179552595 100.47389759852148),0.27252293998002536,343.72907179552595,100.47389759852148
2025-09-02 14:08:43.984431,1186,1,POINT (344.00259432235543 100.47342219118174),0.273522939980037,344.00259432235543,100.47342219118174
2025-09-02 14:08:44.984431,1187,1,POINT (344.27711684767445 100.47294504575254),0.2745229399800487,344.27711684767445,100.47294504575254
2025-09-02 14:08:45.984431,1188,1,POINT (344.55263937148294 100.47246616223389),0.2755229399800035,344.55263937148294,100.47246616223389
2025-09-02 14:08:46.984431,1189,1,POINT (344.82916189378096 100.47198554062577),0.27652293998001515,344.82916189378096,100.47198554062577
2025-09-02 14:08:47.984431,1190,1,POINT (345.1066844145685 100.47150318092818),0.2775229399800268,345.1066844145685,100.47150318092818
2025-09-02 14:08:48.984431,1191,1,POINT (345.3852069338456 100.47101908314113),0.27852293998003846,345.3852069338456,100.47101908314113
2025-09-02 14:08:49.984431,1192,1,POINT (345.66472945161223 100.47053324726463),0.2795229399800501,345.66472945161223,100.47053324726463
2025-09-02 14:08:50.984431,1193,1,POINT (345.94525196786833 100.47004567329866),0.28052293998000494,345.94525196786833,100.47004567329866
2025-09-02 14:08:51.984431,1194,1,POINT (346.22677448261396 100.46955636124322),0.2815229399800166,346.22677448261396,100.46955636124322
2025-09-02 14:08:52.984431,1195,1,POINT (346.5092969958491 100.46906531109832),0.28252293998002825,346.5092969958491,100.46906531109832
2025-09-02 14:08:53.984431,1196,1,POINT (346.7928195075738 100.46857252286397),0.28352293998003986,346.7928195075738,100.46857252286397
2025-09-02 14:08:54.984431,1197,1,POINT (347.07734201778806 100.46807799654015),0.28452293998005157,347.07734201778806,100.46807799654015
2025-09-02 14:08:55.984431,1198,1,POINT (347.36286452649176 100.46758173212686),0.2855229399800064,347.36286452649176,100.46758173212686
2025-09-02 14:08:56.984431,1199,1,POINT (347.649387033685 100.46708372962411),0.28652293998001804,347.649387033685,100.46708372962411
2025-09-02 14:08:57.984431,1200,1,POINT (347.9369095393678 100.4665839890319),0.2875229399800297,347.9369095393678,100.4665839890319
2025-09-02 14:08:58.984431,1201,1,POINT (348.2254320435401 100.46608251035023),0.28852293998004136,348.2254320435401,100.46608251035023
2025-09-02 14:08:59.984431,1202,1,POINT (348.51495454620186 100.4655792935791),0.2895229399799962,348.51495454620186,100.4655792935791
2025-09-02 14:09:00.984431,1203,1,POINT (348.8054770473532 100.4650743387185),0.29052293998000783,348.8054770473532,100.4650743387185
2025-09-02 14:09:01.984431,1204,1,POINT (349.096999546994 100.46456764576844),0.2915229399800195,349.096999546994,100.46456764576844
2025-09-02 14:09:02.984431,1205,1,POINT (349.3895220451244 100.46405921472892),0.29252293998003115,349.3895220451244,100.46405921472892
2025-09-02 14:09:03.984431,1206,1,POINT (349.6830445417443 100.46354904559993),0.2935229399800428,349.6830445417443,100.46354904559993
2025-09-02 14:09:04.984431,1207,1,POINT (349.9775670368537 100.46303713838148),0.2945229399799976,349.9775670368537,100.46303713838148
2025-09-02 14:09:05.984431,1208,1,POINT (350.27308953045264 100.46252349307358),0.2955229399800093,350.27308953045264,100.46252349307358
2025-09-02 14:09:06.984431,1209,1,POINT (350.5696120225411 100.4620081096762),0.29652293998002094,350.5696120225411,100.4620081096762
2025-09-02 14:09:07.984431,1210,1,POINT (350.8671345131191 100.46149098818937),0.2975229399800326,350.8671345131191,100.46149098818937
2025-09-02 14:09:08.984431,1211,1,POINT (351.1656570021866 100.46097212861307),0.29852293998004426,351.1656570021866,100.46097212861307
2025-09-02 14:09:09.984431,1212,1,POINT (351.4651794897436 100.46045153094731),0.29952293997999907,351.4651794897436,100.46045153094731
2025-09-02 14:09:10.984431,1213,1,POINT (351.76570197579014 100.45992919519209),0.30052293998001073,351.76570197579014,100.45992919519209
2025-09-02 14:09:11.984431,1214,1,POINT (352.0672244603262 100.4594051213474),0.3015229399800224,352.0672244603262,100.4594051213474
2025-09-02 14:09:12.984431,1215,1,POINT (352.3697469433518 100.45887930941325),0.30252293998003404,352.3697469433518,100.45887930941325
2025-09-02 14:09:13.984431,1216,1,POINT (352.67326942486693 100.45835175938964),0.3035229399800457,352.67326942486693,100.45835175938964
2025-09-02 14:09:14.984431,1217,1,POINT (352.97779190487154 100.45782247127657),0.3045229399800005,352.97779190487154,100.45782247127657
2025-09-02 14:09:15.984431,1218,1,POINT (353.2833143833657 100.45729144507403),0.3055229399800122,353.2833143833657,100.45729144507403
2025-09-02 14:09:16.984431,1219,1,POINT (353.58983686034935 100.45675868078203),0.30652293998002383,353.58983686034935,100.45675868078203
2025-09-02 14:09:17.984431,1220,1,POINT (353.89735933582256 100.45622417840057),0.3075229399800355,353.89735933582256,100.45622417840057
2025-09-02 14:09:18.984431,1221,1,POINT (354.2058818097853 100.45568793792965),0.30852293998004715,354.2058818097853,100.45568793792965
2025-09-02 14:09:19.984431,1222,1,POINT (354.5154042822375 100.45514995936927),0.30952293998000197,354.5154042822375,100.45514995936927
2025-09-02 14:09:20.984431,1223,1,POINT (354.82592675317926 100.45461024271941),0.3105229399800136,354.82592675317926,100.45461024271941
2025-09-02 14:09:21.984431,1224,1,POINT (355.13744922261054 100.4540687879801),0.3115229399800252,355.13744922261054,100.4540687879801
2025-09-02 14:09:22.984431,1225,1,POINT (355.44997169053136 100.45352559515133),0.31252293998003694,355.44997169053136,100.45352559515133
2025-09-02 14:09:23.984431,1226,1,POINT (355.7634941569417 100.4529806642331),0.3135229399800486,355.7634941569417,100.4529806642331
2025-09-02 14:09:24.984431,1227,1,POINT (356.0780166218415 100.45243399522539),0.3145229399800034,356.0780166218415,100.45243399522539
2025-09-02 14:09:25.984431,1228,1,POINT (356.3935390852309 100.45188558812823),0.315522939980015,356.3935390852309,100.45188558812823
2025-09-02 14:09:26.984431,1229,1,POINT (356.7100615471098 100.45133544294161),0.31652293998002673,356.7100615471098,100.45133544294161
2025-09-02 14:09:27.984431,1230,1,POINT (357.0275840074782 100.45078355966552),0.3175229399800384,357.0275840074782,100.45078355966552
2025-09-02 14:09:28.984431,1231,1,POINT (357.26897584784547 100.4503639984177),0.24139220498503824,357.26897584784547,100.4503639984177
2025-09-02 14:09:29.984431,1232,1,POINT (357.5113676867022 100.44994269908042),0.24239220498499306,357.5113676867022,100.44994269908042
2025-09-02 14:09:30.984431,1233,1,POINT (357.75468719357355 100.45589106216282),0.2433922049850146,357.75468719357355,100.45589106216282
2025-09-02 14:09:31.984431,1234,1,POINT (357.99876632992493 100.46825734921313),0.24439220498504088,357.99876632992493,100.46825734921313
2025-09-02 14:09:32.984431,1235,1,POINT (358.24343516699224 100.48708537182674),0.24539220498501504,358.24343516699224,100.48708537182674
2025-09-02 14:09:33.984431,1236,1,POINT (358.4885220040581 100.51241442578504),0.2463922049849949,358.4885220040581,100.51241442578504
2025-09-02 14:09:34.984431,1237,1,POINT (358.73385348887996 100.54427922834917),0.24739220498501968,358.73385348887996,100.54427922834917
2025-09-02 14:09:35.984431,1238,1,POINT (358.9792547401855 100.58270985877583),0.2483922049850358,358.9792547401855,100.58270985877583
2025-09-02 14:09:36.984431,1239,1,POINT (359.2256439502369 100.62129520674054),0.24939220498500958,359.2256439502369,100.62129520674054
2025-09-02 14:09:37.984431,1240,1,POINT (359.47302111903406 100.6600352722433),0.2503922049850395,359.47302111903406,100.6600352722433
2025-09-02 14:09:38.984431,1241,1,POINT (359.721386246577 100.69893005528412),0.2513922049850133,359.721386246577,100.69893005528412
2025-09-02 14:09:39.984431,1242,1,POINT (359.97073933286583 100.73797955586299),0.2523922049850433,359.97073933286583,100.73797955586299
2025-09-02 14:09:40.984431,1243,1,POINT (360.2210803779004 100.77718377397991),0.253392204985017,360.2210803779004,100.77718377397991
2025-09-02 14:09:41.984431,1244,1,POINT (360.4724093816808 100.81654270963489),0.2543922049849908,360.4724093816808,100.81654270963489
2025-09-02 14:09:42.984431,1245,1,POINT (360.72360553462863 100.86264771057108),0.255392204985042,360.72360553462863,100.86264771057108
2025-09-02 14:09:43.984431,1246,1,POINT (360.97448722819473 100.91551867245454),0.2563922049850123,360.97448722819473,100.91551867245454
2025-09-02 14:09:44.984431,1247,1,POINT (361.22487172463474 100.97517058884904),0.2573922049850224,361.22487172463474,100.97517058884904
2025-09-02 14:09:45.984431,1248,1,POINT (361.4745752896473 101.0416135058307),0.25839220498501214,361.4745752896473,101.0416135058307
2025-09-02 14:09:46.984431,1249,1,POINT (361.72341332661205 101.114852480199),0.2593922049850147,361.72341332661205,101.114852480199
2025-09-02 14:09:47.984431,1250,1,POINT (361.9712005123292 101.19488754133695),0.26039220498503857,361.9712005123292,101.19488754133695
2025-09-02 14:09:48.984431,1251,1,POINT (362.2199392902252 101.2752299659812),0.26139220498503185,362.2199392902252,101.2752299659812
2025-09-02 14:09:49.984431,1252,1,POINT (362.4095860482288 101.33648571585987),0.19929415373878778,362.4095860482288,101.33648571585987
2025-09-02 14:09:50.984431,1253,1,POINT (362.6001843984113 101.39804882924483),0.200294153738781,362.6001843984113,101.39804882924483
2025-09-02 14:09:51.984431,1254,1,POINT (362.7917343407727 101.4599193061361),0.20129415373877865,362.7917343407727,101.4599193061361
2025-09-02 14:09:52.984431,1255,1,POINT (362.98254228373094 101.52711494245955),0.20229415373874504,362.98254228373094,101.52711494245955
2025-09-02 14:09:53.984431,1256,1,POINT (363.17429344694267 101.59464274674278),0.20329415373878137,363.17429344694267,101.59464274674278
2025-09-02 14:09:54.984431,1257,1,POINT (363.3197679403677 101.65019526057803),0.15572061530407597,363.3197679403677,101.65019526057803
2025-09-02 14:09:55.984431,1258,1,POINT (363.4661766356846 101.70610451917521),0.15672061530405454,363.4661766356846,101.70610451917521
2025-09-02 14:09:56.984431,1259,1,POINT (363.6135195328934 101.76237052253434),0.15772061530409126,363.6135195328934,101.76237052253434
2025-09-02 14:09:57.984431,1260,1,POINT (363.7617966319941 101.8189932706554),0.1587206153040698,363.7617966319941,101.8189932706554
2025-09-02 14:09:58.984431,1261,1,POINT (363.87604061246833 101.86261975222249),0.12229046147805663,363.87604061246833,101.86261975222249
2025-09-02 14:09:59.984431,1262,1,POINT (363.9912187948344 101.90660297855152),0.12329046147804025,363.9912187948344,101.90660297855152
2025-09-02 14:10:00.984431,1263,1,POINT (364.1061307051471 101.95396722332242),0.12429046147805817,364.1061307051471,101.95396722332242
2025-09-02 14:10:01.984431,1264,1,POINT (364.22196715873486 102.00171254516238),0.12529046147806724,364.22196715873486,102.00171254516238
2025-09-02 14:10:02.984431,1265,1,POINT (364.31184926456956 102.03876003701676),0.09721784610852738,364.31184926456956,102.03876003701676
2025-09-02 14:10:03.984431,1266,1,POINT (364.4026559136793 102.07618860594019),0.09821784610853646,364.4026559136793,102.07618860594019
2025-09-02 14:10:04.984431,1267,1,POINT (364.49336593092687 102.11638653819259),0.09921784610854169,364.49336593092687,102.11638653819259
2025-09-02 14:10:05.984431,1268,1,POINT (364.58499019919685 102.15698961864996),0.10021784610855242,364.58499019919685,102.15698961864996
2025-09-02 14:10:06.984431,1269,1,POINT (364.6566797162222 102.18875866065916),0.07841338458138422,364.6566797162222,102.18875866065916
2025-09-02 14:10:07.984431,1270,1,POINT (364.72928348426996 102.22093285087334),0.07941338458139495,364.72928348426996,102.22093285087334
2025-09-02 14:10:08.984431,1271,1,POINT (364.80192348289347 102.2554255025518),0.08041338458139925,364.80192348289347,102.2554255025518
2025-09-02 14:10:09.984431,1272,1,POINT (364.8754668137048 102.29034709590282),0.08141338458139924,364.8754668137048,102.29034709590282
2025-09-02 14:10:10.984431,1273,1,POINT (364.9335601414237 102.3179323513519),0.06431003843604724,364.9335601414237,102.3179323513519
2025-09-02 14:10:11.984431,1274,1,POINT (364.9925568013304 102.34594654847353),0.06531003843604724,364.9925568013304,102.34594654847353
2025-09-02 14:10:12.984431,1275,1,POINT (365.05169171261974 102.37594793951115),0.06631003843604147,365.05169171261974,102.37594793951115
2025-09-02 14:10:13.984431,1276,1,POINT (365.11171841816355 102.4064017717137),0.0673100384360609,365.11171841816355,102.4064017717137
2025-09-02 14:10:14.984431,1277,1,POINT (365.15963677864835 102.4307125796517),0.053732528827045656,365.15963677864835,102.4307125796517
2025-09-02 14:10:15.984431,1278,1,POINT (365.20844693338756 102.45547582875464),0.054732528827020836,365.20844693338756,102.45547582875464
2025-09-02 14:10:16.984431,1279,1,POINT (365.25747178094394 102.48198392358486),0.05573252882701802,365.25747178094394,102.48198392358486
2025-09-02 14:10:17.984431,1280,1,POINT (365.29709926328326 102.50341079408199),0.04504939662029933,365.29709926328326,102.50341079408199
2025-09-02 14:10:18.984431,1281,1,POINT (365.3376063907524 102.52531329515587),0.04604939662028831,365.3376063907524,102.52531329515587
2025-09-02 14:10:19.984431,1282,1,POINT (365.37899316335137 102.54769142680651),0.047049396620277295,365.37899316335137,102.54769142680651
2025-09-02 14:10:20.984431,1283,1,POINT (365.4124006654503 102.56690191432878),0.038537047465198204,365.4124006654503,102.56690191432878
2025-09-02 14:10:21.984431,1284,1,POINT (365.4466750606897 102.58661089586619),0.0395370474652187,365.4466750606897,102.58661089586619
2025-09-02 14:10:22.984431,1285,1,POINT (365.48181634906945 102.60681837141873),0.040537047465189914,365.48181634906945,102.60681837141873
2025-09-02 14:10:23.984431,1286,1,POINT (365.5105405841242 102.62435200478676),0.033652785598908184,365.5105405841242,102.62435200478676
2025-09-02 14:10:24.984431,1287,1,POINT (365.5401183662047 102.6424066539654),0.034652785598910225,365.5401183662047,102.6424066539654
2025-09-02 14:10:25.984431,1288,1,POINT (365.5650757305986 102.65764094223385),0.02923958919918455,365.5650757305986,102.65764094223385
2025-09-02 14:10:26.984431,1289,1,POINT (365.59088664201823 102.67339624631292),0.030239589199186585,365.59088664201823,102.67339624631292
2025-09-02 14:10:27.984431,1290,1,POINT (365.6130188534165 102.6869060257567),0.025929691899403955,365.6130188534165,102.6869060257567
2025-09-02 14:10:28.984431,1291,1,POINT (365.6356294517931 102.70153371001805),0.026929691899388358,365.6356294517931,102.70153371001805
2025-09-02 14:10:29.984431,1292,1,POINT (365.6553161523562 102.71426980992966),0.023447268924548754,365.6553161523562,102.71426980992966
2025-09-02 14:10:30.984431,1293,1,POINT (365.67584246885184 102.72754909036914),0.02444726892456029,365.67584246885184,102.72754909036914
2025-09-02 14:10:31.984431,1294,1,POINT (365.69396595800424 102.73927388741433),0.02158545169339998,365.69396595800424,102.73927388741433
2025-09-02 14:10:32.984431,1295,1,POINT (365.7126014266919 102.75203405727945),0.02258545169340169,365.7126014266919,102.75203405727945
2025-09-02 14:10:33.984431,1296,1,POINT (365.72925963378526 102.76344034685138),0.020189088770039394,365.72925963378526,102.76344034685138
2025-09-02 14:10:34.984431,1297,1,POINT (365.74443489468297 102.77383122620343),0.01839181657754884,365.74443489468297,102.77383122620343
2025-09-02 14:10:35.984431,1298,1,POINT (365.76043526498916 102.7847870785318),0.019391816577525294,365.76043526498916,102.7847870785318
2025-09-02 14:10:36.984431,1299,1,POINT (365.7748489589744 102.79522101192194),0.0177938624331672,365.7748489589744,102.79522101192194
2025-09-02 14:10:37.984431,1300,1,POINT (365.7882918509995 102.8049521911813),0.0165953968248872,365.7882918509995,102.8049521911813
2025-09-02 14:10:38.984431,1301,1,POINT (365.80100664155435 102.81415630484258),0.015696547618631148,365.80100664155435,102.81415630484258
2025-09-02 14:10:39.984431,1302,1,POINT (365.81317535600664 102.82296511930531),0.015022410713996667,365.81317535600664,102.82296511930531
2025-09-02 14:10:40.984431,1303,1,POINT (365.82351159056583 102.83086788590815),0.013011205356982025,365.82351159056583,102.83086788590815
2025-09-02 14:10:41.984431,1304,1,POINT (365.8338455997125 102.8387689510291),0.013008404017749746,365.8338455997125,102.8387689510291
2025-09-02 14:10:42.984431,1305,1,POINT (365.8433818605166 102.8460600823368),0.012004202008892557,365.8433818605166,102.8460600823368
2025-09-02 14:10:43.984431,1306,1,POINT (365.8525192471494 102.8530462467379),0.011502101004445701,365.8525192471494,102.8530462467379
2025-09-02 14:10:44.984431,1307,1,POINT (365.86078844107413 102.85971874392388),0.010625525251084412,365.86078844107413,102.85971874392388
2025-09-02 14:10:45.984431,1308,1,POINT (365.8688870887265 102.8662536255777),0.010406381312780376,365.8688870887265,102.8662536255777
2025-09-02 14:10:46.984431,1309,1,POINT (365.8766694747539 102.87253331249038),0.010000000000014518,365.8766694747539,102.87253331249038
2025-09-02 14:10:47.984431,1310,1,POINT (365.88445186078127 102.87881299940305),0.010000000000014518,365.88445186078127,102.87881299940305
2025-09-02 14:10:48.984431,1311,1,POINT (365.8920671969396 102.88529425354062),0.010000000000001258,365.8920671969396,102.88529425354062
2025-09-02 14:10:49.984431,1312,1,POINT (365.8996825330979 102.89177550767819),0.010000000000001258,365.8996825330979,102.89177550767819
2025-09-02 14:10:50.984431,1313,1,POINT (365.90729786925624 102.89825676181576),0.010000000000001258,365.90729786925624,102.89825676181576
2025-09-02 14:10:51.984431,1314,1,POINT (365.9147409363745 102.90493514125038),0.010000000000003468,365.9147409363745,102.90493514125038
2025-09-02 14:10:52.984431,1315,1,POINT (365.9221840034928 102.911613520685),0.010000000000003468,365.9221840034928,102.911613520685
2025-09-02 14:10:53.984431,1316,1,POINT (365.92944970046466 102.91848444838898),0.0100000000000019,365.92944970046466,102.91848444838898
2025-09-02 14:10:54.984431,1317,1,POINT (365.9367153974365 102.92535537609297),0.0100000000000019,365.9367153974365,102.92535537609297
2025-09-02 14:10:55.984431,1318,1,POINT (365.9437987447161 102.93241414307568),0.009999999999982835,365.9437987447161,102.93241414307568
2025-09-02 14:10:56.984431,1319,1,POINT (365.9506948877311 102.93965591161083),0.010000000000011503,365.9506948877311,102.93965591161083
2025-09-02 14:10:57.984431,1320,1,POINT (365.95739910020956 102.947075718552),0.010000000000016418,365.95739910020956,102.947075718552
2025-09-02 14:10:58.984431,1321,1,POINT (365.964103312688 102.95449552549317),0.010000000000016418,365.964103312688,102.95449552549317
2025-09-02 14:10:59.984431,1322,1,POINT (365.9706109998975 102.9620882856753),0.009999999999990667,365.9706109998975,102.9620882856753
2025-09-02 14:11:00.984431,1323,1,POINT (365.97671239418315 102.97001122627654),0.009999999999999164,365.97671239418315,102.97001122627654
2025-09-02 14:11:01.984431,1324,1,POINT (365.98322008139263 102.97760398645867),0.009999999999990667,365.98322008139263,102.97760398645867
2025-09-02 14:11:02.984431,1325,1,POINT (365.9893214756783 102.98552692705991),0.009999999999999164,365.9893214756783,102.98552692705991
2025-09-02 14:11:03.984431,1326,1,POINT (365.99499985354254 102.99375833185076),0.009999999999987963,365.99499985354254,102.99375833185076
2025-09-02 14:11:04.984431,1327,1,POINT (366.0011012478282 103.00168127245199),0.009999999999999164,366.0011012478282,103.00168127245199
2025-09-02 14:11:05.984431,1328,1,POINT (366.0076089350377 103.00927403263412),0.009999999999990667,366.0076089350377,103.00927403263412
2025-09-02 14:11:06.984431,1329,1,POINT (366.0145050780527 103.01651580116928),0.010000000000011503,366.0145050780527,103.01651580116928
2025-09-02 14:11:07.984431,1330,1,POINT (366.02177077502455 103.02338672887326),0.0100000000000019,366.02177077502455,103.02338672887326
2025-09-02 14:11:08.984431,1331,1,POINT (366.0293861111829 103.02986798301083),0.010000000000001258,366.0293861111829,103.02986798301083
2025-09-02 14:11:09.984431,1332,1,POINT (366.0373302134206 103.0359417989149),0.01000000000000402,366.0373302134206,103.0359417989149
2025-09-02 14:11:10.984431,1333,1,POINT (366.0455813075057 103.04159152867827),0.0100000000000071,366.0455813075057,103.04159152867827
2025-09-02 14:11:11.984431,1334,1,POINT (366.0541167777628 103.04680168678435),0.009999999999986634,366.0541167777628,103.04680168678435
2025-09-02 14:11:12.984431,1335,1,POINT (366.06291322906117 103.05155799255193),0.009999999999989823,366.06291322906117,103.05155799255193
2025-09-02 14:11:13.984431,1336,1,POINT (366.0719465509393 103.05584740927752),0.009999999999972984,366.0719465509393,103.05584740927752
2025-09-02 14:11:14.984431,1337,1,POINT (366.0811919836898 103.05965817996801),0.009999999999980233,366.0811919836898,103.05965817996801
2025-09-02 14:11:15.984431,1338,1,POINT (366.09062418622415 103.06297985956584),0.009999999999988076,366.09062418622415,103.06297985956584
2025-09-02 14:11:16.984431,1339,1,POINT (366.10021730553086 103.06580334357811),0.010000000000019502,366.10021730553086,103.06580334357811
2025-09-02 14:11:17.984431,1340,1,POINT (366.10994504753666 103.0681208930314),0.009999999999987378,366.10994504753666,103.0681208930314
2025-09-02 14:11:18.984431,1341,1,POINT (366.1197807491769 103.06992615568376),0.010000000000019877,366.1197807491769,103.06992615568376
2025-09-02 14:11:19.984431,1342,1,POINT (366.1296974514771 103.07121418343573),0.010000000000020005,366.1296974514771,103.07121418343573
2025-09-02 14:11:20.984431,1343,1,POINT (366.1396679734455 103.07198144589277),0.010000000000015288,366.1396679734455,103.07198144589277
2025-09-02 14:11:21.984431,1344,1,POINT (366.14966498657446 103.07222584004182),0.010000000000026824,366.14966498657446,103.07222584004182
2025-09-02 14:11:22.984431,1345,1,POINT (366.15966108974584 103.07194669601552),0.010000000000009513,366.15966108974584,103.07194669601552
2025-09-02 14:11:23.984431,1346,1,POINT (366.1696288843357 103.07114477892821),0.010000000000008114,366.1696288843357,103.07114477892821
2025-09-02 14:11:24.984431,1347,1,POINT (366.17954104931187 103.06982228677892),0.01000000000000384,366.17954104931187,103.06982228677892
2025-09-02 14:11:25.984431,1348,1,POINT (366.1893704161192 103.06798284442668),0.009999999999991939,366.1893704161192,103.06798284442668
2025-09-02 14:11:26.984431,1349,1,POINT (366.19909004314644 103.06563149365515),0.009999999999997703,366.19909004314644,103.06563149365515
2025-09-02 14:11:27.984431,1350,1,POINT (366.20867328957155 103.06277467935332),0.009999999999972827,366.20867328957155,103.06277467935332
2025-09-02 14:11:28.984431,1351,1,POINT (366.2180938883822 103.05942023185064),0.009999999999988142,366.2180938883822,103.05942023185064
2025-09-02 14:11:29.984431,1352,1,POINT (366.2273260183719 103.05557734545454),0.01000000000000068,366.2273260183719,103.05557734545454
2025-09-02 14:11:30.984431,1353,1,POINT (366.23634437491404 103.05125655324952),0.00999999999999627,366.23634437491404,103.05125655324952
2025-09-02 14:11:31.984431,1354,1,POINT (366.2451242393202 103.04646969822667),0.01000000000001795,366.2451242393202,103.04646969822667
2025-09-02 14:11:32.984431,1355,1,POINT (366.2536415465923 103.0412299008229),0.009999999999986863,366.2536415465923,103.0412299008229
2025-09-02 14:11:33.984431,1356,1,POINT (366.26187295138317 103.03555152295866),0.010000000000019427,366.26187295138317,103.03555152295866
2025-09-02 14:11:34.984431,1357,1,POINT (366.2697958919844 103.02945012867298),0.010000000000010422,366.2697958919844,103.02945012867298
2025-09-02 14:11:35.984431,1358,1,POINT (366.27738865216656 103.02294244146348),0.010000000000010705,366.27738865216656,103.02294244146348
2025-09-02 14:11:36.984431,1359,1,POINT (366.2846304207017 103.01604629844849),0.010000000000001704,366.2846304207017,103.01604629844849
2025-09-02 14:11:37.984431,1360,1,POINT (366.2915013484057 103.00878060147664),0.009999999999992135,366.2915013484057,103.00878060147664
2025-09-02 14:11:38.984431,1361,1,POINT (366.29798260254324 103.00116526531832),0.009999999999992048,366.29798260254324,103.00116526531832
2025-09-02 14:11:39.984431,1362,1,POINT (366.3040564184473 102.99322116308059),0.01000000000000402,366.3040564184473,102.99322116308059
2025-09-02 14:11:40.984431,1363,1,POINT (366.3097061482107 102.98497006899551),0.010000000000003402,366.3097061482107,102.98497006899551
2025-09-02 14:11:41.984431,1364,1,POINT (366.3149163063168 102.97643459873842),0.009999999999998763,366.3149163063168,102.97643459873842
2025-09-02 14:11:42.984431,1365,1,POINT (366.31967261208433 102.96763814744001),0.009999999999988806,366.31967261208433,102.96763814744001
2025-09-02 14:11:43.984431,1366,1,POINT (366.32396202880994 102.95860482556186),0.01000000000001085,366.32396202880994,102.95860482556186
2025-09-02 14:11:44.984431,1367,1,POINT (366.32777279950045 102.94935939281135),0.009999999999998786,366.32777279950045,102.94935939281135
2025-09-02 14:11:45.984431,1368,1,POINT (366.3310944790983 102.93992719027698),0.010000000000001478,366.3310944790983,102.93992719027698
2025-09-02 14:11:46.984431,1369,1,POINT (366.33391796311054 102.93033407097029),0.009999999999988223,366.33391796311054,102.93033407097029
2025-09-02 14:11:47.984431,1370,1,POINT (366.3362355125638 102.92060632896448),0.009999999999994614,366.3362355125638,102.92060632896448
2025-09-02 14:11:48.984431,1371,1,POINT (366.33804077521614 102.91077062732423),0.010000000000003334,366.33804077521614,102.91077062732423
2025-09-02 14:11:49.984431,1372,1,POINT (366.3393288029681 102.90085392502405),0.010000000000005912,366.3393288029681,102.90085392502405
2025-09-02 14:11:50.984431,1373,1,POINT (366.34009606542514 102.89088340305567),0.01000000000000003,366.34009606542514,102.89088340305567
2025-09-02 14:11:51.984431,1374,1,POINT (366.3403404595742 102.88088638992674),0.009999999999998063,366.3403404595742,102.88088638992674
2025-09-02 14:11:52.984431,1375,1,POINT (366.34006131554787 102.87089028675538),0.009999999999995308,366.34006131554787,102.87089028675538
2025-09-02 14:11:53.984431,1376,1,POINT (366.33925939846057 102.86092249216556),0.00999999999999395,366.33925939846057,102.86092249216556
2025-09-02 14:11:54.984431,1377,1,POINT (366.33793690631126 102.85101032718937),0.01000000000000572,366.33793690631126,102.85101032718937
2025-09-02 14:11:55.984431,1378,1,POINT (366.33609746395905 102.84118096038205),0.01000000000000068,366.33609746395905,102.84118096038205
2025-09-02 14:11:56.984431,1379,1,POINT (366.3337461131875 102.83146133335478),0.010000000000004387,366.3337461131875,102.83146133335478
2025-09-02 14:11:57.984431,1380,1,POINT (366.33088929888567 102.82187808692964),0.010000000000000066,366.33088929888567,102.82187808692964
2025-09-02 14:11:58.984431,1381,1,POINT (366.327534851383 102.81245748811897),0.009999999999991996,366.327534851383,102.81245748811897
2025-09-02 14:11:59.984431,1382,1,POINT (366.3236919649869 102.80322535812927),0.010000000000006141,366.3236919649869,102.80322535812927
2025-09-02 14:12:00.984431,1383,1,POINT (366.3190471133665 102.79353062484648),0.010749999999999567,366.3190471133665,102.79353062484648
2025-09-02 14:12:01.984431,1384,1,POINT (366.31363198362186 102.78359840323704),0.011312500000009666,366.31363198362186,102.78359840323704
2025-09-02 14:12:02.984431,1385,1,POINT (366.3074834088559 102.77360387548494),0.011734374999983296,366.3074834088559,102.77360387548494
2025-09-02 14:12:03.984431,1386,1,POINT (366.3002523495444 102.7631216959466),0.01273437499999087,366.3002523495444,102.7631216959466
2025-09-02 14:12:04.984431,1387,1,POINT (366.2924420881873 102.75297971299729),0.012800781250008924,366.2924420881873,102.75297971299729
2025-09-02 14:12:05.984431,1388,1,POINT (366.28346097142514 102.74250111076155),0.013800781249978869,366.28346097142514,102.74250111076155
2025-09-02 14:12:06.984431,1389,1,POINT (366.27408181285386 102.73265188123136),0.013600585937507736,366.27408181285386,102.73265188123136
2025-09-02 14:12:07.984431,1390,1,POINT (366.26347346955055 102.72261992419013),0.014600585937497029,366.26347346955055,102.72261992419013
2025-09-02 14:12:08.984431,1391,1,POINT (366.2558581333922 102.71613867005256),0.010000000000001258,366.2558581333922,102.71613867005256
2025-09-02 14:12:09.984431,1392,1,POINT (366.2479140311545 102.71006485414848),0.01000000000000402,366.2479140311545,102.71006485414848
2025-09-02 14:12:10.984431,1393,1,POINT (366.2396629370694 102.70441512438512),0.0100000000000071,366.2396629370694,102.70441512438512
2025-09-02 14:12:11.984431,1394,1,POINT (366.2311274668123 102.69920496627904),0.009999999999986634,366.2311274668123,102.69920496627904
2025-09-02 14:12:12.984431,1395,1,POINT (366.22233101551393 102.69444866051145),0.009999999999989823,366.22233101551393,102.69444866051145
2025-09-02 14:12:13.984431,1396,1,POINT (366.2132976936358 102.69015924378587),0.009999999999972984,366.2132976936358,102.69015924378587
2025-09-02 14:12:14.984431,1397,1,POINT (366.2040522608853 102.68634847309538),0.009999999999980233,366.2040522608853,102.68634847309538
2025-09-02 14:12:15.984431,1398,1,POINT (366.1941484482242 102.68286070951766),0.010500000000006244,366.1941484482242,102.68286070951766
2025-09-02 14:12:16.984431,1399,1,POINT (366.18347610299554 102.679719583554),0.011124999999974934,366.18347610299554,102.679719583554
2025-09-02 14:12:17.984431,1400,1,POINT (366.17219800210756 102.67703267465659),0.011593749999996718,366.17219800210756,102.67703267465659
2025-09-02 14:12:18.984431,1401,1,POINT (366.1604489491326 102.6748762320039),0.011945312499993425,366.1604489491326,102.6748762320039
2025-09-02 14:12:19.984431,1402,1,POINT (366.14834166278916 102.67330368093405),0.012208984375023399,366.14834166278916,102.67330368093405
2025-09-02 14:12:20.984431,1403,1,POINT (366.13597149713024 102.6723517584843),0.012406738281253627,366.13597149713024,102.6723517584843
2025-09-02 14:12:21.984431,1404,1,POINT (366.123420193452 102.67204492031749),0.012555053710941943,366.123420193452,102.67204492031749
2025-09-02 14:12:22.984431,1405,1,POINT (366.11075883900503 102.6723984922443),0.012666290283215233,366.11075883900503,102.6723984922443
2025-09-02 14:12:23.984431,1406,1,POINT (366.0971365615702 102.67349441541411),0.013666290283223739,366.0971365615702,102.67349441541411
2025-09-02 14:12:24.984431,1407,1,POINT (366.0837554186605 102.67527974248334),0.013499717712415604,366.0837554186605,102.67527974248334
2025-09-02 14:12:25.984431,1408,1,POINT (366.0706088486588 102.67773995768556),0.013374788284289542,366.0706088486588,102.67773995768556
2025-09-02 14:12:26.984431,1409,1,POINT (366.05770012334807 102.68086280809267),0.013281091213210496,366.05770012334807,102.68086280809267
2025-09-02 14:12:27.984431,1410,1,POINT (366.04503987051805 102.6846368935899),0.013210818409936915,366.04503987051805,102.6846368935899
2025-09-02 14:12:28.984431,1411,1,POINT (366.03264413938956 102.68905071379004),0.013158113807421696,366.03264413938956,102.68905071379004
2025-09-02 14:12:29.984431,1412,1,POINT (366.0205328908612 102.69409203710994),0.013118585355570344,366.0205328908612,102.69409203710994
2025-09-02 14:12:30.984431,1413,1,POINT (366.00872881898016 102.69974749567747),0.013088939016663576,366.00872881898016,102.69974749567747
2025-09-02 14:12:31.984431,1414,1,POINT (365.9972564298142 102.70600233757058),0.013066704262501677,365.9972564298142,102.70600233757058
2025-09-02 14:12:32.984431,1415,1,POINT (365.9861413198079 102.7128402879571),0.013050028196885338,365.9861413198079,102.7128402879571
2025-09-02 14:12:33.984431,1416,1,POINT (365.97540960840433 102.72024348510605),0.013037521147679318,365.97540960840433,102.72024348510605
2025-09-02 14:12:34.984431,1417,1,POINT (365.9650874897859 102.72819246752614),0.013028140860763017,365.9650874897859,102.72819246752614
2025-09-02 14:12:35.984431,1418,1,POINT (365.9552008765386 102.73666619579244),0.01302110564556847,365.9552008765386,102.73666619579244
2025-09-02 14:12:36.984431,1419,1,POINT (365.9465031121864 102.74494884478794),0.01201055282277779,365.9465031121864,102.74494884478794
2025-09-02 14:12:37.984431,1420,1,POINT (365.93808078767285 102.75385507409939),0.012257914617088911,365.93808078767285,102.75385507409939
2025-09-02 14:12:38.984431,1421,1,POINT (365.9300158805909 102.76333116888154),0.012443435962829595,365.9300158805909,102.76333116888154
2025-09-02 14:12:39.984431,1422,1,POINT (365.92289632488104 102.77264302148615),0.011721717981398774,365.92289632488104,102.77264302148615
2025-09-02 14:12:40.984431,1423,1,POINT (365.9164777465633 102.78201697312812),0.011360858990711055,365.9164777465633,102.78201697312812
2025-09-02 14:12:41.984431,1424,1,POINT (365.91065256602684 102.79155999547002),0.011180429495353588,365.91065256602684,102.79155999547002
2025-09-02 14:12:42.984431,1425,1,POINT (365.90537772079 102.8013154488617),0.01109021474768588,365.90537772079,102.8013154488617
2025-09-02 14:12:43.984431,1426,1,POINT (365.9006400139595 102.81129284987036),0.011045107373821353,365.9006400139595,102.81129284987036
2025-09-02 14:12:44.984431,1427,1,POINT (365.89663440738804 102.82101098018819),0.010511276843458654,365.89663440738804,102.82101098018819
2025-09-02 14:12:45.984431,1428,1,POINT (365.8931872283538 102.83079954945438),0.010377819210857057,365.8931872283538,102.83079954945438
2025-09-02 14:12:46.984431,1429,1,POINT (365.8903637443415 102.84039266876107),0.009999999999988223,365.8903637443415,102.84039266876107
2025-09-02 14:12:47.984431,1430,1,POINT (365.88804619488826 102.85012041076688),0.009999999999994614,365.88804619488826,102.85012041076688
2025-09-02 14:12:48.984431,1431,1,POINT (365.8862409322359 102.85995611240713),0.010000000000003334,365.8862409322359,102.85995611240713
2025-09-02 14:12:49.984431,1432,1,POINT (365.88495290448395 102.8698728147073),0.010000000000005912,365.88495290448395,102.8698728147073
2025-09-02 14:12:50.984431,1433,1,POINT (365.8841856420269 102.87984333667569),0.01000000000000003,365.8841856420269,102.87984333667569
2025-09-02 14:12:51.984431,1434,1,POINT (365.8839412478779 102.88984034980462),0.009999999999998063,365.8839412478779,102.88984034980462
2025-09-02 14:12:52.984431,1435,1,POINT (365.8842203919042 102.89983645297598),0.009999999999995308,365.8842203919042,102.89983645297598
2025-09-02 14:12:53.984431,1436,1,POINT (365.8850223089915 102.9098042475658),0.00999999999999395,365.8850223089915,102.9098042475658
2025-09-02 14:12:54.984431,1437,1,POINT (365.8863448011408 102.91971641254199),0.01000000000000572,365.8863448011408,102.91971641254199
2025-09-02 14:12:55.984431,1438,1,POINT (365.888184243493 102.92954577934931),0.01000000000000068,365.888184243493,102.92954577934931
2025-09-02 14:12:56.984431,1439,1,POINT (365.8905355942646 102.93926540637658),0.010000000000004387,365.8905355942646,102.93926540637658
2025-09-02 14:12:57.984431,1440,1,POINT (365.8933924085664 102.94884865280171),0.010000000000000066,365.8933924085664,102.94884865280171
2025-09-02 14:12:58.984431,1441,1,POINT (365.89674685606906 102.95826925161239),0.009999999999991996,365.89674685606906,102.95826925161239
2025-09-02 14:12:59.984431,1442,1,POINT (365.9005897424652 102.96750138160209),0.010000000000006141,365.9005897424652,102.96750138160209
2025-09-02 14:13:00.984431,1443,1,POINT (365.9049105346702 102.97651973814422),0.00999999999999627,365.9049105346702,102.97651973814422
2025-09-02 14:13:01.984431,1444,1,POINT (365.90969738969306 102.98529960255036),0.0100000000000066,365.90969738969306,102.98529960255036
2025-09-02 14:13:02.984431,1445,1,POINT (365.9149371870968 102.99381690982246),0.009999999999991521,365.9149371870968,102.99381690982246
2025-09-02 14:13:03.984431,1446,1,POINT (365.92061556496105 103.0020483146133),0.009999999999987963,365.92061556496105,103.0020483146133
2025-09-02 14:13:04.984431,1447,1,POINT (365.92671695924673 103.00997125521454),0.009999999999999164,365.92671695924673,103.00997125521454
2025-09-02 14:13:05.984431,1448,1,POINT (365.9332246464562 103.01756401539667),0.009999999999990667,365.9332246464562,103.01756401539667
2025-09-02 14:13:06.984431,1449,1,POINT (365.9401207894712 103.02480578393182),0.010000000000011503,365.9401207894712,103.02480578393182
2025-09-02 14:13:07.984431,1450,1,POINT (365.94738648644307 103.03167671163581),0.0100000000000019,365.94738648644307,103.03167671163581
2025-09-02 14:13:08.984431,1451,1,POINT (365.9550018226014 103.03815796577338),0.010000000000001258,365.9550018226014,103.03815796577338
2025-09-02 14:13:09.984431,1452,1,POINT (365.9629459248391 103.04423178167745),0.01000000000000402,365.9629459248391,103.04423178167745
2025-09-02 14:13:10.984431,1453,1,POINT (365.9711970189242 103.04988151144082),0.0100000000000071,365.9711970189242,103.04988151144082
2025-09-02 14:13:11.984431,1454,1,POINT (365.9797324891813 103.0550916695469),0.009999999999986634,365.9797324891813,103.0550916695469
2025-09-02 14:13:12.984431,1455,1,POINT (365.9885289404797 103.05984797531448),0.009999999999989823,365.9885289404797,103.05984797531448
2025-09-02 14:13:13.984431,1456,1,POINT (365.9975622623578 103.06413739204007),0.009999999999972984,365.9975622623578,103.06413739204007
2025-09-02 14:13:14.984431,1457,1,POINT (366.0068076951083 103.06794816273056),0.009999999999980233,366.0068076951083,103.06794816273056
2025-09-02 14:13:15.984431,1458,1,POINT (366.01623989764266 103.07126984232839),0.009999999999988076,366.01623989764266,103.07126984232839
2025-09-02 14:13:16.984431,1459,1,POINT (366.0258330169494 103.07409332634066),0.010000000000019502,366.0258330169494,103.07409332634066
2025-09-02 14:13:17.984431,1460,1,POINT (366.03556075895517 103.07641087579395),0.009999999999987378,366.03556075895517,103.07641087579395
2025-09-02 14:13:18.984431,1461,1,POINT (366.04539646059544 103.07821613844631),0.010000000000019877,366.04539646059544,103.07821613844631
2025-09-02 14:13:19.984431,1462,1,POINT (366.05531316289563 103.07950416619828),0.010000000000020005,366.05531316289563,103.07950416619828
2025-09-02 14:13:20.984431,1463,1,POINT (366.065283684864 103.08027142865532),0.010000000000015288,366.065283684864,103.08027142865532
2025-09-02 14:13:21.984431,1464,1,POINT (366.075280697993 103.08051582280437),0.010000000000026824,366.075280697993,103.08051582280437
2025-09-02 14:13:22.984431,1465,1,POINT (366.08527680116435 103.08023667877806),0.010000000000009513,366.08527680116435,103.08023667877806
2025-09-02 14:13:23.984431,1466,1,POINT (366.0952445957542 103.07943476169076),0.010000000000008114,366.0952445957542,103.07943476169076
2025-09-02 14:13:24.984431,1467,1,POINT (366.1051567607304 103.07811226954146),0.01000000000000384,366.1051567607304,103.07811226954146
2025-09-02 14:13:25.984431,1468,1,POINT (366.1149861275377 103.07627282718923),0.009999999999991939,366.1149861275377,103.07627282718923
2025-09-02 14:13:26.984431,1469,1,POINT (366.12470575456496 103.0739214764177),0.009999999999997703,366.12470575456496,103.0739214764177
2025-09-02 14:13:27.984431,1470,1,POINT (366.13428900099007 103.07106466211587),0.009999999999972827,366.13428900099007,103.07106466211587
2025-09-02 14:13:28.984431,1471,1,POINT (366.14370959980073 103.06771021461319),0.009999999999988142,366.14370959980073,103.06771021461319
2025-09-02 14:13:29.984431,1472,1,POINT (366.1529417297904 103.06386732821709),0.01000000000000068,366.1529417297904,103.06386732821709
2025-09-02 14:13:30.984431,1473,1,POINT (366.16196008633256 103.05954653601206),0.00999999999999627,366.16196008633256,103.05954653601206
2025-09-02 14:13:31.984431,1474,1,POINT (366.1707399507387 103.05475968098922),0.01000000000001795,366.1707399507387,103.05475968098922
2025-09-02 14:13:32.984431,1475,1,POINT (366.1792572580108 103.04951988358545),0.009999999999986863,366.1792572580108,103.04951988358545
2025-09-02 14:13:33.984431,1476,1,POINT (366.1874886628017 103.0438415057212),0.010000000000019427,366.1874886628017,103.0438415057212
2025-09-02 14:13:34.984431,1477,1,POINT (366.19541160340293 103.03774011143553),0.010000000000010422,366.19541160340293,103.03774011143553
2025-09-02 14:13:35.984431,1478,1,POINT (366.2030043635851 103.03123242422603),0.010000000000010705,366.2030043635851,103.03123242422603
2025-09-02 14:13:36.984431,1479,1,POINT (366.21024613212023 103.02433628121103),0.010000000000001704,366.21024613212023,103.02433628121103
2025-09-02 14:13:37.984431,1480,1,POINT (366.2171170598242 103.01707058423919),0.009999999999992135,366.2171170598242,103.01707058423919
2025-09-02 14:13:38.984431,1481,1,POINT (366.22359831396176 103.00945524808087),0.009999999999992048,366.22359831396176,103.00945524808087
2025-09-02 14:13:39.984431,1482,1,POINT (366.22967212986583 103.00151114584314),0.01000000000000402,366.22967212986583,103.00151114584314
2025-09-02 14:13:40.984431,1483,1,POINT (366.2353218596292 102.99326005175806),0.010000000000003402,366.2353218596292,102.99326005175806
2025-09-02 14:13:41.984431,1484,1,POINT (366.2405320177353 102.98472458150097),0.009999999999998763,366.2405320177353,102.98472458150097
2025-09-02 14:13:42.984431,1485,1,POINT (366.24528832350285 102.97592813020256),0.009999999999988806,366.24528832350285,102.97592813020256
2025-09-02 14:13:43.984431,1486,1,POINT (366.24957774022846 102.96689480832441),0.01000000000001085,366.24957774022846,102.96689480832441
2025-09-02 14:13:44.984431,1487,1,POINT (366.25338851091897 102.9576493755739),0.009999999999998786,366.25338851091897,102.9576493755739
2025-09-02 14:13:45.984431,1488,1,POINT (366.2567101905168 102.94821717303952),0.010000000000001478,366.2567101905168,102.94821717303952
2025-09-02 14:13:46.984431,1489,1,POINT (366.25953367452905 102.93862405373284),0.009999999999988223,366.25953367452905,102.93862405373284
2025-09-02 14:13:47.984431,1490,1,POINT (366.2618512239823 102.92889631172703),0.009999999999994614,366.2618512239823,102.92889631172703
2025-09-02 14:13:48.984431,1491,1,POINT (366.26365648663466 102.91906061008677),0.010000000000003334,366.26365648663466,102.91906061008677
2025-09-02 14:13:49.984431,1492,1,POINT (366.2649445143866 102.9091439077866),0.010000000000005912,366.2649445143866,102.9091439077866
2025-09-02 14:13:50.984431,1493,1,POINT (366.26571177684366 102.89917338581822),0.01000000000000003,366.26571177684366,102.89917338581822
2025-09-02 14:13:51.984431,1494,1,POINT (366.2659561709927 102.88917637268929),0.009999999999998063,366.2659561709927,102.88917637268929
2025-09-02 14:13:52.984431,1495,1,POINT (366.2656770269664 102.87918026951793),0.009999999999995308,366.2656770269664,102.87918026951793
2025-09-02 14:13:53.984431,1496,1,POINT (366.2648751098791 102.8692124749281),0.00999999999999395,366.2648751098791,102.8692124749281
2025-09-02 14:13:54.984431,1497,1,POINT (366.2635526177298 102.85930030995192),0.01000000000000572,366.2635526177298,102.85930030995192
2025-09-02 14:13:55.984431,1498,1,POINT (366.26171317537757 102.8494709431446),0.01000000000000068,366.26171317537757,102.8494709431446
2025-09-02 14:13:56.984431,1499,1,POINT (366.259361824606 102.83975131611733),0.010000000000004387,366.259361824606,102.83975131611733
2025-09-02 14:13:57.984431,1500,1,POINT (366.2565050103042 102.83016806969219),0.010000000000000066,366.2565050103042,102.83016806969219
2025-09-02 13:48:57.984431,0,2,POINT (7.214540346605684 15.908202519137038),0.01000000000000007,7.214540346605684,15.908202519137038
2025-09-02 13:48:58.984431,1,2,POINT (7.224472744159461 15.90936332869667),0.01000000000000007,7.224472744159461,15.90936332869667
2025-09-02 13:48:59.984431,2,2,POINT (7.235316580976248 15.911210272954332),0.011000000000000459,7.235316580976248,15.911210272954332
2025-09-02 13:49:00.984431,3,2,POINT (7.247024560017829 15.913841475485853),0.011999999999999837,7.247024560017829,15.913841475485853
2025-09-02 13:49:01.984431,4,2,POINT (7.259629241021162 15.917022987202667),0.012999999999999885,7.259629241021162,15.917022987202667
2025-09-02 13:49:02.984431,5,2,POINT (7.273109172710926 15.920803389514496),0.014000000000000177,7.273109172710926,15.920803389514496
2025-09-02 13:49:03.984431,6,2,POINT (7.287440979558722 15.925230500590295),0.014999999999999809,7.287440979558722,15.925230500590295
2025-09-02 13:49:04.984431,7,2,POINT (7.3025993874923225 15.930351308038205),0.01599999999999991,7.3025993874923225,15.930351308038205
2025-09-02 13:49:05.984431,8,2,POINT (7.318557251807126 15.936211902420204),0.01699999999999979,7.318557251807126,15.936211902420204
2025-09-02 13:49:06.984431,9,2,POINT (7.335285587253433 15.942857411670504),0.018000000000000297,7.335285587253433,15.942857411670504
2025-09-02 13:49:07.984431,10,2,POINT (7.352753600271049 15.95033193648593),0.019000000000000412,7.352753600271049,15.95033193648593
2025-09-02 13:49:08.984431,11,2,POINT (7.370928723340636 15.958678486755675),0.020000000000000535,7.370928723340636,15.958678486755675
2025-09-02 13:49:09.984431,12,2,POINT (7.389776651419216 15.967938919096808),0.021000000000000046,7.389776651419216,15.967938919096808
2025-09-02 13:49:10.984431,13,2,POINT (7.409261380425147 15.978153875561004),0.022000000000000252,7.409261380425147,15.978153875561004
2025-09-02 13:49:11.984431,14,2,POINT (7.42934524773597 15.989362723576804),0.023000000000000714,7.42934524773597,15.989362723576804
2025-09-02 13:49:12.984431,15,2,POINT (7.449988974660492 16.001603497190665),0.02400000000000083,7.449988974660492,16.001603497190665
2025-09-02 13:49:13.984431,16,2,POINT (7.471151710844612 16.01491283966884),0.02499999999999965,7.471151710844612,16.01491283966884
2025-09-02 13:49:14.984431,17,2,POINT (7.493160956476097 16.028754555846138),0.025999999999999076,7.493160956476097,16.028754555846138
2025-09-02 13:49:15.984431,18,2,POINT (7.516016711554947 16.043128645722568),0.027000000000001148,7.516016711554947,16.043128645722568
2025-09-02 13:49:16.984431,19,2,POINT (7.539718976081161 16.058035109298125),0.02800000000000058,7.539718976081161,16.058035109298125
2025-09-02 13:49:17.984431,20,2,POINT (7.564267750054741 16.073473946572808),0.029000000000000758,7.564267750054741,16.073473946572808
2025-09-02 13:49:18.984431,21,2,POINT (7.589663033475685 16.089445157546617),0.030000000000000186,7.589663033475685,16.089445157546617
2025-09-02 13:49:19.984431,22,2,POINT (7.615904826343994 16.105948742219553),0.030999999999999615,7.615904826343994,16.105948742219553
2025-09-02 13:49:20.984431,23,2,POINT (7.6429931286596675 16.122984700591616),0.03199999999999979,7.6429931286596675,16.122984700591616
2025-09-02 13:49:21.984431,24,2,POINT (7.670927940422706 16.140553032662805),0.032999999999999224,7.670927940422706,16.140553032662805
2025-09-02 13:49:22.984431,25,2,POINT (7.699225577753874 16.159400942930887),0.03400000000000036,7.699225577753874,16.159400942930887
2025-09-02 13:49:23.984431,26,2,POINT (7.72835549853596 16.178803203500973),0.03500000000000116,7.72835549853596,16.178803203500973
2025-09-02 13:49:24.984431,27,2,POINT (7.758317702768962 16.19875981437306),0.036,7.758317702768962,16.19875981437306
2025-09-02 13:49:25.984431,28,2,POINT (7.78911219045288 16.219270775547148),0.037000000000000054,7.78911219045288,16.219270775547148
2025-09-02 13:49:26.984431,29,2,POINT (7.820738961587716 16.24033608702324),0.03800000000000085,7.820738961587716,16.24033608702324
2025-09-02 13:49:27.984431,30,2,POINT (7.853198016173468 16.261955748801334),0.03899999999999969,7.853198016173468,16.261955748801334
2025-09-02 13:49:28.984431,31,2,POINT (7.886489354210137 16.28412976088143),0.04000000000000049,7.886489354210137,16.28412976088143
2025-09-02 13:49:29.984431,32,2,POINT (7.920612975697722 16.30685812326353),0.04100000000000055,7.920612975697722,16.30685812326353
2025-09-02 13:49:30.984431,33,2,POINT (7.955568880636224 16.33014083594763),0.04199999999999938,7.955568880636224,16.33014083594763
2025-09-02 13:49:31.984431,34,2,POINT (7.991357069025643 16.353977898933735),0.04300000000000018,7.991357069025643,16.353977898933735
2025-09-02 13:49:32.984431,35,2,POINT (8.027977540865978 16.378369312221842),0.04400000000000023,8.027977540865978,16.378369312221842
2025-09-02 13:49:33.984431,36,2,POINT (8.06543029615723 16.40331507581195),0.04499999999999907,8.06543029615723,16.40331507581195
2025-09-02 13:49:34.984431,37,2,POINT (8.103715334899398 16.42881518970406),0.04599999999999987,8.103715334899398,16.42881518970406
2025-09-02 13:49:35.984431,38,2,POINT (8.142832657092484 16.454869653898175),0.047000000000000666,8.142832657092484,16.454869653898175
2025-09-02 13:49:36.984431,39,2,POINT (8.182782262736486 16.48147846839429),0.0479999999999995,8.182782262736486,16.48147846839429
2025-09-02 13:49:37.984431,40,2,POINT (8.223564151831406 16.508641633192408),0.0490000000000003,8.223564151831406,16.508641633192408
2025-09-02 13:49:38.984431,41,2,POINT (8.265178324377242 16.53635914829253),0.0500000000000011,8.265178324377242,16.53635914829253
2025-09-02 13:49:39.984431,42,2,POINT (8.308350306192848 16.563510206948006),0.05100000000000137,8.308350306192848,16.563510206948006
2025-09-02 13:49:40.984431,43,2,POINT (8.35307838119598 16.59003188311137),0.05200000000000049,8.35307838119598,16.59003188311137
2025-09-02 13:49:41.984431,44,2,POINT (8.399358597173093 16.615860967669516),0.053000000000001234,8.399358597173093,16.615860967669516
2025-09-02 13:49:42.984431,45,2,POINT (8.447184750187652 16.640934042627087),0.05400000000000089,8.447184750187652,16.640934042627087
2025-09-02 13:49:43.984431,46,2,POINT (8.496548371345837 16.665187555901483),0.054999999999999855,8.496548371345837,16.665187555901483
2025-09-02 13:49:44.984431,47,2,POINT (8.54743871594068 16.688557896656764),0.05599999999999961,8.54743871594068,16.688557896656764
2025-09-02 13:49:45.984431,48,2,POINT (8.599842754993526 16.710981471103043),0.05699999999999972,8.599842754993526,16.710981471103043
2025-09-02 13:49:46.984431,49,2,POINT (8.653745169209405 16.732394778687343),0.05799999999999978,8.653745169209405,16.732394778687343
2025-09-02 13:49:47.984431,50,2,POINT (8.708576935394523 16.754177281229993),0.059000000000000656,8.708576935394523,16.754177281229993
2025-09-02 13:49:48.984431,51,2,POINT (8.764338053548881 16.77632897873099),0.059999999999999894,8.764338053548881,16.77632897873099
2025-09-02 13:49:49.984431,52,2,POINT (8.821028523672478 16.79884987119034),0.06099999999999912,8.821028523672478,16.79884987119034
2025-09-02 13:49:50.984431,53,2,POINT (8.878648345765315 16.82173995860804),0.06200000000000131,8.878648345765315,16.82173995860804
2025-09-02 13:49:51.984431,54,2,POINT (8.937197519827391 16.844999240984087),0.06300000000000054,8.937197519827391,16.844999240984087
2025-09-02 13:49:52.984431,55,2,POINT (8.996676045858706 16.868627718318486),0.06399999999999977,8.996676045858706,16.868627718318486
2025-09-02 13:49:53.984431,56,2,POINT (9.05708392385926 16.892625390611233),0.064999999999999,9.05708392385926,16.892625390611233
2025-09-02 13:49:54.984431,57,2,POINT (9.118421153829054 16.916992257862333),0.0660000000000012,9.118421153829054,16.916992257862333
2025-09-02 13:49:55.984431,58,2,POINT (9.180018883943802 16.943349792737784),0.0669999999999999,9.180018883943802,16.943349792737784
2025-09-02 13:49:56.984431,59,2,POINT (9.2418143023804 16.97172806365491),0.06800000000000013,9.2418143023804,16.97172806365491
2025-09-02 13:49:57.984431,60,2,POINT (9.303743208924303 17.002155198490062),0.06899999999999935,9.303743208924303,17.002155198490062
2025-09-02 13:49:58.984431,61,2,POINT (9.365740073943176 17.03465733269432),0.06999999999999959,9.365740073943176,17.03465733269432
2025-09-02 13:49:59.984431,62,2,POINT (9.427738099120063 17.06925855917787),0.07100000000000015,9.427738099120063,17.06925855917787
2025-09-02 13:50:00.984431,63,2,POINT (9.48966927989363 17.10598088001945),0.07200000000000067,9.48966927989363,17.10598088001945
2025-09-02 13:50:01.984431,64,2,POINT (9.55146446955126 17.14484416005572),0.0729999999999986,9.55146446955126,17.14484416005572
2025-09-02 13:50:02.984431,65,2,POINT (9.613053444919096 17.185866082403898),0.07400000000000011,9.613053444919096,17.185866082403898
2025-09-02 13:50:03.984431,66,2,POINT (9.67436497359146 17.22906210596924),0.07499999999999918,9.67436497359146,17.22906210596924
2025-09-02 13:50:04.984431,67,2,POINT (9.735326882640488 17.274445424987338),0.07600000000000107,9.735326882640488,17.274445424987338
2025-09-02 13:50:05.984431,68,2,POINT (9.795866128745251 17.32202693064938),0.07699999999999996,9.795866128745251,17.32202693064938
2025-09-02 13:50:06.984431,69,2,POINT (9.855908869678158 17.37181517485686),0.07799999999999944,9.855908869678158,17.37181517485686
2025-09-02 13:50:07.984431,70,2,POINT (9.916721389340974 17.422241729887514),0.07900000000000001,9.916721389340974,17.422241729887514
2025-09-02 13:50:08.984431,71,2,POINT (9.9783036877337 17.47330659574134),0.08000000000000058,9.9783036877337,17.47330659574134
2025-09-02 13:50:09.984431,72,2,POINT (10.040655764856334 17.52500977241834),0.08099999999999888,10.040655764856334,17.52500977241834
2025-09-02 13:50:10.984431,73,2,POINT (10.103777620708877 17.57735125991851),0.08199999999999945,10.103777620708877,17.57735125991851
2025-09-02 13:50:11.984431,74,2,POINT (10.16766925529133 17.630331058241858),0.08300000000000002,10.16766925529133,17.630331058241858
2025-09-02 13:50:12.984431,75,2,POINT (10.23233066860369 17.683949167388377),0.08400000000000059,10.23233066860369,17.683949167388377
2025-09-02 13:50:13.984431,76,2,POINT (10.297761860645961 17.738205587358067),0.0849999999999989,10.297761860645961,17.738205587358067
2025-09-02 13:50:14.984431,77,2,POINT (10.36396283141814 17.79310031815093),0.08599999999999945,10.36396283141814,17.79310031815093
2025-09-02 13:50:15.984431,78,2,POINT (10.430933580920229 17.848633359766968),0.08700000000000002,10.430933580920229,17.848633359766968
2025-09-02 13:50:16.984431,79,2,POINT (10.498674109152228 17.904804712206175),0.08799999999999969,10.498674109152228,17.904804712206175
2025-09-02 13:50:17.984431,80,2,POINT (10.567184416114136 17.961614375468557),0.08900000000000026,10.567184416114136,17.961614375468557
2025-09-02 13:50:18.984431,81,2,POINT (10.636464501805953 18.019062349554112),0.09000000000000083,10.636464501805953,18.019062349554112
2025-09-02 13:50:19.984431,82,2,POINT (10.70651436622768 18.07714863446284),0.0910000000000014,10.70651436622768,18.07714863446284
2025-09-02 13:50:20.984431,83,2,POINT (10.777334009379315 18.13587323019474),0.0919999999999997,10.777334009379315,18.13587323019474
2025-09-02 13:50:21.984431,84,2,POINT (10.84892343126086 18.195236136749813),0.09300000000000026,10.84892343126086,18.195236136749813
2025-09-02 13:50:22.984431,85,2,POINT (10.921282631872312 18.25523735412806),0.09400000000000083,10.921282631872312,18.25523735412806
2025-09-02 13:50:23.984431,86,2,POINT (10.992799193943748 18.317770396189697),0.09500000000000035,10.992799193943748,18.317770396189697
2025-09-02 13:50:24.984431,87,2,POINT (11.065068561931726 18.380961680799352),0.09600000000000104,11.065068561931726,18.380961680799352
2025-09-02 13:50:25.984431,88,2,POINT (11.138090735836245 18.444811207957024),0.09700000000000039,11.138090735836245,18.444811207957024
2025-09-02 13:50:26.984431,89,2,POINT (11.211865715657305 18.509318977662712),0.09799999999999974,11.211865715657305,18.509318977662712
2025-09-02 13:50:27.984431,90,2,POINT (11.286393501394908 18.574484989916417),0.09900000000000043,11.286393501394908,18.574484989916417
2025-09-02 13:50:28.984431,91,2,POINT (11.361674093049052 18.64030924471814),0.09999999999999978,11.361674093049052,18.64030924471814
2025-09-02 13:50:29.984431,92,2,POINT (11.437707490619736 18.706791742067878),0.10099999999999913,11.437707490619736,18.706791742067878
2025-09-02 13:50:30.984431,93,2,POINT (11.51270984171515 18.775919502990394),0.10200000000000115,11.51270984171515,18.775919502990394
2025-09-02 13:50:31.984431,94,2,POINT (11.588447509978165 18.845724987059207),0.10299999999999851,11.588447509978165,18.845724987059207
2025-09-02 13:50:32.984431,95,2,POINT (11.664920495408783 18.91620819427432),0.10399999999999958,11.664920495408783,18.91620819427432
2025-09-02 13:50:33.984431,96,2,POINT (11.742128798007002 18.98736912463573),0.10499999999999936,11.742128798007002,18.98736912463573
2025-09-02 13:50:34.984431,97,2,POINT (11.820072417772824 19.059207778143442),0.10600000000000044,11.820072417772824,19.059207778143442
2025-09-02 13:50:35.984431,98,2,POINT (11.898751354706247 19.131724154797453),0.1070000000000002,11.898751354706247,19.131724154797453
2025-09-02 13:50:36.984431,99,2,POINT (11.978165608807274 19.204918254597764),0.10800000000000129,11.978165608807274,19.204918254597764
2025-09-02 13:50:37.984431,100,2,POINT (12.058315180075901 19.27879007754437),0.10899999999999865,12.058315180075901,19.27879007754437
2025-09-02 13:50:38.984431,101,2,POINT (12.139200068512132 19.35333962363728),0.10999999999999974,12.139200068512132,19.35333962363728
2025-09-02 13:50:39.984431,102,2,POINT (12.220820274115963 19.428566892876486),0.11099999999999949,12.220820274115963,19.428566892876486
2025-09-02 13:50:40.984431,103,2,POINT (12.303175796887398 19.504471885261992),0.11200000000000059,12.303175796887398,19.504471885261992
2025-09-02 13:50:41.984431,104,2,POINT (12.386266636826434 19.5810546007938),0.11300000000000035,12.386266636826434,19.5810546007938
2025-09-02 13:50:42.984431,105,2,POINT (12.470092793933073 19.658315039471905),0.11400000000000143,12.470092793933073,19.658315039471905
2025-09-02 13:50:43.984431,106,2,POINT (12.554654268207313 19.736253201296307),0.1149999999999988,12.554654268207313,19.736253201296307
2025-09-02 13:50:44.984431,107,2,POINT (12.639951059649157 19.81486908626701),0.11599999999999988,12.639951059649157,19.81486908626701
2025-09-02 13:50:45.984431,108,2,POINT (12.725983168258601 19.89416269438401),0.11699999999999965,12.725983168258601,19.89416269438401
2025-09-02 13:50:46.984431,109,2,POINT (12.812750594035649 19.974134025647313),0.11800000000000073,12.812750594035649,19.974134025647313
2025-09-02 13:50:47.984431,110,2,POINT (12.898112205847362 20.05704599841908),0.11900000000000012,12.898112205847362,20.05704599841908
2025-09-02 13:50:48.984431,111,2,POINT (12.984191142128081 20.140654710457838),0.1199999999999995,12.984191142128081,20.140654710457838
2025-09-02 13:50:49.984431,112,2,POINT (13.070987402877806 20.224960161763587),0.12100000000000134,13.070987402877806,20.224960161763587
2025-09-02 13:50:50.984431,113,2,POINT (13.158500988096536 20.309962352336324),0.12199999999999943,13.158500988096536,20.309962352336324
2025-09-02 13:50:51.984431,114,2,POINT (13.246731897784272 20.39566128217605),0.1229999999999988,13.246731897784272,20.39566128217605
2025-09-02 13:50:52.984431,115,2,POINT (13.335680131941015 20.482056951282768),0.12400000000000065,13.335680131941015,20.482056951282768
2025-09-02 13:50:53.984431,116,2,POINT (13.425345690566763 20.569149359656475),0.12500000000000003,13.425345690566763,20.569149359656475
2025-09-02 13:50:54.984431,117,2,POINT (13.515728573661518 20.65693850729717),0.1259999999999994,13.515728573661518,20.65693850729717
2025-09-02 13:50:55.984431,118,2,POINT (13.606828781225278 20.745424394204857),0.12700000000000122,13.606828781225278,20.745424394204857
2025-09-02 13:50:56.984431,119,2,POINT (13.698646313258045 20.834607020379533),0.1280000000000006,13.698646313258045,20.834607020379533
2025-09-02 13:50:57.984431,120,2,POINT (13.791181169759819 20.924486385821197),0.12899999999999998,13.791181169759819,20.924486385821197
2025-09-02 13:50:58.984431,121,2,POINT (13.884433350730598 21.015062490529854),0.1300000000000018,13.884433350730598,21.015062490529854
2025-09-02 13:50:59.984431,122,2,POINT (13.978402856170382 21.1063353345055),0.13099999999999992,13.978402856170382,21.1063353345055
2025-09-02 13:51:00.984431,123,2,POINT (14.073089686079172 21.198304917748132),0.13199999999999928,14.073089686079172,21.198304917748132
2025-09-02 13:51:01.984431,124,2,POINT (14.168493840456968 21.290971240257754),0.13299999999999865,14.168493840456968,21.290971240257754
2025-09-02 13:51:02.984431,125,2,POINT (14.26461531930377 21.384334302034368),0.1340000000000005,14.26461531930377,21.384334302034368
2025-09-02 13:51:03.984431,126,2,POINT (14.361454122619579 21.47839410307797),0.13499999999999987,14.361454122619579,21.47839410307797
2025-09-02 13:51:04.984431,127,2,POINT (14.459010250404393 21.573150643388562),0.13599999999999926,14.459010250404393,21.573150643388562
2025-09-02 13:51:05.984431,128,2,POINT (14.557283702658214 21.668603922966145),0.1370000000000011,14.557283702658214,21.668603922966145
2025-09-02 13:51:06.984431,129,2,POINT (14.656274479381041 21.764753941810717),0.13800000000000048,14.656274479381041,21.764753941810717
2025-09-02 13:51:07.984431,130,2,POINT (14.755982580572875 21.861600699922278),0.13899999999999982,14.755982580572875,21.861600699922278
2025-09-02 13:51:08.984431,131,2,POINT (14.856408006233712 21.95914419730083),0.1400000000000004,14.856408006233712,21.95914419730083
2025-09-02 13:51:09.984431,132,2,POINT (14.957550756363556 22.05738443394637),0.14099999999999976,14.957550756363556,22.05738443394637
2025-09-02 13:51:10.984431,133,2,POINT (15.059410830962406 22.1563214098589),0.14199999999999915,15.059410830962406,22.1563214098589
2025-09-02 13:51:11.984431,134,2,POINT (15.161988230030262 22.255955125038422),0.143000000000001,15.161988230030262,22.255955125038422
2025-09-02 13:51:12.984431,135,2,POINT (15.265282953567125 22.356285579484933),0.14400000000000035,15.265282953567125,22.356285579484933
2025-09-02 13:51:13.984431,136,2,POINT (15.369295001572993 22.45731277319843),0.14499999999999974,15.369295001572993,22.45731277319843
2025-09-02 13:51:14.984431,137,2,POINT (15.474024374047868 22.559036706178922),0.14600000000000157,15.474024374047868,22.559036706178922
2025-09-02 13:51:15.984431,138,2,POINT (15.57947107099175 22.6614573784264),0.14700000000000096,15.57947107099175,22.6614573784264
2025-09-02 13:51:16.984431,139,2,POINT (15.685635092404636 22.76457478994087),0.14800000000000033,15.685635092404636,22.76457478994087
2025-09-02 13:51:17.984431,140,2,POINT (15.792516438286528 22.868388940722326),0.1489999999999984,15.792516438286528,22.868388940722326
2025-09-02 13:51:18.984431,141,2,POINT (15.900115108637426 22.972899830770775),0.15000000000000027,15.900115108637426,22.972899830770775
2025-09-02 13:51:19.984431,142,2,POINT (16.00843110345733 23.078107460086212),0.15099999999999963,16.00843110345733,23.078107460086212
2025-09-02 13:51:20.984431,143,2,POINT (16.11465480656893 23.186829697449408),0.1520000000000009,16.11465480656893,23.186829697449408
2025-09-02 13:51:21.984431,144,2,POINT (16.221577349832575 23.296267212689994),0.15299999999999947,16.221577349832575,23.296267212689994
2025-09-02 13:51:22.984431,145,2,POINT (16.329198733248273 23.40642000580797),0.15400000000000053,16.329198733248273,23.40642000580797
2025-09-02 13:51:23.984431,146,2,POINT (16.43751895681602 23.517288076803336),0.15500000000000155,16.43751895681602,23.517288076803336
2025-09-02 13:51:24.984431,147,2,POINT (16.54653802053582 23.62887142567609),0.15600000000000008,16.54653802053582,23.62887142567609
2025-09-02 13:51:25.984431,148,2,POINT (16.656255924407667 23.74117005242623),0.15699999999999864,16.656255924407667,23.74117005242623
2025-09-02 13:51:26.984431,149,2,POINT (16.766672668431564 23.854183957053763),0.15799999999999967,16.766672668431564,23.854183957053763
2025-09-02 13:51:27.984431,150,2,POINT (16.877788252607512 23.967913139558686),0.15900000000000072,16.877788252607512,23.967913139558686
2025-09-02 13:51:28.984431,151,2,POINT (16.98960267693551 24.082357599941),0.16000000000000178,16.98960267693551,24.082357599941
2025-09-02 13:51:29.984431,152,2,POINT (17.10211594141556 24.1975173382007),0.1610000000000003,17.10211594141556,24.1975173382007
2025-09-02 13:51:30.984431,153,2,POINT (17.215328046047656 24.31339235433779),0.16199999999999884,17.215328046047656,24.31339235433779
2025-09-02 13:51:31.984431,154,2,POINT (17.329238990831804 24.42998264835227),0.16299999999999987,17.329238990831804,24.42998264835227
2025-09-02 13:51:32.984431,155,2,POINT (17.443848775768004 24.547288220244138),0.16400000000000092,17.443848775768004,24.547288220244138
2025-09-02 13:51:33.984431,156,2,POINT (17.55915740085625 24.665309070013397),0.16499999999999948,17.55915740085625,24.665309070013397
2025-09-02 13:51:34.984431,157,2,POINT (17.675164866096548 24.784045197660046),0.16600000000000054,17.675164866096548,24.784045197660046
2025-09-02 13:51:35.984431,158,2,POINT (17.791871171488896 24.903496603184085),0.16700000000000156,17.791871171488896,24.903496603184085
2025-09-02 13:51:36.984431,159,2,POINT (17.909276317033292 25.023663286585514),0.16800000000000012,17.909276317033292,25.023663286585514
2025-09-02 13:51:37.984431,160,2,POINT (18.02738030272974 25.14454524786433),0.16899999999999862,18.02738030272974,25.14454524786433
2025-09-02 13:51:38.984431,161,2,POINT (18.146183128578237 25.266142487020534),0.16999999999999968,18.146183128578237,25.266142487020534
2025-09-02 13:51:39.984431,162,2,POINT (18.265684794578785 25.38845500405413),0.1710000000000007,18.265684794578785,25.38845500405413
2025-09-02 13:51:40.984431,163,2,POINT (18.38588530073138 25.511482798965115),0.1719999999999993,18.38588530073138,25.511482798965115
2025-09-02 13:51:41.984431,164,2,POINT (18.506784647036028 25.63522587175349),0.17300000000000032,18.506784647036028,25.63522587175349
2025-09-02 13:51:42.984431,165,2,POINT (18.628382833492726 25.759684222419256),0.17400000000000138,18.628382833492726,25.759684222419256
2025-09-02 13:51:43.984431,166,2,POINT (18.750679860101474 25.88485785096241),0.17499999999999988,18.750679860101474,25.88485785096241
2025-09-02 13:51:44.984431,167,2,POINT (18.87367572686227 26.01074675738295),0.17599999999999844,18.87367572686227,26.01074675738295
2025-09-02 13:51:45.984431,168,2,POINT (18.997370433775117 26.137350941680882),0.1769999999999995,18.997370433775117,26.137350941680882
2025-09-02 13:51:46.984431,169,2,POINT (19.121763980840015 26.264670403856204),0.17800000000000052,19.121763980840015,26.264670403856204
2025-09-02 13:51:47.984431,170,2,POINT (19.246856368056964 26.392705143908916),0.1790000000000016,19.246856368056964,26.392705143908916
2025-09-02 13:51:48.984431,171,2,POINT (19.37264759542596 26.521455161839018),0.18000000000000013,19.37264759542596,26.521455161839018
2025-09-02 13:51:49.984431,172,2,POINT (19.499137662947007 26.65092045764651),0.1810000000000012,19.499137662947007,26.65092045764651
2025-09-02 13:51:50.984431,173,2,POINT (19.626326570620105 26.78110103133139),0.1819999999999997,19.626326570620105,26.78110103133139
2025-09-02 13:51:51.984431,174,2,POINT (19.7575969484482 26.908604317190495),0.18299999999999914,19.7575969484482,26.908604317190495
2025-09-02 13:51:52.984431,175,2,POINT (19.889584650745302 27.03680434231659),0.18399999999999977,19.889584650745302,27.03680434231659
2025-09-02 13:51:53.984431,176,2,POINT (20.02561832675169 27.162183124381933),0.18499999999999966,20.02561832675169,27.162183124381933
2025-09-02 13:51:54.984431,177,2,POINT (20.162387319925678 27.288239629593576),0.18599999999999814,20.162387319925678,27.288239629593576
2025-09-02 13:51:55.984431,178,2,POINT (20.303162026318926 27.411330986072798),0.1870000000000003,20.303162026318926,27.411330986072798
2025-09-02 13:51:56.984431,179,2,POINT (20.447880427541833 27.53133342082929),0.18800000000000167,20.447880427541833,27.53133342082929
2025-09-02 13:51:57.984431,180,2,POINT (20.59647675888989 27.648124389272486),0.18900000000000108,20.59647675888989,27.648124389272486
2025-09-02 13:51:58.984431,181,2,POINT (20.748881531512456 27.761582686817725),0.1900000000000016,20.748881531512456,27.761582686817725
2025-09-02 13:51:59.984431,182,2,POINT (20.905021557864746 27.871588560164135),0.19100000000000017,20.905021557864746,27.871588560164135
2025-09-02 13:52:00.984431,183,2,POINT (21.064819980440756 27.978023818148596),0.19199999999999998,21.064819980440756,27.978023818148596
2025-09-02 13:52:01.984431,184,2,POINT (21.228196303782163 28.0807719420801),0.19299999999999934,21.228196303782163,28.0807719420801
2025-09-02 13:52:02.984431,185,2,POINT (21.395066429755385 28.1797181954588),0.19400000000000214,21.395066429755385,28.1797181954588
2025-09-02 13:52:03.984431,186,2,POINT (21.56534269608627 28.274749732984052),0.19499999999999842,21.56534269608627,28.274749732984052
2025-09-02 13:52:04.984431,187,2,POINT (21.738933918139114 28.365755708755977),0.19600000000000112,21.738933918139114,28.365755708755977
2025-09-02 13:52:05.984431,188,2,POINT (21.91574543392388 28.452627383575177),0.1969999999999991,21.91574543392388,28.452627383575177
2025-09-02 13:52:06.984431,189,2,POINT (22.095679152312794 28.53525823124564),0.1979999999999992,22.095679152312794,28.53525823124564
2025-09-02 13:52:07.984431,190,2,POINT (22.27652162685519 28.618306406429586),0.1990000000000008,22.27652162685519,28.618306406429586
2025-09-02 13:52:08.984431,191,2,POINT (22.46039544809324 28.696985615013027),0.1999999999999994,22.46039544809324,28.696985615013027
2025-09-02 13:52:09.984431,192,2,POINT (22.64719519391034 28.771193801641374),0.20099999999999962,22.64719519391034,28.771193801641374
2025-09-02 13:52:10.984431,193,2,POINT (22.836812169886237 28.840831452533376),0.2020000000000018,22.836812169886237,28.840831452533376
2025-09-02 13:52:11.984431,194,2,POINT (23.027367843763006 28.910813844271377),0.2030000000000019,23.027367843763006,28.910813844271377
2025-09-02 13:52:12.984431,195,2,POINT (23.218862215540643 28.98114097685538),0.20399999999999868,23.218862215540643,28.98114097685538
2025-09-02 13:52:13.984431,196,2,POINT (23.413079317189894 29.046751322281725),0.2049999999999999,23.413079317189894,29.046751322281725
2025-09-02 13:52:14.984431,197,2,POINT (23.60990279789963 29.107550314389357),0.2059999999999986,23.60990279789963,29.107550314389357
2025-09-02 13:52:15.984431,198,2,POINT (23.807681732399217 29.168644447235376),0.20699999999999885,23.807681732399217,29.168644447235376
2025-09-02 13:52:16.984431,199,2,POINT (24.007955003218573 29.224810424439706),0.20800000000000057,24.007955003218573,29.224810424439706
2025-09-02 13:52:17.984431,200,2,POINT (24.209191126301484 29.281246430380595),0.20900000000000094,24.209191126301484,29.281246430380595
2025-09-02 13:52:18.984431,201,2,POINT (24.411390101647946 29.33795246505804),0.20999999999999786,24.411390101647946,29.33795246505804
2025-09-02 13:52:19.984431,202,2,POINT (24.615973770240497 29.389590847538646),0.21100000000000027,24.615973770240497,29.389590847538646
2025-09-02 13:52:20.984431,203,2,POINT (24.82152702967946 29.441473961689773),0.21199999999999955,24.82152702967946,29.441473961689773
2025-09-02 13:52:21.984431,204,2,POINT (25.029343657667535 29.488177806624268),0.21300000000000013,25.029343657667535,29.488177806624268
2025-09-02 13:52:22.984431,205,2,POINT (25.238135950575742 29.53510091843639),0.21399999999999886,25.238135950575742,29.53510091843639
2025-09-02 13:52:23.984431,206,2,POINT (25.447903908404083 29.58224329712614),0.21500000000000027,25.447903908404083,29.58224329712614
2025-09-02 13:52:24.984431,207,2,POINT (25.65981509792427 29.624072088121565),0.21599999999999872,25.65981509792427,29.624072088121565
2025-09-02 13:52:25.984431,208,2,POINT (25.87270735776631 29.666094530927154),0.21699999999999878,25.87270735776631,29.666094530927154
2025-09-02 13:52:26.984431,209,2,POINT (26.0865806879302 29.708310625542907),0.21799999999999878,26.0865806879302,29.708310625542907
2025-09-02 13:52:27.984431,210,2,POINT (26.301435088415946 29.75072037196882),0.21899999999999814,26.301435088415946,29.75072037196882
2025-09-02 13:52:28.984431,211,2,POINT (26.518311824751677 29.787659257122034),0.220000000000001,26.518311824751677,29.787659257122034
2025-09-02 13:52:29.984431,212,2,POINT (26.737071050885426 29.819050354289285),0.22100000000000078,26.737071050885426,29.819050354289285
2025-09-02 13:52:30.984431,213,2,POINT (26.957570276579265 29.844820326513137),0.22200000000000142,26.957570276579265,29.844820326513137
2025-09-02 13:52:31.984431,214,2,POINT (27.17966445996845 29.8648995123704),0.22299999999999873,27.17966445996845,29.8648995123704
2025-09-02 13:52:32.984431,215,2,POINT (27.40320610280081 29.87922200935277),0.22399999999999978,27.40320610280081,29.87922200935277
2025-09-02 13:52:33.984431,216,2,POINT (27.627745699395813 29.89360844605381),0.225000000000001,27.627745699395813,29.89360844605381
2025-09-02 13:52:34.984431,217,2,POINT (27.85328324975346 29.908058822473524),0.22599999999999867,27.85328324975346,29.908058822473524
2025-09-02 13:52:35.984431,218,2,POINT (28.079818753873752 29.92257313861191),0.22699999999999992,28.079818753873752,29.92257313861191
2025-09-02 13:52:36.984431,219,2,POINT (28.30735221175669 29.937151394468966),0.22800000000000117,28.30735221175669,29.937151394468966
2025-09-02 13:52:37.984431,220,2,POINT (28.53588362340227 29.951793590044694),0.22899999999999884,28.53588362340227,29.951793590044694
2025-09-02 13:52:38.984431,221,2,POINT (28.765412988810496 29.96649972533909),0.22999999999999982,28.765412988810496,29.96649972533909
2025-09-02 13:52:39.984431,222,2,POINT (28.995940307981368 29.98126980035216),0.23100000000000107,28.995940307981368,29.98126980035216
2025-09-02 13:52:40.984431,223,2,POINT (29.22746558091488 29.9961038150839),0.23199999999999874,29.22746558091488,29.9961038150839
2025-09-02 13:52:41.984431,224,2,POINT (29.459519144725107 30.01708341286301),0.23299999999999943,29.459519144725107,30.01708341286301
2025-09-02 13:52:42.984431,225,2,POINT (29.692568646577435 30.038153051834307),0.233999999999998,29.692568646577435,30.038153051834307
2025-09-02 13:52:43.984431,226,2,POINT (29.925979989091182 30.06543207648568),0.2350000000000004,29.925979989091182,30.06543207648568
2025-09-02 13:52:44.984431,227,2,POINT (30.159587126500977 30.09895379110772),0.23600000000000051,30.159587126500977,30.09895379110772
2025-09-02 13:52:45.984431,228,2,POINT (30.393222519735378 30.138747044659137),0.23700000000000104,30.393222519735378,30.138747044659137
2025-09-02 13:52:46.984431,229,2,POINT (30.626717256336324 30.184836175478168),0.2379999999999975,30.626717256336324,30.184836175478168
2025-09-02 13:52:47.984431,230,2,POINT (30.859901172247827 30.23724095923096),0.23899999999999993,30.859901172247827,30.23724095923096
2025-09-02 13:52:48.984431,231,2,POINT (31.092602975386274 30.295976560156763),0.23999999999999955,31.092602975386274,30.295976560156763
2025-09-02 13:52:49.984431,232,2,POINT (31.32465037090293 30.36105348566755),0.2409999999999995,31.32465037090293,30.36105348566755
2025-09-02 13:52:50.984431,233,2,POINT (31.555870188047376 30.4324775443571),0.2419999999999977,31.555870188047376,30.4324775443571
2025-09-02 13:52:51.984431,234,2,POINT (31.786088508538928 30.51024980747223),0.24300000000000102,31.786088508538928,30.51024980747223
2025-09-02 13:52:52.984431,235,2,POINT (32.0151307963514 30.59436657389623),0.24400000000000227,32.0151307963514,30.59436657389623
2025-09-02 13:52:53.984431,236,2,POINT (32.24282202881503 30.684819338691973),0.24499999999999866,32.24282202881503,30.684819338691973
2025-09-02 13:52:54.984431,237,2,POINT (32.45921566445363 30.777413705197777),0.2353718807621327,32.45921566445363,30.777413705197777
2025-09-02 13:52:55.984431,238,2,POINT (32.67402006560571 30.876058194454526),0.2363718807621338,32.67402006560571,30.876058194454526
2025-09-02 13:52:56.984431,239,2,POINT (32.88706616734294 30.980732777382393),0.2373718807621319,32.88706616734294,30.980732777382393
2025-09-02 13:52:57.984431,240,2,POINT (33.098184871855864 31.091412703940286),0.23837188076213425,33.098184871855864,31.091412703940286
2025-09-02 13:52:58.984431,241,2,POINT (33.307207180167545 31.208068487884578),0.23937188076213314,33.307207180167545,31.208068487884578
2025-09-02 13:52:59.984431,242,2,POINT (33.513964324617014 31.330665895199033),0.24037188076213264,33.513964324617014,31.330665895199033
2025-09-02 13:53:00.984431,243,2,POINT (33.718287902010374 31.459165936225606),0.24137188076213736,33.718287902010374,31.459165936225606
2025-09-02 13:53:01.984431,244,2,POINT (33.92001000733626 31.593524861522987),0.24237188076213503,33.92001000733626,31.593524861522987
2025-09-02 13:53:02.984431,245,2,POINT (34.118963367941525 31.733694161476897),0.24337188076213415,34.118963367941525,31.733694161476897
2025-09-02 13:53:03.984431,246,2,POINT (34.314981478062066 31.879620569683212),0.2443718807621374,34.314981478062066,31.879620569683212
2025-09-02 13:53:04.984431,247,2,POINT (34.50789873360294 32.03124607012204),0.24537188076213684,34.50789873360294,32.03124607012204
2025-09-02 13:53:05.984431,248,2,POINT (34.69755056706133 32.18850790813796),0.24637188076213618,34.69755056706133,32.18850790813796
2025-09-02 13:53:06.984431,249,2,POINT (34.88377358248504 32.35133860523864),0.24737188076213196,34.88377358248504,32.35133860523864
2025-09-02 13:53:07.984431,250,2,POINT (35.06640569035906 32.51966597772099),0.24837188076213557,35.06640569035906,32.51966597772099
2025-09-02 13:53:08.984431,251,2,POINT (35.245286242311785 32.69341315913103),0.24937188076213657,35.245286242311785,32.69341315913103
2025-09-02 13:53:09.984431,252,2,POINT (35.420256165532635 32.87249862656058),0.2503718807621347,35.420256165532635,32.87249862656058
2025-09-02 13:53:10.984431,253,2,POINT (35.591158096792135 33.05683623078084),0.2513718807621339,35.591158096792135,33.05683623078084
2025-09-02 13:53:11.984431,254,2,POINT (35.762739904936595 33.24190716127316),0.25237188076213307,35.762739904936595,33.24190716127316
2025-09-02 13:53:12.984431,255,2,POINT (35.93007877176419 33.432157032783756),0.25337188076213274,35.93007877176419,33.432157032783756
2025-09-02 13:53:13.984431,256,2,POINT (36.098078086255995 33.62315777637589),0.2543718807621351,36.098078086255995,33.62315777637589
2025-09-02 13:53:14.984431,257,2,POINT (36.26673784841202 33.81490939204956),0.25537188076213213,36.26673784841202,33.81490939204956
2025-09-02 13:53:15.984431,258,2,POINT (36.43605805823226 34.00741187980476),0.25637188076213446,36.43605805823226,34.00741187980476
2025-09-02 13:53:16.984431,259,2,POINT (36.60603871571672 34.2006652396415),0.2573718807621314,36.60603871571672,34.2006652396415
2025-09-02 13:53:17.984431,260,2,POINT (36.7766798208654 34.39466947155978),0.25837188076213374,36.7766798208654,34.39466947155978
2025-09-02 13:53:18.984431,261,2,POINT (36.94798137367829 34.58942457555959),0.2593718807621308,36.94798137367829,34.58942457555959
2025-09-02 13:53:19.984431,262,2,POINT (37.11754016966412 34.78219831522541),0.25673312992465186,37.11754016966412,34.78219831522541
2025-09-02 13:53:20.984431,263,2,POINT (37.28775941331416 34.975722926972765),0.25773312992465425,37.28775941331416,34.975722926972765
2025-09-02 13:53:21.984431,264,2,POINT (37.44761978138058 35.157470389835694),0.2420485024441234,37.44761978138058,35.157470389835694
2025-09-02 13:53:22.984431,265,2,POINT (37.608140597111216 35.339968724780164),0.24304850244412574,37.608140597111216,35.339968724780164
2025-09-02 13:53:23.984431,266,2,POINT (37.76637426148221 35.519866765719144),0.23958547049843412,37.76637426148221,35.519866765719144
2025-09-02 13:53:24.984431,267,2,POINT (37.925268373517426 35.70051567873966),0.24058547049843645,37.925268373517426,35.70051567873966
2025-09-02 13:53:25.984431,268,2,POINT (38.084822933216856 35.88191546384172),0.2415854704984388,38.084822933216856,35.88191546384172
2025-09-02 13:53:26.984431,269,2,POINT (38.2450379405805 36.06406612102531),0.2425854704984358,38.2450379405805,36.06406612102531
2025-09-02 13:53:27.984431,270,2,POINT (38.405913395608366 36.24696765029044),0.24358547049843815,38.405913395608366,36.24696765029044
2025-09-02 13:53:28.984431,271,2,POINT (38.567449298300446 36.430620051637106),0.24458547049843515,38.567449298300446,36.430620051637106
2025-09-02 13:53:29.984431,272,2,POINT (38.72964564865674 36.61502332506531),0.24558547049843749,38.72964564865674,36.61502332506531
2025-09-02 13:53:30.984431,273,2,POINT (38.892502446677256 36.80017747057504),0.2465854704984345,38.892502446677256,36.80017747057504
2025-09-02 13:53:31.984431,274,2,POINT (39.056019692361986 36.98608248816632),0.24758547049843682,39.056019692361986,36.98608248816632
2025-09-02 13:53:32.984431,275,2,POINT (39.22019738571093 37.172738377839124),0.24858547049843382,39.22019738571093,37.172738377839124
2025-09-02 13:53:33.984431,276,2,POINT (39.385035526724096 37.36014513959347),0.24958547049843616,39.385035526724096,37.36014513959347
2025-09-02 13:53:34.984431,277,2,POINT (39.55053411540148 37.54830277342935),0.2505854704984379,39.55053411540148,37.54830277342935
2025-09-02 13:53:35.984431,278,2,POINT (39.71669315174309 37.737211279346766),0.2515854704984402,39.71669315174309,37.737211279346766
2025-09-02 13:53:36.984431,279,2,POINT (39.88351263574891 37.92687065734572),0.2525854704984372,39.88351263574891,37.92687065734572
2025-09-02 13:53:37.984431,280,2,POINT (40.050992567418945 38.117280907426206),0.25358547049843955,40.050992567418945,38.117280907426206
2025-09-02 13:53:38.984431,281,2,POINT (40.2191329467532 38.30844202958823),0.25458547049843655,40.2191329467532,38.30844202958823
2025-09-02 13:53:39.984431,282,2,POINT (40.38038981834301 38.491777196616525),0.24416298266573294,40.38038981834301,38.491777196616525
2025-09-02 13:53:40.984431,283,2,POINT (40.54230713759704 38.675863235726354),0.24516298266572992,40.54230713759704,38.675863235726354
2025-09-02 13:53:41.984431,284,2,POINT (40.70488490451529 38.86070014691772),0.24616298266573225,40.70488490451529,38.86070014691772
2025-09-02 13:53:42.984431,285,2,POINT (40.86812311909775 39.04628793019063),0.2471629826657346,40.86812311909775,39.04628793019063
2025-09-02 13:53:43.984431,286,2,POINT (41.03202178134443 39.23262658554507),0.2481629826657316,41.03202178134443,39.23262658554507
2025-09-02 13:53:44.984431,287,2,POINT (41.19658089125533 39.41971611298105),0.24916298266573395,41.19658089125533,39.41971611298105
2025-09-02 13:53:45.984431,288,2,POINT (41.361800448830444 39.60755651249856),0.25016298266573095,41.361800448830444,39.60755651249856
2025-09-02 13:53:46.984431,289,2,POINT (41.527680454069774 39.79614778409761),0.2511629826657333,41.527680454069774,39.79614778409761
2025-09-02 13:53:47.984431,290,2,POINT (41.69422090697332 39.9854899277782),0.2521629826657303,41.69422090697332,39.9854899277782
2025-09-02 13:53:48.984431,291,2,POINT (41.861421807541085 40.17558294354032),0.2531629826657326,41.861421807541085,40.17558294354032
2025-09-02 13:53:49.984431,292,2,POINT (42.029283155773065 40.366426831383976),0.2541629826657296,42.029283155773065,40.366426831383976
2025-09-02 13:53:50.984431,293,2,POINT (42.19780495166926 40.55802159130917),0.25516298266573195,42.19780495166926,40.55802159130917
2025-09-02 13:53:51.984431,294,2,POINT (42.366987195229676 40.7503672233159),0.25616298266572896,42.366987195229676,40.7503672233159
2025-09-02 13:53:52.984431,295,2,POINT (42.52951550661173 40.935147907824344),0.24608810082592777,42.52951550661173,40.935147907824344
2025-09-02 13:53:53.984431,296,2,POINT (42.692704265658 41.12067946441433),0.2470881008259301,42.692704265658,41.12067946441433
2025-09-02 13:53:54.984431,297,2,POINT (42.85655347236849 41.30696189308585),0.2480881008259271,42.85655347236849,41.30696189308585
2025-09-02 13:53:55.984431,298,2,POINT (43.02106312674319 41.493995193838906),0.24908810082592947,43.02106312674319,41.493995193838906
2025-09-02 13:53:56.984431,299,2,POINT (43.18623322878212 41.681779366673496),0.2500881008259312,43.18623322878212,41.681779366673496
2025-09-02 13:53:57.984431,300,2,POINT (43.356942224622586 41.865908867611054),0.25108810082593286,43.356942224622586,41.865908867611054
2025-09-02 13:53:58.984431,301,2,POINT (43.52833109734801 42.050771694820675),0.252088100825932,43.52833109734801,42.050771694820675
2025-09-02 13:53:59.984431,302,2,POINT (43.70039984695839 42.23636784830236),0.2530881008259312,43.70039984695839,42.23636784830236
2025-09-02 13:54:00.984431,303,2,POINT (43.87314847345374 42.4226973280561),0.2540881008259352,43.87314847345374,42.4226973280561
2025-09-02 13:54:01.984431,304,2,POINT (44.04657697683405 42.6097601340819),0.25508810082592914,44.04657697683405,42.6097601340819
2025-09-02 13:54:02.984431,305,2,POINT (44.22068535709931 42.797556266379765),0.25608810082592837,44.22068535709931,42.797556266379765
2025-09-02 13:54:03.984431,306,2,POINT (44.395473614249546 42.98608572494969),0.25708810082593236,44.395473614249546,42.98608572494969
2025-09-02 13:54:04.984431,307,2,POINT (44.57094174828474 43.175348509791675),0.25808810082593153,44.57094174828474,43.175348509791675
2025-09-02 13:54:05.984431,308,2,POINT (44.74708975920489 43.365344620905724),0.2590881008259307,44.74708975920489,43.365344620905724
2025-09-02 13:54:06.984431,309,2,POINT (44.92391764701001 43.556074058291834),0.2600881008259347,44.92391764701001,43.556074058291834
2025-09-02 13:54:07.984431,310,2,POINT (45.101425411700085 43.74753682195),0.26108810082592865,45.101425411700085,43.74753682195
2025-09-02 13:54:08.984431,311,2,POINT (45.27961305327512 43.93973291188023),0.2620881008259278,45.27961305327512,43.93973291188023
2025-09-02 13:54:09.984431,312,2,POINT (45.463469581658856 44.12791401020542),0.2630881008259327,45.463469581658856,44.12791401020542
2025-09-02 13:54:10.984431,313,2,POINT (45.64802495019464 44.31681038640801),0.26408810082593126,45.64802495019464,44.31681038640801
2025-09-02 13:54:11.984431,314,2,POINT (45.833279158882476 44.50642204048798),0.26508810082593476,45.833279158882476,44.50642204048798
2025-09-02 13:54:12.984431,315,2,POINT (46.01923220772236 44.69674897244534),0.26608810082592826,46.01923220772236,44.69674897244534
2025-09-02 13:54:13.984431,316,2,POINT (46.20588409671429 44.88779118228009),0.2670881008259268,46.20588409671429,44.88779118228009
2025-09-02 13:54:14.984431,317,2,POINT (46.39323482585828 45.07954866999223),0.2680881008259303,46.39323482585828,45.07954866999223
2025-09-02 13:54:15.984431,318,2,POINT (46.58128439515431 45.272021435581756),0.2690881008259289,46.58128439515431,45.272021435581756
2025-09-02 13:54:16.984431,319,2,POINT (46.7700328046024 45.465209479048674),0.27008810082593243,46.7700328046024,45.465209479048674
2025-09-02 13:54:17.984431,320,2,POINT (46.95948005420254 45.65911280039298),0.271088100825931,46.95948005420254,45.65911280039298
2025-09-02 13:54:18.984431,321,2,POINT (47.14962614395472 45.85373139961468),0.27208810082592955,47.14962614395472,45.85373139961468
2025-09-02 13:54:19.984431,322,2,POINT (47.33009115563356 46.03844120788493),0.25823503579389884,47.33009115563356,46.03844120788493
2025-09-02 13:54:20.984431,323,2,POINT (47.511255007464456 46.22386629403257),0.2592350357939024,47.511255007464456,46.22386629403257
2025-09-02 13:54:21.984431,324,2,POINT (47.6931176994474 46.4100066580576),0.26023503579390095,47.6931176994474,46.4100066580576
2025-09-02 13:54:22.984431,325,2,POINT (47.87567923158239 46.596862299960016),0.2612350357938995,47.87567923158239,46.596862299960016
2025-09-02 13:54:23.984431,326,2,POINT (48.05893960386943 46.784433219739824),0.26223503579390306,48.05893960386943,46.784433219739824
2025-09-02 13:54:24.984431,327,2,POINT (48.242898816308525 46.97271941739702),0.2632350357939016,48.242898816308525,46.97271941739702
2025-09-02 13:54:25.984431,328,2,POINT (48.427556868899664 47.16172089293161),0.2642350357939002,48.427556868899664,47.16172089293161
2025-09-02 13:54:26.984431,329,2,POINT (48.61291376164286 47.35143764634359),0.2652350357939037,48.61291376164286,47.35143764634359
2025-09-02 13:54:27.984431,330,2,POINT (48.7989694945381 47.54186967763295),0.2662350357938972,48.7989694945381,47.54186967763295
2025-09-02 13:54:28.984431,331,2,POINT (48.985724067585394 47.733016986799704),0.2672350357939007,48.985724067585394,47.733016986799704
2025-09-02 13:54:29.984431,332,2,POINT (49.17317748078474 47.924879573843846),0.26823503579389923,49.17317748078474,47.924879573843846
2025-09-02 13:54:30.984431,333,2,POINT (49.36132973413613 48.11745743876538),0.2692350357938978,49.36132973413613,48.11745743876538
2025-09-02 13:54:31.984431,334,2,POINT (49.55018082763957 48.3107505815643),0.27023503579390135,49.55018082763957,48.3107505815643
2025-09-02 13:54:32.984431,335,2,POINT (49.72931737348344 48.5144133974764),0.2712350357939024,49.72931737348344,48.5144133974764
2025-09-02 13:54:33.984431,336,2,POINT (49.89816977563039 48.72795679119981),0.2722350357938996,49.89816977563039,48.72795679119981
2025-09-02 13:54:34.984431,337,2,POINT (50.05619311587674 48.95086037735912),0.2732350357939,50.05619311587674,48.95086037735912
2025-09-02 13:54:35.984431,338,2,POINT (50.202868872480806 49.18257372889827),0.27423503579389913,50.202868872480806,49.18257372889827
2025-09-02 13:54:36.984431,339,2,POINT (50.343941371379586 49.41890585744393),0.27523503579390013,50.343941371379586,49.41890585744393
2025-09-02 13:54:37.984431,340,2,POINT (50.47926897455803 49.65972162689858),0.27623503579390063,50.47926897455803,49.65972162689858
2025-09-02 13:54:38.984431,341,2,POINT (50.60871329423441 49.90488164234801),0.2772350357939003,50.60871329423441,49.90488164234801
2025-09-02 13:54:39.984431,342,2,POINT (50.73862452574719 50.15092596166887),0.2782350357938978,50.73862452574719,50.15092596166887
2025-09-02 13:54:40.984431,343,2,POINT (50.86900266909637 50.397854584861165),0.27923503579390163,50.86900266909637,50.397854584861165
2025-09-02 13:54:41.984431,344,2,POINT (50.99984772428195 50.64566751192489),0.28023503579390246,50.99984772428195,50.64566751192489
2025-09-02 13:54:42.984431,345,2,POINT (51.13115969130393 50.89436474286005),0.2812350357939,51.13115969130393,50.89436474286005
2025-09-02 13:54:43.984431,346,2,POINT (51.269426695767 51.140411183408155),0.28223503579390097,51.269426695767,51.140411183408155
2025-09-02 13:54:44.984431,347,2,POINT (51.408183600444175 51.387329402471835),0.28323503579389603,51.408183600444175,51.387329402471835
2025-09-02 13:54:45.984431,348,2,POINT (51.547430405335454 51.635119400051096),0.28423503579390086,51.547430405335454,51.635119400051096
2025-09-02 13:54:46.984431,349,2,POINT (51.68716711044084 51.88378117614593),0.2852350357938994,51.68716711044084,51.88378117614593
2025-09-02 13:54:47.984431,350,2,POINT (51.82739371576033 52.13331473075635),0.28623503579390414,51.82739371576033,52.13331473075635
2025-09-02 13:54:48.984431,351,2,POINT (51.98102257677111 52.37601235919975),0.28723503579389686,51.98102257677111,52.37601235919975
2025-09-02 13:54:49.984431,352,2,POINT (52.14772104938768 52.61115285993583),0.28823503579389936,52.14772104938768,52.61115285993583
2025-09-02 13:54:50.984431,353,2,POINT (52.32711761543377 52.83803119301673),0.28923503579390303,52.32711761543377,52.83803119301673
2025-09-02 13:54:51.984431,354,2,POINT (52.518802666897756 53.05596057847802),0.2902350357938988,52.518802666897756,53.05596057847802
2025-09-02 13:54:52.984431,355,2,POINT (52.722329403594244 53.26427455670212),0.29123503579389576,52.722329403594244,53.26427455670212
2025-09-02 13:54:53.984431,356,2,POINT (52.93721484238831 53.46232900461921),0.29223503579389537,52.93721484238831,53.46232900461921
2025-09-02 13:54:54.984431,357,2,POINT (53.162940935806574 53.649504101699925),0.2932350357938977,53.162940935806574,53.649504101699925
2025-09-02 13:54:55.984431,358,2,POINT (53.398955797531634 53.82520623980171),0.2942350357938998,53.398955797531634,53.82520623980171
2025-09-02 13:54:56.984431,359,2,POINT (53.6446750319537 53.98886987105575),0.29523503579390026,53.6446750319537,53.98886987105575
2025-09-02 13:54:57.984431,360,2,POINT (53.89948316463726 54.13995928812436),0.2962350357939015,53.89948316463726,54.13995928812436
2025-09-02 13:54:58.984431,361,2,POINT (54.1590322524204 54.28481417252368),0.2972350357939022,54.1590322524204,54.28481417252368
2025-09-02 13:54:59.984431,362,2,POINT (54.42316992753488 54.42328953192062),0.2982350357939034,54.42316992753488,54.42328953192062
2025-09-02 13:55:00.984431,363,2,POINT (54.69173947197462 54.555244093971375),0.2992350357939027,54.69173947197462,54.555244093971375
2025-09-02 13:55:01.984431,364,2,POINT (54.96457990824243 54.68054043492098),0.3002350357939028,54.96457990824243,54.68054043492098
2025-09-02 13:55:02.984431,365,2,POINT (55.23137459185771 54.820408742926666),0.3012350357938995,55.23137459185771,54.820408742926666
2025-09-02 13:55:03.984431,366,2,POINT (55.45474478656982 54.9528569193413),0.2596858935739256,55.45474478656982,54.9528569193413
2025-09-02 13:55:04.984431,367,2,POINT (55.671709341678834 55.09736822317178),0.26068589357392824,55.671709341678834,55.09736822317178
2025-09-02 13:55:05.984431,368,2,POINT (55.88161554751393 55.25363367567969),0.2616858935739329,55.88161554751393,55.25363367567969
2025-09-02 13:55:06.984431,369,2,POINT (56.0838255610343 55.42130892464275),0.26268589357393074,56.0838255610343,55.42130892464275
2025-09-02 13:55:07.984431,370,2,POINT (56.27771832543371 55.60001495807038),0.2636858935739294,56.27771832543371,55.60001495807038
2025-09-02 13:55:08.984431,371,2,POINT (56.467583993495005 55.78443201354158),0.26468589357392963,56.467583993495005,55.78443201354158
2025-09-02 13:55:09.984431,372,2,POINT (56.64821769119629 55.97926645941535),0.2656858935739264,56.64821769119629,55.97926645941535
2025-09-02 13:55:10.984431,373,2,POINT (56.82434976668678 56.17951345143954),0.266685893573929,56.82434976668678,56.17951345143954
2025-09-02 13:55:11.984431,374,2,POINT (56.99582019676061 56.38507032733711),0.2676858935739317,56.99582019676061,56.38507032733711
2025-09-02 13:55:12.984431,375,2,POINT (57.16247126142117 56.59582974480908),0.2686858935739289,57.16247126142117,56.59582974480908
2025-09-02 13:55:13.984431,376,2,POINT (57.324147679527464 56.8116797321176),0.2696858935739289,57.324147679527464,56.8116797321176
2025-09-02 13:55:14.984431,377,2,POINT (57.48069674336122 57.032503742570924),0.2706858935739306,57.48069674336122,57.032503742570924
2025-09-02 13:55:15.984431,378,2,POINT (57.63196845200318 57.258180712888255),0.2716858935739329,57.63196845200318,57.258180712888255
2025-09-02 13:55:16.984431,379,2,POINT (57.777815643407536 57.48858512541908),0.27268589357393097,57.777815643407536,57.48858512541908
2025-09-02 13:55:17.984431,380,2,POINT (57.924197688997026 57.71983448232715),0.27368589357393075,57.924197688997026,57.71983448232715
2025-09-02 13:55:18.984431,381,2,POINT (58.0604713098116 57.91205848373814),0.23562802560044993,58.0604713098116,57.91205848373814
2025-09-02 13:55:19.984431,382,2,POINT (58.207238644226905 58.09767144677734),0.23662802560044638,58.207238644226905,58.09767144677734
2025-09-02 13:55:20.984431,383,2,POINT (58.364179518687195 58.27609969699128),0.2376280256004517,58.364179518687195,58.27609969699128
2025-09-02 13:55:21.984431,384,2,POINT (58.5309423643812 58.446785044628406),0.23862802560044752,58.5309423643812,58.446785044628406
2025-09-02 13:55:22.984431,385,2,POINT (58.7071449654438 58.6091865040798),0.2396280256004522,58.7071449654438,58.6091865040798
2025-09-02 13:55:23.984431,386,2,POINT (58.89237530137105 58.76278197717928),0.2406280256004533,58.89237530137105,58.76278197717928
2025-09-02 13:55:24.984431,387,2,POINT (59.086192481901975 58.90706989519951),0.24162802560045002,59.086192481901975,58.90706989519951
2025-09-02 13:55:25.984431,388,2,POINT (59.28812777233782 59.041570814465366),0.24262802560044494,59.28812777233782,59.041570814465366
2025-09-02 13:55:26.984431,389,2,POINT (59.49768570699016 59.165828960605644),0.2436280256004473,59.49768570699016,59.165828960605644
2025-09-02 13:55:27.984431,390,2,POINT (59.711297742062676 59.28504628057784),0.24462802560044866,59.711297742062676,59.28504628057784
2025-09-02 13:55:28.984431,391,2,POINT (59.928842992748436 59.39909535275488),0.2456280256004462,59.928842992748436,59.39909535275488
2025-09-02 13:55:29.984431,392,2,POINT (60.15019667316174 59.50785164535012),0.24662802560045077,60.15019667316174,59.50785164535012
2025-09-02 13:55:30.984431,393,2,POINT (60.375230165200094 59.6111936335437),0.2476280256004528,60.375230165200094,59.6111936335437
2025-09-02 13:55:31.984431,394,2,POINT (60.60381109087023 59.70900291497323),0.2486280256004508,60.60381109087023,59.70900291497323
2025-09-02 13:55:32.984431,395,2,POINT (60.835803388039324 59.801164323487775),0.24962802560044617,60.835803388039324,59.801164323487775
2025-09-02 13:55:33.984431,396,2,POINT (61.071067389569855 59.88756604106459),0.25062802560045244,61.071067389569855,59.88756604106459
2025-09-02 13:55:34.984431,397,2,POINT (61.29846406567713 59.96438509737584),0.24002169842993032,61.29846406567713,59.96438509737584
2025-09-02 13:55:35.984431,398,2,POINT (61.52874916087884 60.03552041941763),0.2410216984299319,61.52874916087884,60.03552041941763
2025-09-02 13:55:36.984431,399,2,POINT (61.761780301041426 60.10087323286459),0.24202169842993268,61.761780301041426,60.10087323286459
2025-09-02 13:55:37.984431,400,2,POINT (61.997411915318146 60.16034833909497),0.24302169842993007,61.997411915318146,60.16034833909497
2025-09-02 13:55:38.984431,401,2,POINT (62.235495326227216 60.21385421498288),0.24402169842993307,62.235495326227216,60.21385421498288
2025-09-02 13:55:39.984431,402,2,POINT (62.47587884276677 60.261303110413294),0.24502169842992969,62.47587884276677,60.261303110413294
2025-09-02 13:55:40.984431,403,2,POINT (62.71724342962817 60.30894565765387),0.24602169842992624,62.71724342962817,60.30894565765387
2025-09-02 13:55:41.984431,404,2,POINT (62.95958908681143 60.356781856704615),0.24702169842992974,62.95958908681143,60.356781856704615
2025-09-02 13:55:42.984431,405,2,POINT (63.20291581431654 60.40481170756552),0.24802169842993327,63.20291581431654,60.40481170756552
2025-09-02 13:55:43.984431,406,2,POINT (63.4472236121435 60.45303521023659),0.24902169842992983,63.4472236121435,60.45303521023659
2025-09-02 13:55:44.984431,407,2,POINT (63.69116101257336 60.50785668739026),0.2500216984299291,63.69116101257336,60.50785668739026
2025-09-02 13:55:45.984431,408,2,POINT (63.93607407792335 60.562897431421554),0.25102169842993133,63.93607407792335,60.562897431421554
2025-09-02 13:55:46.984431,409,2,POINT (64.18196280819348 60.61815744233047),0.2520216984299319,64.18196280819348,60.61815744233047
2025-09-02 13:55:47.984431,410,2,POINT (64.36838242736512 60.6652110887085),0.19226627382245137,64.36838242736512,60.6652110887085
2025-09-02 13:55:48.984431,411,2,POINT (64.55577163738317 60.712509466757055),0.1932662738224498,64.55577163738317,60.712509466757055
2025-09-02 13:55:49.984431,412,2,POINT (64.74413043824764 60.760052576476134),0.1942662738224499,64.74413043824764,60.760052576476134
2025-09-02 13:55:50.984431,413,2,POINT (64.93345882995851 60.807840417865734),0.1952662738224483,64.93345882995851,60.807840417865734
2025-09-02 13:55:51.984431,414,2,POINT (65.1237568125158 60.85587299092586),0.1962662738224484,65.1237568125158,60.85587299092586
2025-09-02 13:55:52.984431,415,2,POINT (65.26861765187937 60.89649873478178),0.1504497053668298,65.26861765187937,60.89649873478178
2025-09-02 13:55:53.984431,416,2,POINT (65.4144413435065 60.937394507374265),0.15144970536683205,65.4144413435065,60.937394507374265
2025-09-02 13:55:54.984431,417,2,POINT (65.56122788739718 60.97856030870331),0.15244970536683242,65.56122788739718,60.97856030870331
2025-09-02 13:55:55.984431,418,2,POINT (65.70897728355142 61.01999613876891),0.15344970536683278,65.70897728355142,61.01999613876891
2025-09-02 13:55:56.984431,419,2,POINT (65.82204308527687 61.054922290679045),0.11833727902512223,65.82204308527687,61.054922290679045
2025-09-02 13:55:57.984431,420,2,POINT (65.93606434079219 61.09014358332757),0.11933727902512588,65.93606434079219,61.09014358332757
2025-09-02 13:55:58.984431,421,2,POINT (66.05104105009735 61.12566001671447),0.12033727902512745,66.05104105009735,61.12566001671447
2025-09-02 13:55:59.984431,422,2,POINT (66.16697321319238 61.16147159083976),0.12133727902513111,66.16697321319238,61.16147159083976
2025-09-02 13:56:00.984431,423,2,POINT (66.28287561200172 61.20062569393907),0.12233727902512108,66.28287561200172,61.20062569393907
2025-09-02 13:56:01.984431,424,2,POINT (66.37288146272024 61.23103143527641),0.09500295926885059,66.37288146272024,61.23103143527641
2025-09-02 13:56:02.984431,425,2,POINT (66.46383471393462 61.26175722707924),0.09600295926884564,66.46383471393462,61.26175722707924
2025-09-02 13:56:03.984431,426,2,POINT (66.55573536564484 61.29280306934756),0.09700295926884296,66.55573536564484,61.29280306934756
2025-09-02 13:56:04.984431,427,2,POINT (66.6270784895056 61.3190041387792),0.07600221945163665,66.6270784895056,61.3190041387792
2025-09-02 13:56:05.984431,428,2,POINT (66.69936031126724 61.34554994905683),0.07700221945162887,66.69936031126724,61.34554994905683
2025-09-02 13:56:06.984431,429,2,POINT (66.77258083092975 61.37244050018047),0.07800221945163688,66.77258083092975,61.37244050018047
2025-09-02 13:56:07.984431,430,2,POINT (66.84674004849313 61.3996757921501),0.0790022194516291,66.84674004849313,61.3996757921501
2025-09-02 13:56:08.984431,431,2,POINT (66.9048260935594 61.42275109160474),0.06250166458872121,66.9048260935594,61.42275109160474
2025-09-02 13:56:09.984431,432,2,POINT (66.9638414905949 61.44619558601773),0.06350166458873001,66.9638414905949,61.44619558601773
2025-09-02 13:56:10.984431,433,2,POINT (67.02378623959964 61.47000927538907),0.06450166458872299,67.02378623959964,61.47000927538907
2025-09-02 13:56:11.984431,434,2,POINT (67.08466034057363 61.49419215971876),0.06550166458873177,67.08466034057363,61.49419215971876
2025-09-02 13:56:12.984431,435,2,POINT (67.13281344528893 61.51479676859851),0.052376248441539396,67.13281344528893,61.51479676859851
2025-09-02 13:56:13.984431,436,2,POINT (67.18188591911043 61.535794773521175),0.053376248441547626,67.18188591911043,61.535794773521175
2025-09-02 13:56:14.984431,437,2,POINT (67.23187776203811 61.55718617448676),0.05437624844154279,67.23187776203811,61.55718617448676
2025-09-02 13:56:15.984431,438,2,POINT (67.272359593829 61.57450826235043),0.04403218633116168,67.272359593829,61.57450826235043
2025-09-02 13:56:16.984431,439,2,POINT (67.31376079472606 61.59222374625701),0.04503218633115684,67.31376079472606,61.59222374625701
2025-09-02 13:56:17.984431,440,2,POINT (67.35559282731262 61.611434244118975),0.04603218633116478,67.35559282731262,61.611434244118975
2025-09-02 13:56:18.984431,441,2,POINT (67.38992030925134 61.62719843193428),0.03777413974836836,67.38992030925134,61.62719843193428
2025-09-02 13:56:19.984431,442,2,POINT (67.42515654734353 61.64337994726307),0.03877413974836524,67.42515654734353,61.64337994726307
2025-09-02 13:56:20.984431,443,2,POINT (67.46130154158921 61.65997879010535),0.039774139748365085,67.46130154158921,61.65997879010535
2025-09-02 13:56:21.984431,444,2,POINT (67.49099205874535 61.6745664426129),0.03308060481128074,67.49099205874535,61.6745664426129
2025-09-02 13:56:22.984431,445,2,POINT (67.52158009628617 61.689595068089076),0.034080604811270905,67.52158009628617,61.689595068089076
2025-09-02 13:56:23.984431,446,2,POINT (67.54743806569205 61.702299699344245),0.028810453608457076,67.54743806569205,61.702299699344245
2025-09-02 13:56:24.984431,447,2,POINT (67.57419355548262 61.71544530356803),0.029810453608456865,67.57419355548262,61.71544530356803
2025-09-02 13:56:25.984431,448,2,POINT (67.59687363852116 61.72733543869757),0.025607840206344587,67.59687363852116,61.72733543869757
2025-09-02 13:56:26.984431,449,2,POINT (67.62043939105996 61.73968989003003),0.026607840206337965,67.62043939105996,61.73968989003003
2025-09-02 13:56:27.984431,450,2,POINT (67.64099213133994 61.750464756188855),0.023205880154758097,67.64099213133994,61.750464756188855
2025-09-02 13:56:28.984431,451,2,POINT (67.66243054112019 61.761703938550596),0.024205880154751475,67.66243054112019,61.761703938550596
2025-09-02 13:56:29.984431,452,2,POINT (67.68112112080009 61.772135189848804),0.021404410116071446,67.68112112080009,61.772135189848804
2025-09-02 13:56:30.984431,453,2,POINT (67.69797699333219 61.781542487281214),0.019303307587053748,67.69797699333219,61.781542487281214
2025-09-02 13:56:31.984431,454,2,POINT (67.7157060774865 61.79143712593171),0.020303307587053065,67.7157060774865,61.79143712593171
2025-09-02 13:56:32.984431,455,2,POINT (67.73184082837442 61.80044196387833),0.01847748069028737,67.73184082837442,61.80044196387833
2025-09-02 13:56:33.984431,456,2,POINT (67.74655646011284 61.809167651703675),0.017108110517715693,67.74655646011284,61.809167651703675
2025-09-02 13:56:34.984431,457,2,POINT (67.76038868860437 61.81736952233289),0.01608108288829092,67.76038868860437,61.81736952233289
2025-09-02 13:56:35.984431,458,2,POINT (67.7735583646607 61.82517853006501),0.015310812166215895,67.7735583646607,61.82517853006501
2025-09-02 13:56:36.984431,459,2,POINT (67.78623112639065 61.832692890624315),0.014733109124662342,67.78623112639065,61.832692890624315
2025-09-02 13:56:37.984431,460,2,POINT (67.7985312023758 61.839986265804),0.014299831843492648,67.7985312023758,61.839986265804
2025-09-02 13:56:38.984431,461,2,POINT (67.81036106514317 61.84742612110772),0.013974873882620939,67.81036106514317,61.84742612110772
2025-09-02 13:56:39.984431,462,2,POINT (67.82093179848736 61.85407410410478),0.012487436941313157,67.82093179848736,61.85407410410478
2025-09-02 13:56:40.984431,463,2,POINT (67.83161100419944 61.860790305874744),0.012615577705985379,67.83161100419944,61.860790305874744
2025-09-02 13:56:41.984431,464,2,POINT (67.84143843145371 61.86733595719138),0.01180778885299219,67.84143843145371,61.86733595719138
2025-09-02 13:56:42.984431,465,2,POINT (67.85034548501189 61.87326858486106),0.010701947213252896,67.85034548501189,61.87326858486106
2025-09-02 13:56:43.984431,466,2,POINT (67.85902244514604 61.879047956619),0.010425486803317088,67.85902244514604,61.879047956619
2025-09-02 13:56:44.984431,467,2,POINT (67.86734527965521 61.88459145963902),0.01000000000000308,67.86734527965521,61.88459145963902
2025-09-02 13:56:45.984431,468,2,POINT (67.87594683254044 61.88969178197813),0.010000000000007107,67.87594683254044,61.88969178197813
2025-09-02 13:56:46.984431,469,2,POINT (67.88480352754313 61.89433494400731),0.00999999999999731,67.88480352754313,61.89433494400731
2025-09-02 13:56:47.984431,470,2,POINT (67.89389108907793 61.89850821914219),0.010000000000005416,67.89389108907793,61.89850821914219
2025-09-02 13:56:48.984431,471,2,POINT (67.90318460877032 61.902200168725685),0.009999999999998226,67.90318460877032,61.902200168725685
2025-09-02 13:56:49.984431,472,2,POINT (67.91265861372882 61.905400673380626),0.01000000000000453,67.91265861372882,61.905400673380626
2025-09-02 13:56:50.984431,473,2,POINT (67.92221315162736 61.908352080764494),0.01000000000000736,67.92221315162736,61.908352080764494
2025-09-02 13:56:51.984431,474,2,POINT (67.93184167426291 61.911052368130086),0.010000000000005487,67.93184167426291,61.911052368130086
2025-09-02 13:56:52.984431,475,2,POINT (67.94153758272701 61.91349968483533),0.00999999999999435,67.94153758272701,61.91349968483533
2025-09-02 13:56:53.984431,476,2,POINT (67.9512334911911 61.91594700154057),0.00999999999999435,67.9512334911911,61.91594700154057
2025-09-02 13:56:54.984431,477,2,POINT (67.9609293996552 61.91839431824582),0.00999999999999435,67.9609293996552,61.91839431824582
2025-09-02 13:56:55.984431,478,2,POINT (67.9706253081193 61.92084163495106),0.00999999999999435,67.9706253081193,61.92084163495106
2025-09-02 13:56:56.984431,479,2,POINT (67.98025383075485 61.92354192231665),0.010000000000005487,67.98025383075485,61.92354192231665
2025-09-02 13:56:57.984431,480,2,POINT (67.98972783571335 61.92674242697159),0.01000000000000453,67.98972783571335,61.92674242697159
2025-09-02 13:56:58.984431,481,2,POINT (67.99902135540574 61.93043437655509),0.009999999999998226,67.99902135540574,61.93043437655509
2025-09-02 13:56:59.984431,482,2,POINT (68.00810891694054 61.934607651689966),0.010000000000005416,68.00810891694054,61.934607651689966
2025-09-02 13:57:00.984431,483,2,POINT (68.01696561194323 61.93925081371915),0.00999999999999731,68.01696561194323,61.93925081371915
2025-09-02 13:57:01.984431,484,2,POINT (68.02556716482846 61.94435113605826),0.010000000000007107,68.02556716482846,61.94435113605826
2025-09-02 13:57:02.984431,485,2,POINT (68.03388999933763 61.94989463907828),0.01000000000000308,68.03388999933763,61.94989463907828
2025-09-02 13:57:03.984431,486,2,POINT (68.04191130315988 61.95586612842277),0.01000000000000686,68.04191130315988,61.95586612842277
2025-09-02 13:57:04.984431,487,2,POINT (68.04960909045897 61.9622492366545),0.010000000000003883,68.04960909045897,61.9622492366545
2025-09-02 13:57:05.984431,488,2,POINT (68.05696226213499 61.96902646811749),0.00999999999999552,68.05696226213499,61.96902646811749
2025-09-02 13:57:06.984431,489,2,POINT (68.06395066365549 61.976179246891384),0.010000000000000396,68.06395066365549,61.976179246891384
2025-09-02 13:57:07.984431,490,2,POINT (68.07055514029766 61.98368796770674),0.009999999999996706,68.07055514029766,61.98368796770674
2025-09-02 13:57:08.984431,491,2,POINT (68.07675758965009 61.991532049681744),0.009999999999999504,68.07675758965009,61.991532049681744
2025-09-02 13:57:09.984431,492,2,POINT (68.08254101123023 61.999689992732925),0.01000000000000148,68.08254101123023,61.999689992732925
2025-09-02 13:57:10.984431,493,2,POINT (68.08788955308155 62.00813943650543),0.010000000000002224,68.08788955308155,62.00813943650543
2025-09-02 13:57:11.984431,494,2,POINT (68.0927885552226 62.0168572216612),0.010000000000003523,68.0927885552226,62.0168572216612
2025-09-02 13:57:12.984431,495,2,POINT (68.09722458982901 62.02581945335708),0.009999999999999011,68.09722458982901,62.02581945335708
2025-09-02 13:57:13.984431,496,2,POINT (68.1011854980383 62.035001566738956),0.010000000000003352,68.1011854980383,62.035001566738956
2025-09-02 13:57:14.984431,497,2,POINT (68.10466042327639 62.044378394272286),0.010000000000003579,68.10466042327639,62.044378394272286
2025-09-02 13:57:15.984431,498,2,POINT (68.10763984101472 62.053924234724576),0.010000000000002958,68.10763984101472,62.053924234724576
2025-09-02 13:57:16.984431,499,2,POINT (68.11011558487637 62.06361292361067),0.010000000000001062,68.11011558487637,62.06361292361067
2025-09-02 13:57:17.984431,500,2,POINT (68.11208086901951 62.073417904907785),0.010000000000002996,68.11208086901951,62.073417904907785
2025-09-02 13:57:18.984431,501,2,POINT (68.1135303067369 62.08331230384372),0.010000000000001447,68.1135303067369,62.08331230384372
2025-09-02 13:57:19.984431,502,2,POINT (68.11445992522052 62.09326900055874),0.010000000000000403,68.11445992522052,62.09326900055874
2025-09-02 13:57:20.984431,503,2,POINT (68.1148671764507 62.103260704439236),0.009999999999998984,68.1148671764507,62.103260704439236
2025-09-02 13:57:21.984431,504,2,POINT (68.11475094418016 62.113260028919385),0.010000000000000302,68.11475094418016,62.113260028919385
2025-09-02 13:57:22.984431,505,2,POINT (68.11411154699344 62.12323956654583),0.009999999999998092,68.11411154699344,62.12323956654583
2025-09-02 13:57:23.984431,506,2,POINT (68.1129507374338 62.1331719640996),0.009999999999999601,68.1129507374338,62.1331719640996
2025-09-02 13:57:24.984431,507,2,POINT (68.11127169719957 62.14302999756941),0.009999999999998241,68.11127169719957,62.14302999756941
2025-09-02 13:57:25.984431,508,2,POINT (68.1090790284233 62.15278664677073),0.010000000000004759,68.1090790284233,62.15278664677073
2025-09-02 13:57:26.984431,509,2,POINT (68.1063787410577 62.16241516940627),0.010000000000000564,68.1063787410577,62.16241516940627
2025-09-02 13:57:27.984431,510,2,POINT (68.10317823640275 62.17188917436477),0.009999999999997797,68.10317823640275,62.17188917436477
2025-09-02 13:57:28.984431,511,2,POINT (68.09948628681926 62.18118269405716),0.009999999999998226,68.09948628681926,62.18118269405716
2025-09-02 13:57:29.984431,512,2,POINT (68.09531301168438 62.190270255591955),0.009999999999998958,68.09531301168438,62.190270255591955
2025-09-02 13:57:30.984431,513,2,POINT (68.0906698496552 62.19912695059465),0.010000000000003603,68.0906698496552,62.19912695059465
2025-09-02 13:57:31.984431,514,2,POINT (68.0855695273161 62.20772850347987),0.009999999999997372,68.0855695273161,62.20772850347987
2025-09-02 13:57:32.984431,515,2,POINT (68.08002602429607 62.216051337989036),0.009999999999997166,68.08002602429607,62.216051337989036
2025-09-02 13:57:33.984431,516,2,POINT (68.07405453495159 62.224072641811276),0.01000000000000116,68.07405453495159,62.224072641811276
2025-09-02 13:57:34.984431,517,2,POINT (68.06767142671985 62.23177042911037),0.010000000000003883,68.06767142671985,62.23177042911037
2025-09-02 13:57:35.984431,518,2,POINT (68.06089419525686 62.23912360078639),0.010000000000000744,68.06089419525686,62.23912360078639
2025-09-02 13:57:36.984431,519,2,POINT (68.05374141648296 62.246112002306894),0.010000000000005477,68.05374141648296,62.246112002306894
2025-09-02 13:57:37.984431,520,2,POINT (68.0462326956676 62.25271647894906),0.01000000000000204,68.0462326956676,62.25271647894906
2025-09-02 13:57:38.984431,521,2,POINT (68.0383886136926 62.2589189283015),0.009999999999998337,68.0383886136926,62.2589189283015
2025-09-02 13:57:39.984431,522,2,POINT (68.03023067064143 62.264702349881645),0.009999999999995684,68.03023067064143,62.264702349881645
2025-09-02 13:57:40.984431,523,2,POINT (68.02178122686892 62.270050891732964),0.010000000000002224,68.02178122686892,62.270050891732964
2025-09-02 13:57:41.984431,524,2,POINT (68.01306344171316 62.274949893874),0.010000000000000042,68.01306344171316,62.274949893874
2025-09-02 13:57:42.984431,525,2,POINT (68.00410121001728 62.27938592848042),0.009999999999995795,68.00410121001728,62.27938592848042
2025-09-02 13:57:43.984431,526,2,POINT (67.99491909663541 62.28334683668971),0.009999999999994012,67.99491909663541,62.28334683668971
2025-09-02 13:57:44.984431,527,2,POINT (67.98554226910208 62.28682176192779),0.010000000000003579,67.98554226910208,62.28682176192779
2025-09-02 13:57:45.984431,528,2,POINT (67.9759964286498 62.289801179666114),0.010000000000000842,67.9759964286498,62.289801179666114
2025-09-02 13:57:46.984431,529,2,POINT (67.9663077397637 62.292276923527766),0.009999999999994177,67.9663077397637,62.292276923527766
2025-09-02 13:57:47.984431,530,2,POINT (67.9565027584666 62.294242207670905),0.00999999999999603,67.9565027584666,62.294242207670905
2025-09-02 13:57:48.984431,531,2,POINT (67.94660835953067 62.2956916453883),0.009999999999994416,67.94660835953067,62.2956916453883
2025-09-02 13:57:49.984431,532,2,POINT (67.93665166281565 62.29662126387192),0.010000000000001064,67.93665166281565,62.29662126387192
2025-09-02 13:57:50.984431,533,2,POINT (67.92665995893515 62.29702851510211),0.010000000000006374,67.92665995893515,62.29702851510211
2025-09-02 13:57:51.984431,534,2,POINT (67.916660634455 62.29691228283156),0.010000000000000385,67.916660634455,62.29691228283156
2025-09-02 13:57:52.984431,535,2,POINT (67.90668109682855 62.29627288564485),0.010000000000004727,67.90668109682855,62.29627288564485
2025-09-02 13:57:53.984431,536,2,POINT (67.89674869927477 62.29511207608522),0.010000000000006658,67.89674869927477,62.29511207608522
2025-09-02 13:57:54.984431,537,2,POINT (67.88689066580496 62.29343303585098),0.010000000000005244,67.88689066580496,62.29343303585098
2025-09-02 13:57:55.984431,538,2,POINT (67.8768901003736 62.29118555035531),0.010250000000003354,67.8768901003736,62.29118555035531
2025-09-02 13:57:56.984431,539,2,POINT (67.86665979507333 62.28831649502936),0.010625000000001779,67.86665979507333,62.28831649502936
2025-09-02 13:57:57.984431,540,2,POINT (67.85603114576051 62.2847259288696),0.011218750000003578,67.85603114576051,62.2847259288696
2025-09-02 13:57:58.984431,541,2,POINT (67.8451911263068 62.28041961580072),0.011664062500004796,67.8451911263068,62.28041961580072
2025-09-02 13:57:59.984431,542,2,POINT (67.83428782737941 62.27541250073167),0.011998046874999441,67.83428782737941,62.27541250073167
2025-09-02 13:58:00.984431,543,2,POINT (67.82343967336854 62.26972530739661),0.012248535156251267,67.82343967336854,62.26972530739661
2025-09-02 13:58:01.984431,544,2,POINT (67.81274243696238 62.26338234182549),0.012436401367183797,67.81274243696238,62.26338234182549
2025-09-02 13:58:02.984431,545,2,POINT (67.80227455746176 62.25641011120369),0.01257730102538375,67.80227455746176,62.25641011120369
2025-09-02 13:58:03.984431,546,2,POINT (67.79210115726039 62.24883648573757),0.012682975769048562,67.79210115726039,62.24883648573757
2025-09-02 13:58:04.984431,547,2,POINT (67.78227706265396 62.2406902150347),0.01276223182678365,67.78227706265396,62.2406902150347
2025-09-02 13:58:05.984431,548,2,POINT (67.77215745732721 62.23136323198095),0.013762231826780992,67.77215745732721,62.23136323198095
2025-09-02 13:58:06.984431,549,2,POINT (67.76516905580671 62.22421045320706),0.010000000000000396,67.76516905580671,62.22421045320706
2025-09-02 13:58:07.984431,550,2,POINT (67.75856457916454 62.2167017323917),0.009999999999996706,67.75856457916454,62.2167017323917
2025-09-02 13:58:08.984431,551,2,POINT (67.75236212981211 62.2088576504167),0.009999999999999504,67.75236212981211,62.2088576504167
2025-09-02 13:58:09.984431,552,2,POINT (67.74657870823197 62.200699707365516),0.01000000000000148,67.74657870823197,62.200699707365516
2025-09-02 13:58:10.984431,553,2,POINT (67.74123016638065 62.19225026359301),0.010000000000002224,67.74123016638065,62.19225026359301
2025-09-02 13:58:11.984431,554,2,POINT (67.7363311642396 62.18353247843724),0.010000000000003523,67.7363311642396,62.18353247843724
2025-09-02 13:58:12.984431,555,2,POINT (67.73189512963319 62.17457024674136),0.009999999999999011,67.73189512963319,62.17457024674136
2025-09-02 13:58:13.984431,556,2,POINT (67.7279342214239 62.165388133359485),0.010000000000003352,67.7279342214239,62.165388133359485
2025-09-02 13:58:14.984431,557,2,POINT (67.72445929618581 62.156011305826155),0.010000000000003579,67.72445929618581,62.156011305826155
2025-09-02 13:58:15.984431,558,2,POINT (67.72147987844748 62.146465465373865),0.010000000000002958,67.72147987844748,62.146465465373865
2025-09-02 13:58:16.984431,559,2,POINT (67.71900413458583 62.13677677648777),0.010000000000001062,67.71900413458583,62.13677677648777
2025-09-02 13:58:17.984431,560,2,POINT (67.71703885044269 62.126971795190656),0.010000000000002996,67.71703885044269,62.126971795190656
2025-09-02 13:58:18.984431,561,2,POINT (67.7155894127253 62.11707739625472),0.010000000000001447,67.7155894127253,62.11707739625472
2025-09-02 13:58:19.984431,562,2,POINT (67.71465979424168 62.1071206995397),0.010000000000000403,67.71465979424168,62.1071206995397
2025-09-02 13:58:20.984431,563,2,POINT (67.71424236173074 62.096879203062194),0.010249999999997109,67.71424236173074,62.096879203062194
2025-09-02 13:58:21.984431,564,2,POINT (67.71436222625974 62.08656739969204),0.010312499999998097,67.71436222625974,62.08656739969204
2025-09-02 13:58:22.984431,565,2,POINT (67.71504358388682 62.075932954908865),0.010656249999998497,67.71504358388682,62.075932954908865
2025-09-02 13:58:23.984431,566,2,POINT (67.71630052298812 62.06517803068267),0.01082812500000028,67.71630052298812,62.06517803068267
2025-09-02 13:58:24.984431,567,2,POINT (67.71813303799377 62.05441891134101),0.010914062500001006,67.71813303799377,62.05441891134101
2025-09-02 13:58:25.984431,568,2,POINT (67.72053555202402 62.043728520321594),0.010957031250004272,67.72053555202402,62.043728520321594
2025-09-02 13:58:26.984431,569,2,POINT (67.72350006672754 62.033157831701594),0.010978515625000634,67.72350006672754,62.033157831701594
2025-09-02 13:58:27.984431,570,2,POINT (67.72701718380587 62.02274660340101),0.010989257812498394,67.72701718380587,62.02274660340101
2025-09-02 13:58:28.984431,571,2,POINT (67.7312599513558 62.01206654320959),0.011491943359372614,67.7312599513558,62.01206654320959
2025-09-02 13:58:29.984431,572,2,POINT (67.73595320475363 62.00184669724382),0.011245971679688547,67.73595320475363,62.00184669724382
2025-09-02 13:58:30.984431,573,2,POINT (67.74111778730389 61.99199540793354),0.011122985839845575,67.74111778730389,61.99199540793354
2025-09-02 13:58:31.984431,574,2,POINT (67.74675950524824 61.98248080629952),0.01106149291992506,67.74675950524824,61.98248080629952
2025-09-02 13:58:32.984431,575,2,POINT (67.75287440287963 61.97330009856964),0.011030746459960087,67.75287440287963,61.97330009856964
2025-09-02 13:58:33.984431,576,2,POINT (67.75945222126646 61.964464333030335),0.011015373229975001,67.75945222126646,61.964464333030335
2025-09-02 13:58:34.984431,577,2,POINT (67.7664785467709 61.95599085000861),0.011007686614988996,67.7664785467709,61.95599085000861
2025-09-02 13:58:35.984431,578,2,POINT (67.77393610607864 61.947899535115006),0.01100384330749519,67.77393610607864,61.947899535115006
2025-09-02 13:58:36.984431,579,2,POINT (67.78144721104944 61.940561042054085),0.010500960826876798,67.78144721104944,61.940561042054085
2025-09-02 13:58:37.984431,580,2,POINT (67.78923768925989 61.93370873889387),0.010375240206714948,67.78923768925989,61.93370873889387
2025-09-02 13:58:38.984431,581,2,POINT (67.79735145865781 61.927293043098196),0.010343810051683111,67.79735145865781,61.927293043098196
2025-09-02 13:58:39.984431,582,2,POINT (67.80578346985583 61.92131532601673),0.010335952512923153,67.80578346985583,61.92131532601673
2025-09-02 13:58:40.984431,583,2,POINT (67.81423291362833 61.91596678416541),0.010000000000002224,67.81423291362833,61.91596678416541
2025-09-02 13:58:41.984431,584,2,POINT (67.8229506987841 61.911067782024375),0.010000000000000042,67.8229506987841,61.911067782024375
2025-09-02 13:58:42.984431,585,2,POINT (67.83191293047997 61.906631747417954),0.009999999999995795,67.83191293047997,61.906631747417954
2025-09-02 13:58:43.984431,586,2,POINT (67.84109504386184 61.90267083920867),0.009999999999994012,67.84109504386184,61.90267083920867
2025-09-02 13:58:44.984431,587,2,POINT (67.85047187139517 61.89919591397059),0.010000000000003579,67.85047187139517,61.89919591397059
2025-09-02 13:58:45.984431,588,2,POINT (67.86001771184746 61.89621649623226),0.010000000000000842,67.86001771184746,61.89621649623226
2025-09-02 13:58:46.984431,589,2,POINT (67.86970640073355 61.89374075237061),0.009999999999994177,67.86970640073355,61.89374075237061
2025-09-02 13:58:47.984431,590,2,POINT (67.87951138203066 61.89177546822747),0.00999999999999603,67.87951138203066,61.89177546822747
2025-09-02 13:58:48.984431,591,2,POINT (67.88940578096658 61.890326030510074),0.009999999999994416,67.88940578096658,61.890326030510074
2025-09-02 13:58:49.984431,592,2,POINT (67.8993624776816 61.88939641202646),0.010000000000001064,67.8993624776816,61.88939641202646
2025-09-02 13:58:50.984431,593,2,POINT (67.90935418156211 61.888989160796264),0.010000000000006374,67.90935418156211,61.888989160796264
2025-09-02 13:58:51.984431,594,2,POINT (67.91935350604226 61.889105393066814),0.010000000000000385,67.91935350604226,61.889105393066814
2025-09-02 13:58:52.984431,595,2,POINT (67.9293330436687 61.88974479025352),0.010000000000004727,67.9293330436687,61.88974479025352
2025-09-02 13:58:53.984431,596,2,POINT (67.93926544122249 61.89090559981316),0.010000000000006658,67.93926544122249,61.89090559981316
2025-09-02 13:58:54.984431,597,2,POINT (67.9491234746923 61.892584640047396),0.010000000000005244,67.9491234746923,61.892584640047396
2025-09-02 13:58:55.984431,598,2,POINT (67.95888012389362 61.89477730882366),0.0100000000000032,67.95888012389362,61.89477730882366
2025-09-02 13:58:56.984431,599,2,POINT (67.96850864652917 61.897477596189255),0.010000000000005487,67.96850864652917,61.897477596189255
2025-09-02 13:58:57.984431,600,2,POINT (67.97798265148768 61.900678100844196),0.01000000000000453,67.97798265148768,61.900678100844196
2025-09-02 13:58:58.984431,601,2,POINT (67.98727617118007 61.904370050427694),0.009999999999998226,67.98727617118007,61.904370050427694
2025-09-02 13:58:59.984431,602,2,POINT (67.99636373271487 61.90854332556257),0.010000000000005416,67.99636373271487,61.90854332556257
2025-09-02 13:59:00.984431,603,2,POINT (68.00522042771756 61.91318648759175),0.00999999999999731,68.00522042771756,61.91318648759175
2025-09-02 13:59:01.984431,604,2,POINT (68.01382198060278 61.91828680993086),0.010000000000007107,68.01382198060278,61.91828680993086
2025-09-02 13:59:02.984431,605,2,POINT (68.02214481511196 61.923830312950884),0.01000000000000308,68.02214481511196,61.923830312950884
2025-09-02 13:59:03.984431,606,2,POINT (68.0301661189342 61.92980180229537),0.01000000000000686,68.0301661189342,61.92980180229537
2025-09-02 13:59:04.984431,607,2,POINT (68.0378639062333 61.9361849105271),0.010000000000003883,68.0378639062333,61.9361849105271
2025-09-02 13:59:05.984431,608,2,POINT (68.04521707790931 61.942962141990094),0.00999999999999552,68.04521707790931,61.942962141990094
2025-09-02 13:59:06.984431,609,2,POINT (68.05220547942982 61.95011492076399),0.010000000000000396,68.05220547942982,61.95011492076399
2025-09-02 13:59:07.984431,610,2,POINT (68.05880995607198 61.957623641579346),0.009999999999996706,68.05880995607198,61.957623641579346
2025-09-02 13:59:08.984431,611,2,POINT (68.06501240542441 61.96546772355435),0.009999999999999504,68.06501240542441,61.96546772355435
2025-09-02 13:59:09.984431,612,2,POINT (68.07079582700456 61.97362566660553),0.01000000000000148,68.07079582700456,61.97362566660553
2025-09-02 13:59:10.984431,613,2,POINT (68.07614436885588 61.982075110378034),0.010000000000002224,68.07614436885588,61.982075110378034
2025-09-02 13:59:11.984431,614,2,POINT (68.08104337099692 61.9907928955338),0.010000000000003523,68.08104337099692,61.9907928955338
2025-09-02 13:59:12.984431,615,2,POINT (68.08547940560334 61.99975512722968),0.009999999999999011,68.08547940560334,61.99975512722968
2025-09-02 13:59:13.984431,616,2,POINT (68.08944031381263 62.00893724061156),0.010000000000003352,68.08944031381263,62.00893724061156
2025-09-02 13:59:14.984431,617,2,POINT (68.09291523905071 62.01831406814489),0.010000000000003579,68.09291523905071,62.01831406814489
2025-09-02 13:59:15.984431,618,2,POINT (68.09589465678904 62.02785990859718),0.010000000000002958,68.09589465678904,62.02785990859718
2025-09-02 13:59:16.984431,619,2,POINT (68.0983704006507 62.03754859748327),0.010000000000001062,68.0983704006507,62.03754859748327
2025-09-02 13:59:17.984431,620,2,POINT (68.10033568479383 62.04735357878039),0.010000000000002996,68.10033568479383,62.04735357878039
2025-09-02 13:59:18.984431,621,2,POINT (68.10178512251123 62.05724797771632),0.010000000000001447,68.10178512251123,62.05724797771632
2025-09-02 13:59:19.984431,622,2,POINT (68.10271474099484 62.067204674431345),0.010000000000000403,68.10271474099484,62.067204674431345
2025-09-02 13:59:20.984431,623,2,POINT (68.10312199222503 62.07719637831184),0.009999999999998984,68.10312199222503,62.07719637831184
2025-09-02 13:59:21.984431,624,2,POINT (68.10300575995448 62.08719570279199),0.010000000000000302,68.10300575995448,62.08719570279199
2025-09-02 13:59:22.984431,625,2,POINT (68.10236636276777 62.09717524041843),0.009999999999998092,68.10236636276777,62.09717524041843
2025-09-02 13:59:23.984431,626,2,POINT (68.10120555320813 62.107107637972206),0.009999999999999601,68.10120555320813,62.107107637972206
2025-09-02 13:59:24.984431,627,2,POINT (68.0995265129739 62.11696567144201),0.009999999999998241,68.0995265129739,62.11696567144201
2025-09-02 13:59:25.984431,628,2,POINT (68.09733384419762 62.12672232064333),0.010000000000004759,68.09733384419762,62.12672232064333
2025-09-02 13:59:26.984431,629,2,POINT (68.09463355683202 62.136350843278876),0.010000000000000564,68.09463355683202,62.136350843278876
2025-09-02 13:59:27.984431,630,2,POINT (68.09143305217708 62.145824848237375),0.009999999999997797,68.09143305217708,62.145824848237375
2025-09-02 13:59:28.984431,631,2,POINT (68.08774110259358 62.15511836792977),0.009999999999998226,68.08774110259358,62.15511836792977
2025-09-02 13:59:29.984431,632,2,POINT (68.08356782745871 62.16420592946456),0.009999999999998958,68.08356782745871,62.16420592946456
2025-09-02 13:59:30.984431,633,2,POINT (68.07892466542953 62.173062624467256),0.010000000000003603,68.07892466542953,62.173062624467256
2025-09-02 13:59:31.984431,634,2,POINT (68.07382434309042 62.181664177352474),0.009999999999997372,68.07382434309042,62.181664177352474
2025-09-02 13:59:32.984431,635,2,POINT (68.0682808400704 62.18998701186164),0.009999999999997166,68.0682808400704,62.18998701186164
2025-09-02 13:59:33.984431,636,2,POINT (68.06230935072591 62.19800831568388),0.01000000000000116,68.06230935072591,62.19800831568388
2025-09-02 13:59:34.984431,637,2,POINT (68.05592624249418 62.20570610298297),0.010000000000003883,68.05592624249418,62.20570610298297
2025-09-02 13:59:35.984431,638,2,POINT (68.04914901103119 62.213059274658995),0.010000000000000744,68.04914901103119,62.213059274658995
2025-09-02 13:59:36.984431,639,2,POINT (68.04199623225729 62.2200476761795),0.010000000000005477,68.04199623225729,62.2200476761795
2025-09-02 13:59:37.984431,640,2,POINT (68.03448751144192 62.226652152821664),0.01000000000000204,68.03448751144192,62.226652152821664
2025-09-02 13:59:38.984431,641,2,POINT (68.02664342946693 62.2328546021741),0.009999999999998337,68.02664342946693,62.2328546021741
2025-09-02 13:59:39.984431,642,2,POINT (68.01848548641576 62.23863802375425),0.009999999999995684,68.01848548641576,62.23863802375425
2025-09-02 13:59:40.984431,643,2,POINT (68.01003604264325 62.24398656560556),0.009999999999998423,68.01003604264325,62.24398656560556
2025-09-02 13:59:41.984431,644,2,POINT (68.00131825748748 62.2488855677466),0.010000000000000042,68.00131825748748,62.2488855677466
2025-09-02 13:59:42.984431,645,2,POINT (67.99235602579161 62.25332160235302),0.009999999999995795,67.99235602579161,62.25332160235302
2025-09-02 13:59:43.984431,646,2,POINT (67.98317391240974 62.257282510562305),0.009999999999994012,67.98317391240974,62.257282510562305
2025-09-02 13:59:44.984431,647,2,POINT (67.97379708487641 62.260757435800386),0.010000000000003579,67.97379708487641,62.260757435800386
2025-09-02 13:59:45.984431,648,2,POINT (67.96425124442412 62.26373685353871),0.010000000000000842,67.96425124442412,62.26373685353871
2025-09-02 13:59:46.984431,649,2,POINT (67.95456255553803 62.26621259740036),0.009999999999994177,67.95456255553803,62.26621259740036
2025-09-02 13:59:47.984431,650,2,POINT (67.94475757424092 62.2681778815435),0.00999999999999603,67.94475757424092,62.2681778815435
2025-09-02 13:59:48.984431,651,2,POINT (67.934863175305 62.2696273192609),0.009999999999994416,67.934863175305,62.2696273192609
2025-09-02 13:59:49.984431,652,2,POINT (67.92490647858997 62.270556937744516),0.010000000000001064,67.92490647858997,62.270556937744516
2025-09-02 13:59:50.984431,653,2,POINT (67.91491477470947 62.27096418897471),0.010000000000006374,67.91491477470947,62.27096418897471
2025-09-02 13:59:51.984431,654,2,POINT (67.90491545022932 62.27084795670416),0.010000000000000385,67.90491545022932,62.27084795670416
2025-09-02 13:59:52.984431,655,2,POINT (67.89493591260288 62.27020855951745),0.010000000000004727,67.89493591260288,62.27020855951745
2025-09-02 13:59:53.984431,656,2,POINT (67.88500351504909 62.269047749957814),0.010000000000006658,67.88500351504909,62.269047749957814
2025-09-02 13:59:54.984431,657,2,POINT (67.87514548157928 62.26736870972358),0.010000000000005244,67.87514548157928,62.26736870972358
2025-09-02 13:59:55.984431,658,2,POINT (67.86538883237796 62.26517604094731),0.0100000000000032,67.86538883237796,62.26517604094731
2025-09-02 13:59:56.984431,659,2,POINT (67.85576030974241 62.26247575358172),0.010000000000005487,67.85576030974241,62.26247575358172
2025-09-02 13:59:57.984431,660,2,POINT (67.8462863047839 62.25927524892678),0.01000000000000453,67.8462863047839,62.25927524892678
2025-09-02 13:59:58.984431,661,2,POINT (67.83699278509151 62.25558329934328),0.009999999999998226,67.83699278509151,62.25558329934328
2025-09-02 13:59:59.984431,662,2,POINT (67.82790522355671 62.251410024208404),0.010000000000005416,67.82790522355671,62.251410024208404
2025-09-02 14:00:00.984431,663,2,POINT (67.81904852855402 62.24676686217922),0.00999999999999731,67.81904852855402,62.24676686217922
2025-09-02 14:00:01.984431,664,2,POINT (67.8104469756688 62.24166653984011),0.010000000000007107,67.8104469756688,62.24166653984011
2025-09-02 14:00:02.984431,665,2,POINT (67.80212414115962 62.23612303682009),0.01000000000000308,67.80212414115962,62.23612303682009
2025-09-02 14:00:03.984431,666,2,POINT (67.79410283733738 62.2301515474756),0.01000000000000686,67.79410283733738,62.2301515474756
2025-09-02 14:00:04.984431,667,2,POINT (67.78640505003828 62.22376843924387),0.010000000000003883,67.78640505003828,62.22376843924387
2025-09-02 14:00:05.984431,668,2,POINT (67.77905187836227 62.21699120778088),0.00999999999999552,67.77905187836227,62.21699120778088
2025-09-02 14:00:06.984431,669,2,POINT (67.77206347684177 62.209838429006986),0.010000000000000396,67.77206347684177,62.209838429006986
2025-09-02 14:00:07.984431,670,2,POINT (67.7654590001996 62.20232970819163),0.009999999999996706,67.7654590001996,62.20232970819163
2025-09-02 14:00:08.984431,671,2,POINT (67.75925655084717 62.194485626216625),0.009999999999999504,67.75925655084717,62.194485626216625
2025-09-02 14:00:09.984431,672,2,POINT (67.75347312926702 62.186327683165445),0.01000000000000148,67.75347312926702,62.186327683165445
2025-09-02 14:00:10.984431,673,2,POINT (67.7481245874157 62.17787823939294),0.010000000000002224,67.7481245874157,62.17787823939294
2025-09-02 14:00:11.984431,674,2,POINT (67.74322558527466 62.16916045423717),0.010000000000003523,67.74322558527466,62.16916045423717
2025-09-02 14:00:12.984431,675,2,POINT (67.73878955066824 62.16019822254129),0.009999999999999011,67.73878955066824,62.16019822254129
2025-09-02 14:00:13.984431,676,2,POINT (67.73482864245895 62.151016109159414),0.010000000000003352,67.73482864245895,62.151016109159414
2025-09-02 14:00:14.984431,677,2,POINT (67.73135371722087 62.141639281626084),0.010000000000003579,67.73135371722087,62.141639281626084
2025-09-02 14:00:15.984431,678,2,POINT (67.72837429948254 62.132093441173794),0.010000000000002958,67.72837429948254,62.132093441173794
2025-09-02 14:00:16.984431,679,2,POINT (67.72589855562089 62.1224047522877),0.010000000000001062,67.72589855562089,62.1224047522877
2025-09-02 14:00:17.984431,680,2,POINT (67.72393327147775 62.112599770990585),0.010000000000002996,67.72393327147775,62.112599770990585
2025-09-02 14:00:18.984431,681,2,POINT (67.72248383376035 62.10270537205465),0.010000000000001447,67.72248383376035,62.10270537205465
2025-09-02 14:00:19.984431,682,2,POINT (67.72155421527674 62.09274867533963),0.010000000000000403,67.72155421527674,62.09274867533963
2025-09-02 14:00:20.984431,683,2,POINT (67.72114696404655 62.08275697145913),0.009999999999998984,67.72114696404655,62.08275697145913
2025-09-02 14:00:21.984431,684,2,POINT (67.7212631963171 62.072757646978985),0.010000000000000302,67.7212631963171,62.072757646978985
2025-09-02 14:00:22.984431,685,2,POINT (67.72190259350381 62.06277810935254),0.009999999999998092,67.72190259350381,62.06277810935254
2025-09-02 14:00:23.984431,686,2,POINT (67.72306340306345 62.05284571179877),0.009999999999999601,67.72306340306345,62.05284571179877
2025-09-02 14:00:24.984431,687,2,POINT (67.72474244329769 62.04298767832896),0.009999999999998241,67.72474244329769,62.04298767832896
2025-09-02 14:00:25.984431,688,2,POINT (67.72698992879336 62.032987112897615),0.010249999999996422,67.72698992879336,62.032987112897615
2025-09-02 14:00:26.984431,689,2,POINT (67.72977460013912 62.02305769892971),0.010312499999995832,67.72977460013912,62.02305769892971
2025-09-02 14:00:27.984431,690,2,POINT (67.73308012135305 62.01327282818351),0.010328125000000386,67.73308012135305,62.01327282818351
2025-09-02 14:00:28.984431,691,2,POINT (67.73701723946358 62.00336216069904),0.010664062500002604,67.73701723946358,62.00336216069904
2025-09-02 14:00:29.984431,692,2,POINT (67.74136412936481 61.99389654240508),0.010416015625003957,67.74136412936481,61.99389654240508
2025-09-02 14:00:30.984431,693,2,POINT (67.74633603089313 61.9844127864769),0.010708007812502534,67.74633603089313,61.9844127864769
2025-09-02 14:00:31.984431,694,2,POINT (67.75165413799228 61.975443945603494),0.010427001953124451,67.75165413799228,61.975443945603494
2025-09-02 14:00:32.984431,695,2,POINT (67.75759317049413 61.96652727603932),0.010713500976559829,67.75759317049413,61.96652727603932
2025-09-02 14:00:33.984431,696,2,POINT (67.7638204636592 61.958162359418765),0.010428375244139625,67.7638204636592,61.958162359418765
2025-09-02 14:00:34.984431,697,2,POINT (67.7704315087354 61.95018968889936),0.01035709381103391,67.7704315087354,61.95018968889936
2025-09-02 14:00:35.984431,698,2,POINT (67.77743867367025 61.94258704362901),0.01033927345275641,67.77743867367025,61.94258704362901
2025-09-02 14:00:36.984431,699,2,POINT (67.78483094061228 61.93536465759267),0.010334818363193448,67.78483094061228,61.93536465759267
2025-09-02 14:00:37.984431,700,2,POINT (67.79259023088835 61.92853978653297),0.01033370459079559,67.79259023088835,61.92853978653297
2025-09-02 14:00:38.984431,701,2,POINT (67.80043431286335 61.92233733718054),0.009999999999998337,67.80043431286335,61.92233733718054
2025-09-02 14:00:39.984431,702,2,POINT (67.80859225591452 61.91655391560039),0.009999999999995684,67.80859225591452,61.91655391560039
2025-09-02 14:00:40.984431,703,2,POINT (67.81704169968702 61.91120537374908),0.009999999999998423,67.81704169968702,61.91120537374908
2025-09-02 14:00:41.984431,704,2,POINT (67.82575948484279 61.90630637160804),0.010000000000000042,67.82575948484279,61.90630637160804
2025-09-02 14:00:42.984431,705,2,POINT (67.83472171653867 61.90187033700162),0.009999999999995795,67.83472171653867,61.90187033700162
2025-09-02 14:00:43.984431,706,2,POINT (67.84390382992054 61.89790942879233),0.009999999999994012,67.84390382992054,61.89790942879233
2025-09-02 14:00:44.984431,707,2,POINT (67.85328065745387 61.89443450355425),0.010000000000003579,67.85328065745387,61.89443450355425
2025-09-02 14:00:45.984431,708,2,POINT (67.86282649790616 61.89145508581593),0.010000000000000842,67.86282649790616,61.89145508581593
2025-09-02 14:00:46.984431,709,2,POINT (67.87251518679224 61.888979341954276),0.009999999999994177,67.87251518679224,61.888979341954276
2025-09-02 14:00:47.984431,710,2,POINT (67.88232016808935 61.887014057811136),0.00999999999999603,67.88232016808935,61.887014057811136
2025-09-02 14:00:48.984431,711,2,POINT (67.89221456702528 61.88556462009374),0.009999999999994416,67.89221456702528,61.88556462009374
2025-09-02 14:00:49.984431,712,2,POINT (67.9021712637403 61.88463500161012),0.010000000000001064,67.9021712637403,61.88463500161012
2025-09-02 14:00:50.984431,713,2,POINT (67.9121629676208 61.88422775037993),0.010000000000006374,67.9121629676208,61.88422775037993
2025-09-02 14:00:51.984431,714,2,POINT (67.92216229210095 61.88434398265048),0.010000000000000385,67.92216229210095,61.88434398265048
2025-09-02 14:00:52.984431,715,2,POINT (67.9321418297274 61.88498337983719),0.010000000000004727,67.9321418297274,61.88498337983719
2025-09-02 14:00:53.984431,716,2,POINT (67.94207422728118 61.88614418939682),0.010000000000006658,67.94207422728118,61.88614418939682
2025-09-02 14:00:54.984431,717,2,POINT (67.951932260751 61.88782322963106),0.010000000000005244,67.951932260751,61.88782322963106
2025-09-02 14:00:55.984431,718,2,POINT (67.96168890995231 61.89001589840733),0.0100000000000032,67.96168890995231,61.89001589840733
2025-09-02 14:00:56.984431,719,2,POINT (67.97131743258787 61.89271618577292),0.010000000000005487,67.97131743258787,61.89271618577292
2025-09-02 14:00:57.984431,720,2,POINT (67.98079143754637 61.89591669042786),0.01000000000000453,67.98079143754637,61.89591669042786
2025-09-02 14:00:58.984431,721,2,POINT (67.99008495723876 61.89960864001136),0.009999999999998226,67.99008495723876,61.89960864001136
2025-09-02 14:00:59.984431,722,2,POINT (67.99917251877356 61.90378191514623),0.010000000000005416,67.99917251877356,61.90378191514623
2025-09-02 14:01:00.984431,723,2,POINT (68.00802921377625 61.908425077175416),0.00999999999999731,68.00802921377625,61.908425077175416
2025-09-02 14:01:01.984431,724,2,POINT (68.01663076666148 61.913525399514526),0.010000000000007107,68.01663076666148,61.913525399514526
2025-09-02 14:01:02.984431,725,2,POINT (68.02495360117065 61.91906890253455),0.01000000000000308,68.02495360117065,61.91906890253455
2025-09-02 14:01:03.984431,726,2,POINT (68.0329749049929 61.92504039187904),0.01000000000000686,68.0329749049929,61.92504039187904
2025-09-02 14:01:04.984431,727,2,POINT (68.04067269229199 61.93142350011077),0.010000000000003883,68.04067269229199,61.93142350011077
2025-09-02 14:01:05.984431,728,2,POINT (68.04802586396801 61.93820073157376),0.00999999999999552,68.04802586396801,61.93820073157376
2025-09-02 14:01:06.984431,729,2,POINT (68.05501426548851 61.94535351034765),0.010000000000000396,68.05501426548851,61.94535351034765
2025-09-02 14:01:07.984431,730,2,POINT (68.06161874213068 61.95286223116301),0.009999999999996706,68.06161874213068,61.95286223116301
2025-09-02 14:01:08.984431,731,2,POINT (68.0678211914831 61.96070631313801),0.009999999999999504,68.0678211914831,61.96070631313801
2025-09-02 14:01:09.984431,732,2,POINT (68.07360461306325 61.96886425618919),0.01000000000000148,68.07360461306325,61.96886425618919
2025-09-02 14:01:10.984431,733,2,POINT (68.07895315491457 61.9773136999617),0.010000000000002224,68.07895315491457,61.9773136999617
2025-09-02 14:01:11.984431,734,2,POINT (68.08385215705562 61.986031485117465),0.010000000000003523,68.08385215705562,61.986031485117465
2025-09-02 14:01:12.984431,735,2,POINT (68.08828819166203 61.99499371681335),0.009999999999999011,68.08828819166203,61.99499371681335
2025-09-02 14:01:13.984431,736,2,POINT (68.09224909987132 62.00417583019522),0.010000000000003352,68.09224909987132,62.00417583019522
2025-09-02 14:01:14.984431,737,2,POINT (68.0957240251094 62.01355265772855),0.010000000000003579,68.0957240251094,62.01355265772855
2025-09-02 14:01:15.984431,738,2,POINT (68.09870344284774 62.02309849818084),0.010000000000002958,68.09870344284774,62.02309849818084
2025-09-02 14:01:16.984431,739,2,POINT (68.10117918670939 62.03278718706694),0.010000000000001062,68.10117918670939,62.03278718706694
2025-09-02 14:01:17.984431,740,2,POINT (68.10314447085253 62.04259216836405),0.010000000000002996,68.10314447085253,62.04259216836405
2025-09-02 14:01:18.984431,741,2,POINT (68.10459390856992 62.05248656729999),0.010000000000001447,68.10459390856992,62.05248656729999
2025-09-02 14:01:19.984431,742,2,POINT (68.10552352705353 62.06244326401501),0.010000000000000403,68.10552352705353,62.06244326401501
2025-09-02 14:01:20.984431,743,2,POINT (68.10593077828372 62.072434967895504),0.009999999999998984,68.10593077828372,62.072434967895504
2025-09-02 14:01:21.984431,744,2,POINT (68.10581454601318 62.08243429237565),0.010000000000000302,68.10581454601318,62.08243429237565
2025-09-02 14:01:22.984431,745,2,POINT (68.10517514882646 62.092413830002094),0.009999999999998092,68.10517514882646,62.092413830002094
2025-09-02 14:01:23.984431,746,2,POINT (68.10401433926683 62.10234622755587),0.009999999999999601,68.10401433926683,62.10234622755587
2025-09-02 14:01:24.984431,747,2,POINT (68.10233529903259 62.112204261025674),0.009999999999998241,68.10233529903259,62.112204261025674
2025-09-02 14:01:25.984431,748,2,POINT (68.10014263025631 62.121960910226996),0.010000000000004759,68.10014263025631,62.121960910226996
2025-09-02 14:01:26.984431,749,2,POINT (68.09744234289072 62.13158943286254),0.010000000000000564,68.09744234289072,62.13158943286254
2025-09-02 14:01:27.984431,750,2,POINT (68.09424183823577 62.14106343782104),0.009999999999997797,68.09424183823577,62.14106343782104
2025-09-02 14:01:28.984431,751,2,POINT (68.09054988865228 62.15035695751343),0.009999999999998226,68.09054988865228,62.15035695751343
2025-09-02 14:01:29.984431,752,2,POINT (68.0863766135174 62.15944451904822),0.009999999999998958,68.0863766135174,62.15944451904822
2025-09-02 14:01:30.984431,753,2,POINT (68.08173345148822 62.16830121405092),0.010000000000003603,68.08173345148822,62.16830121405092
2025-09-02 14:01:31.984431,754,2,POINT (68.07663312914912 62.17690276693614),0.009999999999997372,68.07663312914912,62.17690276693614
2025-09-02 14:01:32.984431,755,2,POINT (68.0710896261291 62.1852256014453),0.009999999999997166,68.0710896261291,62.1852256014453
2025-09-02 14:01:33.984431,756,2,POINT (68.0651181367846 62.19324690526754),0.01000000000000116,68.0651181367846,62.19324690526754
2025-09-02 14:01:34.984431,757,2,POINT (68.05873502855287 62.20094469256664),0.010000000000003883,68.05873502855287,62.20094469256664
2025-09-02 14:01:35.984431,758,2,POINT (68.05195779708988 62.20829786424266),0.010000000000000744,68.05195779708988,62.20829786424266
2025-09-02 14:01:36.984431,759,2,POINT (68.04480501831598 62.21528626576316),0.010000000000005477,68.04480501831598,62.21528626576316
2025-09-02 14:01:37.984431,760,2,POINT (68.03729629750062 62.22189074240533),0.01000000000000204,68.03729629750062,62.22189074240533
2025-09-02 14:01:38.984431,761,2,POINT (68.02945221552562 62.228093191757765),0.009999999999998337,68.02945221552562,62.228093191757765
2025-09-02 14:01:39.984431,762,2,POINT (68.02129427247445 62.23387661333791),0.009999999999995684,68.02129427247445,62.23387661333791
2025-09-02 14:01:40.984431,763,2,POINT (68.01284482870194 62.239225155189224),0.009999999999998423,68.01284482870194,62.239225155189224
2025-09-02 14:01:41.984431,764,2,POINT (68.00412704354618 62.24412415733026),0.010000000000000042,68.00412704354618,62.24412415733026
2025-09-02 14:01:42.984431,765,2,POINT (67.9951648118503 62.24856019193668),0.009999999999995795,67.9951648118503,62.24856019193668
2025-09-02 14:01:43.984431,766,2,POINT (67.98598269846843 62.25252110014597),0.009999999999994012,67.98598269846843,62.25252110014597
2025-09-02 14:01:44.984431,767,2,POINT (67.9766058709351 62.25599602538405),0.010000000000003579,67.9766058709351,62.25599602538405
2025-09-02 14:01:45.984431,768,2,POINT (67.96706003048281 62.258975443122374),0.010000000000000842,67.96706003048281,62.258975443122374
2025-09-02 14:01:46.984431,769,2,POINT (67.95737134159673 62.261451186984026),0.009999999999994177,67.95737134159673,62.261451186984026
2025-09-02 14:01:47.984431,770,2,POINT (67.94756636029962 62.263416471127165),0.00999999999999603,67.94756636029962,62.263416471127165
2025-09-02 14:01:48.984431,771,2,POINT (67.93767196136369 62.26486590884456),0.009999999999994416,67.93767196136369,62.26486590884456
2025-09-02 14:01:49.984431,772,2,POINT (67.92771526464867 62.26579552732818),0.010000000000001064,67.92771526464867,62.26579552732818
2025-09-02 14:01:50.984431,773,2,POINT (67.91772356076817 62.26620277855837),0.010000000000006374,67.91772356076817,62.26620277855837
2025-09-02 14:01:51.984431,774,2,POINT (67.90772423628802 62.26608654628782),0.010000000000000385,67.90772423628802,62.26608654628782
2025-09-02 14:01:52.984431,775,2,POINT (67.89774469866157 62.265447149101114),0.010000000000004727,67.89774469866157,62.265447149101114
2025-09-02 14:01:53.984431,776,2,POINT (67.88781230110779 62.26428633954148),0.010000000000006658,67.88781230110779,62.26428633954148
2025-09-02 14:01:54.984431,777,2,POINT (67.87795426763797 62.26260729930724),0.010000000000005244,67.87795426763797,62.26260729930724
2025-09-02 14:01:55.984431,778,2,POINT (67.86819761843665 62.260414630530974),0.0100000000000032,67.86819761843665,62.260414630530974
2025-09-02 14:01:56.984431,779,2,POINT (67.8585690958011 62.25771434316538),0.010000000000005487,67.8585690958011,62.25771434316538
2025-09-02 14:01:57.984431,780,2,POINT (67.8490950908426 62.25451383851044),0.01000000000000453,67.8490950908426,62.25451383851044
2025-09-02 14:01:58.984431,781,2,POINT (67.8398015711502 62.25082188892694),0.009999999999998226,67.8398015711502,62.25082188892694
2025-09-02 14:01:59.984431,782,2,POINT (67.8307140096154 62.24664861379207),0.010000000000005416,67.8307140096154,62.24664861379207
2025-09-02 14:02:00.984431,783,2,POINT (67.82185731461271 62.242005451762886),0.00999999999999731,67.82185731461271,62.242005451762886
2025-09-02 14:02:01.984431,784,2,POINT (67.81325576172749 62.236905129423775),0.010000000000007107,67.81325576172749,62.236905129423775
2025-09-02 14:02:02.984431,785,2,POINT (67.80493292721832 62.23136162640375),0.01000000000000308,67.80493292721832,62.23136162640375
2025-09-02 14:02:03.984431,786,2,POINT (67.79691162339607 62.225390137059264),0.01000000000000686,67.79691162339607,62.225390137059264
2025-09-02 14:02:04.984431,787,2,POINT (67.78921383609698 62.219007028827534),0.010000000000003883,67.78921383609698,62.219007028827534
2025-09-02 14:02:05.984431,788,2,POINT (67.78186066442096 62.21222979736454),0.00999999999999552,67.78186066442096,62.21222979736454
2025-09-02 14:02:06.984431,789,2,POINT (67.77487226290046 62.20507701859065),0.010000000000000396,67.77487226290046,62.20507701859065
2025-09-02 14:02:07.984431,790,2,POINT (67.76826778625829 62.19756829777529),0.009999999999996706,67.76826778625829,62.19756829777529
2025-09-02 14:02:08.984431,791,2,POINT (67.76206533690586 62.18972421580029),0.009999999999999504,67.76206533690586,62.18972421580029
2025-09-02 14:02:09.984431,792,2,POINT (67.75628191532572 62.18156627274911),0.01000000000000148,67.75628191532572,62.18156627274911
2025-09-02 14:02:10.984431,793,2,POINT (67.7509333734744 62.1731168289766),0.010000000000002224,67.7509333734744,62.1731168289766
2025-09-02 14:02:11.984431,794,2,POINT (67.74603437133335 62.164399043820836),0.010000000000003523,67.74603437133335,62.164399043820836
2025-09-02 14:02:12.984431,795,2,POINT (67.74159833672694 62.155436812124954),0.009999999999999011,67.74159833672694,62.155436812124954
2025-09-02 14:02:13.984431,796,2,POINT (67.73763742851764 62.14625469874308),0.010000000000003352,67.73763742851764,62.14625469874308
2025-09-02 14:02:14.984431,797,2,POINT (67.73416250327956 62.13687787120975),0.010000000000003579,67.73416250327956,62.13687787120975
2025-09-02 14:02:15.984431,798,2,POINT (67.73118308554123 62.12733203075746),0.010000000000002958,67.73118308554123,62.12733203075746
2025-09-02 14:02:16.984431,799,2,POINT (67.72870734167958 62.117643341871364),0.010000000000001062,67.72870734167958,62.117643341871364
2025-09-02 14:02:17.984431,800,2,POINT (67.72674205753644 62.10783836057425),0.010000000000002996,67.72674205753644,62.10783836057425
2025-09-02 14:02:18.984431,801,2,POINT (67.72529261981904 62.097943961638315),0.010000000000001447,67.72529261981904,62.097943961638315
2025-09-02 14:02:19.984431,802,2,POINT (67.72436300133543 62.08798726492329),0.010000000000000403,67.72436300133543,62.08798726492329
2025-09-02 14:02:20.984431,803,2,POINT (67.72395575010525 62.0779955610428),0.009999999999998984,67.72395575010525,62.0779955610428
2025-09-02 14:02:21.984431,804,2,POINT (67.72407198237579 62.06799623656265),0.010000000000000302,67.72407198237579,62.06799623656265
2025-09-02 14:02:22.984431,805,2,POINT (67.7247113795625 62.05801669893621),0.009999999999998092,67.7247113795625,62.05801669893621
2025-09-02 14:02:23.984431,806,2,POINT (67.72587218912214 62.04808430138243),0.009999999999999601,67.72587218912214,62.04808430138243
2025-09-02 14:02:24.984431,807,2,POINT (67.72755122935638 62.03822626791263),0.009999999999998241,67.72755122935638,62.03822626791263
2025-09-02 14:02:25.984431,808,2,POINT (67.72974389813265 62.028469618711306),0.010000000000004759,67.72974389813265,62.028469618711306
2025-09-02 14:02:26.984431,809,2,POINT (67.73244418549825 62.01884109607576),0.010000000000000564,67.73244418549825,62.01884109607576
2025-09-02 14:02:27.984431,810,2,POINT (67.73572470276957 62.0091302409933),0.010249999999998833,67.73572470276957,62.0091302409933
2025-09-02 14:02:28.984431,811,2,POINT (67.73953202577756 61.99954629881052),0.010312500000001121,67.73953202577756,61.99954629881052
2025-09-02 14:02:29.984431,812,2,POINT (67.7438422365028 61.99016055166287),0.010328125000000679,67.7438422365028,61.99016055166287
2025-09-02 14:02:30.984431,813,2,POINT (67.74863956602123 61.98100978670891),0.010332031249998045,67.74863956602123,61.98100978670891
2025-09-02 14:02:31.984431,814,2,POINT (67.75390973307886 61.97212179539265),0.010333007812500853,67.75390973307886,61.97212179539265
2025-09-02 14:02:32.984431,815,2,POINT (67.75963797441973 61.96352160079791),0.010333251953123944,67.75963797441973,61.96352160079791
2025-09-02 14:02:33.984431,816,2,POINT (67.76580850126001 61.955232936500984),0.010333312988280045,67.76580850126001,61.955232936500984
2025-09-02 14:02:34.984431,817,2,POINT (67.77240437651952 61.947278560207224),0.010333328247070638,67.77240437651952,61.947278560207224
2025-09-02 14:02:35.984431,818,2,POINT (67.77940751483618 61.93968028374367),0.010333332061774742,67.77940751483618,61.93968028374367
2025-09-02 14:02:36.984431,819,2,POINT (67.78656029361008 61.93269188222317),0.010000000000005477,67.78656029361008,61.93269188222317
2025-09-02 14:02:37.984431,820,2,POINT (67.79406901442545 61.926087405581),0.01000000000000204,67.79406901442545,61.926087405581
2025-09-02 14:02:38.984431,821,2,POINT (67.80191309640044 61.919884956228564),0.009999999999998337,67.80191309640044,61.919884956228564
2025-09-02 14:02:39.984431,822,2,POINT (67.81007103945161 61.91410153464842),0.009999999999995684,67.81007103945161,61.91410153464842
2025-09-02 14:02:40.984431,823,2,POINT (67.81852048322412 61.908752992797105),0.009999999999998423,67.81852048322412,61.908752992797105
2025-09-02 14:02:41.984431,824,2,POINT (67.82723826837989 61.90385399065607),0.010000000000000042,67.82723826837989,61.90385399065607
2025-09-02 14:02:42.984431,825,2,POINT (67.83620050007576 61.899417956049646),0.009999999999995795,67.83620050007576,61.899417956049646
2025-09-02 14:02:43.984431,826,2,POINT (67.84538261345763 61.89545704784036),0.009999999999994012,67.84538261345763,61.89545704784036
2025-09-02 14:02:44.984431,827,2,POINT (67.85475944099096 61.89198212260228),0.010000000000003579,67.85475944099096,61.89198212260228
2025-09-02 14:02:45.984431,828,2,POINT (67.86430528144325 61.889002704863955),0.010000000000000842,67.86430528144325,61.889002704863955
2025-09-02 14:02:46.984431,829,2,POINT (67.87399397032934 61.8865269610023),0.009999999999994177,67.87399397032934,61.8865269610023
2025-09-02 14:02:47.984431,830,2,POINT (67.88379895162645 61.884561676859164),0.00999999999999603,67.88379895162645,61.884561676859164
2025-09-02 14:02:48.984431,831,2,POINT (67.89369335056237 61.88311223914177),0.009999999999994416,67.89369335056237,61.88311223914177
2025-09-02 14:02:49.984431,832,2,POINT (67.9036500472774 61.88218262065815),0.010000000000001064,67.9036500472774,61.88218262065815
2025-09-02 14:02:50.984431,833,2,POINT (67.9136417511579 61.881775369427956),0.010000000000006374,67.9136417511579,61.881775369427956
2025-09-02 14:02:51.984431,834,2,POINT (67.92364107563805 61.881891601698506),0.010000000000000385,67.92364107563805,61.881891601698506
2025-09-02 14:02:52.984431,835,2,POINT (67.9336206132645 61.882530998885215),0.010000000000004727,67.9336206132645,61.882530998885215
2025-09-02 14:02:53.984431,836,2,POINT (67.94355301081828 61.88369180844485),0.010000000000006658,67.94355301081828,61.88369180844485
2025-09-02 14:02:54.984431,837,2,POINT (67.95341104428809 61.88537084867909),0.010000000000005244,67.95341104428809,61.88537084867909
2025-09-02 14:02:55.984431,838,2,POINT (67.96316769348941 61.887563517455355),0.0100000000000032,67.96316769348941,61.887563517455355
2025-09-02 14:02:56.984431,839,2,POINT (67.97279621612496 61.89026380482095),0.010000000000005487,67.97279621612496,61.89026380482095
2025-09-02 14:02:57.984431,840,2,POINT (67.98227022108347 61.89346430947589),0.01000000000000453,67.98227022108347,61.89346430947589
2025-09-02 14:02:58.984431,841,2,POINT (67.99156374077586 61.897156259059386),0.009999999999998226,67.99156374077586,61.897156259059386
2025-09-02 14:02:59.984431,842,2,POINT (68.00065130231066 61.90132953419426),0.010000000000005416,68.00065130231066,61.90132953419426
2025-09-02 14:03:00.984431,843,2,POINT (68.00950799731335 61.905972696223444),0.00999999999999731,68.00950799731335,61.905972696223444
2025-09-02 14:03:01.984431,844,2,POINT (68.01810955019857 61.911073018562554),0.010000000000007107,68.01810955019857,61.911073018562554
2025-09-02 14:03:02.984431,845,2,POINT (68.02643238470775 61.916616521582576),0.01000000000000308,68.02643238470775,61.916616521582576
2025-09-02 14:03:03.984431,846,2,POINT (68.03445368853 61.922588010927065),0.01000000000000686,68.03445368853,61.922588010927065
2025-09-02 14:03:04.984431,847,2,POINT (68.04215147582909 61.928971119158795),0.010000000000003883,68.04215147582909,61.928971119158795
2025-09-02 14:03:05.984431,848,2,POINT (68.0495046475051 61.935748350621786),0.00999999999999552,68.0495046475051,61.935748350621786
2025-09-02 14:03:06.984431,849,2,POINT (68.0564930490256 61.94290112939568),0.010000000000000396,68.0564930490256,61.94290112939568
2025-09-02 14:03:07.984431,850,2,POINT (68.06309752566777 61.95040985021104),0.009999999999996706,68.06309752566777,61.95040985021104
2025-09-02 14:03:08.984431,851,2,POINT (68.0692999750202 61.95825393218604),0.009999999999999504,68.0692999750202,61.95825393218604
2025-09-02 14:03:09.984431,852,2,POINT (68.07508339660035 61.96641187523722),0.01000000000000148,68.07508339660035,61.96641187523722
2025-09-02 14:03:10.984431,853,2,POINT (68.08043193845167 61.974861319009726),0.010000000000002224,68.08043193845167,61.974861319009726
2025-09-02 14:03:11.984431,854,2,POINT (68.08533094059271 61.98357910416549),0.010000000000003523,68.08533094059271,61.98357910416549
2025-09-02 14:03:12.984431,855,2,POINT (68.08976697519913 61.992541335861375),0.009999999999999011,68.08976697519913,61.992541335861375
2025-09-02 14:03:13.984431,856,2,POINT (68.09372788340842 62.00172344924325),0.010000000000003352,68.09372788340842,62.00172344924325
2025-09-02 14:03:14.984431,857,2,POINT (68.0972028086465 62.01110027677658),0.010000000000003579,68.0972028086465,62.01110027677658
2025-09-02 14:03:15.984431,858,2,POINT (68.10018222638483 62.02064611722887),0.010000000000002958,68.10018222638483,62.02064611722887
2025-09-02 14:03:16.984431,859,2,POINT (68.10265797024648 62.030334806114965),0.010000000000001062,68.10265797024648,62.030334806114965
2025-09-02 14:03:17.984431,860,2,POINT (68.10462325438962 62.04013978741208),0.010000000000002996,68.10462325438962,62.04013978741208
2025-09-02 14:03:18.984431,861,2,POINT (68.10607269210702 62.050034186348014),0.010000000000001447,68.10607269210702,62.050034186348014
2025-09-02 14:03:19.984431,862,2,POINT (68.10700231059063 62.05999088306304),0.010000000000000403,68.10700231059063,62.05999088306304
2025-09-02 14:03:20.984431,863,2,POINT (68.10740956182082 62.06998258694353),0.009999999999998984,68.10740956182082,62.06998258694353
2025-09-02 14:03:21.984431,864,2,POINT (68.10729332955027 62.07998191142368),0.010000000000000302,68.10729332955027,62.07998191142368
2025-09-02 14:03:22.984431,865,2,POINT (68.10665393236356 62.08996144905012),0.009999999999998092,68.10665393236356,62.08996144905012
2025-09-02 14:03:23.984431,866,2,POINT (68.10549312280392 62.0998938466039),0.009999999999999601,68.10549312280392,62.0998938466039
2025-09-02 14:03:24.984431,867,2,POINT (68.10381408256968 62.1097518800737),0.009999999999998241,68.10381408256968,62.1097518800737
2025-09-02 14:03:25.984431,868,2,POINT (68.10162141379341 62.11950852927502),0.010000000000004759,68.10162141379341,62.11950852927502
2025-09-02 14:03:26.984431,869,2,POINT (68.09892112642781 62.12913705191057),0.010000000000000564,68.09892112642781,62.12913705191057
2025-09-02 14:03:27.984431,870,2,POINT (68.09572062177287 62.13861105686907),0.009999999999997797,68.09572062177287,62.13861105686907
2025-09-02 14:03:28.984431,871,2,POINT (68.09202867218937 62.14790457656146),0.009999999999998226,68.09202867218937,62.14790457656146
2025-09-02 14:03:29.984431,872,2,POINT (68.0878553970545 62.15699213809625),0.009999999999998958,68.0878553970545,62.15699213809625
2025-09-02 14:03:30.984431,873,2,POINT (68.08321223502531 62.16584883309895),0.010000000000003603,68.08321223502531,62.16584883309895
2025-09-02 14:03:31.984431,874,2,POINT (68.07811191268621 62.174450385984166),0.009999999999997372,68.07811191268621,62.174450385984166
2025-09-02 14:03:32.984431,875,2,POINT (68.07256840966619 62.18277322049333),0.009999999999997166,68.07256840966619,62.18277322049333
2025-09-02 14:03:33.984431,876,2,POINT (68.0665969203217 62.19079452431557),0.01000000000000116,68.0665969203217,62.19079452431557
2025-09-02 14:03:34.984431,877,2,POINT (68.06021381208997 62.198492311614665),0.010000000000003883,68.06021381208997,62.198492311614665
2025-09-02 14:03:35.984431,878,2,POINT (68.05343658062698 62.20584548329069),0.010000000000000744,68.05343658062698,62.20584548329069
2025-09-02 14:03:36.984431,879,2,POINT (68.04628380185308 62.21283388481119),0.010000000000005477,68.04628380185308,62.21283388481119
2025-09-02 14:03:37.984431,880,2,POINT (68.03877508103771 62.219438361453356),0.01000000000000204,68.03877508103771,62.219438361453356
2025-09-02 14:03:38.984431,881,2,POINT (68.03093099906272 62.22564081080579),0.009999999999998337,68.03093099906272,62.22564081080579
2025-09-02 14:03:39.984431,882,2,POINT (68.02277305601154 62.23142423238594),0.009999999999995684,68.02277305601154,62.23142423238594
2025-09-02 14:03:40.984431,883,2,POINT (68.01432361223904 62.23677277423725),0.009999999999998423,68.01432361223904,62.23677277423725
2025-09-02 14:03:41.984431,884,2,POINT (68.00560582708327 62.24167177637829),0.010000000000000042,68.00560582708327,62.24167177637829
2025-09-02 14:03:42.984431,885,2,POINT (67.9966435953874 62.24610781098471),0.009999999999995795,67.9966435953874,62.24610781098471
2025-09-02 14:03:43.984431,886,2,POINT (67.98746148200553 62.250068719194),0.009999999999994012,67.98746148200553,62.250068719194
2025-09-02 14:03:44.984431,887,2,POINT (67.9780846544722 62.25354364443208),0.010000000000003579,67.9780846544722,62.25354364443208
2025-09-02 14:03:45.984431,888,2,POINT (67.96853881401991 62.2565230621704),0.010000000000000842,67.96853881401991,62.2565230621704
2025-09-02 14:03:46.984431,889,2,POINT (67.95885012513382 62.258998806032054),0.009999999999994177,67.95885012513382,62.258998806032054
2025-09-02 14:03:47.984431,890,2,POINT (67.94904514383671 62.26096409017519),0.00999999999999603,67.94904514383671,62.26096409017519
2025-09-02 14:03:48.984431,891,2,POINT (67.93915074490079 62.26241352789259),0.009999999999994416,67.93915074490079,62.26241352789259
2025-09-02 14:03:49.984431,892,2,POINT (67.92919404818576 62.26334314637621),0.010000000000001064,67.92919404818576,62.26334314637621
2025-09-02 14:03:50.984431,893,2,POINT (67.91920234430526 62.2637503976064),0.010000000000006374,67.91920234430526,62.2637503976064
2025-09-02 14:03:51.984431,894,2,POINT (67.90920301982511 62.26363416533585),0.010000000000000385,67.90920301982511,62.26363416533585
2025-09-02 14:03:52.984431,895,2,POINT (67.89922348219866 62.26299476814914),0.010000000000004727,67.89922348219866,62.26299476814914
2025-09-02 14:03:53.984431,896,2,POINT (67.88929108464488 62.261833958589506),0.010000000000006658,67.88929108464488,62.261833958589506
2025-09-02 14:03:54.984431,897,2,POINT (67.87943305117507 62.26015491835527),0.010000000000005244,67.87943305117507,62.26015491835527
2025-09-02 14:03:55.984431,898,2,POINT (67.86967640197375 62.257962249579),0.0100000000000032,67.86967640197375,62.257962249579
2025-09-02 14:03:56.984431,899,2,POINT (67.8600478793382 62.25526196221341),0.010000000000005487,67.8600478793382,62.25526196221341
2025-09-02 14:03:57.984431,900,2,POINT (67.85057387437969 62.25206145755847),0.01000000000000453,67.85057387437969,62.25206145755847
2025-09-02 14:03:58.984431,901,2,POINT (67.8412803546873 62.24836950797497),0.009999999999998226,67.8412803546873,62.24836950797497
2025-09-02 14:03:59.984431,902,2,POINT (67.8321927931525 62.244196232840096),0.010000000000005416,67.8321927931525,62.244196232840096
2025-09-02 14:04:00.984431,903,2,POINT (67.82333609814981 62.23955307081091),0.00999999999999731,67.82333609814981,62.23955307081091
2025-09-02 14:04:01.984431,904,2,POINT (67.81473454526459 62.2344527484718),0.010000000000007107,67.81473454526459,62.2344527484718
2025-09-02 14:04:02.984431,905,2,POINT (67.80641171075541 62.22890924545178),0.01000000000000308,67.80641171075541,62.22890924545178
2025-09-02 14:04:03.984431,906,2,POINT (67.79839040693317 62.22293775610729),0.01000000000000686,67.79839040693317,62.22293775610729
2025-09-02 14:04:04.984431,907,2,POINT (67.79069261963407 62.21655464787556),0.010000000000003883,67.79069261963407,62.21655464787556
2025-09-02 14:04:05.984431,908,2,POINT (67.78333944795806 62.20977741641257),0.00999999999999552,67.78333944795806,62.20977741641257
2025-09-02 14:04:06.984431,909,2,POINT (67.77635104643755 62.20262463763868),0.010000000000000396,67.77635104643755,62.20262463763868
2025-09-02 14:04:07.984431,910,2,POINT (67.76974656979539 62.19511591682332),0.009999999999996706,67.76974656979539,62.19511591682332
2025-09-02 14:04:08.984431,911,2,POINT (67.76354412044296 62.18727183484832),0.009999999999999504,67.76354412044296,62.18727183484832
2025-09-02 14:04:09.984431,912,2,POINT (67.75776069886281 62.17911389179714),0.01000000000000148,67.75776069886281,62.17911389179714
2025-09-02 14:04:10.984431,913,2,POINT (67.75241215701149 62.17066444802463),0.010000000000002224,67.75241215701149,62.17066444802463
2025-09-02 14:04:11.984431,914,2,POINT (67.74751315487045 62.161946662868864),0.010000000000003523,67.74751315487045,62.161946662868864
2025-09-02 14:04:12.984431,915,2,POINT (67.74307712026403 62.15298443117298),0.009999999999999011,67.74307712026403,62.15298443117298
2025-09-02 14:04:13.984431,916,2,POINT (67.73911621205474 62.143802317791106),0.010000000000003352,67.73911621205474,62.143802317791106
2025-09-02 14:04:14.984431,917,2,POINT (67.73564128681666 62.134425490257776),0.010000000000003579,67.73564128681666,62.134425490257776
2025-09-02 14:04:15.984431,918,2,POINT (67.73266186907833 62.124879649805486),0.010000000000002958,67.73266186907833,62.124879649805486
2025-09-02 14:04:16.984431,919,2,POINT (67.73018612521668 62.11519096091939),0.010000000000001062,67.73018612521668,62.11519096091939
2025-09-02 14:04:17.984431,920,2,POINT (67.72822084107354 62.10538597962228),0.010000000000002996,67.72822084107354,62.10538597962228
2025-09-02 14:04:18.984431,921,2,POINT (67.72677140335614 62.09549158068634),0.010000000000001447,67.72677140335614,62.09549158068634
2025-09-02 14:04:19.984431,922,2,POINT (67.72584178487253 62.08553488397132),0.010000000000000403,67.72584178487253,62.08553488397132
2025-09-02 14:04:20.984431,923,2,POINT (67.72543453364234 62.075543180090826),0.009999999999998984,67.72543453364234,62.075543180090826
2025-09-02 14:04:21.984431,924,2,POINT (67.72555076591289 62.06554385561068),0.010000000000000302,67.72555076591289,62.06554385561068
2025-09-02 14:04:22.984431,925,2,POINT (67.7261901630996 62.055564317984235),0.009999999999998092,67.7261901630996,62.055564317984235
2025-09-02 14:04:23.984431,926,2,POINT (67.72735097265924 62.04563192043046),0.009999999999999601,67.72735097265924,62.04563192043046
2025-09-02 14:04:24.984431,927,2,POINT (67.72903001289347 62.035773886960655),0.009999999999998241,67.72903001289347,62.035773886960655
2025-09-02 14:04:25.984431,928,2,POINT (67.73122268166975 62.02601723775933),0.010000000000004759,67.73122268166975,62.02601723775933
2025-09-02 14:04:26.984431,929,2,POINT (67.73392296903535 62.01638871512379),0.010000000000000564,67.73392296903535,62.01638871512379
2025-09-02 14:04:27.984431,930,2,POINT (67.73712347369029 62.00691471016529),0.009999999999997797,67.73712347369029,62.00691471016529
2025-09-02 14:04:28.984431,931,2,POINT (67.74081542327379 61.9976211904729),0.009999999999998226,67.74081542327379,61.9976211904729
2025-09-02 14:04:29.984431,932,2,POINT (67.74509303028704 61.98830643989974),0.010250000000000401,67.74509303028704,61.98830643989974
2025-09-02 14:04:30.984431,933,2,POINT (67.75031658756987 61.9783426580217),0.01125000000000409,67.75031658756987,61.9783426580217
2025-09-02 14:04:31.984431,934,2,POINT (67.75656448243528 61.96780575573731),0.01225000000000281,67.75656448243528,61.96780575573731
2025-09-02 14:04:32.984431,935,2,POINT (67.76390962393681 61.95677800001266),0.01325000000000063,67.76390962393681,61.95677800001266
2025-09-02 14:04:33.984431,936,2,POINT (67.77178452550986 61.946199905597084),0.013187500000002236,67.77178452550986,61.946199905597084
2025-09-02 14:04:34.984431,937,2,POINT (67.7795040970276 61.93689039408225),0.012093749999994111,67.7795040970276,61.93689039408225
2025-09-02 14:04:35.984431,938,2,POINT (67.78785385797849 61.92783105679077),0.012320312500004389,67.78785385797849,61.92783105679077
2025-09-02 14:04:36.984431,939,2,POINT (67.79619410979102 61.919682471424096),0.011660156249998034,67.79619410979102,61.919682471424096
2025-09-02 14:04:37.984431,940,2,POINT (67.80470154913671 61.91219954779105),0.011330078125002873,67.80470154913671,61.91219954779105
2025-09-02 14:04:38.984431,941,2,POINT (67.81345949730274 61.90527448886074),0.011165039062501608,67.81345949730274,61.90527448886074
2025-09-02 14:04:39.984431,942,2,POINT (67.82250055362269 61.898865000598796),0.011082519531243944,67.82250055362269,61.898865000598796
2025-09-02 14:04:40.984431,943,2,POINT (67.83182980397942 61.892959536604025),0.011041259765627394,67.83182980397942,61.892959536604025
2025-09-02 14:04:41.984431,944,2,POINT (67.84099247073728 61.88781053106393),0.010510314941405828,67.84099247073728,61.88781053106393
2025-09-02 14:04:42.984431,945,2,POINT (67.85029309724412 61.88320700122384),0.010377578735349375,67.85029309724412,61.88320700122384
2025-09-02 14:04:43.984431,946,2,POINT (67.85947521062599 61.87924609301455),0.009999999999994012,67.85947521062599,61.87924609301455
2025-09-02 14:04:44.984431,947,2,POINT (67.86885203815932 61.87577116777647),0.010000000000003579,67.86885203815932,61.87577116777647
2025-09-02 14:04:45.984431,948,2,POINT (67.87839787861161 61.87279175003815),0.010000000000000842,67.87839787861161,61.87279175003815
2025-09-02 14:04:46.984431,949,2,POINT (67.8880865674977 61.870316006176495),0.009999999999994177,67.8880865674977,61.870316006176495
2025-09-02 14:04:47.984431,950,2,POINT (67.8978915487948 61.868350722033355),0.00999999999999603,67.8978915487948,61.868350722033355
2025-09-02 14:04:48.984431,951,2,POINT (67.90778594773073 61.86690128431596),0.009999999999994416,67.90778594773073,61.86690128431596
2025-09-02 14:04:49.984431,952,2,POINT (67.91774264444575 61.86597166583234),0.010000000000001064,67.91774264444575,61.86597166583234
2025-09-02 14:04:50.984431,953,2,POINT (67.92773434832625 61.86556441460215),0.010000000000006374,67.92773434832625,61.86556441460215
2025-09-02 14:04:51.984431,954,2,POINT (67.9377336728064 61.8656806468727),0.010000000000000385,67.9377336728064,61.8656806468727
2025-09-02 14:04:52.984431,955,2,POINT (67.94771321043285 61.86632004405941),0.010000000000004727,67.94771321043285,61.86632004405941
2025-09-02 14:04:53.984431,956,2,POINT (67.95764560798663 61.86748085361904),0.010000000000006658,67.95764560798663,61.86748085361904
2025-09-02 14:04:54.984431,957,2,POINT (67.96750364145645 61.86915989385328),0.010000000000005244,67.96750364145645,61.86915989385328
2025-09-02 14:04:55.984431,958,2,POINT (67.97726029065777 61.871352562629546),0.0100000000000032,67.97726029065777,61.871352562629546
2025-09-02 14:04:56.984431,959,2,POINT (67.98688881329332 61.87405284999514),0.010000000000005487,67.98688881329332,61.87405284999514
2025-09-02 14:04:57.984431,960,2,POINT (67.99636281825182 61.87725335465008),0.01000000000000453,67.99636281825182,61.87725335465008
2025-09-02 14:04:58.984431,961,2,POINT (68.00565633794422 61.88094530423358),0.009999999999998226,68.00565633794422,61.88094530423358
2025-09-02 14:04:59.984431,962,2,POINT (68.01474389947901 61.88511857936845),0.010000000000005416,68.01474389947901,61.88511857936845
2025-09-02 14:05:00.984431,963,2,POINT (68.0236005944817 61.889761741397635),0.00999999999999731,68.0236005944817,61.889761741397635
2025-09-02 14:05:01.984431,964,2,POINT (68.03220214736693 61.894862063736745),0.010000000000007107,68.03220214736693,61.894862063736745
2025-09-02 14:05:02.984431,965,2,POINT (68.0405249818761 61.90040556675677),0.01000000000000308,68.0405249818761,61.90040556675677
2025-09-02 14:05:03.984431,966,2,POINT (68.04854628569835 61.906377056101256),0.01000000000000686,68.04854628569835,61.906377056101256
2025-09-02 14:05:04.984431,967,2,POINT (68.05624407299744 61.91276016433299),0.010000000000003883,68.05624407299744,61.91276016433299
2025-09-02 14:05:05.984431,968,2,POINT (68.06359724467346 61.91953739579598),0.00999999999999552,68.06359724467346,61.91953739579598
2025-09-02 14:05:06.984431,969,2,POINT (68.07058564619396 61.92669017456987),0.010000000000000396,68.07058564619396,61.92669017456987
2025-09-02 14:05:07.984431,970,2,POINT (68.07719012283613 61.93419889538523),0.009999999999996706,68.07719012283613,61.93419889538523
2025-09-02 14:05:08.984431,971,2,POINT (68.08339257218856 61.94204297736023),0.009999999999999504,68.08339257218856,61.94204297736023
2025-09-02 14:05:09.984431,972,2,POINT (68.0891759937687 61.95020092041141),0.01000000000000148,68.0891759937687,61.95020092041141
2025-09-02 14:05:10.984431,973,2,POINT (68.09452453562002 61.95865036418392),0.010000000000002224,68.09452453562002,61.95865036418392
2025-09-02 14:05:11.984431,974,2,POINT (68.09942353776107 61.967368149339684),0.010000000000003523,68.09942353776107,61.967368149339684
2025-09-02 14:05:12.984431,975,2,POINT (68.10385957236748 61.97633038103557),0.009999999999999011,68.10385957236748,61.97633038103557
2025-09-02 14:05:13.984431,976,2,POINT (68.10782048057678 61.98551249441744),0.010000000000003352,68.10782048057678,61.98551249441744
2025-09-02 14:05:14.984431,977,2,POINT (68.11129540581486 61.99488932195077),0.010000000000003579,68.11129540581486,61.99488932195077
2025-09-02 14:05:15.984431,978,2,POINT (68.11427482355319 62.00443516240306),0.010000000000002958,68.11427482355319,62.00443516240306
2025-09-02 14:05:16.984431,979,2,POINT (68.11675056741484 62.014123851289156),0.010000000000001062,68.11675056741484,62.014123851289156
2025-09-02 14:05:17.984431,980,2,POINT (68.11871585155798 62.02392883258627),0.010000000000002996,68.11871585155798,62.02392883258627
2025-09-02 14:05:18.984431,981,2,POINT (68.12016528927538 62.033823231522206),0.010000000000001447,68.12016528927538,62.033823231522206
2025-09-02 14:05:19.984431,982,2,POINT (68.12109490775899 62.04377992823723),0.010000000000000403,68.12109490775899,62.04377992823723
2025-09-02 14:05:20.984431,983,2,POINT (68.12150215898917 62.05377163211772),0.009999999999998984,68.12150215898917,62.05377163211772
2025-09-02 14:05:21.984431,984,2,POINT (68.12138592671863 62.06377095659787),0.010000000000000302,68.12138592671863,62.06377095659787
2025-09-02 14:05:22.984431,985,2,POINT (68.12074652953191 62.07375049422431),0.009999999999998092,68.12074652953191,62.07375049422431
2025-09-02 14:05:23.984431,986,2,POINT (68.11958571997228 62.08368289177809),0.009999999999999601,68.11958571997228,62.08368289177809
2025-09-02 14:05:24.984431,987,2,POINT (68.11790667973804 62.09354092524789),0.009999999999998241,68.11790667973804,62.09354092524789
2025-09-02 14:05:25.984431,988,2,POINT (68.11571401096177 62.103297574449215),0.010000000000004759,68.11571401096177,62.103297574449215
2025-09-02 14:05:26.984431,989,2,POINT (68.11301372359617 62.11292609708476),0.010000000000000564,68.11301372359617,62.11292609708476
2025-09-02 14:05:27.984431,990,2,POINT (68.10981321894123 62.12240010204326),0.009999999999997797,68.10981321894123,62.12240010204326
2025-09-02 14:05:28.984431,991,2,POINT (68.10612126935773 62.13169362173565),0.009999999999998226,68.10612126935773,62.13169362173565
2025-09-02 14:05:29.984431,992,2,POINT (68.10194799422285 62.14078118327044),0.009999999999998958,68.10194799422285,62.14078118327044
2025-09-02 14:05:30.984431,993,2,POINT (68.09730483219367 62.14963787827314),0.010000000000003603,68.09730483219367,62.14963787827314
2025-09-02 14:05:31.984431,994,2,POINT (68.09220450985457 62.15823943115836),0.009999999999997372,68.09220450985457,62.15823943115836
2025-09-02 14:05:32.984431,995,2,POINT (68.08666100683455 62.16656226566752),0.009999999999997166,68.08666100683455,62.16656226566752
2025-09-02 14:05:33.984431,996,2,POINT (68.08068951749006 62.17458356948976),0.01000000000000116,68.08068951749006,62.17458356948976
2025-09-02 14:05:34.984431,997,2,POINT (68.07430640925833 62.182281356788856),0.010000000000003883,68.07430640925833,62.182281356788856
2025-09-02 14:05:35.984431,998,2,POINT (68.06752917779534 62.18963452846488),0.010000000000000744,68.06752917779534,62.18963452846488
2025-09-02 14:05:36.984431,999,2,POINT (68.06037639902144 62.19662292998538),0.010000000000005477,68.06037639902144,62.19662292998538
2025-09-02 14:05:37.984431,1000,2,POINT (68.05286767820607 62.20322740662755),0.01000000000000204,68.05286767820607,62.20322740662755
2025-09-02 14:05:38.984431,1001,2,POINT (68.04502359623108 62.209429855979984),0.009999999999998337,68.04502359623108,62.209429855979984
2025-09-02 14:05:39.984431,1002,2,POINT (68.0368656531799 62.21521327756013),0.009999999999995684,68.0368656531799,62.21521327756013
2025-09-02 14:05:40.984431,1003,2,POINT (68.0284162094074 62.220561819411444),0.009999999999998423,68.0284162094074,62.220561819411444
2025-09-02 14:05:41.984431,1004,2,POINT (68.01969842425163 62.22546082155248),0.010000000000000042,68.01969842425163,62.22546082155248
2025-09-02 14:05:42.984431,1005,2,POINT (68.01073619255575 62.2298968561589),0.009999999999995795,68.01073619255575,62.2298968561589
2025-09-02 14:05:43.984431,1006,2,POINT (68.00155407917389 62.23385776436819),0.009999999999994012,68.00155407917389,62.23385776436819
2025-09-02 14:05:44.984431,1007,2,POINT (67.99217725164056 62.23733268960627),0.010000000000003579,67.99217725164056,62.23733268960627
2025-09-02 14:05:45.984431,1008,2,POINT (67.98263141118827 62.24031210734459),0.010000000000000842,67.98263141118827,62.24031210734459
2025-09-02 14:05:46.984431,1009,2,POINT (67.97294272230218 62.242787851206245),0.009999999999994177,67.97294272230218,62.242787851206245
2025-09-02 14:05:47.984431,1010,2,POINT (67.96313774100507 62.244753135349384),0.00999999999999603,67.96313774100507,62.244753135349384
2025-09-02 14:05:48.984431,1011,2,POINT (67.95324334206914 62.24620257306678),0.009999999999994416,67.95324334206914,62.24620257306678
2025-09-02 14:05:49.984431,1012,2,POINT (67.94328664535412 62.2471321915504),0.010000000000001064,67.94328664535412,62.2471321915504
2025-09-02 14:05:50.984431,1013,2,POINT (67.93329494147362 62.24753944278059),0.010000000000006374,67.93329494147362,62.24753944278059
2025-09-02 14:05:51.984431,1014,2,POINT (67.92329561699347 62.24742321051004),0.010000000000000385,67.92329561699347,62.24742321051004
2025-09-02 14:05:52.984431,1015,2,POINT (67.91331607936702 62.24678381332333),0.010000000000004727,67.91331607936702,62.24678381332333
2025-09-02 14:05:53.984431,1016,2,POINT (67.90338368181324 62.2456230037637),0.010000000000006658,67.90338368181324,62.2456230037637
2025-09-02 14:05:54.984431,1017,2,POINT (67.89352564834343 62.24394396352946),0.010000000000005244,67.89352564834343,62.24394396352946
2025-09-02 14:05:55.984431,1018,2,POINT (67.8837689991421 62.24175129475319),0.0100000000000032,67.8837689991421,62.24175129475319
2025-09-02 14:05:56.984431,1019,2,POINT (67.87414047650655 62.2390510073876),0.010000000000005487,67.87414047650655,62.2390510073876
2025-09-02 14:05:57.984431,1020,2,POINT (67.86466647154805 62.23585050273266),0.01000000000000453,67.86466647154805,62.23585050273266
2025-09-02 14:05:58.984431,1021,2,POINT (67.85537295185566 62.23215855314916),0.009999999999998226,67.85537295185566,62.23215855314916
2025-09-02 14:05:59.984431,1022,2,POINT (67.84628539032086 62.22798527801429),0.010000000000005416,67.84628539032086,62.22798527801429
2025-09-02 14:06:00.984431,1023,2,POINT (67.83742869531817 62.223342115985105),0.00999999999999731,67.83742869531817,62.223342115985105
2025-09-02 14:06:01.984431,1024,2,POINT (67.82882714243294 62.218241793645994),0.010000000000007107,67.82882714243294,62.218241793645994
2025-09-02 14:06:02.984431,1025,2,POINT (67.82050430792377 62.21269829062597),0.01000000000000308,67.82050430792377,62.21269829062597
2025-09-02 14:06:03.984431,1026,2,POINT (67.81248300410152 62.206726801281484),0.01000000000000686,67.81248300410152,62.206726801281484
2025-09-02 14:06:04.984431,1027,2,POINT (67.80478521680243 62.20034369304975),0.010000000000003883,67.80478521680243,62.20034369304975
2025-09-02 14:06:05.984431,1028,2,POINT (67.79743204512641 62.19356646158676),0.00999999999999552,67.79743204512641,62.19356646158676
2025-09-02 14:06:06.984431,1029,2,POINT (67.79044364360591 62.18641368281287),0.010000000000000396,67.79044364360591,62.18641368281287
2025-09-02 14:06:07.984431,1030,2,POINT (67.78383916696374 62.17890496199751),0.009999999999996706,67.78383916696374,62.17890496199751
2025-09-02 14:06:08.984431,1031,2,POINT (67.77763671761132 62.17106088002251),0.009999999999999504,67.77763671761132,62.17106088002251
2025-09-02 14:06:09.984431,1032,2,POINT (67.77185329603117 62.16290293697133),0.01000000000000148,67.77185329603117,62.16290293697133
2025-09-02 14:06:10.984431,1033,2,POINT (67.76650475417985 62.15445349319882),0.010000000000002224,67.76650475417985,62.15445349319882
2025-09-02 14:06:11.984431,1034,2,POINT (67.7616057520388 62.145735708043055),0.010000000000003523,67.7616057520388,62.145735708043055
2025-09-02 14:06:12.984431,1035,2,POINT (67.75716971743239 62.13677347634717),0.009999999999999011,67.75716971743239,62.13677347634717
2025-09-02 14:06:13.984431,1036,2,POINT (67.7532088092231 62.1275913629653),0.010000000000003352,67.7532088092231,62.1275913629653
2025-09-02 14:06:14.984431,1037,2,POINT (67.74973388398502 62.11821453543197),0.010000000000003579,67.74973388398502,62.11821453543197
2025-09-02 14:06:15.984431,1038,2,POINT (67.74675446624668 62.10866869497968),0.010000000000002958,67.74675446624668,62.10866869497968
2025-09-02 14:06:16.984431,1039,2,POINT (67.74427872238503 62.09898000609358),0.010000000000001062,67.74427872238503,62.09898000609358
2025-09-02 14:06:17.984431,1040,2,POINT (67.7423134382419 62.08917502479647),0.010000000000002996,67.7423134382419,62.08917502479647
2025-09-02 14:06:18.984431,1041,2,POINT (67.7408640005245 62.079280625860534),0.010000000000001447,67.7408640005245,62.079280625860534
2025-09-02 14:06:19.984431,1042,2,POINT (67.73984142019252 62.06832825947401),0.011000000000002388,67.73984142019252,62.06832825947401
2025-09-02 14:06:20.984431,1043,2,POINT (67.7393730812778 62.05683780001144),0.011500000000001346,67.7393730812778,62.05683780001144
2025-09-02 14:06:21.984431,1044,2,POINT (67.73950384258217 62.04558855997127),0.011249999999998584,67.73950384258217,62.04558855997127
2025-09-02 14:06:22.984431,1045,2,POINT (67.74025113804414 62.03392497537036),0.011687500000003601,67.74025113804414,62.03392497537036
2025-09-02 14:06:23.984431,1046,2,POINT (67.74156793138835 62.022657911895294),0.011343750000001153,67.74156793138835,62.022657911895294
2025-09-02 14:06:24.984431,1047,2,POINT (67.74344373415003 62.011644640128246),0.011171874999999646,67.74344373415003,62.011644640128246
2025-09-02 14:06:25.984431,1048,2,POINT (67.74599356811369 62.00029872424062),0.01162890624999824,67.74599356811369,62.00029872424062
2025-09-02 14:06:26.984431,1049,2,POINT (67.7490487955959 61.989404577438336),0.01131445312499893,67.7490487955959,61.989404577438336
2025-09-02 14:06:27.984431,1050,2,POINT (67.75261967115085 61.978834215460715),0.011157226562498191,67.75261967115085,61.978834215460715
2025-09-02 14:06:28.984431,1051,2,POINT (67.7567098393198 61.96853828439134),0.011078613281250363,67.7567098393198,61.96853828439134
2025-09-02 14:06:29.984431,1052,2,POINT (67.76131684571075 61.95850624655153),0.01103930664062552,67.76131684571075,61.95850624655153
2025-09-02 14:06:30.984431,1053,2,POINT (67.7664334492979 61.94874647570219),0.011019653320307205,67.7664334492979,61.94874647570219
2025-09-02 14:06:31.984431,1054,2,POINT (67.77204881578436 61.93927631507474),0.01100982666015981,67.77204881578436,61.93927631507474
2025-09-02 14:06:32.984431,1055,2,POINT (67.7781493928124 61.93011710783134),0.011004913330078803,67.7781493928124,61.93011710783134
2025-09-02 14:06:33.984431,1056,2,POINT (67.78471949808625 61.921291703061215),0.011002456665040787,67.78471949808625,61.921291703061215
2025-09-02 14:06:34.984431,1057,2,POINT (67.79174170119909 61.912823191487966),0.011001228332518796,67.79174170119909,61.912823191487966
2025-09-02 14:06:35.984431,1058,2,POINT (67.79851893266208 61.90547001981194),0.010000000000000744,67.79851893266208,61.90547001981194
2025-09-02 14:06:36.984431,1059,2,POINT (67.80567171143598 61.89848161829144),0.010000000000005477,67.80567171143598,61.89848161829144
2025-09-02 14:06:37.984431,1060,2,POINT (67.81318043225134 61.891877141649275),0.01000000000000204,67.81318043225134,61.891877141649275
2025-09-02 14:06:38.984431,1061,2,POINT (67.82102451422634 61.88567469229684),0.009999999999998337,67.82102451422634,61.88567469229684
2025-09-02 14:06:39.984431,1062,2,POINT (67.82918245727751 61.87989127071669),0.009999999999995684,67.82918245727751,61.87989127071669
2025-09-02 14:06:40.984431,1063,2,POINT (67.83763190105002 61.87454272886538),0.009999999999998423,67.83763190105002,61.87454272886538
2025-09-02 14:06:41.984431,1064,2,POINT (67.84634968620578 61.86964372672434),0.010000000000000042,67.84634968620578,61.86964372672434
2025-09-02 14:06:42.984431,1065,2,POINT (67.85531191790166 61.86520769211792),0.009999999999995795,67.85531191790166,61.86520769211792
2025-09-02 14:06:43.984431,1066,2,POINT (67.86449403128353 61.86124678390863),0.009999999999994012,67.86449403128353,61.86124678390863
2025-09-02 14:06:44.984431,1067,2,POINT (67.87387085881686 61.85777185867055),0.010000000000003579,67.87387085881686,61.85777185867055
2025-09-02 14:06:45.984431,1068,2,POINT (67.88341669926915 61.85479244093223),0.010000000000000842,67.88341669926915,61.85479244093223
2025-09-02 14:06:46.984431,1069,2,POINT (67.89310538815523 61.85231669707058),0.009999999999994177,67.89310538815523,61.85231669707058
2025-09-02 14:06:47.984431,1070,2,POINT (67.90291036945234 61.85035141292744),0.00999999999999603,67.90291036945234,61.85035141292744
2025-09-02 14:06:48.984431,1071,2,POINT (67.91280476838827 61.84890197521004),0.009999999999994416,67.91280476838827,61.84890197521004
2025-09-02 14:06:49.984431,1072,2,POINT (67.92276146510329 61.84797235672642),0.010000000000001064,67.92276146510329,61.84797235672642
2025-09-02 14:06:50.984431,1073,2,POINT (67.9327531689838 61.84756510549623),0.010000000000006374,67.9327531689838,61.84756510549623
2025-09-02 14:06:51.984431,1074,2,POINT (67.94275249346394 61.84768133776678),0.010000000000000385,67.94275249346394,61.84768133776678
2025-09-02 14:06:52.984431,1075,2,POINT (67.95273203109039 61.84832073495349),0.010000000000004727,67.95273203109039,61.84832073495349
2025-09-02 14:06:53.984431,1076,2,POINT (67.96266442864417 61.849481544513125),0.010000000000006658,67.96266442864417,61.849481544513125
2025-09-02 14:06:54.984431,1077,2,POINT (67.97252246211399 61.85116058474736),0.010000000000005244,67.97252246211399,61.85116058474736
2025-09-02 14:06:55.984431,1078,2,POINT (67.98227911131531 61.85335325352363),0.0100000000000032,67.98227911131531,61.85335325352363
2025-09-02 14:06:56.984431,1079,2,POINT (67.99190763395086 61.85605354088922),0.010000000000005487,67.99190763395086,61.85605354088922
2025-09-02 14:06:57.984431,1080,2,POINT (68.00138163890936 61.85925404554416),0.01000000000000453,68.00138163890936,61.85925404554416
2025-09-02 14:06:58.984431,1081,2,POINT (68.01067515860176 61.86294599512766),0.009999999999998226,68.01067515860176,61.86294599512766
2025-09-02 14:06:59.984431,1082,2,POINT (68.01976272013655 61.867119270262535),0.010000000000005416,68.01976272013655,61.867119270262535
2025-09-02 14:07:00.984431,1083,2,POINT (68.02861941513925 61.87176243229172),0.00999999999999731,68.02861941513925,61.87176243229172
2025-09-02 14:07:01.984431,1084,2,POINT (68.03722096802447 61.87686275463083),0.010000000000007107,68.03722096802447,61.87686275463083
2025-09-02 14:07:02.984431,1085,2,POINT (68.04554380253364 61.88240625765085),0.01000000000000308,68.04554380253364,61.88240625765085
2025-09-02 14:07:03.984431,1086,2,POINT (68.05356510635589 61.88837774699534),0.01000000000000686,68.05356510635589,61.88837774699534
2025-09-02 14:07:04.984431,1087,2,POINT (68.06126289365498 61.89476085522707),0.010000000000003883,68.06126289365498,61.89476085522707
2025-09-02 14:07:05.984431,1088,2,POINT (68.068616065331 61.90153808669006),0.00999999999999552,68.068616065331,61.90153808669006
2025-09-02 14:07:06.984431,1089,2,POINT (68.0756044668515 61.90869086546395),0.010000000000000396,68.0756044668515,61.90869086546395
2025-09-02 14:07:07.984431,1090,2,POINT (68.08220894349367 61.91619958627931),0.009999999999996706,68.08220894349367,61.91619958627931
2025-09-02 14:07:08.984431,1091,2,POINT (68.0884113928461 61.92404366825431),0.009999999999999504,68.0884113928461,61.92404366825431
2025-09-02 14:07:09.984431,1092,2,POINT (68.09419481442625 61.932201611305494),0.01000000000000148,68.09419481442625,61.932201611305494
2025-09-02 14:07:10.984431,1093,2,POINT (68.09954335627756 61.940651055078),0.010000000000002224,68.09954335627756,61.940651055078
2025-09-02 14:07:11.984431,1094,2,POINT (68.10444235841861 61.94936884023377),0.010000000000003523,68.10444235841861,61.94936884023377
2025-09-02 14:07:12.984431,1095,2,POINT (68.10887839302502 61.95833107192965),0.009999999999999011,68.10887839302502,61.95833107192965
2025-09-02 14:07:13.984431,1096,2,POINT (68.11283930123432 61.967513185311525),0.010000000000003352,68.11283930123432,61.967513185311525
2025-09-02 14:07:14.984431,1097,2,POINT (68.1163142264724 61.976890012844855),0.010000000000003579,68.1163142264724,61.976890012844855
2025-09-02 14:07:15.984431,1098,2,POINT (68.11929364421073 61.986435853297145),0.010000000000002958,68.11929364421073,61.986435853297145
2025-09-02 14:07:16.984431,1099,2,POINT (68.12176938807238 61.99612454218324),0.010000000000001062,68.12176938807238,61.99612454218324
2025-09-02 14:07:17.984431,1100,2,POINT (68.12373467221552 62.005929523480354),0.010000000000002996,68.12373467221552,62.005929523480354
2025-09-02 14:07:18.984431,1101,2,POINT (68.12518410993292 62.01582392241629),0.010000000000001447,68.12518410993292,62.01582392241629
2025-09-02 14:07:19.984431,1102,2,POINT (68.12611372841653 62.02578061913131),0.010000000000000403,68.12611372841653,62.02578061913131
2025-09-02 14:07:20.984431,1103,2,POINT (68.12652097964671 62.035772323011805),0.009999999999998984,68.12652097964671,62.035772323011805
2025-09-02 14:07:21.984431,1104,2,POINT (68.12640474737617 62.045771647491954),0.010000000000000302,68.12640474737617,62.045771647491954
2025-09-02 14:07:22.984431,1105,2,POINT (68.12576535018945 62.055751185118396),0.009999999999998092,68.12576535018945,62.055751185118396
2025-09-02 14:07:23.984431,1106,2,POINT (68.12460454062982 62.06568358267217),0.009999999999999601,68.12460454062982,62.06568358267217
2025-09-02 14:07:24.984431,1107,2,POINT (68.12292550039558 62.075541616141976),0.009999999999998241,68.12292550039558,62.075541616141976
2025-09-02 14:07:25.984431,1108,2,POINT (68.1207328316193 62.0852982653433),0.010000000000004759,68.1207328316193,62.0852982653433
2025-09-02 14:07:26.984431,1109,2,POINT (68.11803254425371 62.09492678797884),0.010000000000000564,68.11803254425371,62.09492678797884
2025-09-02 14:07:27.984431,1110,2,POINT (68.11483203959877 62.10440079293734),0.009999999999997797,68.11483203959877,62.10440079293734
2025-09-02 14:07:28.984431,1111,2,POINT (68.11114009001527 62.11369431262973),0.009999999999998226,68.11114009001527,62.11369431262973
2025-09-02 14:07:29.984431,1112,2,POINT (68.1069668148804 62.122781874164524),0.009999999999998958,68.1069668148804,62.122781874164524
2025-09-02 14:07:30.984431,1113,2,POINT (68.10232365285121 62.13163856916722),0.010000000000003603,68.10232365285121,62.13163856916722
2025-09-02 14:07:31.984431,1114,2,POINT (68.09722333051211 62.14024012205244),0.009999999999997372,68.09722333051211,62.14024012205244
2025-09-02 14:07:32.984431,1115,2,POINT (68.09167982749209 62.148562956561605),0.009999999999997166,68.09167982749209,62.148562956561605
2025-09-02 14:07:33.984431,1116,2,POINT (68.0857083381476 62.156584260383845),0.01000000000000116,68.0857083381476,62.156584260383845
2025-09-02 14:07:34.984431,1117,2,POINT (68.07932522991587 62.16428204768294),0.010000000000003883,68.07932522991587,62.16428204768294
2025-09-02 14:07:35.984431,1118,2,POINT (68.07254799845288 62.17163521935896),0.010000000000000744,68.07254799845288,62.17163521935896
2025-09-02 14:07:36.984431,1119,2,POINT (68.06539521967898 62.17862362087946),0.010000000000005477,68.06539521967898,62.17862362087946
2025-09-02 14:07:37.984431,1120,2,POINT (68.05788649886361 62.18522809752163),0.01000000000000204,68.05788649886361,62.18522809752163
2025-09-02 14:07:38.984431,1121,2,POINT (68.05004241688862 62.19143054687407),0.009999999999998337,68.05004241688862,62.19143054687407
2025-09-02 14:07:39.984431,1122,2,POINT (68.04188447383744 62.197213968454214),0.009999999999995684,68.04188447383744,62.197213968454214
2025-09-02 14:07:40.984431,1123,2,POINT (68.03343503006494 62.202562510305526),0.009999999999998423,68.03343503006494,62.202562510305526
2025-09-02 14:07:41.984431,1124,2,POINT (68.02471724490917 62.207461512446564),0.010000000000000042,68.02471724490917,62.207461512446564
2025-09-02 14:07:42.984431,1125,2,POINT (68.0157550132133 62.211897547052985),0.009999999999995795,68.0157550132133,62.211897547052985
2025-09-02 14:07:43.984431,1126,2,POINT (68.00657289983143 62.21585845526227),0.009999999999994012,68.00657289983143,62.21585845526227
2025-09-02 14:07:44.984431,1127,2,POINT (67.9971960722981 62.21933338050035),0.010000000000003579,67.9971960722981,62.21933338050035
2025-09-02 14:07:45.984431,1128,2,POINT (67.9876502318458 62.222312798238676),0.010000000000000842,67.9876502318458,62.222312798238676
2025-09-02 14:07:46.984431,1129,2,POINT (67.97796154295972 62.22478854210033),0.009999999999994177,67.97796154295972,62.22478854210033
2025-09-02 14:07:47.984431,1130,2,POINT (67.96815656166261 62.22675382624347),0.00999999999999603,67.96815656166261,62.22675382624347
2025-09-02 14:07:48.984431,1131,2,POINT (67.95826216272668 62.22820326396086),0.009999999999993386,67.95826216272668,62.22820326396086
2025-09-02 14:07:49.984431,1132,2,POINT (67.94830546601166 62.229132882444475),0.010000000000001064,67.94830546601166,62.229132882444475
2025-09-02 14:07:50.984431,1133,2,POINT (67.93831376213116 62.22954013367467),0.010000000000006374,67.93831376213116,62.22954013367467
2025-09-02 14:07:51.984431,1134,2,POINT (67.92831443765101 62.22942390140412),0.010000000000000385,67.92831443765101,62.22942390140412
2025-09-02 14:07:52.984431,1135,2,POINT (67.91833490002456 62.2287845042174),0.010000000000005182,67.91833490002456,62.2287845042174
2025-09-02 14:07:53.984431,1136,2,POINT (67.90840250247078 62.227623694657765),0.010000000000006658,67.90840250247078,62.227623694657765
2025-09-02 14:07:54.984431,1137,2,POINT (67.89854446900097 62.22594465442353),0.010000000000005244,67.89854446900097,62.22594465442353
2025-09-02 14:07:55.984431,1138,2,POINT (67.88878781979965 62.22375198564726),0.0100000000000032,67.88878781979965,62.22375198564726
2025-09-02 14:07:56.984431,1139,2,POINT (67.8791592971641 62.22105169828167),0.010000000000005487,67.8791592971641,62.22105169828167
2025-09-02 14:07:57.984431,1140,2,POINT (67.86968529220559 62.21785119362673),0.01000000000000453,67.86968529220559,62.21785119362673
2025-09-02 14:07:58.984431,1141,2,POINT (67.8603917725132 62.21415924404323),0.009999999999998226,67.8603917725132,62.21415924404323
2025-09-02 14:07:59.984431,1142,2,POINT (67.8513042109784 62.209985968908356),0.010000000000005416,67.8513042109784,62.209985968908356
2025-09-02 14:08:00.984431,1143,2,POINT (67.8424475159757 62.20534280687917),0.00999999999999731,67.8424475159757,62.20534280687917
2025-09-02 14:08:01.984431,1144,2,POINT (67.83384596309048 62.20024248454006),0.010000000000007107,67.83384596309048,62.20024248454006
2025-09-02 14:08:02.984431,1145,2,POINT (67.82552312858131 62.19469898152004),0.01000000000000308,67.82552312858131,62.19469898152004
2025-09-02 14:08:03.984431,1146,2,POINT (67.81750182475906 62.18872749217555),0.01000000000000686,67.81750182475906,62.18872749217555
2025-09-02 14:08:04.984431,1147,2,POINT (67.80980403745997 62.18234438394382),0.010000000000003883,67.80980403745997,62.18234438394382
2025-09-02 14:08:05.984431,1148,2,POINT (67.80245086578395 62.17556715248083),0.00999999999999552,67.80245086578395,62.17556715248083
2025-09-02 14:08:06.984431,1149,2,POINT (67.79546246426345 62.16841437370694),0.010000000000000396,67.79546246426345,62.16841437370694
2025-09-02 14:08:07.984431,1150,2,POINT (67.78885798762128 62.16090565289158),0.009999999999996706,67.78885798762128,62.16090565289158
2025-09-02 14:08:08.984431,1151,2,POINT (67.78265553826886 62.15306157091658),0.009999999999999504,67.78265553826886,62.15306157091658
2025-09-02 14:08:09.984431,1152,2,POINT (67.77687211668871 62.144903627865396),0.01000000000000148,67.77687211668871,62.144903627865396
2025-09-02 14:08:10.984431,1153,2,POINT (67.77152357483739 62.13645418409289),0.010000000000002224,67.77152357483739,62.13645418409289
2025-09-02 14:08:11.984431,1154,2,POINT (67.76662457269634 62.127736398937124),0.010000000000003523,67.76662457269634,62.127736398937124
2025-09-02 14:08:12.984431,1155,2,POINT (67.76218853808993 62.11877416724124),0.009999999999999011,67.76218853808993,62.11877416724124
2025-09-02 14:08:13.984431,1156,2,POINT (67.75822762988064 62.109592053859366),0.010000000000003352,67.75822762988064,62.109592053859366
2025-09-02 14:08:14.984431,1157,2,POINT (67.75475270464256 62.100215226326036),0.010000000000003579,67.75475270464256,62.100215226326036
2025-09-02 14:08:15.984431,1158,2,POINT (67.75177328690422 62.090669385873746),0.010000000000002958,67.75177328690422,62.090669385873746
2025-09-02 14:08:16.984431,1159,2,POINT (67.74929754304257 62.08098069698765),0.010000000000001062,67.74929754304257,62.08098069698765
2025-09-02 14:08:17.984431,1160,2,POINT (67.74733225889943 62.071175715690536),0.010000000000002996,67.74733225889943,62.071175715690536
2025-09-02 14:08:18.984431,1161,2,POINT (67.74588282118204 62.0612813167546),0.010000000000001447,67.74588282118204,62.0612813167546
2025-09-02 14:08:19.984431,1162,2,POINT (67.74495320269843 62.05132462003958),0.010000000000000403,67.74495320269843,62.05132462003958
2025-09-02 14:08:20.984431,1163,2,POINT (67.74454595146824 62.041332916159085),0.009999999999998984,67.74454595146824,62.041332916159085
2025-09-02 14:08:21.984431,1164,2,POINT (67.74466218373878 62.03133359167894),0.010000000000000302,67.74466218373878,62.03133359167894
2025-09-02 14:08:22.984431,1165,2,POINT (67.7453015809255 62.021354054052495),0.009999999999998092,67.7453015809255,62.021354054052495
2025-09-02 14:08:23.984431,1166,2,POINT (67.74646239048514 62.01142165649872),0.009999999999999601,67.74646239048514,62.01142165649872
2025-09-02 14:08:24.984431,1167,2,POINT (67.74814143071937 62.001563623028915),0.009999999999998241,67.74814143071937,62.001563623028915
2025-09-02 14:08:25.984431,1168,2,POINT (67.75033409949565 61.99180697382759),0.010000000000004759,67.75033409949565,61.99180697382759
2025-09-02 14:08:26.984431,1169,2,POINT (67.75303438686124 61.98217845119205),0.010000000000000564,67.75303438686124,61.98217845119205
2025-09-02 14:08:27.984431,1170,2,POINT (67.75623489151619 61.97270444623355),0.009999999999997797,67.75623489151619,61.97270444623355
2025-09-02 14:08:28.984431,1171,2,POINT (67.75992684109968 61.96341092654116),0.009999999999998226,67.75992684109968,61.96341092654116
2025-09-02 14:08:29.984431,1172,2,POINT (67.76410011623456 61.95432336500637),0.009999999999998958,67.76410011623456,61.95432336500637
2025-09-02 14:08:30.984431,1173,2,POINT (67.76874327826374 61.94546667000367),0.010000000000003603,67.76874327826374,61.94546667000367
2025-09-02 14:08:31.984431,1174,2,POINT (67.77384360060285 61.93686511711845),0.009999999999997372,67.77384360060285,61.93686511711845
2025-09-02 14:08:32.984431,1175,2,POINT (67.77938710362287 61.928542282609286),0.009999999999997166,67.77938710362287,61.928542282609286
2025-09-02 14:08:33.984431,1176,2,POINT (67.78535859296736 61.920520978787046),0.01000000000000116,67.78535859296736,61.920520978787046
2025-09-02 14:08:34.984431,1177,2,POINT (67.79174170119909 61.91282319148795),0.010000000000003883,67.79174170119909,61.91282319148795
2025-09-02 14:08:35.984431,1178,2,POINT (67.79851893266208 61.90547001981193),0.010000000000000744,67.79851893266208,61.90547001981193
2025-09-02 14:08:36.984431,1179,2,POINT (67.80567171143598 61.89848161829143),0.010000000000005477,67.80567171143598,61.89848161829143
2025-09-02 14:08:37.984431,1180,2,POINT (67.81318043225134 61.89187714164926),0.01000000000000204,67.81318043225134,61.89187714164926
2025-09-02 14:08:38.984431,1181,2,POINT (67.82102451422634 61.885674692296824),0.009999999999998337,67.82102451422634,61.885674692296824
2025-09-02 14:08:39.984431,1182,2,POINT (67.82918245727751 61.879891270716676),0.009999999999995684,67.82918245727751,61.879891270716676
2025-09-02 14:08:40.984431,1183,2,POINT (67.83763190105002 61.874542728865364),0.009999999999998423,67.83763190105002,61.874542728865364
2025-09-02 14:08:41.984431,1184,2,POINT (67.84634968620578 61.86964372672433),0.010000000000000042,67.84634968620578,61.86964372672433
2025-09-02 14:08:42.984431,1185,2,POINT (67.85531191790166 61.865207692117906),0.009999999999995795,67.85531191790166,61.865207692117906
2025-09-02 14:08:43.984431,1186,2,POINT (67.86449403128353 61.86124678390862),0.009999999999994012,67.86449403128353,61.86124678390862
2025-09-02 14:08:44.984431,1187,2,POINT (67.87387085881686 61.85777185867054),0.010000000000003579,67.87387085881686,61.85777185867054
2025-09-02 14:08:45.984431,1188,2,POINT (67.88341669926915 61.854792440932215),0.010000000000000842,67.88341669926915,61.854792440932215
2025-09-02 14:08:46.984431,1189,2,POINT (67.89310538815523 61.85231669707056),0.009999999999994177,67.89310538815523,61.85231669707056
2025-09-02 14:08:47.984431,1190,2,POINT (67.90291036945234 61.850351412927424),0.00999999999999603,67.90291036945234,61.850351412927424
2025-09-02 14:08:48.984431,1191,2,POINT (67.91280476838827 61.848901975210026),0.009999999999994416,67.91280476838827,61.848901975210026
2025-09-02 14:08:49.984431,1192,2,POINT (67.92276146510329 61.84797235672641),0.010000000000001064,67.92276146510329,61.84797235672641
2025-09-02 14:08:50.984431,1193,2,POINT (67.9327531689838 61.847565105496216),0.010000000000006374,67.9327531689838,61.847565105496216
2025-09-02 14:08:51.984431,1194,2,POINT (67.94275249346394 61.847681337766765),0.010000000000000385,67.94275249346394,61.847681337766765
2025-09-02 14:08:52.984431,1195,2,POINT (67.95273203109039 61.848320734953475),0.010000000000004727,67.95273203109039,61.848320734953475
2025-09-02 14:08:53.984431,1196,2,POINT (67.96266442864417 61.84948154451311),0.010000000000006658,67.96266442864417,61.84948154451311
2025-09-02 14:08:54.984431,1197,2,POINT (67.97252246211399 61.85116058474735),0.010000000000005244,67.97252246211399,61.85116058474735
2025-09-02 14:08:55.984431,1198,2,POINT (67.98227911131531 61.853353253523615),0.0100000000000032,67.98227911131531,61.853353253523615
2025-09-02 14:08:56.984431,1199,2,POINT (67.99190763395086 61.85605354088921),0.010000000000005487,67.99190763395086,61.85605354088921
2025-09-02 14:08:57.984431,1200,2,POINT (68.00138163890936 61.85925404554415),0.01000000000000453,68.00138163890936,61.85925404554415
2025-09-02 14:08:58.984431,1201,2,POINT (68.01067515860176 61.862945995127646),0.009999999999998226,68.01067515860176,61.862945995127646
2025-09-02 14:08:59.984431,1202,2,POINT (68.01976272013655 61.86711927026252),0.010000000000005416,68.01976272013655,61.86711927026252
2025-09-02 14:09:00.984431,1203,2,POINT (68.02861941513925 61.8717624322917),0.00999999999999731,68.02861941513925,61.8717624322917
2025-09-02 14:09:01.984431,1204,2,POINT (68.03722096802447 61.876862754630814),0.010000000000007107,68.03722096802447,61.876862754630814
2025-09-02 14:09:02.984431,1205,2,POINT (68.04554380253364 61.882406257650835),0.01000000000000308,68.04554380253364,61.882406257650835
2025-09-02 14:09:03.984431,1206,2,POINT (68.05356510635589 61.888377746995324),0.01000000000000686,68.05356510635589,61.888377746995324
2025-09-02 14:09:04.984431,1207,2,POINT (68.06126289365498 61.894760855227055),0.010000000000003883,68.06126289365498,61.894760855227055
2025-09-02 14:09:05.984431,1208,2,POINT (68.068616065331 61.901538086690046),0.00999999999999552,68.068616065331,61.901538086690046
2025-09-02 14:09:06.984431,1209,2,POINT (68.0756044668515 61.90869086546394),0.010000000000000396,68.0756044668515,61.90869086546394
2025-09-02 14:09:07.984431,1210,2,POINT (68.08220894349367 61.9161995862793),0.009999999999996706,68.08220894349367,61.9161995862793
2025-09-02 14:09:08.984431,1211,2,POINT (68.0884113928461 61.9240436682543),0.009999999999999504,68.0884113928461,61.9240436682543
2025-09-02 14:09:09.984431,1212,2,POINT (68.09419481442625 61.93220161130548),0.01000000000000148,68.09419481442625,61.93220161130548
2025-09-02 14:09:10.984431,1213,2,POINT (68.09954335627756 61.940651055077986),0.010000000000002224,68.09954335627756,61.940651055077986
2025-09-02 14:09:11.984431,1214,2,POINT (68.10444235841861 61.94936884023375),0.010000000000003523,68.10444235841861,61.94936884023375
2025-09-02 14:09:12.984431,1215,2,POINT (68.10887839302502 61.958331071929635),0.009999999999999011,68.10887839302502,61.958331071929635
2025-09-02 14:09:13.984431,1216,2,POINT (68.11283930123432 61.96751318531151),0.010000000000003352,68.11283930123432,61.96751318531151
2025-09-02 14:09:14.984431,1217,2,POINT (68.1163142264724 61.97689001284484),0.010000000000003579,68.1163142264724,61.97689001284484
2025-09-02 14:09:15.984431,1218,2,POINT (68.11929364421073 61.98643585329713),0.010000000000002958,68.11929364421073,61.98643585329713
2025-09-02 14:09:16.984431,1219,2,POINT (68.12176938807238 61.996124542183225),0.010000000000001062,68.12176938807238,61.996124542183225
2025-09-02 14:09:17.984431,1220,2,POINT (68.12373467221552 62.00592952348034),0.010000000000002996,68.12373467221552,62.00592952348034
2025-09-02 14:09:18.984431,1221,2,POINT (68.12518410993292 62.015823922416274),0.010000000000001447,68.12518410993292,62.015823922416274
2025-09-02 14:09:19.984431,1222,2,POINT (68.12611372841653 62.0257806191313),0.010000000000000403,68.12611372841653,62.0257806191313
2025-09-02 14:09:20.984431,1223,2,POINT (68.12652097964671 62.03577232301179),0.009999999999998984,68.12652097964671,62.03577232301179
2025-09-02 14:09:21.984431,1224,2,POINT (68.12640474737617 62.04577164749194),0.010000000000000302,68.12640474737617,62.04577164749194
2025-09-02 14:09:22.984431,1225,2,POINT (68.12576535018945 62.05575118511838),0.009999999999998092,68.12576535018945,62.05575118511838
2025-09-02 14:09:23.984431,1226,2,POINT (68.12460454062982 62.06568358267216),0.009999999999999601,68.12460454062982,62.06568358267216
2025-09-02 14:09:24.984431,1227,2,POINT (68.12292550039558 62.07554161614196),0.009999999999998241,68.12292550039558,62.07554161614196
2025-09-02 14:09:25.984431,1228,2,POINT (68.1207328316193 62.08529826534328),0.010000000000004759,68.1207328316193,62.08529826534328
2025-09-02 14:09:26.984431,1229,2,POINT (68.11803254425371 62.09492678797883),0.010000000000000564,68.11803254425371,62.09492678797883
2025-09-02 14:09:27.984431,1230,2,POINT (68.11483203959877 62.10440079293733),0.009999999999997797,68.11483203959877,62.10440079293733
2025-09-02 14:09:28.984431,1231,2,POINT (68.11114009001527 62.11369431262972),0.009999999999998226,68.11114009001527,62.11369431262972
2025-09-02 14:09:29.984431,1232,2,POINT (68.1069668148804 62.12278187416451),0.009999999999998958,68.1069668148804,62.12278187416451
2025-09-02 14:09:30.984431,1233,2,POINT (68.10232365285121 62.13163856916721),0.010000000000003603,68.10232365285121,62.13163856916721
2025-09-02 14:09:31.984431,1234,2,POINT (68.09722333051211 62.140240122052425),0.009999999999997372,68.09722333051211,62.140240122052425
2025-09-02 14:09:32.984431,1235,2,POINT (68.09167982749209 62.14856295656159),0.009999999999997166,68.09167982749209,62.14856295656159
2025-09-02 14:09:33.984431,1236,2,POINT (68.0857083381476 62.15658426038383),0.01000000000000116,68.0857083381476,62.15658426038383
2025-09-02 14:09:34.984431,1237,2,POINT (68.07932522991587 62.164282047682924),0.010000000000003883,68.07932522991587,62.164282047682924
2025-09-02 14:09:35.984431,1238,2,POINT (68.07254799845288 62.17163521935895),0.010000000000000744,68.07254799845288,62.17163521935895
2025-09-02 14:09:36.984431,1239,2,POINT (68.06539521967898 62.17862362087945),0.010000000000005477,68.06539521967898,62.17862362087945
2025-09-02 14:09:37.984431,1240,2,POINT (68.05788649886361 62.185228097521616),0.01000000000000204,68.05788649886361,62.185228097521616
2025-09-02 14:09:38.984431,1241,2,POINT (68.05004241688862 62.19143054687405),0.009999999999998337,68.05004241688862,62.19143054687405
2025-09-02 14:09:39.984431,1242,2,POINT (68.04188447383744 62.1972139684542),0.009999999999995684,68.04188447383744,62.1972139684542
2025-09-02 14:09:40.984431,1243,2,POINT (68.03343503006494 62.20256251030551),0.009999999999998423,68.03343503006494,62.20256251030551
2025-09-02 14:09:41.984431,1244,2,POINT (68.02471724490917 62.20746151244655),0.010000000000000042,68.02471724490917,62.20746151244655
2025-09-02 14:09:42.984431,1245,2,POINT (68.0157550132133 62.21189754705297),0.009999999999995795,68.0157550132133,62.21189754705297
2025-09-02 14:09:43.984431,1246,2,POINT (68.00657289983143 62.21585845526226),0.009999999999994012,68.00657289983143,62.21585845526226
2025-09-02 14:09:44.984431,1247,2,POINT (67.9971960722981 62.21933338050034),0.010000000000003579,67.9971960722981,62.21933338050034
2025-09-02 14:09:45.984431,1248,2,POINT (67.9876502318458 62.22231279823866),0.010000000000000842,67.9876502318458,62.22231279823866
2025-09-02 14:09:46.984431,1249,2,POINT (67.97796154295972 62.22478854210031),0.009999999999994177,67.97796154295972,62.22478854210031
2025-09-02 14:09:47.984431,1250,2,POINT (67.96815656166261 62.22675382624345),0.00999999999999603,67.96815656166261,62.22675382624345
2025-09-02 14:09:48.984431,1251,2,POINT (67.95826216272668 62.22820326396084),0.009999999999993386,67.95826216272668,62.22820326396084
2025-09-02 14:09:49.984431,1252,2,POINT (67.94830546601166 62.22913288244446),0.010000000000001064,67.94830546601166,62.22913288244446
2025-09-02 14:09:50.984431,1253,2,POINT (67.93831376213116 62.229540133674654),0.010000000000006374,67.93831376213116,62.229540133674654
2025-09-02 14:09:51.984431,1254,2,POINT (67.92831443765101 62.229423901404104),0.010000000000000385,67.92831443765101,62.229423901404104
2025-09-02 14:09:52.984431,1255,2,POINT (67.91833490002456 62.22878450421739),0.010000000000005182,67.91833490002456,62.22878450421739
2025-09-02 14:09:53.984431,1256,2,POINT (67.90840250247078 62.22762369465775),0.010000000000006658,67.90840250247078,62.22762369465775
2025-09-02 14:09:54.984431,1257,2,POINT (67.89854446900097 62.225944654423515),0.010000000000005244,67.89854446900097,62.225944654423515
2025-09-02 14:09:55.984431,1258,2,POINT (67.88878781979965 62.22375198564725),0.0100000000000032,67.88878781979965,62.22375198564725
2025-09-02 14:09:56.984431,1259,2,POINT (67.8791592971641 62.221051698281656),0.010000000000005487,67.8791592971641,62.221051698281656
2025-09-02 14:09:57.984431,1260,2,POINT (67.86968529220559 62.217851193626714),0.01000000000000453,67.86968529220559,62.217851193626714
2025-09-02 14:09:58.984431,1261,2,POINT (67.8603917725132 62.214159244043216),0.009999999999998226,67.8603917725132,62.214159244043216
2025-09-02 14:09:59.984431,1262,2,POINT (67.8513042109784 62.20998596890834),0.010000000000005416,67.8513042109784,62.20998596890834
2025-09-02 14:10:00.984431,1263,2,POINT (67.8424475159757 62.20534280687916),0.00999999999999731,67.8424475159757,62.20534280687916
2025-09-02 14:10:01.984431,1264,2,POINT (67.83384596309048 62.20024248454005),0.010000000000007107,67.83384596309048,62.20024248454005
2025-09-02 14:10:02.984431,1265,2,POINT (67.82552312858131 62.19469898152003),0.01000000000000308,67.82552312858131,62.19469898152003
2025-09-02 14:10:03.984431,1266,2,POINT (67.81750182475906 62.18872749217554),0.01000000000000686,67.81750182475906,62.18872749217554
2025-09-02 14:10:04.984431,1267,2,POINT (67.80980403745997 62.18234438394381),0.010000000000003883,67.80980403745997,62.18234438394381
2025-09-02 14:10:05.984431,1268,2,POINT (67.80245086578395 62.175567152480816),0.00999999999999552,67.80245086578395,62.175567152480816
2025-09-02 14:10:06.984431,1269,2,POINT (67.79546246426345 62.16841437370692),0.010000000000000396,67.79546246426345,62.16841437370692
2025-09-02 14:10:07.984431,1270,2,POINT (67.78885798762128 62.160905652891564),0.009999999999996706,67.78885798762128,62.160905652891564
2025-09-02 14:10:08.984431,1271,2,POINT (67.78265553826886 62.15306157091656),0.009999999999999504,67.78265553826886,62.15306157091656
2025-09-02 14:10:09.984431,1272,2,POINT (67.77687211668871 62.14490362786538),0.01000000000000148,67.77687211668871,62.14490362786538
2025-09-02 14:10:10.984431,1273,2,POINT (67.77152357483739 62.13645418409288),0.010000000000002224,67.77152357483739,62.13645418409288
2025-09-02 14:10:11.984431,1274,2,POINT (67.76662457269634 62.12773639893711),0.010000000000003523,67.76662457269634,62.12773639893711
2025-09-02 14:10:12.984431,1275,2,POINT (67.76218853808993 62.11877416724123),0.009999999999999011,67.76218853808993,62.11877416724123
2025-09-02 14:10:13.984431,1276,2,POINT (67.75822762988064 62.10959205385935),0.010000000000003352,67.75822762988064,62.10959205385935
2025-09-02 14:10:14.984431,1277,2,POINT (67.75475270464256 62.10021522632602),0.010000000000003579,67.75475270464256,62.10021522632602
2025-09-02 14:10:15.984431,1278,2,POINT (67.75177328690422 62.09066938587373),0.010000000000002958,67.75177328690422,62.09066938587373
2025-09-02 14:10:16.984431,1279,2,POINT (67.74929754304257 62.08098069698764),0.010000000000001062,67.74929754304257,62.08098069698764
2025-09-02 14:10:17.984431,1280,2,POINT (67.74733225889943 62.07117571569052),0.010000000000002996,67.74733225889943,62.07117571569052
2025-09-02 14:10:18.984431,1281,2,POINT (67.74588282118204 62.06128131675459),0.010000000000001447,67.74588282118204,62.06128131675459
2025-09-02 14:10:19.984431,1282,2,POINT (67.74495320269843 62.051324620039566),0.010000000000000403,67.74495320269843,62.051324620039566
2025-09-02 14:10:20.984431,1283,2,POINT (67.74454595146824 62.04133291615907),0.009999999999998984,67.74454595146824,62.04133291615907
2025-09-02 14:10:21.984431,1284,2,POINT (67.74466218373878 62.03133359167892),0.010000000000000302,67.74466218373878,62.03133359167892
2025-09-02 14:10:22.984431,1285,2,POINT (67.7453015809255 62.02135405405248),0.009999999999998092,67.7453015809255,62.02135405405248
2025-09-02 14:10:23.984431,1286,2,POINT (67.74646239048514 62.011421656498705),0.009999999999999601,67.74646239048514,62.011421656498705
2025-09-02 14:10:24.984431,1287,2,POINT (67.74814143071937 62.0015636230289),0.009999999999998241,67.74814143071937,62.0015636230289
2025-09-02 14:10:25.984431,1288,2,POINT (67.75033409949565 61.99180697382758),0.010000000000004759,67.75033409949565,61.99180697382758
2025-09-02 14:10:26.984431,1289,2,POINT (67.75303438686124 61.982178451192034),0.010000000000000564,67.75303438686124,61.982178451192034
2025-09-02 14:10:27.984431,1290,2,POINT (67.75623489151619 61.972704446233536),0.009999999999997797,67.75623489151619,61.972704446233536
2025-09-02 14:10:28.984431,1291,2,POINT (67.75992684109968 61.963410926541144),0.009999999999998226,67.75992684109968,61.963410926541144
2025-09-02 14:10:29.984431,1292,2,POINT (67.76410011623456 61.95432336500635),0.009999999999998958,67.76410011623456,61.95432336500635
2025-09-02 14:10:30.984431,1293,2,POINT (67.76874327826374 61.945466670003654),0.010000000000003603,67.76874327826374,61.945466670003654
2025-09-02 14:10:31.984431,1294,2,POINT (67.77384360060285 61.93686511711844),0.009999999999997372,67.77384360060285,61.93686511711844
2025-09-02 14:10:32.984431,1295,2,POINT (67.77938710362287 61.92854228260927),0.009999999999997166,67.77938710362287,61.92854228260927
2025-09-02 14:10:33.984431,1296,2,POINT (67.78535859296736 61.92052097878703),0.01000000000000116,67.78535859296736,61.92052097878703
2025-09-02 14:10:34.984431,1297,2,POINT (67.79174170119909 61.91282319148794),0.010000000000003883,67.79174170119909,61.91282319148794
2025-09-02 14:10:35.984431,1298,2,POINT (67.79851893266208 61.905470019811915),0.010000000000000744,67.79851893266208,61.905470019811915
2025-09-02 14:10:36.984431,1299,2,POINT (67.80567171143598 61.89848161829141),0.010000000000005477,67.80567171143598,61.89848161829141
2025-09-02 14:10:37.984431,1300,2,POINT (67.81318043225134 61.891877141649246),0.01000000000000204,67.81318043225134,61.891877141649246
2025-09-02 14:10:38.984431,1301,2,POINT (67.82102451422634 61.88567469229681),0.009999999999998337,67.82102451422634,61.88567469229681
2025-09-02 14:10:39.984431,1302,2,POINT (67.82918245727751 61.87989127071666),0.009999999999995684,67.82918245727751,61.87989127071666
2025-09-02 14:10:40.984431,1303,2,POINT (67.83763190105002 61.87454272886535),0.009999999999998423,67.83763190105002,61.87454272886535
2025-09-02 14:10:41.984431,1304,2,POINT (67.84634968620578 61.86964372672431),0.010000000000000042,67.84634968620578,61.86964372672431
2025-09-02 14:10:42.984431,1305,2,POINT (67.85531191790166 61.86520769211789),0.009999999999995795,67.85531191790166,61.86520769211789
2025-09-02 14:10:43.984431,1306,2,POINT (67.86449403128353 61.861246783908605),0.009999999999994012,67.86449403128353,61.861246783908605
2025-09-02 14:10:44.984431,1307,2,POINT (67.87387085881686 61.857771858670525),0.010000000000003579,67.87387085881686,61.857771858670525
2025-09-02 14:10:45.984431,1308,2,POINT (67.88341669926915 61.8547924409322),0.010000000000000842,67.88341669926915,61.8547924409322
2025-09-02 14:10:46.984431,1309,2,POINT (67.89310538815523 61.85231669707055),0.009999999999994177,67.89310538815523,61.85231669707055
2025-09-02 14:10:47.984431,1310,2,POINT (67.90291036945234 61.85035141292741),0.00999999999999603,67.90291036945234,61.85035141292741
2025-09-02 14:10:48.984431,1311,2,POINT (67.91280476838827 61.84890197521002),0.009999999999993386,67.91280476838827,61.84890197521002
2025-09-02 14:10:49.984431,1312,2,POINT (67.92276146510329 61.8479723567264),0.010000000000001064,67.92276146510329,61.8479723567264
2025-09-02 14:10:50.984431,1313,2,POINT (67.9327531689838 61.84756510549621),0.010000000000006374,67.9327531689838,61.84756510549621
2025-09-02 14:10:51.984431,1314,2,POINT (67.94275249346394 61.84768133776676),0.010000000000000385,67.94275249346394,61.84768133776676
2025-09-02 14:10:52.984431,1315,2,POINT (67.95273203109039 61.848320734953475),0.010000000000005182,67.95273203109039,61.848320734953475
2025-09-02 14:10:53.984431,1316,2,POINT (67.96266442864417 61.84948154451311),0.010000000000006658,67.96266442864417,61.84948154451311
2025-09-02 14:10:54.984431,1317,2,POINT (67.97252246211399 61.85116058474735),0.010000000000005244,67.97252246211399,61.85116058474735
2025-09-02 14:10:55.984431,1318,2,POINT (67.98227911131531 61.853353253523615),0.0100000000000032,67.98227911131531,61.853353253523615
2025-09-02 14:10:56.984431,1319,2,POINT (67.99190763395086 61.85605354088921),0.010000000000005487,67.99190763395086,61.85605354088921
2025-09-02 14:10:57.984431,1320,2,POINT (68.00138163890936 61.85925404554415),0.01000000000000453,68.00138163890936,61.85925404554415
2025-09-02 14:10:58.984431,1321,2,POINT (68.01067515860176 61.862945995127646),0.009999999999998226,68.01067515860176,61.862945995127646
2025-09-02 14:10:59.984431,1322,2,POINT (68.01976272013655 61.86711927026252),0.010000000000005416,68.01976272013655,61.86711927026252
2025-09-02 14:11:00.984431,1323,2,POINT (68.02861941513925 61.8717624322917),0.00999999999999731,68.02861941513925,61.8717624322917
2025-09-02 14:11:01.984431,1324,2,POINT (68.03722096802447 61.876862754630814),0.010000000000007107,68.03722096802447,61.876862754630814
2025-09-02 14:11:02.984431,1325,2,POINT (68.04554380253364 61.882406257650835),0.01000000000000308,68.04554380253364,61.882406257650835
2025-09-02 14:11:03.984431,1326,2,POINT (68.05356510635589 61.888377746995324),0.01000000000000686,68.05356510635589,61.888377746995324
2025-09-02 14:11:04.984431,1327,2,POINT (68.06126289365498 61.894760855227055),0.010000000000003883,68.06126289365498,61.894760855227055
2025-09-02 14:11:05.984431,1328,2,POINT (68.068616065331 61.901538086690046),0.00999999999999552,68.068616065331,61.901538086690046
2025-09-02 14:11:06.984431,1329,2,POINT (68.0756044668515 61.90869086546394),0.010000000000000396,68.0756044668515,61.90869086546394
2025-09-02 14:11:07.984431,1330,2,POINT (68.08220894349367 61.9161995862793),0.009999999999996706,68.08220894349367,61.9161995862793
2025-09-02 14:11:08.984431,1331,2,POINT (68.0884113928461 61.9240436682543),0.009999999999999504,68.0884113928461,61.9240436682543
2025-09-02 14:11:09.984431,1332,2,POINT (68.09419481442625 61.93220161130548),0.01000000000000148,68.09419481442625,61.93220161130548
2025-09-02 14:11:10.984431,1333,2,POINT (68.09954335627756 61.940651055077986),0.010000000000002224,68.09954335627756,61.940651055077986
2025-09-02 14:11:11.984431,1334,2,POINT (68.10444235841861 61.94936884023375),0.010000000000003523,68.10444235841861,61.94936884023375
2025-09-02 14:11:12.984431,1335,2,POINT (68.10887839302502 61.958331071929635),0.009999999999999011,68.10887839302502,61.958331071929635
2025-09-02 14:11:13.984431,1336,2,POINT (68.11283930123432 61.96751318531151),0.010000000000003352,68.11283930123432,61.96751318531151
2025-09-02 14:11:14.984431,1337,2,POINT (68.1163142264724 61.97689001284484),0.010000000000003579,68.1163142264724,61.97689001284484
2025-09-02 14:11:15.984431,1338,2,POINT (68.11929364421073 61.98643585329713),0.010000000000002958,68.11929364421073,61.98643585329713
2025-09-02 14:11:16.984431,1339,2,POINT (68.12176938807238 61.996124542183225),0.010000000000001062,68.12176938807238,61.996124542183225
2025-09-02 14:11:17.984431,1340,2,POINT (68.12373467221552 62.00592952348034),0.010000000000002996,68.12373467221552,62.00592952348034
2025-09-02 14:11:18.984431,1341,2,POINT (68.12518410993292 62.015823922416274),0.010000000000001447,68.12518410993292,62.015823922416274
2025-09-02 14:11:19.984431,1342,2,POINT (68.12611372841653 62.0257806191313),0.010000000000000403,68.12611372841653,62.0257806191313
2025-09-02 14:11:20.984431,1343,2,POINT (68.12652097964671 62.03577232301179),0.009999999999998984,68.12652097964671,62.03577232301179
2025-09-02 14:11:21.984431,1344,2,POINT (68.12640474737617 62.04577164749194),0.010000000000000302,68.12640474737617,62.04577164749194
2025-09-02 14:11:22.984431,1345,2,POINT (68.12576535018945 62.05575118511838),0.009999999999998092,68.12576535018945,62.05575118511838
2025-09-02 14:11:23.984431,1346,2,POINT (68.12460454062982 62.06568358267216),0.009999999999999601,68.12460454062982,62.06568358267216
2025-09-02 14:11:24.984431,1347,2,POINT (68.12292550039558 62.07554161614196),0.009999999999998241,68.12292550039558,62.07554161614196
2025-09-02 14:11:25.984431,1348,2,POINT (68.1207328316193 62.08529826534328),0.010000000000004759,68.1207328316193,62.08529826534328
2025-09-02 14:11:26.984431,1349,2,POINT (68.11803254425371 62.09492678797883),0.010000000000000564,68.11803254425371,62.09492678797883
2025-09-02 14:11:27.984431,1350,2,POINT (68.11483203959877 62.10440079293733),0.009999999999997797,68.11483203959877,62.10440079293733
2025-09-02 14:11:28.984431,1351,2,POINT (68.11114009001527 62.11369431262972),0.009999999999998226,68.11114009001527,62.11369431262972
2025-09-02 14:11:29.984431,1352,2,POINT (68.1069668148804 62.12278187416451),0.009999999999998958,68.1069668148804,62.12278187416451
2025-09-02 14:11:30.984431,1353,2,POINT (68.10232365285121 62.13163856916721),0.010000000000003603,68.10232365285121,62.13163856916721
2025-09-02 14:11:31.984431,1354,2,POINT (68.09722333051211 62.140240122052425),0.009999999999997372,68.09722333051211,62.140240122052425
2025-09-02 14:11:32.984431,1355,2,POINT (68.09167982749209 62.14856295656159),0.009999999999997166,68.09167982749209,62.14856295656159
2025-09-02 14:11:33.984431,1356,2,POINT (68.0857083381476 62.15658426038383),0.01000000000000116,68.0857083381476,62.15658426038383
2025-09-02 14:11:34.984431,1357,2,POINT (68.07932522991587 62.164282047682924),0.010000000000003883,68.07932522991587,62.164282047682924
2025-09-02 14:11:35.984431,1358,2,POINT (68.07254799845288 62.17163521935895),0.010000000000000744,68.07254799845288,62.17163521935895
2025-09-02 14:11:36.984431,1359,2,POINT (68.06539521967898 62.17862362087945),0.010000000000005477,68.06539521967898,62.17862362087945
2025-09-02 14:11:37.984431,1360,2,POINT (68.05788649886361 62.185228097521616),0.01000000000000204,68.05788649886361,62.185228097521616
2025-09-02 14:11:38.984431,1361,2,POINT (68.05004241688862 62.19143054687405),0.009999999999998337,68.05004241688862,62.19143054687405
2025-09-02 14:11:39.984431,1362,2,POINT (68.04188447383744 62.1972139684542),0.009999999999995684,68.04188447383744,62.1972139684542
2025-09-02 14:11:40.984431,1363,2,POINT (68.03343503006494 62.20256251030551),0.009999999999998423,68.03343503006494,62.20256251030551
2025-09-02 14:11:41.984431,1364,2,POINT (68.02471724490917 62.20746151244655),0.010000000000000042,68.02471724490917,62.20746151244655
2025-09-02 14:11:42.984431,1365,2,POINT (68.0157550132133 62.21189754705297),0.009999999999995795,68.0157550132133,62.21189754705297
2025-09-02 14:11:43.984431,1366,2,POINT (68.00657289983143 62.21585845526226),0.009999999999994012,68.00657289983143,62.21585845526226
2025-09-02 14:11:44.984431,1367,2,POINT (67.9971960722981 62.21933338050034),0.010000000000003579,67.9971960722981,62.21933338050034
2025-09-02 14:11:45.984431,1368,2,POINT (67.9876502318458 62.22231279823866),0.010000000000000842,67.9876502318458,62.22231279823866
2025-09-02 14:11:46.984431,1369,2,POINT (67.97796154295972 62.22478854210031),0.009999999999994177,67.97796154295972,62.22478854210031
2025-09-02 14:11:47.984431,1370,2,POINT (67.96815656166261 62.22675382624345),0.00999999999999603,67.96815656166261,62.22675382624345
2025-09-02 14:11:48.984431,1371,2,POINT (67.95826216272668 62.22820326396084),0.009999999999993386,67.95826216272668,62.22820326396084
2025-09-02 14:11:49.984431,1372,2,POINT (67.94830546601166 62.22913288244446),0.010000000000001064,67.94830546601166,62.22913288244446
2025-09-02 14:11:50.984431,1373,2,POINT (67.93831376213116 62.229540133674654),0.010000000000006374,67.93831376213116,62.229540133674654
2025-09-02 14:11:51.984431,1374,2,POINT (67.92831443765101 62.229423901404104),0.010000000000000385,67.92831443765101,62.229423901404104
2025-09-02 14:11:52.984431,1375,2,POINT (67.91833490002456 62.22878450421739),0.010000000000005182,67.91833490002456,62.22878450421739
2025-09-02 14:11:53.984431,1376,2,POINT (67.90840250247078 62.22762369465775),0.010000000000006658,67.90840250247078,62.22762369465775
2025-09-02 14:11:54.984431,1377,2,POINT (67.89854446900097 62.225944654423515),0.010000000000005244,67.89854446900097,62.225944654423515
2025-09-02 14:11:55.984431,1378,2,POINT (67.88878781979965 62.22375198564725),0.0100000000000032,67.88878781979965,62.22375198564725
2025-09-02 14:11:56.984431,1379,2,POINT (67.8791592971641 62.221051698281656),0.010000000000005487,67.8791592971641,62.221051698281656
2025-09-02 14:11:57.984431,1380,2,POINT (67.86968529220559 62.217851193626714),0.01000000000000453,67.86968529220559,62.217851193626714
2025-09-02 14:11:58.984431,1381,2,POINT (67.8603917725132 62.214159244043216),0.009999999999998226,67.8603917725132,62.214159244043216
2025-09-02 14:11:59.984431,1382,2,POINT (67.8513042109784 62.20998596890834),0.010000000000005416,67.8513042109784,62.20998596890834
2025-09-02 14:12:00.984431,1383,2,POINT (67.8424475159757 62.20534280687916),0.00999999999999731,67.8424475159757,62.20534280687916
2025-09-02 14:12:01.984431,1384,2,POINT (67.83384596309048 62.20024248454005),0.010000000000007107,67.83384596309048,62.20024248454005
2025-09-02 14:12:02.984431,1385,2,POINT (67.82552312858131 62.19469898152003),0.01000000000000308,67.82552312858131,62.19469898152003
2025-09-02 14:12:03.984431,1386,2,POINT (67.81750182475906 62.18872749217554),0.01000000000000686,67.81750182475906,62.18872749217554
2025-09-02 14:12:04.984431,1387,2,POINT (67.80980403745997 62.18234438394381),0.010000000000003883,67.80980403745997,62.18234438394381
2025-09-02 14:12:05.984431,1388,2,POINT (67.80245086578395 62.175567152480816),0.00999999999999552,67.80245086578395,62.175567152480816
2025-09-02 14:12:06.984431,1389,2,POINT (67.79546246426345 62.16841437370692),0.010000000000000396,67.79546246426345,62.16841437370692
2025-09-02 14:12:07.984431,1390,2,POINT (67.78885798762128 62.160905652891564),0.009999999999996706,67.78885798762128,62.160905652891564
2025-09-02 14:12:08.984431,1391,2,POINT (67.78265553826886 62.15306157091656),0.009999999999999504,67.78265553826886,62.15306157091656
2025-09-02 14:12:09.984431,1392,2,POINT (67.77687211668871 62.14490362786538),0.01000000000000148,67.77687211668871,62.14490362786538
2025-09-02 14:12:10.984431,1393,2,POINT (67.77152357483739 62.13645418409288),0.010000000000002224,67.77152357483739,62.13645418409288
2025-09-02 14:12:11.984431,1394,2,POINT (67.76662457269634 62.12773639893711),0.010000000000003523,67.76662457269634,62.12773639893711
2025-09-02 14:12:12.984431,1395,2,POINT (67.76218853808993 62.11877416724123),0.009999999999999011,67.76218853808993,62.11877416724123
2025-09-02 14:12:13.984431,1396,2,POINT (67.75822762988064 62.10959205385935),0.010000000000003352,67.75822762988064,62.10959205385935
2025-09-02 14:12:14.984431,1397,2,POINT (67.75475270464256 62.10021522632602),0.010000000000003579,67.75475270464256,62.10021522632602
2025-09-02 14:12:15.984431,1398,2,POINT (67.75177328690422 62.09066938587373),0.010000000000002958,67.75177328690422,62.09066938587373
2025-09-02 14:12:16.984431,1399,2,POINT (67.74929754304257 62.08098069698764),0.010000000000001062,67.74929754304257,62.08098069698764
2025-09-02 14:12:17.984431,1400,2,POINT (67.74733225889943 62.07117571569052),0.010000000000002996,67.74733225889943,62.07117571569052
2025-09-02 14:12:18.984431,1401,2,POINT (67.74588282118204 62.06128131675459),0.010000000000001447,67.74588282118204,62.06128131675459
2025-09-02 14:12:19.984431,1402,2,POINT (67.74495320269843 62.051324620039566),0.010000000000000403,67.74495320269843,62.051324620039566
2025-09-02 14:12:20.984431,1403,2,POINT (67.74454595146824 62.04133291615907),0.009999999999998984,67.74454595146824,62.04133291615907
2025-09-02 14:12:21.984431,1404,2,POINT (67.74466218373878 62.03133359167892),0.010000000000000302,67.74466218373878,62.03133359167892
2025-09-02 14:12:22.984431,1405,2,POINT (67.7453015809255 62.02135405405248),0.009999999999998092,67.7453015809255,62.02135405405248
2025-09-02 14:12:23.984431,1406,2,POINT (67.74646239048514 62.011421656498705),0.009999999999999601,67.74646239048514,62.011421656498705
2025-09-02 14:12:24.984431,1407,2,POINT (67.74814143071937 62.0015636230289),0.009999999999998241,67.74814143071937,62.0015636230289
2025-09-02 14:12:25.984431,1408,2,POINT (67.75033409949565 61.99180697382758),0.010000000000004759,67.75033409949565,61.99180697382758
2025-09-02 14:12:26.984431,1409,2,POINT (67.75303438686124 61.982178451192034),0.010000000000000564,67.75303438686124,61.982178451192034
2025-09-02 14:12:27.984431,1410,2,POINT (67.75623489151619 61.972704446233536),0.009999999999997797,67.75623489151619,61.972704446233536
2025-09-02 14:12:28.984431,1411,2,POINT (67.75992684109968 61.963410926541144),0.009999999999998226,67.75992684109968,61.963410926541144
2025-09-02 14:12:29.984431,1412,2,POINT (67.76410011623456 61.95432336500635),0.009999999999998958,67.76410011623456,61.95432336500635
2025-09-02 14:12:30.984431,1413,2,POINT (67.76874327826374 61.945466670003654),0.010000000000003603,67.76874327826374,61.945466670003654
2025-09-02 14:12:31.984431,1414,2,POINT (67.77384360060285 61.93686511711844),0.009999999999997372,67.77384360060285,61.93686511711844
2025-09-02 14:12:32.984431,1415,2,POINT (67.77938710362287 61.92854228260927),0.009999999999997166,67.77938710362287,61.92854228260927
2025-09-02 14:12:33.984431,1416,2,POINT (67.78535859296736 61.92052097878703),0.01000000000000116,67.78535859296736,61.92052097878703
2025-09-02 14:12:34.984431,1417,2,POINT (67.79174170119909 61.91282319148794),0.010000000000003883,67.79174170119909,61.91282319148794
2025-09-02 14:12:35.984431,1418,2,POINT (67.79851893266208 61.905470019811915),0.010000000000000744,67.79851893266208,61.905470019811915
2025-09-02 14:12:36.984431,1419,2,POINT (67.80567171143598 61.89848161829141),0.010000000000005477,67.80567171143598,61.89848161829141
2025-09-02 14:12:37.984431,1420,2,POINT (67.81318043225134 61.891877141649246),0.01000000000000204,67.81318043225134,61.891877141649246
2025-09-02 14:12:38.984431,1421,2,POINT (67.82102451422634 61.88567469229681),0.009999999999998337,67.82102451422634,61.88567469229681
2025-09-02 14:12:39.984431,1422,2,POINT (67.82918245727751 61.87989127071666),0.009999999999995684,67.82918245727751,61.87989127071666
2025-09-02 14:12:40.984431,1423,2,POINT (67.83763190105002 61.87454272886535),0.009999999999998423,67.83763190105002,61.87454272886535
2025-09-02 14:12:41.984431,1424,2,POINT (67.84634968620578 61.86964372672431),0.010000000000000042,67.84634968620578,61.86964372672431
2025-09-02 14:12:42.984431,1425,2,POINT (67.85531191790166 61.86520769211789),0.009999999999995795,67.85531191790166,61.86520769211789
2025-09-02 14:12:43.984431,1426,2,POINT (67.86449403128353 61.861246783908605),0.009999999999994012,67.86449403128353,61.861246783908605
2025-09-02 14:12:44.984431,1427,2,POINT (67.87387085881686 61.857771858670525),0.010000000000003579,67.87387085881686,61.857771858670525
2025-09-02 14:12:45.984431,1428,2,POINT (67.88341669926915 61.8547924409322),0.010000000000000842,67.88341669926915,61.8547924409322
2025-09-02 14:12:46.984431,1429,2,POINT (67.89310538815523 61.85231669707055),0.009999999999994177,67.89310538815523,61.85231669707055
2025-09-02 14:12:47.984431,1430,2,POINT (67.90291036945234 61.85035141292741),0.00999999999999603,67.90291036945234,61.85035141292741
2025-09-02 14:12:48.984431,1431,2,POINT (67.91280476838827 61.84890197521002),0.009999999999993386,67.91280476838827,61.84890197521002
2025-09-02 14:12:49.984431,1432,2,POINT (67.92276146510329 61.8479723567264),0.010000000000001064,67.92276146510329,61.8479723567264
2025-09-02 14:12:50.984431,1433,2,POINT (67.9327531689838 61.84756510549621),0.010000000000006374,67.9327531689838,61.84756510549621
2025-09-02 14:12:51.984431,1434,2,POINT (67.94275249346394 61.84768133776676),0.010000000000000385,67.94275249346394,61.84768133776676
2025-09-02 14:12:52.984431,1435,2,POINT (67.95273203109039 61.848320734953475),0.010000000000005182,67.95273203109039,61.848320734953475
2025-09-02 14:12:53.984431,1436,2,POINT (67.96266442864417 61.84948154451311),0.010000000000006658,67.96266442864417,61.84948154451311
2025-09-02 14:12:54.984431,1437,2,POINT (67.97252246211399 61.85116058474735),0.010000000000005244,67.97252246211399,61.85116058474735
2025-09-02 14:12:55.984431,1438,2,POINT (67.98227911131531 61.853353253523615),0.0100000000000032,67.98227911131531,61.853353253523615
2025-09-02 14:12:56.984431,1439,2,POINT (67.99190763395086 61.85605354088921),0.010000000000005487,67.99190763395086,61.85605354088921
2025-09-02 14:12:57.984431,1440,2,POINT (68.00138163890936 61.85925404554415),0.01000000000000453,68.00138163890936,61.85925404554415
2025-09-02 14:12:58.984431,1441,2,POINT (68.01067515860176 61.862945995127646),0.009999999999998226,68.01067515860176,61.862945995127646
2025-09-02 14:12:59.984431,1442,2,POINT (68.01976272013655 61.86711927026252),0.010000000000005416,68.01976272013655,61.86711927026252
2025-09-02 14:13:00.984431,1443,2,POINT (68.02861941513925 61.8717624322917),0.00999999999999731,68.02861941513925,61.8717624322917
2025-09-02 14:13:01.984431,1444,2,POINT (68.03722096802447 61.876862754630814),0.010000000000007107,68.03722096802447,61.876862754630814
2025-09-02 14:13:02.984431,1445,2,POINT (68.04554380253364 61.882406257650835),0.01000000000000308,68.04554380253364,61.882406257650835
2025-09-02 14:13:03.984431,1446,2,POINT (68.05356510635589 61.888377746995324),0.01000000000000686,68.05356510635589,61.888377746995324
2025-09-02 14:13:04.984431,1447,2,POINT (68.06126289365498 61.894760855227055),0.010000000000003883,68.06126289365498,61.894760855227055
2025-09-02 14:13:05.984431,1448,2,POINT (68.068616065331 61.901538086690046),0.00999999999999552,68.068616065331,61.901538086690046
2025-09-02 14:13:06.984431,1449,2,POINT (68.0756044668515 61.90869086546394),0.010000000000000396,68.0756044668515,61.90869086546394
2025-09-02 14:13:07.984431,1450,2,POINT (68.08220894349367 61.9161995862793),0.009999999999996706,68.08220894349367,61.9161995862793
2025-09-02 14:13:08.984431,1451,2,POINT (68.0884113928461 61.9240436682543),0.009999999999999504,68.0884113928461,61.9240436682543
2025-09-02 14:13:09.984431,1452,2,POINT (68.09419481442625 61.93220161130548),0.01000000000000148,68.09419481442625,61.93220161130548
2025-09-02 14:13:10.984431,1453,2,POINT (68.09954335627756 61.940651055077986),0.010000000000002224,68.09954335627756,61.940651055077986
2025-09-02 14:13:11.984431,1454,2,POINT (68.10444235841861 61.94936884023375),0.010000000000003523,68.10444235841861,61.94936884023375
2025-09-02 14:13:12.984431,1455,2,POINT (68.10887839302502 61.958331071929635),0.009999999999999011,68.10887839302502,61.958331071929635
2025-09-02 14:13:13.984431,1456,2,POINT (68.11283930123432 61.96751318531151),0.010000000000003352,68.11283930123432,61.96751318531151
2025-09-02 14:13:14.984431,1457,2,POINT (68.1163142264724 61.97689001284484),0.010000000000003579,68.1163142264724,61.97689001284484
2025-09-02 14:13:15.984431,1458,2,POINT (68.11929364421073 61.98643585329713),0.010000000000002958,68.11929364421073,61.98643585329713
2025-09-02 14:13:16.984431,1459,2,POINT (68.12176938807238 61.996124542183225),0.010000000000001062,68.12176938807238,61.996124542183225
2025-09-02 14:13:17.984431,1460,2,POINT (68.12373467221552 62.00592952348034),0.010000000000002996,68.12373467221552,62.00592952348034
2025-09-02 14:13:18.984431,1461,2,POINT (68.12518410993292 62.015823922416274),0.010000000000001447,68.12518410993292,62.015823922416274
2025-09-02 14:13:19.984431,1462,2,POINT (68.12611372841653 62.0257806191313),0.010000000000000403,68.12611372841653,62.0257806191313
2025-09-02 14:13:20.984431,1463,2,POINT (68.12652097964671 62.03577232301179),0.009999999999998984,68.12652097964671,62.03577232301179
2025-09-02 14:13:21.984431,1464,2,POINT (68.12640474737617 62.04577164749194),0.010000000000000302,68.12640474737617,62.04577164749194
2025-09-02 14:13:22.984431,1465,2,POINT (68.12576535018945 62.05575118511838),0.009999999999998092,68.12576535018945,62.05575118511838
2025-09-02 14:13:23.984431,1466,2,POINT (68.12460454062982 62.06568358267216),0.009999999999999601,68.12460454062982,62.06568358267216
2025-09-02 14:13:24.984431,1467,2,POINT (68.12292550039558 62.07554161614196),0.009999999999998241,68.12292550039558,62.07554161614196
2025-09-02 14:13:25.984431,1468,2,POINT (68.1207328316193 62.08529826534328),0.010000000000004759,68.1207328316193,62.08529826534328
2025-09-02 14:13:26.984431,1469,2,POINT (68.11803254425371 62.09492678797883),0.010000000000000564,68.11803254425371,62.09492678797883
2025-09-02 14:13:27.984431,1470,2,POINT (68.11483203959877 62.10440079293733),0.009999999999997797,68.11483203959877,62.10440079293733
2025-09-02 14:13:28.984431,1471,2,POINT (68.11114009001527 62.11369431262972),0.009999999999998226,68.11114009001527,62.11369431262972
2025-09-02 14:13:29.984431,1472,2,POINT (68.1069668148804 62.12278187416451),0.009999999999998958,68.1069668148804,62.12278187416451
2025-09-02 14:13:30.984431,1473,2,POINT (68.10232365285121 62.13163856916721),0.010000000000003603,68.10232365285121,62.13163856916721
2025-09-02 14:13:31.984431,1474,2,POINT (68.09722333051211 62.140240122052425),0.009999999999997372,68.09722333051211,62.140240122052425
2025-09-02 14:13:32.984431,1475,2,POINT (68.09167982749209 62.14856295656159),0.009999999999997166,68.09167982749209,62.14856295656159
2025-09-02 14:13:33.984431,1476,2,POINT (68.0857083381476 62.15658426038383),0.01000000000000116,68.0857083381476,62.15658426038383
2025-09-02 14:13:34.984431,1477,2,POINT (68.07932522991587 62.164282047682924),0.010000000000003883,68.07932522991587,62.164282047682924
2025-09-02 14:13:35.984431,1478,2,POINT (68.07254799845288 62.17163521935895),0.010000000000000744,68.07254799845288,62.17163521935895
2025-09-02 14:13:36.984431,1479,2,POINT (68.06539521967898 62.17862362087945),0.010000000000005477,68.06539521967898,62.17862362087945
2025-09-02 14:13:37.984431,1480,2,POINT (68.05788649886361 62.185228097521616),0.01000000000000204,68.05788649886361,62.185228097521616
2025-09-02 14:13:38.984431,1481,2,POINT (68.05004241688862 62.19143054687405),0.009999999999998337,68.05004241688862,62.19143054687405
2025-09-02 14:13:39.984431,1482,2,POINT (68.04188447383744 62.1972139684542),0.009999999999995684,68.04188447383744,62.1972139684542
2025-09-02 14:13:40.984431,1483,2,POINT (68.03343503006494 62.20256251030551),0.009999999999998423,68.03343503006494,62.20256251030551
2025-09-02 14:13:41.984431,1484,2,POINT (68.02471724490917 62.20746151244655),0.010000000000000042,68.02471724490917,62.20746151244655
2025-09-02 14:13:42.984431,1485,2,POINT (68.0157550132133 62.21189754705297),0.009999999999995795,68.0157550132133,62.21189754705297
2025-09-02 14:13:43.984431,1486,2,POINT (68.00657289983143 62.21585845526226),0.009999999999994012,68.00657289983143,62.21585845526226
2025-09-02 14:13:44.984431,1487,2,POINT (67.9971960722981 62.21933338050034),0.010000000000003579,67.9971960722981,62.21933338050034
2025-09-02 14:13:45.984431,1488,2,POINT (67.9876502318458 62.22231279823866),0.010000000000000842,67.9876502318458,62.22231279823866
2025-09-02 14:13:46.984431,1489,2,POINT (67.97796154295972 62.22478854210031),0.009999999999994177,67.97796154295972,62.22478854210031
2025-09-02 14:13:47.984431,1490,2,POINT (67.96815656166261 62.22675382624345),0.00999999999999603,67.96815656166261,62.22675382624345
2025-09-02 14:13:48.984431,1491,2,POINT (67.95826216272668 62.22820326396084),0.009999999999993386,67.95826216272668,62.22820326396084
2025-09-02 14:13:49.984431,1492,2,POINT (67.94830546601166 62.22913288244446),0.010000000000001064,67.94830546601166,62.22913288244446
2025-09-02 14:13:50.984431,1493,2,POINT (67.93831376213116 62.229540133674654),0.010000000000006374,67.93831376213116,62.229540133674654
2025-09-02 14:13:51.984431,1494,2,POINT (67.92831443765101 62.229423901404104),0.010000000000000385,67.92831443765101,62.229423901404104
2025-09-02 14:13:52.984431,1495,2,POINT (67.91833490002456 62.22878450421739),0.010000000000005182,67.91833490002456,62.22878450421739
2025-09-02 14:13:53.984431,1496,2,POINT (67.90840250247078 62.22762369465775),0.010000000000006658,67.90840250247078,62.22762369465775
2025-09-02 14:13:54.984431,1497,2,POINT (67.89854446900097 62.225944654423515),0.010000000000005244,67.89854446900097,62.225944654423515
2025-09-02 14:13:55.984431,1498,2,POINT (67.88878781979965 62.22375198564725),0.0100000000000032,67.88878781979965,62.22375198564725
2025-09-02 14:13:56.984431,1499,2,POINT (67.8791592971641 62.221051698281656),0.010000000000005487,67.8791592971641,62.221051698281656
2025-09-02 14:13:57.984431,1500,2,POINT (67.86968529220559 62.217851193626714),0.01000000000000453,67.86968529220559,62.217851193626714
2025-09-02 13:48:57.984431,0,3,POINT (250.19575278361827 90.02901168407732),0.010000000000001645,250.19575278361827,90.02901168407732
2025-09-02 13:48:58.984431,1,3,POINT (250.20213161735433 90.03671301384352),0.010000000000001645,250.20213161735433,90.03671301384352
2025-09-02 13:48:59.984431,2,3,POINT (250.20892417296795 90.04536524986872),0.010999999999999644,250.20892417296795,90.04536524986872
2025-09-02 13:49:00.984431,3,3,POINT (250.21633423363738 90.05480405280531),0.01200000000001325,250.21633423363738,90.05480405280531
2025-09-02 13:49:01.984431,4,3,POINT (250.22436179936258 90.06502942265327),0.012999999999998128,250.22436179936258,90.06502942265327
2025-09-02 13:49:02.984431,5,3,POINT (250.23300687014356 90.07604135941261),0.013999999999994182,250.23300687014356,90.07604135941261
2025-09-02 13:49:03.984431,6,3,POINT (250.24226944598033 90.08783986308333),0.01499999999999661,250.24226944598033,90.08783986308333
2025-09-02 13:49:04.984431,7,3,POINT (250.25214952687287 90.10042493366544),0.015999999999992666,250.25214952687287,90.10042493366544
2025-09-02 13:49:05.984431,8,3,POINT (250.2626471128212 90.11379657115893),0.01700000000000627,250.2626471128212,90.11379657115893
2025-09-02 13:49:06.984431,9,3,POINT (250.27376220382533 90.1279547755638),0.017999999999991148,250.27376220382533,90.1279547755638
2025-09-02 13:49:07.984431,10,3,POINT (250.28549479988524 90.14289954688005),0.019000000000004753,250.28549479988524,90.14289954688005
2025-09-02 13:49:08.984431,11,3,POINT (250.29784490100093 90.15863088510768),0.020000000000000805,250.29784490100093,90.15863088510768
2025-09-02 13:49:09.984431,12,3,POINT (250.31081250717241 90.1751487902467),0.021000000000003235,250.31081250717241,90.1751487902467
2025-09-02 13:49:10.984431,13,3,POINT (250.32439761839967 90.1924532622971),0.021999999999999287,250.32439761839967,90.1924532622971
2025-09-02 13:49:11.984431,14,3,POINT (250.33860023468273 90.21054430125888),0.023000000000012896,250.33860023468273,90.21054430125888
2025-09-02 13:49:12.984431,15,3,POINT (250.35342035602156 90.22942190713204),0.02399999999999777,250.35342035602156,90.22942190713204
2025-09-02 13:49:13.984431,16,3,POINT (250.36885798241616 90.24908607991658),0.024999999999993826,250.36885798241616,90.24908607991658
2025-09-02 13:49:14.984431,17,3,POINT (250.38491311386656 90.2695368196125),0.025999999999996255,250.38491311386656,90.2695368196125
2025-09-02 13:49:15.984431,18,3,POINT (250.40158575037273 90.2907741262198),0.02699999999999231,250.40158575037273,90.2907741262198
2025-09-02 13:49:16.984431,19,3,POINT (250.4188758919347 90.31279799973849),0.028000000000005916,250.4188758919347,90.31279799973849
2025-09-02 13:49:17.984431,20,3,POINT (250.43678353855245 90.33560844016856),0.028999999999990794,250.43678353855245,90.33560844016856
2025-09-02 13:49:18.984431,21,3,POINT (250.455308690226 90.35920544751),0.030000000000004398,250.455308690226,90.35920544751
2025-09-02 13:49:19.984431,22,3,POINT (250.4744513469553 90.38358902176284),0.03100000000000045,250.4744513469553,90.38358902176284
2025-09-02 13:49:20.984431,23,3,POINT (250.49421150874042 90.40875916292705),0.03200000000000288,250.49421150874042,90.40875916292705
2025-09-02 13:49:21.984431,24,3,POINT (250.5145891755813 90.43471587100265),0.03299999999999893,250.5145891755813,90.43471587100265
2025-09-02 13:49:22.984431,25,3,POINT (250.535584347478 90.46145914598964),0.03400000000001254,250.535584347478,90.46145914598964
2025-09-02 13:49:23.984431,26,3,POINT (250.55719702443045 90.48898898788799),0.034999999999997415,250.55719702443045,90.48898898788799
2025-09-02 13:49:24.984431,27,3,POINT (250.5794272064387 90.51730539669774),0.03600000000001102,250.5794272064387,90.51730539669774
2025-09-02 13:49:25.984431,28,3,POINT (250.60150523707995 90.54699648227917),0.03699999999999316,250.60150523707995,90.54699648227917
2025-09-02 13:49:26.984431,29,3,POINT (250.62417997125203 90.57749002963308),0.038000000000000984,250.62417997125203,90.57749002963308
2025-09-02 13:49:27.984431,30,3,POINT (250.64745140895496 90.60878603875946),0.0389999999999974,250.64745140895496,90.60878603875946
2025-09-02 13:49:28.984431,31,3,POINT (250.67131955018874 90.6408845096583),0.03999999999999382,250.67131955018874,90.6408845096583
2025-09-02 13:49:29.984431,32,3,POINT (250.69491476544826 90.67441458297849),0.04099999999999537,250.69491476544826,90.67441458297849
2025-09-02 13:49:30.984431,33,3,POINT (250.71817806838595 90.70938340818651),0.04200000000000367,250.71817806838595,90.70938340818651
2025-09-02 13:49:31.984431,34,3,POINT (250.74104992610884 90.74579601760006),0.042999999999995105,250.74104992610884,90.74579601760006
2025-09-02 13:49:32.984431,35,3,POINT (250.76445368749972 90.78305543188368),0.044000000000000976,250.76445368749972,90.78305543188368
2025-09-02 13:49:33.984431,36,3,POINT (250.78838935255857 90.82116165103739),0.04499999999999174,250.78838935255857,90.82116165103739
2025-09-02 13:49:34.984431,37,3,POINT (250.8128569212854 90.86011467506118),0.04600000000000965,250.8128569212854,90.86011467506118
2025-09-02 13:49:35.984431,38,3,POINT (250.8378563936802 90.89991450395506),0.04700000000000041,250.8378563936802,90.89991450395506
2025-09-02 13:49:36.984431,39,3,POINT (250.86338776974296 90.94056113771902),0.04799999999999117,250.86338776974296,90.94056113771902
2025-09-02 13:49:37.984431,40,3,POINT (250.8894510494737 90.98205457635305),0.048999999999997046,250.8894510494737,90.98205457635305
2025-09-02 13:49:38.984431,41,3,POINT (250.91604623287242 91.02439481985718),0.04999999999999984,250.91604623287242,91.02439481985718
2025-09-02 13:49:39.984431,42,3,POINT (250.94203351903104 91.06827717346441),0.05100000000000257,250.94203351903104,91.06827717346441
2025-09-02 13:49:40.984431,43,3,POINT (250.96853035982022 91.11301996537767),0.052000000000007804,250.96853035982022,91.11301996537767
2025-09-02 13:49:41.984431,44,3,POINT (250.99553675523995 91.15862319559696),0.0530000000000008,250.99553675523995,91.15862319559696
2025-09-02 13:49:42.984431,45,3,POINT (251.02305270529024 91.20508686412226),0.05399999999999381,251.02305270529024,91.20508686412226
2025-09-02 13:49:43.984431,46,3,POINT (251.05107820997108 91.25241097095359),0.05499999999998681,251.05107820997108,91.25241097095359
2025-09-02 13:49:44.984431,47,3,POINT (251.0796132692825 91.30059551609095),0.05600000000000652,251.0796132692825,91.30059551609095
2025-09-02 13:49:45.984431,48,3,POINT (251.10865788322448 91.34964049953433),0.05699999999999952,251.10865788322448,91.34964049953433
2025-09-02 13:49:46.984431,49,3,POINT (251.138212051797 91.39954592128373),0.05799999999999253,251.138212051797,91.39954592128373
2025-09-02 13:49:47.984431,50,3,POINT (251.1682757750001 91.45031178133917),0.05899999999999776,251.1682757750001,91.45031178133917
2025-09-02 13:49:48.984431,51,3,POINT (251.1974871571915 91.50272070377102),0.05999999999999484,251.1974871571915,91.50272070377102
2025-09-02 13:49:49.984431,52,3,POINT (251.22578044816052 91.5567622589498),0.06099999999999917,251.22578044816052,91.5567622589498
2025-09-02 13:49:50.984431,53,3,POINT (251.25308987536127 91.61242369250992),0.062000000000003455,251.25308987536127,91.61242369250992
2025-09-02 13:49:51.984431,54,3,POINT (251.28083977719427 91.66898289112746),0.06299999999999334,251.28083977719427,91.66898289112746
2025-09-02 13:49:52.984431,55,3,POINT (251.30903015365956 91.72643985480242),0.0640000000000085,251.30903015365956,91.72643985480242
2025-09-02 13:49:53.984431,56,3,POINT (251.3376610047571 91.7847945835348),0.06499999999999838,251.3376610047571,91.7847945835348
2025-09-02 13:49:54.984431,57,3,POINT (251.36673233048694 91.8440470773246),0.06600000000000078,251.36673233048694,91.8440470773246
2025-09-02 13:49:55.984431,58,3,POINT (251.39624413084903 91.90419733617183),0.06700000000000342,251.39624413084903,91.90419733617183
2025-09-02 13:49:56.984431,59,3,POINT (251.4261964058434 91.96524536007648),0.06800000000000582,251.4261964058434,91.96524536007648
2025-09-02 13:49:57.984431,60,3,POINT (251.45658915547003 92.02719114903854),0.0689999999999957,251.45658915547003,92.02719114903854
2025-09-02 13:49:58.984431,61,3,POINT (251.4874223797289 92.09003470305804),0.06999999999999836,251.4874223797289,92.09003470305804
2025-09-02 13:49:59.984431,62,3,POINT (251.51869607862008 92.15377602213495),0.07100000000000074,251.51869607862008,92.15377602213495
2025-09-02 13:50:00.984431,63,3,POINT (251.5504102521435 92.21841510626928),0.07199999999999063,251.5504102521435,92.21841510626928
2025-09-02 13:50:01.984431,64,3,POINT (251.58083832699083 92.28477120818226),0.07300000000000662,251.58083832699083,92.28477120818226
2025-09-02 13:50:02.984431,65,3,POINT (251.6099118602315 92.35282067302148),0.07400000000000645,251.6099118602315,92.35282067302148
2025-09-02 13:50:03.984431,66,3,POINT (251.63756278233637 92.42253743217414),0.0749999999999921,251.63756278233637,92.42253743217414
2025-09-02 13:50:04.984431,67,3,POINT (251.66558238340264 92.4931837481155),0.07599999999999314,251.66558238340264,92.4931837481155
2025-09-02 13:50:05.984431,68,3,POINT (251.69397066343032 92.56475962084556),0.07700000000000465,251.69397066343032,92.56475962084556
2025-09-02 13:50:06.984431,69,3,POINT (251.7264828529932 92.63566066124574),0.07799999999999743,251.7264828529932,92.63566066124574
2025-09-02 13:50:07.984431,70,3,POINT (251.76128034894253 92.70658410078202),0.07900000000000816,251.76128034894253,92.70658410078202
2025-09-02 13:50:08.984431,71,3,POINT (251.79838630431175 92.7774582715083),0.0799999999999911,251.79838630431175,92.7774582715083
2025-09-02 13:50:09.984431,72,3,POINT (251.83782167027013 92.8482103167913),0.08099999999999635,251.83782167027013,92.8482103167913
2025-09-02 13:50:10.984431,73,3,POINT (251.87960514997613 92.91876625788528),0.08199999999999708,251.87960514997613,92.91876625788528
2025-09-02 13:50:11.984431,74,3,POINT (251.923753154418 92.98905106210212),0.08299999999999078,251.923753154418,92.98905106210212
2025-09-02 13:50:12.984431,75,3,POINT (251.97027976029338 93.05898871251817),0.08400000000000735,251.97027976029338,93.05898871251817
2025-09-02 13:50:13.984431,76,3,POINT (252.01919666997776 93.12850227915756),0.08499999999998942,252.01919666997776,93.12850227915756
2025-09-02 13:50:14.984431,77,3,POINT (252.0705131736304 93.19751399159009),0.08600000000000034,252.0705131736304,93.19751399159009
2025-09-02 13:50:15.984431,78,3,POINT (252.12423611348365 93.26594531288029),0.0870000000000011,252.12423611348365,93.26594531288029
2025-09-02 13:50:16.984431,79,3,POINT (252.17857655839268 93.33516320108188),0.08799999999999715,252.17857655839268,93.33516320108188
2025-09-02 13:50:17.984431,80,3,POINT (252.2335345083575 93.40516765619485),0.08899999999999958,252.2335345083575,93.40516765619485
2025-09-02 13:50:18.984431,81,3,POINT (252.2891099633781 93.4759586782192),0.08999999999999564,252.2891099633781,93.4759586782192
2025-09-02 13:50:19.984431,82,3,POINT (252.3453029234545 93.54753626715494),0.09100000000000924,252.3453029234545,93.54753626715494
2025-09-02 13:50:20.984431,83,3,POINT (252.40211338858668 93.61990042300205),0.09199999999999413,252.40211338858668,93.61990042300205
2025-09-02 13:50:21.984431,84,3,POINT (252.45954135877466 93.69305114576055),0.09300000000000773,252.45954135877466,93.69305114576055
2025-09-02 13:50:22.984431,85,3,POINT (252.51363770595503 93.76992497239705),0.09399999999999233,252.51363770595503,93.76992497239705
2025-09-02 13:50:23.984431,86,3,POINT (252.56416855441262 93.85037143505488),0.09500000000000669,252.56416855441262,93.85037143505488
2025-09-02 13:50:24.984431,87,3,POINT (252.61090676591886 93.93422571094585),0.09600000000000473,252.61090676591886,93.93422571094585
2025-09-02 13:50:25.984431,88,3,POINT (252.65589773680404 94.02016064295147),0.09700000000000342,252.65589773680404,94.02016064295147
2025-09-02 13:50:26.984431,89,3,POINT (252.6990642507665 94.10814161857876),0.09800000000000515,252.6990642507665,94.10814161857876
2025-09-02 13:50:27.984431,90,3,POINT (252.74032972213476 94.19813140062513),0.09899999999999357,252.74032972213476,94.19813140062513
2025-09-02 13:50:28.984431,91,3,POINT (252.7796182805681 94.29009013689435),0.1000000000000044,252.7796182805681,94.29009013689435
2025-09-02 13:50:29.984431,92,3,POINT (252.8168548556693 94.38397537255327),0.10099999999999491,252.8168548556693,94.38397537255327
2025-09-02 13:50:30.984431,93,3,POINT (252.85196526142985 94.47974206513126),0.10199999999999387,252.85196526142985,94.47974206513126
2025-09-02 13:50:31.984431,94,3,POINT (252.8848762804263 94.57734260216162),0.10299999999999918,252.8848762804263,94.57734260216162
2025-09-02 13:50:32.984431,95,3,POINT (252.91551574768798 94.67672682146187),0.10399999999999225,252.91551574768798,94.67672682146187
2025-09-02 13:50:33.984431,96,3,POINT (252.94381263415505 94.77784203404767),0.10500000000000607,252.94381263415505,94.77784203404767
2025-09-02 13:50:34.984431,97,3,POINT (252.96969712964656 94.88063304967233),0.10599999999999637,252.96969712964656,94.88063304967233
2025-09-02 13:50:35.984431,98,3,POINT (252.99310072525805 94.98504220498188),0.1070000000000021,252.99310072525805,94.98504220498188
2025-09-02 13:50:36.984431,99,3,POINT (253.01395629510867 95.09100939427275),0.1080000000000017,253.01395629510867,95.09100939427275
2025-09-02 13:50:37.984431,100,3,POINT (253.03219817735788 95.19847210283719),0.1090000000000006,253.03219817735788,95.19847210283719
2025-09-02 13:50:38.984431,101,3,POINT (253.0477622544121 95.30736544287895),0.1100000000000008,253.0477622544121,95.30736544287895
2025-09-02 13:50:39.984431,102,3,POINT (253.0634678230759 95.41724872237563),0.11100000000000064,253.0634678230759,95.41724872237563
2025-09-02 13:50:40.984431,103,3,POINT (253.0793148833493 95.52812194132724),0.11200000000000046,253.0793148833493,95.52812194132724
2025-09-02 13:50:41.984431,104,3,POINT (253.0923697202397 95.6403652985194),0.11300000000000451,253.0923697202397,95.6403652985194
2025-09-02 13:50:42.984431,105,3,POINT (253.1055400866601 95.7536019597575),0.11400000000000528,253.1055400866601,95.7536019597575
2025-09-02 13:50:43.984431,106,3,POINT (253.11882598261053 95.86783192504156),0.11500000000000604,253.11882598261053,95.86783192504156
2025-09-02 13:50:44.984431,107,3,POINT (253.13222740809096 95.98305519437156),0.1160000000000068,253.13222740809096,95.98305519437156
2025-09-02 13:50:45.984431,108,3,POINT (253.1457443631014 96.09927176774751),0.11700000000000757,253.1457443631014,96.09927176774751
2025-09-02 13:50:46.984431,109,3,POINT (253.15937684764182 96.2164816451694),0.11799999999999422,253.15937684764182,96.2164816451694
2025-09-02 13:50:47.984431,110,3,POINT (253.17312486171227 96.33468482663723),0.11899999999999498,253.17312486171227,96.33468482663723
2025-09-02 13:50:48.984431,111,3,POINT (253.1869884053127 96.45388131215101),0.11999999999999246,253.1869884053127,96.45388131215101
2025-09-02 13:50:49.984431,112,3,POINT (253.20096747844312 96.57407110171074),0.12099999999999322,253.20096747844312,96.57407110171074
2025-09-02 13:50:50.984431,113,3,POINT (253.21506208110355 96.69525419531642),0.12199999999999399,253.21506208110355,96.69525419531642
2025-09-02 13:50:51.984431,114,3,POINT (253.22606913859084 96.8177607040638),0.1229999999999997,253.22606913859084,96.8177607040638
2025-09-02 13:50:52.984431,115,3,POINT (253.23716568435037 96.94126320068717),0.12399999999999901,253.23716568435037,96.94126320068717
2025-09-02 13:50:53.984431,116,3,POINT (253.24835171838217 97.06576168518654),0.12500000000000086,253.24835171838217,97.06576168518654
2025-09-02 13:50:54.984431,117,3,POINT (253.2596272406862 97.19125615756191),0.1260000000000002,253.2596272406862,97.19125615756191
2025-09-02 13:50:55.984431,118,3,POINT (253.2709922512625 97.31774661781327),0.12700000000000203,253.2709922512625,97.31774661781327
2025-09-02 13:50:56.984431,119,3,POINT (253.28244675011106 97.44523306594063),0.12800000000000392,253.28244675011106,97.44523306594063
2025-09-02 13:50:57.984431,120,3,POINT (253.29399073723187 97.57371550194398),0.12900000000000322,253.29399073723187,97.57371550194398
2025-09-02 13:50:58.984431,121,3,POINT (253.30562421262493 97.70319392582333),0.13000000000000508,253.30562421262493,97.70319392582333
2025-09-02 13:50:59.984431,122,3,POINT (253.31734717629024 97.83366833757867),0.1310000000000044,253.31734717629024,97.83366833757867
2025-09-02 13:51:00.984431,123,3,POINT (253.3291596282278 97.96513873721001),0.13200000000000625,253.3291596282278,97.96513873721001
2025-09-02 13:51:01.984431,124,3,POINT (253.33758992416168 98.0978712882684),0.13299999999999423,253.33758992416168,98.0978712882684
2025-09-02 13:51:02.984431,125,3,POINT (253.34608360577926 98.23160182843249),0.13400000000000506,253.34608360577926,98.23160182843249
2025-09-02 13:51:03.984431,126,3,POINT (253.35464067308055 98.36633035770228),0.13500000000000173,253.35464067308055,98.36633035770228
2025-09-02 13:51:04.984431,127,3,POINT (253.36326112606557 98.50205687607777),0.1359999999999984,253.36326112606557,98.50205687607777
2025-09-02 13:51:05.984431,128,3,POINT (253.37194496473427 98.63878138355896),0.13699999999999327,253.37194496473427,98.63878138355896
2025-09-02 13:51:06.984431,129,3,POINT (253.3806921890867 98.77650388014587),0.1380000000000041,253.3806921890867,98.77650388014587
2025-09-02 13:51:07.984431,130,3,POINT (253.38950279912282 98.91522436583847),0.1390000000000008,253.38950279912282,98.91522436583847
2025-09-02 13:51:08.984431,131,3,POINT (253.39837679484268 99.05494284063677),0.13999999999999746,253.39837679484268,99.05494284063677
2025-09-02 13:51:09.984431,132,3,POINT (253.40731417624625 99.19565930454077),0.14099999999999413,253.40731417624625,99.19565930454077
2025-09-02 13:51:10.984431,133,3,POINT (253.41631494333353 99.33737375755048),0.14200000000000496,253.41631494333353,99.33737375755048
2025-09-02 13:51:11.984431,134,3,POINT (253.42537909610454 99.48008619966589),0.14300000000000163,253.42537909610454,99.48008619966589
2025-09-02 13:51:12.984431,135,3,POINT (253.43450663455926 99.623796630887),0.1439999999999983,253.43450663455926,99.623796630887
2025-09-02 13:51:13.984431,136,3,POINT (253.44369755869766 99.76850505121381),0.14499999999999316,253.44369755869766,99.76850505121381
2025-09-02 13:51:14.984431,137,3,POINT (253.4529518685198 99.91421146064633),0.14600000000000402,253.4529518685198,99.91421146064633
2025-09-02 13:51:15.984431,138,3,POINT (253.45842609762704 100.0611094960848),0.14700000000000057,253.45842609762704,100.0611094960848
2025-09-02 13:51:16.984431,139,3,POINT (253.46393756638807 100.20900683788679),0.14799999999999808,253.46393756638807,100.20900683788679
2025-09-02 13:51:17.984431,140,3,POINT (253.46948627480288 100.35790348605231),0.1489999999999956,253.46948627480288,100.35790348605231
2025-09-02 13:51:18.984431,141,3,POINT (253.4750722228715 100.50779944058135),0.14999999999999417,253.4750722228715,100.50779944058135
2025-09-02 13:51:19.984431,142,3,POINT (253.48069541059388 100.65869470147393),0.15100000000000588,253.48069541059388,100.65869470147393
2025-09-02 13:51:20.984431,143,3,POINT (253.48635583797008 100.81058926873004),0.15200000000000446,253.48635583797008,100.81058926873004
2025-09-02 13:51:21.984431,144,3,POINT (253.49205350500006 100.96348314234967),0.153000000000002,253.49205350500006,100.96348314234967
2025-09-02 13:51:22.984431,145,3,POINT (253.49778841168384 101.11737632233283),0.15400000000000055,253.49778841168384,101.11737632233283
2025-09-02 13:51:23.984431,146,3,POINT (253.5035605580214 101.27226880867951),0.15499999999999806,253.5035605580214,101.27226880867951
2025-09-02 13:51:24.984431,147,3,POINT (253.50936994401278 101.42816060138972),0.15599999999999664,253.50936994401278,101.42816060138972
2025-09-02 13:51:25.984431,148,3,POINT (253.51521656965792 101.58505170046345),0.15699999999999414,253.51521656965792,101.58505170046345
2025-09-02 13:51:26.984431,149,3,POINT (253.52110043495685 101.74294210590072),0.15800000000000586,253.52110043495685,101.74294210590072
2025-09-02 13:51:27.984431,150,3,POINT (253.52702153990958 101.90183181770152),0.15900000000000444,253.52702153990958,101.90183181770152
2025-09-02 13:51:28.984431,151,3,POINT (253.5329798845161 102.06172083586584),0.16000000000000195,253.5329798845161,102.06172083586584
2025-09-02 13:51:29.984431,152,3,POINT (253.5389754687764 102.22260916039369),0.16100000000000053,253.5389754687764,102.22260916039369
2025-09-02 13:51:30.984431,153,3,POINT (253.5450082926905 102.38449679128506),0.16199999999999803,253.5450082926905,102.38449679128506
2025-09-02 13:51:31.984431,154,3,POINT (253.55107835625842 102.54738372853996),0.16299999999999662,253.55107835625842,102.54738372853996
2025-09-02 13:51:32.984431,155,3,POINT (253.5571856594801 102.71126997215838),0.16399999999999412,253.5571856594801,102.71126997215838
2025-09-02 13:51:33.984431,156,3,POINT (253.56333020235556 102.87615552214034),0.16500000000000584,253.56333020235556,102.87615552214034
2025-09-02 13:51:34.984431,157,3,POINT (253.56516750723273 103.04214535409034),0.16600000000000292,253.56516750723273,103.04214535409034
2025-09-02 13:51:35.984431,158,3,POINT (253.56701588021156 103.20913512478703),0.16700000000000373,253.56701588021156,103.20913512478703
2025-09-02 13:51:36.984431,159,3,POINT (253.56887532129207 103.3771248342304),0.16800000000000487,253.56887532129207,103.3771248342304
2025-09-02 13:51:37.984431,160,3,POINT (253.57074583047424 103.54611448242046),0.16900000000000567,253.57074583047424,103.54611448242046
2025-09-02 13:51:38.984431,161,3,POINT (253.5726274077581 103.71610406935721),0.1700000000000068,253.5726274077581,103.71610406935721
2025-09-02 13:51:39.984431,162,3,POINT (253.5745200531436 103.88709359504064),0.1709999999999934,253.5745200531436,103.88709359504064
2025-09-02 13:51:40.984431,163,3,POINT (253.5764237666308 104.05908305947075),0.17199999999999455,253.5764237666308,104.05908305947075
2025-09-02 13:51:41.984431,164,3,POINT (253.57833854821965 104.23207246264755),0.17299999999999535,253.57833854821965,104.23207246264755
2025-09-02 13:51:42.984431,165,3,POINT (253.58026439791018 104.40606180457104),0.17399999999999646,253.58026439791018,104.40606180457104
2025-09-02 13:51:43.984431,166,3,POINT (253.58220131570238 104.58105108524121),0.1749999999999973,253.58220131570238,104.58105108524121
2025-09-02 13:51:44.984431,167,3,POINT (253.58414930159626 104.75704030465808),0.17599999999999844,253.58414930159626,104.75704030465808
2025-09-02 13:51:45.984431,168,3,POINT (253.5861083555918 104.93402946282163),0.1769999999999992,253.5861083555918,104.93402946282163
2025-09-02 13:51:46.984431,169,3,POINT (253.588078477689 105.11201855973187),0.17800000000000035,253.588078477689,105.11201855973187
2025-09-02 13:51:47.984431,170,3,POINT (253.59005966788789 105.29100759538879),0.17900000000000116,253.59005966788789,105.29100759538879
2025-09-02 13:51:48.984431,171,3,POINT (253.58262930077908 105.47085416790166),0.17999999999999855,253.58262930077908,105.47085416790166
2025-09-02 13:51:49.984431,172,3,POINT (253.56570315978956 105.6510610094788),0.18100000000000616,253.56570315978956,105.6510610094788
2025-09-02 13:51:50.984431,173,3,POINT (253.53922342506462 105.83112439734234),0.18199999999999833,253.53922342506462,105.83112439734234
2025-09-02 13:51:51.984431,174,3,POINT (253.5078679126895 106.01141813501421),0.18300000000000177,253.5078679126895,106.01141813501421
2025-09-02 13:51:52.984431,175,3,POINT (253.47160653249563 106.19180968777219),0.18400000000000186,253.47160653249563,106.19180968777219
2025-09-02 13:51:53.984431,176,3,POINT (253.43041280904396 106.37216510673206),0.18500000000000083,253.43041280904396,106.37216510673206
2025-09-02 13:51:54.984431,177,3,POINT (253.384263934947 106.55234912772055),0.18599999999999448,253.384263934947,106.55234912772055
2025-09-02 13:51:55.984431,178,3,POINT (253.33314082147976 106.73222527196823),0.1869999999999967,253.33314082147976,106.73222527196823
2025-09-02 13:51:56.984431,179,3,POINT (253.27702814642106 106.91165594854768),0.18799999999999972,253.27702814642106,106.91165594854768
2025-09-02 13:51:57.984431,180,3,POINT (253.2159143990684 107.09050255848064),0.18899999999999462,253.2159143990684,107.09050255848064
2025-09-02 13:51:58.984431,181,3,POINT (253.1497919223721 107.26862560043632),0.1900000000000023,253.1497919223721,107.26862560043632
2025-09-02 13:51:59.984431,182,3,POINT (253.08332143264053 107.44768613208652),0.19100000000000825,253.08332143264053,107.44768613208652
2025-09-02 13:52:00.984431,183,3,POINT (253.01650292987375 107.6276841534312),0.19199999999999096,253.01650292987375,107.6276841534312
2025-09-02 13:52:01.984431,184,3,POINT (252.94933641407172 107.8086196644704),0.19299999999999687,252.94933641407172,107.8086196644704
2025-09-02 13:52:02.984431,185,3,POINT (252.88182188523444 107.9904926652041),0.19400000000000278,252.88182188523444,107.9904926652041
2025-09-02 13:52:03.984431,186,3,POINT (252.81395934336192 108.1733031556323),0.19499999999999537,252.81395934336192,108.1733031556323
2025-09-02 13:52:04.984431,187,3,POINT (252.75058212388507 108.3587737140813),0.19599999999999917,252.75058212388507,108.3587737140813
2025-09-02 13:52:05.984431,188,3,POINT (252.69178320374377 108.54679415709273),0.19700000000000173,252.69178320374377,108.54679415709273
2025-09-02 13:52:06.984431,189,3,POINT (252.63765284830788 108.73725125100205),0.197999999999994,252.63765284830788,108.73725125100205
2025-09-02 13:52:07.984431,190,3,POINT (252.58827851526866 108.93002877883383),0.19900000000000215,252.58827851526866,108.93002877883383
2025-09-02 13:52:08.984431,191,3,POINT (252.54374476018577 109.1250076101418),0.20000000000000345,252.54374476018577,109.1250076101418
2025-09-02 13:52:09.984431,192,3,POINT (252.50413314377835 109.32206577375241),0.20099999999999793,252.50413314377835,109.32206577375241
2025-09-02 13:52:10.984431,193,3,POINT (252.46952214104735 109.52107853336835),0.20199999999999235,252.46952214104735,109.52107853336835
2025-09-02 13:52:11.984431,194,3,POINT (252.43998705231567 109.72191846598538),0.2030000000000021,252.43998705231567,109.72191846598538
2025-09-02 13:52:12.984431,195,3,POINT (252.415599916271 109.92445554307385),0.2040000000000013,252.415599916271,109.92445554307385
2025-09-02 13:52:13.984431,196,3,POINT (252.39642942509502 110.12855721447336),0.20500000000000707,252.39642942509502,110.12855721447336
2025-09-02 13:52:14.984431,197,3,POINT (252.3825408417619 110.33408849494667),0.2059999999999973,252.3825408417619,110.33408849494667
2025-09-02 13:52:15.984431,198,3,POINT (252.37399591958678 110.54091205333647),0.20699999999999555,252.37399591958678,110.54091205333647
2025-09-02 13:52:16.984431,199,3,POINT (252.3708528241039 110.7488883042662),0.20800000000000357,252.3708528241039,110.7488883042662
2025-09-02 13:52:17.984431,200,3,POINT (252.36769461758504 110.9578644410177),0.2089999999999962,252.36769461758504,110.9578644410177
2025-09-02 13:52:18.984431,201,3,POINT (252.37001891893567 111.16785157782192),0.21000000000000235,252.37001891893567,111.16785157782192
2025-09-02 13:52:19.984431,202,3,POINT (252.37235428838798 111.37883865337282),0.2110000000000035,252.37235428838798,111.37883865337282
2025-09-02 13:52:20.984431,203,3,POINT (252.37470072594195 111.59082566767042),0.21200000000000432,252.37470072594195,111.59082566767042
2025-09-02 13:52:21.984431,204,3,POINT (252.3770582315976 111.8038126207147),0.21300000000000543,252.3770582315976,111.8038126207147
2025-09-02 13:52:22.984431,205,3,POINT (252.3794268053549 112.01779951250566),0.21400000000000624,252.3794268053549,112.01779951250566
2025-09-02 13:52:23.984431,206,3,POINT (252.3818064472139 112.2327863430433),0.21499999999999317,252.3818064472139,112.2327863430433
2025-09-02 13:52:24.984431,207,3,POINT (252.38419715717455 112.44877311232763),0.21599999999999397,252.38419715717455,112.44877311232763
2025-09-02 13:52:25.984431,208,3,POINT (252.3865989352369 112.66575982035864),0.2169999999999951,252.3865989352369,112.66575982035864
2025-09-02 13:52:26.984431,209,3,POINT (252.38901178140088 112.88374646713635),0.21799999999999592,252.38901178140088,112.88374646713635
2025-09-02 13:52:27.984431,210,3,POINT (252.39143569566656 113.10273305266074),0.21899999999999706,252.39143569566656,113.10273305266074
2025-09-02 13:52:28.984431,211,3,POINT (252.3938706780339 113.32271957693182),0.21999999999999786,252.3938706780339,113.32271957693182
2025-09-02 13:52:29.984431,212,3,POINT (252.39631672850288 113.54370603994958),0.22099999999999867,252.39631672850288,113.54370603994958
2025-09-02 13:52:30.984431,213,3,POINT (252.39877384707356 113.76569244171404),0.2219999999999998,252.39877384707356,113.76569244171404
2025-09-02 13:52:31.984431,214,3,POINT (252.4012420337459 113.98867878222518),0.22300000000000061,252.4012420337459,113.98867878222518
2025-09-02 13:52:32.984431,215,3,POINT (252.4037212885199 114.21266506148301),0.22400000000000175,252.4037212885199,114.21266506148301
2025-09-02 13:52:33.984431,216,3,POINT (252.40621161139558 114.43765127948753),0.22500000000000256,252.40621161139558,114.43765127948753
2025-09-02 13:52:34.984431,217,3,POINT (252.40871300237293 114.66363743623873),0.2260000000000037,252.40871300237293,114.66363743623873
2025-09-02 13:52:35.984431,218,3,POINT (252.41122546145195 114.89062353173662),0.2270000000000045,252.41122546145195,114.89062353173662
2025-09-02 13:52:36.984431,219,3,POINT (252.41374898863265 115.1186095659812),0.22800000000000564,252.41374898863265,115.1186095659812
2025-09-02 13:52:37.984431,220,3,POINT (252.416283583915 115.34759553897247),0.22900000000000645,252.416283583915,115.34759553897247
2025-09-02 13:52:38.984431,221,3,POINT (252.4248487042869 115.57743600258368),0.23000000000000279,252.4248487042869,115.57743600258368
2025-09-02 13:52:39.984431,222,3,POINT (252.43949079722464 115.80797148600088),0.2309999999999988,252.43949079722464,115.80797148600088
2025-09-02 13:52:40.984431,223,3,POINT (252.46025207638763 116.03904067323171),0.23200000000000026,252.46025207638763,116.03904067323171
2025-09-02 13:52:41.984431,224,3,POINT (252.48642723153137 116.26409038568865),0.22656679329449014,252.48642723153137,116.26409038568865
2025-09-02 13:52:42.984431,225,3,POINT (252.51506215705518 116.46443330812923),0.20237896514160816,252.51506215705518,116.46443330812923
2025-09-02 13:52:43.984431,226,3,POINT (252.54909899314765 116.66494389949759),0.2033789651416134,252.54909899314765,116.66494389949759
2025-09-02 13:52:44.984431,227,3,POINT (252.58856602818014 116.8654759780738),0.20437896514160522,252.58856602818014,116.8654759780738
2025-09-02 13:52:45.984431,228,3,POINT (252.63348758189304 117.06588199927741),0.20537896514161444,252.63348758189304,117.06588199927741
2025-09-02 13:52:46.984431,229,3,POINT (252.68388395352275 117.26601316371584),0.20637896514161283,252.68388395352275,117.26601316371584
2025-09-02 13:52:47.984431,230,3,POINT (252.7397713728777 117.46571952701218),0.20737896514161352,252.7397713728777,117.46571952701218
2025-09-02 13:52:48.984431,231,3,POINT (252.80116195442076 117.66485011133136),0.20837896514162152,252.80116195442076,117.66485011133136
2025-09-02 13:52:49.984431,232,3,POINT (252.8680636544133 117.86325301852246),0.20937896514160742,252.8680636544133,117.86325301852246
2025-09-02 13:52:50.984431,233,3,POINT (252.94048023117415 118.06077554479299),0.21037896514160417,252.94048023117415,118.06077554479299
2025-09-02 13:52:51.984431,234,3,POINT (253.018411208504 118.2572642968292),0.21137896514160653,253.018411208504,118.2572642968292
2025-09-02 13:52:52.984431,235,3,POINT (253.10185184232378 118.45256530927506),0.21237896514161017,253.10185184232378,118.45256530927506
2025-09-02 13:52:53.984431,236,3,POINT (253.1907930905727 118.64652416348086),0.21337896514160706,253.1907930905727,118.64652416348086
2025-09-02 13:52:54.984431,237,3,POINT (253.28522158640988 118.83898610743114),0.21437896514161975,253.28522158640988,118.83898610743114
2025-09-02 13:52:55.984431,238,3,POINT (253.3800905568793 119.03234581643883),0.21537896514160965,253.3800905568793,119.03234581643883
2025-09-02 13:52:56.984431,239,3,POINT (253.4804524096716 119.2240418129016),0.2163789651416194,253.4804524096716,119.2240418129016
2025-09-02 13:52:57.984431,240,3,POINT (253.5763525315233 119.39609878762464),0.19697826256216905,253.5763525315233,119.39609878762464
2025-09-02 13:52:58.984431,241,3,POINT (253.67273950974484 119.5690292443882),0.1979782625621723,253.67273950974484,119.5690292443882
2025-09-02 13:52:59.984431,242,3,POINT (253.76961334433622 119.7428331831923),0.19897826256216167,253.76961334433622,119.7428331831923
2025-09-02 13:53:00.984431,243,3,POINT (253.86697403529746 119.91751060403693),0.19997826256216492,253.86697403529746,119.91751060403693
2025-09-02 13:53:01.984431,244,3,POINT (253.9693834396281 120.09043999982362),0.20097826256215856,253.9693834396281,120.09043999982362
2025-09-02 13:53:02.984431,245,3,POINT (254.07230239858933 120.26422983391632),0.20197826256216608,254.07230239858933,120.26422983391632
2025-09-02 13:53:03.984431,246,3,POINT (254.1802672809652 120.43611281517484),0.20297826256216367,254.1802672809652,120.43611281517484
2025-09-02 13:53:04.984431,247,3,POINT (254.28876406700908 120.60884260130344),0.20397826256216953,254.28876406700908,120.60884260130344
2025-09-02 13:53:05.984431,248,3,POINT (254.39779275672092 120.78241919230211),0.2049782625621603,254.39779275672092,120.78241919230211
2025-09-02 13:53:06.984431,249,3,POINT (254.51188167863907 120.95391485563995),0.20597826256217175,254.51188167863907,120.95391485563995
2025-09-02 13:53:07.984431,250,3,POINT (254.6265244887224 121.12624311005416),0.20697826256215954,254.6265244887224,121.12624311005416
2025-09-02 13:53:08.984431,251,3,POINT (254.7417211869709 121.29940395554476),0.20797826256215918,254.7417211869709,121.29940395554476
2025-09-02 13:53:09.984431,252,3,POINT (254.8574717733846 121.47339739211174),0.2089782625621627,254.8574717733846,121.47339739211174
2025-09-02 13:53:10.984431,253,3,POINT (254.97831280521328 121.64511901502277),0.20997826256215782,254.97831280521328,121.64511901502277
2025-09-02 13:53:11.984431,254,3,POINT (255.0997293300971 121.81765844460016),0.2109782625621667,255.0997293300971,121.81765844460016
2025-09-02 13:53:12.984431,255,3,POINT (255.221721348036 121.99101568084389),0.21197826256215924,255.221721348036,121.99101568084389
2025-09-02 13:53:13.984431,256,3,POINT (255.34880622929998 122.16192259491736),0.2129782625621614,255.34880622929998,122.16192259491736
2025-09-02 13:53:14.984431,257,3,POINT (255.4764878140948 122.3336319707633),0.21397826256216923,255.4764878140948,122.3336319707633
2025-09-02 13:53:15.984431,258,3,POINT (255.60476610242048 122.50614380838172),0.21497826256216562,255.60476610242048,122.50614380838172
2025-09-02 13:53:16.984431,259,3,POINT (255.733641094277 122.67945810777262),0.21597826256217345,255.733641094277,122.67945810777262
2025-09-02 13:53:17.984431,260,3,POINT (255.86311278966437 122.85357486893598),0.21697826256216987,255.86311278966437,122.85357486893598
2025-09-02 13:53:18.984431,261,3,POINT (255.99771546884764 123.02502935766785),0.2179782625621686,255.99771546884764,123.02502935766785
2025-09-02 13:53:19.984431,262,3,POINT (256.1329356530867 123.1972704133111),0.21897826256216466,256.1329356530867,123.1972704133111
2025-09-02 13:53:20.984431,263,3,POINT (256.2687733423815 123.37029803586573),0.21997826256214953,256.2687733423815,123.37029803586573
2025-09-02 13:53:21.984431,264,3,POINT (256.4052285367321 123.54411222533174),0.22097826256216313,256.4052285367321,123.54411222533174
2025-09-02 13:53:22.984431,265,3,POINT (256.5468247797221 123.7150650054239),0.22197826256215192,256.5468247797221,123.7150650054239
2025-09-02 13:53:23.984431,266,3,POINT (256.6890589060857 123.88678791849267),0.22297826256215286,256.6890589060857,123.88678791849267
2025-09-02 13:53:24.984431,267,3,POINT (256.83193091582285 124.05928096453806),0.22397826256214282,256.83193091582285,124.05928096453806
2025-09-02 13:53:25.984431,268,3,POINT (256.9754408089337 124.23254414356008),0.22497826256217998,256.9754408089337,124.23254414356008
2025-09-02 13:53:26.984431,269,3,POINT (257.1195885854181 124.40657745555872),0.22597826256218093,257.1195885854181,124.40657745555872
2025-09-02 13:53:27.984431,270,3,POINT (257.26437424527614 124.58138090053397),0.2269782625621709,257.26437424527614,124.58138090053397
2025-09-02 13:53:28.984431,271,3,POINT (257.4108820251488 124.74912388049586),0.22271559642222322,257.4108820251488,124.74912388049586
2025-09-02 13:53:29.984431,272,3,POINT (257.55804762953943 124.91762003168893),0.22371559642219527,257.55804762953943,124.91762003168893
2025-09-02 13:53:30.984431,273,3,POINT (257.7058710584481 125.08686935411319),0.22471559642221545,257.7058710584481,125.08686935411319
2025-09-02 13:53:31.984431,274,3,POINT (257.85435231187483 125.25687184776864),0.2257155964222249,257.85435231187483,125.25687184776864
2025-09-02 13:53:32.984431,275,3,POINT (258.00349138981954 125.42762751265526),0.226715596422197,258.00349138981954,125.42762751265526
2025-09-02 13:53:33.984431,276,3,POINT (258.1532882922823 125.59913634877309),0.22771559642221714,258.1532882922823,125.59913634877309
2025-09-02 13:53:34.984431,277,3,POINT (258.30374301926304 125.77139835612209),0.2287155964221892,258.30374301926304,125.77139835612209
2025-09-02 13:53:35.984431,278,3,POINT (258.4548555707618 125.94441353470228),0.2297155964221987,258.4548555707618,125.94441353470228
2025-09-02 13:53:36.984431,279,3,POINT (258.60662594677865 126.11818188451366),0.23071559642221884,258.60662594677865,126.11818188451366
2025-09-02 13:53:37.984431,280,3,POINT (258.75905414731346 126.29270340555622),0.2317155964221909,258.75905414731346,126.29270340555622
2025-09-02 13:53:38.984431,281,3,POINT (258.9121401723663 126.46797809782998),0.2327155964222111,258.9121401723663,126.46797809782998
2025-09-02 13:53:39.984431,282,3,POINT (259.0704392100435 126.63992109617962),0.23371559642219977,259.0704392100435,126.63992109617962
2025-09-02 13:53:40.984431,283,3,POINT (259.22941556254307 126.81259978782907),0.23471559642220688,259.22941556254307,126.81259978782907
2025-09-02 13:53:41.984431,284,3,POINT (259.389069229865 126.98601417277834),0.235715596422214,259.389069229865,126.98601417277834
2025-09-02 13:53:42.984431,285,3,POINT (259.54940021200935 127.16016425102742),0.23671559642222112,259.54940021200935,127.16016425102742
2025-09-02 13:53:43.984431,286,3,POINT (259.71040850897606 127.33505002257631),0.23771559642221782,259.71040850897606,127.33505002257631
2025-09-02 13:53:44.984431,287,3,POINT (259.88106385355314 127.50196883320739),0.23871559642221962,259.88106385355314,127.50196883320739
2025-09-02 13:53:45.984431,288,3,POINT (260.0609716817918 127.66038834118068),0.2397155964221855,260.0609716817918,127.66038834118068
2025-09-02 13:53:46.984431,289,3,POINT (260.2497080527825 127.80979577281022),0.24071559642218837,260.2497080527825,127.80979577281022
2025-09-02 13:53:47.984431,290,3,POINT (260.44682062104675 127.94969954325983),0.24171559642219478,260.44682062104675,127.94969954325983
2025-09-02 13:53:48.984431,291,3,POINT (260.6107781826806 128.05361307263126),0.19411363579959437,260.6107781826806,128.05361307263126
2025-09-02 13:53:49.984431,292,3,POINT (260.78082096650843 128.14929370046693),0.19511363579963453,260.78082096650843,128.14929370046693
2025-09-02 13:53:50.984431,293,3,POINT (260.95419415229395 128.24095774247428),0.1961136357996217,260.95419415229395,128.24095774247428
2025-09-02 13:53:51.984431,294,3,POINT (261.1308033890682 128.32849609352203),0.1971136357996184,261.1308033890682,128.32849609352203
2025-09-02 13:53:52.984431,295,3,POINT (261.3105508880969 128.41180185132237),0.19811363579964006,261.3105508880969,128.41180185132237
2025-09-02 13:53:53.984431,296,3,POINT (261.4933354739651 128.49077042184467),0.1991136357996303,261.4933354739651,128.49077042184467
2025-09-02 13:53:54.984431,297,3,POINT (261.67905263883034 128.56529962355353),0.20011363579962935,261.67905263883034,128.56529962355353
2025-09-02 13:53:55.984431,298,3,POINT (261.86759459981664 128.63528979037704),0.20111363579962138,261.86759459981664,128.63528979037704
2025-09-02 13:53:56.984431,299,3,POINT (262.05885035952025 128.70064387331243),0.20211363579959096,262.05885035952025,128.70064387331243
2025-09-02 13:53:57.984431,300,3,POINT (262.2510523975833 128.76632130940843),0.20311363579959746,262.2510523975833,128.76632130940843
2025-09-02 13:53:58.984431,301,3,POINT (262.4442007140058 128.832322098665),0.20411363579959477,262.4442007140058,128.832322098665
2025-09-02 13:53:59.984431,302,3,POINT (262.6382953087877 128.8986462410822),0.2051136357996013,262.6382953087877,128.8986462410822
2025-09-02 13:54:00.984431,303,3,POINT (262.8295808247787 128.97541004918588),0.20611363579959546,262.8295808247787,128.97541004918588
2025-09-02 13:54:01.984431,304,3,POINT (263.0174939782548 129.06250026037418),0.20711363579963754,263.0174939782548,129.06250026037418
2025-09-02 13:54:02.984431,305,3,POINT (263.20147569832676 129.15977313472817),0.20811363579961045,263.20147569832676,129.15977313472817
2025-09-02 13:54:03.984431,306,3,POINT (263.3837195718623 129.26231914018962),0.2091136357996109,263.3837195718623,129.26231914018962
2025-09-02 13:54:04.984431,307,3,POINT (263.5640750244944 129.37011362360502),0.21011363579960335,263.5640750244944,129.37011362360502
2025-09-02 13:54:05.984431,308,3,POINT (263.742391590514 129.48312764708672),0.21111363579963255,263.742391590514,129.48312764708672
2025-09-02 13:54:06.984431,309,3,POINT (263.9185190343992 129.6013279770465),0.21211363579963494,263.9185190343992,129.6013279770465
2025-09-02 13:54:07.984431,310,3,POINT (264.0923074729872 129.72467707666567),0.21311363579958859,264.0923074729872,129.72467707666567
2025-09-02 13:54:08.984431,311,3,POINT (264.26360749819145 129.85313310182747),0.2141136357996345,264.26360749819145,129.85313310182747
2025-09-02 13:54:09.984431,312,3,POINT (264.4322703001656 129.98664990053518),0.21511363579962414,264.4322703001656,129.98664990053518
2025-09-02 13:54:10.984431,313,3,POINT (264.5981477908172 130.12517701583633),0.21611363579962176,264.5981477908172,130.12517701583633
2025-09-02 13:54:11.984431,314,3,POINT (264.76109272757014 130.2686596922705),0.21711363579960563,264.76109272757014,130.2686596922705
2025-09-02 13:54:12.984431,315,3,POINT (264.92095883727666 130.41703888585582),0.2181136357996149,264.92095883727666,130.41703888585582
2025-09-02 13:54:13.984431,316,3,POINT (265.077600940178 130.57025127762614),0.21911363579964316,265.077600940178,130.57025127762614
2025-09-02 13:54:14.984431,317,3,POINT (265.23087507381234 130.72822929072785),0.22011363579960758,265.23087507381234,130.72822929072785
2025-09-02 13:54:15.984431,318,3,POINT (265.38063861676886 130.89090111108294),0.2211136357996204,265.38063861676886,130.89090111108294
2025-09-02 13:54:16.984431,319,3,POINT (265.51109400763056 131.04026502905543),0.19831336061136237,265.51109400763056,131.04026502905543
2025-09-02 13:54:17.984431,320,3,POINT (265.64220722301025 131.19038211825912),0.19931336061134514,265.64220722301025,131.19038211825912
2025-09-02 13:54:18.984431,321,3,POINT (265.773978262908 131.341252378694),0.20031336061136534,265.773978262908,131.341252378694
2025-09-02 13:54:19.984431,322,3,POINT (265.9064071273237 131.49287581036006),0.20131336061132668,265.9064071273237,131.49287581036006
2025-09-02 13:54:20.984431,323,3,POINT (266.03949381625745 131.6452524132573),0.20231336061134683,266.03949381625745,131.6452524132573
2025-09-02 13:54:21.984431,324,3,POINT (266.17323832970925 131.79838218738576),0.20331336061136704,266.17323832970925,131.79838218738576
2025-09-02 13:54:22.984431,325,3,POINT (266.30764066767904 131.9522651327454),0.2043133606113498,266.30764066767904,131.9522651327454
2025-09-02 13:54:23.984431,326,3,POINT (266.44270083016687 132.1069012493362),0.20531336061134856,266.44270083016687,132.1069012493362
2025-09-02 13:54:24.984431,327,3,POINT (266.57841881717275 132.2622905371582),0.2063133606113687,266.57841881717275,132.2622905371582
2025-09-02 13:54:25.984431,328,3,POINT (266.7147946286966 132.4184329962114),0.2073133606113515,266.7147946286966,132.4184329962114
2025-09-02 13:54:26.984431,329,3,POINT (266.8518282647385 132.57532862649578),0.20831336061135025,266.8518282647385,132.57532862649578
2025-09-02 13:54:27.984431,330,3,POINT (266.98951972529846 132.73297742801134),0.20931336061137043,266.98951972529846,132.73297742801134
2025-09-02 13:54:28.984431,331,3,POINT (267.1278690103764 132.8913794007581),0.21031336061135322,267.1278690103764,132.8913794007581
2025-09-02 13:54:29.984431,332,3,POINT (267.2668761199724 133.05053454473602),0.21131336061135195,267.2668761199724,133.05053454473602
2025-09-02 13:54:30.984431,333,3,POINT (267.40654105408635 133.21044285994515),0.21231336061133474,267.40654105408635,133.21044285994515
2025-09-02 13:54:31.984431,334,3,POINT (267.54686381271836 133.37110434638547),0.21331336061135492,267.54686381271836,133.37110434638547
2025-09-02 13:54:32.984431,335,3,POINT (267.6878443958684 133.53251900405695),0.21431336061135367,267.6878443958684,133.53251900405695
2025-09-02 13:54:33.984431,336,3,POINT (267.82948280353645 133.69468683295963),0.21531336061133644,267.82948280353645,133.69468683295963
2025-09-02 13:54:34.984431,337,3,POINT (267.97128928311025 133.85704709452588),0.21556885717787702,267.97128928311025,133.85704709452588
2025-09-02 13:54:35.984431,338,3,POINT (268.11375358720204 134.0201605273233),0.2165688571778384,268.11375358720204,134.0201605273233
2025-09-02 13:54:36.984431,339,3,POINT (268.2568757158119 134.1840271313519),0.21756885717785854,268.2568757158119,134.1840271313519
2025-09-02 13:54:37.984431,340,3,POINT (268.4006556689397 134.34864690661172),0.21856885717784133,268.4006556689397,134.34864690661172
2025-09-02 13:54:38.984431,341,3,POINT (268.54509344658555 134.5140198531027),0.21956885717784008,268.54509344658555,134.5140198531027
2025-09-02 13:54:39.984431,342,3,POINT (268.69018904874946 134.68014597082487),0.22056885717786023,268.69018904874946,134.68014597082487
2025-09-02 13:54:40.984431,343,3,POINT (268.8264935295 134.83620676024594),0.20720492626239248,268.8264935295,134.83620676024594
2025-09-02 13:54:41.984431,344,3,POINT (268.9634558347686 134.99302072089822),0.20820492626241263,268.9634558347686,134.99302072089822
2025-09-02 13:54:42.984431,345,3,POINT (269.10107596455515 135.15058785278168),0.20920492626239542,269.10107596455515,135.15058785278168
2025-09-02 13:54:43.984431,346,3,POINT (269.23935391885976 135.30890815589635),0.21020492626241558,269.23935391885976,135.30890815589635
2025-09-02 13:54:44.984431,347,3,POINT (269.3782896976824 135.46798163024218),0.21120492626241436,269.3782896976824,135.46798163024218
2025-09-02 13:54:45.984431,348,3,POINT (269.51788330102306 135.6278082758192),0.21220492626239712,269.51788330102306,135.6278082758192
2025-09-02 13:54:46.984431,349,3,POINT (269.65813472888175 135.78838809262743),0.2132049262624173,269.65813472888175,135.78838809262743
2025-09-02 13:54:47.984431,350,3,POINT (269.7990439812585 135.94972108066682),0.21420492626241605,269.7990439812585,135.94972108066682
2025-09-02 13:54:48.984431,351,3,POINT (269.9406110581532 136.1118072399374),0.21520492626239882,269.9406110581532,136.1118072399374
2025-09-02 13:54:49.984431,352,3,POINT (270.08283595956595 136.2746465704392),0.216204926262419,270.08283595956595,136.2746465704392
2025-09-02 13:54:50.984431,353,3,POINT (270.2257186854967 136.43823907217214),0.21720492626238036,270.2257186854967,136.43823907217214
2025-09-02 13:54:51.984431,354,3,POINT (270.3692592359455 136.60258474513628),0.21820492626240054,270.3692592359455,136.60258474513628
2025-09-02 13:54:52.984431,355,3,POINT (270.5134576109123 136.76768358933163),0.2192049262624207,270.5134576109123,136.76768358933163
2025-09-02 13:54:53.984431,356,3,POINT (270.65831381039715 136.93353560475813),0.22020492626238208,270.65831381039715,136.93353560475813
2025-09-02 13:54:54.984431,357,3,POINT (270.8038278344 137.10014079141584),0.22120492626240223,270.8038278344,137.10014079141584
2025-09-02 13:54:55.984431,358,3,POINT (270.9499996829209 137.26749914930474),0.2222049262624224,270.9499996829209,137.26749914930474
2025-09-02 13:54:56.984431,359,3,POINT (271.0968293559598 137.43561067842484),0.22320492626240518,271.0968293559598,137.43561067842484
2025-09-02 13:54:57.984431,360,3,POINT (271.24431685351675 137.6044753787761),0.22420492626240393,271.24431685351675,137.6044753787761
2025-09-02 13:54:58.984431,361,3,POINT (271.38320640227863 137.7634959223618),0.2111346490691997,271.38320640227863,137.7634959223618
2025-09-02 13:54:59.984431,362,3,POINT (271.52275377555856 137.92326963717872),0.21213464906921986,271.52275377555856,137.92326963717872
2025-09-02 13:55:00.984431,363,3,POINT (271.6629589733565 138.08379652322682),0.21313464906924004,271.6629589733565,138.08379652322682
2025-09-02 13:55:01.984431,364,3,POINT (271.8038219956725 138.2450765805061),0.2141346490692014,271.8038219956725,138.2450765805061
2025-09-02 13:55:02.984431,365,3,POINT (271.9453428425065 138.40710980901656),0.21513464906922158,271.9453428425065,138.40710980901656
2025-09-02 13:55:03.984431,366,3,POINT (272.0875215138585 138.56989620875822),0.21613464906924174,272.0875215138585,138.56989620875822
2025-09-02 13:55:04.984431,367,3,POINT (272.23035800972855 138.73343577973105),0.21713464906920313,272.23035800972855,138.73343577973105
2025-09-02 13:55:05.984431,368,3,POINT (272.3738523301166 138.89772852193508),0.21813464906922328,272.3738523301166,138.89772852193508
2025-09-02 13:55:06.984431,369,3,POINT (272.5060927201121 139.04913616123216),0.20102684891246764,272.5060927201121,139.04913616123216
2025-09-02 13:55:07.984431,370,3,POINT (272.63899093462567 139.20129697176043),0.2020268489124878,272.63899093462567,139.20129697176043
2025-09-02 13:55:08.984431,371,3,POINT (272.77254697365726 139.35421095351987),0.20302684891248654,272.77254697365726,139.35421095351987
2025-09-02 13:55:09.984431,372,3,POINT (272.90676083720683 139.5078781065105),0.20402684891246933,272.90676083720683,139.5078781065105
2025-09-02 13:55:10.984431,373,3,POINT (273.04163252527445 139.66229843073233),0.2050268489124895,273.04163252527445,139.66229843073233
2025-09-02 13:55:11.984431,374,3,POINT (273.1771620378601 139.81747192618533),0.20602684891248824,273.1771620378601,139.81747192618533
2025-09-02 13:55:12.984431,375,3,POINT (273.31334937496376 139.97339859286953),0.20702684891247103,273.31334937496376,139.97339859286953
2025-09-02 13:55:13.984431,376,3,POINT (273.45019453658546 140.13007843078492),0.20802684891249118,273.45019453658546,140.13007843078492
2025-09-02 13:55:14.984431,377,3,POINT (273.5781225838303 140.2765486857039),0.19447138825005636,273.5781225838303,140.2765486857039
2025-09-02 13:55:15.984431,378,3,POINT (273.7067084555932 140.42377211185402),0.19547138825005514,273.7067084555932,140.42377211185402
2025-09-02 13:55:16.984431,379,3,POINT (273.83595215187404 140.57174870923535),0.1964713882500379,273.83595215187404,140.57174870923535
2025-09-02 13:55:17.984431,380,3,POINT (273.96585367267295 140.72047847784788),0.19747138825005808,273.96585367267295,140.72047847784788
2025-09-02 13:55:18.984431,381,3,POINT (274.0964130179899 140.86996141769157),0.1984713882500568,274.0964130179899,140.86996141769157
2025-09-02 13:55:19.984431,382,3,POINT (274.22763018782484 141.02019752876646),0.1994713882500396,274.22763018782484,141.02019752876646
2025-09-02 13:55:20.984431,383,3,POINT (274.3595051821778 141.17118681107254),0.20047138825005978,274.3595051821778,141.17118681107254
2025-09-02 13:55:21.984431,384,3,POINT (274.49203800104885 141.32292926460983),0.20147138825007993,274.49203800104885,141.32292926460983
2025-09-02 13:55:22.984431,385,3,POINT (274.62522864443787 141.47542488937827),0.2024713882500413,274.62522864443787,141.47542488937827
2025-09-02 13:55:23.984431,386,3,POINT (274.7590771123449 141.62867368537792),0.20347138825006147,274.7590771123449,141.62867368537792
2025-09-02 13:55:24.984431,387,3,POINT (274.89358340476997 141.78267565260876),0.20447138825004424,274.89358340476997,141.78267565260876
2025-09-02 13:55:25.984431,388,3,POINT (275.02874752171306 141.93743079107077),0.20547138825004302,275.02874752171306,141.93743079107077
2025-09-02 13:55:26.984431,389,3,POINT (275.1645694631742 142.09293910076397),0.20647138825006317,275.1645694631742,142.09293910076397
2025-09-02 13:55:27.984431,390,3,POINT (275.3010492291533 142.24920058168837),0.20747138825004596,275.3010492291533,142.24920058168837
2025-09-02 13:55:28.984431,391,3,POINT (275.43818681965047 142.40621523384394),0.20847138825004471,275.43818681965047,142.40621523384394
2025-09-02 13:55:29.984431,392,3,POINT (275.5759822346657 142.5639830572307),0.20947138825006487,275.5759822346657,142.5639830572307
2025-09-02 13:55:30.984431,393,3,POINT (275.71443547419886 142.72250405184866),0.21047138825004766,275.71443547419886,142.72250405184866
2025-09-02 13:55:31.984431,394,3,POINT (275.8535465382501 142.88177821769779),0.2114713882500464,275.8535465382501,142.88177821769779
2025-09-02 13:55:32.984431,395,3,POINT (275.9933154268194 143.0418055547781),0.21247138825006656,275.9933154268194,143.0418055547781
2025-09-02 13:55:33.984431,396,3,POINT (276.13374213990664 143.20258606308963),0.21347138825004935,276.13374213990664,143.20258606308963
2025-09-02 13:55:34.984431,397,3,POINT (276.27482667751195 143.36411974263234),0.21447138825006953,276.27482667751195,143.36411974263234
2025-09-02 13:55:35.984431,398,3,POINT (276.4165690396353 143.52640659340622),0.21547138825006829,276.4165690396353,143.52640659340622
2025-09-02 13:55:36.984431,399,3,POINT (276.55896922627664 143.6894466154113),0.21647138825005105,276.55896922627664,143.6894466154113
2025-09-02 13:55:37.984431,400,3,POINT (276.702027237436 143.85323980864757),0.21747138825007123,276.702027237436,143.85323980864757
2025-09-02 13:55:38.984431,401,3,POINT (276.8457430731134 144.017786173115),0.2184713882500326,276.8457430731134,144.017786173115
2025-09-02 13:55:39.984431,402,3,POINT (276.9901167333088 144.18308570881365),0.21947138825005275,276.9901167333088,144.18308570881365
2025-09-02 13:55:40.984431,403,3,POINT (277.13514821802227 144.34913841574348),0.2204713882500729,277.13514821802227,144.34913841574348
2025-09-02 13:55:41.984431,404,3,POINT (277.2808375272537 144.51594429390448),0.2214713882500343,277.2808375272537,144.51594429390448
2025-09-02 13:55:42.984431,405,3,POINT (277.4271846610032 144.68350334329668),0.22247138825005447,277.4271846610032,144.68350334329668
2025-09-02 13:55:43.984431,406,3,POINT (277.5741896192707 144.85181556392007),0.22347138825007462,277.5741896192707,144.85181556392007
2025-09-02 13:55:44.984431,407,3,POINT (277.72185240205624 145.02088095577463),0.22447138825003599,277.72185240205624,145.02088095577463
2025-09-02 13:55:45.984431,408,3,POINT (277.8701730093598 145.19069951886038),0.22547138825005617,277.8701730093598,145.19069951886038
2025-09-02 13:55:46.984431,409,3,POINT (278.0191514411814 145.36127125317734),0.22647138825007634,278.0191514411814,145.36127125317734
2025-09-02 13:55:47.984431,410,3,POINT (278.168787697521 145.53259615872545),0.22747138825003768,278.168787697521,145.53259615872545
2025-09-02 13:55:48.984431,411,3,POINT (278.31908177837863 145.70467423550477),0.22847138825005786,278.31908177837863,145.70467423550477
2025-09-02 13:55:49.984431,412,3,POINT (278.47003368375425 145.87750548351528),0.22947138825004063,278.47003368375425,145.87750548351528
2025-09-02 13:55:50.984431,413,3,POINT (278.6216434136479 146.05108990275698),0.2304713882500608,278.6216434136479,146.05108990275698
2025-09-02 13:55:51.984431,414,3,POINT (278.7545557278288 146.20326685659325),0.2020482826945125,278.7545557278288,146.20326685659325
2025-09-02 13:55:52.984431,415,3,POINT (278.88812586652773 146.3561969816607),0.2030482826945327,278.88812586652773,146.3561969816607
2025-09-02 13:55:53.984431,416,3,POINT (279.02235382974465 146.50988027795935),0.20404828269451544,279.02235382974465,146.50988027795935
2025-09-02 13:55:54.984431,417,3,POINT (279.1572396174796 146.66431674548917),0.20504828269451422,279.1572396174796,146.66431674548917
2025-09-02 13:55:55.984431,418,3,POINT (279.2927832297326 146.8195063842502),0.20604828269453437,279.2927832297326,146.8195063842502
2025-09-02 13:55:56.984431,419,3,POINT (279.4289846665036 146.9754491942424),0.20704828269451717,279.4289846665036,146.9754491942424
2025-09-02 13:55:57.984431,420,3,POINT (279.5658439277926 147.13214517546578),0.20804828269451592,279.5658439277926,147.13214517546578
2025-09-02 13:55:58.984431,421,3,POINT (279.70336101359965 147.28959432792035),0.2090482826944987,279.70336101359965,147.28959432792035
2025-09-02 13:55:59.984431,422,3,POINT (279.8415359239247 147.44779665160613),0.21004828269451886,279.8415359239247,147.44779665160613
2025-09-02 13:56:00.984431,423,3,POINT (279.9803686587678 147.6067521465231),0.211048282694539,279.9803686587678,147.6067521465231
2025-09-02 13:56:01.984431,424,3,POINT (280.1198592181289 147.76646081267123),0.2120482826945004,280.1198592181289,147.76646081267123
2025-09-02 13:56:02.984431,425,3,POINT (280.26000760200805 147.92692265005056),0.21304828269452059,280.26000760200805,147.92692265005056
2025-09-02 13:56:03.984431,426,3,POINT (280.40498567658113 148.0843965374654),0.21404828269450268,280.40498567658113,148.0843965374654
2025-09-02 13:56:04.984431,427,3,POINT (280.5547325975287 148.23873909010916),0.21504828269452908,280.5547325975287,148.23873909010916
2025-09-02 13:56:05.984431,428,3,POINT (280.70517585940524 148.39379935391392),0.2160482826945305,280.70517585940524,148.39379935391392
2025-09-02 13:56:06.984431,429,3,POINT (280.8563154622108 148.54957732887968),0.2170482826945319,280.8563154622108,148.54957732887968
2025-09-02 13:56:07.984431,430,3,POINT (281.0081514059453 148.70607301500644),0.21804828269453333,281.0081514059453,148.70607301500644
2025-09-02 13:56:08.984431,431,3,POINT (281.1606836906088 148.8632864122942),0.21904828269453477,281.1606836906088,148.8632864122942
2025-09-02 13:56:09.984431,432,3,POINT (281.31391231620125 149.02121752074297),0.2200482826945362,281.31391231620125,149.02121752074297
2025-09-02 13:56:10.984431,433,3,POINT (281.4678372827227 149.17986634035273),0.22104828269453758,281.4678372827227,149.17986634035273
2025-09-02 13:56:11.984431,434,3,POINT (281.6037260540135 149.31992544610216),0.19514689663495954,281.6037260540135,149.31992544610216
2025-09-02 13:56:12.984431,435,3,POINT (281.7403111662333 149.4607022630126),0.19614689663496096,281.7403111662333,149.4607022630126
2025-09-02 13:56:13.984431,436,3,POINT (281.8775926193821 149.60219679108403),0.19714689663496238,281.8775926193821,149.60219679108403
2025-09-02 13:56:14.984431,437,3,POINT (282.01557041345984 149.74440903031646),0.1981468966349638,282.01557041345984,149.74440903031646
2025-09-02 13:56:15.984431,438,3,POINT (282.1542445484666 149.8873389807099),0.1991468966349652,282.1542445484666,149.8873389807099
2025-09-02 13:56:16.984431,439,3,POINT (282.2936150244023 150.03098664226434),0.20014689663496663,282.2936150244023,150.03098664226434
2025-09-02 13:56:17.984431,440,3,POINT (282.433681841267 150.17535201497978),0.20114689663496804,282.433681841267,150.17535201497978
2025-09-02 13:56:18.984431,441,3,POINT (282.57050082380664 150.31636987953198),0.19648275269357157,282.57050082380664,150.31636987953198
2025-09-02 13:56:19.984431,442,3,POINT (282.7042588193696 150.4616566175173),0.19748275269359172,282.7042588193696,150.4616566175173
2025-09-02 13:56:20.984431,443,3,POINT (282.83482564049615 150.61114811673292),0.19848275269359028,282.83482564049615,150.61114811673292
2025-09-02 13:56:21.984431,444,3,POINT (282.9620723717602 150.76477636284937),0.19948275269356922,282.9620723717602,150.76477636284937
2025-09-02 13:56:22.984431,445,3,POINT (283.0858714851461 150.92246946242085),0.20048275269355934,283.0858714851461,150.92246946242085
2025-09-02 13:56:23.984431,446,3,POINT (283.21028810358774 151.0809491289037),0.20148275269357294,283.21028810358774,151.0809491289037
2025-09-02 13:56:24.984431,447,3,POINT (283.33111027705513 151.24343379752506),0.20248275269358695,283.33111027705513,151.24343379752506
2025-09-02 13:56:25.984431,448,3,POINT (283.45252915405337 151.40672092791885),0.20348275269357197,283.45252915405337,151.40672092791885
2025-09-02 13:56:26.984431,449,3,POINT (283.57454473458245 151.57081052008513),0.2044827526935798,283.57454473458245,151.57081052008513
2025-09-02 13:56:27.984431,450,3,POINT (283.6971570186424 151.7357025740239),0.20548275269358762,283.6971570186424,151.7357025740239
2025-09-02 13:56:28.984431,451,3,POINT (283.8159864088176 151.9045655456621),0.20648275269354877,283.8159864088176,151.9045655456621
2025-09-02 13:56:29.984431,452,3,POINT (283.93090865001415 152.07731383405786),0.20748275269356853,283.93090865001415,152.07731383405786
2025-09-02 13:56:30.984431,453,3,POINT (284.04180139088123 152.25385804436698),0.20848275269356148,284.04180139088123,152.25385804436698
2025-09-02 13:56:31.984431,454,3,POINT (284.14854429753893 152.43410502923592),0.2094827526935808,284.14854429753893,152.43410502923592
2025-09-02 13:56:32.984431,455,3,POINT (284.25101916643274 152.61795793355526),0.21048275269356043,284.25101916643274,152.61795793355526
2025-09-02 13:56:33.984431,456,3,POINT (284.35398089169644 152.80268431991513),0.2114827526935775,284.35398089169644,152.80268431991513
2025-09-02 13:56:34.984431,457,3,POINT (284.45742947332997 152.98828418831553),0.2124827526935669,284.45742947332997,152.98828418831553
2025-09-02 13:56:35.984431,458,3,POINT (284.5613649113333 153.17475753875647),0.2134827526935563,284.5613649113333,153.17475753875647
2025-09-02 13:56:36.984431,459,3,POINT (284.6657872057066 153.36210437123793),0.21448275269357336,284.6657872057066,153.36210437123793
2025-09-02 13:56:37.984431,460,3,POINT (284.77069635644966 153.55032468575993),0.21548275269356276,284.77069635644966,153.55032468575993
2025-09-02 13:56:38.984431,461,3,POINT (284.87609236356263 153.73941848232246),0.2164827526935798,284.87609236356263,153.73941848232246
2025-09-02 13:56:39.984431,462,3,POINT (284.98197522704544 153.92938576092553),0.21748275269356923,284.98197522704544,153.92938576092553
2025-09-02 13:56:40.984431,463,3,POINT (285.08834494689813 154.12022652156912),0.2184827526935863,285.08834494689813,154.12022652156912
2025-09-02 13:56:41.984431,464,3,POINT (285.19520152312066 154.31194076425325),0.2194827526935757,285.19520152312066,154.31194076425325
2025-09-02 13:56:42.984431,465,3,POINT (285.2974668128848 154.5072724174608),0.22048275269357967,285.2974668128848,154.5072724174608
2025-09-02 13:56:43.984431,466,3,POINT (285.4001959270911 154.70348999780242),0.22148275269358897,285.4001959270911,154.70348999780242
2025-09-02 13:56:44.984431,467,3,POINT (285.4981939357702 154.9032272390496),0.22248275269356868,285.4981939357702,154.9032272390496
2025-09-02 13:56:45.984431,468,3,POINT (285.59134667448313 155.10637031183768),0.22348275269357973,285.59134667448313,155.10637031183768
2025-09-02 13:56:46.984431,469,3,POINT (285.6795427119479 155.31280181435702),0.2244827526935484,285.6795427119479,155.31280181435702
2025-09-02 13:56:47.984431,470,3,POINT (285.76813163499696 155.52015290423907),0.225482752693576,285.76813163499696,155.52015290423907
2025-09-02 13:56:48.984431,471,3,POINT (285.8571134436304 155.7284235814838),0.22648275269357748,285.8571134436304,155.7284235814838
2025-09-02 13:56:49.984431,472,3,POINT (285.9464881378482 155.93761384609124),0.22748275269357898,285.9464881378482,155.93761384609124
2025-09-02 13:56:50.984431,473,3,POINT (286.03625571765025 156.14772369806136),0.2284827526935581,286.03625571765025,156.14772369806136
2025-09-02 13:56:51.984431,474,3,POINT (286.12641618303667 156.35875313739416),0.2294827526935596,286.12641618303667,156.35875313739416
2025-09-02 13:56:52.984431,475,3,POINT (286.22248668235136 156.5682591240643),0.23048275269356297,286.22248668235136,156.5682591240643
2025-09-02 13:56:53.984431,476,3,POINT (286.3244489627209 156.77607625082828),0.2314827526935785,286.3244489627209,156.77607625082828
2025-09-02 13:56:54.984431,477,3,POINT (286.42685171772274 156.98479114264967),0.2324827526935681,286.42685171772274,156.98479114264967
2025-09-02 13:56:55.984431,478,3,POINT (286.5296949473568 157.1944037995285),0.23348275269355825,286.5296949473568,157.1944037995285
2025-09-02 13:56:56.984431,479,3,POINT (286.63297865162315 157.40491422146474),0.2344827526935734,286.63297865162315,157.40491422146474
2025-09-02 13:56:57.984431,480,3,POINT (286.7367028305218 157.6163224084584),0.23548275269356303,286.7367028305218,157.6163224084584
2025-09-02 13:56:58.984431,481,3,POINT (286.84638931135976 157.82582889581118),0.2364827526935701,286.84638931135976,157.82582889581118
2025-09-02 13:56:59.984431,482,3,POINT (286.9620093022397 158.03326581522487),0.23748275269358135,286.9620093022397,158.03326581522487
2025-09-02 13:57:00.984431,483,3,POINT (287.0781161494895 158.24157621667908),0.23848275269357075,287.0781161494895,158.24157621667908
2025-09-02 13:57:01.984431,484,3,POINT (287.1947098531092 158.45076010017382),0.2394827526935878,287.1947098531092,158.45076010017382
2025-09-02 13:57:02.984431,485,3,POINT (287.3117904130987 158.6608174657091),0.2404827526935772,287.3117904130987,158.6608174657091
2025-09-02 13:57:03.984431,486,3,POINT (287.41468188444634 158.8454178076383),0.21133845158053857,287.41468188444634,158.8454178076383
2025-09-02 13:57:04.984431,487,3,POINT (287.5180602121638 159.03089163160806),0.21233845158052797,287.5180602121638,159.03089163160806
2025-09-02 13:57:05.984431,488,3,POINT (287.62192539625113 159.21723893761833),0.213338451580545,287.62192539625113,159.21723893761833
2025-09-02 13:57:06.984431,489,3,POINT (287.7262774367083 159.40445972566914),0.2143384515805344,287.7262774367083,159.40445972566914
2025-09-02 13:57:07.984431,490,3,POINT (287.83111633353536 159.59255399576048),0.21533845158055148,287.83111633353536,159.59255399576048
2025-09-02 13:57:08.984431,491,3,POINT (287.93644208673226 159.78152174789236),0.21633845158054088,287.93644208673226,159.78152174789236
2025-09-02 13:57:09.984431,492,3,POINT (288.04225469629904 159.97136298206476),0.21733845158055795,288.04225469629904,159.97136298206476
2025-09-02 13:57:10.984431,493,3,POINT (288.1448570301191 160.155444574619),0.21074456487091048,288.1448570301191,160.155444574619
2025-09-02 13:57:11.984431,494,3,POINT (288.2430693347913 160.34303483013176),0.21174456487089607,288.2430693347913,160.34303483013176
2025-09-02 13:57:12.984431,495,3,POINT (288.3417454639056 160.5315110127786),0.21274456487090537,288.3417454639056,160.5315110127786
2025-09-02 13:57:13.984431,496,3,POINT (288.43589452251683 160.7234034143334),0.21374456487089716,288.43589452251683,160.7234034143334
2025-09-02 13:57:14.984431,497,3,POINT (288.52540498406404 160.91860358189277),0.21474456487091242,288.52540498406404,160.91860358189277
2025-09-02 13:57:15.984431,498,3,POINT (288.6101679135001 161.11699955731757),0.21574456487091934,288.6101679135001,161.11699955731757
2025-09-02 13:57:16.984431,499,3,POINT (288.69532372852046 161.31631512010506),0.2167445648708985,288.69532372852046,161.31631512010506
2025-09-02 13:57:17.984431,500,3,POINT (288.78087242912517 161.51655027025524),0.21774456487089996,288.78087242912517,161.51655027025524
2025-09-02 13:57:18.984431,501,3,POINT (288.8668140153142 161.7177050077681),0.21874456487090144,288.8668140153142,161.7177050077681
2025-09-02 13:57:19.984431,502,3,POINT (288.9531484870876 161.91977933264366),0.21974456487090294,288.9531484870876,161.91977933264366
2025-09-02 13:57:20.984431,503,3,POINT (289.0398758444453 162.12277324488193),0.2207445648709082,289.0398758444453,162.12277324488193
2025-09-02 13:57:21.984431,504,3,POINT (289.12699608738734 162.32668674448288),0.22174456487090968,289.12699608738734,162.32668674448288
2025-09-02 13:57:22.984431,505,3,POINT (289.2145092159137 162.53151983144653),0.22274456487091118,289.2145092159137,162.53151983144653
2025-09-02 13:57:23.984431,506,3,POINT (289.30241523002445 162.73727250577286),0.22374456487091265,289.30241523002445,162.73727250577286
2025-09-02 13:57:24.984431,507,3,POINT (289.39071412971947 162.9439447674619),0.22474456487089184,289.39071412971947,162.9439447674619
2025-09-02 13:57:25.984431,508,3,POINT (289.47940591499884 163.1515366165136),0.2257445648708933,289.47940591499884,163.1515366165136
2025-09-02 13:57:26.984431,509,3,POINT (289.56849058586255 163.360048052928),0.22674456487089478,289.56849058586255,163.360048052928
2025-09-02 13:57:27.984431,510,3,POINT (289.6579681423106 163.5694790767051),0.2277445648709224,289.6579681423106,163.5694790767051
2025-09-02 13:57:28.984431,511,3,POINT (289.74230145091275 163.78211013985958),0.2287445648709196,289.74230145091275,163.78211013985958
2025-09-02 13:57:29.984431,512,3,POINT (289.82138404791175 163.9978148174621),0.22974456487089803,289.82138404791175,163.9978148174621
2025-09-02 13:57:30.984431,513,3,POINT (289.9008108645751 164.21445838420757),0.23074456487090855,289.9008108645751,164.21445838420757
2025-09-02 13:57:31.984431,514,3,POINT (289.95710992309995 164.36801897439142),0.16355561393115578,289.95710992309995,164.36801897439142
2025-09-02 13:57:32.984431,515,3,POINT (290.01375320128915 164.5225184537182),0.16455561393116627,290.01375320128915,164.5225184537182
2025-09-02 13:57:33.984431,516,3,POINT (290.06141789912994 164.65252807240714),0.1384717457530537,290.06141789912994,164.65252807240714
2025-09-02 13:57:34.984431,517,3,POINT (290.10942681663505 164.783476580239),0.13947174575306423,290.10942681663505,164.783476580239
2025-09-02 13:57:35.984431,518,3,POINT (290.14641835085655 164.88437421468782),0.10746490702283569,290.14641835085655,164.88437421468782
2025-09-02 13:57:36.984431,519,3,POINT (290.1837541047424 164.98621073827954),0.10846490702281951,290.1837541047424,164.98621073827954
2025-09-02 13:57:37.984431,520,3,POINT (290.2214340782925 165.08898615101418),0.10946490702281043,290.2214340782925,165.08898615101418
2025-09-02 13:57:38.984431,521,3,POINT (290.2594582715069 165.19270045289176),0.11046490702282094,290.2594582715069,165.19270045289176
2025-09-02 13:57:39.984431,522,3,POINT (290.29782668438565 165.29735364391226),0.11146490702283143,290.29782668438565,165.29735364391226
2025-09-02 13:57:40.984431,523,3,POINT (290.33653931692874 165.40294572407566),0.11246490702281525,290.33653931692874,165.40294572407566
2025-09-02 13:57:41.984431,524,3,POINT (290.37559616913614 165.509476693382),0.11346490702282575,290.37559616913614,165.509476693382
2025-09-02 13:57:42.984431,525,3,POINT (290.4149972410079 165.61694655183126),0.11446490702283625,290.4149972410079,165.61694655183126
2025-09-02 13:57:43.984431,526,3,POINT (290.44965940270123 165.71149061963882),0.1006977964548208,290.44965940270123,165.71149061963882
2025-09-02 13:57:44.984431,527,3,POINT (290.4896150008868 165.80501062807232),0.10169779645482306,290.4896150008868,165.80501062807232
2025-09-02 13:57:45.984431,528,3,POINT (290.5348507750152 165.89720912120364),0.10269779645485001,290.5348507750152,165.89720912120364
2025-09-02 13:57:46.984431,529,3,POINT (290.5853367077593 165.98778728404957),0.10369779645484652,290.5853367077593,165.98778728404957
2025-09-02 13:57:47.984431,530,3,POINT (290.6386859547524 166.07787327867564),0.10469779645483254,290.6386859547524,166.07787327867564
2025-09-02 13:57:48.984431,531,3,POINT (290.6949070003836 166.16737868747057),0.10569779645484365,290.6949070003836,166.16737868747057
2025-09-02 13:57:49.984431,532,3,POINT (290.754005647091 166.25621432066845),0.10669779645482236,290.754005647091,166.25621432066845
2025-09-02 13:57:50.984431,533,3,POINT (290.81598498100146 166.34429029655996),0.10769779645484014,290.81598498100146,166.34429029655996
2025-09-02 13:57:51.984431,534,3,POINT (290.88084533994106 166.43151612296683),0.10869779645482214,290.88084533994106,166.43151612296683
2025-09-02 13:57:52.984431,535,3,POINT (290.9485842838603 166.5178007799097),0.10969779645483098,290.9485842838603,166.5178007799097
2025-09-02 13:57:53.984431,536,3,POINT (291.0191965677135 166.60305280339884),0.11069779645482616,291.0191965677135,166.60305280339884
2025-09-02 13:57:54.984431,537,3,POINT (291.0926741168306 166.68718037027563),0.11169779645483807,291.0926741168306,166.68718037027563
2025-09-02 13:57:55.984431,538,3,POINT (291.16680949046577 166.77206110838358),0.11269779645483684,291.16680949046577,166.77206110838358
2025-09-02 13:57:56.984431,539,3,POINT (291.2416026886189 166.85769501772273),0.1136977964548196,291.2416026886189,166.85769501772273
2025-09-02 13:57:57.984431,540,3,POINT (291.3170537112901 166.94408209829308),0.11469779645483977,291.3170537112901,166.94408209829308
2025-09-02 13:57:58.984431,541,3,POINT (291.39316255847933 167.0312223500946),0.11569779645483853,291.39316255847933,167.0312223500946
2025-09-02 13:57:59.984431,542,3,POINT (291.4655550932215 167.1141076379285),0.110048398560381,291.4655550932215,167.1141076379285
2025-09-02 13:58:00.984431,543,3,POINT (291.52988133468097 167.19604525542908),0.10417119804424908,291.52988133468097,167.19604525542908
2025-09-02 13:58:01.984431,544,3,POINT (291.5904066287531 167.28205496229722),0.10517119804424517,291.5904066287531,167.28205496229722
2025-09-02 13:58:02.984431,545,3,POINT (291.64687947842606 167.37196124986357),0.10617119804423279,291.64687947842606,167.37196124986357
2025-09-02 13:58:03.984431,546,3,POINT (291.69905645885905 167.4655733666174),0.10717119804423933,291.69905645885905,167.4655733666174
2025-09-02 13:58:04.984431,547,3,POINT (291.74922890444486 167.56140516609057),0.1081711980442371,291.74922890444486,167.56140516609057
2025-09-02 13:58:05.984431,548,3,POINT (291.7973160477579 167.6594152529715),0.10917119804425054,291.7973160477579,167.6594152529715
2025-09-02 13:58:06.984431,549,3,POINT (291.84323793077306 167.75955951660575),0.11017119804424029,291.84323793077306,167.75955951660575
2025-09-02 13:58:07.984431,550,3,POINT (291.8869154918777 167.8617911454226),0.11117119804424393,291.8869154918777,167.8617911454226
2025-09-02 13:58:08.984431,551,3,POINT (291.9282706526715 167.96606064406146),0.11217119804424538,291.9282706526715,167.96606064406146
2025-09-02 13:58:09.984431,552,3,POINT (291.96722640447285 168.0723158531966),0.11317119804423144,291.96722640447285,168.0723158531966
2025-09-02 13:58:10.984431,553,3,POINT (292.0037068944503 168.18050197205602),0.11417119804424279,292.0037068944503,168.18050197205602
2025-09-02 13:58:11.984431,554,3,POINT (292.02989138274 168.2654357244683),0.08887839853317185,292.02989138274,168.2654357244683
2025-09-02 13:58:12.984431,555,3,POINT (292.05411308596985 168.35198880422593),0.0898783985331632,292.05411308596985,168.35198880422593
2025-09-02 13:58:13.984431,556,3,POINT (292.07630498688593 168.44011600124074),0.0908783985331885,292.07630498688593,168.44011600124074
2025-09-02 13:58:14.984431,557,3,POINT (292.0964011073037 168.5297697020075),0.09187839853318605,292.0964011073037,168.5297697020075
2025-09-02 13:58:15.984431,558,3,POINT (292.110335485737 168.60057030480405),0.07215879889989668,292.110335485737,168.60057030480405
2025-09-02 13:58:16.984431,559,3,POINT (292.1225791022051 168.6726973019151),0.07315879889989398,292.1225791022051,168.6726973019151
2025-09-02 13:58:17.984431,560,3,POINT (292.13307195002625 168.74611002287594),0.07415879889987664,292.13307195002625,168.74611002287594
2025-09-02 13:58:18.984431,561,3,POINT (292.13987306938566 168.80458493726772),0.05886909917492348,292.13987306938566,168.80458493726772
2025-09-02 13:58:19.984431,562,3,POINT (292.14523065163223 168.86421383419267),0.05986909917490783,292.14523065163223,168.86421383419267
2025-09-02 13:58:20.984431,563,3,POINT (292.14908888110045 168.92496053204314),0.06086909917492194,292.14908888110045,168.92496053204314
2025-09-02 13:58:21.984431,564,3,POINT (292.15139286493405 168.98678671655432),0.061869099174915024,292.15139286493405,168.98678671655432
2025-09-02 13:58:22.984431,565,3,POINT (292.15194241637437 169.03643549959676),0.04965182438119579,292.15194241637437,169.03643549959676
2025-09-02 13:58:23.984431,566,3,POINT (292.15117701483393 169.08708154064269),0.050651824381194595,292.15117701483393,169.08708154064269
2025-09-02 13:58:24.984431,567,3,POINT (292.14904483696176 169.13868933830375),0.05165182438117561,292.14904483696176,169.13868933830375
2025-09-02 13:58:25.984431,568,3,POINT (292.1462139345528 169.1805826677427),0.041988868285884544,292.1462139345528,169.1805826677427
2025-09-02 13:58:26.984431,569,3,POINT (292.1433156118364 169.22347372184413),0.042988868285876745,292.1433156118364,169.22347372184413
2025-09-02 13:58:27.984431,570,3,POINT (292.1403498688125 169.26736250060807),0.043988868285897306,292.1403498688125,169.26736250060807
2025-09-02 13:58:28.984431,571,3,POINT (292.1369607456183 169.3034453376185),0.03624165121441787,292.1369607456183,169.3034453376185
2025-09-02 13:58:29.984431,572,3,POINT (292.1325087004482 169.34041992184848),0.037241651214402684,292.1325087004482,169.34041992184848
2025-09-02 13:58:30.984431,573,3,POINT (292.12694480605484 169.3782546541296),0.03824165121440549,292.12694480605484,169.3782546541296
2025-09-02 13:58:31.984431,574,3,POINT (292.1214736566497 169.40971368320925),0.03193123841081001,292.1214736566497,169.40971368320925
2025-09-02 13:58:32.984431,575,3,POINT (292.11498380797434 169.44199910294387),0.032931238410810665,292.11498380797434,169.44199910294387
2025-09-02 13:58:33.984431,576,3,POINT (292.1087605655569 169.46924586287335),0.02794842880809256,292.1087605655569,169.46924586287335
2025-09-02 13:58:34.984431,577,3,POINT (292.102314654364 169.49746751695938),0.028948428808102597,292.102314654364,169.49746751695938
2025-09-02 13:58:35.984431,578,3,POINT (292.0967565474493 169.52180216353267),0.024961321606094947,292.0967565474493,169.52180216353267
2025-09-02 13:58:36.984431,579,3,POINT (292.09097577175913 169.54711170426248),0.02596132160606462,292.09097577175913,169.54711170426248
2025-09-02 13:58:37.984431,580,3,POINT (292.0859165164714 169.5692622658186),0.0227209912045621,292.0859165164714,169.5692622658186
2025-09-02 13:58:38.984431,581,3,POINT (292.0806345924083 169.59238772153125),0.02372099120455948,292.0806345924083,169.59238772153125
2025-09-02 13:58:39.984431,582,3,POINT (292.07594947584084 169.6129002193245),0.02104074340341683,292.07594947584084,169.6129002193245
2025-09-02 13:58:40.984431,583,3,POINT (292.07104169049796 169.6343876112743),0.022040743403426866,292.07104169049796,169.6343876112743
2025-09-02 13:58:41.984431,584,3,POINT (292.06663717797073 169.65367156124537),0.01978055755255035,292.06663717797073,169.65367156124537
2025-09-02 13:58:42.984431,585,3,POINT (292.0626101200552 169.67130292973246),0.018085418164440252,292.0626101200552,169.67130292973246
2025-09-02 13:58:43.984431,586,3,POINT (292.05886615309845 169.68769486210653),0.016814063623317315,292.05886615309845,169.68769486210653
2025-09-02 13:58:44.984431,587,3,POINT (292.0553345043608 169.7031572173958),0.015860547717471352,292.0553345043608,169.7031572173958
2025-09-02 13:58:45.984431,588,3,POINT (292.0519620942875 169.71792238987155),0.015145410788117748,292.0519620942875,169.71792238987155
2025-09-02 13:58:46.984431,589,3,POINT (292.0487091132124 169.7321646752371),0.014609058091088692,292.0487091132124,169.7321646752371
2025-09-02 13:58:47.984431,590,3,POINT (292.045545703886 169.74601479527),0.014206793568309974,292.045545703886,169.74601479527
2025-09-02 13:58:48.984431,591,3,POINT (292.04244947337105 169.75957079130345),0.013905095176229098,292.04244947337105,169.75957079130345
2025-09-02 13:58:49.984431,592,3,POINT (292.0396766798488 169.77171070718114),0.012452547588125458,292.0396766798488,169.77171070718114
2025-09-02 13:58:50.984431,593,3,POINT (292.0370656048229 169.78314258298096),0.01172627379406611,292.0370656048229,169.78314258298096
2025-09-02 13:58:51.984431,594,3,POINT (292.0345353890452 169.79422043874183),0.011363136897023781,292.0345353890452,169.79422043874183
2025-09-02 13:58:52.984431,595,3,POINT (292.03217715209126 169.80454533239524),0.010590784224262927,292.03217715209126,169.80454533239524
2025-09-02 13:58:53.984431,596,3,POINT (292.0299504643371 169.81429427396063),0.009999999999996727,292.0299504643371,169.81429427396063
2025-09-02 13:58:54.984431,597,3,POINT (292.02772377658295 169.82404321552602),0.009999999999996727,292.02772377658295,169.82404321552602
2025-09-02 13:58:55.984431,598,3,POINT (292.0254970888288 169.8337921570914),0.009999999999996727,292.0254970888288,169.8337921570914
2025-09-02 13:58:56.984431,599,3,POINT (292.0232704010746 169.8435410986568),0.009999999999996727,292.0232704010746,169.8435410986568
2025-09-02 13:58:57.984431,600,3,POINT (292.02104371332047 169.8532900402222),0.009999999999996727,292.02104371332047,169.8532900402222
2025-09-02 13:58:58.984431,601,3,POINT (292.0188170255663 169.86303898178758),0.009999999999996727,292.0188170255663,169.86303898178758
2025-09-02 13:58:59.984431,602,3,POINT (292.01659033781215 169.87278792335297),0.009999999999996727,292.01659033781215,169.87278792335297
2025-09-02 13:59:00.984431,603,3,POINT (292.014363650058 169.88253686491836),0.009999999999996727,292.014363650058,169.88253686491836
2025-09-02 13:59:01.984431,604,3,POINT (292.0123929228735 169.89234075365522),0.010000000000011814,292.0123929228735,169.89234075365522
2025-09-02 13:59:02.984431,605,3,POINT (292.01042219568905 169.90214464239207),0.010000000000011814,292.01042219568905,169.90214464239207
2025-09-02 13:59:03.984431,606,3,POINT (292.00870877971226 169.91199675920475),0.010000000000009777,292.00870877971226,169.91199675920475
2025-09-02 13:59:04.984431,607,3,POINT (292.0072538492329 169.9218903519445),0.010000000000001171,292.0072538492329,169.9218903519445
2025-09-02 13:59:05.984431,608,3,POINT (292.0060584013876 169.93181864003708),0.009999999999992662,292.0060584013876,169.93181864003708
2025-09-02 13:59:06.984431,609,3,POINT (292.0051232554766 169.94177481912973),0.00999999999999344,292.0051232554766,169.94177481912973
2025-09-02 13:59:07.984431,610,3,POINT (292.00444905240215 169.95175206575465),0.009999999999995596,292.00444905240215,169.95175206575465
2025-09-02 13:59:08.984431,611,3,POINT (292.0042979420424 169.96175092397243),0.0100000000000089,292.0042979420424,169.96175092397243
2025-09-02 13:59:09.984431,612,3,POINT (292.003623738968 169.97172817059734),0.009999999999995596,292.003623738968,169.97172817059734
2025-09-02 13:59:10.984431,613,3,POINT (292.00242829112267 169.9816564586899),0.009999999999992662,292.00242829112267,169.9816564586899
2025-09-02 13:59:11.984431,614,3,POINT (292.00175408804824 169.99163370531483),0.009999999999995596,292.00175408804824,169.99163370531483
2025-09-02 13:59:12.984431,615,3,POINT (292.0016029776885 170.0016325635326),0.0100000000000089,292.0016029776885,170.0016325635326
2025-09-02 13:59:13.984431,616,3,POINT (292.0019753742264 170.0116256271679),0.010000000000007779,292.0019753742264,170.0116256271679
2025-09-02 13:59:14.984431,617,3,POINT (292.00287025694894 170.02158550592785),0.010000000000008403,292.00287025694894,170.02158550592785
2025-09-02 13:59:15.984431,618,3,POINT (292.00428517304476 170.0314849004771),0.009999999999998246,292.00428517304476,170.0314849004771
2025-09-02 13:59:16.984431,619,3,POINT (292.0062162443272 170.0412966772633),0.010000000000000753,292.0062162443272,170.0412966772633
2025-09-02 13:59:17.984431,620,3,POINT (292.00865817786416 170.05099394288825),0.009999999999998503,292.00865817786416,170.05099394288825
2025-09-02 13:59:18.984431,621,3,POINT (292.01160428048547 170.06055011782098),0.010000000000007047,292.01160428048547,170.06055011782098
2025-09-02 13:59:19.984431,622,3,POINT (292.01504647712864 170.0699390092502),0.009999999999985814,292.01504647712864,170.0699390092502
2025-09-02 13:59:20.984431,623,3,POINT (292.018975332972 170.0791348828771),0.009999999999996305,292.018975332972,170.0791348828771
2025-09-02 13:59:21.984431,624,3,POINT (292.02338007929467 170.08811253345132),0.009999999999999934,292.02338007929467,170.08811253345132
2025-09-02 13:59:22.984431,625,3,POINT (292.0282486429932 170.09684735385665),0.010000000000004635,292.0282486429932,170.09684735385665
2025-09-02 13:59:23.984431,626,3,POINT (292.03356767967296 170.10531540255747),0.00999999999999213,292.03356767967296,170.10531540255747
2025-09-02 13:59:24.984431,627,3,POINT (292.0393226102241 170.1134934692209),0.010000000000000172,292.0393226102241,170.1134934692209
2025-09-02 13:59:25.984431,628,3,POINT (292.0454976607819 170.12135913833473),0.00999999999998604,292.0454976607819,170.12135913833473
2025-09-02 13:59:26.984431,629,3,POINT (292.0520759059621 170.1288908506466),0.00999999999998788,292.0520759059621,170.1288908506466
2025-09-02 13:59:27.984431,630,3,POINT (292.05903931525194 170.1360679622566),0.00999999999999381,292.05903931525194,170.1360679622566
2025-09-02 13:59:28.984431,631,3,POINT (292.06636880243053 170.14287080120067),0.010000000000015576,292.06636880243053,170.14287080120067
2025-09-02 13:59:29.984431,632,3,POINT (292.074044277883 170.14928072137016),0.01000000000002565,292.074044277883,170.14928072137016
2025-09-02 13:59:30.984431,633,3,POINT (292.08204470366456 170.1552801536194),0.00999999999998513,292.08204470366456,170.1552801536194
2025-09-02 13:59:31.984431,634,3,POINT (292.09034815116433 170.1608526539216),0.009999999999977256,292.09034815116433,170.1608526539216
2025-09-02 13:59:32.984431,635,3,POINT (292.0989318612099 170.1659829484408),0.010000000000010638,292.0989318612099,170.1659829484408
2025-09-02 13:59:33.984431,636,3,POINT (292.1077723064486 170.17065697539633),0.009999999999981761,292.1077723064486,170.17065697539633
2025-09-02 13:59:34.984431,637,3,POINT (292.1168452558346 170.17486192360516),0.009999999999991875,292.1168452558346,170.17486192360516
2025-09-02 13:59:35.984431,638,3,POINT (292.12612584104426 170.17858626759656),0.009999999999978703,292.12612584104426,170.17858626759656
2025-09-02 13:59:36.984431,639,3,POINT (292.1355886246386 170.18181979920251),0.010000000000019134,292.1355886246386,170.18181979920251
2025-09-02 13:59:37.984431,640,3,POINT (292.1452076697856 170.18455365553766),0.010000000000024519,292.1452076697856,170.18455365553766
2025-09-02 13:59:38.984431,641,3,POINT (292.154956611351 170.1867803432918),0.010000000000018107,292.154956611351,170.1867803432918
2025-09-02 13:59:39.984431,642,3,POINT (292.1648087281637 170.18849375926857),0.010000000000009777,292.1648087281637,170.18849375926857
2025-09-02 13:59:40.984431,643,3,POINT (292.17473701625624 170.1896892071139),0.00999999999999606,292.17473701625624,170.1896892071139
2025-09-02 13:59:41.984431,644,3,POINT (292.1847142628812 170.19036341018833),0.010000000000023952,292.1847142628812,170.19036341018833
2025-09-02 13:59:42.984431,645,3,POINT (292.19471312109897 170.19051452054808),0.0100000000000089,292.19471312109897,170.19051452054808
2025-09-02 13:59:43.984431,646,3,POINT (292.2047061847342 170.19014212401018),0.009999999999979378,292.2047061847342,170.19014212401018
2025-09-02 13:59:44.984431,647,3,POINT (292.2146660634942 170.18924724128763),0.010000000000008403,292.2146660634942,170.18924724128763
2025-09-02 13:59:45.984431,648,3,POINT (292.2245654580434 170.1878323251918),0.00999999999997011,292.2245654580434,170.1878323251918
2025-09-02 13:59:46.984431,649,3,POINT (292.2343772348296 170.18590125390935),0.010000000000000753,292.2343772348296,170.18590125390935
2025-09-02 13:59:47.984431,650,3,POINT (292.2440745004546 170.1834593203724),0.010000000000026064,292.2440745004546,170.1834593203724
2025-09-02 13:59:48.984431,651,3,POINT (292.2536306753873 170.1805132177511),0.009999999999979888,292.2536306753873,170.1805132177511
2025-09-02 13:59:49.984431,652,3,POINT (292.2630195668165 170.1770710211079),0.010000000000022281,292.2630195668165,170.1770710211079
2025-09-02 13:59:50.984431,653,3,POINT (292.27221544044346 170.17314216526458),0.010000000000011276,292.27221544044346,170.17314216526458
2025-09-02 13:59:51.984431,654,3,POINT (292.28119309101766 170.16873741894187),0.009999999999986938,292.28119309101766,170.16873741894187
2025-09-02 13:59:52.984431,655,3,POINT (292.289927911423 170.1638688552433),0.010000000000018472,292.289927911423,170.1638688552433
2025-09-02 13:59:53.984431,656,3,POINT (292.2983959601238 170.15854981856356),0.00999999999999213,292.2983959601238,170.15854981856356
2025-09-02 13:59:54.984431,657,3,POINT (292.30657402678725 170.15279488801247),0.009999999999983815,292.30657402678725,170.15279488801247
2025-09-02 13:59:55.984431,658,3,POINT (292.31443969590106 170.1466198374546),0.01000000000000359,292.31443969590106,170.1466198374546
2025-09-02 13:59:56.984431,659,3,POINT (292.3219714082129 170.14004159227437),0.00999999999998517,292.3219714082129,170.14004159227437
2025-09-02 13:59:57.984431,660,3,POINT (292.3291485198229 170.13307818298455),0.01000000000001421,292.3291485198229,170.13307818298455
2025-09-02 13:59:58.984431,661,3,POINT (292.33595135876703 170.12574869580598),0.01000000000001408,292.33595135876703,170.12574869580598
2025-09-02 13:59:59.984431,662,3,POINT (292.3423612789365 170.11807322035355),0.009999999999985616,292.3423612789365,170.11807322035355
2025-09-02 14:00:00.984431,663,3,POINT (292.3483607111857 170.11007279457195),0.009999999999990818,292.3483607111857,170.11007279457195
2025-09-02 14:00:01.984431,664,3,POINT (292.3539332114879 170.10176934707215),0.010000000000000857,292.3539332114879,170.10176934707215
2025-09-02 14:00:02.984431,665,3,POINT (292.35906350600715 170.0931856370266),0.010000000000000822,292.35906350600715,170.0931856370266
2025-09-02 14:00:03.984431,666,3,POINT (292.36373753296266 170.0843451917879),0.009999999999981761,292.36373753296266,170.0843451917879
2025-09-02 14:00:04.984431,667,3,POINT (292.3679424811715 170.0752722424019),0.009999999999991875,292.3679424811715,170.0752722424019
2025-09-02 14:00:05.984431,668,3,POINT (292.3716668251629 170.06599165719223),0.01000000000000508,292.3716668251629,170.06599165719223
2025-09-02 14:00:06.984431,669,3,POINT (292.3749003567689 170.0565288735979),0.01000000000000143,292.3749003567689,170.0565288735979
2025-09-02 14:00:07.984431,670,3,POINT (292.37763421310405 170.04690982845096),0.01000000000000495,292.37763421310405,170.04690982845096
2025-09-02 14:00:08.984431,671,3,POINT (292.3798609008582 170.03716088688557),0.009999999999996727,292.3798609008582,170.03716088688557
2025-09-02 14:00:09.984431,672,3,POINT (292.381574316835 170.0273087700729),0.010000000000009777,292.381574316835,170.0273087700729
2025-09-02 14:00:10.984431,673,3,POINT (292.3827697646803 170.01738048198033),0.009999999999992662,292.3827697646803,170.01738048198033
2025-09-02 14:00:11.984431,674,3,POINT (292.3834439677547 170.0074032353554),0.009999999999995596,292.3834439677547,170.0074032353554
2025-09-02 14:00:12.984431,675,3,POINT (292.38359507811447 169.99740437713763),0.0100000000000089,292.38359507811447,169.99740437713763
2025-09-02 14:00:13.984431,676,3,POINT (292.38322268157657 169.98741131350235),0.010000000000007779,292.38322268157657,169.98741131350235
2025-09-02 14:00:14.984431,677,3,POINT (292.382327798854 169.9774514347424),0.010000000000008403,292.382327798854,169.9774514347424
2025-09-02 14:00:15.984431,678,3,POINT (292.3809128827582 169.96755204019314),0.009999999999998246,292.3809128827582,169.96755204019314
2025-09-02 14:00:16.984431,679,3,POINT (292.37898181147574 169.95774026340695),0.010000000000000753,292.37898181147574,169.95774026340695
2025-09-02 14:00:17.984431,680,3,POINT (292.3765398779388 169.94804299778198),0.009999999999998503,292.3765398779388,169.94804299778198
2025-09-02 14:00:18.984431,681,3,POINT (292.3735937753175 169.93848682284926),0.010000000000007047,292.3735937753175,169.93848682284926
2025-09-02 14:00:19.984431,682,3,POINT (292.3701515786743 169.92909793142005),0.009999999999985814,292.3701515786743,169.92909793142005
2025-09-02 14:00:20.984431,683,3,POINT (292.36622272283097 169.91990205779314),0.009999999999996305,292.36622272283097,169.91990205779314
2025-09-02 14:00:21.984431,684,3,POINT (292.3614876205341 169.91025108342586),0.010749999999985908,292.3614876205341,169.91025108342586
2025-09-02 14:00:22.984431,685,3,POINT (292.3559800578501 169.90036981784235),0.011312500000001627,292.3559800578501,169.90036981784235
2025-09-02 14:00:23.984431,686,3,POINT (292.34973850074624 169.89043309194497),0.011734374999988572,292.34973850074624,169.89043309194497
2025-09-02 14:00:24.984431,687,3,POINT (292.3428033598282 169.88057788270405),0.01205078124999243,292.3428033598282,169.88057788270405
2025-09-02 14:00:25.984431,688,3,POINT (292.3352154046359 169.87091248090138),0.012288085937509146,292.3352154046359,169.87091248090138
2025-09-02 14:00:26.984431,689,3,POINT (292.3270149217954 169.86152339978915),0.012466064453118318,292.3270149217954,169.86152339978915
2025-09-02 14:00:27.984431,690,3,POINT (292.3182413405997 169.85248056332208),0.012599548339851056,292.3182413405997,169.85248056332208
2025-09-02 14:00:28.984431,691,3,POINT (292.3089331401657 169.84384118830593),0.012699661254869234,292.3089331401657,169.84384118830593
2025-09-02 14:00:29.984431,692,3,POINT (292.29841799879887 169.83505981480667),0.013699661254878074,292.29841799879887,169.83505981480667
2025-09-02 14:00:30.984431,693,3,POINT (292.28759762618716 169.82694573511046),0.013524745941148473,292.28759762618716,169.82694573511046
2025-09-02 14:00:31.984431,694,3,POINT (292.27647635440945 169.8194821736989),0.01339355945586378,292.27647635440945,169.8194821736989
2025-09-02 14:00:32.984431,695,3,POINT (292.2650641663311 169.81266136012997),0.01329516959190657,292.2650641663311,169.81266136012997
2025-09-02 14:00:33.984431,696,3,POINT (292.2533758802248 169.8064816527906),0.013221377193909414,292.2533758802248,169.8064816527906
2025-09-02 14:00:34.984431,697,3,POINT (292.2414304052173 169.8009454041465),0.013166032895466749,292.2414304052173,169.8009454041465
2025-09-02 14:00:35.984431,698,3,POINT (292.22925007826217 169.79605737968643),0.013124524671596834,292.22925007826217,169.79605737968643
2025-09-02 14:00:36.984431,699,3,POINT (292.2168600833381 169.79182358951408),0.013093393503691755,292.2168600833381,169.79182358951408
2025-09-02 14:00:37.984431,700,3,POINT (292.2042879479224 169.78825042694677),0.013070045127782148,292.2042879479224,169.78825042694677
2025-09-02 14:00:38.984431,701,3,POINT (292.19156310894806 169.78534403521928),0.013052533845838992,292.19156310894806,169.78534403521928
2025-09-02 14:00:39.984431,702,3,POINT (292.17871653937266 169.78310984352467),0.013039400384369964,292.17871653937266,169.78310984352467
2025-09-02 14:00:40.984431,703,3,POINT (292.1657804264748 169.7815522287429),0.013029550288286573,292.1657804264748,169.7815522287429
2025-09-02 14:00:41.984431,704,3,POINT (292.15379298899916 169.78074218890882),0.012014775144163688,292.15379298899916,169.78074218890882
2025-09-02 14:00:42.984431,705,3,POINT (292.14153330758955 169.78055691126733),0.012261081358077535,292.14153330758955,169.78055691126733
2025-09-02 14:00:43.984431,706,3,POINT (292.12909612943946 169.7810203889608),0.012445811018552506,292.12909612943946,169.7810203889608
2025-09-02 14:00:44.984431,707,3,POINT (292.11742025768075 169.7820694515206),0.011722905509313335,292.11742025768075,169.7820694515206
2025-09-02 14:00:45.984431,708,3,POINT (292.1054992294347 169.7837733188289),0.012042179131994976,292.1054992294347,169.7837733188289
2025-09-02 14:00:46.984431,709,3,POINT (292.0941949935192 169.78599812334926),0.011521089565999142,292.0941949935192,169.78599812334926
2025-09-02 14:00:47.984431,710,3,POINT (292.0832753441349 169.78874787354422),0.01126054478301388,292.0832753441349,169.78874787354422
2025-09-02 14:00:48.984431,711,3,POINT (292.0726390611327 169.79202696601106),0.011130272391512536,292.0726390611327,169.79202696601106
2025-09-02 14:00:49.984431,712,3,POINT (292.0627501472985 169.79565248306614),0.01053256809787323,292.0627501472985,169.79565248306614
2025-09-02 14:00:50.984431,713,3,POINT (292.0532019411078 169.79973186988764),0.010383142024473668,292.0532019411078,169.79973186988764
2025-09-02 14:00:51.984431,714,3,POINT (292.0439138563888 169.80428892595398),0.010345785506096066,292.0439138563888,169.80428892595398
2025-09-02 14:00:52.984431,715,3,POINT (292.0351790359835 169.80915748965256),0.010000000000018472,292.0351790359835,169.80915748965256
2025-09-02 14:00:53.984431,716,3,POINT (292.0267109872827 169.8144765263323),0.00999999999999213,292.0267109872827,169.8144765263323
2025-09-02 14:00:54.984431,717,3,POINT (292.01853292061924 169.8202314568834),0.009999999999983815,292.01853292061924,169.8202314568834
2025-09-02 14:00:55.984431,718,3,POINT (292.0106672515054 169.82640650744125),0.01000000000000359,292.0106672515054,169.82640650744125
2025-09-02 14:00:56.984431,719,3,POINT (292.0031355391936 169.83298475262148),0.00999999999998517,292.0031355391936,169.83298475262148
2025-09-02 14:00:57.984431,720,3,POINT (291.99595842758356 169.8399481619113),0.01000000000001421,291.99595842758356,169.8399481619113
2025-09-02 14:00:58.984431,721,3,POINT (291.98915558863945 169.84727764908988),0.01000000000001408,291.98915558863945,169.84727764908988
2025-09-02 14:00:59.984431,722,3,POINT (291.98254694446535 169.85478270219963),0.009999999999999804,291.98254694446535,169.85478270219963
2025-09-02 14:01:00.984431,723,3,POINT (291.9761370242959 169.86245817765206),0.009999999999985616,291.9761370242959,169.86245817765206
2025-09-02 14:01:01.984431,724,3,POINT (291.9699302211701 169.8702988150597),0.010000000000020942,291.9699302211701,169.8702988150597
2025-09-02 14:01:02.984431,725,3,POINT (291.9641422715086 169.87845354612307),0.010000000000004085,291.9641422715086,169.87845354612307
2025-09-02 14:01:03.984431,726,3,POINT (291.958789039679 169.88690001929115),0.010000000000018931,291.958789039679,169.88690001929115
2025-09-02 14:01:04.984431,727,3,POINT (291.95388519851775 169.89561508336809),0.00999999999999595,291.95388519851775,169.89561508336809
2025-09-02 14:01:05.984431,728,3,POINT (291.94944418911257 169.90457485096903),0.009999999999991054,291.94944418911257,169.90457485096903
2025-09-02 14:01:06.984431,729,3,POINT (291.94547818396154 169.91375476399378),0.009999999999999946,291.94547818396154,169.91375476399378
2025-09-02 14:01:07.984431,730,3,POINT (291.9419980536091 169.92312966093883),0.010000000000012723,291.9419980536091,169.92312966093883
2025-09-02 14:01:08.984431,731,3,POINT (291.9390133368507 169.93267384586326),0.009999999999991665,291.9390133368507,169.93267384586326
2025-09-02 14:01:09.984431,732,3,POINT (291.9365322145874 169.94236115881964),0.010000000000009193,291.9365322145874,169.94236115881964
2025-09-02 14:01:10.984431,733,3,POINT (291.9345614874029 169.9521650475565),0.010000000000011814,291.9345614874029,169.9521650475565
2025-09-02 14:01:11.984431,734,3,POINT (291.9331065569235 169.96205864029625),0.010000000000001171,291.9331065569235,169.96205864029625
2025-09-02 14:01:12.984431,735,3,POINT (291.9321714110125 169.9720148193889),0.00999999999999344,291.9321714110125,169.9720148193889
2025-09-02 14:01:13.984431,736,3,POINT (291.9317586128398 169.98200629563962),0.010000000000002748,291.9317586128398,169.98200629563962
2025-09-02 14:01:14.984431,737,3,POINT (291.9318692938565 169.9920056831065),0.010000000000009392,291.9318692938565,169.9920056831065
2025-09-02 14:01:15.984431,738,3,POINT (291.9325031506936 170.0019855741635),0.00999999999999144,291.9325031506936,170.0019855741635
2025-09-02 14:01:16.984431,739,3,POINT (291.9336584459936 170.011918614623),0.010000000000001067,291.9336584459936,170.011918614623
2025-09-02 14:01:17.984431,740,3,POINT (291.93533201317246 170.0217775787115),0.010000000000015266,291.93533201317246,170.0217775787115
2025-09-02 14:01:18.984431,741,3,POINT (291.9375192650988 170.03153544369368),0.009999999999995342,291.9375192650988,170.03153544369368
2025-09-02 14:01:19.984431,742,3,POINT (291.94021420666706 170.04116546393996),0.010000000000007357,291.94021420666706,170.04116546393996
2025-09-02 14:01:20.984431,743,3,POINT (291.94340945122985 170.05064124423419),0.010000000000021981,291.94340945122985,170.05064124423419
2025-09-02 14:01:21.984431,744,3,POINT (291.94709624084385 170.0599368121212),0.0100000000000049,291.94709624084385,170.0599368121212
2025-09-02 14:01:22.984431,745,3,POINT (291.95126447027496 170.06902668909558),0.009999999999981643,291.95126447027496,170.06902668909558
2025-09-02 14:01:23.984431,746,3,POINT (291.9559027146961 170.07788596043636),0.009999999999987427,291.9559027146961,170.07788596043636
2025-09-02 14:01:24.984431,747,3,POINT (291.9609982610017 170.0864903434966),0.009999999999983442,291.9609982610017,170.0864903434966
2025-09-02 14:01:25.984431,748,3,POINT (291.9665371426535 170.0948162542604),0.009999999999988294,291.9665371426535,170.0948162542604
2025-09-02 14:01:26.984431,749,3,POINT (291.972504177962 170.1028408719851),0.010000000000009784,291.972504177962,170.1028408719851
2025-09-02 14:01:27.984431,750,3,POINT (291.97888301169803 170.11054220175131),0.010000000000001645,291.97888301169803,170.11054220175131
2025-09-02 14:01:28.984431,751,3,POINT (291.9856561599218 170.11789913474945),0.01000000000001181,291.9856561599218,170.11789913474945
2025-09-02 14:01:29.984431,752,3,POINT (291.9928050579048 170.12489150613752),0.009999999999979178,291.9928050579048,170.12489150613752
2025-09-02 14:01:30.984431,753,3,POINT (292.0003101110145 170.1315001503116),0.009999999999999804,292.0003101110145,170.1315001503116
2025-09-02 14:01:31.984431,754,3,POINT (292.00815074842217 170.13770695343737),0.0100000000000033,292.00815074842217,170.13770695343737
2025-09-02 14:01:32.984431,755,3,POINT (292.01630547948554 170.14349490309888),0.010000000000004085,292.01630547948554,170.14349490309888
2025-09-02 14:01:33.984431,756,3,POINT (292.0247519526536 170.14884813492844),0.010000000000003716,292.0247519526536,170.14884813492844
2025-09-02 14:01:34.984431,757,3,POINT (292.0334670167306 170.1537519760897),0.01000000000002072,292.0334670167306,170.1537519760897
2025-09-02 14:01:35.984431,758,3,POINT (292.04242678433155 170.15819298549488),0.01000000000001652,292.04242678433155,170.15819298549488
2025-09-02 14:01:36.984431,759,3,POINT (292.0516066973563 170.1621589906459),0.009999999999999946,292.0516066973563,170.1621589906459
2025-09-02 14:01:37.984431,760,3,POINT (292.0609815943013 170.16563912099835),0.009999999999986077,292.0609815943013,170.16563912099835
2025-09-02 14:01:38.984431,761,3,POINT (292.07052577922576 170.1686238377568),0.01000000000000015,292.07052577922576,170.1686238377568
2025-09-02 14:01:39.984431,762,3,POINT (292.08021309218213 170.17110496002007),0.01000000000000214,292.08021309218213,170.17110496002007
2025-09-02 14:01:40.984431,763,3,POINT (292.09001698091896 170.17307568720452),0.009999999999978347,292.09001698091896,170.17307568720452
2025-09-02 14:01:41.984431,764,3,POINT (292.0999105736587 170.1745306176839),0.009999999999973051,292.0999105736587,170.1745306176839
2025-09-02 14:01:42.984431,765,3,POINT (292.1098667527514 170.17546576359493),0.010000000000024394,292.1098667527514,170.17546576359493
2025-09-02 14:01:43.984431,766,3,POINT (292.1198582290021 170.17587856176763),0.010000000000002748,292.1198582290021,170.17587856176763
2025-09-02 14:01:44.984431,767,3,POINT (292.12985761646894 170.17576788075093),0.009999999999981286,292.12985761646894,170.17576788075093
2025-09-02 14:01:45.984431,768,3,POINT (292.13983750752595 170.17513402391378),0.009999999999993242,292.13983750752595,170.17513402391378
2025-09-02 14:01:46.984431,769,3,POINT (292.14977054798544 170.17397872861375),0.010000000000004351,292.14977054798544,170.17397872861375
2025-09-02 14:01:47.984431,770,3,POINT (292.15962951207393 170.17230516143493),0.01000000000001051,292.15962951207393,170.17230516143493
2025-09-02 14:01:48.984431,771,3,POINT (292.1693873770561 170.17011790950863),0.009999999999989125,292.1693873770561,170.17011790950863
2025-09-02 14:01:49.984431,772,3,POINT (292.1790173973024 170.16742296794035),0.010000000000007357,292.1790173973024,170.16742296794035
2025-09-02 14:01:50.984431,773,3,POINT (292.1884931775966 170.1642277233776),0.0100000000000129,292.1884931775966,170.1642277233776
2025-09-02 14:01:51.984431,774,3,POINT (292.19778874548365 170.1605409337636),0.0100000000000049,292.19778874548365,170.1605409337636
2025-09-02 14:01:52.984431,775,3,POINT (292.206878622458 170.15637270433245),0.00999999999999349,292.206878622458,170.15637270433245
2025-09-02 14:01:53.984431,776,3,POINT (292.2157378937988 170.1517344599113),0.010000000000000609,292.2157378937988,170.1517344599113
2025-09-02 14:01:54.984431,777,3,POINT (292.22434227685903 170.1466389136057),0.009999999999983442,292.22434227685903,170.1466389136057
2025-09-02 14:01:55.984431,778,3,POINT (292.23266818762283 170.14110003195387),0.009999999999988294,292.23266818762283,170.14110003195387
2025-09-02 14:01:56.984431,779,3,POINT (292.2406928053475 170.1351329966454),0.009999999999986978,292.2406928053475,170.1351329966454
2025-09-02 14:01:57.984431,780,3,POINT (292.24839413511376 170.12875416290936),0.010000000000023533,292.24839413511376,170.12875416290936
2025-09-02 14:01:58.984431,781,3,POINT (292.25575106811186 170.1219810146856),0.009999999999990902,292.25575106811186,170.1219810146856
2025-09-02 14:01:59.984431,782,3,POINT (292.26274343949996 170.1148321167026),0.010000000000019372,292.26274343949996,170.1148321167026
2025-09-02 14:02:00.984431,783,3,POINT (292.26935208367405 170.10732706359283),0.009999999999999804,292.26935208367405,170.10732706359283
2025-09-02 14:02:01.984431,784,3,POINT (292.27555888679984 170.0994864261852),0.010000000000020942,292.27555888679984,170.0994864261852
2025-09-02 14:02:02.984431,785,3,POINT (292.28134683646135 170.09133169512182),0.010000000000004085,292.28134683646135,170.09133169512182
2025-09-02 14:02:03.984431,786,3,POINT (292.28670006829094 170.08288522195375),0.010000000000018931,292.28670006829094,170.08288522195375
2025-09-02 14:02:04.984431,787,3,POINT (292.2916039094522 170.0741701578768),0.00999999999999595,292.2916039094522,170.0741701578768
2025-09-02 14:02:05.984431,788,3,POINT (292.2960449188574 170.06521039027587),0.009999999999991054,292.2960449188574,170.06521039027587
2025-09-02 14:02:06.984431,789,3,POINT (292.3000109240084 170.0560304772511),0.009999999999999946,292.3000109240084,170.0560304772511
2025-09-02 14:02:07.984431,790,3,POINT (292.30349105436085 170.04665558030607),0.010000000000012723,292.30349105436085,170.04665558030607
2025-09-02 14:02:08.984431,791,3,POINT (292.30647577111927 170.03711139538163),0.009999999999991665,292.30647577111927,170.03711139538163
2025-09-02 14:02:09.984431,792,3,POINT (292.3089568933826 170.02742408242526),0.010000000000009193,292.3089568933826,170.02742408242526
2025-09-02 14:02:10.984431,793,3,POINT (292.31092762056704 170.0176201936884),0.010000000000011814,292.31092762056704,170.0176201936884
2025-09-02 14:02:11.984431,794,3,POINT (292.3123825510464 170.00772660094864),0.010000000000001171,292.3123825510464,170.00772660094864
2025-09-02 14:02:12.984431,795,3,POINT (292.3133176969574 169.997770421856),0.00999999999999344,292.3133176969574,169.997770421856
2025-09-02 14:02:13.984431,796,3,POINT (292.31373049513013 169.98777894560527),0.010000000000002748,292.31373049513013,169.98777894560527
2025-09-02 14:02:14.984431,797,3,POINT (292.31361981411345 169.9777795581384),0.010000000000009392,292.31361981411345,169.9777795581384
2025-09-02 14:02:15.984431,798,3,POINT (292.31298595727634 169.96779966708138),0.00999999999999144,292.31298595727634,169.96779966708138
2025-09-02 14:02:16.984431,799,3,POINT (292.31183066197633 169.9578666266219),0.010000000000001067,292.31183066197633,169.9578666266219
2025-09-02 14:02:17.984431,800,3,POINT (292.3101570947975 169.9480076625334),0.010000000000015266,292.3101570947975,169.9480076625334
2025-09-02 14:02:18.984431,801,3,POINT (292.30796984287116 169.9382497975512),0.009999999999995342,292.30796984287116,169.9382497975512
2025-09-02 14:02:19.984431,802,3,POINT (292.3052749013029 169.92861977730493),0.010000000000007357,292.3052749013029,169.92861977730493
2025-09-02 14:02:20.984431,803,3,POINT (292.3020796567401 169.9191439970107),0.010000000000021981,292.3020796567401,169.9191439970107
2025-09-02 14:02:21.984431,804,3,POINT (292.2983928671261 169.90984842912368),0.0100000000000049,292.2983928671261,169.90984842912368
2025-09-02 14:02:22.984431,805,3,POINT (292.294224637695 169.9007585521493),0.009999999999981643,292.294224637695,169.9007585521493
2025-09-02 14:02:23.984431,806,3,POINT (292.28958639327385 169.89189928080853),0.009999999999987427,292.28958639327385,169.89189928080853
2025-09-02 14:02:24.984431,807,3,POINT (292.28449084696825 169.8832948977483),0.009999999999983442,292.28449084696825,169.8832948977483
2025-09-02 14:02:25.984431,808,3,POINT (292.2789519653164 169.8749689869845),0.009999999999988294,292.2789519653164,169.8749689869845
2025-09-02 14:02:26.984431,809,3,POINT (292.27298493000796 169.86694436925978),0.010000000000009784,292.27298493000796,169.86694436925978
2025-09-02 14:02:27.984431,810,3,POINT (292.2666060962719 169.85924303949358),0.010000000000001645,292.2666060962719,169.85924303949358
2025-09-02 14:02:28.984431,811,3,POINT (292.25983294804814 169.85188610649544),0.01000000000001181,292.25983294804814,169.85188610649544
2025-09-02 14:02:29.984431,812,3,POINT (292.25268405006517 169.84489373510738),0.009999999999979178,292.25268405006517,169.84489373510738
2025-09-02 14:02:30.984431,813,3,POINT (292.2451789969554 169.83828509093328),0.009999999999999804,292.2451789969554,169.83828509093328
2025-09-02 14:02:31.984431,814,3,POINT (292.2373383595478 169.83207828780752),0.0100000000000033,292.2373383595478,169.83207828780752
2025-09-02 14:02:32.984431,815,3,POINT (292.2291836284844 169.826290338146),0.010000000000004085,292.2291836284844,169.826290338146
2025-09-02 14:02:33.984431,816,3,POINT (292.22073715531633 169.82093710631645),0.010000000000003716,292.22073715531633,169.82093710631645
2025-09-02 14:02:34.984431,817,3,POINT (292.21202209123936 169.8160332651552),0.01000000000002072,292.21202209123936,169.8160332651552
2025-09-02 14:02:35.984431,818,3,POINT (292.2030623236384 169.81159225575),0.01000000000001652,292.2030623236384,169.81159225575
2025-09-02 14:02:36.984431,819,3,POINT (292.19388241061364 169.807626250599),0.009999999999999946,292.19388241061364,169.807626250599
2025-09-02 14:02:37.984431,820,3,POINT (292.1845075136686 169.80414612024654),0.009999999999986077,292.1845075136686,169.80414612024654
2025-09-02 14:02:38.984431,821,3,POINT (292.1749633287442 169.8011614034881),0.01000000000000015,292.1749633287442,169.8011614034881
2025-09-02 14:02:39.984431,822,3,POINT (292.1652760157878 169.79868028122482),0.01000000000000214,292.1652760157878,169.79868028122482
2025-09-02 14:02:40.984431,823,3,POINT (292.155472127051 169.79670955404038),0.009999999999978347,292.155472127051,169.79670955404038
2025-09-02 14:02:41.984431,824,3,POINT (292.14557853431126 169.795254623561),0.009999999999973051,292.14557853431126,169.795254623561
2025-09-02 14:02:42.984431,825,3,POINT (292.1356223552186 169.79431947764996),0.010000000000024394,292.1356223552186,169.79431947764996
2025-09-02 14:02:43.984431,826,3,POINT (292.12563087896785 169.79390667947726),0.010000000000002748,292.12563087896785,169.79390667947726
2025-09-02 14:02:44.984431,827,3,POINT (292.115631491501 169.79401736049397),0.009999999999981286,292.115631491501,169.79401736049397
2025-09-02 14:02:45.984431,828,3,POINT (292.105651600444 169.7946512173311),0.009999999999993242,292.105651600444,169.7946512173311
2025-09-02 14:02:46.984431,829,3,POINT (292.0957185599845 169.79580651263115),0.010000000000004351,292.0957185599845,169.79580651263115
2025-09-02 14:02:47.984431,830,3,POINT (292.085859595896 169.79748007980996),0.01000000000001051,292.085859595896,169.79748007980996
2025-09-02 14:02:48.984431,831,3,POINT (292.0761017309138 169.79966733173626),0.009999999999989125,292.0761017309138,169.79966733173626
2025-09-02 14:02:49.984431,832,3,POINT (292.06647171066754 169.80236227330454),0.010000000000007357,292.06647171066754,169.80236227330454
2025-09-02 14:02:50.984431,833,3,POINT (292.0569959303733 169.8055575178673),0.0100000000000129,292.0569959303733,169.8055575178673
2025-09-02 14:02:51.984431,834,3,POINT (292.0477003624863 169.8092443074813),0.0100000000000049,292.0477003624863,169.8092443074813
2025-09-02 14:02:52.984431,835,3,POINT (292.0386104855119 169.81341253691244),0.00999999999999349,292.0386104855119,169.81341253691244
2025-09-02 14:02:53.984431,836,3,POINT (292.02975121417114 169.8180507813336),0.010000000000000609,292.02975121417114,169.8180507813336
2025-09-02 14:02:54.984431,837,3,POINT (292.0211468311109 169.8231463276392),0.009999999999983442,292.0211468311109,169.8231463276392
2025-09-02 14:02:55.984431,838,3,POINT (292.0128209203471 169.82868520929102),0.009999999999988294,292.0128209203471,169.82868520929102
2025-09-02 14:02:56.984431,839,3,POINT (292.0047963026224 169.83465224459948),0.009999999999986978,292.0047963026224,169.83465224459948
2025-09-02 14:02:57.984431,840,3,POINT (291.9970949728562 169.84103107833553),0.010000000000023533,291.9970949728562,169.84103107833553
2025-09-02 14:02:58.984431,841,3,POINT (291.9897380398581 169.8478042265593),0.009999999999990902,291.9897380398581,169.8478042265593
2025-09-02 14:02:59.984431,842,3,POINT (291.98274566847 169.8549531245423),0.010000000000019372,291.98274566847,169.8549531245423
2025-09-02 14:03:00.984431,843,3,POINT (291.9761370242959 169.86245817765206),0.009999999999999804,291.9761370242959,169.86245817765206
2025-09-02 14:03:01.984431,844,3,POINT (291.9699302211701 169.8702988150597),0.010000000000020942,291.9699302211701,169.8702988150597
2025-09-02 14:03:02.984431,845,3,POINT (291.9641422715086 169.87845354612307),0.010000000000004085,291.9641422715086,169.87845354612307
2025-09-02 14:03:03.984431,846,3,POINT (291.958789039679 169.88690001929115),0.010000000000018931,291.958789039679,169.88690001929115
2025-09-02 14:03:04.984431,847,3,POINT (291.95388519851775 169.89561508336809),0.00999999999999595,291.95388519851775,169.89561508336809
2025-09-02 14:03:05.984431,848,3,POINT (291.94944418911257 169.90457485096903),0.009999999999991054,291.94944418911257,169.90457485096903
2025-09-02 14:03:06.984431,849,3,POINT (291.94547818396154 169.91375476399378),0.009999999999999946,291.94547818396154,169.91375476399378
2025-09-02 14:03:07.984431,850,3,POINT (291.9419980536091 169.92312966093883),0.010000000000012723,291.9419980536091,169.92312966093883
2025-09-02 14:03:08.984431,851,3,POINT (291.9390133368507 169.93267384586326),0.009999999999991665,291.9390133368507,169.93267384586326
2025-09-02 14:03:09.984431,852,3,POINT (291.9365322145874 169.94236115881964),0.010000000000009193,291.9365322145874,169.94236115881964
2025-09-02 14:03:10.984431,853,3,POINT (291.9345614874029 169.9521650475565),0.010000000000011814,291.9345614874029,169.9521650475565
2025-09-02 14:03:11.984431,854,3,POINT (291.9331065569235 169.96205864029625),0.010000000000001171,291.9331065569235,169.96205864029625
2025-09-02 14:03:12.984431,855,3,POINT (291.9321714110125 169.9720148193889),0.00999999999999344,291.9321714110125,169.9720148193889
2025-09-02 14:03:13.984431,856,3,POINT (291.9317586128398 169.98200629563962),0.010000000000002748,291.9317586128398,169.98200629563962
2025-09-02 14:03:14.984431,857,3,POINT (291.9318692938565 169.9920056831065),0.010000000000009392,291.9318692938565,169.9920056831065
2025-09-02 14:03:15.984431,858,3,POINT (291.9325031506936 170.0019855741635),0.00999999999999144,291.9325031506936,170.0019855741635
2025-09-02 14:03:16.984431,859,3,POINT (291.9336584459936 170.011918614623),0.010000000000001067,291.9336584459936,170.011918614623
2025-09-02 14:03:17.984431,860,3,POINT (291.93533201317246 170.0217775787115),0.010000000000015266,291.93533201317246,170.0217775787115
2025-09-02 14:03:18.984431,861,3,POINT (291.9375192650988 170.03153544369368),0.009999999999995342,291.9375192650988,170.03153544369368
2025-09-02 14:03:19.984431,862,3,POINT (291.94021420666706 170.04116546393996),0.010000000000007357,291.94021420666706,170.04116546393996
2025-09-02 14:03:20.984431,863,3,POINT (291.94340945122985 170.05064124423419),0.010000000000021981,291.94340945122985,170.05064124423419
2025-09-02 14:03:21.984431,864,3,POINT (291.94709624084385 170.0599368121212),0.0100000000000049,291.94709624084385,170.0599368121212
2025-09-02 14:03:22.984431,865,3,POINT (291.95126447027496 170.06902668909558),0.009999999999981643,291.95126447027496,170.06902668909558
2025-09-02 14:03:23.984431,866,3,POINT (291.9559027146961 170.07788596043636),0.009999999999987427,291.9559027146961,170.07788596043636
2025-09-02 14:03:24.984431,867,3,POINT (291.9609982610017 170.0864903434966),0.009999999999983442,291.9609982610017,170.0864903434966
2025-09-02 14:03:25.984431,868,3,POINT (291.9665371426535 170.0948162542604),0.009999999999988294,291.9665371426535,170.0948162542604
2025-09-02 14:03:26.984431,869,3,POINT (291.972504177962 170.1028408719851),0.010000000000009784,291.972504177962,170.1028408719851
2025-09-02 14:03:27.984431,870,3,POINT (291.97888301169803 170.11054220175131),0.010000000000001645,291.97888301169803,170.11054220175131
2025-09-02 14:03:28.984431,871,3,POINT (291.9856561599218 170.11789913474945),0.01000000000001181,291.9856561599218,170.11789913474945
2025-09-02 14:03:29.984431,872,3,POINT (291.9928050579048 170.12489150613752),0.009999999999979178,291.9928050579048,170.12489150613752
2025-09-02 14:03:30.984431,873,3,POINT (292.0003101110145 170.1315001503116),0.009999999999999804,292.0003101110145,170.1315001503116
2025-09-02 14:03:31.984431,874,3,POINT (292.00815074842217 170.13770695343737),0.0100000000000033,292.00815074842217,170.13770695343737
2025-09-02 14:03:32.984431,875,3,POINT (292.01630547948554 170.14349490309888),0.010000000000004085,292.01630547948554,170.14349490309888
2025-09-02 14:03:33.984431,876,3,POINT (292.0247519526536 170.14884813492844),0.010000000000003716,292.0247519526536,170.14884813492844
2025-09-02 14:03:34.984431,877,3,POINT (292.0334670167306 170.1537519760897),0.01000000000002072,292.0334670167306,170.1537519760897
2025-09-02 14:03:35.984431,878,3,POINT (292.04242678433155 170.15819298549488),0.01000000000001652,292.04242678433155,170.15819298549488
2025-09-02 14:03:36.984431,879,3,POINT (292.0516066973563 170.1621589906459),0.009999999999999946,292.0516066973563,170.1621589906459
2025-09-02 14:03:37.984431,880,3,POINT (292.0609815943013 170.16563912099835),0.009999999999986077,292.0609815943013,170.16563912099835
2025-09-02 14:03:38.984431,881,3,POINT (292.07052577922576 170.1686238377568),0.01000000000000015,292.07052577922576,170.1686238377568
2025-09-02 14:03:39.984431,882,3,POINT (292.08021309218213 170.17110496002007),0.01000000000000214,292.08021309218213,170.17110496002007
2025-09-02 14:03:40.984431,883,3,POINT (292.09001698091896 170.17307568720452),0.009999999999978347,292.09001698091896,170.17307568720452
2025-09-02 14:03:41.984431,884,3,POINT (292.0999105736587 170.1745306176839),0.009999999999973051,292.0999105736587,170.1745306176839
2025-09-02 14:03:42.984431,885,3,POINT (292.1098667527514 170.17546576359493),0.010000000000024394,292.1098667527514,170.17546576359493
2025-09-02 14:03:43.984431,886,3,POINT (292.1198582290021 170.17587856176763),0.010000000000002748,292.1198582290021,170.17587856176763
2025-09-02 14:03:44.984431,887,3,POINT (292.12985761646894 170.17576788075093),0.009999999999981286,292.12985761646894,170.17576788075093
2025-09-02 14:03:45.984431,888,3,POINT (292.13983750752595 170.17513402391378),0.009999999999993242,292.13983750752595,170.17513402391378
2025-09-02 14:03:46.984431,889,3,POINT (292.14977054798544 170.17397872861375),0.010000000000004351,292.14977054798544,170.17397872861375
2025-09-02 14:03:47.984431,890,3,POINT (292.15962951207393 170.17230516143493),0.01000000000001051,292.15962951207393,170.17230516143493
2025-09-02 14:03:48.984431,891,3,POINT (292.1693873770561 170.17011790950863),0.009999999999989125,292.1693873770561,170.17011790950863
2025-09-02 14:03:49.984431,892,3,POINT (292.1790173973024 170.16742296794035),0.010000000000007357,292.1790173973024,170.16742296794035
2025-09-02 14:03:50.984431,893,3,POINT (292.1884931775966 170.1642277233776),0.0100000000000129,292.1884931775966,170.1642277233776
2025-09-02 14:03:51.984431,894,3,POINT (292.19778874548365 170.1605409337636),0.0100000000000049,292.19778874548365,170.1605409337636
2025-09-02 14:03:52.984431,895,3,POINT (292.206878622458 170.15637270433245),0.00999999999999349,292.206878622458,170.15637270433245
2025-09-02 14:03:53.984431,896,3,POINT (292.2157378937988 170.1517344599113),0.010000000000000609,292.2157378937988,170.1517344599113
2025-09-02 14:03:54.984431,897,3,POINT (292.22434227685903 170.1466389136057),0.009999999999983442,292.22434227685903,170.1466389136057
2025-09-02 14:03:55.984431,898,3,POINT (292.23266818762283 170.14110003195387),0.009999999999988294,292.23266818762283,170.14110003195387
2025-09-02 14:03:56.984431,899,3,POINT (292.2406928053475 170.1351329966454),0.009999999999986978,292.2406928053475,170.1351329966454
2025-09-02 14:03:57.984431,900,3,POINT (292.24839413511376 170.12875416290936),0.010000000000023533,292.24839413511376,170.12875416290936
2025-09-02 14:03:58.984431,901,3,POINT (292.25575106811186 170.1219810146856),0.009999999999990902,292.25575106811186,170.1219810146856
2025-09-02 14:03:59.984431,902,3,POINT (292.26274343949996 170.1148321167026),0.010000000000019372,292.26274343949996,170.1148321167026
2025-09-02 14:04:00.984431,903,3,POINT (292.26935208367405 170.10732706359283),0.009999999999999804,292.26935208367405,170.10732706359283
2025-09-02 14:04:01.984431,904,3,POINT (292.27555888679984 170.0994864261852),0.010000000000020942,292.27555888679984,170.0994864261852
2025-09-02 14:04:02.984431,905,3,POINT (292.28134683646135 170.09133169512182),0.010000000000004085,292.28134683646135,170.09133169512182
2025-09-02 14:04:03.984431,906,3,POINT (292.28670006829094 170.08288522195375),0.010000000000018931,292.28670006829094,170.08288522195375
2025-09-02 14:04:04.984431,907,3,POINT (292.2916039094522 170.0741701578768),0.00999999999999595,292.2916039094522,170.0741701578768
2025-09-02 14:04:05.984431,908,3,POINT (292.2960449188574 170.06521039027587),0.009999999999991054,292.2960449188574,170.06521039027587
2025-09-02 14:04:06.984431,909,3,POINT (292.3000109240084 170.0560304772511),0.009999999999999946,292.3000109240084,170.0560304772511
2025-09-02 14:04:07.984431,910,3,POINT (292.30349105436085 170.04665558030607),0.010000000000012723,292.30349105436085,170.04665558030607
2025-09-02 14:04:08.984431,911,3,POINT (292.30647577111927 170.03711139538163),0.009999999999991665,292.30647577111927,170.03711139538163
2025-09-02 14:04:09.984431,912,3,POINT (292.3089568933826 170.02742408242526),0.010000000000009193,292.3089568933826,170.02742408242526
2025-09-02 14:04:10.984431,913,3,POINT (292.31092762056704 170.0176201936884),0.010000000000011814,292.31092762056704,170.0176201936884
2025-09-02 14:04:11.984431,914,3,POINT (292.3123825510464 170.00772660094864),0.010000000000001171,292.3123825510464,170.00772660094864
2025-09-02 14:04:12.984431,915,3,POINT (292.3133176969574 169.997770421856),0.00999999999999344,292.3133176969574,169.997770421856
2025-09-02 14:04:13.984431,916,3,POINT (292.31373049513013 169.98777894560527),0.010000000000002748,292.31373049513013,169.98777894560527
2025-09-02 14:04:14.984431,917,3,POINT (292.31361981411345 169.9777795581384),0.010000000000009392,292.31361981411345,169.9777795581384
2025-09-02 14:04:15.984431,918,3,POINT (292.31298595727634 169.96779966708138),0.00999999999999144,292.31298595727634,169.96779966708138
2025-09-02 14:04:16.984431,919,3,POINT (292.31183066197633 169.9578666266219),0.010000000000001067,292.31183066197633,169.9578666266219
2025-09-02 14:04:17.984431,920,3,POINT (292.3101570947975 169.9480076625334),0.010000000000015266,292.3101570947975,169.9480076625334
2025-09-02 14:04:18.984431,921,3,POINT (292.30796984287116 169.9382497975512),0.009999999999995342,292.30796984287116,169.9382497975512
2025-09-02 14:04:19.984431,922,3,POINT (292.3052749013029 169.92861977730493),0.010000000000007357,292.3052749013029,169.92861977730493
2025-09-02 14:04:20.984431,923,3,POINT (292.3020796567401 169.9191439970107),0.010000000000021981,292.3020796567401,169.9191439970107
2025-09-02 14:04:21.984431,924,3,POINT (292.2983928671261 169.90984842912368),0.0100000000000049,292.2983928671261,169.90984842912368
2025-09-02 14:04:22.984431,925,3,POINT (292.294224637695 169.9007585521493),0.009999999999981643,292.294224637695,169.9007585521493
2025-09-02 14:04:23.984431,926,3,POINT (292.28958639327385 169.89189928080853),0.009999999999987427,292.28958639327385,169.89189928080853
2025-09-02 14:04:24.984431,927,3,POINT (292.28449084696825 169.8832948977483),0.009999999999983442,292.28449084696825,169.8832948977483
2025-09-02 14:04:25.984431,928,3,POINT (292.2789519653164 169.8749689869845),0.009999999999988294,292.2789519653164,169.8749689869845
2025-09-02 14:04:26.984431,929,3,POINT (292.27298493000796 169.86694436925978),0.010000000000009784,292.27298493000796,169.86694436925978
2025-09-02 14:04:27.984431,930,3,POINT (292.2666060962719 169.85924303949358),0.010000000000001645,292.2666060962719,169.85924303949358
2025-09-02 14:04:28.984431,931,3,POINT (292.25983294804814 169.85188610649544),0.01000000000001181,292.25983294804814,169.85188610649544
2025-09-02 14:04:29.984431,932,3,POINT (292.25268405006517 169.84489373510738),0.009999999999979178,292.25268405006517,169.84489373510738
2025-09-02 14:04:30.984431,933,3,POINT (292.2451789969554 169.83828509093328),0.009999999999999804,292.2451789969554,169.83828509093328
2025-09-02 14:04:31.984431,934,3,POINT (292.2373383595478 169.83207828780752),0.0100000000000033,292.2373383595478,169.83207828780752
2025-09-02 14:04:32.984431,935,3,POINT (292.2291836284844 169.826290338146),0.010000000000004085,292.2291836284844,169.826290338146
2025-09-02 14:04:33.984431,936,3,POINT (292.2205259934871 169.82080327552072),0.010250000000009987,292.2205259934871,169.82080327552072
2025-09-02 14:04:34.984431,937,3,POINT (292.2115385836578 169.81574618932316),0.010312499999991858,292.2115385836578,169.81574618932316
2025-09-02 14:04:35.984431,938,3,POINT (292.2022848236824 169.81115945929687),0.010328125000005808,292.2022848236824,169.81115945929687
2025-09-02 14:04:36.984431,939,3,POINT (292.1924953070584 169.80693008661626),0.010664062499997252,292.1924953070584,169.80693008661626
2025-09-02 14:04:37.984431,940,3,POINT (292.18273039975213 169.80330517740347),0.010416015625016432,292.18273039975213,169.80330517740347
2025-09-02 14:04:38.984431,941,3,POINT (292.17251047907865 169.80010914036671),0.010708007812497956,292.17251047907865,169.80010914036671
2025-09-02 14:04:39.984431,942,3,POINT (292.1619958658117 169.79741612929297),0.010854003906232673,292.1619958658117,169.79741612929297
2025-09-02 14:04:40.984431,943,3,POINT (292.1517375658745 169.79535405871107),0.010463500976571387,292.1517375658745,169.79535405871107
2025-09-02 14:04:41.984431,944,3,POINT (292.1411200090029 169.7937926636228),0.010731750488288169,292.1411200090029,169.7937926636228
2025-09-02 14:04:42.984431,945,3,POINT (292.1307327894601 169.79281703172708),0.01043293762207613,292.1307327894601,169.79281703172708
2025-09-02 14:04:43.984431,946,3,POINT (292.1203833841539 169.79238944570358),0.010358234405525291,292.1203833841539,169.79238944570358
2025-09-02 14:04:44.984431,947,3,POINT (292.1100444588848 169.7925038849894),0.010339558601360722,292.1100444588848,169.7925038849894
2025-09-02 14:04:45.984431,948,3,POINT (292.0997303516051 169.793158969036),0.010334889650336224,292.0997303516051,169.793158969036
2025-09-02 14:04:46.984431,949,3,POINT (292.089465823323 169.7943528191295),0.0103337224125641,292.089465823323,169.7943528191295
2025-09-02 14:04:47.984431,950,3,POINT (292.0796068592345 169.7960263863083),0.01000000000001051,292.0796068592345,169.7960263863083
2025-09-02 14:04:48.984431,951,3,POINT (292.0698489942523 169.7982136382346),0.009999999999989125,292.0698489942523,169.7982136382346
2025-09-02 14:04:49.984431,952,3,POINT (292.06021897400603 169.8009085798029),0.010000000000007357,292.06021897400603,169.8009085798029
2025-09-02 14:04:50.984431,953,3,POINT (292.0507431937118 169.80410382436565),0.0100000000000129,292.0507431937118,169.80410382436565
2025-09-02 14:04:51.984431,954,3,POINT (292.0414476258248 169.80779061397965),0.0100000000000049,292.0414476258248,169.80779061397965
2025-09-02 14:04:52.984431,955,3,POINT (292.0323577488504 169.8119588434108),0.00999999999999349,292.0323577488504,169.8119588434108
2025-09-02 14:04:53.984431,956,3,POINT (292.02349847750963 169.81659708783195),0.010000000000000609,292.02349847750963,169.81659708783195
2025-09-02 14:04:54.984431,957,3,POINT (292.0148940944494 169.82169263413755),0.009999999999983442,292.0148940944494,169.82169263413755
2025-09-02 14:04:55.984431,958,3,POINT (292.0065681836856 169.82723151578938),0.009999999999988294,292.0065681836856,169.82723151578938
2025-09-02 14:04:56.984431,959,3,POINT (291.9985435659609 169.83319855109784),0.009999999999986978,291.9985435659609,169.83319855109784
2025-09-02 14:04:57.984431,960,3,POINT (291.9908422361947 169.8395773848339),0.010000000000023533,291.9908422361947,169.8395773848339
2025-09-02 14:04:58.984431,961,3,POINT (291.9834853031966 169.84635053305766),0.009999999999990902,291.9834853031966,169.84635053305766
2025-09-02 14:04:59.984431,962,3,POINT (291.9764929318085 169.85349943104066),0.010000000000019372,291.9764929318085,169.85349943104066
2025-09-02 14:05:00.984431,963,3,POINT (291.9698842876344 169.8610044841504),0.009999999999999804,291.9698842876344,169.8610044841504
2025-09-02 14:05:01.984431,964,3,POINT (291.9636774845086 169.86884512155805),0.010000000000020942,291.9636774845086,169.86884512155805
2025-09-02 14:05:02.984431,965,3,POINT (291.9578895348471 169.87699985262142),0.010000000000004085,291.9578895348471,169.87699985262142
2025-09-02 14:05:03.984431,966,3,POINT (291.9525363030175 169.8854463257895),0.010000000000018931,291.9525363030175,169.8854463257895
2025-09-02 14:05:04.984431,967,3,POINT (291.94763246185624 169.89416138986644),0.00999999999999595,291.94763246185624,169.89416138986644
2025-09-02 14:05:05.984431,968,3,POINT (291.94319145245106 169.90312115746738),0.009999999999991054,291.94319145245106,169.90312115746738
2025-09-02 14:05:06.984431,969,3,POINT (291.93922544730003 169.91230107049213),0.009999999999999946,291.93922544730003,169.91230107049213
2025-09-02 14:05:07.984431,970,3,POINT (291.9357453169476 169.92167596743718),0.010000000000012723,291.9357453169476,169.92167596743718
2025-09-02 14:05:08.984431,971,3,POINT (291.93276060018917 169.93122015236162),0.009999999999991665,291.93276060018917,169.93122015236162
2025-09-02 14:05:09.984431,972,3,POINT (291.93027947792586 169.940907465318),0.010000000000009193,291.93027947792586,169.940907465318
2025-09-02 14:05:10.984431,973,3,POINT (291.9283087507414 169.95071135405485),0.010000000000011814,291.9283087507414,169.95071135405485
2025-09-02 14:05:11.984431,974,3,POINT (291.926853820262 169.9606049467946),0.010000000000001171,291.926853820262,169.9606049467946
2025-09-02 14:05:12.984431,975,3,POINT (291.925918674351 169.97056112588726),0.00999999999999344,291.925918674351,169.97056112588726
2025-09-02 14:05:13.984431,976,3,POINT (291.9255058761783 169.98055260213798),0.010000000000002748,291.9255058761783,169.98055260213798
2025-09-02 14:05:14.984431,977,3,POINT (291.925616557195 169.99055198960485),0.010000000000009392,291.925616557195,169.99055198960485
2025-09-02 14:05:15.984431,978,3,POINT (291.9262504140321 170.00053188066187),0.00999999999999144,291.9262504140321,170.00053188066187
2025-09-02 14:05:16.984431,979,3,POINT (291.9274057093321 170.01046492112135),0.010000000000001067,291.9274057093321,170.01046492112135
2025-09-02 14:05:17.984431,980,3,POINT (291.92907927651095 170.02032388520985),0.010000000000015266,291.92907927651095,170.02032388520985
2025-09-02 14:05:18.984431,981,3,POINT (291.9312665284373 170.03008175019204),0.009999999999995342,291.9312665284373,170.03008175019204
2025-09-02 14:05:19.984431,982,3,POINT (291.93396147000556 170.03971177043832),0.010000000000007357,291.93396147000556,170.03971177043832
2025-09-02 14:05:20.984431,983,3,POINT (291.93715671456835 170.04918755073254),0.010000000000021981,291.93715671456835,170.04918755073254
2025-09-02 14:05:21.984431,984,3,POINT (291.94084350418234 170.05848311861956),0.0100000000000049,291.94084350418234,170.05848311861956
2025-09-02 14:05:22.984431,985,3,POINT (291.94501173361346 170.06757299559393),0.009999999999981643,291.94501173361346,170.06757299559393
2025-09-02 14:05:23.984431,986,3,POINT (291.9496499780346 170.07643226693472),0.009999999999987427,291.9496499780346,170.07643226693472
2025-09-02 14:05:24.984431,987,3,POINT (291.9547455243402 170.08503664999495),0.009999999999983442,291.9547455243402,170.08503664999495
2025-09-02 14:05:25.984431,988,3,POINT (291.960284405992 170.09336256075875),0.009999999999988294,291.960284405992,170.09336256075875
2025-09-02 14:05:26.984431,989,3,POINT (291.96625144130047 170.10138717848346),0.010000000000009784,291.96625144130047,170.10138717848346
2025-09-02 14:05:27.984431,990,3,POINT (291.9726302750365 170.10908850824967),0.010000000000001645,291.9726302750365,170.10908850824967
2025-09-02 14:05:28.984431,991,3,POINT (291.9794034232603 170.1164454412478),0.01000000000001181,291.9794034232603,170.1164454412478
2025-09-02 14:05:29.984431,992,3,POINT (291.98655232124327 170.12343781263587),0.009999999999979178,291.98655232124327,170.12343781263587
2025-09-02 14:05:30.984431,993,3,POINT (291.994057374353 170.13004645680996),0.009999999999999804,291.994057374353,170.13004645680996
2025-09-02 14:05:31.984431,994,3,POINT (292.00189801176066 170.13625325993573),0.0100000000000033,292.00189801176066,170.13625325993573
2025-09-02 14:05:32.984431,995,3,POINT (292.01005274282403 170.14204120959724),0.010000000000004085,292.01005274282403,170.14204120959724
2025-09-02 14:05:33.984431,996,3,POINT (292.0184992159921 170.1473944414268),0.010000000000003716,292.0184992159921,170.1473944414268
2025-09-02 14:05:34.984431,997,3,POINT (292.0272142800691 170.15229828258805),0.01000000000002072,292.0272142800691,170.15229828258805
2025-09-02 14:05:35.984431,998,3,POINT (292.03617404767004 170.15673929199323),0.01000000000001652,292.03617404767004,170.15673929199323
2025-09-02 14:05:36.984431,999,3,POINT (292.0453539606948 170.16070529714426),0.009999999999999946,292.0453539606948,170.16070529714426
2025-09-02 14:05:37.984431,1000,3,POINT (292.0547288576398 170.1641854274967),0.009999999999986077,292.0547288576398,170.1641854274967
2025-09-02 14:05:38.984431,1001,3,POINT (292.06427304256425 170.16717014425515),0.01000000000000015,292.06427304256425,170.16717014425515
2025-09-02 14:05:39.984431,1002,3,POINT (292.0739603555206 170.16965126651843),0.01000000000000214,292.0739603555206,170.16965126651843
2025-09-02 14:05:40.984431,1003,3,POINT (292.08376424425745 170.17162199370287),0.009999999999978347,292.08376424425745,170.17162199370287
2025-09-02 14:05:41.984431,1004,3,POINT (292.0936578369972 170.17307692418225),0.009999999999973051,292.0936578369972,170.17307692418225
2025-09-02 14:05:42.984431,1005,3,POINT (292.10361401608986 170.17401207009328),0.010000000000024394,292.10361401608986,170.17401207009328
2025-09-02 14:05:43.984431,1006,3,POINT (292.1136054923406 170.174424868266),0.010000000000002748,292.1136054923406,170.174424868266
2025-09-02 14:05:44.984431,1007,3,POINT (292.12360487980743 170.17431418724928),0.009999999999981286,292.12360487980743,170.17431418724928
2025-09-02 14:05:45.984431,1008,3,POINT (292.13358477086445 170.17368033041214),0.009999999999993242,292.13358477086445,170.17368033041214
2025-09-02 14:05:46.984431,1009,3,POINT (292.14351781132393 170.1725250351121),0.010000000000004351,292.14351781132393,170.1725250351121
2025-09-02 14:05:47.984431,1010,3,POINT (292.1533767754124 170.1708514679333),0.01000000000001051,292.1533767754124,170.1708514679333
2025-09-02 14:05:48.984431,1011,3,POINT (292.1631346403946 170.168664216007),0.009999999999989125,292.1631346403946,170.168664216007
2025-09-02 14:05:49.984431,1012,3,POINT (292.1727646606409 170.1659692744387),0.010000000000007357,292.1727646606409,170.1659692744387
2025-09-02 14:05:50.984431,1013,3,POINT (292.1822404409351 170.16277402987595),0.0100000000000129,292.1822404409351,170.16277402987595
2025-09-02 14:05:51.984431,1014,3,POINT (292.19153600882214 170.15908724026195),0.0100000000000049,292.19153600882214,170.15908724026195
2025-09-02 14:05:52.984431,1015,3,POINT (292.2006258857965 170.1549190108308),0.00999999999999349,292.2006258857965,170.1549190108308
2025-09-02 14:05:53.984431,1016,3,POINT (292.2094851571373 170.15028076640965),0.010000000000000609,292.2094851571373,170.15028076640965
2025-09-02 14:05:54.984431,1017,3,POINT (292.2180895401975 170.14518522010405),0.009999999999983442,292.2180895401975,170.14518522010405
2025-09-02 14:05:55.984431,1018,3,POINT (292.2264154509613 170.13964633845222),0.009999999999988294,292.2264154509613,170.13964633845222
2025-09-02 14:05:56.984431,1019,3,POINT (292.234440068686 170.13367930314377),0.009999999999986978,292.234440068686,170.13367930314377
2025-09-02 14:05:57.984431,1020,3,POINT (292.24214139845225 170.12730046940771),0.010000000000023533,292.24214139845225,170.12730046940771
2025-09-02 14:05:58.984431,1021,3,POINT (292.24949833145035 170.12052732118394),0.009999999999990902,292.24949833145035,170.12052732118394
2025-09-02 14:05:59.984431,1022,3,POINT (292.25649070283845 170.11337842320094),0.010000000000019372,292.25649070283845,170.11337842320094
2025-09-02 14:06:00.984431,1023,3,POINT (292.26309934701254 170.1058733700912),0.009999999999999804,292.26309934701254,170.1058733700912
2025-09-02 14:06:01.984431,1024,3,POINT (292.26930615013833 170.09803273268355),0.010000000000020942,292.26930615013833,170.09803273268355
2025-09-02 14:06:02.984431,1025,3,POINT (292.27509409979984 170.08987800162018),0.010000000000004085,292.27509409979984,170.08987800162018
2025-09-02 14:06:03.984431,1026,3,POINT (292.28044733162943 170.0814315284521),0.010000000000018931,292.28044733162943,170.0814315284521
2025-09-02 14:06:04.984431,1027,3,POINT (292.2853511727907 170.07271646437516),0.00999999999999595,292.2853511727907,170.07271646437516
2025-09-02 14:06:05.984431,1028,3,POINT (292.28979218219587 170.06375669677422),0.009999999999991054,292.28979218219587,170.06375669677422
2025-09-02 14:06:06.984431,1029,3,POINT (292.2937581873469 170.05457678374947),0.009999999999999946,292.2937581873469,170.05457678374947
2025-09-02 14:06:07.984431,1030,3,POINT (292.29723831769934 170.04520188680442),0.010000000000012723,292.29723831769934,170.04520188680442
2025-09-02 14:06:08.984431,1031,3,POINT (292.30022303445776 170.03565770187998),0.009999999999991665,292.30022303445776,170.03565770187998
2025-09-02 14:06:09.984431,1032,3,POINT (292.30270415672106 170.0259703889236),0.010000000000009193,292.30270415672106,170.0259703889236
2025-09-02 14:06:10.984431,1033,3,POINT (292.30467488390553 170.01616650018676),0.010000000000011814,292.30467488390553,170.01616650018676
2025-09-02 14:06:11.984431,1034,3,POINT (292.3061298143849 170.006272907447),0.010000000000001171,292.3061298143849,170.006272907447
2025-09-02 14:06:12.984431,1035,3,POINT (292.3070649602959 169.99631672835434),0.00999999999999344,292.3070649602959,169.99631672835434
2025-09-02 14:06:13.984431,1036,3,POINT (292.3074777584686 169.98632525210363),0.010000000000002748,292.3074777584686,169.98632525210363
2025-09-02 14:06:14.984431,1037,3,POINT (292.30736707745194 169.97632586463675),0.010000000000009392,292.30736707745194,169.97632586463675
2025-09-02 14:06:15.984431,1038,3,POINT (292.30673322061483 169.96634597357973),0.00999999999999144,292.30673322061483,169.96634597357973
2025-09-02 14:06:16.984431,1039,3,POINT (292.3055779253148 169.95641293312025),0.010000000000001067,292.3055779253148,169.95641293312025
2025-09-02 14:06:17.984431,1040,3,POINT (292.303904358136 169.94655396903175),0.010000000000015266,292.303904358136,169.94655396903175
2025-09-02 14:06:18.984431,1041,3,POINT (292.30171710620965 169.93679610404956),0.009999999999995342,292.30171710620965,169.93679610404956
2025-09-02 14:06:19.984431,1042,3,POINT (292.29902216464137 169.9271660838033),0.010000000000007357,292.29902216464137,169.9271660838033
2025-09-02 14:06:20.984431,1043,3,POINT (292.2958269200786 169.91769030350906),0.010000000000021981,292.2958269200786,169.91769030350906
2025-09-02 14:06:21.984431,1044,3,POINT (292.2921401304646 169.90839473562204),0.0100000000000049,292.2921401304646,169.90839473562204
2025-09-02 14:06:22.984431,1045,3,POINT (292.2879719010335 169.89930485864767),0.009999999999981643,292.2879719010335,169.89930485864767
2025-09-02 14:06:23.984431,1046,3,POINT (292.28333365661234 169.89044558730689),0.009999999999987427,292.28333365661234,169.89044558730689
2025-09-02 14:06:24.984431,1047,3,POINT (292.27823811030675 169.88184120424665),0.009999999999983442,292.27823811030675,169.88184120424665
2025-09-02 14:06:25.984431,1048,3,POINT (292.2726992286549 169.87351529348285),0.009999999999988294,292.2726992286549,169.87351529348285
2025-09-02 14:06:26.984431,1049,3,POINT (292.26673219334646 169.86549067575814),0.010000000000009784,292.26673219334646,169.86549067575814
2025-09-02 14:06:27.984431,1050,3,POINT (292.2603533596104 169.85778934599193),0.010000000000001645,292.2603533596104,169.85778934599193
2025-09-02 14:06:28.984431,1051,3,POINT (292.25358021138663 169.8504324129938),0.01000000000001181,292.25358021138663,169.8504324129938
2025-09-02 14:06:29.984431,1052,3,POINT (292.24643131340366 169.84344004160573),0.009999999999979178,292.24643131340366,169.84344004160573
2025-09-02 14:06:30.984431,1053,3,POINT (292.2389262602939 169.83683139743164),0.009999999999999804,292.2389262602939,169.83683139743164
2025-09-02 14:06:31.984431,1054,3,POINT (292.23108562288627 169.83062459430587),0.0100000000000033,292.23108562288627,169.83062459430587
2025-09-02 14:06:32.984431,1055,3,POINT (292.2229308918229 169.82483664464436),0.010000000000004085,292.2229308918229,169.82483664464436
2025-09-02 14:06:33.984431,1056,3,POINT (292.2144844186548 169.8194834128148),0.010000000000003716,292.2144844186548,169.8194834128148
2025-09-02 14:06:34.984431,1057,3,POINT (292.20576935457785 169.81457957165355),0.01000000000002072,292.20576935457785,169.81457957165355
2025-09-02 14:06:35.984431,1058,3,POINT (292.1968095869769 169.81013856224837),0.01000000000001652,292.1968095869769,169.81013856224837
2025-09-02 14:06:36.984431,1059,3,POINT (292.1874001761265 169.80607340696855),0.010250000000001667,292.1874001761265,169.80607340696855
2025-09-02 14:06:37.984431,1060,3,POINT (292.177732313652 169.8024845225426),0.01031249999997218,292.177732313652,169.8024845225426
2025-09-02 14:06:38.984431,1061,3,POINT (292.1678749601597 169.79940186976555),0.01032812500001763,292.1678749601597,169.79940186976555
2025-09-02 14:06:39.984431,1062,3,POINT (292.1578659981403 169.79683836648962),0.01033203124998041,292.1578659981403,169.79683836648962
2025-09-02 14:06:40.984431,1063,3,POINT (292.14773563224924 169.7948020125503),0.010333007812516167,292.14773563224924,169.7948020125503
2025-09-02 14:06:41.984431,1064,3,POINT (292.1375123335991 169.7932985962285),0.010333251953121186,292.1375123335991,169.7932985962285
2025-09-02 14:06:42.984431,1065,3,POINT (292.1272243021259 169.7923322806897),0.010333312988278043,292.1272243021259,169.7923322806897
2025-09-02 14:06:43.984431,1066,3,POINT (292.11689978174877 169.79190572278785),0.010333328247065125,292.11689978174877,169.79190572278785
2025-09-02 14:06:44.984431,1067,3,POINT (292.1065670826378 169.7920200931577),0.010333332061787149,292.1065670826378,169.7920200931577
2025-09-02 14:06:45.984431,1068,3,POINT (292.0962545288628 169.79267507853592),0.010333333015447128,292.0962545288628,169.79267507853592
2025-09-02 14:06:46.984431,1069,3,POINT (292.0863214884033 169.79383037383596),0.010000000000004351,292.0863214884033,169.79383037383596
2025-09-02 14:06:47.984431,1070,3,POINT (292.0764625243148 169.79550394101477),0.01000000000001051,292.0764625243148,169.79550394101477
2025-09-02 14:06:48.984431,1071,3,POINT (292.06670465933263 169.79769119294107),0.009999999999989125,292.06670465933263,169.79769119294107
2025-09-02 14:06:49.984431,1072,3,POINT (292.05707463908635 169.80038613450935),0.010000000000007357,292.05707463908635,169.80038613450935
2025-09-02 14:06:50.984431,1073,3,POINT (292.0475988587921 169.8035813790721),0.0100000000000129,292.0475988587921,169.8035813790721
2025-09-02 14:06:51.984431,1074,3,POINT (292.0383032909051 169.8072681686861),0.0100000000000049,292.0383032909051,169.8072681686861
2025-09-02 14:06:52.984431,1075,3,POINT (292.02921341393073 169.81143639811725),0.00999999999999349,292.02921341393073,169.81143639811725
2025-09-02 14:06:53.984431,1076,3,POINT (292.02035414258995 169.8160746425384),0.010000000000000609,292.02035414258995,169.8160746425384
2025-09-02 14:06:54.984431,1077,3,POINT (292.0117497595297 169.821170188844),0.009999999999983442,292.0117497595297,169.821170188844
2025-09-02 14:06:55.984431,1078,3,POINT (292.0034238487659 169.82670907049584),0.009999999999988294,292.0034238487659,169.82670907049584
2025-09-02 14:06:56.984431,1079,3,POINT (291.99539923104123 169.8326761058043),0.009999999999986978,291.99539923104123,169.8326761058043
2025-09-02 14:06:57.984431,1080,3,POINT (291.987697901275 169.83905493954035),0.010000000000023533,291.987697901275,169.83905493954035
2025-09-02 14:06:58.984431,1081,3,POINT (291.9803409682769 169.84582808776412),0.009999999999990902,291.9803409682769,169.84582808776412
2025-09-02 14:06:59.984431,1082,3,POINT (291.9733485968888 169.85297698574712),0.010000000000019372,291.9733485968888,169.85297698574712
2025-09-02 14:07:00.984431,1083,3,POINT (291.9667399527147 169.86048203885687),0.009999999999999804,291.9667399527147,169.86048203885687
2025-09-02 14:07:01.984431,1084,3,POINT (291.9605331495889 169.8683226762645),0.010000000000020942,291.9605331495889,169.8683226762645
2025-09-02 14:07:02.984431,1085,3,POINT (291.9547451999274 169.87647740732788),0.010000000000004085,291.9547451999274,169.87647740732788
2025-09-02 14:07:03.984431,1086,3,POINT (291.9493919680978 169.88492388049596),0.010000000000018931,291.9493919680978,169.88492388049596
2025-09-02 14:07:04.984431,1087,3,POINT (291.94448812693656 169.8936389445729),0.00999999999999595,291.94448812693656,169.8936389445729
2025-09-02 14:07:05.984431,1088,3,POINT (291.9400471175314 169.90259871217384),0.009999999999991054,291.9400471175314,169.90259871217384
2025-09-02 14:07:06.984431,1089,3,POINT (291.93608111238035 169.9117786251986),0.009999999999999946,291.93608111238035,169.9117786251986
2025-09-02 14:07:07.984431,1090,3,POINT (291.9326009820279 169.92115352214364),0.010000000000012723,291.9326009820279,169.92115352214364
2025-09-02 14:07:08.984431,1091,3,POINT (291.9296162652695 169.93069770706808),0.009999999999991665,291.9296162652695,169.93069770706808
2025-09-02 14:07:09.984431,1092,3,POINT (291.9271351430062 169.94038502002445),0.010000000000009193,291.9271351430062,169.94038502002445
2025-09-02 14:07:10.984431,1093,3,POINT (291.9251644158217 169.9501889087613),0.010000000000011814,291.9251644158217,169.9501889087613
2025-09-02 14:07:11.984431,1094,3,POINT (291.92370948534233 169.96008250150106),0.010000000000001171,291.92370948534233,169.96008250150106
2025-09-02 14:07:12.984431,1095,3,POINT (291.9227743394313 169.97003868059372),0.00999999999999344,291.9227743394313,169.97003868059372
2025-09-02 14:07:13.984431,1096,3,POINT (291.9223615412586 169.98003015684444),0.010000000000002748,291.9223615412586,169.98003015684444
2025-09-02 14:07:14.984431,1097,3,POINT (291.9224722222753 169.9900295443113),0.010000000000009392,291.9224722222753,169.9900295443113
2025-09-02 14:07:15.984431,1098,3,POINT (291.9231060791124 170.00000943536833),0.00999999999999144,291.9231060791124,170.00000943536833
2025-09-02 14:07:16.984431,1099,3,POINT (291.9242613744124 170.0099424758278),0.010000000000001067,291.9242613744124,170.0099424758278
2025-09-02 14:07:17.984431,1100,3,POINT (291.92593494159127 170.0198014399163),0.010000000000015266,291.92593494159127,170.0198014399163
2025-09-02 14:07:18.984431,1101,3,POINT (291.9281221935176 170.0295593048985),0.009999999999995342,291.9281221935176,170.0295593048985
2025-09-02 14:07:19.984431,1102,3,POINT (291.9308171350859 170.03918932514478),0.010000000000007357,291.9308171350859,170.03918932514478
2025-09-02 14:07:20.984431,1103,3,POINT (291.93401237964866 170.048665105439),0.010000000000021981,291.93401237964866,170.048665105439
2025-09-02 14:07:21.984431,1104,3,POINT (291.93769916926266 170.05796067332602),0.0100000000000049,291.93769916926266,170.05796067332602
2025-09-02 14:07:22.984431,1105,3,POINT (291.9418673986938 170.0670505503004),0.009999999999981643,291.9418673986938,170.0670505503004
2025-09-02 14:07:23.984431,1106,3,POINT (291.9465056431149 170.07590982164118),0.009999999999987427,291.9465056431149,170.07590982164118
2025-09-02 14:07:24.984431,1107,3,POINT (291.9516011894205 170.0845142047014),0.009999999999983442,291.9516011894205,170.0845142047014
2025-09-02 14:07:25.984431,1108,3,POINT (291.95714007107233 170.0928401154652),0.009999999999988294,291.95714007107233,170.0928401154652
2025-09-02 14:07:26.984431,1109,3,POINT (291.9631071063808 170.10086473318992),0.010000000000009784,291.9631071063808,170.10086473318992
2025-09-02 14:07:27.984431,1110,3,POINT (291.96948594011684 170.10856606295613),0.010000000000001645,291.96948594011684,170.10856606295613
2025-09-02 14:07:28.984431,1111,3,POINT (291.9762590883406 170.11592299595426),0.01000000000001181,291.9762590883406,170.11592299595426
2025-09-02 14:07:29.984431,1112,3,POINT (291.9834079863236 170.12291536734233),0.009999999999979178,291.9834079863236,170.12291536734233
2025-09-02 14:07:30.984431,1113,3,POINT (291.99091303943334 170.12952401151642),0.009999999999999804,291.99091303943334,170.12952401151642
2025-09-02 14:07:31.984431,1114,3,POINT (291.998753676841 170.1357308146422),0.0100000000000033,291.998753676841,170.1357308146422
2025-09-02 14:07:32.984431,1115,3,POINT (292.00690840790435 170.1415187643037),0.010000000000004085,292.00690840790435,170.1415187643037
2025-09-02 14:07:33.984431,1116,3,POINT (292.0153548810724 170.14687199613326),0.010000000000003716,292.0153548810724,170.14687199613326
2025-09-02 14:07:34.984431,1117,3,POINT (292.0240699451494 170.1517758372945),0.01000000000002072,292.0240699451494,170.1517758372945
2025-09-02 14:07:35.984431,1118,3,POINT (292.03302971275036 170.1562168466997),0.01000000000001652,292.03302971275036,170.1562168466997
2025-09-02 14:07:36.984431,1119,3,POINT (292.0422096257751 170.16018285185072),0.009999999999999946,292.0422096257751,170.16018285185072
2025-09-02 14:07:37.984431,1120,3,POINT (292.05158452272013 170.16366298220316),0.009999999999986077,292.05158452272013,170.16366298220316
2025-09-02 14:07:38.984431,1121,3,POINT (292.06112870764457 170.1666476989616),0.01000000000000015,292.06112870764457,170.1666476989616
2025-09-02 14:07:39.984431,1122,3,POINT (292.07081602060094 170.1691288212249),0.01000000000000214,292.07081602060094,170.1691288212249
2025-09-02 14:07:40.984431,1123,3,POINT (292.08061990933777 170.17109954840933),0.009999999999978347,292.08061990933777,170.17109954840933
2025-09-02 14:07:41.984431,1124,3,POINT (292.0905135020775 170.1725544788887),0.009999999999973051,292.0905135020775,170.1725544788887
2025-09-02 14:07:42.984431,1125,3,POINT (292.1004696811702 170.17348962479974),0.010000000000024394,292.1004696811702,170.17348962479974
2025-09-02 14:07:43.984431,1126,3,POINT (292.1104611574209 170.17390242297245),0.010000000000002748,292.1104611574209,170.17390242297245
2025-09-02 14:07:44.984431,1127,3,POINT (292.12046054488775 170.17379174195574),0.009999999999981286,292.12046054488775,170.17379174195574
2025-09-02 14:07:45.984431,1128,3,POINT (292.13044043594476 170.1731578851186),0.009999999999993242,292.13044043594476,170.1731578851186
2025-09-02 14:07:46.984431,1129,3,POINT (292.14037347640425 170.17200258981856),0.010000000000004351,292.14037347640425,170.17200258981856
2025-09-02 14:07:47.984431,1130,3,POINT (292.15023244049274 170.17032902263975),0.01000000000001051,292.15023244049274,170.17032902263975
2025-09-02 14:07:48.984431,1131,3,POINT (292.15999030547493 170.16814177071345),0.009999999999989125,292.15999030547493,170.16814177071345
2025-09-02 14:07:49.984431,1132,3,POINT (292.1696203257212 170.16544682914517),0.010000000000007357,292.1696203257212,170.16544682914517
2025-09-02 14:07:50.984431,1133,3,POINT (292.17909610601544 170.1622515845824),0.0100000000000129,292.17909610601544,170.1622515845824
2025-09-02 14:07:51.984431,1134,3,POINT (292.18839167390246 170.1585647949684),0.0100000000000049,292.18839167390246,170.1585647949684
2025-09-02 14:07:52.984431,1135,3,POINT (292.19748155087683 170.15439656553727),0.00999999999999349,292.19748155087683,170.15439656553727
2025-09-02 14:07:53.984431,1136,3,POINT (292.2063408222176 170.1497583211161),0.010000000000000609,292.2063408222176,170.1497583211161
2025-09-02 14:07:54.984431,1137,3,POINT (292.21494520527784 170.1446627748105),0.009999999999983442,292.21494520527784,170.1446627748105
2025-09-02 14:07:55.984431,1138,3,POINT (292.22327111604164 170.13912389315868),0.009999999999988294,292.22327111604164,170.13912389315868
2025-09-02 14:07:56.984431,1139,3,POINT (292.23129573376633 170.13315685785022),0.009999999999986978,292.23129573376633,170.13315685785022
2025-09-02 14:07:57.984431,1140,3,POINT (292.23899706353257 170.12677802411417),0.010000000000023533,292.23899706353257,170.12677802411417
2025-09-02 14:07:58.984431,1141,3,POINT (292.2463539965307 170.1200048758904),0.009999999999990902,292.2463539965307,170.1200048758904
2025-09-02 14:07:59.984431,1142,3,POINT (292.25334636791877 170.1128559779074),0.010000000000019372,292.25334636791877,170.1128559779074
2025-09-02 14:08:00.984431,1143,3,POINT (292.25995501209286 170.10535092479765),0.009999999999999804,292.25995501209286,170.10535092479765
2025-09-02 14:08:01.984431,1144,3,POINT (292.26616181521865 170.09751028739),0.010000000000020942,292.26616181521865,170.09751028739
2025-09-02 14:08:02.984431,1145,3,POINT (292.27194976488016 170.08935555632664),0.010000000000004085,292.27194976488016,170.08935555632664
2025-09-02 14:08:03.984431,1146,3,POINT (292.27730299670975 170.08090908315856),0.010000000000018931,292.27730299670975,170.08090908315856
2025-09-02 14:08:04.984431,1147,3,POINT (292.282206837871 170.07219401908162),0.00999999999999595,292.282206837871,170.07219401908162
2025-09-02 14:08:05.984431,1148,3,POINT (292.2866478472762 170.06323425148068),0.009999999999991054,292.2866478472762,170.06323425148068
2025-09-02 14:08:06.984431,1149,3,POINT (292.2906138524272 170.05405433845593),0.009999999999999946,292.2906138524272,170.05405433845593
2025-09-02 14:08:07.984431,1150,3,POINT (292.29409398277966 170.04467944151088),0.010000000000012723,292.29409398277966,170.04467944151088
2025-09-02 14:08:08.984431,1151,3,POINT (292.2970786995381 170.03513525658644),0.009999999999991665,292.2970786995381,170.03513525658644
2025-09-02 14:08:09.984431,1152,3,POINT (292.2995598218014 170.02544794363007),0.010000000000009193,292.2995598218014,170.02544794363007
2025-09-02 14:08:10.984431,1153,3,POINT (292.30153054898585 170.01564405489322),0.010000000000011814,292.30153054898585,170.01564405489322
2025-09-02 14:08:11.984431,1154,3,POINT (292.30298547946524 170.00575046215346),0.010000000000001171,292.30298547946524,170.00575046215346
2025-09-02 14:08:12.984431,1155,3,POINT (292.30392062537624 169.9957942830608),0.00999999999999344,292.30392062537624,169.9957942830608
2025-09-02 14:08:13.984431,1156,3,POINT (292.30433342354894 169.98580280681009),0.010000000000002748,292.30433342354894,169.98580280681009
2025-09-02 14:08:14.984431,1157,3,POINT (292.30422274253226 169.9758034193432),0.010000000000009392,292.30422274253226,169.9758034193432
2025-09-02 14:08:15.984431,1158,3,POINT (292.30358888569515 169.9658235282862),0.00999999999999144,292.30358888569515,169.9658235282862
2025-09-02 14:08:16.984431,1159,3,POINT (292.30243359039514 169.9558904878267),0.010000000000001067,292.30243359039514,169.9558904878267
2025-09-02 14:08:17.984431,1160,3,POINT (292.3007600232163 169.9460315237382),0.010000000000015266,292.3007600232163,169.9460315237382
2025-09-02 14:08:18.984431,1161,3,POINT (292.29857277128997 169.93627365875602),0.009999999999995342,292.29857277128997,169.93627365875602
2025-09-02 14:08:19.984431,1162,3,POINT (292.2958778297217 169.92664363850974),0.010000000000007357,292.2958778297217,169.92664363850974
2025-09-02 14:08:20.984431,1163,3,POINT (292.2926825851589 169.91716785821552),0.010000000000021981,292.2926825851589,169.91716785821552
2025-09-02 14:08:21.984431,1164,3,POINT (292.2889957955449 169.9078722903285),0.0100000000000049,292.2889957955449,169.9078722903285
2025-09-02 14:08:22.984431,1165,3,POINT (292.2848275661138 169.89878241335413),0.009999999999981643,292.2848275661138,169.89878241335413
2025-09-02 14:08:23.984431,1166,3,POINT (292.28018932169266 169.88992314201334),0.009999999999987427,292.28018932169266,169.88992314201334
2025-09-02 14:08:24.984431,1167,3,POINT (292.27509377538706 169.8813187589531),0.009999999999983442,292.27509377538706,169.8813187589531
2025-09-02 14:08:25.984431,1168,3,POINT (292.26955489373523 169.8729928481893),0.009999999999988294,292.26955489373523,169.8729928481893
2025-09-02 14:08:26.984431,1169,3,POINT (292.2635878584268 169.8649682304646),0.010000000000009784,292.2635878584268,169.8649682304646
2025-09-02 14:08:27.984431,1170,3,POINT (292.2572090246907 169.8572669006984),0.010000000000001645,292.2572090246907,169.8572669006984
2025-09-02 14:08:28.984431,1171,3,POINT (292.25043587646695 169.84990996770026),0.01000000000001181,292.25043587646695,169.84990996770026
2025-09-02 14:08:29.984431,1172,3,POINT (292.243286978484 169.8429175963122),0.009999999999979178,292.243286978484,169.8429175963122
2025-09-02 14:08:30.984431,1173,3,POINT (292.2357819253742 169.8363089521381),0.009999999999999804,292.2357819253742,169.8363089521381
2025-09-02 14:08:31.984431,1174,3,POINT (292.2279412879666 169.83010214901233),0.0100000000000033,292.2279412879666,169.83010214901233
2025-09-02 14:08:32.984431,1175,3,POINT (292.2197865569032 169.82431419935082),0.010000000000004085,292.2197865569032,169.82431419935082
2025-09-02 14:08:33.984431,1176,3,POINT (292.21134008373514 169.81896096752126),0.010000000000003716,292.21134008373514,169.81896096752126
2025-09-02 14:08:34.984431,1177,3,POINT (292.20262501965817 169.81405712636),0.01000000000002072,292.20262501965817,169.81405712636
2025-09-02 14:08:35.984431,1178,3,POINT (292.1936652520572 169.80961611695483),0.01000000000001652,292.1936652520572,169.80961611695483
2025-09-02 14:08:36.984431,1179,3,POINT (292.18448533903245 169.8056501118038),0.009999999999999946,292.18448533903245,169.8056501118038
2025-09-02 14:08:37.984431,1180,3,POINT (292.17511044208743 169.80216998145136),0.009999999999986077,292.17511044208743,169.80216998145136
2025-09-02 14:08:38.984431,1181,3,POINT (292.1653276525399 169.79911064677395),0.010250000000007737,292.1653276525399,169.79911064677395
2025-09-02 14:08:39.984431,1182,3,POINT (292.15442942546395 169.79631938422776),0.011250000000011936,292.15442942546395,169.79631938422776
2025-09-02 14:08:40.984431,1183,3,POINT (292.14297113050276 169.79401609683094),0.011687499999995205,292.14297113050276,169.79401609683094
2025-09-02 14:08:41.984431,1184,3,POINT (292.1310833604764 169.7922679069268),0.01201562499999888,292.1310833604764,169.7922679069268
2025-09-02 14:08:42.984431,1185,3,POINT (292.1196259762549 169.7911917585464),0.011507812500025713,292.1196259762549,169.7911917585464
2025-09-02 14:08:43.984431,1186,3,POINT (292.1083816625524 169.79072719935283),0.011253906250025541,292.1083816625524,169.79072719935283
2025-09-02 14:08:44.984431,1187,3,POINT (292.09725539099014 169.7908503536013),0.011126953125006977,292.09725539099014,169.7908503536013
2025-09-02 14:08:45.984431,1188,3,POINT (292.0862141619096 169.79155161962746),0.011063476562481495,292.0862141619096,169.79155161962746
2025-09-02 14:08:46.984431,1189,3,POINT (292.075256291641 169.79282611116622),0.011031738281255582,292.075256291641,169.79282611116622
2025-09-02 14:08:47.984431,1190,3,POINT (292.0648965566837 169.79458468460763),0.010507934570292407,292.0648965566837,169.79458468460763
2025-09-02 14:08:48.984431,1191,3,POINT (292.05477083615307 169.79685439235377),0.010376983642550065,292.05477083615307,169.79685439235377
2025-09-02 14:08:49.984431,1192,3,POINT (292.0448093063979 169.79964210618348),0.010344245910631345,292.0448093063979,169.79964210618348
2025-09-02 14:08:50.984431,1193,3,POINT (292.03533352610367 169.80283735074624),0.0100000000000129,292.03533352610367,169.80283735074624
2025-09-02 14:08:51.984431,1194,3,POINT (292.02603795821665 169.80652414036024),0.0100000000000049,292.02603795821665,169.80652414036024
2025-09-02 14:08:52.984431,1195,3,POINT (292.0169480812423 169.81069236979138),0.00999999999999349,292.0169480812423,169.81069236979138
2025-09-02 14:08:53.984431,1196,3,POINT (292.0080888099015 169.81533061421254),0.010000000000000609,292.0080888099015,169.81533061421254
2025-09-02 14:08:54.984431,1197,3,POINT (291.99948442684126 169.82042616051814),0.009999999999983442,291.99948442684126,169.82042616051814
2025-09-02 14:08:55.984431,1198,3,POINT (291.99115851607746 169.82596504216997),0.009999999999988294,291.99115851607746,169.82596504216997
2025-09-02 14:08:56.984431,1199,3,POINT (291.9831338983528 169.83193207747843),0.009999999999986978,291.9831338983528,169.83193207747843
2025-09-02 14:08:57.984431,1200,3,POINT (291.97543256858654 169.83831091121448),0.010000000000023533,291.97543256858654,169.83831091121448
2025-09-02 14:08:58.984431,1201,3,POINT (291.96807563558843 169.84508405943825),0.009999999999990902,291.96807563558843,169.84508405943825
2025-09-02 14:08:59.984431,1202,3,POINT (291.96108326420034 169.85223295742125),0.010000000000019372,291.96108326420034,169.85223295742125
2025-09-02 14:09:00.984431,1203,3,POINT (291.95447462002625 169.859738010531),0.009999999999999804,291.95447462002625,169.859738010531
2025-09-02 14:09:01.984431,1204,3,POINT (291.94826781690045 169.86757864793864),0.010000000000020942,291.94826781690045,169.86757864793864
2025-09-02 14:09:02.984431,1205,3,POINT (291.94247986723894 169.875733379002),0.010000000000004085,291.94247986723894,169.875733379002
2025-09-02 14:09:03.984431,1206,3,POINT (291.93712663540936 169.8841798521701),0.010000000000018931,291.93712663540936,169.8841798521701
2025-09-02 14:09:04.984431,1207,3,POINT (291.9322227942481 169.89289491624703),0.00999999999999595,291.9322227942481,169.89289491624703
2025-09-02 14:09:05.984431,1208,3,POINT (291.9277817848429 169.90185468384797),0.009999999999991054,291.9277817848429,169.90185468384797
2025-09-02 14:09:06.984431,1209,3,POINT (291.9238157796919 169.91103459687272),0.009999999999999946,291.9238157796919,169.91103459687272
2025-09-02 14:09:07.984431,1210,3,POINT (291.92033564933945 169.92040949381777),0.010000000000012723,291.92033564933945,169.92040949381777
2025-09-02 14:09:08.984431,1211,3,POINT (291.91735093258103 169.9299536787422),0.009999999999991665,291.91735093258103,169.9299536787422
2025-09-02 14:09:09.984431,1212,3,POINT (291.9148698103177 169.93964099169858),0.010000000000009193,291.9148698103177,169.93964099169858
2025-09-02 14:09:10.984431,1213,3,POINT (291.91289908313325 169.94944488043544),0.010000000000011814,291.91289908313325,169.94944488043544
2025-09-02 14:09:11.984431,1214,3,POINT (291.91144415265387 169.9593384731752),0.010000000000001171,291.91144415265387,169.9593384731752
2025-09-02 14:09:12.984431,1215,3,POINT (291.91050900674287 169.96929465226785),0.00999999999999344,291.91050900674287,169.96929465226785
2025-09-02 14:09:13.984431,1216,3,POINT (291.91009620857017 169.97928612851857),0.010000000000002748,291.91009620857017,169.97928612851857
2025-09-02 14:09:14.984431,1217,3,POINT (291.91020688958685 169.98928551598544),0.010000000000009392,291.91020688958685,169.98928551598544
2025-09-02 14:09:15.984431,1218,3,POINT (291.91084074642396 169.99926540704246),0.00999999999999144,291.91084074642396,169.99926540704246
2025-09-02 14:09:16.984431,1219,3,POINT (291.91199604172397 170.00919844750194),0.010000000000001067,291.91199604172397,170.00919844750194
2025-09-02 14:09:17.984431,1220,3,POINT (291.9136696089028 170.01905741159044),0.010000000000015266,291.9136696089028,170.01905741159044
2025-09-02 14:09:18.984431,1221,3,POINT (291.91585686082914 170.02881527657263),0.009999999999995342,291.91585686082914,170.02881527657263
2025-09-02 14:09:19.984431,1222,3,POINT (291.9185518023974 170.0384452968189),0.010000000000007357,291.9185518023974,170.0384452968189
2025-09-02 14:09:20.984431,1223,3,POINT (291.9217470469602 170.04792107711313),0.010000000000021981,291.9217470469602,170.04792107711313
2025-09-02 14:09:21.984431,1224,3,POINT (291.9254338365742 170.05721664500015),0.0100000000000049,291.9254338365742,170.05721664500015
2025-09-02 14:09:22.984431,1225,3,POINT (291.9296020660053 170.06630652197452),0.009999999999981643,291.9296020660053,170.06630652197452
2025-09-02 14:09:23.984431,1226,3,POINT (291.93424031042645 170.0751657933153),0.009999999999987427,291.93424031042645,170.0751657933153
2025-09-02 14:09:24.984431,1227,3,POINT (291.93933585673204 170.08377017637554),0.009999999999983442,291.93933585673204,170.08377017637554
2025-09-02 14:09:25.984431,1228,3,POINT (291.9448747383839 170.09209608713934),0.009999999999988294,291.9448747383839,170.09209608713934
2025-09-02 14:09:26.984431,1229,3,POINT (291.95084177369233 170.10012070486405),0.010000000000009784,291.95084177369233,170.10012070486405
2025-09-02 14:09:27.984431,1230,3,POINT (291.9572206074284 170.10782203463026),0.010000000000001645,291.9572206074284,170.10782203463026
2025-09-02 14:09:28.984431,1231,3,POINT (291.96399375565215 170.1151789676284),0.01000000000001181,291.96399375565215,170.1151789676284
2025-09-02 14:09:29.984431,1232,3,POINT (291.9711426536351 170.12217133901646),0.009999999999979178,291.9711426536351,170.12217133901646
2025-09-02 14:09:30.984431,1233,3,POINT (291.9786477067449 170.12877998319055),0.009999999999999804,291.9786477067449,170.12877998319055
2025-09-02 14:09:31.984431,1234,3,POINT (291.9864883441525 170.13498678631632),0.0100000000000033,291.9864883441525,170.13498678631632
2025-09-02 14:09:32.984431,1235,3,POINT (291.9946430752159 170.14077473597783),0.010000000000004085,291.9946430752159,170.14077473597783
2025-09-02 14:09:33.984431,1236,3,POINT (292.00308954838397 170.1461279678074),0.010000000000003716,292.00308954838397,170.1461279678074
2025-09-02 14:09:34.984431,1237,3,POINT (292.01180461246094 170.15103180896864),0.01000000000002072,292.01180461246094,170.15103180896864
2025-09-02 14:09:35.984431,1238,3,POINT (292.0207643800619 170.15547281837382),0.01000000000001652,292.0207643800619,170.15547281837382
2025-09-02 14:09:36.984431,1239,3,POINT (292.02994429308666 170.15943882352485),0.009999999999999946,292.02994429308666,170.15943882352485
2025-09-02 14:09:37.984431,1240,3,POINT (292.0393191900317 170.1629189538773),0.009999999999986077,292.0393191900317,170.1629189538773
2025-09-02 14:09:38.984431,1241,3,POINT (292.0488633749561 170.16590367063574),0.01000000000000015,292.0488633749561,170.16590367063574
2025-09-02 14:09:39.984431,1242,3,POINT (292.0585506879125 170.16838479289902),0.01000000000000214,292.0585506879125,170.16838479289902
2025-09-02 14:09:40.984431,1243,3,POINT (292.0683545766493 170.17035552008346),0.009999999999978347,292.0683545766493,170.17035552008346
2025-09-02 14:09:41.984431,1244,3,POINT (292.07824816938904 170.17181045056284),0.009999999999973051,292.07824816938904,170.17181045056284
2025-09-02 14:09:42.984431,1245,3,POINT (292.0882043484817 170.17274559647387),0.010000000000024394,292.0882043484817,170.17274559647387
2025-09-02 14:09:43.984431,1246,3,POINT (292.09819582473244 170.17315839464658),0.010000000000002748,292.09819582473244,170.17315839464658
2025-09-02 14:09:44.984431,1247,3,POINT (292.1081952121993 170.17304771362987),0.009999999999981286,292.1081952121993,170.17304771362987
2025-09-02 14:09:45.984431,1248,3,POINT (292.1181751032563 170.17241385679273),0.009999999999993242,292.1181751032563,170.17241385679273
2025-09-02 14:09:46.984431,1249,3,POINT (292.1281081437158 170.1712585614927),0.010000000000004351,292.1281081437158,170.1712585614927
2025-09-02 14:09:47.984431,1250,3,POINT (292.1379671078043 170.16958499431388),0.01000000000001051,292.1379671078043,170.16958499431388
2025-09-02 14:09:48.984431,1251,3,POINT (292.1477249727865 170.16739774238758),0.009999999999989125,292.1477249727865,170.16739774238758
2025-09-02 14:09:49.984431,1252,3,POINT (292.15735499303275 170.1647028008193),0.010000000000007357,292.15735499303275,170.1647028008193
2025-09-02 14:09:50.984431,1253,3,POINT (292.166830773327 170.16150755625654),0.0100000000000129,292.166830773327,170.16150755625654
2025-09-02 14:09:51.984431,1254,3,POINT (292.176126341214 170.15782076664254),0.0100000000000049,292.176126341214,170.15782076664254
2025-09-02 14:09:52.984431,1255,3,POINT (292.1852162181884 170.1536525372114),0.00999999999999349,292.1852162181884,170.1536525372114
2025-09-02 14:09:53.984431,1256,3,POINT (292.19407548952915 170.14901429279024),0.010000000000000609,292.19407548952915,170.14901429279024
2025-09-02 14:09:54.984431,1257,3,POINT (292.2026798725894 170.14391874648464),0.009999999999983442,292.2026798725894,170.14391874648464
2025-09-02 14:09:55.984431,1258,3,POINT (292.2110057833532 170.1383798648328),0.009999999999988294,292.2110057833532,170.1383798648328
2025-09-02 14:09:56.984431,1259,3,POINT (292.2190304010779 170.13241282952436),0.009999999999986978,292.2190304010779,170.13241282952436
2025-09-02 14:09:57.984431,1260,3,POINT (292.2267317308441 170.1260339957883),0.010000000000023533,292.2267317308441,170.1260339957883
2025-09-02 14:09:58.984431,1261,3,POINT (292.2340886638422 170.11926084756453),0.009999999999990902,292.2340886638422,170.11926084756453
2025-09-02 14:09:59.984431,1262,3,POINT (292.2410810352303 170.11211194958153),0.010000000000019372,292.2410810352303,170.11211194958153
2025-09-02 14:10:00.984431,1263,3,POINT (292.2476896794044 170.10460689647178),0.009999999999999804,292.2476896794044,170.10460689647178
2025-09-02 14:10:01.984431,1264,3,POINT (292.2538964825302 170.09676625906414),0.010000000000020942,292.2538964825302,170.09676625906414
2025-09-02 14:10:02.984431,1265,3,POINT (292.2596844321917 170.08861152800077),0.010000000000004085,292.2596844321917,170.08861152800077
2025-09-02 14:10:03.984431,1266,3,POINT (292.26530532561276 170.0797427311743),0.010500000000007469,292.26530532561276,170.0797427311743
2025-09-02 14:10:04.984431,1267,3,POINT (292.2705769548611 170.07037403729157),0.010750000000004083,292.2705769548611,170.07037403729157
2025-09-02 14:10:05.984431,1268,3,POINT (292.27540655258923 170.06063029002553),0.010875000000004935,292.27540655258923,170.06063029002553
2025-09-02 14:10:06.984431,1269,3,POINT (292.27993027721465 170.05015945173167),0.01140625000000665,292.27993027721465,170.05015945173167
2025-09-02 14:10:07.984431,1270,3,POINT (292.28403846234164 170.0390926788536),0.011804687500001647,292.28403846234164,170.0390926788536
2025-09-02 14:10:08.984431,1271,3,POINT (292.28765101893384 170.0275408597175),0.012103515625005192,292.28765101893384,170.0275408597175
2025-09-02 14:10:09.984431,1272,3,POINT (292.2907096563255 170.0155986922268),0.012327636718749528,292.2907096563255,170.0155986922268
2025-09-02 14:10:10.984431,1273,3,POINT (292.29317222332054 170.00334801997892),0.012495727539056582,292.29317222332054,170.00334801997892
2025-09-02 14:10:11.984431,1274,3,POINT (292.2950086068407 169.99086052939413),0.012621795654279958,292.2950086068407,169.99086052939413
2025-09-02 14:10:12.984431,1275,3,POINT (292.2959437527517 169.98090435030147),0.00999999999999344,292.2959437527517,169.98090435030147
2025-09-02 14:10:13.984431,1276,3,POINT (292.29635655092443 169.97091287405075),0.010000000000002748,292.29635655092443,169.97091287405075
2025-09-02 14:10:14.984431,1277,3,POINT (292.29624586990775 169.96091348658388),0.010000000000009392,292.29624586990775,169.96091348658388
2025-09-02 14:10:15.984431,1278,3,POINT (292.29561201307064 169.95093359552686),0.00999999999999144,292.29561201307064,169.95093359552686
2025-09-02 14:10:16.984431,1279,3,POINT (292.29445671777063 169.94100055506738),0.010000000000001067,292.29445671777063,169.94100055506738
2025-09-02 14:10:17.984431,1280,3,POINT (292.2927831505918 169.93114159097888),0.010000000000015266,292.2927831505918,169.93114159097888
2025-09-02 14:10:18.984431,1281,3,POINT (292.29059589866546 169.9213837259967),0.009999999999995342,292.29059589866546,169.9213837259967
2025-09-02 14:10:19.984431,1282,3,POINT (292.2879009570972 169.9117537057504),0.010000000000007357,292.2879009570972,169.9117537057504
2025-09-02 14:10:20.984431,1283,3,POINT (292.2847057125344 169.9022779254562),0.010000000000021981,292.2847057125344,169.9022779254562
2025-09-02 14:10:21.984431,1284,3,POINT (292.2810189229204 169.89298235756917),0.0100000000000049,292.2810189229204,169.89298235756917
2025-09-02 14:10:22.984431,1285,3,POINT (292.2768506934893 169.8838924805948),0.009999999999981643,292.2768506934893,169.8838924805948
2025-09-02 14:10:23.984431,1286,3,POINT (292.27221244906815 169.875033209254),0.009999999999987427,292.27221244906815,169.875033209254
2025-09-02 14:10:24.984431,1287,3,POINT (292.26711690276255 169.86642882619378),0.009999999999983442,292.26711690276255,169.86642882619378
2025-09-02 14:10:25.984431,1288,3,POINT (292.2615780211107 169.85810291542998),0.009999999999988294,292.2615780211107,169.85810291542998
2025-09-02 14:10:26.984431,1289,3,POINT (292.25561098580226 169.85007829770527),0.010000000000009784,292.25561098580226,169.85007829770527
2025-09-02 14:10:27.984431,1290,3,POINT (292.2492321520662 169.84237696793906),0.010000000000001645,292.2492321520662,169.84237696793906
2025-09-02 14:10:28.984431,1291,3,POINT (292.24245900384244 169.83502003494092),0.01000000000001181,292.24245900384244,169.83502003494092
2025-09-02 14:10:29.984431,1292,3,POINT (292.23531010585947 169.82802766355286),0.009999999999979178,292.23531010585947,169.82802766355286
2025-09-02 14:10:30.984431,1293,3,POINT (292.2278050527497 169.82141901937877),0.009999999999999804,292.2278050527497,169.82141901937877
2025-09-02 14:10:31.984431,1294,3,POINT (292.2199644153421 169.815212216253),0.0100000000000033,292.2199644153421,169.815212216253
2025-09-02 14:10:32.984431,1295,3,POINT (292.2118096842787 169.8094242665915),0.010000000000004085,292.2118096842787,169.8094242665915
2025-09-02 14:10:33.984431,1296,3,POINT (292.2033632111106 169.80407103476193),0.010000000000003716,292.2033632111106,169.80407103476193
2025-09-02 14:10:34.984431,1297,3,POINT (292.19464814703366 169.79916719360068),0.01000000000002072,292.19464814703366,169.79916719360068
2025-09-02 14:10:35.984431,1298,3,POINT (292.1856883794327 169.7947261841955),0.01000000000001652,292.1856883794327,169.7947261841955
2025-09-02 14:10:36.984431,1299,3,POINT (292.17650846640794 169.79076017904447),0.009999999999999946,292.17650846640794,169.79076017904447
2025-09-02 14:10:37.984431,1300,3,POINT (292.1671335694629 169.78728004869203),0.009999999999986077,292.1671335694629,169.78728004869203
2025-09-02 14:10:38.984431,1301,3,POINT (292.1575893845385 169.78429533193358),0.01000000000000015,292.1575893845385,169.78429533193358
2025-09-02 14:10:39.984431,1302,3,POINT (292.1479020715821 169.7818142096703),0.01000000000000214,292.1479020715821,169.7818142096703
2025-09-02 14:10:40.984431,1303,3,POINT (292.1380981828453 169.77984348248586),0.009999999999978347,292.1380981828453,169.77984348248586
2025-09-02 14:10:41.984431,1304,3,POINT (292.12820459010555 169.77838855200648),0.009999999999973051,292.12820459010555,169.77838855200648
2025-09-02 14:10:42.984431,1305,3,POINT (292.11824841101287 169.77745340609545),0.010000000000024394,292.11824841101287,169.77745340609545
2025-09-02 14:10:43.984431,1306,3,POINT (292.10825693476215 169.77704060792274),0.010000000000002748,292.10825693476215,169.77704060792274
2025-09-02 14:10:44.984431,1307,3,POINT (292.0982575472953 169.77715128893945),0.009999999999981286,292.0982575472953,169.77715128893945
2025-09-02 14:10:45.984431,1308,3,POINT (292.0882776562383 169.7777851457766),0.009999999999993242,292.0882776562383,169.7777851457766
2025-09-02 14:10:46.984431,1309,3,POINT (292.0783446157788 169.77894044107663),0.010000000000004351,292.0783446157788,169.77894044107663
2025-09-02 14:10:47.984431,1310,3,POINT (292.0684856516903 169.78061400825544),0.01000000000001051,292.0684856516903,169.78061400825544
2025-09-02 14:10:48.984431,1311,3,POINT (292.0587277867081 169.78280126018174),0.009999999999989125,292.0587277867081,169.78280126018174
2025-09-02 14:10:49.984431,1312,3,POINT (292.04909776646184 169.78549620175002),0.010000000000007357,292.04909776646184,169.78549620175002
2025-09-02 14:10:50.984431,1313,3,POINT (292.0396219861676 169.78869144631278),0.0100000000000129,292.0396219861676,169.78869144631278
2025-09-02 14:10:51.984431,1314,3,POINT (292.0303264182806 169.79237823592678),0.0100000000000049,292.0303264182806,169.79237823592678
2025-09-02 14:10:52.984431,1315,3,POINT (292.0212365413062 169.79654646535792),0.00999999999999349,292.0212365413062,169.79654646535792
2025-09-02 14:10:53.984431,1316,3,POINT (292.01237726996544 169.80118470977908),0.010000000000000609,292.01237726996544,169.80118470977908
2025-09-02 14:10:54.984431,1317,3,POINT (292.0037728869052 169.80628025608468),0.009999999999983442,292.0037728869052,169.80628025608468
2025-09-02 14:10:55.984431,1318,3,POINT (291.9954469761414 169.8118191377365),0.009999999999988294,291.9954469761414,169.8118191377365
2025-09-02 14:10:56.984431,1319,3,POINT (291.9874223584167 169.81778617304496),0.009999999999986978,291.9874223584167,169.81778617304496
2025-09-02 14:10:57.984431,1320,3,POINT (291.9797210286505 169.82416500678102),0.010000000000023533,291.9797210286505,169.82416500678102
2025-09-02 14:10:58.984431,1321,3,POINT (291.9723640956524 169.8309381550048),0.009999999999990902,291.9723640956524,169.8309381550048
2025-09-02 14:10:59.984431,1322,3,POINT (291.9653717242643 169.8380870529878),0.010000000000019372,291.9653717242643,169.8380870529878
2025-09-02 14:11:00.984431,1323,3,POINT (291.9587630800902 169.84559210609754),0.009999999999999804,291.9587630800902,169.84559210609754
2025-09-02 14:11:01.984431,1324,3,POINT (291.9525562769644 169.85343274350518),0.010000000000020942,291.9525562769644,169.85343274350518
2025-09-02 14:11:02.984431,1325,3,POINT (291.9467683273029 169.86158747456855),0.010000000000004085,291.9467683273029,169.86158747456855
2025-09-02 14:11:03.984431,1326,3,POINT (291.9414150954733 169.87003394773663),0.010000000000018931,291.9414150954733,169.87003394773663
2025-09-02 14:11:04.984431,1327,3,POINT (291.93651125431205 169.87874901181357),0.00999999999999595,291.93651125431205,169.87874901181357
2025-09-02 14:11:05.984431,1328,3,POINT (291.93207024490687 169.8877087794145),0.009999999999991054,291.93207024490687,169.8877087794145
2025-09-02 14:11:06.984431,1329,3,POINT (291.92810423975584 169.89688869243926),0.009999999999999946,291.92810423975584,169.89688869243926
2025-09-02 14:11:07.984431,1330,3,POINT (291.9246241094034 169.9062635893843),0.010000000000012723,291.9246241094034,169.9062635893843
2025-09-02 14:11:08.984431,1331,3,POINT (291.921639392645 169.91580777430875),0.009999999999991665,291.921639392645,169.91580777430875
2025-09-02 14:11:09.984431,1332,3,POINT (291.9191582703817 169.92549508726512),0.010000000000009193,291.9191582703817,169.92549508726512
2025-09-02 14:11:10.984431,1333,3,POINT (291.9171875431972 169.93529897600197),0.010000000000011814,291.9171875431972,169.93529897600197
2025-09-02 14:11:11.984431,1334,3,POINT (291.9157326127178 169.94519256874173),0.010000000000001171,291.9157326127178,169.94519256874173
2025-09-02 14:11:12.984431,1335,3,POINT (291.9147974668068 169.9551487478344),0.00999999999999344,291.9147974668068,169.9551487478344
2025-09-02 14:11:13.984431,1336,3,POINT (291.9143846686341 169.9651402240851),0.010000000000002748,291.9143846686341,169.9651402240851
2025-09-02 14:11:14.984431,1337,3,POINT (291.9144953496508 169.97513961155198),0.010000000000009392,291.9144953496508,169.97513961155198
2025-09-02 14:11:15.984431,1338,3,POINT (291.9151292064879 169.985119502609),0.00999999999999144,291.9151292064879,169.985119502609
2025-09-02 14:11:16.984431,1339,3,POINT (291.9162845017879 169.99505254306848),0.010000000000001067,291.9162845017879,169.99505254306848
2025-09-02 14:11:17.984431,1340,3,POINT (291.91795806896675 170.00491150715698),0.010000000000015266,291.91795806896675,170.00491150715698
2025-09-02 14:11:18.984431,1341,3,POINT (291.9201453208931 170.01466937213917),0.009999999999995342,291.9201453208931,170.01466937213917
2025-09-02 14:11:19.984431,1342,3,POINT (291.92284026246136 170.02429939238544),0.010000000000007357,291.92284026246136,170.02429939238544
2025-09-02 14:11:20.984431,1343,3,POINT (291.92603550702415 170.03377517267967),0.010000000000021981,291.92603550702415,170.03377517267967
2025-09-02 14:11:21.984431,1344,3,POINT (291.92972229663815 170.0430707405667),0.0100000000000049,291.92972229663815,170.0430707405667
2025-09-02 14:11:22.984431,1345,3,POINT (291.93389052606926 170.05216061754106),0.009999999999981643,291.93389052606926,170.05216061754106
2025-09-02 14:11:23.984431,1346,3,POINT (291.9385287704904 170.06101988888184),0.009999999999987427,291.9385287704904,170.06101988888184
2025-09-02 14:11:24.984431,1347,3,POINT (291.943624316796 170.06962427194208),0.009999999999983442,291.943624316796,170.06962427194208
2025-09-02 14:11:25.984431,1348,3,POINT (291.9491631984478 170.07795018270588),0.009999999999988294,291.9491631984478,170.07795018270588
2025-09-02 14:11:26.984431,1349,3,POINT (291.9551302337563 170.0859748004306),0.010000000000009784,291.9551302337563,170.0859748004306
2025-09-02 14:11:27.984431,1350,3,POINT (291.96150906749233 170.0936761301968),0.010000000000001645,291.96150906749233,170.0936761301968
2025-09-02 14:11:28.984431,1351,3,POINT (291.9682822157161 170.10103306319493),0.01000000000001181,291.9682822157161,170.10103306319493
2025-09-02 14:11:29.984431,1352,3,POINT (291.9754311136991 170.108025434583),0.009999999999979178,291.9754311136991,170.108025434583
2025-09-02 14:11:30.984431,1353,3,POINT (291.9829361668088 170.1146340787571),0.009999999999999804,291.9829361668088,170.1146340787571
2025-09-02 14:11:31.984431,1354,3,POINT (291.99077680421647 170.12084088188286),0.0100000000000033,291.99077680421647,170.12084088188286
2025-09-02 14:11:32.984431,1355,3,POINT (291.99893153527984 170.12662883154437),0.010000000000004085,291.99893153527984,170.12662883154437
2025-09-02 14:11:33.984431,1356,3,POINT (292.0073780084479 170.13198206337393),0.010000000000003716,292.0073780084479,170.13198206337393
2025-09-02 14:11:34.984431,1357,3,POINT (292.0160930725249 170.13688590453518),0.01000000000002072,292.0160930725249,170.13688590453518
2025-09-02 14:11:35.984431,1358,3,POINT (292.02505284012585 170.14132691394036),0.01000000000001652,292.02505284012585,170.14132691394036
2025-09-02 14:11:36.984431,1359,3,POINT (292.0342327531506 170.1452929190914),0.009999999999999946,292.0342327531506,170.1452929190914
2025-09-02 14:11:37.984431,1360,3,POINT (292.0436076500956 170.14877304944383),0.009999999999986077,292.0436076500956,170.14877304944383
2025-09-02 14:11:38.984431,1361,3,POINT (292.05315183502006 170.15175776620228),0.01000000000000015,292.05315183502006,170.15175776620228
2025-09-02 14:11:39.984431,1362,3,POINT (292.06283914797643 170.15423888846556),0.01000000000000214,292.06283914797643,170.15423888846556
2025-09-02 14:11:40.984431,1363,3,POINT (292.07264303671326 170.15620961565),0.009999999999978347,292.07264303671326,170.15620961565
2025-09-02 14:11:41.984431,1364,3,POINT (292.082536629453 170.15766454612938),0.009999999999973051,292.082536629453,170.15766454612938
2025-09-02 14:11:42.984431,1365,3,POINT (292.09249280854567 170.1585996920404),0.010000000000024394,292.09249280854567,170.1585996920404
2025-09-02 14:11:43.984431,1366,3,POINT (292.1024842847964 170.15901249021312),0.010000000000002748,292.1024842847964,170.15901249021312
2025-09-02 14:11:44.984431,1367,3,POINT (292.11248367226324 170.1589018091964),0.009999999999981286,292.11248367226324,170.1589018091964
2025-09-02 14:11:45.984431,1368,3,POINT (292.12246356332025 170.15826795235927),0.009999999999993242,292.12246356332025,170.15826795235927
2025-09-02 14:11:46.984431,1369,3,POINT (292.13239660377974 170.15711265705923),0.010000000000004351,292.13239660377974,170.15711265705923
2025-09-02 14:11:47.984431,1370,3,POINT (292.14225556786823 170.15543908988042),0.01000000000001051,292.14225556786823,170.15543908988042
2025-09-02 14:11:48.984431,1371,3,POINT (292.1520134328504 170.15325183795412),0.009999999999989125,292.1520134328504,170.15325183795412
2025-09-02 14:11:49.984431,1372,3,POINT (292.1616434530967 170.15055689638584),0.010000000000007357,292.1616434530967,170.15055689638584
2025-09-02 14:11:50.984431,1373,3,POINT (292.1711192333909 170.14736165182308),0.0100000000000129,292.1711192333909,170.14736165182308
2025-09-02 14:11:51.984431,1374,3,POINT (292.18041480127795 170.14367486220908),0.0100000000000049,292.18041480127795,170.14367486220908
2025-09-02 14:11:52.984431,1375,3,POINT (292.1895046782523 170.13950663277794),0.00999999999999349,292.1895046782523,170.13950663277794
2025-09-02 14:11:53.984431,1376,3,POINT (292.1983639495931 170.13486838835678),0.010000000000000609,292.1983639495931,170.13486838835678
2025-09-02 14:11:54.984431,1377,3,POINT (292.20696833265333 170.12977284205118),0.009999999999983442,292.20696833265333,170.12977284205118
2025-09-02 14:11:55.984431,1378,3,POINT (292.21529424341713 170.12423396039935),0.009999999999988294,292.21529424341713,170.12423396039935
2025-09-02 14:11:56.984431,1379,3,POINT (292.2233188611418 170.1182669250909),0.009999999999986978,292.2233188611418,170.1182669250909
2025-09-02 14:11:57.984431,1380,3,POINT (292.23102019090805 170.11188809135484),0.010000000000023533,292.23102019090805,170.11188809135484
2025-09-02 14:11:58.984431,1381,3,POINT (292.23837712390616 170.10511494313107),0.009999999999990902,292.23837712390616,170.10511494313107
2025-09-02 14:11:59.984431,1382,3,POINT (292.24536949529426 170.09796604514807),0.010000000000019372,292.24536949529426,170.09796604514807
2025-09-02 14:12:00.984431,1383,3,POINT (292.25197813946835 170.09046099203832),0.009999999999999804,292.25197813946835,170.09046099203832
2025-09-02 14:12:01.984431,1384,3,POINT (292.25818494259414 170.08262035463068),0.010000000000020942,292.25818494259414,170.08262035463068
2025-09-02 14:12:02.984431,1385,3,POINT (292.26397289225565 170.0744656235673),0.010000000000004085,292.26397289225565,170.0744656235673
2025-09-02 14:12:03.984431,1386,3,POINT (292.26932612408524 170.06601915039923),0.010000000000018931,292.26932612408524,170.06601915039923
2025-09-02 14:12:04.984431,1387,3,POINT (292.2742299652465 170.0573040863223),0.00999999999999595,292.2742299652465,170.0573040863223
2025-09-02 14:12:05.984431,1388,3,POINT (292.2786709746517 170.04834431872135),0.009999999999991054,292.2786709746517,170.04834431872135
2025-09-02 14:12:06.984431,1389,3,POINT (292.2826369798027 170.0391644056966),0.009999999999999946,292.2826369798027,170.0391644056966
2025-09-02 14:12:07.984431,1390,3,POINT (292.28611711015515 170.02978950875155),0.010000000000012723,292.28611711015515,170.02978950875155
2025-09-02 14:12:08.984431,1391,3,POINT (292.28910182691357 170.0202453238271),0.009999999999991665,292.28910182691357,170.0202453238271
2025-09-02 14:12:09.984431,1392,3,POINT (292.29158294917687 170.01055801087074),0.010000000000009193,292.29158294917687,170.01055801087074
2025-09-02 14:12:10.984431,1393,3,POINT (292.29355367636134 170.00075412213388),0.010000000000011814,292.29355367636134,170.00075412213388
2025-09-02 14:12:11.984431,1394,3,POINT (292.2950086068407 169.99086052939413),0.010000000000001171,292.2950086068407,169.99086052939413
2025-09-02 14:12:12.984431,1395,3,POINT (292.2959437527517 169.98090435030147),0.00999999999999344,292.2959437527517,169.98090435030147
2025-09-02 14:12:13.984431,1396,3,POINT (292.29635655092443 169.97091287405075),0.010000000000002748,292.29635655092443,169.97091287405075
2025-09-02 14:12:14.984431,1397,3,POINT (292.29624586990775 169.96091348658388),0.010000000000009392,292.29624586990775,169.96091348658388
2025-09-02 14:12:15.984431,1398,3,POINT (292.29561201307064 169.95093359552686),0.00999999999999144,292.29561201307064,169.95093359552686
2025-09-02 14:12:16.984431,1399,3,POINT (292.29445671777063 169.94100055506738),0.010000000000001067,292.29445671777063,169.94100055506738
2025-09-02 14:12:17.984431,1400,3,POINT (292.2927831505918 169.93114159097888),0.010000000000015266,292.2927831505918,169.93114159097888
2025-09-02 14:12:18.984431,1401,3,POINT (292.29059589866546 169.9213837259967),0.009999999999995342,292.29059589866546,169.9213837259967
2025-09-02 14:12:19.984431,1402,3,POINT (292.2879009570972 169.9117537057504),0.010000000000007357,292.2879009570972,169.9117537057504
2025-09-02 14:12:20.984431,1403,3,POINT (292.2847057125344 169.9022779254562),0.010000000000021981,292.2847057125344,169.9022779254562
2025-09-02 14:12:21.984431,1404,3,POINT (292.2810189229204 169.89298235756917),0.0100000000000049,292.2810189229204,169.89298235756917
2025-09-02 14:12:22.984431,1405,3,POINT (292.2768506934893 169.8838924805948),0.009999999999981643,292.2768506934893,169.8838924805948
2025-09-02 14:12:23.984431,1406,3,POINT (292.27221244906815 169.875033209254),0.009999999999987427,292.27221244906815,169.875033209254
2025-09-02 14:12:24.984431,1407,3,POINT (292.26711690276255 169.86642882619378),0.009999999999983442,292.26711690276255,169.86642882619378
2025-09-02 14:12:25.984431,1408,3,POINT (292.2615780211107 169.85810291542998),0.009999999999988294,292.2615780211107,169.85810291542998
2025-09-02 14:12:26.984431,1409,3,POINT (292.25561098580226 169.85007829770527),0.010000000000009784,292.25561098580226,169.85007829770527
2025-09-02 14:12:27.984431,1410,3,POINT (292.2492321520662 169.84237696793906),0.010000000000001645,292.2492321520662,169.84237696793906
2025-09-02 14:12:28.984431,1411,3,POINT (292.24245900384244 169.83502003494092),0.01000000000001181,292.24245900384244,169.83502003494092
2025-09-02 14:12:29.984431,1412,3,POINT (292.23531010585947 169.82802766355286),0.009999999999979178,292.23531010585947,169.82802766355286
2025-09-02 14:12:30.984431,1413,3,POINT (292.2278050527497 169.82141901937877),0.009999999999999804,292.2278050527497,169.82141901937877
2025-09-02 14:12:31.984431,1414,3,POINT (292.2199644153421 169.815212216253),0.0100000000000033,292.2199644153421,169.815212216253
2025-09-02 14:12:32.984431,1415,3,POINT (292.2118096842787 169.8094242665915),0.010000000000004085,292.2118096842787,169.8094242665915
2025-09-02 14:12:33.984431,1416,3,POINT (292.2033632111106 169.80407103476193),0.010000000000003716,292.2033632111106,169.80407103476193
2025-09-02 14:12:34.984431,1417,3,POINT (292.19464814703366 169.79916719360068),0.01000000000002072,292.19464814703366,169.79916719360068
2025-09-02 14:12:35.984431,1418,3,POINT (292.1856883794327 169.7947261841955),0.01000000000001652,292.1856883794327,169.7947261841955
2025-09-02 14:12:36.984431,1419,3,POINT (292.17650846640794 169.79076017904447),0.009999999999999946,292.17650846640794,169.79076017904447
2025-09-02 14:12:37.984431,1420,3,POINT (292.1671335694629 169.78728004869203),0.009999999999986077,292.1671335694629,169.78728004869203
2025-09-02 14:12:38.984431,1421,3,POINT (292.1575893845385 169.78429533193358),0.01000000000000015,292.1575893845385,169.78429533193358
2025-09-02 14:12:39.984431,1422,3,POINT (292.1479020715821 169.7818142096703),0.01000000000000214,292.1479020715821,169.7818142096703
2025-09-02 14:12:40.984431,1423,3,POINT (292.1380981828453 169.77984348248586),0.009999999999978347,292.1380981828453,169.77984348248586
2025-09-02 14:12:41.984431,1424,3,POINT (292.12820459010555 169.77838855200648),0.009999999999973051,292.12820459010555,169.77838855200648
2025-09-02 14:12:42.984431,1425,3,POINT (292.11824841101287 169.77745340609545),0.010000000000024394,292.11824841101287,169.77745340609545
2025-09-02 14:12:43.984431,1426,3,POINT (292.10825693476215 169.77704060792274),0.010000000000002748,292.10825693476215,169.77704060792274
2025-09-02 14:12:44.984431,1427,3,POINT (292.0982575472953 169.77715128893945),0.009999999999981286,292.0982575472953,169.77715128893945
2025-09-02 14:12:45.984431,1428,3,POINT (292.0882776562383 169.7777851457766),0.009999999999993242,292.0882776562383,169.7777851457766
2025-09-02 14:12:46.984431,1429,3,POINT (292.0783446157788 169.77894044107663),0.010000000000004351,292.0783446157788,169.77894044107663
2025-09-02 14:12:47.984431,1430,3,POINT (292.0684856516903 169.78061400825544),0.01000000000001051,292.0684856516903,169.78061400825544
2025-09-02 14:12:48.984431,1431,3,POINT (292.0587277867081 169.78280126018174),0.009999999999989125,292.0587277867081,169.78280126018174
2025-09-02 14:12:49.984431,1432,3,POINT (292.04909776646184 169.78549620175002),0.010000000000007357,292.04909776646184,169.78549620175002
2025-09-02 14:12:50.984431,1433,3,POINT (292.0396219861676 169.78869144631278),0.0100000000000129,292.0396219861676,169.78869144631278
2025-09-02 14:12:51.984431,1434,3,POINT (292.0303264182806 169.79237823592678),0.0100000000000049,292.0303264182806,169.79237823592678
2025-09-02 14:12:52.984431,1435,3,POINT (292.0212365413062 169.79654646535792),0.00999999999999349,292.0212365413062,169.79654646535792
2025-09-02 14:12:53.984431,1436,3,POINT (292.01237726996544 169.80118470977908),0.010000000000000609,292.01237726996544,169.80118470977908
2025-09-02 14:12:54.984431,1437,3,POINT (292.0037728869052 169.80628025608468),0.009999999999983442,292.0037728869052,169.80628025608468
2025-09-02 14:12:55.984431,1438,3,POINT (291.9954469761414 169.8118191377365),0.009999999999988294,291.9954469761414,169.8118191377365
2025-09-02 14:12:56.984431,1439,3,POINT (291.9874223584167 169.81778617304496),0.009999999999986978,291.9874223584167,169.81778617304496
2025-09-02 14:12:57.984431,1440,3,POINT (291.9797210286505 169.82416500678102),0.010000000000023533,291.9797210286505,169.82416500678102
2025-09-02 14:12:58.984431,1441,3,POINT (291.9723640956524 169.8309381550048),0.009999999999990902,291.9723640956524,169.8309381550048
2025-09-02 14:12:59.984431,1442,3,POINT (291.9653717242643 169.8380870529878),0.010000000000019372,291.9653717242643,169.8380870529878
2025-09-02 14:13:00.984431,1443,3,POINT (291.9587630800902 169.84559210609754),0.009999999999999804,291.9587630800902,169.84559210609754
2025-09-02 14:13:01.984431,1444,3,POINT (291.9525562769644 169.85343274350518),0.010000000000020942,291.9525562769644,169.85343274350518
2025-09-02 14:13:02.984431,1445,3,POINT (291.9467683273029 169.86158747456855),0.010000000000004085,291.9467683273029,169.86158747456855
2025-09-02 14:13:03.984431,1446,3,POINT (291.9414150954733 169.87003394773663),0.010000000000018931,291.9414150954733,169.87003394773663
2025-09-02 14:13:04.984431,1447,3,POINT (291.93651125431205 169.87874901181357),0.00999999999999595,291.93651125431205,169.87874901181357
2025-09-02 14:13:05.984431,1448,3,POINT (291.93207024490687 169.8877087794145),0.009999999999991054,291.93207024490687,169.8877087794145
2025-09-02 14:13:06.984431,1449,3,POINT (291.92810423975584 169.89688869243926),0.009999999999999946,291.92810423975584,169.89688869243926
2025-09-02 14:13:07.984431,1450,3,POINT (291.9246241094034 169.9062635893843),0.010000000000012723,291.9246241094034,169.9062635893843
2025-09-02 14:13:08.984431,1451,3,POINT (291.921639392645 169.91580777430875),0.009999999999991665,291.921639392645,169.91580777430875
2025-09-02 14:13:09.984431,1452,3,POINT (291.9191582703817 169.92549508726512),0.010000000000009193,291.9191582703817,169.92549508726512
2025-09-02 14:13:10.984431,1453,3,POINT (291.9171875431972 169.93529897600197),0.010000000000011814,291.9171875431972,169.93529897600197
2025-09-02 14:13:11.984431,1454,3,POINT (291.9157326127178 169.94519256874173),0.010000000000001171,291.9157326127178,169.94519256874173
2025-09-02 14:13:12.984431,1455,3,POINT (291.9147974668068 169.9551487478344),0.00999999999999344,291.9147974668068,169.9551487478344
2025-09-02 14:13:13.984431,1456,3,POINT (291.9143846686341 169.9651402240851),0.010000000000002748,291.9143846686341,169.9651402240851
2025-09-02 14:13:14.984431,1457,3,POINT (291.9144953496508 169.97513961155198),0.010000000000009392,291.9144953496508,169.97513961155198
2025-09-02 14:13:15.984431,1458,3,POINT (291.9151292064879 169.985119502609),0.00999999999999144,291.9151292064879,169.985119502609
2025-09-02 14:13:16.984431,1459,3,POINT (291.9162845017879 169.99505254306848),0.010000000000001067,291.9162845017879,169.99505254306848
2025-09-02 14:13:17.984431,1460,3,POINT (291.91795806896675 170.00491150715698),0.010000000000015266,291.91795806896675,170.00491150715698
2025-09-02 14:13:18.984431,1461,3,POINT (291.9201453208931 170.01466937213917),0.009999999999995342,291.9201453208931,170.01466937213917
2025-09-02 14:13:19.984431,1462,3,POINT (291.92284026246136 170.02429939238544),0.010000000000007357,291.92284026246136,170.02429939238544
2025-09-02 14:13:20.984431,1463,3,POINT (291.92603550702415 170.03377517267967),0.010000000000021981,291.92603550702415,170.03377517267967
2025-09-02 14:13:21.984431,1464,3,POINT (291.92972229663815 170.0430707405667),0.0100000000000049,291.92972229663815,170.0430707405667
2025-09-02 14:13:22.984431,1465,3,POINT (291.93389052606926 170.05216061754106),0.009999999999981643,291.93389052606926,170.05216061754106
2025-09-02 14:13:23.984431,1466,3,POINT (291.9385287704904 170.06101988888184),0.009999999999987427,291.9385287704904,170.06101988888184
2025-09-02 14:13:24.984431,1467,3,POINT (291.943624316796 170.06962427194208),0.009999999999983442,291.943624316796,170.06962427194208
2025-09-02 14:13:25.984431,1468,3,POINT (291.9491631984478 170.07795018270588),0.009999999999988294,291.9491631984478,170.07795018270588
2025-09-02 14:13:26.984431,1469,3,POINT (291.9551302337563 170.0859748004306),0.010000000000009784,291.9551302337563,170.0859748004306
2025-09-02 14:13:27.984431,1470,3,POINT (291.96150906749233 170.0936761301968),0.010000000000001645,291.96150906749233,170.0936761301968
2025-09-02 14:13:28.984431,1471,3,POINT (291.9682822157161 170.10103306319493),0.01000000000001181,291.9682822157161,170.10103306319493
2025-09-02 14:13:29.984431,1472,3,POINT (291.9754311136991 170.108025434583),0.009999999999979178,291.9754311136991,170.108025434583
2025-09-02 14:13:30.984431,1473,3,POINT (291.9829361668088 170.1146340787571),0.009999999999999804,291.9829361668088,170.1146340787571
2025-09-02 14:13:31.984431,1474,3,POINT (291.99077680421647 170.12084088188286),0.0100000000000033,291.99077680421647,170.12084088188286
2025-09-02 14:13:32.984431,1475,3,POINT (291.99893153527984 170.12662883154437),0.010000000000004085,291.99893153527984,170.12662883154437
2025-09-02 14:13:33.984431,1476,3,POINT (292.0073780084479 170.13198206337393),0.010000000000003716,292.0073780084479,170.13198206337393
2025-09-02 14:13:34.984431,1477,3,POINT (292.0160930725249 170.13688590453518),0.01000000000002072,292.0160930725249,170.13688590453518
2025-09-02 14:13:35.984431,1478,3,POINT (292.02505284012585 170.14132691394036),0.01000000000001652,292.02505284012585,170.14132691394036
2025-09-02 14:13:36.984431,1479,3,POINT (292.0342327531506 170.1452929190914),0.009999999999999946,292.0342327531506,170.1452929190914
2025-09-02 14:13:37.984431,1480,3,POINT (292.0436076500956 170.14877304944383),0.009999999999986077,292.0436076500956,170.14877304944383
2025-09-02 14:13:38.984431,1481,3,POINT (292.05315183502006 170.15175776620228),0.01000000000000015,292.05315183502006,170.15175776620228
2025-09-02 14:13:39.984431,1482,3,POINT (292.06283914797643 170.15423888846556),0.01000000000000214,292.06283914797643,170.15423888846556
2025-09-02 14:13:40.984431,1483,3,POINT (292.07264303671326 170.15620961565),0.009999999999978347,292.07264303671326,170.15620961565
2025-09-02 14:13:41.984431,1484,3,POINT (292.082536629453 170.15766454612938),0.009999999999973051,292.082536629453,170.15766454612938
2025-09-02 14:13:42.984431,1485,3,POINT (292.09249280854567 170.1585996920404),0.010000000000024394,292.09249280854567,170.1585996920404
2025-09-02 14:13:43.984431,1486,3,POINT (292.1024842847964 170.15901249021312),0.010000000000002748,292.1024842847964,170.15901249021312
2025-09-02 14:13:44.984431,1487,3,POINT (292.11248367226324 170.1589018091964),0.009999999999981286,292.11248367226324,170.1589018091964
2025-09-02 14:13:45.984431,1488,3,POINT (292.12246356332025 170.15826795235927),0.009999999999993242,292.12246356332025,170.15826795235927
2025-09-02 14:13:46.984431,1489,3,POINT (292.13239660377974 170.15711265705923),0.010000000000004351,292.13239660377974,170.15711265705923
2025-09-02 14:13:47.984431,1490,3,POINT (292.14225556786823 170.15543908988042),0.01000000000001051,292.14225556786823,170.15543908988042
2025-09-02 14:13:48.984431,1491,3,POINT (292.1520134328504 170.15325183795412),0.009999999999989125,292.1520134328504,170.15325183795412
2025-09-02 14:13:49.984431,1492,3,POINT (292.1616434530967 170.15055689638584),0.010000000000007357,292.1616434530967,170.15055689638584
2025-09-02 14:13:50.984431,1493,3,POINT (292.1711192333909 170.14736165182308),0.0100000000000129,292.1711192333909,170.14736165182308
2025-09-02 14:13:51.984431,1494,3,POINT (292.18041480127795 170.14367486220908),0.0100000000000049,292.18041480127795,170.14367486220908
2025-09-02 14:13:52.984431,1495,3,POINT (292.1895046782523 170.13950663277794),0.00999999999999349,292.1895046782523,170.13950663277794
2025-09-02 14:13:53.984431,1496,3,POINT (292.1983639495931 170.13486838835678),0.010000000000000609,292.1983639495931,170.13486838835678
2025-09-02 14:13:54.984431,1497,3,POINT (292.20696833265333 170.12977284205118),0.009999999999983442,292.20696833265333,170.12977284205118
2025-09-02 14:13:55.984431,1498,3,POINT (292.21529424341713 170.12423396039935),0.009999999999988294,292.21529424341713,170.12423396039935
2025-09-02 14:13:56.984431,1499,3,POINT (292.2233188611418 170.1182669250909),0.009999999999986978,292.2233188611418,170.1182669250909
2025-09-02 14:13:57.984431,1500,3,POINT (292.23102019090805 170.11188809135484),0.010000000000023533,292.23102019090805,170.11188809135484
