t,Step,AgentID,geometry,speed,x,y
2025-09-03 15:28:51.726487,0,0,POINT (250.19575278361827 90.02901168407732),5.287993171899841e-05,250.19575278361827,90.02901168407732
2025-09-03 15:28:52.726487,1,0,POINT (250.19570032621394 90.02901835550212),5.287993171899841e-05,250.19570032621394,90.02901835550212
2025-09-03 15:28:53.726487,2,0,POINT (250.19568685525905 90.02903178770696),1.9023426407413198e-05,250.19568685525905,90.02903178770696
2025-09-03 15:28:54.726487,3,0,POINT (250.19551421365617 90.02901417405376),0.0001735377878922111,250.19551421365617,90.02901417405376
2025-09-03 15:28:55.726487,4,0,POINT (250.1950751196926 90.02897714160851),0.00044065282347849273,250.1950751196926,90.02897714160851
2025-09-03 15:28:56.726487,5,0,POINT (250.1945981773766 90.02895198115301),0.0004776055080405044,250.1945981773766,90.02895198115301
2025-09-03 15:28:57.726487,6,0,POINT (250.19399859794265 90.0289304630214),0.0005999654386773125,250.19399859794265,90.0289304630214
2025-09-03 15:28:58.726487,7,0,POINT (250.19335330593393 90.02889399640742),0.0006463215844004285,250.19335330593393,90.02889399640742
2025-09-03 15:28:59.726487,8,0,POINT (250.19269369926826 90.02887958920097),0.0006597639888522453,250.19269369926826,90.02887958920097
2025-09-03 15:29:00.726487,9,0,POINT (250.1919576267444 90.02884052029289),0.0007371086351184895,250.1919576267444,90.02884052029289
2025-09-03 15:29:01.726487,10,0,POINT (250.1911928006642 90.02879053403908),0.0007664577995717809,250.1911928006642,90.02879053403908
2025-09-03 15:29:02.726487,11,0,POINT (250.1903704440258 90.02871739429155),0.0008256027273333387,250.1903704440258,90.02871739429155
2025-09-03 15:29:03.726487,12,0,POINT (250.1894421115297 90.02862647874576),0.0009327737452263996,250.1894421115297,90.02862647874576
2025-09-03 15:29:04.726487,13,0,POINT (250.1884864845786 90.02850735662881),0.0009630228182330671,250.1884864845786,90.02850735662881
2025-09-03 15:29:05.726487,14,0,POINT (250.1874711469265 90.02836439915666),0.0010253523231547447,250.1874711469265,90.02836439915666
2025-09-03 15:29:06.726487,15,0,POINT (250.18635902783478 90.0282264772524),0.0011206388025722692,250.18635902783478,90.0282264772524
2025-09-03 15:29:07.726487,16,0,POINT (250.18520326775993 90.0280440918652),0.0011700622975240943,250.18520326775993,90.0280440918652
2025-09-03 15:29:08.726487,17,0,POINT (250.18398623666016 90.02783271758543),0.0012352504944169208,250.18398623666016,90.02783271758543
2025-09-03 15:29:09.726487,18,0,POINT (250.18257876137832 90.0276076418213),0.001425358119413403,250.18257876137832,90.0276076418213
2025-09-03 15:29:10.726487,19,0,POINT (250.18110782036905 90.02735780969053),0.0014920065503646392,250.18110782036905,90.02735780969053
2025-09-03 15:29:11.726487,20,0,POINT (250.17956192081093 90.02709540006461),0.0015680128365491528,250.17956192081093,90.02709540006461
2025-09-03 15:29:12.726487,21,0,POINT (250.17801463393877 90.02682520323886),0.0015707014322856267,250.17801463393877,90.02682520323886
2025-09-03 15:29:13.726487,22,0,POINT (250.17640039297058 90.02656331812005),0.0016353463605147526,250.17640039297058,90.02656331812005
2025-09-03 15:29:14.726487,23,0,POINT (250.17463305650432 90.02628855837226),0.0017885667736979056,250.17463305650432,90.02628855837226
2025-09-03 15:29:15.726487,24,0,POINT (250.17271259648672 90.0260039398083),0.0019414361710215168,250.17271259648672,90.0260039398083
2025-09-03 15:29:16.726487,25,0,POINT (250.17083752271344 90.02571753391902),0.0018968210217753933,250.17083752271344,90.02571753391902
2025-09-03 15:29:17.726487,26,0,POINT (250.16887736090652 90.02541132787404),0.0019839345884611506,250.16887736090652,90.02541132787404
2025-09-03 15:29:18.726487,27,0,POINT (250.1668139563952 90.02507622069892),0.0020904389481983835,250.1668139563952,90.02507622069892
2025-09-03 15:29:19.726487,28,0,POINT (250.16464284300167 90.02471467159066),0.002201011386896971,250.16464284300167,90.02471467159066
2025-09-03 15:29:20.726487,29,0,POINT (250.1623220453193 90.02433433581788),0.002351756191124559,250.1623220453193,90.02433433581788
2025-09-03 15:29:21.726487,30,0,POINT (250.15995255141766 90.02396131301893),0.002398676167912824,250.15995255141766,90.02396131301893
2025-09-03 15:29:22.726487,31,0,POINT (250.15743600269838 90.02357240599572),0.0025464222213206654,250.15743600269838,90.02357240599572
2025-09-03 15:29:23.726487,32,0,POINT (250.15478722929905 90.02314278309011),0.002683388969572272,250.15478722929905,90.02314278309011
2025-09-03 15:29:24.726487,33,0,POINT (250.15203785018912 90.022702012664),0.002784486318631574,250.15203785018912,90.022702012664
2025-09-03 15:29:25.726487,34,0,POINT (250.1492380460459 90.02224680731564),0.002836567494275741,250.1492380460459,90.02224680731564
2025-09-03 15:29:26.726487,35,0,POINT (250.1463613945433 90.021753516711),0.002918640006573821,250.1463613945433,90.021753516711
2025-09-03 15:29:27.726487,36,0,POINT (250.14321304558882 90.02122312145438),0.0031927136212686535,250.14321304558882,90.02122312145438
2025-09-03 15:29:28.726487,37,0,POINT (250.13992221070933 90.02069208595451),0.0033334056018159506,250.13992221070933,90.02069208595451
2025-09-03 15:29:29.726487,38,0,POINT (250.1365715578779 90.02014725755937),0.003394659390425606,250.1365715578779,90.02014725755937
2025-09-03 15:29:30.726487,39,0,POINT (250.13319029270838 90.01958691324005),0.0034273809100729313,250.13319029270838,90.01958691324005
2025-09-03 15:29:31.726487,40,0,POINT (250.12979540023125 90.01902084145725),0.0034417629486312973,250.12979540023125,90.01902084145725
2025-09-03 15:29:32.726487,41,0,POINT (250.12630451326407 90.01846295204287),0.003535184919667275,250.12630451326407,90.01846295204287
2025-09-03 15:29:33.726487,42,0,POINT (250.12271164294555 90.01788082261028),0.003639724138178821,250.12271164294555,90.01788082261028
2025-09-03 15:29:34.726487,43,0,POINT (250.11898684841034 90.01729239454492),0.0037709868625560605,250.11898684841034,90.01729239454492
2025-09-03 15:29:35.726487,44,0,POINT (250.1150874886808 90.01666646724486),0.003949277311768239,250.1150874886808,90.01666646724486
2025-09-03 15:29:36.726487,45,0,POINT (250.11125993431372 90.01605559362991),0.0038759952278714367,250.11125993431372,90.01605559362991
2025-09-03 15:29:37.726487,46,0,POINT (250.10734723870135 90.01542997789784),0.003962395992236047,250.10734723870135,90.01542997789784
2025-09-03 15:29:38.726487,47,0,POINT (250.10331369658573 90.01479505532049),0.004083208135488296,250.10331369658573,90.01479505532049
2025-09-03 15:29:39.726487,48,0,POINT (250.09929984141303 90.01417470146768),0.004061511079649502,250.09929984141303,90.01417470146768
2025-09-03 15:29:40.726487,49,0,POINT (250.0952129973774 90.01355435705621),0.004133657141139857,250.0952129973774,90.01355435705621
2025-09-03 15:29:41.726487,50,0,POINT (250.091240189126 90.01295487094671),0.004017784090475467,250.091240189126,90.01295487094671
2025-09-03 15:29:42.726487,51,0,POINT (250.08719625264732 90.01234422464664),0.00408978130803027,250.08719625264732,90.01234422464664
2025-09-03 15:29:43.726487,52,0,POINT (250.0831305878869 90.01174756615767),0.0041092129777573,250.0831305878869,90.01174756615767
2025-09-03 15:29:44.726487,53,0,POINT (250.07891801672747 90.01113458943877),0.004256935074811013,250.07891801672747,90.01113458943877
2025-09-03 15:29:45.726487,54,0,POINT (250.07462439348257 90.01050164214088),0.0043400256740131,250.07462439348257,90.01050164214088
2025-09-03 15:29:46.726487,55,0,POINT (250.0702260228492 90.00986411503501),0.004444334037759184,250.0702260228492,90.00986411503501
2025-09-03 15:29:47.726487,56,0,POINT (250.06581613579203 90.00922551473884),0.004455885343589526,250.06581613579203,90.00922551473884
2025-09-03 15:29:48.726487,57,0,POINT (250.06122014239074 90.00853827826792),0.00464709041355129,250.06122014239074,90.00853827826792
2025-09-03 15:29:49.726487,58,0,POINT (250.05664497507303 90.00786192212219),0.00462489066042845,250.05664497507303,90.00786192212219
2025-09-03 15:29:50.726487,59,0,POINT (250.05204426708184 90.00719160721907),0.004649283395268338,250.05204426708184,90.00719160721907
2025-09-03 15:29:51.726487,60,0,POINT (250.04739205932944 90.0065139948071),0.004701297220167867,250.04739205932944,90.0065139948071
2025-09-03 15:29:52.726487,61,0,POINT (250.04270893920045 90.00582301189809),0.004733822084010759,250.04270893920045,90.00582301189809
2025-09-03 15:29:53.726487,62,0,POINT (250.03808636550914 90.00514336278903),0.004672270373492058,250.03808636550914,90.00514336278903
2025-09-03 15:29:54.726487,63,0,POINT (250.033400562166 90.00442547948742),0.004740475651795849,250.033400562166,90.00442547948742
2025-09-03 15:29:55.726487,64,0,POINT (250.0286124278286 90.00368802626053),0.004844591592178215,250.0286124278286,90.00368802626053
2025-09-03 15:29:56.726487,65,0,POINT (250.02379532872183 90.0029627326087),0.00487139555833239,250.02379532872183,90.0029627326087
2025-09-03 15:29:57.726487,66,0,POINT (250.01890061279167 90.00223025856397),0.004949218348708187,250.01890061279167,90.00223025856397
2025-09-03 15:29:58.726487,67,0,POINT (250.0139534824488 90.00149445704811),0.0050015500097417296,250.0139534824488,90.00149445704811
2025-09-03 15:29:59.726487,68,0,POINT (250.00891829986662 90.00072444402531),0.005093720024822699,250.00891829986662,90.00072444402531
2025-09-03 15:30:00.726487,69,0,POINT (250.0038517215257 89.99996145895996),0.005123705914139179,250.0038517215257,89.99996145895996
2025-09-03 15:30:01.726487,70,0,POINT (249.99856543773265 89.99914858674524),0.005348416361707682,249.99856543773265,89.99914858674524
2025-09-03 15:30:02.726487,71,0,POINT (249.99313387939836 89.99831986839185),0.005494415350888958,249.99313387939836,89.99831986839185
2025-09-03 15:30:03.726487,72,0,POINT (249.98769236199357 89.99751393762925),0.005500875935770095,249.98769236199357,89.99751393762925
2025-09-03 15:30:04.726487,73,0,POINT (249.98216416374024 89.99667621822911),0.005591310197215936,249.98216416374024,89.99667621822911
2025-09-03 15:30:05.726487,74,0,POINT (249.9767133270447 89.99582762258844),0.005516496645763007,249.9767133270447,89.99582762258844
2025-09-03 15:30:06.726487,75,0,POINT (249.97124031857385 89.99496513930372),0.00554055043641932,249.97124031857385,89.99496513930372
2025-09-03 15:30:07.726487,76,0,POINT (249.9656852327801 89.99408439163096),0.005624472832104512,249.9656852327801,89.99408439163096
2025-09-03 15:30:08.726487,77,0,POINT (249.9600303875493 89.99319467551422),0.005724409956722691,249.9600303875493,89.99319467551422
2025-09-03 15:30:09.726487,78,0,POINT (249.9543755386203 89.99231318315559),0.005723141199386339,249.9543755386203,89.99231318315559
2025-09-03 15:30:10.726487,79,0,POINT (249.94867310209332 89.99141887309268),0.0057721376311361955,249.94867310209332,89.99141887309268
2025-09-03 15:30:11.726487,80,0,POINT (249.94286769372493 89.99051495390768),0.005875358390496523,249.94286769372493,89.99051495390768
2025-09-03 15:30:12.726487,81,0,POINT (249.9370271185428 89.98959572889815),0.005912469287556288,249.9370271185428,89.98959572889815
2025-09-03 15:30:13.726487,82,0,POINT (249.9312117412988 89.9886726910542),0.005888175553722039,249.9312117412988,89.9886726910542
2025-09-03 15:30:14.726487,83,0,POINT (249.92534165224342 89.98774927626437),0.00594227569136275,249.92534165224342,89.98774927626437
2025-09-03 15:30:15.726487,84,0,POINT (249.91945029351766 89.98682201637169),0.005963884518011763,249.91945029351766,89.98682201637169
2025-09-03 15:30:16.726487,85,0,POINT (249.91349347988714 89.9858633176165),0.006033467654005146,249.91349347988714,89.9858633176165
2025-09-03 15:30:17.726487,86,0,POINT (249.90751974635222 89.98491695213036),0.006048231144684979,249.90751974635222,89.98491695213036
2025-09-03 15:30:18.726487,87,0,POINT (249.90157239135397 89.98396573593362),0.006022943111819599,249.90157239135397,89.98396573593362
2025-09-03 15:30:19.726487,88,0,POINT (249.89551775042085 89.9830105226549),0.006129527652014896,249.89551775042085,89.9830105226549
2025-09-03 15:30:20.726487,89,0,POINT (249.88938040444577 89.98203820770001),0.0062138886366971255,249.88938040444577,89.98203820770001
2025-09-03 15:30:21.726487,90,0,POINT (249.8831626080031 89.98104964365285),0.0062958916348673155,249.8831626080031,89.98104964365285
2025-09-03 15:30:22.726487,91,0,POINT (249.87693753296364 89.98005963274205),0.006303307135965488,249.87693753296364,89.98005963274205
2025-09-03 15:30:23.726487,92,0,POINT (249.8706941628504 89.97906789297743),0.00632164678952068,249.8706941628504,89.97906789297743
2025-09-03 15:30:24.726487,93,0,POINT (249.8644383776834 89.97805081102953),0.006337925823529036,249.8644383776834,89.97805081102953
2025-09-03 15:30:25.726487,94,0,POINT (249.85818008455712 89.9770341509653),0.006340333630074539,249.85818008455712,89.9770341509653
2025-09-03 15:30:26.726487,95,0,POINT (249.8518693464995 89.97601179153651),0.006393014440259133,249.8518693464995,89.97601179153651
2025-09-03 15:30:27.726487,96,0,POINT (249.84558359633317 89.97499921414311),0.006366786326812045,249.84558359633317,89.97499921414311
2025-09-03 15:30:28.726487,97,0,POINT (249.83933512909547 89.97399845792906),0.006328100490711139,249.83933512909547,89.97399845792906
2025-09-03 15:30:29.726487,98,0,POINT (249.83308879535187 89.97297348947772),0.006329869316401139,249.83308879535187,89.97297348947772
2025-09-03 15:30:30.726487,99,0,POINT (249.82681085387222 89.97197839649449),0.006356316485765608,249.82681085387222,89.97197839649449
2025-09-03 15:30:31.726487,100,0,POINT (249.82045092387267 89.97096465725649),0.0064402155896998246,249.82045092387267,89.97096465725649
2025-09-03 15:30:32.726487,101,0,POINT (249.8140793170677 89.96994344709849),0.0064529251866124486,249.8140793170677,89.96994344709849
2025-09-03 15:30:33.726487,102,0,POINT (249.80774466829473 89.96892015460179),0.0064167673022013675,249.80774466829473,89.96892015460179
2025-09-03 15:30:34.726487,103,0,POINT (249.80152304250996 89.96792048543409),0.0063014256998415695,249.80152304250996,89.96792048543409
2025-09-03 15:30:35.726487,104,0,POINT (249.79531926766504 89.96692080609057),0.00628380307746244,249.79531926766504,89.96692080609057
2025-09-03 15:30:36.726487,105,0,POINT (249.78914029248963 89.9659330030037),0.006257434710539774,249.78914029248963,89.9659330030037
2025-09-03 15:30:37.726487,106,0,POINT (249.7828555075525 89.96492789101177),0.006364650172806121,249.7828555075525,89.96492789101177
2025-09-03 15:30:38.726487,107,0,POINT (249.7765154718794 89.9639132373972),0.006420714469108311,249.7765154718794,89.9639132373972
2025-09-03 15:30:39.726487,108,0,POINT (249.77002755707028 89.96285258300205),0.006574041855391973,249.77002755707028,89.96285258300205
2025-09-03 15:30:40.726487,109,0,POINT (249.76351675947254 89.96178647197036),0.006597505444533135,249.76351675947254,89.96178647197036
2025-09-03 15:30:41.726487,110,0,POINT (249.75699018174856 89.96070252942789),0.0066159767398657815,249.75699018174856,89.96070252942789
2025-09-03 15:30:42.726487,111,0,POINT (249.7504130504651 89.95961433852877),0.006666544483664286,249.7504130504651,89.95961433852877
2025-09-03 15:30:43.726487,112,0,POINT (249.74387538900038 89.95853342057171),0.006626416909412144,249.74387538900038,89.95853342057171
2025-09-03 15:30:44.726487,113,0,POINT (249.73730145068157 89.95746445509134),0.006660281692070408,249.73730145068157,89.95746445509134
2025-09-03 15:30:45.726487,114,0,POINT (249.73076062250547 89.95639488405669),0.00662770061389432,249.73076062250547,89.95639488405669
2025-09-03 15:30:46.726487,115,0,POINT (249.72416148911856 89.95530761100399),0.006688103180230799,249.72416148911856,89.95530761100399
2025-09-03 15:30:47.726487,116,0,POINT (249.71764937099763 89.95421742467538),0.006602740995370854,249.71764937099763,89.95421742467538
2025-09-03 15:30:48.726487,117,0,POINT (249.71100973427485 89.95308466795548),0.006735570769947795,249.71100973427485,89.95308466795548
2025-09-03 15:30:49.726487,118,0,POINT (249.70431422634294 89.95195612883757),0.006789950442154531,249.70431422634294,89.95195612883757
2025-09-03 15:30:50.726487,119,0,POINT (249.69755335471714 89.9508100198125),0.006857328272578833,249.69755335471714,89.9508100198125
2025-09-03 15:30:51.726487,120,0,POINT (249.69092421940587 89.94968541626058),0.006723850691689228,249.69092421940587,89.94968541626058
2025-09-03 15:30:52.726487,121,0,POINT (249.68419491338017 89.9485527980582),0.006823956592764574,249.68419491338017,89.9485527980582
2025-09-03 15:30:53.726487,122,0,POINT (249.67734243882464 89.94740862215579),0.0069473409323161615,249.67734243882464,89.94740862215579
2025-09-03 15:30:54.726487,123,0,POINT (249.67051370572557 89.94626573321028),0.006923712218174587,249.67051370572557,89.94626573321028
2025-09-03 15:30:55.726487,124,0,POINT (249.6635726412621 89.94511118601483),0.007036430566165014,249.6635726412621,89.94511118601483
2025-09-03 15:30:56.726487,125,0,POINT (249.65652709622933 89.94393540423344),0.007142980302813742,249.65652709622933,89.94393540423344
2025-09-03 15:30:57.726487,126,0,POINT (249.64975284989714 89.94118218695579),0.007312360682236097,249.64975284989714,89.94118218695579
2025-09-03 15:30:58.726487,127,0,POINT (249.64320997106947 89.93683963825875),0.007852833408380257,249.64320997106947,89.93683963825875
2025-09-03 15:30:59.726487,128,0,POINT (249.63679098584225 89.93088517618935),0.008755511971499676,249.63679098584225,89.93088517618935
2025-09-03 15:31:00.726487,129,0,POINT (249.63065024349268 89.92333684176259),0.009730676709356513,249.63065024349268,89.92333684176259
2025-09-03 15:31:01.726487,130,0,POINT (249.62464605479116 89.91416591630694),0.010961576331741158,249.62464605479116,89.91416591630694
2025-09-03 15:31:02.726487,131,0,POINT (249.61895547283132 89.90339476262542),0.012181973348867581,249.61895547283132,89.90339476262542
2025-09-03 15:31:03.726487,132,0,POINT (249.61347562693317 89.89100002722138),0.013552054338872029,249.61347562693317,89.89100002722138
2025-09-03 15:31:04.726487,133,0,POINT (249.60832609174213 89.87699574011289),0.014921051239802004,249.60832609174213,89.87699574011289
2025-09-03 15:31:05.726487,134,0,POINT (249.60352172159995 89.86137858314957),0.01633944809594052,249.60352172159995,89.86137858314957
2025-09-03 15:31:06.726487,135,0,POINT (249.59915996502798 89.84416099435201),0.01776148316991299,249.59915996502798,89.84416099435201
2025-09-03 15:31:07.726487,136,0,POINT (249.5953162382454 89.82535300237329),0.01919673925047273,249.5953162382454,89.82535300237329
2025-09-03 15:31:08.726487,137,0,POINT (249.5920440741745 89.80496178427111),0.020652090291236068,249.5920440741745,89.80496178427111
2025-09-03 15:31:09.726487,138,0,POINT (249.58928634439093 89.78297158749294),0.022162441830768178,249.58928634439093,89.78297158749294
2025-09-03 15:31:10.726487,139,0,POINT (249.58685198551223 89.76032473667496),0.02277731228925082,249.58685198551223,89.76032473667496
2025-09-03 15:31:11.726487,140,0,POINT (249.58476361033246 89.73703613648692),0.02338204887536136,249.58476361033246,89.73703613648692
2025-09-03 15:31:12.726487,141,0,POINT (249.58307864062243 89.71314255537098),0.023952919268177268,249.58307864062243,89.71314255537098
2025-09-03 15:31:13.726487,142,0,POINT (249.58120501931955 89.69064126004626),0.02257916623962624,249.58120501931955,89.69064126004626
2025-09-03 15:31:14.726487,143,0,POINT (249.57915692404887 89.6695542506547),0.02118623749790682,249.57915692404887,89.6695542506547
2025-09-03 15:31:15.726487,144,0,POINT (249.57694714638876 89.6498409896384),0.019836727986329034,249.57694714638876,89.6498409896384
2025-09-03 15:31:16.726487,145,0,POINT (249.57447814600025 89.6314313499296),0.018574466267609703,249.57447814600025,89.6314313499296
2025-09-03 15:31:17.726487,146,0,POINT (249.57173837757335 89.61431859574868),0.017330686272891496,249.57173837757335,89.61431859574868
2025-09-03 15:31:18.726487,147,0,POINT (249.5686966424793 89.59846459834712),0.016143152913579796,249.5686966424793,89.59846459834712
2025-09-03 15:31:19.726487,148,0,POINT (249.56532692775315 89.5838433321415),0.015004546070818227,249.56532692775315,89.5838433321415
2025-09-03 15:31:20.726487,149,0,POINT (249.56151566933303 89.57040733086095),0.013966095415538124,249.56151566933303,89.57040733086095
2025-09-03 15:31:21.726487,150,0,POINT (249.55732151716492 89.55816636052383),0.012939562094733454,249.55732151716492,89.55816636052383
2025-09-03 15:31:22.726487,151,0,POINT (249.5527098908071 89.54705381031872),0.012031453350498836,249.5527098908071,89.54705381031872
2025-09-03 15:31:23.726487,152,0,POINT (249.547747857778 89.53707500748546),0.011144428104078341,249.547747857778,89.53707500748546
2025-09-03 15:31:24.726487,153,0,POINT (249.54227264213867 89.52814781922739),0.010472472319956839,249.54227264213867,89.52814781922739
2025-09-03 15:31:25.726487,154,0,POINT (249.53642950715107 89.52029954211369),0.009784563359530294,249.53642950715107,89.52029954211369
2025-09-03 15:31:26.726487,155,0,POINT (249.53023736505614 89.51352789812105),0.009175935161433198,249.53023736505614,89.51352789812105
2025-09-03 15:31:27.726487,156,0,POINT (249.52362720920456 89.50780175024792),0.008745451952135304,249.52362720920456,89.50780175024792
2025-09-03 15:31:28.726487,157,0,POINT (249.5165971864662 89.50310777436704),0.008453084009520403,249.5165971864662,89.50310777436704
2025-09-03 15:31:29.726487,158,0,POINT (249.5091666023414 89.49943137545827),0.008290325046244466,249.5091666023414,89.49943137545827
2025-09-03 15:31:30.726487,159,0,POINT (249.501441760216 89.49676329957325),0.00817262594215395,249.501441760216,89.49676329957325
2025-09-03 15:31:31.726487,160,0,POINT (249.49301329973315 89.49554242818668),0.008516423724409371,249.49301329973315,89.49554242818668
2025-09-03 15:31:32.726487,161,0,POINT (249.48398799651915 89.49581475884773),0.009029410949427042,249.48398799651915,89.49581475884773
2025-09-03 15:31:33.726487,162,0,POINT (249.4742979523223 89.49756307266215),0.009846499770501166,249.4742979523223,89.49756307266215
2025-09-03 15:31:34.726487,163,0,POINT (249.4640903340333 89.50084788237704),0.010723126689406049,249.4640903340333,89.50084788237704
2025-09-03 15:31:35.726487,164,0,POINT (249.45331044721905 89.50565689503475),0.011803921486944136,249.45331044721905,89.50565689503475
2025-09-03 15:31:36.726487,165,0,POINT (249.44198268472474 89.51200625145896),0.01298585885220253,249.44198268472474,89.51200625145896
2025-09-03 15:31:37.726487,166,0,POINT (249.43021033149552 89.51993908849703),0.014195710761566857,249.43021033149552,89.51993908849703
2025-09-03 15:31:38.726487,167,0,POINT (249.41792444258698 89.52943859828527),0.015530091837777385,249.41792444258698,89.52943859828527
2025-09-03 15:31:39.726487,168,0,POINT (249.40512823833728 89.54051340715844),0.016923186306878016,249.40512823833728,89.54051340715844
2025-09-03 15:31:40.726487,169,0,POINT (249.39185622776586 89.55318252634564),0.018348101961440086,249.39185622776586,89.55318252634564
2025-09-03 15:31:41.726487,170,0,POINT (249.3781439250143 89.56746484460878),0.019799289424614286,249.3781439250143,89.56746484460878
2025-09-03 15:31:42.726487,171,0,POINT (249.36393478223553 89.58335074668457),0.02131341416267083,249.36393478223553,89.58335074668457
2025-09-03 15:31:43.726487,172,0,POINT (249.3493875220086 89.60089624123032),0.02279182219491051,249.3493875220086,89.60089624123032
2025-09-03 15:31:44.726487,173,0,POINT (249.3345336710612 89.62011200139318),0.024287493213686326,249.3345336710612,89.62011200139318
2025-09-03 15:31:45.726487,174,0,POINT (249.31940726728294 89.6409633571005),0.02576018490026876,249.31940726728294,89.6409633571005
2025-09-03 15:31:46.726487,175,0,POINT (249.30416824774244 89.6634751755967),0.027184732637301864,249.30416824774244,89.6634751755967
2025-09-03 15:31:47.726487,176,0,POINT (249.28907737243554 89.68668475619619),0.027684276207483836,249.28907737243554,89.68668475619619
2025-09-03 15:31:48.726487,177,0,POINT (249.27403863293387 89.7105988722998),0.02824975459745269,249.27403863293387,89.7105988722998
2025-09-03 15:31:49.726487,178,0,POINT (249.25908856515807 89.73517181010493),0.028763410765691676,249.25908856515807,89.73517181010493
2025-09-03 15:31:50.726487,179,0,POINT (249.24433848062523 89.76044208646715),0.0292600728151659,249.24433848062523,89.76044208646715
2025-09-03 15:31:51.726487,180,0,POINT (249.2298196549357 89.78641107883283),0.02975205646491113,249.2298196549357,89.78641107883283
2025-09-03 15:31:52.726487,181,0,POINT (249.21551257300464 89.81303748736609),0.030226779927116188,249.21551257300464,89.81303748736609
2025-09-03 15:31:53.726487,182,0,POINT (249.20150680409205 89.84034024645362),0.03068553758083646,249.20150680409205,89.84034024645362
2025-09-03 15:31:54.726487,183,0,POINT (249.18774078495227 89.86830495926425),0.031169351060581107,249.18774078495227,89.86830495926425
2025-09-03 15:31:55.726487,184,0,POINT (249.17440145878058 89.89587315992311),0.030625860155790083,249.17440145878058,89.89587315992311
2025-09-03 15:31:56.726487,185,0,POINT (249.16161663512622 89.92306206367867),0.030044769982511307,249.16161663512622,89.92306206367867
2025-09-03 15:31:57.726487,186,0,POINT (249.14925642209258 89.94985989009044),0.02951098721886861,249.14925642209258,89.94985989009044
2025-09-03 15:31:58.726487,187,0,POINT (249.13730376483986 89.97627652635036),0.028994907944157215,249.13730376483986,89.97627652635036
2025-09-03 15:31:59.726487,188,0,POINT (249.12570579462025 90.00232049219643),0.028509666259118396,249.12570579462025,90.00232049219643
2025-09-03 15:32:00.726487,189,0,POINT (249.11449579588623 90.02798445551349),0.028005411704810954,249.11449579588623,90.02798445551349
2025-09-03 15:32:01.726487,190,0,POINT (249.10374050608883 90.05326521427328),0.02747349672132878,249.10374050608883,90.05326521427328
2025-09-03 15:32:02.726487,191,0,POINT (249.09327984190102 90.07816277430908),0.027005814021911847,249.09327984190102,90.07816277430908
2025-09-03 15:32:03.726487,192,0,POINT (249.08318090082255 90.10269168027354),0.026526511996861582,249.08318090082255,90.10269168027354
2025-09-03 15:32:04.726487,193,0,POINT (249.0734559181259 90.12687101390785),0.026061762477807497,249.0734559181259,90.12687101390785
2025-09-03 15:32:05.726487,194,0,POINT (249.06396288867705 90.15068589090212),0.025637199035173308,249.06396288867705,90.15068589090212
2025-09-03 15:32:06.726487,195,0,POINT (249.05473562195115 90.17613312341776),0.027068507419795586,249.05473562195115,90.17613312341776
2025-09-03 15:32:07.726487,196,0,POINT (249.04590870857353 90.20315387547048),0.02842596421004197,249.04590870857353,90.20315387547048
2025-09-03 15:32:08.726487,197,0,POINT (249.03753843716248 90.23174525325321),0.029791413645706373,249.03753843716248,90.23174525325321
2025-09-03 15:32:09.726487,198,0,POINT (249.02958218204137 90.26188242503655),0.03116971476691241,249.02958218204137,90.26188242503655
2025-09-03 15:32:10.726487,199,0,POINT (249.0222447722946 90.29352656524176),0.03248367576366848,249.0222447722946,90.29352656524176
2025-09-03 15:32:11.726487,200,0,POINT (249.01563938686954 90.32664107299644),0.03376687341831093,249.01563938686954,90.32664107299644
2025-09-03 15:32:12.726487,201,0,POINT (249.00974923414017 90.36120357417128),0.035060809839998236,249.00974923414017,90.36120357417128
2025-09-03 15:32:13.726487,202,0,POINT (249.00458018769322 90.39718220277717),0.03634805025763074,249.00458018769322,90.39718220277717
2025-09-03 15:32:14.726487,203,0,POINT (249.00027607737402 90.43450250205107),0.037567673650804524,249.00027607737402,90.43450250205107
2025-09-03 15:32:15.726487,204,0,POINT (248.99686625146708 90.4731230607222),0.03877079396640749,248.99686625146708,90.4731230607222
2025-09-03 15:32:16.726487,205,0,POINT (248.9943384608646 90.51302688469697),0.039983807886933787,248.9943384608646,90.51302688469697
2025-09-03 15:32:17.726487,206,0,POINT (248.99275196707495 90.55320702745333),0.04021145153393167,248.99275196707495,90.55320702745333
2025-09-03 15:32:18.726487,207,0,POINT (248.99207616340757 90.59365810202452),0.040456719399392535,248.99207616340757,90.59365810202452
2025-09-03 15:32:19.726487,208,0,POINT (248.99209001910629 90.63441159251744),0.040753492848303624,248.99209001910629,90.63441159251744
2025-09-03 15:32:20.726487,209,0,POINT (248.99292296755502 90.67543597101955),0.04103283361654485,248.99292296755502,90.67543597101955
2025-09-03 15:32:21.726487,210,0,POINT (248.99468961392503 90.71665081484053),0.041252689495165744,248.99468961392503,90.71665081484053
2025-09-03 15:32:22.726487,211,0,POINT (248.99681132857688 90.7562930767994),0.03969900006648525,248.99681132857688,90.7562930767994
2025-09-03 15:32:23.726487,212,0,POINT (248.99911931174267 90.79439229319766),0.038169059150776,248.99911931174267,90.79439229319766
2025-09-03 15:32:24.726487,213,0,POINT (249.00160564559263 90.83093101890941),0.036623221221678215,249.00160564559263,90.83093101890941
2025-09-03 15:32:25.726487,214,0,POINT (249.00419260624503 90.86591572568607),0.0350802233981704,249.00419260624503,90.86591572568607
2025-09-03 15:32:26.726487,215,0,POINT (249.00683608324886 90.89934279056816),0.03353142760607218,249.00683608324886,90.89934279056816
2025-09-03 15:32:27.726487,216,0,POINT (249.00942804093705 90.93123521146521),0.03199757421011918,249.00942804093705,90.93123521146521
2025-09-03 15:32:28.726487,217,0,POINT (249.01187666877868 90.96161363478359),0.030476948364585622,249.01187666877868,90.96161363478359
2025-09-03 15:32:29.726487,218,0,POINT (249.01419284449506 90.99045728434228),0.028936495810894667,249.01419284449506,90.99045728434228
2025-09-03 15:32:30.726487,219,0,POINT (249.01625418902907 91.01780409832348),0.027424393816638585,249.01625418902907,91.01780409832348
2025-09-03 15:32:31.726487,220,0,POINT (249.01795224675394 91.04369034403354),0.025941879596480838,249.01795224675394,91.04369034403354
2025-09-03 15:32:32.726487,221,0,POINT (249.01917506737422 91.06815791219101),0.02449810567799349,249.01917506737422,91.06815791219101
2025-09-03 15:32:33.726487,222,0,POINT (249.0199632452513 91.09117654534654),0.023032123148220108,249.0199632452513,91.09117654534654
2025-09-03 15:32:34.726487,223,0,POINT (249.02027745338566 91.11275428946574),0.021580031696578347,249.02027745338566,91.11275428946574
2025-09-03 15:32:35.726487,224,0,POINT (249.02021125437528 91.13283049045725),0.02007631013310267,249.02021125437528,91.13283049045725
2025-09-03 15:32:36.726487,225,0,POINT (249.01957417932562 91.15149268118958),0.018673061547285656,249.01957417932562,91.15149268118958
2025-09-03 15:32:37.726487,226,0,POINT (249.01828997649355 91.16877208197424),0.01732705596432258,249.01828997649355,91.16877208197424
2025-09-03 15:32:38.726487,227,0,POINT (249.01637888880597 91.18464822028093),0.015990748065143542,249.01637888880597,91.18464822028093
2025-09-03 15:32:39.726487,228,0,POINT (249.01385890518446 91.19910098935705),0.01467081631744441,249.01385890518446,91.19910098935705
2025-09-03 15:32:40.726487,229,0,POINT (249.01062700491624 91.21217876292074),0.01347120413055066,249.01062700491624,91.21217876292074
2025-09-03 15:32:41.726487,230,0,POINT (249.006703606043 91.2238607334379),0.01232320956091901,249.006703606043,91.2238607334379
2025-09-03 15:32:42.726487,231,0,POINT (249.00204759696464 91.23416147139895),0.011304141855085943,249.00204759696464,91.23416147139895
2025-09-03 15:32:43.726487,232,0,POINT (248.99658009452688 91.24311831248852),0.010493740286990896,248.99658009452688,91.24311831248852
2025-09-03 15:32:44.726487,233,0,POINT (248.9903934892465 91.25066831401828),0.009760973721653549,248.9903934892465,91.25066831401828
2025-09-03 15:32:45.726487,234,0,POINT (248.98339256451675 91.25685892880972),0.009345408421647303,248.98339256451675,91.25685892880972
2025-09-03 15:32:46.726487,235,0,POINT (248.97553956912924 91.26170405879904),0.009227395145416083,248.97553956912924,91.26170405879904
2025-09-03 15:32:47.726487,236,0,POINT (248.96682323866355 91.26520186066845),0.009391966498277528,248.96682323866355,91.26520186066845
2025-09-03 15:32:48.726487,237,0,POINT (248.95735391163964 91.26727824823367),0.0096943044931893,248.95735391163964,91.26727824823367
2025-09-03 15:32:49.726487,238,0,POINT (248.947027898908 91.26798612177689),0.010350247527820773,248.947027898908,91.26798612177689
2025-09-03 15:32:50.726487,239,0,POINT (248.93582301404575 91.26732972730073),0.011224094550771134,248.93582301404575,91.26732972730073
2025-09-03 15:32:51.726487,240,0,POINT (248.9238352992085 91.26524390962517),0.012167824061646347,248.9238352992085,91.26524390962517
2025-09-03 15:32:52.726487,241,0,POINT (248.91108937001297 91.26170607910332),0.013227809941879387,248.91108937001297,91.26170607910332
2025-09-03 15:32:53.726487,242,0,POINT (248.89753597024966 91.25673636061268),0.014435814733513722,248.89753597024966,91.25673636061268
2025-09-03 15:32:54.726487,243,0,POINT (248.8831820529062 91.25032206129568),0.015721901247344645,248.8831820529062,91.25032206129568
2025-09-03 15:32:55.726487,244,0,POINT (248.86805789201279 91.24243744376028),0.017056008806550848,248.86805789201279,91.24243744376028
2025-09-03 15:32:56.726487,245,0,POINT (248.85214116069142 91.23308605851844),0.018460518462328924,248.85214116069142,91.23308605851844
2025-09-03 15:32:57.726487,246,0,POINT (248.83547323462332 91.22223620718006),0.019888163149883512,248.83547323462332,91.22223620718006
2025-09-03 15:32:58.726487,247,0,POINT (248.8181135978989 91.20984749011876),0.021326914864293004,248.8181135978989,91.20984749011876
2025-09-03 15:32:59.726487,248,0,POINT (248.80028234084347 91.19579857923328),0.022700784683465595,248.80028234084347,91.19579857923328
2025-09-03 15:33:00.726487,249,0,POINT (248.78189448046192 91.18013439609669),0.024155331559474802,248.78189448046192,91.18013439609669
2025-09-03 15:33:01.726487,250,0,POINT (248.7629836983157 91.1628872453698),0.025594567579416354,248.7629836983157,91.1628872453698
2025-09-03 15:33:02.726487,251,0,POINT (248.74355462960378 91.1440725229702),0.027045932965729973,248.74355462960378,91.1440725229702
2025-09-03 15:33:03.726487,252,0,POINT (248.72375354622346 91.12366981176231),0.02843155865700809,248.72375354622346,91.12366981176231
2025-09-03 15:33:04.726487,253,0,POINT (248.7036316739752 91.10163941866489),0.029836688200982325,248.7036316739752,91.10163941866489
2025-09-03 15:33:05.726487,254,0,POINT (248.68340678414594 91.07794078634481),0.03115559889405956,248.68340678414594,91.07794078634481
2025-09-03 15:33:06.726487,255,0,POINT (248.66298484239613 91.05265321985152),0.03250410318691274,248.66298484239613,91.05265321985152
2025-09-03 15:33:07.726487,256,0,POINT (248.64241733963968 91.02578134604978),0.03383961836742718,248.64241733963968,91.02578134604978
2025-09-03 15:33:08.726487,257,0,POINT (248.62186590473803 90.99730747014398),0.035115852340727144,248.62186590473803,90.99730747014398
2025-09-03 15:33:09.726487,258,0,POINT (248.6013481770835 90.967239695386),0.03640121188919131,248.6013481770835,90.967239695386
2025-09-03 15:33:10.726487,259,0,POINT (248.5810689160228 90.93553591230062),0.037634801594979964,248.5810689160228,90.93553591230062
2025-09-03 15:33:11.726487,260,0,POINT (248.5609420891789 90.90227149020505),0.03887944104737453,248.5609420891789,90.90227149020505
2025-09-03 15:33:12.726487,261,0,POINT (248.54103809005244 90.86747268857953),0.04008897324450624,248.54103809005244,90.86747268857953
2025-09-03 15:33:13.726487,262,0,POINT (248.52148822505924 90.83112028115262),0.04127583732625846,248.52148822505924,90.83112028115262
2025-09-03 15:33:14.726487,263,0,POINT (248.50240179667705 90.79321501090108),0.04243938337477498,248.50240179667705,90.79321501090108
2025-09-03 15:33:15.726487,264,0,POINT (248.4837313358286 90.75380685551951),0.04360721062933597,248.4837313358286,90.75380685551951
2025-09-03 15:33:16.726487,265,0,POINT (248.4656295606213 90.71289336510343),0.0447391100010148,248.4656295606213,90.71289336510343
2025-09-03 15:33:17.726487,266,0,POINT (248.4482750057252 90.67049176685158),0.045815675373740546,248.4482750057252,90.67049176685158
2025-09-03 15:33:18.726487,267,0,POINT (248.4317212804455 90.62759953869616),0.045975744222071915,248.4317212804455,90.62759953869616
2025-09-03 15:33:19.726487,268,0,POINT (248.41612100789996 90.58421834869215),0.04610093436861078,248.41612100789996,90.58421834869215
2025-09-03 15:33:20.726487,269,0,POINT (248.4015242700863 90.54033775727578),0.046244686806713425,248.4015242700863,90.54033775727578
2025-09-03 15:33:21.726487,270,0,POINT (248.38790627664963 90.49599416112376),0.04638754428652587,248.38790627664963,90.49599416112376
2025-09-03 15:33:22.726487,271,0,POINT (248.3753266191654 90.45224215676126),0.04552456115282014,248.3753266191654,90.45224215676126
2025-09-03 15:33:23.726487,272,0,POINT (248.3637589552006 90.4091192672641),0.04464744615525441,248.3637589552006,90.4091192672641
2025-09-03 15:33:24.726487,273,0,POINT (248.35319992907966 90.36663954666014),0.04377236223022062,248.35319992907966,90.36663954666014
2025-09-03 15:33:25.726487,274,0,POINT (248.34350253137333 90.32480049341231),0.0429481768990174,248.34350253137333,90.32480049341231
2025-09-03 15:33:26.726487,275,0,POINT (248.33469251440044 90.28360885754105),0.042123239011415375,248.33469251440044,90.28360885754105
2025-09-03 15:33:27.726487,276,0,POINT (248.32673633167127 90.24305927274682),0.04132275003681196,248.32673633167127,90.24305927274682
2025-09-03 15:33:28.726487,277,0,POINT (248.31947697849628 90.20313648613137),0.040577421057305676,248.31947697849628,90.20313648613137
2025-09-03 15:33:29.726487,278,0,POINT (248.31280691840783 90.16385561268555),0.03984315148491629,248.31280691840783,90.16385561268555
2025-09-03 15:33:30.726487,279,0,POINT (248.30685622150537 90.12524142437677),0.03907001833082769,248.30685622150537,90.12524142437677
2025-09-03 15:33:31.726487,280,0,POINT (248.30143244887063 90.08726809125615),0.03835871918981162,248.30143244887063,90.08726809125615
2025-09-03 15:33:32.726487,281,0,POINT (248.2965374599056 90.0507916437912),0.03680342561000074,248.2965374599056,90.0507916437912
2025-09-03 15:33:33.726487,282,0,POINT (248.29218103817013 90.01583645682756),0.03522560866756726,248.29218103817013,90.01583645682756
2025-09-03 15:33:34.726487,283,0,POINT (248.2882968646207 89.98241551662207),0.03364589199859266,248.2882968646207,89.98241551662207
2025-09-03 15:33:35.726487,284,0,POINT (248.28446845052008 89.95047295423824),0.032171167932961306,248.28446845052008,89.95047295423824
2025-09-03 15:33:36.726487,285,0,POINT (248.28071391102873 89.92002328629488),0.030680268001647557,248.28071391102873,89.92002328629488
2025-09-03 15:33:37.726487,286,0,POINT (248.27712779234275 89.89110021546223),0.02914454106038058,248.27712779234275,89.89110021546223
2025-09-03 15:33:38.726487,287,0,POINT (248.27353145056406 89.863678363521),0.027656674385683686,248.27353145056406,89.863678363521
2025-09-03 15:33:39.726487,288,0,POINT (248.26991675372437 89.83770557519289),0.026223115123496038,248.26991675372437,89.83770557519289
2025-09-03 15:33:40.726487,289,0,POINT (248.26621706363525 89.8131845893717),0.02479851714111615,248.26621706363525,89.8131845893717
2025-09-03 15:33:41.726487,290,0,POINT (248.26236315340324 89.79006894814854),0.023434707022578882,248.26236315340324,89.79006894814854
2025-09-03 15:33:42.726487,291,0,POINT (248.25837354524845 89.7683491753965),0.02208314972166585,248.25837354524845,89.7683491753965
2025-09-03 15:33:43.726487,292,0,POINT (248.25408075261842 89.74810617500478),0.020693166346004262,248.25408075261842,89.74810617500478
2025-09-03 15:33:44.726487,293,0,POINT (248.24943526583155 89.72933386869798),0.019338563327282947,248.24943526583155,89.72933386869798
2025-09-03 15:33:45.726487,294,0,POINT (248.24447620719954 89.71205332505733),0.017978026894856926,248.24447620719954,89.71205332505733
2025-09-03 15:33:46.726487,295,0,POINT (248.23910574740177 89.69624270536146),0.016697830206554853,248.23910574740177,89.69624270536146
2025-09-03 15:33:47.726487,296,0,POINT (248.2333049867033 89.68190435771419),0.015467289288519346,248.2333049867033,89.68190435771419
2025-09-03 15:33:48.726487,297,0,POINT (248.22707249953206 89.66870573800263),0.014596145334646218,248.22707249953206,89.66870573800263
2025-09-03 15:33:49.726487,298,0,POINT (248.2204659932759 89.65663657189289),0.013759022330717945,248.2204659932759,89.65663657189289
2025-09-03 15:33:50.726487,299,0,POINT (248.21352954138396 89.64573929735006),0.012917621968103747,248.21352954138396,89.64573929735006
2025-09-03 15:33:51.726487,300,0,POINT (248.2062196028653 89.63596051603061),0.012209003449925383,248.2062196028653,89.63596051603061
2025-09-03 15:33:52.726487,301,0,POINT (248.1984691840264 89.62724731668597),0.01166142508434342,248.1984691840264,89.62724731668597
2025-09-03 15:33:53.726487,302,0,POINT (248.19036466619025 89.61958578760643),0.011152678476190576,248.19036466619025,89.61958578760643
2025-09-03 15:33:54.726487,303,0,POINT (248.18185664530935 89.61296091506581),0.010783105094968092,248.18185664530935,89.61296091506581
2025-09-03 15:33:55.726487,304,0,POINT (248.17301463501397 89.60735417435367),0.010469798826949634,248.17301463501397,89.60735417435367
2025-09-03 15:33:56.726487,305,0,POINT (248.16393615350668 89.60281279469326),0.010151007619844951,248.16393615350668,89.60281279469326
2025-09-03 15:33:57.726487,306,0,POINT (248.15446306060733 89.59927300440657),0.01011284353451589,248.15446306060733,89.59927300440657
2025-09-03 15:33:58.726487,307,0,POINT (248.14459345857713 89.59668045560613),0.010204428132778014,248.14459345857713,89.59668045560613
2025-09-03 15:33:59.726487,308,0,POINT (248.13446480910503 89.59507541325941),0.010255032962580565,248.13446480910503,89.59507541325941
2025-09-03 15:34:00.726487,309,0,POINT (248.12399042367687 89.59444122722705),0.010493566696846021,248.12399042367687,89.59444122722705
2025-09-03 15:34:01.726487,310,0,POINT (248.1131671241335 89.59471927453112),0.010826870430042296,248.1131671241335,89.59471927453112
2025-09-03 15:34:02.726487,311,0,POINT (248.10194587177293 89.59591058495624),0.011284313229817272,248.10194587177293,89.59591058495624
2025-09-03 15:34:03.726487,312,0,POINT (248.0903648840502 89.5980094261758),0.011769639378466154,248.0903648840502,89.5980094261758
2025-09-03 15:34:04.726487,313,0,POINT (248.07838559973334 89.60097383464947),0.012340622769644004,248.07838559973334,89.60097383464947
2025-09-03 15:34:05.726487,314,0,POINT (248.06603416892438 89.60481782098624),0.012935767236074784,248.06603416892438,89.60481782098624
2025-09-03 15:34:06.726487,315,0,POINT (248.0534173607222 89.60955605079471),0.013477190765456035,248.0534173607222,89.60955605079471
2025-09-03 15:34:07.726487,316,0,POINT (248.0405637430373 89.61518062819253),0.014030372713994892,248.0405637430373,89.61518062819253
2025-09-03 15:34:08.726487,317,0,POINT (248.02744118417345 89.62164091137298),0.014626578885936584,248.02744118417345,89.62164091137298
2025-09-03 15:34:09.726487,318,0,POINT (248.01405865391183 89.62894618357153),0.015246610052669793,248.01405865391183,89.62894618357153
2025-09-03 15:34:10.726487,319,0,POINT (248.00036264948213 89.6370751056835),0.015926704368476947,248.00036264948213,89.6370751056835
2025-09-03 15:34:11.726487,320,0,POINT (247.98635308640212 89.64603866005328),0.016631691574606818,247.98635308640212,89.64603866005328
2025-09-03 15:34:12.726487,321,0,POINT (247.9722184041789 89.65587457408),0.01722017555927839,247.9722184041789,89.65587457408
2025-09-03 15:34:13.726487,322,0,POINT (247.95798822788788 89.66657441014289),0.017804055971776617,247.95798822788788,89.66657441014289
2025-09-03 15:34:14.726487,323,0,POINT (247.94362509998362 89.67812481083932),0.01843125604624874,247.94362509998362,89.67812481083932
2025-09-03 15:34:15.726487,324,0,POINT (247.92922651930587 89.69054139137927),0.01901290608609546,247.92922651930587,89.69054139137927
2025-09-03 15:34:16.726487,325,0,POINT (247.91468588021388 89.7037752891841),0.019661287758232827,247.91468588021388,89.7037752891841
2025-09-03 15:34:17.726487,326,0,POINT (247.8999647578114 89.71780317340182),0.020334526805771098,247.8999647578114,89.71780317340182
2025-09-03 15:34:18.726487,327,0,POINT (247.8852093031162 89.73263487253563),0.02092134657372811,247.8852093031162,89.73263487253563
2025-09-03 15:34:19.726487,328,0,POINT (247.87042767729454 89.74825669764189),0.021506693878468753,247.87042767729454,89.74825669764189
2025-09-03 15:34:20.726487,329,0,POINT (247.85563502047813 89.76465420792671),0.022083954338587883,247.85563502047813,89.76465420792671
2025-09-03 15:34:21.726487,330,0,POINT (247.8409047835977 89.78184590976754),0.022639224605489942,247.8409047835977,89.78184590976754
2025-09-03 15:34:22.726487,331,0,POINT (247.826162384945 89.79980386590668),0.023234166796553497,247.826162384945,89.79980386590668
2025-09-03 15:34:23.726487,332,0,POINT (247.81140969255696 89.81852000105367),0.02383140045269188,247.81140969255696,89.81852000105367
2025-09-03 15:34:24.726487,333,0,POINT (247.79665803322777 89.83798575065869),0.0244238993743797,247.79665803322777,89.83798575065869
2025-09-03 15:34:25.726487,334,0,POINT (247.78209883613897 89.85824523950612),0.02494828868338785,247.78209883613897,89.85824523950612
2025-09-03 15:34:26.726487,335,0,POINT (247.7679109588672 89.87716878148495),0.02365156025516858,247.7679109588672,89.87716878148495
2025-09-03 15:34:27.726487,336,0,POINT (247.75418781822128 89.89479227100239),0.022336337478612044,247.75418781822128,89.89479227100239
2025-09-03 15:34:28.726487,337,0,POINT (247.74088320981383 89.91114760135326),0.021083392415878987,247.74088320981383,89.91114760135326
2025-09-03 15:34:29.726487,338,0,POINT (247.72788988204 89.92622171980734),0.019901146042530755,247.72788988204,89.92622171980734
2025-09-03 15:34:30.726487,339,0,POINT (247.71525488409287 89.94006963678595),0.01874587895431949,247.71525488409287,89.94006963678595
2025-09-03 15:34:31.726487,340,0,POINT (247.70284545827337 89.95268150924004),0.017693308790834104,247.70284545827337,89.95268150924004
2025-09-03 15:34:32.726487,341,0,POINT (247.69079179238827 89.9640884215068),0.016595436382674827,247.69079179238827,89.9640884215068
2025-09-03 15:34:33.726487,342,0,POINT (247.67898443944563 89.97426788797351),0.015589583735909308,247.67898443944563,89.97426788797351
2025-09-03 15:34:34.726487,343,0,POINT (247.6674160405119 89.98326228493497),0.014653567162636362,247.6674160405119,89.98326228493497
2025-09-03 15:34:35.726487,344,0,POINT (247.65602053758522 89.99109614488229),0.013828479620930463,247.65602053758522,89.99109614488229
2025-09-03 15:34:36.726487,345,0,POINT (247.64471844126038 89.99775891200112),0.013119826485730401,247.64471844126038,89.99775891200112
2025-09-03 15:34:37.726487,346,0,POINT (247.63356005994265 90.00327119908648),0.012445673245883953,247.63356005994265,90.00327119908648
2025-09-03 15:34:38.726487,347,0,POINT (247.62263235938545 90.00765959583026),0.011775935862967137,247.62263235938545,90.00765959583026
2025-09-03 15:34:39.726487,348,0,POINT (247.61182210727193 90.0109542872996),0.01130117439188826,247.61182210727193,90.0109542872996
2025-09-03 15:34:40.726487,349,0,POINT (247.60104200014112 90.01313248156576),0.010997965266946463,247.60104200014112,90.01313248156576
2025-09-03 15:34:41.726487,350,0,POINT (247.59030173143347 90.01419983626371),0.010793174600819161,247.59030173143347,90.01419983626371
2025-09-03 15:34:42.726487,351,0,POINT (247.57963010900338 90.01524789961366),0.01072296423923926,247.57963010900338,90.01524789961366
2025-09-03 15:34:43.726487,352,0,POINT (247.5689560946063 90.01625655244534),0.010721565365360104,247.5689560946063,90.01625655244534
2025-09-03 15:34:44.726487,353,0,POINT (247.55835958656706 90.01722832394394),0.010640973755780719,247.55835958656706,90.01722832394394
2025-09-03 15:34:45.726487,354,0,POINT (247.54779680565036 90.01819742511606),0.010607143714309186,247.54779680565036,90.01819742511606
2025-09-03 15:34:46.726487,355,0,POINT (247.5372788382136 90.01915754066269),0.01056169782106649,247.5372788382136,90.01915754066269
2025-09-03 15:34:47.726487,356,0,POINT (247.52675246815105 90.02010492271592),0.010568916663917025,247.52675246815105,90.02010492271592
2025-09-03 15:34:48.726487,357,0,POINT (247.51608818918862 90.02105139183276),0.01070619678398982,247.51608818918862,90.02105139183276
2025-09-03 15:34:49.726487,358,0,POINT (247.50539423285204 90.02198012292233),0.010734209033060943,247.50539423285204,90.02198012292233
2025-09-03 15:34:50.726487,359,0,POINT (247.49466955212387 90.02287446430906),0.010761906115427577,247.49466955212387,90.02287446430906
2025-09-03 15:34:51.726487,360,0,POINT (247.4838844965874 90.02372739574857),0.01081872982217979,247.4838844965874,90.02372739574857
2025-09-03 15:34:52.726487,361,0,POINT (247.4730185525738 90.02453968647254),0.010896263374523806,247.4730185525738,90.02453968647254
2025-09-03 15:34:53.726487,362,0,POINT (247.4621737010531 90.02531818594903),0.010872757973056325,247.4621737010531,90.02531818594903
2025-09-03 15:34:54.726487,363,0,POINT (247.45140966752194 90.02608899007927),0.010791596585637109,247.45140966752194,90.02608899007927
2025-09-03 15:34:55.726487,364,0,POINT (247.44058821633217 90.02681375914521),0.010845694816447532,247.44058821633217,90.02681375914521
2025-09-03 15:34:56.726487,365,0,POINT (247.42978373691332 90.0275028331017),0.010826430548888426,247.42978373691332,90.0275028331017
2025-09-03 15:34:57.726487,366,0,POINT (247.41890972056385 90.02816941651518),0.01089442816378122,247.41890972056385,90.02816941651518
2025-09-03 15:34:58.726487,367,0,POINT (247.4079569619479 90.02881635572335),0.010971848141424906,247.4079569619479,90.02881635572335
2025-09-03 15:34:59.726487,368,0,POINT (247.39701782927452 90.02943406804458),0.010956559321129117,247.39701782927452,90.02943406804458
2025-09-03 15:35:00.726487,369,0,POINT (247.38605480029278 90.03002769591151),0.010979089147044655,247.38605480029278,90.03002769591151
2025-09-03 15:35:01.726487,370,0,POINT (247.3750396594744 90.03060637517446),0.011030330771932923,247.3750396594744,90.03060637517446
2025-09-03 15:35:02.726487,371,0,POINT (247.36411959440085 90.03118637657124),0.010935457138629931,247.36411959440085,90.03118637657124
2025-09-03 15:35:03.726487,372,0,POINT (247.35319564083073 90.03176026063765),0.010939017530092842,247.35319564083073,90.03176026063765
2025-09-03 15:35:04.726487,373,0,POINT (247.3421361351772 90.03229165451357),0.011072264662281618,247.3421361351772,90.03229165451357
2025-09-03 15:35:05.726487,374,0,POINT (247.33104199397246 90.03278254133345),0.011104996125207791,247.33104199397246,90.03278254133345
2025-09-03 15:35:06.726487,375,0,POINT (247.3198212875964 90.03322807650932),0.011229548217573293,247.3198212875964,90.03322807650932
2025-09-03 15:35:07.726487,376,0,POINT (247.30861258150142 90.03366620529707),0.011217265672088281,247.30861258150142,90.03366620529707
2025-09-03 15:35:08.726487,377,0,POINT (247.29743705117744 90.03409252770888),0.011183659008618304,247.29743705117744,90.03409252770888
2025-09-03 15:35:09.726487,378,0,POINT (247.28628176339987 90.03450314302582),0.01116284239514703,247.28628176339987,90.03450314302582
2025-09-03 15:35:10.726487,379,0,POINT (247.2750537568305 90.03488566449498),0.011234520648272657,247.2750537568305,90.03488566449498
2025-09-03 15:35:11.726487,380,0,POINT (247.26379858608274 90.0352609410299),0.011261425355547201,247.26379858608274,90.0352609410299
2025-09-03 15:35:12.726487,381,0,POINT (247.252424707861 90.0356162036284),0.011379425175157583,247.252424707861,90.0356162036284
2025-09-03 15:35:13.726487,382,0,POINT (247.2410988969379 90.03594858040672),0.011330686977783631,247.2410988969379,90.03594858040672
2025-09-03 15:35:14.726487,383,0,POINT (247.2296184198676 90.03626210502011),0.011484757352467456,247.2296184198676,90.03626210502011
2025-09-03 15:35:15.726487,384,0,POINT (247.21806497861547 90.03654306978628),0.011556857097237947,247.21806497861547,90.03654306978628
2025-09-03 15:35:16.726487,385,0,POINT (247.20657487538497 90.03683002406939),0.011493685875651083,247.20657487538497,90.03683002406939
2025-09-03 15:35:17.726487,386,0,POINT (247.195110542083 90.03709353093181),0.011467361245084589,247.195110542083,90.03709353093181
2025-09-03 15:35:18.726487,387,0,POINT (247.1836941552141 90.03734755022677),0.011419212535999208,247.1836941552141,90.03734755022677
2025-09-03 15:35:19.726487,388,0,POINT (247.17231742521093 90.03759095389076),0.01137933350020364,247.17231742521093,90.03759095389076
2025-09-03 15:35:20.726487,389,0,POINT (247.16091378975904 90.03784196210006),0.011406397618921541,247.16091378975904,90.03784196210006
2025-09-03 15:35:21.726487,390,0,POINT (247.14947338153968 90.03806593080826),0.011442600325441353,247.14947338153968,90.03806593080826
2025-09-03 15:35:22.726487,391,0,POINT (247.13805076297155 90.03827931007147),0.011424611400963782,247.13805076297155,90.03827931007147
2025-09-03 15:35:23.726487,392,0,POINT (247.12658450607321 90.03847062248262),0.011467852793665103,247.12658450607321,90.03847062248262
2025-09-03 15:35:24.726487,393,0,POINT (247.1152010171682 90.03864691128439),0.011384853859059359,247.1152010171682,90.03864691128439
2025-09-03 15:35:25.726487,394,0,POINT (247.1038394984754 90.03882095191463),0.01136285162923531,247.1038394984754,90.03882095191463
2025-09-03 15:35:26.726487,395,0,POINT (247.09251637607645 90.03898986538594),0.011324382218132936,247.09251637607645,90.03898986538594
2025-09-03 15:35:27.726487,396,0,POINT (247.081143981063 90.03914322917667),0.011373429069282025,247.081143981063,90.03914322917667
2025-09-03 15:35:28.726487,397,0,POINT (247.06976232646562 90.03929176054494),0.011382623728366015,247.06976232646562,90.03929176054494
2025-09-03 15:35:29.726487,398,0,POINT (247.05846188838538 90.0394125782125),0.011301083917667057,247.05846188838538,90.0394125782125
2025-09-03 15:35:30.726487,399,0,POINT (247.04712923136887 90.03952925611244),0.01133325764227511,247.04712923136887,90.03952925611244
2025-09-03 15:35:31.726487,400,0,POINT (247.0357403956113 90.0396422671415),0.01138939644606482,247.0357403956113,90.0396422671415
2025-09-03 15:35:32.726487,401,0,POINT (247.02422471174242 90.0397360451171),0.011516065703037077,247.02422471174242,90.0397360451171
2025-09-03 15:35:33.726487,402,0,POINT (247.0127566568999 90.0398263680797),0.011468410531036493,247.0127566568999,90.0398263680797
2025-09-03 15:35:34.726487,403,0,POINT (247.00126842808018 90.03989219712298),0.011488417422665258,247.00126842808018,90.03989219712298
2025-09-03 15:35:35.726487,404,0,POINT (246.98972369470064 90.03993591285881),0.011544816147092258,246.98972369470064,90.03993591285881
2025-09-03 15:35:36.726487,405,0,POINT (246.97817506909195 90.03997576669435),0.011548694375471793,246.97817506909195,90.03997576669435
2025-09-03 15:35:37.726487,406,0,POINT (246.96666560839373 90.0400150885007),0.01150952786904617,246.96666560839373,90.0400150885007
2025-09-03 15:35:38.726487,407,0,POINT (246.9551173697074 90.04004101461331),0.01154826778869669,246.9551173697074,90.04004101461331
2025-09-03 15:35:39.726487,408,0,POINT (246.94343827094153 90.04006473369849),0.011679122851405446,246.94343827094153,90.04006473369849
2025-09-03 15:35:40.726487,409,0,POINT (246.9317165145846 90.04008455471264),0.011721773115187227,246.9317165145846,90.04008455471264
2025-09-03 15:35:41.726487,410,0,POINT (246.9199580136453 90.04009973583665),0.01175851073928598,246.9199580136453,90.04009973583665
2025-09-03 15:35:42.726487,411,0,POINT (246.90813068104544 90.04010964287428),0.011827336749125252,246.90813068104544,90.04010964287428
2025-09-03 15:35:43.726487,412,0,POINT (246.89629899048902 90.04010975351443),0.01183169055693728,246.89629899048902,90.04010975351443
2025-09-03 15:35:44.726487,413,0,POINT (246.88443574610227 90.04010841390416),0.011863244462380577,246.88443574610227,90.04010841390416
2025-09-03 15:35:45.726487,414,0,POINT (246.87247498052326 90.04009209466813),0.01196077671196029,246.87247498052326,90.04009209466813
2025-09-03 15:35:46.726487,415,0,POINT (246.86043826009868 90.04007388884699),0.012036734192946716,246.86043826009868,90.04007388884699
2025-09-03 15:35:47.726487,416,0,POINT (246.8484142173429 90.0400480945204),0.012024070423107318,246.8484142173429,90.0400480945204
2025-09-03 15:35:48.726487,417,0,POINT (246.83635085450243 90.04000476791764),0.0120634406458338,246.83635085450243,90.04000476791764
2025-09-03 15:35:49.726487,418,0,POINT (246.82405446473527 90.0399317487741),0.012296606568529232,246.82405446473527,90.0399317487741
2025-09-03 15:35:50.726487,419,0,POINT (246.81173043062222 90.03984761908504),0.01232432126423983,246.81173043062222,90.03984761908504
2025-09-03 15:35:51.726487,420,0,POINT (246.79926432249314 90.03974204351732),0.012466555181215727,246.79926432249314,90.03974204351732
2025-09-03 15:35:52.726487,421,0,POINT (246.78671771296578 90.03962554010178),0.012547150420630624,246.78671771296578,90.03962554010178
2025-09-03 15:35:53.726487,422,0,POINT (246.77414303673274 90.03950904771655),0.012575215816903091,246.77414303673274,90.03950904771655
2025-09-03 15:35:54.726487,423,0,POINT (246.76149828206343 90.03938962713221),0.01264531857736301,246.76149828206343,90.03938962713221
2025-09-03 15:35:55.726487,424,0,POINT (246.7487953002619 90.03924638768603),0.01270378936338148,246.7487953002619,90.03924638768603
2025-09-03 15:35:56.726487,425,0,POINT (246.7360296012109 90.03906475817759),0.012766991091824506,246.7360296012109,90.03906475817759
2025-09-03 15:35:57.726487,426,0,POINT (246.7232672448612 90.03889215321139),0.01276352349749087,246.7232672448612,90.03889215321139
2025-09-03 15:35:58.726487,427,0,POINT (246.71056225315417 90.03869704434956),0.012706489749096942,246.71056225315417,90.03869704434956
2025-09-03 15:35:59.726487,428,0,POINT (246.69788183652759 90.03849632141109),0.012682005185366938,246.69788183652759,90.03849632141109
2025-09-03 15:36:00.726487,429,0,POINT (246.68526266970196 90.03831092159508),0.01262052869197037,246.68526266970196,90.03831092159508
2025-09-03 15:36:01.726487,430,0,POINT (246.67253042236575 90.03808550238307),0.012734242657158263,246.67253042236575,90.03808550238307
2025-09-03 15:36:02.726487,431,0,POINT (246.65974030507925 90.03786010940526),0.012792103118598568,246.65974030507925,90.03786010940526
2025-09-03 15:36:03.726487,432,0,POINT (246.64686649002732 90.03761100692223),0.012876224836434537,246.64686649002732,90.03761100692223
2025-09-03 15:36:04.726487,433,0,POINT (246.63396584907306 90.0373696901283),0.012902897768551238,246.63396584907306,90.0373696901283
2025-09-03 15:36:05.726487,434,0,POINT (246.62090035318607 90.03712967705977),0.013067700220239576,246.62090035318607,90.03712967705977
2025-09-03 15:36:06.726487,435,0,POINT (246.6078565633917 90.03688464702303),0.013046091058968335,246.6078565633917,90.03688464702303
2025-09-03 15:36:07.726487,436,0,POINT (246.5948749008706 90.03664316604066),0.012983908305150553,246.5948749008706,90.03664316604066
2025-09-03 15:36:08.726487,437,0,POINT (246.5818566799934 90.03641116351169),0.013020288014518435,246.5818566799934,90.03641116351169
2025-09-03 15:36:09.726487,438,0,POINT (246.56874435262654 90.03617562049506),0.013114442782225117,246.56874435262654,90.03617562049506
2025-09-03 15:36:10.726487,439,0,POINT (246.5555005688692 90.03593555241457),0.013245959417657922,246.5555005688692,90.03593555241457
2025-09-03 15:36:11.726487,440,0,POINT (246.54216791121945 90.03568234715603),0.013335061788703166,246.54216791121945,90.03568234715603
2025-09-03 15:36:12.726487,441,0,POINT (246.5287780420057 90.0354362606992),0.013392130379640012,246.5287780420057,90.0354362606992
2025-09-03 15:36:13.726487,442,0,POINT (246.51529836521632 90.03518311634684),0.013482053567965101,246.51529836521632,90.03518311634684
2025-09-03 15:36:14.726487,443,0,POINT (246.50181641114042 90.03493445043286),0.013484247121787963,246.50181641114042,90.03493445043286
2025-09-03 15:36:15.726487,444,0,POINT (246.4882676526068 90.03468694916383),0.013551018953599088,246.4882676526068,90.03468694916383
2025-09-03 15:36:16.726487,445,0,POINT (246.47475012830668 90.03444806455057),0.013519634945611196,246.47475012830668,90.03444806455057
2025-09-03 15:36:17.726487,446,0,POINT (246.4611585025146 90.0342183592119),0.013593566721606663,246.4611585025146,90.0342183592119
2025-09-03 15:36:18.726487,447,0,POINT (246.4474840778646 90.03400342338142),0.013676113735982291,246.4474840778646,90.03400342338142
2025-09-03 15:36:19.726487,448,0,POINT (246.43378914519226 90.03379496516156),0.013696519109951424,246.43378914519226,90.03379496516156
2025-09-03 15:36:20.726487,449,0,POINT (246.41996120383024 90.03358666507343),0.013829510159014602,246.41996120383024,90.03358666507343
2025-09-03 15:36:21.726487,450,0,POINT (246.4060755426988 90.03335044111348),0.013887670316378564,246.4060755426988,90.03335044111348
2025-09-03 15:36:22.726487,451,0,POINT (246.39208384310035 90.03471360507055),0.01405794699190068,246.39208384310035,90.03471360507055
2025-09-03 15:36:23.726487,452,0,POINT (246.37804785716511 90.03768988932232),0.014348071965303483,246.37804785716511,90.03768988932232
2025-09-03 15:36:24.726487,453,0,POINT (246.36396281230725 90.04229018463545),0.014817260395093944,246.36396281230725,90.04229018463545
2025-09-03 15:36:25.726487,454,0,POINT (246.3496467550403 90.04851888781356),0.015612374545573224,246.3496467550403,90.04851888781356
2025-09-03 15:36:26.726487,455,0,POINT (246.33520233823083 90.0563917769531),0.01645064012036225,246.33520233823083,90.0563917769531
2025-09-03 15:36:27.726487,456,0,POINT (246.32077525218205 90.06592513038406),0.017292357835138442,246.32077525218205,90.06592513038406
2025-09-03 15:36:28.726487,457,0,POINT (246.30642133581887 90.07713123188118),0.01821020663597512,246.30642133581887,90.07713123188118
2025-09-03 15:36:29.726487,458,0,POINT (246.29211806908992 90.09002005120736),0.019253703611051373,246.29211806908992,90.09002005120736
2025-09-03 15:36:30.726487,459,0,POINT (246.27794347145593 90.10460326860525),0.020336898676043373,246.27794347145593,90.10460326860525
2025-09-03 15:36:31.726487,460,0,POINT (246.26387297528183 90.12007548077985),0.020913350094167147,246.26387297528183,90.12007548077985
2025-09-03 15:36:32.726487,461,0,POINT (246.24995672729514 90.13637667548612),0.021433406329343513,246.24995672729514,90.13637667548612
2025-09-03 15:36:33.726487,462,0,POINT (246.2361227154373 90.15351298642574),0.022023465592466013,246.2361227154373,90.15351298642574
2025-09-03 15:36:34.726487,463,0,POINT (246.2224278751798 90.1714793679927),0.02259069534760265,246.2224278751798,90.1714793679927
2025-09-03 15:36:35.726487,464,0,POINT (246.20898671112056 90.1902574488462),0.023092882275876723,246.20898671112056,90.1902574488462
2025-09-03 15:36:36.726487,465,0,POINT (246.19567501773582 90.20986188311454),0.023696730233327308,246.19567501773582,90.20986188311454
2025-09-03 15:36:37.726487,466,0,POINT (246.18258544412197 90.23024331598278),0.024222711308910898,246.18258544412197,90.23024331598278
2025-09-03 15:36:38.726487,467,0,POINT (246.16967358325053 90.25034610192131),0.023892219521298948,246.16967358325053,90.25034610192131
2025-09-03 15:36:39.726487,468,0,POINT (246.15681290653575 90.2701877835),0.02364506996040595,246.15681290653575,90.2701877835
2025-09-03 15:36:40.726487,469,0,POINT (246.1441539771358 90.28976149675516),0.023310485712397893,246.1441539771358,90.28976149675516
2025-09-03 15:36:41.726487,470,0,POINT (246.13165953343892 90.30909795527468),0.023021940651725428,246.13165953343892,90.30909795527468
2025-09-03 15:36:42.726487,471,0,POINT (246.1192631786565 90.32819060134888),0.022763979133850337,246.1192631786565,90.32819060134888
2025-09-03 15:36:43.726487,472,0,POINT (246.10687141966 90.34599886939111),0.021695393559262345,246.10687141966,90.34599886939111
2025-09-03 15:36:44.726487,473,0,POINT (246.09450551794015 90.36253801104837),0.020650877272016067,246.09450551794015,90.36253801104837
2025-09-03 15:36:45.726487,474,0,POINT (246.08208608197543 90.37781306510014),0.019686789122814987,246.08208608197543,90.37781306510014
2025-09-03 15:36:46.726487,475,0,POINT (246.06958678171063 90.39185404451456),0.018798447011013956,246.06958678171063,90.39185404451456
2025-09-03 15:36:47.726487,476,0,POINT (246.05690706409635 90.4047072910345),0.018054949041193345,246.05690706409635,90.4047072910345
2025-09-03 15:36:48.726487,477,0,POINT (246.0441870810282 90.41636115709822),0.01725139308823908,246.0441870810282,90.41636115709822
2025-09-03 15:36:49.726487,478,0,POINT (246.0314279191676 90.42684077511046),0.01651116607231237,246.0314279191676,90.42684077511046
2025-09-03 15:36:50.726487,479,0,POINT (246.01848313809106 90.43615475003637),0.015947334762909042,246.01848313809106,90.43615475003637
2025-09-03 15:36:51.726487,480,0,POINT (246.00546456052118 90.44433251429494),0.015373977696479378,246.00546456052118,90.44433251429494
2025-09-03 15:36:52.726487,481,0,POINT (245.99224696317836 90.45142391273347),0.014999760375780855,245.99224696317836,90.45142391273347
2025-09-03 15:36:53.726487,482,0,POINT (245.97888899566408 90.45740895879153),0.014637488597080583,245.97888899566408,90.45740895879153
2025-09-03 15:36:54.726487,483,0,POINT (245.9652980287459 90.46231837281034),0.01445049230230493,245.9652980287459,90.46231837281034
2025-09-03 15:36:55.726487,484,0,POINT (245.9514764193992 90.46616646852483),0.014347289833304017,245.9514764193992,90.46616646852483
2025-09-03 15:36:56.726487,485,0,POINT (245.93748229707273 90.4689575896636),0.014269751816320281,245.93748229707273,90.4689575896636
2025-09-03 15:36:57.726487,486,0,POINT (245.92331466966846 90.47069775755084),0.014274097188339835,245.92331466966846,90.47069775755084
2025-09-03 15:36:58.726487,487,0,POINT (245.90904301390484 90.47142704480231),0.014290277048765962,245.90904301390484,90.47142704480231
2025-09-03 15:36:59.726487,488,0,POINT (245.89455609595325 90.47115699372003),0.014489434748224011,245.89455609595325,90.47115699372003
2025-09-03 15:37:00.726487,489,0,POINT (245.87990427654813 90.46987361718055),0.01470791852106326,245.87990427654813,90.46987361718055
2025-09-03 15:37:01.726487,490,0,POINT (245.86504795210936 90.46762132481663),0.01502608387845915,245.86504795210936,90.46762132481663
2025-09-03 15:37:02.726487,491,0,POINT (245.84999963710564 90.46440712075753),0.015387751368698844,245.84999963710564,90.46440712075753
2025-09-03 15:37:03.726487,492,0,POINT (245.83487996493156 90.46022132708275),0.01568838281466501,245.83487996493156,90.46022132708275
2025-09-03 15:37:04.726487,493,0,POINT (245.81956929994837 90.45509108668156),0.016147316458205635,245.81956929994837,90.45509108668156
2025-09-03 15:37:05.726487,494,0,POINT (245.80423477639312 90.4490100997063),0.016496242458813044,245.80423477639312,90.4490100997063
2025-09-03 15:37:06.726487,495,0,POINT (245.78878130895805 90.44201504166924),0.016962915218455703,245.78878130895805,90.44201504166924
2025-09-03 15:37:07.726487,496,0,POINT (245.7732309239827 90.43411078153338),0.017443961739715696,245.7732309239827,90.43411078153338
2025-09-03 15:37:08.726487,497,0,POINT (245.75766617333463 90.425276079095),0.01789730230821518,245.75766617333463,90.425276079095
2025-09-03 15:37:09.726487,498,0,POINT (245.7420681213043 90.41551727928979),0.01839927718088419,245.7420681213043,90.41551727928979
2025-09-03 15:37:10.726487,499,0,POINT (245.72638313871522 90.40488499768917),0.018948986538984455,245.72638313871522,90.40488499768917
2025-09-03 15:37:11.726487,500,0,POINT (245.7107028228931 90.39335376691947),0.01946385335295695,245.7107028228931,90.39335376691947
2025-09-03 15:37:12.726487,501,0,POINT (245.6949677620107 90.3809617363302),0.02002884327909088,245.6949677620107,90.3809617363302
2025-09-03 15:37:13.726487,502,0,POINT (245.679262106207 90.36873129899818),0.019906059920445328,245.679262106207,90.36873129899818
2025-09-03 15:37:14.726487,503,0,POINT (245.66358557998112 90.35670132106661),0.019760411016605285,245.66358557998112,90.35670132106661
2025-09-03 15:37:15.726487,504,0,POINT (245.64797675934284 90.34485737922262),0.01959372961234754,245.64797675934284,90.34485737922262
2025-09-03 15:37:16.726487,505,0,POINT (245.63238923371108 90.33319329198754),0.019468484438912734,245.63238923371108,90.33319329198754
2025-09-03 15:37:17.726487,506,0,POINT (245.61694682830534 90.32170026784512),0.019249869834714627,245.61694682830534,90.32170026784512
2025-09-03 15:37:18.726487,507,0,POINT (245.60167025491853 90.31036175501043),0.019024604273019313,245.60167025491853,90.31036175501043
2025-09-03 15:37:19.726487,508,0,POINT (245.58642826591336 90.29919593054952),0.018894281270424886,245.58642826591336,90.29919593054952
2025-09-03 15:37:20.726487,509,0,POINT (245.57129887702183 90.28818481488065),0.018712110423575054,245.57129887702183,90.28818481488065
2025-09-03 15:37:21.726487,510,0,POINT (245.55618099055437 90.27732296315422),0.01861532471299241,245.55618099055437,90.27732296315422
2025-09-03 15:37:22.726487,511,0,POINT (245.54100687864138 90.26661111174997),0.01857410651564549,245.54100687864138,90.26661111174997
2025-09-03 15:37:23.726487,512,0,POINT (245.5258232207397 90.25604069297418),0.01850073567106212,245.5258232207397,90.25604069297418
2025-09-03 15:37:24.726487,513,0,POINT (245.51057889530585 90.24560760136339),0.018472651636743182,245.51057889530585,90.24560760136339
2025-09-03 15:37:25.726487,514,0,POINT (245.49534746289103 90.23530748073367),0.018387197132628017,245.49534746289103,90.23530748073367
2025-09-03 15:37:26.726487,515,0,POINT (245.48010060373065 90.22512307363351),0.01833545369600392,245.48010060373065,90.22512307363351
2025-09-03 15:37:27.726487,516,0,POINT (245.46499047664076 90.21507041083811),0.018148607934232862,245.46499047664076,90.21507041083811
2025-09-03 15:37:28.726487,517,0,POINT (245.4498939885203 90.205147657469),0.018065574665519918,245.4498939885203,90.205147657469
2025-09-03 15:37:29.726487,518,0,POINT (245.43489922856503 90.1953525657704),0.017910517789836596,245.43489922856503,90.1953525657704
2025-09-03 15:37:30.726487,519,0,POINT (245.41997228603677 90.18569060829984),0.01778108645176536,245.41997228603677,90.18569060829984
2025-09-03 15:37:31.726487,520,0,POINT (245.40507720811277 90.1761543060798),0.017686277346967764,245.40507720811277,90.1761543060798
2025-09-03 15:37:32.726487,521,0,POINT (245.3901817336684 90.16674761553773),0.017617065189091743,245.3901817336684,90.16674761553773
2025-09-03 15:37:33.726487,522,0,POINT (245.37536094596376 90.15746859322064),0.017485880113603903,245.37536094596376,90.15746859322064
2025-09-03 15:37:34.726487,523,0,POINT (245.36061979762988 90.14828774616986),0.01736632968624797,245.36061979762988,90.14828774616986
2025-09-03 15:37:35.726487,524,0,POINT (245.345982647084 90.13923293197433),0.01721150302029955,245.345982647084,90.13923293197433
2025-09-03 15:37:36.726487,525,0,POINT (245.33137926391785 90.13029518267217),0.017121394875594505,245.33137926391785,90.13029518267217
2025-09-03 15:37:37.726487,526,0,POINT (245.31671347763944 90.12145540373834),0.01712387160554384,245.31671347763944,90.12145540373834
2025-09-03 15:37:38.726487,527,0,POINT (245.30204017517158 90.11272965372956),0.01707174620619907,245.30204017517158,90.11272965372956
2025-09-03 15:37:39.726487,528,0,POINT (245.2873510565026 90.10410907497477),0.01703186969593647,245.2873510565026,90.10410907497477
2025-09-03 15:37:40.726487,529,0,POINT (245.27260483421614 90.09558944280249),0.017030419961712066,245.27260483421614,90.09558944280249
2025-09-03 15:37:41.726487,530,0,POINT (245.25787044059942 90.08717323832903),0.016968643227776966,245.25787044059942,90.08717323832903
2025-09-03 15:37:42.726487,531,0,POINT (245.24318967629733 90.07886047348333),0.01687088912515416,245.24318967629733,90.07886047348333
2025-09-03 15:37:43.726487,532,0,POINT (245.22856456059742 90.07066665203324),0.01676403051750591,245.22856456059742,90.07066665203324
2025-09-03 15:37:44.726487,533,0,POINT (245.2139927122325 90.06257333102982),0.016668551515780148,245.2139927122325,90.06257333102982
2025-09-03 15:37:45.726487,534,0,POINT (245.1993782873393 90.05456286504355),0.016665802719237344,245.1993782873393,90.05456286504355
2025-09-03 15:37:46.726487,535,0,POINT (245.18473745338113 90.04663420901406),0.016649853015106467,245.18473745338113,90.04663420901406
2025-09-03 15:37:47.726487,536,0,POINT (245.17019108319147 90.03879475204207),0.0165243448072973,245.17019108319147,90.03879475204207
2025-09-03 15:37:48.726487,537,0,POINT (245.15556807088097 90.03102699157652),0.01655809746567768,245.15556807088097,90.03102699157652
2025-09-03 15:37:49.726487,538,0,POINT (245.14091061960283 90.02332972372604),0.016555627754126757,245.14091061960283,90.02332972372604
2025-09-03 15:37:50.726487,539,0,POINT (245.1262396512465 90.01569927557436),0.016536657809489277,245.1262396512465,90.01569927557436
2025-09-03 15:37:51.726487,540,0,POINT (245.11161009091978 90.0081295069858),0.016471958955671384,245.11161009091978,90.0081295069858
2025-09-03 15:37:52.726487,541,0,POINT (245.09706534378725 90.00063626263963),0.016361490762783416,245.09706534378725,90.00063626263963
2025-09-03 15:37:53.726487,542,0,POINT (245.08240304354752 89.99320508560587),0.016437926889583614,245.08240304354752,89.99320508560587
2025-09-03 15:37:54.726487,543,0,POINT (245.06781889909792 89.9858589249614),0.016329829929947377,245.06781889909792,89.9858589249614
2025-09-03 15:37:55.726487,544,0,POINT (245.05313856724837 89.97859360075532),0.01637977652571606,245.05313856724837,89.97859360075532
2025-09-03 15:37:56.726487,545,0,POINT (245.03844498713138 89.97140758586613),0.01635665328365811,245.03844498713138,89.97140758586613
2025-09-03 15:37:57.726487,546,0,POINT (245.02379409343945 89.96430773239862),0.016280559119161205,245.02379409343945,89.96430773239862
2025-09-03 15:37:58.726487,547,0,POINT (245.0090637375882 89.95726742352284),0.01632633861497134,245.0090637375882,89.95726742352284
2025-09-03 15:37:59.726487,548,0,POINT (244.99421822800954 89.95178148429827),0.01582670792760943,244.99421822800954,89.95178148429827
2025-09-03 15:38:00.726487,549,0,POINT (244.97921569571727 89.9478579302352),0.015507103264840873,244.97921569571727,89.9478579302352
2025-09-03 15:38:01.726487,550,0,POINT (244.96382955773902 89.94548429387186),0.01556815311690066,244.96382955773902,89.94548429387186
2025-09-03 15:38:02.726487,551,0,POINT (244.94823688812616 89.9446922498173),0.015612772958065348,244.94823688812616,89.9446922498173
2025-09-03 15:38:03.726487,552,0,POINT (244.93250739237774 89.94550197943606),0.01575032376032222,244.93250739237774,89.94550197943606
2025-09-03 15:38:04.726487,553,0,POINT (244.9166213594303 89.94792379711777),0.016069575093648942,244.9166213594303,89.94792379711777
2025-09-03 15:38:05.726487,554,0,POINT (244.90057422142084 89.95196966888211),0.0165493116663048,244.90057422142084,89.95196966888211
2025-09-03 15:38:06.726487,555,0,POINT (244.88419888476548 89.95763481196828),0.01732759350755309,244.88419888476548,89.95763481196828
2025-09-03 15:38:07.726487,556,0,POINT (244.86767998671175 89.96495137181293),0.018066710848131672,244.86767998671175,89.96495137181293
2025-09-03 15:38:08.726487,557,0,POINT (244.85101195817666 89.97393143057187),0.018933162191262343,244.85101195817666,89.97393143057187
2025-09-03 15:38:09.726487,558,0,POINT (244.83429467155585 89.98459676895254),0.01982970284034559,244.83429467155585,89.98459676895254
2025-09-03 15:38:10.726487,559,0,POINT (244.81740617241385 89.99694902905276),0.020923664422195593,244.81740617241385,89.99694902905276
2025-09-03 15:38:11.726487,560,0,POINT (244.80043637152 90.01100876279028),0.022037473883079195,244.80043637152,90.01100876279028
2025-09-03 15:38:12.726487,561,0,POINT (244.78348223309513 90.02679547128201),0.02316598745429111,244.78348223309513,90.02679547128201
2025-09-03 15:38:13.726487,562,0,POINT (244.76650078839032 90.04431817636785),0.024401120010930175,244.76650078839032,90.04431817636785
2025-09-03 15:38:14.726487,563,0,POINT (244.74959140200787 90.06359479468948),0.02564206235365434,244.74959140200787,90.06359479468948
2025-09-03 15:38:15.726487,564,0,POINT (244.73290606378734 90.08265643398259),0.02533271805539451,244.73290606378734,90.08265643398259
2025-09-03 15:38:16.726487,565,0,POINT (244.716426905463 90.1014797545371),0.025017594923891412,244.716426905463,90.1014797545371
2025-09-03 15:38:17.726487,566,0,POINT (244.7002105279076 90.12007277928844),0.0246712681154409,244.7002105279076,90.12007277928844
2025-09-03 15:38:18.726487,567,0,POINT (244.6840899395085 90.13844140380625),0.02443930721213392,244.6840899395085,90.13844140380625
2025-09-03 15:38:19.726487,568,0,POINT (244.66810595065448 90.15660759367417),0.024197073252830763,244.66810595065448,90.15660759367417
2025-09-03 15:38:20.726487,569,0,POINT (244.65227136498902 90.1745651063168),0.0239417284987381,244.65227136498902,90.1745651063168
2025-09-03 15:38:21.726487,570,0,POINT (244.63661294273678 90.19230986625331),0.023665643718981586,244.63661294273678,90.19230986625331
2025-09-03 15:38:22.726487,571,0,POINT (244.62116965197797 90.2098485872591),0.02336882461700125,244.62116965197797,90.2098485872591
2025-09-03 15:38:23.726487,572,0,POINT (244.60585454035248 90.22718659162868),0.023133504698175145,244.60585454035248,90.22718659162868
2025-09-03 15:38:24.726487,573,0,POINT (244.59070993941094 90.24431307682715),0.02286209598728961,244.59070993941094,90.24431307682715
2025-09-03 15:38:25.726487,574,0,POINT (244.5757005297829 90.26126116218423),0.02263890400733182,244.5757005297829,90.26126116218423
2025-09-03 15:38:26.726487,575,0,POINT (244.56075320437157 90.27802147683846),0.022457308036830086,244.56075320437157,90.27802147683846
2025-09-03 15:38:27.726487,576,0,POINT (244.5458327204948 90.29458866150732),0.02229557011985258,244.5458327204948,90.29458866150732
2025-09-03 15:38:28.726487,577,0,POINT (244.5310715333314 90.31095099421593),0.022036755163575485,244.5310715333314,90.31095099421593
2025-09-03 15:38:29.726487,578,0,POINT (244.51637334649558 90.32715029464323),0.021873592082576866,244.51637334649558,90.32715029464323
2025-09-03 15:38:30.726487,579,0,POINT (244.5017643387031 90.3431778259722),0.021686513532187146,244.5017643387031,90.3431778259722
2025-09-03 15:38:31.726487,580,0,POINT (244.4871494574818 90.35904112241542),0.021569397932222973,244.4871494574818,90.35904112241542
2025-09-03 15:38:32.726487,581,0,POINT (244.472450324841 90.37367040062198),0.02073837701549082,244.472450324841,90.37367040062198
2025-09-03 15:38:33.726487,582,0,POINT (244.45768969157453 90.38711996959822),0.019969156218370275,244.45768969157453,90.38711996959822
2025-09-03 15:38:34.726487,583,0,POINT (244.442818719126 90.39937310625089),0.019268761750412974,244.442818719126,90.39937310625089
2025-09-03 15:38:35.726487,584,0,POINT (244.42788413727513 90.4104362262921),0.018585864524055532,244.42788413727513,90.4104362262921
2025-09-03 15:38:36.726487,585,0,POINT (244.41281260796129 90.42036020515438),0.018045396984187542,244.41281260796129,90.42036020515438
2025-09-03 15:38:37.726487,586,0,POINT (244.39760576329627 90.42915397809861),0.01756640450577771,244.39760576329627,90.42915397809861
2025-09-03 15:38:38.726487,587,0,POINT (244.3821857924291 90.43682564955505),0.017222951096703996,244.3821857924291,90.43682564955505
2025-09-03 15:38:39.726487,588,0,POINT (244.3667543732387 90.44336199569776),0.016758655051267023,244.3667543732387,90.44336199569776
2025-09-03 15:38:40.726487,589,0,POINT (244.3510696484815 90.4488437973373),0.016615075682170445,244.3510696484815,90.4488437973373
2025-09-03 15:38:41.726487,590,0,POINT (244.33521683603234 90.45326563691027),0.016457956366377455,244.33521683603234,90.45326563691027
2025-09-03 15:38:42.726487,591,0,POINT (244.31920141639304 90.45663274455188),0.01636554551773719,244.31920141639304,90.45663274455188
2025-09-03 15:38:43.726487,592,0,POINT (244.3029611215219 90.45896714316365),0.01640721165770139,244.3029611215219,90.45896714316365
2025-09-03 15:38:44.726487,593,0,POINT (244.28645572601155 90.46029903245886),0.016559046169611666,244.28645572601155,90.46029903245886
2025-09-03 15:38:45.726487,594,0,POINT (244.26982263446502 90.46060392721475),0.01663588576564774,244.26982263446502,90.46060392721475
2025-09-03 15:38:46.726487,595,0,POINT (244.25319062008845 90.45985956456536),0.01664866294860315,244.25319062008845,90.45985956456536
2025-09-03 15:38:47.726487,596,0,POINT (244.23649158025142 90.458102537375),0.016791220206587725,244.23649158025142,90.458102537375
2025-09-03 15:38:48.726487,597,0,POINT (244.21973869810313 90.45534195444814),0.016978806741662782,244.21973869810313,90.45534195444814
2025-09-03 15:38:49.726487,598,0,POINT (244.20289751748768 90.45160953536072),0.01724982077490059,244.20289751748768,90.45160953536072
2025-09-03 15:38:50.726487,599,0,POINT (244.18591265896964 90.44693955634615),0.017615167409775718,244.18591265896964,90.44693955634615
2025-09-03 15:38:51.726487,600,0,POINT (244.16879190473665 90.44130710343285),0.018023450039519644,244.16879190473665,90.44130710343285
2025-09-03 15:38:52.726487,601,0,POINT (244.1517267735896 90.43469301432816),0.01830204567121442,244.1517267735896,90.43469301432816
2025-09-03 15:38:53.726487,602,0,POINT (244.13461102012556 90.42712160648716),0.01871564140861994,244.13461102012556,90.42712160648716
2025-09-03 15:38:54.726487,603,0,POINT (244.11740902161804 90.41860460014469),0.01919500324798946,244.11740902161804,90.41860460014469
2025-09-03 15:38:55.726487,604,0,POINT (244.1001563370454 90.40917327757367),0.019662272767958146,244.1001563370454,90.40917327757367
2025-09-03 15:38:56.726487,605,0,POINT (244.08289881169011 90.39879552209754),0.020137526911485546,244.08289881169011,90.39879552209754
2025-09-03 15:38:57.726487,606,0,POINT (244.0655324263636 90.38749843140135),0.020717519096329656,244.0655324263636,90.38749843140135
2025-09-03 15:38:58.726487,607,0,POINT (244.0481396135528 90.376362126916),0.020652535318025887,244.0481396135528,90.376362126916
2025-09-03 15:38:59.726487,608,0,POINT (244.0308767664845 90.36536878364826),0.020466056901740273,244.0308767664845,90.36536878364826
2025-09-03 15:39:00.726487,609,0,POINT (244.01374185843224 90.35451343806852),0.020284072609202026,244.01374185843224,90.35451343806852
2025-09-03 15:39:01.726487,610,0,POINT (243.99678373947117 90.34379980820657),0.02005890484340514,243.99678373947117,90.34379980820657
2025-09-03 15:39:02.726487,611,0,POINT (243.97989476182147 90.33322479650747),0.019926576185793306,243.97989476182147,90.33322479650747
2025-09-03 15:39:03.726487,612,0,POINT (243.9630010794142 90.32278801156468),0.019857567454742864,243.9630010794142,90.32278801156468
2025-09-03 15:39:04.726487,613,0,POINT (243.9462681104971 90.31247072357581),0.019658043652047156,243.9462681104971,90.31247072357581
2025-09-03 15:39:05.726487,614,0,POINT (243.92950898834854 90.30227634666632),0.019616153949311828,243.92950898834854,90.30227634666632
2025-09-03 15:39:06.726487,615,0,POINT (243.91279886618463 90.292205679758),0.01951016439477796,243.91279886618463,90.292205679758
2025-09-03 15:39:07.726487,616,0,POINT (243.89612972708477 90.28226984202298),0.019405696839511877,243.89612972708477,90.28226984202298
2025-09-03 15:39:08.726487,617,0,POINT (243.87949568044255 90.27246391690957),0.019309263969026012,243.87949568044255,90.27246391690957
2025-09-03 15:39:09.726487,618,0,POINT (243.86272718687323 90.2627675046365),0.01937015197549008,243.86272718687323,90.2627675046365
2025-09-03 15:39:10.726487,619,0,POINT (243.84605781344848 90.25318702417661),0.019226378135675456,243.84605781344848,90.25318702417661
2025-09-03 15:39:11.726487,620,0,POINT (243.82950464189338 90.24370771088557),0.01907524230520578,243.82950464189338,90.24370771088557
2025-09-03 15:39:12.726487,621,0,POINT (243.8129370990925 90.23432696992916),0.019038954155902465,243.8129370990925,90.23432696992916
2025-09-03 15:39:13.726487,622,0,POINT (243.79642829474977 90.22503965774402),0.01894187922172497,243.79642829474977,90.22503965774402
2025-09-03 15:39:14.726487,623,0,POINT (243.7800215631058 90.2158597028591),0.018800330181309294,243.7800215631058,90.2158597028591
2025-09-03 15:39:15.726487,624,0,POINT (243.76357231320077 90.20680366166505),0.018777372141671352,243.76357231320077,90.20680366166505
2025-09-03 15:39:16.726487,625,0,POINT (243.7472252895121 90.19787111856122),0.018628352309839887,243.7472252895121,90.19787111856122
2025-09-03 15:39:17.726487,626,0,POINT (243.73088865723577 90.18905940375808),0.018561569758620906,243.73088865723577,90.18905940375808
2025-09-03 15:39:18.726487,627,0,POINT (243.71460709220466 90.18036689061385),0.018456682925832513,243.71460709220466,90.18036689061385
2025-09-03 15:39:19.726487,628,0,POINT (243.69826745627913 90.17178072576097),0.018458221178106717,243.69826745627913,90.17178072576097
2025-09-03 15:39:20.726487,629,0,POINT (243.68193614838606 90.16327267034175),0.018414630718931162,243.68193614838606,90.16327267034175
2025-09-03 15:39:21.726487,630,0,POINT (243.66555696761714 90.15486882239416),0.018409297188846072,243.66555696761714,90.15486882239416
2025-09-03 15:39:22.726487,631,0,POINT (243.64912217754355 90.14656077349915),0.018415374044665516,243.64912217754355,90.14656077349915
2025-09-03 15:39:23.726487,632,0,POINT (243.63276998878445 90.13833379158102),0.01830511700848827,243.63276998878445,90.13833379158102
2025-09-03 15:39:24.726487,633,0,POINT (243.61644627598056 90.13020185125025),0.01823710649326846,243.61644627598056,90.13020185125025
2025-09-03 15:39:25.726487,634,0,POINT (243.60003383783672 90.12216246118334),0.01827566465203174,243.60003383783672,90.12216246118334
2025-09-03 15:39:26.726487,635,0,POINT (243.58368343587205 90.11420591741087),0.01818357041973652,243.58368343587205,90.11420591741087
2025-09-03 15:39:27.726487,636,0,POINT (243.56735006154497 90.10634058623631),0.01812850107962115,243.56735006154497,90.10634058623631
2025-09-03 15:39:28.726487,637,0,POINT (243.55093814918513 90.0985663203605),0.01816012327091784,243.55093814918513,90.0985663203605
2025-09-03 15:39:29.726487,638,0,POINT (243.53446023950715 90.09084003452587),0.01819936812512899,243.53446023950715,90.09084003452587
2025-09-03 15:39:30.726487,639,0,POINT (243.51796325794675 90.0832015243545),0.018179583005191603,243.51796325794675,90.0832015243545
2025-09-03 15:39:31.726487,640,0,POINT (243.5014491936085 90.07563652533534),0.018164347803533404,243.5014491936085,90.07563652533534
2025-09-03 15:39:32.726487,641,0,POINT (243.48499668583767 90.06815423227309),0.018074006789265032,243.48499668583767,90.06815423227309
2025-09-03 15:39:33.726487,642,0,POINT (243.4686084714129 90.0607746155634),0.01797309975531209,243.4686084714129,90.0607746155634
2025-09-03 15:39:34.726487,643,0,POINT (243.4523740970421 90.05241149467604),0.01826189207577965,243.4523740970421,90.05241149467604
2025-09-03 15:39:35.726487,644,0,POINT (243.43630040828234 90.04309685589834),0.01857756619972231,243.43630040828234,90.04309685589834
2025-09-03 15:39:36.726487,645,0,POINT (243.42022377112707 90.03388594643253),0.01852833277468198,243.42022377112707,90.03388594643253
2025-09-03 15:39:37.726487,646,0,POINT (243.40414405095171 90.02475601787674),0.018490889550035895,243.40414405095171,90.02475601787674
2025-09-03 15:39:38.726487,647,0,POINT (243.3881703548369 90.01573034110956),0.018347256162011133,243.3881703548369,90.01573034110956
2025-09-03 15:39:39.726487,648,0,POINT (243.3722070111281 90.00676041751454),0.018310867583635627,243.3722070111281,90.00676041751454
2025-09-03 15:39:40.726487,649,0,POINT (243.35630881033097 89.99788360584412),0.018208530254190707,243.35630881033097,89.99788360584412
2025-09-03 15:39:41.726487,650,0,POINT (243.34041130645195 89.98907522997284),0.01817465584469676,243.34041130645195,89.98907522997284
2025-09-03 15:39:42.726487,651,0,POINT (243.32451741494734 89.98034898454316),0.018131826892501986,243.32451741494734,89.98034898454316
2025-09-03 15:39:43.726487,652,0,POINT (243.30868505436746 89.97172444574235),0.018029040769209977,243.30868505436746,89.97172444574235
2025-09-03 15:39:44.726487,653,0,POINT (243.29284294550368 89.96319218114438),0.017993664229991817,243.29284294550368,89.96319218114438
2025-09-03 15:39:45.726487,654,0,POINT (243.2768897724213 89.95473949714338),0.018054129672103764,243.2768897724213,89.95473949714338
2025-09-03 15:39:46.726487,655,0,POINT (243.26082598283736 89.94634425178081),0.018125271873677105,243.26082598283736,89.94634425178081
2025-09-03 15:39:47.726487,656,0,POINT (243.24476370161773 89.93804367589554),0.0180802775975844,243.24476370161773,89.93804367589554
2025-09-03 15:39:48.726487,657,0,POINT (243.2286684688923 89.92980797474989),0.018079913988908864,243.2286684688923,89.92980797474989
2025-09-03 15:39:49.726487,658,0,POINT (243.2125146589767 89.92163680820148),0.018102859927409284,243.2125146589767,89.92163680820148
2025-09-03 15:39:50.726487,659,0,POINT (243.19640038702954 89.91352440619677),0.018041087181005274,243.19640038702954,89.91352440619677
2025-09-03 15:39:51.726487,660,0,POINT (243.18031446498227 89.90548542169033),0.01798282958840379,243.18031446498227,89.90548542169033
2025-09-03 15:39:52.726487,661,0,POINT (243.16423643420987 89.89752572328146),0.01794045351373678,243.16423643420987,89.89752572328146
2025-09-03 15:39:53.726487,662,0,POINT (243.14823513649856 89.88966581340513),0.017827498750809044,243.14823513649856,89.88966581340513
2025-09-03 15:39:54.726487,663,0,POINT (243.13212605997492 89.88185395789439),0.017903279949912476,243.13212605997492,89.88185395789439
2025-09-03 15:39:55.726487,664,0,POINT (243.11590459225044 89.87407050941114),0.017992167335474353,243.11590459225044,89.87407050941114
2025-09-03 15:39:56.726487,665,0,POINT (243.0995342147166 89.86737384437875),0.01768713043871931,243.0995342147166,89.86737384437875
2025-09-03 15:39:57.726487,666,0,POINT (243.08302243398086 89.86174768291406),0.01744398451880765,243.08302243398086,89.86174768291406
2025-09-03 15:39:58.726487,667,0,POINT (243.0662300415139 89.8571887112969),0.01740024904908703,243.0662300415139,89.8571887112969
2025-09-03 15:39:59.726487,668,0,POINT (243.04928945503616 89.8536684714444),0.017302472621828116,243.04928945503616,89.8536684714444
2025-09-03 15:40:00.726487,669,0,POINT (243.03208270525525 89.851184359456),0.017385138779824706,243.03208270525525,89.851184359456
2025-09-03 15:40:01.726487,670,0,POINT (243.0146092622175 89.85027934849502),0.01749686418855612,243.0146092622175,89.85027934849502
2025-09-03 15:40:02.726487,671,0,POINT (242.9968281429303 89.85096132276688),0.01779419264854015,242.9968281429303,89.85096132276688
2025-09-03 15:40:03.726487,672,0,POINT (242.97882053666345 89.85325679773608),0.01815332170144334,242.97882053666345,89.85325679773608
2025-09-03 15:40:04.726487,673,0,POINT (242.96055681594612 89.85717547995897),0.018679388769565267,242.96055681594612,89.85717547995897
2025-09-03 15:40:05.726487,674,0,POINT (242.9420579709224 89.86273469444207),0.019316110707916886,242.9420579709224,89.86273469444207
2025-09-03 15:40:06.726487,675,0,POINT (242.92341037825685 89.86996080765599),0.01999873557005444,242.92341037825685,89.86996080765599
2025-09-03 15:40:07.726487,676,0,POINT (242.90465657805376 89.87887311631295),0.020763772962884244,242.90465657805376,89.87887311631295
2025-09-03 15:40:08.726487,677,0,POINT (242.88566806014708 89.88946804819014),0.02174434164960143,242.88566806014708,89.88946804819014
2025-09-03 15:40:09.726487,678,0,POINT (242.8666223019747 89.90178219708372),0.02267992873300341,242.8666223019747,89.90178219708372
2025-09-03 15:40:10.726487,679,0,POINT (242.84755639321358 89.91498248963757),0.02318957956485072,242.84755639321358,89.91498248963757
2025-09-03 15:40:11.726487,680,0,POINT (242.82842872591291 89.9290627544133),0.02375124233634031,242.82842872591291,89.9290627544133
2025-09-03 15:40:12.726487,681,0,POINT (242.80945865454063 89.94403986122087),0.02416976078067374,242.80945865454063,89.94403986122087
2025-09-03 15:40:13.726487,682,0,POINT (242.79052222451955 89.95987939936799),0.02468763558256481,242.79052222451955,89.95987939936799
2025-09-03 15:40:14.726487,683,0,POINT (242.77153261174536 89.97657587870098),0.025285921288946363,242.77153261174536,89.97657587870098
2025-09-03 15:40:15.726487,684,0,POINT (242.752670577764 89.99412755964723),0.02576505055209911,242.752670577764,89.99412755964723
2025-09-03 15:40:16.726487,685,0,POINT (242.73397489477912 90.01251254528172),0.026220912628128826,242.73397489477912,90.01251254528172
2025-09-03 15:40:17.726487,686,0,POINT (242.71552342492933 90.03071234780677),0.025916974197782574,242.71552342492933,90.03071234780677
2025-09-03 15:40:18.726487,687,0,POINT (242.6971785864832 90.04871321797648),0.025701447906321943,242.6971785864832,90.04871321797648
2025-09-03 15:40:19.726487,688,0,POINT (242.67902827129743 90.06651183649569),0.025420951251583734,242.67902827129743,90.06651183649569
2025-09-03 15:40:20.726487,689,0,POINT (242.66106009883768 90.08414449580583),0.025174707463852697,242.66106009883768,90.08414449580583
2025-09-03 15:40:21.726487,690,0,POINT (242.6432858599048 90.1015741640495),0.02489411385703589,242.6432858599048,90.1015741640495
2025-09-03 15:40:22.726487,691,0,POINT (242.62560192311034 90.11879170262499),0.024681273369690934,242.62560192311034,90.11879170262499
2025-09-03 15:40:23.726487,692,0,POINT (242.60800619931177 90.1358092852022),0.024478717547443917,242.60800619931177,90.1358092852022
2025-09-03 15:40:24.726487,693,0,POINT (242.5905313602261 90.15265528471733),0.024272570954351487,242.5905313602261,90.15265528471733
2025-09-03 15:40:25.726487,694,0,POINT (242.57315414557453 90.16930763799465),0.024067996566377488,242.57315414557453,90.16930763799465
2025-09-03 15:40:26.726487,695,0,POINT (242.55583737002826 90.18576438698446),0.02388922984597382,242.55583737002826,90.18576438698446
2025-09-03 15:40:27.726487,696,0,POINT (242.53855825499946 90.20204167328278),0.023738531239651608,242.53855825499946,90.20204167328278
2025-09-03 15:40:28.726487,697,0,POINT (242.52134730379362 90.21816474482259),0.023583262651456872,242.52134730379362,90.21816474482259
2025-09-03 15:40:29.726487,698,0,POINT (242.50420840178634 90.23411668166206),0.023413804708877595,242.50420840178634,90.23411668166206
2025-09-03 15:40:30.726487,699,0,POINT (242.48718123595086 90.24991557134611),0.02322776983780219,242.48718123595086,90.24991557134611
2025-09-03 15:40:31.726487,700,0,POINT (242.47018499955968 90.26555229362242),0.023095002381713865,242.47018499955968,90.26555229362242
2025-09-03 15:40:32.726487,701,0,POINT (242.4532323431399 90.2810411265031),0.02296293761026652,242.4532323431399,90.2810411265031
2025-09-03 15:40:33.726487,702,0,POINT (242.4364095633421 90.29636441274536),0.022755417407451767,242.4364095633421,90.29636441274536
2025-09-03 15:40:34.726487,703,0,POINT (242.41967221791896 90.31151525114684),0.022576240521425553,242.41967221791896,90.31151525114684
2025-09-03 15:40:35.726487,704,0,POINT (242.40306127324482 90.32650849941813),0.022376795496488633,242.40306127324482,90.32650849941813
2025-09-03 15:40:36.726487,705,0,POINT (242.38649504241585 90.34134704455701),0.022240108491586,242.38649504241585,90.34134704455701
2025-09-03 15:40:37.726487,706,0,POINT (242.36988755706696 90.35499359084172),0.021495041174978188,242.36988755706696,90.35499359084172
2025-09-03 15:40:38.726487,707,0,POINT (242.35327252011393 90.3674569087556),0.020770020374881647,242.35327252011393,90.3674569087556
2025-09-03 15:40:39.726487,708,0,POINT (242.3365639740621 90.37875262726263),0.020168509309222118,242.3365639740621,90.37875262726263
2025-09-03 15:40:40.726487,709,0,POINT (242.31975273347666 90.38890900882082),0.019641025848389056,242.31975273347666,90.38890900882082
2025-09-03 15:40:41.726487,710,0,POINT (242.30274478689907 90.39793746181567),0.019255731880833588,242.30274478689907,90.39793746181567
2025-09-03 15:40:42.726487,711,0,POINT (242.28565064485173 90.40582917292055),0.01882787286173054,242.28565064485173,90.40582917292055
2025-09-03 15:40:43.726487,712,0,POINT (242.26841777175466 90.4126114110424),0.018519467301230965,242.26841777175466,90.4126114110424
2025-09-03 15:40:44.726487,713,0,POINT (242.25106627387046 90.41831204461971),0.01826394541187166,242.25106627387046,90.41831204461971
2025-09-03 15:40:45.726487,714,0,POINT (242.2335759753513 90.4229212681423),0.018087439945185146,242.2335759753513,90.4229212681423
2025-09-03 15:40:46.726487,715,0,POINT (242.21596814495658 90.4264482068619),0.017957588589261705,242.21596814495658,90.4264482068619
2025-09-03 15:40:47.726487,716,0,POINT (242.19824024964393 90.42892411212077),0.01789995472248462,242.19824024964393,90.42892411212077
2025-09-03 15:40:48.726487,717,0,POINT (242.180288683782 90.43036942572925),0.01800965430877999,242.180288683782,90.43036942572925
2025-09-03 15:40:49.726487,718,0,POINT (242.16216448371267 90.43079493192185),0.018129194236736167,242.16216448371267,90.43079493192185
2025-09-03 15:40:50.726487,719,0,POINT (242.14390305769066 90.43019280490313),0.018271350177366162,242.14390305769066,90.43019280490313
2025-09-03 15:40:51.726487,720,0,POINT (242.1255270746199 90.42859664644779),0.018445174860427183,242.1255270746199,90.42859664644779
2025-09-03 15:40:52.726487,721,0,POINT (242.1070125348879 90.42601521055566),0.018693635086649122,242.1070125348879,90.42601521055566
2025-09-03 15:40:53.726487,722,0,POINT (242.0883668320045 90.4224562745782),0.018982314434951273,242.0883668320045,90.4224562745782
2025-09-03 15:40:54.726487,723,0,POINT (242.0696066439011 90.41794663120238),0.019294598753342405,242.0696066439011,90.41794663120238
2025-09-03 15:40:55.726487,724,0,POINT (242.05065616094652 90.41249231828814),0.019719795475061284,242.05065616094652,90.41249231828814
2025-09-03 15:40:56.726487,725,0,POINT (242.03157639786767 90.40607837961714),0.020128983293261734,242.03157639786767,90.40607837961714
2025-09-03 15:40:57.726487,726,0,POINT (242.0123775934928 90.39870965250856),0.02056434362252252,242.0123775934928,90.39870965250856
2025-09-03 15:40:58.726487,727,0,POINT (241.99308588941574 90.3904220405643),0.020996532045447304,241.99308588941574,90.3904220405643
2025-09-03 15:40:59.726487,728,0,POINT (241.97373909659285 90.38118042172864),0.021440753513702043,241.97373909659285,90.38118042172864
2025-09-03 15:41:00.726487,729,0,POINT (241.9542725095931 90.37100674959999),0.021964781219044122,241.9542725095931,90.37100674959999
2025-09-03 15:41:01.726487,730,0,POINT (241.93494164433199 90.36093615359484),0.021796771679360297,241.93494164433199,90.36093615359484
2025-09-03 15:41:02.726487,731,0,POINT (241.91575773987708 90.35096037586514),0.021622634701793025,241.91575773987708,90.35096037586514
2025-09-03 15:41:03.726487,732,0,POINT (241.89674390782668 90.34108759727333),0.021424228489351906,241.89674390782668,90.34108759727333
2025-09-03 15:41:04.726487,733,0,POINT (241.8778522492316 90.33134337654516),0.02125663665944751,241.8778522492316,90.33134337654516
2025-09-03 15:41:05.726487,734,0,POINT (241.85913475792177 90.32170303796413),0.021054230189942062,241.85913475792177,90.32170303796413
2025-09-03 15:41:06.726487,735,0,POINT (241.84058727768593 90.31216938639568),0.0208542450193567,241.84058727768593,90.31216938639568
2025-09-03 15:41:07.726487,736,0,POINT (241.8220176705975 90.30275599260811),0.020819276885107686,241.8220176705975,90.30275599260811
2025-09-03 15:41:08.726487,737,0,POINT (241.80347263863868 90.29345529824144),0.020746593119244382,241.80347263863868,90.29345529824144
2025-09-03 15:41:09.726487,738,0,POINT (241.7849399142132 90.28429119234727),0.020674687699467457,241.7849399142132,90.28429119234727
2025-09-03 15:41:10.726487,739,0,POINT (241.76640594642367 90.2752414788185),0.020625355196355596,241.76640594642367,90.2752414788185
2025-09-03 15:41:11.726487,740,0,POINT (241.7480370576753 90.26627126382309),0.020442133717250534,241.7480370576753,90.26627126382309
2025-09-03 15:41:12.726487,741,0,POINT (241.72976021274314 90.25737758211257),0.020325861237404468,241.72976021274314,90.25737758211257
2025-09-03 15:41:13.726487,742,0,POINT (241.7115339899834 90.24858521316368),0.020236129763900827,241.7115339899834,90.24858521316368
2025-09-03 15:41:14.726487,743,0,POINT (241.69325217818525 90.23987889109289),0.020249066314851297,241.69325217818525,90.23987889109289
2025-09-03 15:41:15.726487,744,0,POINT (241.67506245382225 90.23128314049903),0.020118474113947866,241.67506245382225,90.23128314049903
2025-09-03 15:41:16.726487,745,0,POINT (241.65706419722378 90.2227656707753),0.019911919321832037,241.65706419722378,90.2227656707753
2025-09-03 15:41:17.726487,746,0,POINT (241.63905865259932 90.21432139403878),0.01988731874402339,241.63905865259932,90.21432139403878
2025-09-03 15:41:18.726487,747,0,POINT (241.62103778382482 90.20597810082411),0.01985855616739549,241.62103778382482,90.20597810082411
2025-09-03 15:41:19.726487,748,0,POINT (241.60305257184316 90.19775617513014),0.019775437091053675,241.60305257184316,90.19775617513014
2025-09-03 15:41:20.726487,749,0,POINT (241.58493446139417 90.18964368824832),0.019851407246076674,241.58493446139417,90.18964368824832
2025-09-03 15:41:21.726487,750,0,POINT (241.566840001827 90.18160584617175),0.019799403331320152,241.566840001827,90.18160584617175
2025-09-03 15:41:22.726487,751,0,POINT (241.54878415633007 90.17366185937047),0.019726137049799104,241.54878415633007,90.17366185937047
2025-09-03 15:41:23.726487,752,0,POINT (241.53077660031587 90.16580759967094),0.01964590209260129,241.53077660031587,90.16580759967094
2025-09-03 15:41:24.726487,753,0,POINT (241.51283998338334 90.15804221723256),0.019545418680566137,241.51283998338334,90.15804221723256
2025-09-03 15:41:25.726487,754,0,POINT (241.49486850052725 90.15036694676255),0.01954185182716624,241.49486850052725,90.15036694676255
2025-09-03 15:41:26.726487,755,0,POINT (241.476814479791 90.14276785267869),0.01958810597379361,241.476814479791,90.14276785267869
2025-09-03 15:41:27.726487,756,0,POINT (241.45881855750892 90.13526383515577),0.019497781867856792,241.45881855750892,90.13526383515577
2025-09-03 15:41:28.726487,757,0,POINT (241.44101058984657 90.12784660437264),0.019290905234165476,241.44101058984657,90.12784660437264
2025-09-03 15:41:29.726487,758,0,POINT (241.4232719168879 90.12050744595483),0.019196972798240047,241.4232719168879,90.12050744595483
2025-09-03 15:41:30.726487,759,0,POINT (241.4054707602028 90.11325196722281),0.019222984964830932,241.4054707602028,90.11325196722281
2025-09-03 15:41:31.726487,760,0,POINT (241.38786115320755 90.10606937803942),0.01901809259375102,241.38786115320755,90.10606937803942
2025-09-03 15:41:32.726487,761,0,POINT (241.37028922130023 90.09893603632162),0.018964634323357925,241.37028922130023,90.09893603632162
2025-09-03 15:41:33.726487,762,0,POINT (241.35275865565464 90.09190858559066),0.018886656549804273,241.35275865565464,90.09190858559066
2025-09-03 15:41:34.726487,763,0,POINT (241.33516709071768 90.08493595778776),0.018923020250719402,241.33516709071768,90.08493595778776
2025-09-03 15:41:35.726487,764,0,POINT (241.31751401711745 90.07801413154759),0.018961610850195723,241.31751401711745,90.07801413154759
2025-09-03 15:41:36.726487,765,0,POINT (241.29981518499446 90.07118089496633),0.018972131685532138,241.29981518499446,90.07118089496633
2025-09-03 15:41:37.726487,766,0,POINT (241.28215622893606 90.0643970003492),0.018917186768881288,241.28215622893606,90.0643970003492
2025-09-03 15:41:38.726487,767,0,POINT (241.26447974381963 90.05769475172758),0.018904450868968047,241.26447974381963,90.05769475172758
2025-09-03 15:41:39.726487,768,0,POINT (241.24679834413394 90.05104994495557),0.01888876258209825,241.24679834413394,90.05104994495557
2025-09-03 15:41:40.726487,769,0,POINT (241.22907778450625 90.04448582403853),0.018897246279074034,241.22907778450625,90.04448582403853
2025-09-03 15:41:41.726487,770,0,POINT (241.21123246601212 90.03798044115838),0.01899408851653834,241.21123246601212,90.03798044115838
2025-09-03 15:41:42.726487,771,0,POINT (241.1934502378508 90.03154923956525),0.018909468324422425,241.1934502378508,90.03154923956525
2025-09-03 15:41:43.726487,772,0,POINT (241.17568120376274 90.02519036603165),0.018872568586165393,241.17568120376274,90.02519036603165
2025-09-03 15:41:44.726487,773,0,POINT (241.15788672664763 90.01888536996103),0.018878463688831615,241.15788672664763,90.01888536996103
2025-09-03 15:41:45.726487,774,0,POINT (241.14025224976328 90.01266680910945),0.018698804080731705,241.14025224976328,90.01266680910945
2025-09-03 15:41:46.726487,775,0,POINT (241.1225513273137 90.00648752087878),0.018748500169457567,241.1225513273137,90.00648752087878
2025-09-03 15:41:47.726487,776,0,POINT (241.10482481225333 90.0003724857582),0.018751613016245165,241.10482481225333,90.0003724857582
2025-09-03 15:41:48.726487,777,0,POINT (241.08713472662592 89.99429282837144),0.018705650575305627,241.08713472662592,89.99429282837144
2025-09-03 15:41:49.726487,778,0,POINT (241.0694123918247 89.98828371936678),0.018713378685755924,241.0694123918247,89.98828371936678
2025-09-03 15:41:50.726487,779,0,POINT (241.0516784605262 89.98234827239189),0.01870085158733202,241.0516784605262,89.98234827239189
2025-09-03 15:41:51.726487,780,0,POINT (241.0339870697261 89.97648410391517),0.01863796610055825,241.0339870697261,89.97648410391517
2025-09-03 15:41:52.726487,781,0,POINT (241.01624808565532 89.97067913604256),0.0186646512923545,241.01624808565532,89.97067913604256
2025-09-03 15:41:53.726487,782,0,POINT (240.99848960206504 89.96492789981562),0.018666559874934315,240.99848960206504,89.96492789981562
2025-09-03 15:41:54.726487,783,0,POINT (240.98071084498946 89.95919963126698),0.01867879181632547,240.98071084498946,89.95919963126698
2025-09-03 15:41:55.726487,784,0,POINT (240.96283517936484 89.95351749778138),0.01875702701579593,240.96283517936484,89.95351749778138
2025-09-03 15:41:56.726487,785,0,POINT (240.94487909194922 89.94785376742955),0.018828141617691127,240.94487909194922,89.94785376742955
2025-09-03 15:41:57.726487,786,0,POINT (240.9269000389551 89.94221042856105),0.018843927938465933,240.9269000389551,89.94221042856105
2025-09-03 15:41:58.726487,787,0,POINT (240.90889137821128 89.93660763551473),0.0188600941595159,240.90889137821128,89.93660763551473
2025-09-03 15:41:59.726487,788,0,POINT (240.89082877374474 89.93104744155055),0.018899032701011335,240.89082877374474,89.93104744155055
2025-09-03 15:42:00.726487,789,0,POINT (240.872683321315 89.92552279397907),0.01896784580991745,240.872683321315,89.92552279397907
2025-09-03 15:42:01.726487,790,0,POINT (240.8544692352551 89.92005438581792),0.019017266333909832,240.8544692352551,89.92005438581792
2025-09-03 15:42:02.726487,791,0,POINT (240.8362873829407 89.91461705126069),0.01897746981738725,240.8362873829407,89.91461705126069
2025-09-03 15:42:03.726487,792,0,POINT (240.81820476024785 89.90923193716925),0.018867450734786375,240.81820476024785,89.90923193716925
2025-09-03 15:42:04.726487,793,0,POINT (240.80001176598714 89.90387773769153),0.018964506115838248,240.80001176598714,89.90387773769153
2025-09-03 15:42:05.726487,794,0,POINT (240.78170456275183 89.89853046811719),0.019072152007564076,240.78170456275183,89.89853046811719
2025-09-03 15:42:06.726487,795,0,POINT (240.76331003235592 89.89321398322902),0.01914742175991745,240.76331003235592,89.89321398322902
2025-09-03 15:42:07.726487,796,0,POINT (240.7448811565636 89.88793885904822),0.01916899575073644,240.7448811565636,89.88793885904822
2025-09-03 15:42:08.726487,797,0,POINT (240.7263789934704 89.88268644069402),0.019233250835324733,240.7263789934704,89.88268644069402
2025-09-03 15:42:09.726487,798,0,POINT (240.70780897395002 89.87745097066794),0.019293930946837907,240.70780897395002,89.87745097066794
2025-09-03 15:42:10.726487,799,0,POINT (240.68921232639553 89.87224364245198),0.01931195400301592,240.68921232639553,89.87224364245198
2025-09-03 15:42:11.726487,800,0,POINT (240.67047320913474 89.86706151592894),0.01944245228911561,240.67047320913474,89.86706151592894
2025-09-03 15:42:12.726487,801,0,POINT (240.65179578596945 89.86191258575845),0.019374148187617728,240.65179578596945,89.86191258575845
2025-09-03 15:42:13.726487,802,0,POINT (240.63319548028025 89.8568136474864),0.019286537875781523,240.63319548028025,89.8568136474864
2025-09-03 15:42:14.726487,803,0,POINT (240.61460815829292 89.8517410759219),0.019267057921167317,240.61460815829292,89.8517410759219
2025-09-03 15:42:15.726487,804,0,POINT (240.59594950675407 89.8466806741206),0.019332691060454134,240.59594950675407,89.8466806741206
2025-09-03 15:42:16.726487,805,0,POINT (240.5773042664054 89.84163284320479),0.019316458904623003,240.5773042664054,89.84163284320479
2025-09-03 15:42:17.726487,806,0,POINT (240.55854919934126 89.83659997644934),0.019418606756379048,240.55854919934126,89.83659997644934
2025-09-03 15:42:18.726487,807,0,POINT (240.53972853353972 89.83265230028785),0.019230226423245827,240.53972853353972,89.83265230028785
2025-09-03 15:42:19.726487,808,0,POINT (240.5208359405165 89.82977005689239),0.019111185157699422,240.5208359405165,89.82977005689239
2025-09-03 15:42:20.726487,809,0,POINT (240.501796362896 89.82793162424367),0.019128129824189048,240.501796362896,89.82793162424367
2025-09-03 15:42:21.726487,810,0,POINT (240.48272969262962 89.82716197036468),0.019082198042675483,240.48272969262962,89.82716197036468
2025-09-03 15:42:22.726487,811,0,POINT (240.46351141323677 89.8273853457533),0.019219577502788646,240.46351141323677,89.8273853457533
2025-09-03 15:42:23.726487,812,0,POINT (240.4441944169114 89.82861881225823),0.019356337118726155,240.4441944169114,89.82861881225823
2025-09-03 15:42:24.726487,813,0,POINT (240.42477285096686 89.82979103892607),0.019456909803419332,240.42477285096686,89.82979103892607
2025-09-03 15:42:25.726487,814,0,POINT (240.4053210747032 89.83090112866383),0.019483426265341195,240.4053210747032,89.83090112866383
2025-09-03 15:42:26.726487,815,0,POINT (240.38585631464667 89.83199152491336),0.01949527758303349,240.38585631464667,89.83199152491336
2025-09-03 15:42:27.726487,816,0,POINT (240.36637709183614 89.83305138623294),0.019508034942532223,240.36637709183614,89.83305138623294
2025-09-03 15:42:28.726487,817,0,POINT (240.3467938925391 89.83403713904573),0.019607993352603287,240.3467938925391,89.83403713904573
2025-09-03 15:42:29.726487,818,0,POINT (240.32720535029276 89.83497001097665),0.019610742907296978,240.32720535029276,89.83497001097665
2025-09-03 15:42:30.726487,819,0,POINT (240.3077199267095 89.83586267700242),0.0195058602694864,240.3077199267095,89.83586267700242
2025-09-03 15:42:31.726487,820,0,POINT (240.28823293331752 89.83671650938528),0.01950568996977682,240.28823293331752,89.83671650938528
2025-09-03 15:42:32.726487,821,0,POINT (240.26872168416998 89.83752626041509),0.01952804496173909,240.26872168416998,89.83752626041509
2025-09-03 15:42:33.726487,822,0,POINT (240.24918213403598 89.83829159345865),0.019554532827623792,240.24918213403598,89.83829159345865
2025-09-03 15:42:34.726487,823,0,POINT (240.22976829525388 89.83905634185521),0.019428895397510675,240.22976829525388,89.83905634185521
2025-09-03 15:42:35.726487,824,0,POINT (240.2104228164826 89.83980702177062),0.019360037944825985,240.2104228164826,89.83980702177062
2025-09-03 15:42:36.726487,825,0,POINT (240.19106040592007 89.84052884844155),0.01937586066565995,240.19106040592007,89.84052884844155
2025-09-03 15:42:37.726487,826,0,POINT (240.17152743388417 89.84286971831062),0.019672739216981077,240.17152743388417,89.84286971831062
2025-09-03 15:42:38.726487,827,0,POINT (240.15176510266767 89.84683850773204),0.020156910095105077,240.15176510266767,89.84683850773204
2025-09-03 15:42:39.726487,828,0,POINT (240.13179847692695 89.85245367598338),0.020741173013137177,240.13179847692695,89.85245367598338
2025-09-03 15:42:40.726487,829,0,POINT (240.11168559379303 89.85973701058954),0.021391003504836567,240.11168559379303,89.85973701058954
2025-09-03 15:42:41.726487,830,0,POINT (240.09148826859956 89.86871005809704),0.022100849000487244,240.09148826859956,89.86871005809704
2025-09-03 15:42:42.726487,831,0,POINT (240.0712312170743 89.87939001959727),0.022899993758579703,240.0712312170743,89.87939001959727
2025-09-03 15:42:43.726487,832,0,POINT (240.05078324289332 89.89178013175494),0.02390887967652299,240.05078324289332,89.89178013175494
2025-09-03 15:42:44.726487,833,0,POINT (240.03016103478853 89.90589841245558),0.02499202506919183,240.03016103478853,89.90589841245558
2025-09-03 15:42:45.726487,834,0,POINT (240.00960442806692 89.92177917208164),0.025976385549334152,240.00960442806692,89.92177917208164
2025-09-03 15:42:46.726487,835,0,POINT (239.98901943168386 89.93942998329906),0.02711629054136721,239.98901943168386,89.93942998329906
2025-09-03 15:42:47.726487,836,0,POINT (239.9685288489083 89.95887308538869),0.02824709190959797,239.9685288489083,89.95887308538869
2025-09-03 15:42:48.726487,837,0,POINT (239.9481308087273 89.98010901587524),0.02944562423952275,239.9481308087273,89.98010901587524
2025-09-03 15:42:49.726487,838,0,POINT (239.927845682339 90.00312208930929),0.03067715601991261,239.927845682339,90.00312208930929
2025-09-03 15:42:50.726487,839,0,POINT (239.90768663721153 90.0278794859576),0.031926725313658845,239.90768663721153,90.0278794859576
2025-09-03 15:42:51.726487,840,0,POINT (239.88787604003267 90.05437350098357),0.03308160505144296,239.88787604003267,90.05437350098357
2025-09-03 15:42:52.726487,841,0,POINT (239.86840139398663 90.08259081326004),0.034285252671170954,239.86840139398663,90.08259081326004
2025-09-03 15:42:53.726487,842,0,POINT (239.84926223313946 90.11051033951033),0.033849777310559576,239.84926223313946,90.11051033951033
2025-09-03 15:42:54.726487,843,0,POINT (239.8304567350624 90.13813979963957),0.03342205596548328,239.8304567350624,90.13813979963957
2025-09-03 15:42:55.726487,844,0,POINT (239.81205951441 90.16547274077391),0.032947646331499617,239.81205951441,90.16547274077391
2025-09-03 15:42:56.726487,845,0,POINT (239.7940833419479 90.19253534071949),0.03248887643797721,239.7940833419479,90.19253534071949
2025-09-03 15:42:57.726487,846,0,POINT (239.7764726189686 90.21930449058158),0.03204254902770179,239.7764726189686,90.21930449058158
2025-09-03 15:42:58.726487,847,0,POINT (239.7590797993397 90.24578875989462),0.031684802282627135,239.7590797993397,90.24578875989462
2025-09-03 15:42:59.726487,848,0,POINT (239.74190209212452 90.27198915790856),0.03132945070152792,239.74190209212452,90.27198915790856
2025-09-03 15:43:00.726487,849,0,POINT (239.7249856602096 90.29793429382869),0.030972822710336655,239.7249856602096,90.29793429382869
2025-09-03 15:43:01.726487,850,0,POINT (239.7081894833776 90.32254602738912),0.029796794878336995,239.7081894833776,90.32254602738912
2025-09-03 15:43:02.726487,851,0,POINT (239.69142207504635 90.3458569921711),0.02871492749795917,239.69142207504635,90.3458569921711
2025-09-03 15:43:03.726487,852,0,POINT (239.6746439458125 90.36791158766104),0.027711203561244388,239.6746439458125,90.36791158766104
2025-09-03 15:43:04.726487,853,0,POINT (239.65781259996024 90.38869556496873),0.026744493188787324,239.65781259996024,90.38869556496873
2025-09-03 15:43:05.726487,854,0,POINT (239.6409531489603 90.40822830753632),0.025802502208717368,239.6409531489603,90.40822830753632
2025-09-03 15:43:06.726487,855,0,POINT (239.62397827632066 90.42653126411092),0.02496286282668902,239.62397827632066,90.42653126411092
2025-09-03 15:43:07.726487,856,0,POINT (239.60679016853481 90.44364232345515),0.02425323485928204,239.60679016853481,90.44364232345515
2025-09-03 15:43:08.726487,857,0,POINT (239.58945748529845 90.45955803489933),0.023531506091757824,239.58945748529845,90.45955803489933
2025-09-03 15:43:09.726487,858,0,POINT (239.57200587066237 90.47431096892328),0.02285186897654967,239.57200587066237,90.47431096892328
2025-09-03 15:43:10.726487,859,0,POINT (239.55429652405343 90.48793920927913),0.022346138201320975,239.55429652405343,90.48793920927913
2025-09-03 15:43:11.726487,860,0,POINT (239.53638323666277 90.5004160641897),0.02183020324228263,239.53638323666277,90.5004160641897
2025-09-03 15:43:12.726487,861,0,POINT (239.5182881633823 90.51178091331163),0.021368001136983606,239.5182881633823,90.51178091331163
2025-09-03 15:43:13.726487,862,0,POINT (239.50005783665296 90.52203264509996),0.02091513369113995,239.50005783665296,90.52203264509996
2025-09-03 15:43:14.726487,863,0,POINT (239.48164852197877 90.53117005030431),0.020552251473788544,239.48164852197877,90.53117005030431
2025-09-03 15:43:15.726487,864,0,POINT (239.4629478435021 90.53925766649346),0.0203746143794413,239.4629478435021,90.53925766649346
2025-09-03 15:43:16.726487,865,0,POINT (239.4440388366176 90.5462645812546),0.02016550013829322,239.4440388366176,90.5462645812546
2025-09-03 15:43:17.726487,866,0,POINT (239.42492988225837 90.55220501419622),0.020011018970490246,239.42492988225837,90.55220501419622
2025-09-03 15:43:18.726487,867,0,POINT (239.40549756773953 90.55713256322511),0.020047333662888127,239.40549756773953,90.55713256322511
2025-09-03 15:43:19.726487,868,0,POINT (239.38579569937357 90.56102951982209),0.020083572586275154,239.38579569937357,90.56102951982209
2025-09-03 15:43:20.726487,869,0,POINT (239.36584264831117 90.56393541304413),0.0201635428959485,239.36584264831117,90.56393541304413
2025-09-03 15:43:21.726487,870,0,POINT (239.34566595104798 90.56583334766303),0.020265765918618922,239.34566595104798,90.56583334766303
2025-09-03 15:43:22.726487,871,0,POINT (239.32526512922055 90.56675253378792),0.020421518904489667,239.32526512922055,90.56675253378792
2025-09-03 15:43:23.726487,872,0,POINT (239.30468131328362 90.5666690854794),0.02058398508903552,239.30468131328362,90.5666690854794
2025-09-03 15:43:24.726487,873,0,POINT (239.28388214772292 90.56564211751173),0.020824503625012807,239.28388214772292,90.56564211751173
2025-09-03 15:43:25.726487,874,0,POINT (239.26279423927767 90.56364321169308),0.021182433926893538,239.26279423927767,90.56364321169308
2025-09-03 15:43:26.726487,875,0,POINT (239.24163226295238 90.56067676872512),0.021368879846033684,239.24163226295238,90.56067676872512
2025-09-03 15:43:27.726487,876,0,POINT (239.22032517018388 90.55673908074739),0.021667893041437722,239.22032517018388,90.55673908074739
2025-09-03 15:43:28.726487,877,0,POINT (239.19883475891697 90.55185742744376),0.022037883641533307,239.19883475891697,90.55185742744376
2025-09-03 15:43:29.726487,878,0,POINT (239.1771580219562 90.54602738517112),0.022447055890872196,239.1771580219562,90.54602738517112
2025-09-03 15:43:30.726487,879,0,POINT (239.15533757759673 90.53924034132471),0.022851602924464445,239.15533757759673,90.53924034132471
2025-09-03 15:43:31.726487,880,0,POINT (239.13345228261528 90.53150388993556),0.023212471142072005,239.13345228261528,90.53150388993556
2025-09-03 15:43:32.726487,881,0,POINT (239.11139785824514 90.5228776069615),0.02368143560358677,239.11139785824514,90.5228776069615
2025-09-03 15:43:33.726487,882,0,POINT (239.0892131826679 90.51334781502003),0.024144911781069835,239.0892131826679,90.51334781502003
2025-09-03 15:43:34.726487,883,0,POINT (239.0668626025209 90.50292193009648),0.02466267441593001,239.0668626025209,90.50292193009648
2025-09-03 15:43:35.726487,884,0,POINT (239.04448273447298 90.49157359084991),0.025092694106004315,239.04448273447298,90.49157359084991
2025-09-03 15:43:36.726487,885,0,POINT (239.02197600160633 90.4793319068944),0.025620535716434547,239.02197600160633,90.4793319068944
2025-09-03 15:43:37.726487,886,0,POINT (238.9994448846349 90.46618963057007),0.026083915713818608,238.9994448846349,90.46618963057007
2025-09-03 15:43:38.726487,887,0,POINT (238.97702692590295 90.45213424764356),0.026459755533986985,238.97702692590295,90.45213424764356
2025-09-03 15:43:39.726487,888,0,POINT (238.9548057379158 90.43718873721573),0.02677964670246193,238.9548057379158,90.43718873721573
2025-09-03 15:43:40.726487,889,0,POINT (238.93247620599348 90.42140606028408),0.02734411978832543,238.93247620599348,90.42140606028408
2025-09-03 15:43:41.726487,890,0,POINT (238.91020847259733 90.40472554276114),0.027822501962173497,238.91020847259733,90.40472554276114
2025-09-03 15:43:42.726487,891,0,POINT (238.88799937863035 90.38718564844399),0.028300030874381904,238.88799937863035,90.38718564844399
2025-09-03 15:43:43.726487,892,0,POINT (238.86597456463713 90.36983126755436),0.028040452341189695,238.86597456463713,90.36983126755436
2025-09-03 15:43:44.726487,893,0,POINT (238.844185791384 90.35264457540377),0.027751270726851553,238.844185791384,90.35264457540377
2025-09-03 15:43:45.726487,894,0,POINT (238.82257335487128 90.33565187393114),0.027492713859394863,238.82257335487128,90.33565187393114
2025-09-03 15:43:46.726487,895,0,POINT (238.8010604687255 90.31882932525774),0.027309383262727655,238.8010604687255,90.31882932525774
2025-09-03 15:43:47.726487,896,0,POINT (238.7796584979469 90.30217977432402),0.027115528752025518,238.7796584979469,90.30217977432402
2025-09-03 15:43:48.726487,897,0,POINT (238.7584600170988 90.28571665120838),0.026840454783565355,238.7584600170988,90.28571665120838
2025-09-03 15:43:49.726487,898,0,POINT (238.7373703802829 90.26941126535654),0.026657801649871558,238.7373703802829,90.26941126535654
2025-09-03 15:43:50.726487,899,0,POINT (238.71642196793684 90.25326904041252),0.02644631176485314,238.71642196793684,90.25326904041252
2025-09-03 15:43:51.726487,900,0,POINT (238.6956232932483 90.23727838107312),0.02623520640109535,238.6956232932483,90.23727838107312
2025-09-03 15:43:52.726487,901,0,POINT (238.674859625598 90.22143607488458),0.026117208113880606,238.674859625598,90.22143607488458
2025-09-03 15:43:53.726487,902,0,POINT (238.6541605725236 90.20575481611579),0.025968301345111085,238.6541605725236,90.20575481611579
2025-09-03 15:43:54.726487,903,0,POINT (238.63368076647023 90.19022344087549),0.025703036257197324,238.63368076647023,90.19022344087549
2025-09-03 15:43:55.726487,904,0,POINT (238.61331519155036 90.17485149967803),0.025515744511875313,238.61331519155036,90.17485149967803
2025-09-03 15:43:56.726487,905,0,POINT (238.59303886711047 90.15962112068993),0.0253592936990104,238.59303886711047,90.15962112068993
2025-09-03 15:43:57.726487,906,0,POINT (238.57300355117638 90.14451912232327),0.025089524492206514,238.57300355117638,90.14451912232327
2025-09-03 15:43:58.726487,907,0,POINT (238.55308392990116 90.12952895293438),0.024929831328270403,238.55308392990116,90.12952895293438
2025-09-03 15:43:59.726487,908,0,POINT (238.5333016867926 90.11470261954763),0.02472159590521806,238.5333016867926,90.11470261954763
2025-09-03 15:44:00.726487,909,0,POINT (238.5135532091933 90.1000129131145),0.02461279834927207,238.5135532091933,90.1000129131145
2025-09-03 15:44:01.726487,910,0,POINT (238.49388773713073 90.0854605188493),0.024464320352166013,238.49388773713073,90.0854605188493
2025-09-03 15:44:02.726487,911,0,POINT (238.4743303325808 90.07102496017808),0.02430797043935304,238.4743303325808,90.07102496017808
2025-09-03 15:44:03.726487,912,0,POINT (238.4548534208326 90.05673911780133),0.024154407127075655,238.4548534208326,90.05673911780133
2025-09-03 15:44:04.726487,913,0,POINT (238.43540303864052 90.04258634757313),0.02405448549750901,238.43540303864052,90.04258634757313
2025-09-03 15:44:05.726487,914,0,POINT (238.41598101469364 90.02855722662788),0.023958949240095125,238.41598101469364,90.02855722662788
2025-09-03 15:44:06.726487,915,0,POINT (238.39666575028912 90.01469198724931),0.023776549414116274,238.39666575028912,90.01469198724931
2025-09-03 15:44:07.726487,916,0,POINT (238.37740405936052 90.00093923407827),0.023667508470735597,238.37740405936052,90.00093923407827
2025-09-03 15:44:08.726487,917,0,POINT (238.35817441632938 89.98730842024075),0.023570707604529468,238.35817441632938,89.98730842024075
2025-09-03 15:44:09.726487,918,0,POINT (238.33892333932948 89.97381562759129),0.023508709431551034,238.33892333932948,89.97381562759129
2025-09-03 15:44:10.726487,919,0,POINT (238.31971321775484 89.96043963184074),0.023408247120008222,238.31971321775484,89.96043963184074
2025-09-03 15:44:11.726487,920,0,POINT (238.30059188893398 89.94717172046211),0.02327364793552318,238.30059188893398,89.94717172046211
2025-09-03 15:44:12.726487,921,0,POINT (238.2814267647174 89.93506172339237),0.022670553924999323,238.2814267647174,89.93506172339237
2025-09-03 15:44:13.726487,922,0,POINT (238.2621892846544 89.92410539739012),0.02213869279432923,238.2621892846544,89.92410539739012
2025-09-03 15:44:14.726487,923,0,POINT (238.24280603501725 89.91426497319294),0.021738084434381102,238.24280603501725,89.91426497319294
2025-09-03 15:44:15.726487,924,0,POINT (238.22323317141897 89.90553592036031),0.021431130459963737,238.22323317141897,89.90553592036031
2025-09-03 15:44:16.726487,925,0,POINT (238.203512246156 89.89790411126232),0.02114614393536874,238.203512246156,89.89790411126232
2025-09-03 15:44:17.726487,926,0,POINT (238.18369413335768 89.8913587784094),0.020871008050475495,238.18369413335768,89.8913587784094
2025-09-03 15:44:18.726487,927,0,POINT (238.16365703996811 89.88588732005108),0.020770699749136375,238.16365703996811,89.88588732005108
2025-09-03 15:44:19.726487,928,0,POINT (238.14354890735794 89.88148146133112),0.02058515455683261,238.14354890735794,89.88148146133112
2025-09-03 15:44:20.726487,929,0,POINT (238.12327050071008 89.87813364538218),0.020552898768884637,238.12327050071008,89.87813364538218
2025-09-03 15:44:21.726487,930,0,POINT (238.10279864549298 89.87580255175325),0.02060414651317915,238.10279864549298,89.87580255175325
2025-09-03 15:44:22.726487,931,0,POINT (238.08216483904783 89.87449155275536),0.020675412614704434,238.08216483904783,89.87449155275536
2025-09-03 15:44:23.726487,932,0,POINT (238.061359053731 89.87419862241833),0.020807847337788656,238.061359053731,89.87419862241833
2025-09-03 15:44:24.726487,933,0,POINT (238.04028067250675 89.87487962699655),0.021089379371381372,238.04028067250675,89.87487962699655
2025-09-03 15:44:25.726487,934,0,POINT (238.01900184556357 89.87654161969624),0.021343633613140844,238.01900184556357,89.87654161969624
2025-09-03 15:44:26.726487,935,0,POINT (237.99754589375212 89.87919956729812),0.02161995729851126,237.99754589375212,89.87919956729812
2025-09-03 15:44:27.726487,936,0,POINT (237.97591926649642 89.88284041831248),0.02193095535004746,237.97591926649642,89.88284041831248
2025-09-03 15:44:28.726487,937,0,POINT (237.95424846372114 89.88640825632034),0.02196253994817517,237.95424846372114,89.88640825632034
2025-09-03 15:44:29.726487,938,0,POINT (237.9324931422627 89.88990344647343),0.02203429976120021,237.9324931422627,89.88990344647343
2025-09-03 15:44:30.726487,939,0,POINT (237.9108141817356 89.89335090000401),0.02195136135599792,237.9108141817356,89.89335090000401
2025-09-03 15:44:31.726487,940,0,POINT (237.88927425187035 89.89674947946698),0.021806396331480876,237.88927425187035,89.89674947946698
2025-09-03 15:44:32.726487,941,0,POINT (237.86772571806503 89.90008413722173),0.02180502812426846,237.86772571806503,89.90008413722173
2025-09-03 15:44:33.726487,942,0,POINT (237.84623343329085 89.90337871905797),0.021743334019655138,237.84623343329085,89.90337871905797
2025-09-03 15:44:34.726487,943,0,POINT (237.82467302751002 89.90659429732841),0.021798877059322957,237.82467302751002,89.90659429732841
2025-09-03 15:44:35.726487,944,0,POINT (237.80310675194107 89.90974120207633),0.02179466107577976,237.80310675194107,89.90974120207633
2025-09-03 15:44:36.726487,945,0,POINT (237.78158918779928 89.91282069486014),0.0217368084686215,237.78158918779928,89.91282069486014
2025-09-03 15:44:37.726487,946,0,POINT (237.76017242500117 89.9158445130963),0.021629174868123983,237.76017242500117,89.9158445130963
2025-09-03 15:44:38.726487,947,0,POINT (237.73876716008996 89.91882765299978),0.021612137552837286,237.73876716008996,89.91882765299978
2025-09-03 15:44:39.726487,948,0,POINT (237.71734356854725 89.92177946708141),0.021625990866582984,237.71734356854725,89.92177946708141
2025-09-03 15:44:40.726487,949,0,POINT (237.69591969572602 89.9246776112668),0.021619009375538175,237.69591969572602,89.9246776112668
2025-09-03 15:44:41.726487,950,0,POINT (237.67452287550987 89.92752243816206),0.021585109576427487,237.67452287550987,89.92752243816206
2025-09-03 15:44:42.726487,951,0,POINT (237.65311715212428 89.93030741442448),0.021586131808232167,237.65311715212428,89.93030741442448
2025-09-03 15:44:43.726487,952,0,POINT (237.63171401478593 89.93305653786479),0.021578970494777562,237.63171401478593,89.93305653786479
2025-09-03 15:44:44.726487,953,0,POINT (237.6103586777877 89.93574308179595),0.02152365992580916,237.6103586777877,89.93574308179595
2025-09-03 15:44:45.726487,954,0,POINT (237.5890158656821 89.9384010757749),0.021507686081207688,237.5890158656821,89.9384010757749
2025-09-03 15:44:46.726487,955,0,POINT (237.56781759760386 89.94100729630074),0.02135787805343682,237.56781759760386,89.94100729630074
2025-09-03 15:44:47.726487,956,0,POINT (237.54660259233003 89.94356711596214),0.02136888217636951,237.54660259233003,89.94356711596214
2025-09-03 15:44:48.726487,957,0,POINT (237.5254246696131 89.94607934081364),0.021326408143631785,237.5254246696131,89.94607934081364
2025-09-03 15:44:49.726487,958,0,POINT (237.50429824305027 89.94854279465974),0.02126956755946255,237.50429824305027,89.94854279465974
2025-09-03 15:44:50.726487,959,0,POINT (237.48317299276545 89.95094426296127),0.021261308746165147,237.48317299276545,89.95094426296127
2025-09-03 15:44:51.726487,960,0,POINT (237.46217057161104 89.95333547905184),0.021138107974435175,237.46217057161104,89.95333547905184
2025-09-03 15:44:52.726487,961,0,POINT (237.44118109255206 89.95570228727507),0.02112250014399395,237.44118109255206,89.95570228727507
2025-09-03 15:44:53.726487,962,0,POINT (237.4203289809578 89.95803669725152),0.02098237421926404,237.4203289809578,89.95803669725152
2025-09-03 15:44:54.726487,963,0,POINT (237.39944936034325 89.9603342254936),0.02100564669394243,237.39944936034325,89.9603342254936
2025-09-03 15:44:55.726487,964,0,POINT (237.3785631965825 89.96259808110968),0.02100849539809795,237.3785631965825,89.96259808110968
2025-09-03 15:44:56.726487,965,0,POINT (237.35769316386134 89.96483101171626),0.02098914588247057,237.35769316386134,89.96483101171626
2025-09-03 15:44:57.726487,966,0,POINT (237.33691407842164 89.96702561698716),0.020894656829088563,237.33691407842164,89.96702561698716
2025-09-03 15:44:58.726487,967,0,POINT (237.31632221418073 89.96918899787156),0.020705194753181395,237.31632221418073,89.96918899787156
2025-09-03 15:44:59.726487,968,0,POINT (237.29575519490737 89.97133792170958),0.020678978588225462,237.29575519490737,89.97133792170958
2025-09-03 15:45:00.726487,969,0,POINT (237.2751296204056 89.97343697654433),0.02073210926864778,237.2751296204056,89.97343697654433
2025-09-03 15:45:01.726487,970,0,POINT (237.25442080720694 89.9754968256909),0.020811004843684488,237.25442080720694,89.9754968256909
2025-09-03 15:45:02.726487,971,0,POINT (237.2337105718722 89.97752764886786),0.020809567280380647,237.2337105718722,89.97752764886786
2025-09-03 15:45:03.726487,972,0,POINT (237.21302649829238 89.97955030799773),0.02078273441611651,237.21302649829238,89.97955030799773
2025-09-03 15:45:04.726487,973,0,POINT (237.19247783840208 89.98155856901096),0.02064656231880465,237.19247783840208,89.98155856901096
2025-09-03 15:45:05.726487,974,0,POINT (237.1719579910682 89.98353817627054),0.020615115316379874,237.1719579910682,89.98353817627054
2025-09-03 15:45:06.726487,975,0,POINT (237.15139588765706 89.98547024221018),0.0206526747780043,237.15139588765706,89.98547024221018
2025-09-03 15:45:07.726487,976,0,POINT (237.13090308008097 89.98737167214735),0.020580830842233,237.13090308008097,89.98737167214735
2025-09-03 15:45:08.726487,977,0,POINT (237.11040811711283 89.9892179656353),0.020577956815710757,237.11040811711283,89.9892179656353
2025-09-03 15:45:09.726487,978,0,POINT (237.0899627596283 89.99102792873855),0.02052531629733023,237.0899627596283,89.99102792873855
2025-09-03 15:45:10.726487,979,0,POINT (237.0695967020988 89.99284524222728),0.020446978446965147,237.0695967020988,89.99284524222728
2025-09-03 15:45:11.726487,980,0,POINT (237.0492237713409 89.99462702253793),0.020450698001331237,237.0492237713409,89.99462702253793
2025-09-03 15:45:12.726487,981,0,POINT (237.02885751607377 89.99639801827239),0.020443110807740777,237.02885751607377,89.99639801827239
2025-09-03 15:45:13.726487,982,0,POINT (237.0084845911987 89.99814620293719),0.020447792486896415,237.0084845911987,89.99814620293719
2025-09-03 15:45:14.726487,983,0,POINT (236.98806859275922 89.9998622268504),0.02048798990511054,236.98806859275922,89.9998622268504
2025-09-03 15:45:15.726487,984,0,POINT (236.96773285995238 90.00154850439127),0.020405527700505938,236.96773285995238,90.00154850439127
2025-09-03 15:45:16.726487,985,0,POINT (236.94741138292068 90.00320915058059),0.0203892171138579,236.94741138292068,90.00320915058059
2025-09-03 15:45:17.726487,986,0,POINT (236.92702852800397 90.00483414472149),0.020447527491444135,236.92702852800397,90.00483414472149
2025-09-03 15:45:18.726487,987,0,POINT (236.90667455536754 90.00643477395818),0.020416812092925386,236.90667455536754,90.00643477395818
2025-09-03 15:45:19.726487,988,0,POINT (236.88632619320717 90.00802947199243),0.0204107546266741,236.88632619320717,90.00802947199243
2025-09-03 15:45:20.726487,989,0,POINT (236.8658721213193 90.00960390461671),0.02051457761890141,236.8658721213193,90.00960390461671
2025-09-03 15:45:21.726487,990,0,POINT (236.8454707011582 90.01117989406633),0.020462201429351408,236.8454707011582,90.01117989406633
2025-09-03 15:45:22.726487,991,0,POINT (236.8250748796653 90.01275188701416),0.020456311891412542,236.8250748796653,90.01275188701416
2025-09-03 15:45:23.726487,992,0,POINT (236.80474230715393 90.01428422289901),0.020390231930850516,236.80474230715393,90.01428422289901
2025-09-03 15:45:24.726487,993,0,POINT (236.78447002230664 90.01684726687901),0.020433666518108788,236.78447002230664,90.01684726687901
2025-09-03 15:45:25.726487,994,0,POINT (236.76407410404053 90.02042852724837),0.02070794310767546,236.76407410404053,90.02042852724837
2025-09-03 15:45:26.726487,995,0,POINT (236.74365668113026 90.02501343599293),0.020925882215400073,236.74365668113026,90.02501343599293
2025-09-03 15:45:27.726487,996,0,POINT (236.7232442342493 90.03060288683116),0.021163883111110508,236.7232442342493,90.03060288683116
2025-09-03 15:45:28.726487,997,0,POINT (236.70282624923888 90.03717027245669),0.021448185607187725,236.70282624923888,90.03717027245669
2025-09-03 15:45:29.726487,998,0,POINT (236.68237330262562 90.04471036675844),0.021798533144322615,236.68237330262562,90.04471036675844
2025-09-03 15:45:30.726487,999,0,POINT (236.66190862552352 90.05320478490947),0.022157575422813724,236.66190862552352,90.05320478490947
2025-09-03 15:45:31.726487,1000,0,POINT (236.64150622857233 90.06265376669855),0.022484240218530162,236.64150622857233,90.06265376669855
2025-09-03 15:45:32.726487,1001,0,POINT (236.62123772294842 90.0730536503088),0.022780910853890387,236.62123772294842,90.0730536503088
2025-09-03 15:45:33.726487,1002,0,POINT (236.600988135571 90.08438340184551),0.02320364322342969,236.600988135571,90.08438340184551
2025-09-03 15:45:34.726487,1003,0,POINT (236.5807699344544 90.09665455277501),0.023650725179692626,236.5807699344544,90.09665455277501
2025-09-03 15:45:35.726487,1004,0,POINT (236.56053207027347 90.10987962944448),0.024175892941503883,236.56053207027347,90.10987962944448
2025-09-03 15:45:36.726487,1005,0,POINT (236.5404122799214 90.12402659136507),0.024595578777357796,236.5404122799214,90.12402659136507
2025-09-03 15:45:37.726487,1006,0,POINT (236.52050104009868 90.13908633700532),0.024965043761781144,236.52050104009868,90.13908633700532
2025-09-03 15:45:38.726487,1007,0,POINT (236.5006897993103 90.15503472246164),0.02543297584315477,236.5006897993103,90.15503472246164
2025-09-03 15:45:39.726487,1008,0,POINT (236.48101566191426 90.17188897856327),0.025906324151021082,236.48101566191426,90.17188897856327
2025-09-03 15:45:40.726487,1009,0,POINT (236.4614565947735 90.18856756759735),0.025704716290678657,236.4614565947735,90.18856756759735
2025-09-03 15:45:41.726487,1010,0,POINT (236.4419803093969 90.20507737987273),0.025532324481697035,236.4419803093969,90.20507737987273
2025-09-03 15:45:42.726487,1011,0,POINT (236.42253351343768 90.22144388742677),0.025417325638158576,236.42253351343768,90.22144388742677
2025-09-03 15:45:43.726487,1012,0,POINT (236.40321633841498 90.23765848136748),0.025220355023665854,236.40321633841498,90.23765848136748
2025-09-03 15:45:44.726487,1013,0,POINT (236.38403630368103 90.25371891309594),0.025016218733056077,236.38403630368103,90.25371891309594
2025-09-03 15:45:45.726487,1014,0,POINT (236.36496091511427 90.26964148254368),0.024847508261212105,236.36496091511427,90.26964148254368
2025-09-03 15:45:46.726487,1015,0,POINT (236.34592665880962 90.28542888508292),0.0247294357397676,236.34592665880962,90.28542888508292
2025-09-03 15:45:47.726487,1016,0,POINT (236.32697688289235 90.30107058149979),0.02457146056122542,236.32697688289235,90.30107058149979
2025-09-03 15:45:48.726487,1017,0,POINT (236.30803820256082 90.31551220065612),0.023816674338713793,236.30803820256082,90.31551220065612
2025-09-03 15:45:49.726487,1018,0,POINT (236.2890010560769 90.32880981803436),0.02322153255469015,236.2890010560769,90.32880981803436
2025-09-03 15:45:50.726487,1019,0,POINT (236.26993771821054 90.34095685180174),0.022604452657665718,236.26993771821054,90.34095685180174
2025-09-03 15:45:51.726487,1020,0,POINT (236.25076826100656 90.35197258218285),0.022109147548581547,236.25076826100656,90.35197258218285
2025-09-03 15:45:52.726487,1021,0,POINT (236.2314259550606 90.36187289626378),0.021728806184611024,236.2314259550606,90.36187289626378
2025-09-03 15:45:53.726487,1022,0,POINT (236.21200196420367 90.37067114890174),0.021323711456759292,236.21200196420367,90.37067114890174
2025-09-03 15:45:54.726487,1023,0,POINT (236.192464152431 90.37835301927605),0.02099374243225406,236.192464152431,90.37835301927605
2025-09-03 15:45:55.726487,1024,0,POINT (236.17265262085647 90.38495130633937),0.02088143135656086,236.17265262085647,90.38495130633937
2025-09-03 15:45:56.726487,1025,0,POINT (236.15274547487294 90.39047098030954),0.020658200840012683,236.15274547487294,90.39047098030954
2025-09-03 15:45:57.726487,1026,0,POINT (236.13273423580355 90.3949207458996),0.02050000250972449,236.13273423580355,90.3949207458996
2025-09-03 15:45:58.726487,1027,0,POINT (236.11255590912413 90.39832274646814),0.020463100338171517,236.11255590912413,90.39832274646814
2025-09-03 15:45:59.726487,1028,0,POINT (236.0920886271655 90.40015465726633),0.02054910041695318,236.0920886271655,90.40015465726633
2025-09-03 15:46:00.726487,1029,0,POINT (236.0714510995085 90.40038258751389),0.02063878630132691,236.0714510995085,90.40038258751389
2025-09-03 15:46:01.726487,1030,0,POINT (236.05052386696266 90.39900734739439),0.02097237104891894,236.05052386696266,90.39900734739439
2025-09-03 15:46:02.726487,1031,0,POINT (236.0294133213581 90.3959970300396),0.021324097783931198,236.0294133213581,90.3959970300396
2025-09-03 15:46:03.726487,1032,0,POINT (236.0080565373806 90.39134404556998),0.021857778623087038,236.0080565373806,90.39134404556998
2025-09-03 15:46:04.726487,1033,0,POINT (235.98645633073053 90.38503124010667),0.02250378724001045,235.98645633073053,90.38503124010667
2025-09-03 15:46:05.726487,1034,0,POINT (235.96464376604968 90.37703764598645),0.02323113266535744,235.96464376604968,90.37703764598645
2025-09-03 15:46:06.726487,1035,0,POINT (235.94261634148424 90.36734676347923),0.02406492544668781,235.94261634148424,90.36734676347923
2025-09-03 15:46:07.726487,1036,0,POINT (235.92053220550622 90.35592272234003),0.024863985558352474,235.92053220550622,90.35592272234003
2025-09-03 15:46:08.726487,1037,0,POINT (235.898277725457 90.34276298027005),0.025854220034823114,235.898277725457,90.34276298027005
2025-09-03 15:46:09.726487,1038,0,POINT (235.87584046779037 90.32785169636134),0.026940247203867135,235.87584046779037,90.32785169636134
2025-09-03 15:46:10.726487,1039,0,POINT (235.8533012396388 90.31116330557538),0.028044949504206607,235.8533012396388,90.31116330557538
2025-09-03 15:46:11.726487,1040,0,POINT (235.83063908595352 90.29268252820447),0.02924230397708406,235.83063908595352,90.29268252820447
2025-09-03 15:46:12.726487,1041,0,POINT (235.80810632390364 90.27237835636643),0.030331250545021074,235.80810632390364,90.27237835636643
2025-09-03 15:46:13.726487,1042,0,POINT (235.78579900721073 90.25026547167921),0.03141012650767695,235.78579900721073,90.25026547167921
2025-09-03 15:46:14.726487,1043,0,POINT (235.7637582109032 90.22635427545933),0.03251987094893671,235.7637582109032,90.22635427545933
2025-09-03 15:46:15.726487,1044,0,POINT (235.74195714788075 90.20267001166718),0.03219053743392553,235.74195714788075,90.20267001166718
2025-09-03 15:46:16.726487,1045,0,POINT (235.72036275840406 90.17921797916564),0.03187970334435624,235.72036275840406,90.17921797916564
2025-09-03 15:46:17.726487,1046,0,POINT (235.69916395772646 90.15597231773198),0.03146029125194956,235.69916395772646,90.15597231773198
2025-09-03 15:46:18.726487,1047,0,POINT (235.67821887288736 90.13294919569952),0.031124921317786113,235.67821887288736,90.13294919569952
2025-09-03 15:46:19.726487,1048,0,POINT (235.65746928419182 90.11012710671967),0.03084466204123795,235.65746928419182,90.11012710671967
2025-09-03 15:46:20.726487,1049,0,POINT (235.63686337741763 90.0875127408303),0.030594328535938443,235.63686337741763,90.0875127408303
2025-09-03 15:46:21.726487,1050,0,POINT (235.61649606620614 90.0651231775249),0.030267472821372484,235.61649606620614,90.0651231775249
2025-09-03 15:46:22.726487,1051,0,POINT (235.5962883606618 90.04411111552427),0.0291523260287269,235.5962883606618,90.04411111552427
2025-09-03 15:46:23.726487,1052,0,POINT (235.5762124305065 90.02449429208252),0.02806889263125252,235.5762124305065,90.02449429208252
2025-09-03 15:46:24.726487,1053,0,POINT (235.55623054076992 90.00628947469055),0.027031302109224883,235.55623054076992,90.00628947469055
2025-09-03 15:46:25.726487,1054,0,POINT (235.53632160346916 89.98951391566953),0.026034307459829056,235.53632160346916,89.98951391566953
2025-09-03 15:46:26.726487,1055,0,POINT (235.51643948639475 89.97418269536858),0.025106670334337337,235.51643948639475,89.97418269536858
2025-09-03 15:46:27.726487,1056,0,POINT (235.4964309129174 89.96030112546973),0.024352433050017046,235.4964309129174,89.96030112546973
2025-09-03 15:46:28.726487,1057,0,POINT (235.47647655474753 89.94790175364508),0.023492995373442543,235.47647655474753,89.94790175364508
2025-09-03 15:46:29.726487,1058,0,POINT (235.45646527844698 89.9369926616022),0.022791653480539853,235.45646527844698,89.9369926616022
2025-09-03 15:46:30.726487,1059,0,POINT (235.43617700975653 89.92756940009434),0.022369883859811687,235.43617700975653,89.92756940009434
2025-09-03 15:46:31.726487,1060,0,POINT (235.41585464717926 89.91967284552933),0.021802614401038582,235.41585464717926,89.91967284552933
2025-09-03 15:46:32.726487,1061,0,POINT (235.3954020364771 89.91331045055722),0.02141936867219724,235.3954020364771,89.91331045055722
2025-09-03 15:46:33.726487,1062,0,POINT (235.37483653646515 89.90850113276619),0.02112035341456765,235.37483653646515,89.90850113276619
2025-09-03 15:46:34.726487,1063,0,POINT (235.35422178752572 89.90526891156951),0.020866603166310938,235.35422178752572,89.90526891156951
2025-09-03 15:46:35.726487,1064,0,POINT (235.3334044551252 89.90361390600741),0.020883016345455564,235.3334044551252,89.90361390600741
2025-09-03 15:46:36.726487,1065,0,POINT (235.31231597646465 89.90354538729432),0.021088589972549025,235.31231597646465,89.90354538729432
2025-09-03 15:46:37.726487,1066,0,POINT (235.29098168522307 89.90508312265854),0.02138963797801696,235.29098168522307,89.90508312265854
2025-09-03 15:46:38.726487,1067,0,POINT (235.26957384583568 89.90658776988673),0.021460651213738205,235.26957384583568,89.90658776988673
2025-09-03 15:46:39.726487,1068,0,POINT (235.24816921956068 89.90808854458261),0.021457174806116468,235.24816921956068,89.90808854458261
2025-09-03 15:46:40.726487,1069,0,POINT (235.22678812589996 89.90954351051592),0.021430541103659384,235.22678812589996,89.90954351051592
2025-09-03 15:46:41.726487,1070,0,POINT (235.20540283751143 89.91096281826574),0.0214323352425557,235.20540283751143,89.91096281826574
2025-09-03 15:46:42.726487,1071,0,POINT (235.18416961628517 89.91236973234544),0.021279781269333557,235.18416961628517,89.91236973234544
2025-09-03 15:46:43.726487,1072,0,POINT (235.1629391063948 89.91373915584934),0.02127462974857274,235.1629391063948,89.91373915584934
2025-09-03 15:46:44.726487,1073,0,POINT (235.14176088824863 89.9151039298887),0.021222147205806334,235.14176088824863,89.9151039298887
2025-09-03 15:46:45.726487,1074,0,POINT (235.12053560018146 89.91644298798481),0.02126748527962706,235.12053560018146,89.91644298798481
2025-09-03 15:46:46.726487,1075,0,POINT (235.09923981167665 89.91773749142972),0.021335096606533367,235.09923981167665,89.91773749142972
2025-09-03 15:46:47.726487,1076,0,POINT (235.07798486110474 89.91899332889118),0.02129201849389017,235.07798486110474,89.91899332889118
2025-09-03 15:46:48.726487,1077,0,POINT (235.05665419946754 89.9202230950214),0.021366081779668752,235.05665419946754,89.9202230950214
2025-09-03 15:46:49.726487,1078,0,POINT (235.0352674431301 89.92142041842828),0.02142024579639784,235.0352674431301,89.92142041842828
2025-09-03 15:46:50.726487,1079,0,POINT (235.01390696084815 89.92259953363958),0.021393001565908915,235.01390696084815,89.92259953363958
2025-09-03 15:46:51.726487,1080,0,POINT (234.99253881211297 89.92373250551184),0.021398163604197308,234.99253881211297,89.92373250551184
2025-09-03 15:46:52.726487,1081,0,POINT (234.97109469655723 89.92483021908787),0.02147219287969558,234.97109469655723,89.92483021908787
2025-09-03 15:46:53.726487,1082,0,POINT (234.9496694951581 89.9259021396529),0.02145199917701956,234.9496694951581,89.9259021396529
2025-09-03 15:46:54.726487,1083,0,POINT (234.9282912131049 89.92695398871359),0.02140414282312886,234.9282912131049,89.92695398871359
2025-09-03 15:46:55.726487,1084,0,POINT (234.90682723637028 89.92796579376895),0.021487811585512148,234.90682723637028,89.92796579376895
2025-09-03 15:46:56.726487,1085,0,POINT (234.88536383842634 89.92895864134947),0.021486349099317882,234.88536383842634,89.92895864134947
2025-09-03 15:46:57.726487,1086,0,POINT (234.86395538648912 89.92993111770444),0.02143052786585558,234.86395538648912,89.92993111770444
2025-09-03 15:46:58.726487,1087,0,POINT (234.84253128615654 89.93087010234746),0.021444667570757865,234.84253128615654,89.93087010234746
2025-09-03 15:46:59.726487,1088,0,POINT (234.8211711015141 89.93177225514329),0.0213792274796458,234.8211711015141,89.93177225514329
2025-09-03 15:47:00.726487,1089,0,POINT (234.79988736680642 89.93264539394237),0.021301636896477193,234.79988736680642,89.93264539394237
2025-09-03 15:47:01.726487,1090,0,POINT (234.7785860450655 89.9334851150068),0.021317866670370632,234.7785860450655,89.9334851150068
2025-09-03 15:47:02.726487,1091,0,POINT (234.75729582490567 89.93428967413423),0.021305416913171053,234.75729582490567,89.93428967413423
2025-09-03 15:47:03.726487,1092,0,POINT (234.73597341591787 89.93507701819239),0.021336940636110663,234.73597341591787,89.93507701819239
2025-09-03 15:47:04.726487,1093,0,POINT (234.71463251300324 89.93583294639647),0.021354286798238392,234.71463251300324,89.93583294639647
2025-09-03 15:47:05.726487,1094,0,POINT (234.6932180696351 89.93655854146301),0.021426732671315896,234.6932180696351,89.93655854146301
2025-09-03 15:47:06.726487,1095,0,POINT (234.67181778102315 89.93726698850865),0.02141201181325417,234.67181778102315,89.93726698850865
2025-09-03 15:47:07.726487,1096,0,POINT (234.6503178971728 89.9379613846348),0.02151109461552533,234.6503178971728,89.9379613846348
2025-09-03 15:47:08.726487,1097,0,POINT (234.62875119607486 89.9386408293483),0.021577401172688693,234.62875119607486,89.9386408293483
2025-09-03 15:47:09.726487,1098,0,POINT (234.6072517776804 89.93928157606497),0.02150896435569999,234.6072517776804,89.93928157606497
2025-09-03 15:47:10.726487,1099,0,POINT (234.58579378714475 89.93991810789451),0.021467429529362207,234.58579378714475,89.93991810789451
2025-09-03 15:47:11.726487,1100,0,POINT (234.5642553261748 89.94054059929586),0.021547454524825243,234.5642553261748,89.94054059929586
2025-09-03 15:47:12.726487,1101,0,POINT (234.54257419212115 89.94113808433167),0.021689365187109177,234.54257419212115,89.94113808433167
2025-09-03 15:47:13.726487,1102,0,POINT (234.52088077847986 89.9417095219384),0.021700938605285908,234.52088077847986,89.9417095219384
2025-09-03 15:47:14.726487,1103,0,POINT (234.499250337884 89.94227146078359),0.021637738690459533,234.499250337884,89.94227146078359
2025-09-03 15:47:15.726487,1104,0,POINT (234.4774791653895 89.94444746465813),0.02187964681268265,234.4774791653895,89.94444746465813
2025-09-03 15:47:16.726487,1105,0,POINT (234.45557488684233 89.94825540544991),0.02223280980321,234.45557488684233,89.94825540544991
2025-09-03 15:47:17.726487,1106,0,POINT (234.43360047775545 89.95371614490159),0.022642754471942445,234.43360047775545,89.95371614490159
2025-09-03 15:47:18.726487,1107,0,POINT (234.41154221039312 89.9608463219427),0.023182031482709666,234.41154221039312,89.9608463219427
2025-09-03 15:47:19.726487,1108,0,POINT (234.3894648812525 89.96966634670243),0.02377396262185288,234.3894648812525,89.96966634670243
2025-09-03 15:47:20.726487,1109,0,POINT (234.3673031141214 89.98019063491073),0.024533743388747725,234.3673031141214,89.98019063491073
2025-09-03 15:47:21.726487,1110,0,POINT (234.34522454456805 89.99244283437574),0.025250339111628262,234.34522454456805,89.99244283437574
2025-09-03 15:47:22.726487,1111,0,POINT (234.32322077219536 90.00643878906884),0.026077820967268017,234.32322077219536,90.00643878906884
2025-09-03 15:47:23.726487,1112,0,POINT (234.3012426299096 90.02219378235716),0.02704179268923766,234.3012426299096,90.02219378235716
2025-09-03 15:47:24.726487,1113,0,POINT (234.27939048279848 90.03972640645722),0.028016231745194974,234.27939048279848,90.03972640645722
2025-09-03 15:47:25.726487,1114,0,POINT (234.2575954959276 90.05905250743358),0.0291293603027922,234.2575954959276,90.05905250743358
2025-09-03 15:47:26.726487,1115,0,POINT (234.23603950963079 90.08018885824458),0.030189499347198254,234.23603950963079,90.08018885824458
2025-09-03 15:47:27.726487,1116,0,POINT (234.21475011058968 90.10312628665153),0.03129479403120319,234.21475011058968,90.10312628665153
2025-09-03 15:47:28.726487,1117,0,POINT (234.19363132901594 90.12783537400996),0.032504490970412726,234.19363132901594,90.12783537400996
2025-09-03 15:47:29.726487,1118,0,POINT (234.17281988153084 90.15434075776461),0.03369943195970181,234.17281988153084,90.15434075776461
2025-09-03 15:47:30.726487,1119,0,POINT (234.1524153384546 90.1826058150138),0.03486056281028556,234.1524153384546,90.1826058150138
2025-09-03 15:47:31.726487,1120,0,POINT (234.13227079393755 90.21061607971824),0.03450184926365511,234.13227079393755,90.21061607971824
2025-09-03 15:47:32.726487,1121,0,POINT (234.11253311600873 90.2383540294526),0.034043645302574456,234.11253311600873,90.2383540294526
2025-09-03 15:47:33.726487,1122,0,POINT (234.09311098391174 90.265841239351),0.033656588109793106,234.09311098391174,90.265841239351
2025-09-03 15:47:34.726487,1123,0,POINT (234.07393889670635 90.29306726245564),0.03329902794234458,234.07393889670635,90.29306726245564
2025-09-03 15:47:35.726487,1124,0,POINT (234.05499273388997 90.31899642805877),0.032113528525206464,234.05499273388997,90.31899642805877
2025-09-03 15:47:36.726487,1125,0,POINT (234.0361787636159 90.34362587058597),0.030993143058975423,234.0361787636159,90.34362587058597
2025-09-03 15:47:37.726487,1126,0,POINT (234.017428918062 90.36699468006091),0.029960940648982953,234.017428918062,90.36699468006091
2025-09-03 15:47:38.726487,1127,0,POINT (233.99875286225426 90.38912511884676),0.028957751663203763,233.99875286225426,90.38912511884676
2025-09-03 15:47:39.726487,1128,0,POINT (233.98013306848097 90.4100201007995),0.027987443451756765,233.98013306848097,90.4100201007995
2025-09-03 15:47:40.726487,1129,0,POINT (233.96144774525158 90.42972569038788),0.027156059456641353,233.96144774525158,90.42972569038788
2025-09-03 15:47:41.726487,1130,0,POINT (233.9426517748022 90.44825376567522),0.026392765656283138,233.9426517748022,90.44825376567522
2025-09-03 15:47:42.726487,1131,0,POINT (233.92379230573886 90.46557219063206),0.02560483189432039,233.92379230573886,90.46557219063206
2025-09-03 15:47:43.726487,1132,0,POINT (233.9048696098498 90.4817081171862),0.024868384456373106,233.9048696098498,90.4817081171862
2025-09-03 15:47:44.726487,1133,0,POINT (233.88579229517092 90.49669648429271),0.024260978625709907,233.88579229517092,90.49669648429271
2025-09-03 15:47:45.726487,1134,0,POINT (233.86647875925047 90.51055960372116),0.02377390901887679,233.86647875925047,90.51055960372116
2025-09-03 15:47:46.726487,1135,0,POINT (233.84692250982178 90.52331352335254),0.02334757712656225,233.84692250982178,90.52331352335254
2025-09-03 15:47:47.726487,1136,0,POINT (233.82710118042712 90.53497761417502),0.022998611125165956,233.82710118042712,90.53497761417502
2025-09-03 15:47:48.726487,1137,0,POINT (233.80715030945652 90.54551693772905),0.02256356783538814,233.80715030945652,90.54551693772905
2025-09-03 15:47:49.726487,1138,0,POINT (233.7869488106256 90.55500318220705),0.022317916329975384,233.7869488106256,90.55500318220705
2025-09-03 15:47:50.726487,1139,0,POINT (233.7665014334724 90.56343260919687),0.022116746411307325,233.7665014334724,90.56343260919687
2025-09-03 15:47:51.726487,1140,0,POINT (233.7457349159283 90.5708147308578),0.02203960006729857,233.7457349159283,90.5708147308578
2025-09-03 15:47:52.726487,1141,0,POINT (233.7247346419551 90.57713145596131),0.021929717804433875,233.7247346419551,90.57713145596131
2025-09-03 15:47:53.726487,1142,0,POINT (233.703608852282 90.58238526276128),0.021769278242600734,233.703608852282,90.58238526276128
2025-09-03 15:47:54.726487,1143,0,POINT (233.68227574664428 90.58659591046217),0.02174467636483074,233.68227574664428,90.58659591046217
2025-09-03 15:47:55.726487,1144,0,POINT (233.66071867254132 90.58979343205117),0.02179292518668741,233.66071867254132,90.58979343205117
2025-09-03 15:47:56.726487,1145,0,POINT (233.63890252329426 90.59198031155236),0.021925483117201366,233.63890252329426,90.59198031155236
2025-09-03 15:47:57.726487,1146,0,POINT (233.61680978480157 90.5931799447216),0.02212528449188923,233.61680978480157,90.5931799447216
2025-09-03 15:47:58.726487,1147,0,POINT (233.59454878553402 90.59336729098214),0.022261787596947087,233.59454878553402,90.59336729098214
2025-09-03 15:47:59.726487,1148,0,POINT (233.57206290258233 90.59257909152419),0.02249969312018258,233.57206290258233,90.59257909152419
2025-09-03 15:48:00.726487,1149,0,POINT (233.54932396753014 90.5908485315144),0.022804692614792038,233.54932396753014,90.5908485315144
2025-09-03 15:48:01.726487,1150,0,POINT (233.52637830105928 90.58815889732142),0.023102764810385906,233.52637830105928,90.58815889732142
2025-09-03 15:48:02.726487,1151,0,POINT (233.50320655403033 90.58449616143272),0.02345944361156449,233.50320655403033,90.58449616143272
2025-09-03 15:48:03.726487,1152,0,POINT (233.47983092792015 90.57988105133852),0.023826857476901837,233.47983092792015,90.57988105133852
2025-09-03 15:48:04.726487,1153,0,POINT (233.45633749211112 90.57428448938875),0.024150839152515056,233.45633749211112,90.57428448938875
2025-09-03 15:48:05.726487,1154,0,POINT (233.4327192423563 90.5677486724214),0.024505889596399544,233.4327192423563,90.5677486724214
2025-09-03 15:48:06.726487,1155,0,POINT (233.40895425201006 90.56025886871923),0.024917301733022083,233.40895425201006,90.56025886871923
2025-09-03 15:48:07.726487,1156,0,POINT (233.38508222277787 90.55181669120701),0.025320824252196315,233.38508222277787,90.55181669120701
2025-09-03 15:48:08.726487,1157,0,POINT (233.3610673993418 90.54248336877146),0.025764756011870105,233.3610673993418,90.54248336877146
2025-09-03 15:48:09.726487,1158,0,POINT (233.3370140390185 90.5322066462686),0.02615674230945969,233.3370140390185,90.5322066462686
2025-09-03 15:48:10.726487,1159,0,POINT (233.31287778527096 90.52102397420617),0.026600956738840408,233.31287778527096,90.52102397420617
2025-09-03 15:48:11.726487,1160,0,POINT (233.28867704300296 90.50893180683275),0.027053584570417795,233.28867704300296,90.50893180683275
2025-09-03 15:48:12.726487,1161,0,POINT (233.2644248784831 90.49592822535105),0.02751836868800662,233.2644248784831,90.49592822535105
2025-09-03 15:48:13.726487,1162,0,POINT (233.24017183919156 90.48201582215216),0.02796005861306321,233.24017183919156,90.48201582215216
2025-09-03 15:48:14.726487,1163,0,POINT (233.21588414532764 90.46719590139644),0.028452102284959445,233.21588414532764,90.46719590139644
2025-09-03 15:48:15.726487,1164,0,POINT (233.19169813128053 90.45145235808984),0.028858663020545818,233.19169813128053,90.45145235808984
2025-09-03 15:48:16.726487,1165,0,POINT (233.16755932279577 90.43480871643557),0.029320519821105822,233.16755932279577,90.43480871643557
2025-09-03 15:48:17.726487,1166,0,POINT (233.14352304005465 90.417255561279),0.02976333556511284,233.14352304005465,90.417255561279
2025-09-03 15:48:18.726487,1167,0,POINT (233.1196378053013 90.39881101690237),0.03017790013377903,233.1196378053013,90.39881101690237
2025-09-03 15:48:19.726487,1168,0,POINT (233.09593414495603 90.38054217478974),0.029926812491474417,233.09593414495603,90.38054217478974
2025-09-03 15:48:20.726487,1169,0,POINT (233.07241133753968 90.36243641464479),0.02968401959259151,233.07241133753968,90.36243641464479
2025-09-03 15:48:21.726487,1170,0,POINT (233.04907780905785 90.34448746097742),0.029438384622219482,233.04907780905785,90.34448746097742
2025-09-03 15:48:22.726487,1171,0,POINT (233.02591106462313 90.32669033974733),0.029213619628214924,233.02591106462313,90.32669033974733
2025-09-03 15:48:23.726487,1172,0,POINT (233.0029975591307 90.30904601533757),0.02891973232635835,233.0029975591307,90.30904601533757
2025-09-03 15:48:24.726487,1173,0,POINT (232.98029995796531 90.29155911981591),0.028652619664674053,232.98029995796531,90.29155911981591
2025-09-03 15:48:25.726487,1174,0,POINT (232.95775732592836 90.2742173727953),0.028441280718008166,232.95775732592836,90.2742173727953
2025-09-03 15:48:26.726487,1175,0,POINT (232.93537617483042 90.25703762035364),0.028214532043351066,232.93537617483042,90.25703762035364
2025-09-03 15:48:27.726487,1176,0,POINT (232.91319072112822 90.24001876495237),0.02796132677721644,232.91319072112822,90.24001876495237
2025-09-03 15:48:28.726487,1177,0,POINT (232.89110681840452 90.22315465881712),0.027786630512718666,232.89110681840452,90.22315465881712
2025-09-03 15:48:29.726487,1178,0,POINT (232.86910659720667 90.20644615527195),0.02762578186176355,232.86910659720667,90.20644615527195
2025-09-03 15:48:30.726487,1179,0,POINT (232.84712598766893 90.18988266919328),0.027522650067327403,232.84712598766893,90.18988266919328
2025-09-03 15:48:31.726487,1180,0,POINT (232.82527561059035 90.17346819649211),0.027328993624602966,232.82527561059035,90.17346819649211
2025-09-03 15:48:32.726487,1181,0,POINT (232.80355035212307 90.15719910970313),0.027141666131940436,232.80355035212307,90.15719910970313
2025-09-03 15:48:33.726487,1182,0,POINT (232.7818610811744 90.14106715117097),0.027030807615893007,232.7818610811744,90.14106715117097
2025-09-03 15:48:34.726487,1183,0,POINT (232.76026243887276 90.1250662288412),0.026879934238722317,232.76026243887276,90.1250662288412
2025-09-03 15:48:35.726487,1184,0,POINT (232.73864876364217 90.10917333799694),0.0268278761060395,232.73864876364217,90.10917333799694
2025-09-03 15:48:36.726487,1185,0,POINT (232.71720751073983 90.09341255969858),0.026610701956026484,232.71720751073983,90.09341255969858
2025-09-03 15:48:37.726487,1186,0,POINT (232.69587039080793 90.07778478866774),0.026448060692241957,232.69587039080793,90.07778478866774
2025-09-03 15:48:38.726487,1187,0,POINT (232.67466833800634 90.06229977244908),0.02625476662043268,232.67466833800634,90.06229977244908
2025-09-03 15:48:39.726487,1188,0,POINT (232.65346410826402 90.0469307302962),0.026188295394362026,232.65346410826402,90.0469307302962
2025-09-03 15:48:40.726487,1189,0,POINT (232.6323807346518 90.03169735017313),0.02601085375080877,232.6323807346518,90.03169735017313
2025-09-03 15:48:41.726487,1190,0,POINT (232.6113304106116 90.01659964987412),0.02590476204322783,232.6113304106116,90.01659964987412
2025-09-03 15:48:42.726487,1191,0,POINT (232.59025473095224 90.00162205535285),0.025855610817530194,232.59025473095224,90.00162205535285
2025-09-03 15:48:43.726487,1192,0,POINT (232.56929666939845 89.98677495803743),0.02568417105506643,232.56929666939845,89.98677495803743
2025-09-03 15:48:44.726487,1193,0,POINT (232.5482949542432 89.97203294427871),0.025659286995639335,232.5482949542432,89.97203294427871
2025-09-03 15:48:45.726487,1194,0,POINT (232.52724836814895 89.9573871897303),0.0256409226143543,232.52724836814895,89.9573871897303
2025-09-03 15:48:46.726487,1195,0,POINT (232.50616495601528 89.9428418704649),0.025613991874172095,232.50616495601528,89.9428418704649
2025-09-03 15:48:47.726487,1196,0,POINT (232.48505467535276 89.92839739163489),0.025579032787057827,232.48505467535276,89.92839739163489
2025-09-03 15:48:48.726487,1197,0,POINT (232.4638280705439 89.91404007087553),0.025626186042757352,232.4638280705439,89.91404007087553
2025-09-03 15:48:49.726487,1198,0,POINT (232.44257306108582 89.8997667563862),0.025602791519182256,232.44257306108582,89.8997667563862
2025-09-03 15:48:50.726487,1199,0,POINT (232.42146016729154 89.88561316417122),0.025418073431253605,232.42146016729154,89.88561316417122
2025-09-03 15:48:51.726487,1200,0,POINT (232.40043071405438 89.87152742301417),0.02531098590330486,232.40043071405438,89.87152742301417
2025-09-03 15:48:52.726487,1201,0,POINT (232.37931736487513 89.85754720659179),0.025322321472988695,232.37931736487513,89.85754720659179
2025-09-03 15:48:53.726487,1202,0,POINT (232.3581935055077 89.84363392408105),0.025294206150794918,232.3581935055077,89.84363392408105
2025-09-03 15:48:54.726487,1203,0,POINT (232.33708233300183 89.82980001550206),0.025240020426781355,232.33708233300183,89.82980001550206
2025-09-03 15:48:55.726487,1204,0,POINT (232.31619592120393 89.81608566112374),0.02498651063685777,232.31619592120393,89.81608566112374
2025-09-03 15:48:56.726487,1205,0,POINT (232.2954072079371 89.80245641849284),0.02485813456360217,232.2954072079371,89.80245641849284
2025-09-03 15:48:57.726487,1206,0,POINT (232.2745675094745 89.78888850221003),0.02486727536882991,232.2745675094745,89.78888850221003
2025-09-03 15:48:58.726487,1207,0,POINT (232.25373872607574 89.77543849237891),0.024793970685028085,232.25373872607574,89.77543849237891
2025-09-03 15:48:59.726487,1208,0,POINT (232.23288726154897 89.76206619440607),0.02477098960448524,232.23288726154897,89.76206619440607
2025-09-03 15:49:00.726487,1209,0,POINT (232.21203003618191 89.7487708059328),0.024734413368161835,232.21203003618191,89.7487708059328
2025-09-03 15:49:01.726487,1210,0,POINT (232.1911516316274 89.73554166126327),0.024716756369501373,232.1911516316274,89.73554166126327
2025-09-03 15:49:02.726487,1211,0,POINT (232.17028471604002 89.72237689211546),0.024672643004881416,232.17028471604002,89.72237689211546
2025-09-03 15:49:03.726487,1212,0,POINT (232.14943160773134 89.70928078825104),0.024624379435044388,232.14943160773134,89.70928078825104
2025-09-03 15:49:04.726487,1213,0,POINT (232.12855312995183 89.69624055612267),0.02461622408801565,232.12855312995183,89.69624055612267
2025-09-03 15:49:05.726487,1214,0,POINT (232.10746849874974 89.68429513354921),0.02423334053296308,232.10746849874974,89.68429513354921
2025-09-03 15:49:06.726487,1215,0,POINT (232.0861164913163 89.67342060271051),0.023961712008954025,232.0861164913163,89.67342060271051
2025-09-03 15:49:07.726487,1216,0,POINT (232.06446631590734 89.66362721882014),0.023762164532349767,232.06446631590734,89.66362721882014
2025-09-03 15:49:08.726487,1217,0,POINT (232.04249770091843 89.65487073013577),0.02364944267018409,232.04249770091843,89.65487073013577
2025-09-03 15:49:09.726487,1218,0,POINT (232.02029147336026 89.64715154551968),0.023509622572526426,232.02029147336026,89.64715154551968
2025-09-03 15:49:10.726487,1219,0,POINT (231.9978619803904 89.64048976947194),0.023397893387967196,231.9978619803904,89.64048976947194
2025-09-03 15:49:11.726487,1220,0,POINT (231.97519908517594 89.63486089881151),0.023351466857860253,231.97519908517594,89.63486089881151
2025-09-03 15:49:12.726487,1221,0,POINT (231.9522655634794 89.63022669332011),0.023397057035939663,231.9522655634794,89.63022669332011
2025-09-03 15:49:13.726487,1222,0,POINT (231.9291119644322 89.62661721753426),0.023433255520450717,231.9291119644322,89.62661721753426
2025-09-03 15:49:14.726487,1223,0,POINT (231.90563818762283 89.62398652162916),0.023620727309740443,231.90563818762283,89.62398652162916
2025-09-03 15:49:15.726487,1224,0,POINT (231.88196948639776 89.62238581987259),0.023722766782034083,231.88196948639776,89.62238581987259
2025-09-03 15:49:16.726487,1225,0,POINT (231.85803348330754 89.62175614703783),0.023944283906899823,231.85803348330754,89.62175614703783
2025-09-03 15:49:17.726487,1226,0,POINT (231.83384961982298 89.62209088426359),0.024186179980512878,231.83384961982298,89.62209088426359
2025-09-03 15:49:18.726487,1227,0,POINT (231.80951405274382 89.62340417631987),0.024370977844344506,231.80951405274382,89.62340417631987
2025-09-03 15:49:19.726487,1228,0,POINT (231.78491925365412 89.62568412312484),0.02470024898044807,231.78491925365412,89.62568412312484
2025-09-03 15:49:20.726487,1229,0,POINT (231.76014840093214 89.6289243933469),0.024981883349465578,231.76014840093214,89.6289243933469
2025-09-03 15:49:21.726487,1230,0,POINT (231.7352277473232 89.63317020344206),0.02527975236550259,231.7352277473232,89.63317020344206
2025-09-03 15:49:22.726487,1231,0,POINT (231.71007048672627 89.63834459486036),0.025683887698154623,231.71007048672627,89.63834459486036
2025-09-03 15:49:23.726487,1232,0,POINT (231.68484576846762 89.6444737558641),0.025958679200560875,231.68484576846762,89.6444737558641
2025-09-03 15:49:24.726487,1233,0,POINT (231.65955541925794 89.65156680361449),0.026266196708640895,231.65955541925794,89.65156680361449
2025-09-03 15:49:25.726487,1234,0,POINT (231.634166746886 89.65958423441771),0.02662449776980703,231.634166746886,89.65958423441771
2025-09-03 15:49:26.726487,1235,0,POINT (231.60868894006458 89.66854621257785),0.027008067183198686,231.60868894006458,89.66854621257785
2025-09-03 15:49:27.726487,1236,0,POINT (231.5830430052719 89.67840757673095),0.02747654407582912,231.5830430052719,89.67840757673095
2025-09-03 15:49:28.726487,1237,0,POINT (231.55728565342747 89.68918031853286),0.027919404362699515,231.55728565342747,89.68918031853286
2025-09-03 15:49:29.726487,1238,0,POINT (231.53142819340715 89.70086851622808),0.028376437480151975,231.53142819340715,89.70086851622808
2025-09-03 15:49:30.726487,1239,0,POINT (231.50553042349932 89.71349076932657),0.028809994090263948,231.50553042349932,89.71349076932657
2025-09-03 15:49:31.726487,1240,0,POINT (231.47959563787998 89.72702461156372),0.02925368337186475,231.47959563787998,89.72702461156372
2025-09-03 15:49:32.726487,1241,0,POINT (231.45365873384887 89.7414916610487),0.029698796465849407,231.45365873384887,89.7414916610487
2025-09-03 15:49:33.726487,1242,0,POINT (231.42782664622877 89.75689739307141),0.03007712303343406,231.42782664622877,89.75689739307141
2025-09-03 15:49:34.726487,1243,0,POINT (231.40206929774354 89.77322552091032),0.030496700800465147,231.40206929774354,89.77322552091032
2025-09-03 15:49:35.726487,1244,0,POINT (231.37647981222923 89.78942033556413),0.030283556438406117,231.37647981222923,89.78942033556413
2025-09-03 15:49:36.726487,1245,0,POINT (231.35105650885345 89.80549733748586),0.030080132069668062,231.35105650885345,89.80549733748586
2025-09-03 15:49:37.726487,1246,0,POINT (231.32574667206296 89.82141749503377),0.02990048920521572,231.32574667206296,89.82141749503377
2025-09-03 15:49:38.726487,1247,0,POINT (231.30048184078248 89.83717640347476),0.029776750912121945,231.30048184078248,89.83717640347476
2025-09-03 15:49:39.726487,1248,0,POINT (231.27538996446742 89.85281323822555),0.02956539967654528,231.27538996446742,89.85281323822555
2025-09-03 15:49:40.726487,1249,0,POINT (231.25051395551068 89.86832644229354),0.02931680954794882,231.25051395551068,89.86832644229354
2025-09-03 15:49:41.726487,1250,0,POINT (231.22580407106162 89.88372877954765),0.02911718362712562,231.22580407106162,89.88372877954765
2025-09-03 15:49:42.726487,1251,0,POINT (231.20125250411786 89.89900417387194),0.028915689705700513,231.20125250411786,89.89900417387194
2025-09-03 15:49:43.726487,1252,0,POINT (231.17684118163254 89.91414784313432),0.028727049695547194,231.17684118163254,89.91414784313432
2025-09-03 15:49:44.726487,1253,0,POINT (231.15250347752684 89.92916922730817),0.028600101811622782,231.15250347752684,89.92916922730817
2025-09-03 15:49:45.726487,1254,0,POINT (231.12818050488048 89.94406753124929),0.02852308641570287,231.12818050488048,89.94406753124929
2025-09-03 15:49:46.726487,1255,0,POINT (231.10394943555002 89.95887401483996),0.028396772302820443,231.10394943555002,89.95887401483996
2025-09-03 15:49:47.726487,1256,0,POINT (231.07980531918219 89.97356240032856),0.02826105135067049,231.07980531918219,89.97356240032856
2025-09-03 15:49:48.726487,1257,0,POINT (231.05576560901898 89.98814031804842),0.028114468691016185,231.05576560901898,89.98814031804842
2025-09-03 15:49:49.726487,1258,0,POINT (231.03172151401128 90.00260641392913),0.02806040688886927,231.03172151401128,90.00260641392913
2025-09-03 15:49:50.726487,1259,0,POINT (231.00782166134405 90.01696536097434),0.02788157667281979,231.00782166134405,90.01696536097434
2025-09-03 15:49:51.726487,1260,0,POINT (230.98383307556065 90.03120016591606),0.027894119803578775,230.98383307556065,90.03120016591606
2025-09-03 15:49:52.726487,1261,0,POINT (230.95993296722582 90.04534188521646),0.02777054920572819,230.95993296722582,90.04534188521646
2025-09-03 15:49:53.726487,1262,0,POINT (230.9360556599621 90.05938066003814),0.027698610085344536,230.9360556599621,90.05938066003814
2025-09-03 15:49:54.726487,1263,0,POINT (230.9122184020163 90.07330576809447),0.027606584373219237,230.9122184020163,90.07330576809447
2025-09-03 15:49:55.726487,1264,0,POINT (230.8883586753898 90.0871392753964),0.027579928915117326,230.8883586753898,90.0871392753964
2025-09-03 15:49:56.726487,1265,0,POINT (230.86459107956867 90.10088542559235),0.02745642468215626,230.86459107956867,90.10088542559235
2025-09-03 15:49:57.726487,1266,0,POINT (230.84087289189083 90.11453753307867),0.02736663051125432,230.84087289189083,90.11453753307867
2025-09-03 15:49:58.726487,1267,0,POINT (230.81725613485426 90.12809502114621),0.027231538620235862,230.81725613485426,90.12809502114621
2025-09-03 15:49:59.726487,1268,0,POINT (230.79364507351806 90.14155451081781),0.027177933689699077,230.79364507351806,90.14155451081781
2025-09-03 15:50:00.726487,1269,0,POINT (230.77006847925102 90.15595110616296),0.027624586055986215,230.77006847925102,90.15595110616296
2025-09-03 15:50:01.726487,1270,0,POINT (230.7465844937543 90.17129133412445),0.02805031494867987,230.7465844937543,90.17129133412445
2025-09-03 15:50:02.726487,1271,0,POINT (230.72323884264904 90.18756272419279),0.028456590805738452,230.72323884264904,90.18756272419279
2025-09-03 15:50:03.726487,1272,0,POINT (230.69992596790757 90.20372625166121),0.028368111479857173,230.69992596790757,90.20372625166121
2025-09-03 15:50:04.726487,1273,0,POINT (230.6767700444226 90.2197699057183),0.028170829379796578,230.6767700444226,90.2197699057183
2025-09-03 15:50:05.726487,1274,0,POINT (230.65387355267313 90.23569175892472),0.027888254587910177,230.65387355267313,90.23569175892472
2025-09-03 15:50:06.726487,1275,0,POINT (230.6310230746533 90.25151461150105),0.027794010314934274,230.6310230746533,90.25151461150105
2025-09-03 15:50:07.726487,1276,0,POINT (230.60824571773514 90.26722661950329),0.027670836337922857,230.60824571773514,90.26722661950329
2025-09-03 15:50:08.726487,1277,0,POINT (230.58549601200087 90.28283157668744),0.027587384792964884,230.58549601200087,90.28283157668744
2025-09-03 15:50:09.726487,1278,0,POINT (230.56284250143065 90.29833313802904),0.027449589162360705,230.56284250143065,90.29833313802904
2025-09-03 15:50:10.726487,1279,0,POINT (230.5402342896568 90.31373578541134),0.027356403016377588,230.5402342896568,90.31373578541134
2025-09-03 15:50:11.726487,1280,0,POINT (230.51766323461888 90.32904875837066),0.027275257402600984,230.51766323461888,90.32904875837066
2025-09-03 15:50:12.726487,1281,0,POINT (230.49514179233626 90.34426115339092),0.027177791020277814,230.49514179233626,90.34426115339092
2025-09-03 15:50:13.726487,1282,0,POINT (230.47259682805782 90.35939912271093),0.027155727378392516,230.47259682805782,90.35939912271093
2025-09-03 15:50:14.726487,1283,0,POINT (230.4501403950383 90.37441278351447),0.027012985667720892,230.4501403950383,90.37441278351447
2025-09-03 15:50:15.726487,1284,0,POINT (230.42766787709454 90.38934066866405),0.026978803119694868,230.42766787709454,90.38934066866405
2025-09-03 15:50:16.726487,1285,0,POINT (230.4050053473937 90.40314313364681),0.026534850518535935,230.4050053473937,90.40314313364681
2025-09-03 15:50:17.726487,1286,0,POINT (230.382127623079 90.41584158403136),0.026165643733517735,230.382127623079,90.41584158403136
2025-09-03 15:50:18.726487,1287,0,POINT (230.35904711271502 90.42744047500291),0.025831071027568188,230.35904711271502,90.42744047500291
2025-09-03 15:50:19.726487,1288,0,POINT (230.33584198378372 90.4379592123522),0.0254778696939383,230.33584198378372,90.4379592123522
2025-09-03 15:50:20.726487,1289,0,POINT (230.3123918402398 90.44743011791351),0.025290458366389205,230.3123918402398,90.44743011791351
2025-09-03 15:50:21.726487,1290,0,POINT (230.28873329874637 90.45585080710039),0.025112438989044087,230.28873329874637,90.45585080710039
2025-09-03 15:50:22.726487,1291,0,POINT (230.26476636970182 90.46323101831062),0.025077503969375192,230.26476636970182,90.46323101831062
2025-09-03 15:50:23.726487,1292,0,POINT (230.24053584632304 90.46956732946514),0.02504530100150962,230.24053584632304,90.46956732946514
2025-09-03 15:50:24.726487,1293,0,POINT (230.21599441332015 90.47489615913013),0.025113310403729293,230.21599441332015,90.47489615913013
2025-09-03 15:50:25.726487,1294,0,POINT (230.1911796372935 90.47921998372419),0.025188659519186647,230.1911796372935,90.47921998372419
2025-09-03 15:50:26.726487,1295,0,POINT (230.16616905830747 90.48251908564983),0.025227230024941573,230.16616905830747,90.48251908564983
2025-09-03 15:50:27.726487,1296,0,POINT (230.14090414225353 90.48480970042458),0.02536854152802327,230.14090414225353,90.48480970042458
2025-09-03 15:50:28.726487,1297,0,POINT (230.11559091381366 90.48605925849022),0.025344051164098796,230.11559091381366,90.48605925849022
2025-09-03 15:50:29.726487,1298,0,POINT (230.09009105287095 90.48628833079194),0.02550088983187209,230.09009105287095,90.48628833079194
2025-09-03 15:50:30.726487,1299,0,POINT (230.06432997908348 90.48554853507821),0.025771694169790787,230.06432997908348,90.48554853507821
2025-09-03 15:50:31.726487,1300,0,POINT (230.0384544085844 90.48380931311968),0.025933955380413022,230.0384544085844,90.48380931311968
2025-09-03 15:50:32.726487,1301,0,POINT (230.01248253998858 90.48107986496193),0.02611489700544521,230.01248253998858,90.48107986496193
2025-09-03 15:50:33.726487,1302,0,POINT (229.98633214379575 90.47736503799946),0.026412935474936804,229.98633214379575,90.47736503799946
2025-09-03 15:50:34.726487,1303,0,POINT (229.96008572495455 90.47268830838388),0.026659825616173756,229.96008572495455,90.47268830838388
2025-09-03 15:50:35.726487,1304,0,POINT (229.9337520231334 90.46703422279109),0.026933854820584947,229.9337520231334,90.46703422279109
2025-09-03 15:50:36.726487,1305,0,POINT (229.90723507845627 90.46045417697452),0.0273211522077284,229.90723507845627,90.46045417697452
2025-09-03 15:50:37.726487,1306,0,POINT (229.88052229014193 90.45292473554976),0.027753658275906555,229.88052229014193,90.45292473554976
2025-09-03 15:50:38.726487,1307,0,POINT (229.85376375959356 90.44442628641791),0.028075658402864488,229.85376375959356,90.44442628641791
2025-09-03 15:50:39.726487,1308,0,POINT (229.82693225386248 90.43495261570473),0.02845487895913059,229.82693225386248,90.43495261570473
2025-09-03 15:50:40.726487,1309,0,POINT (229.79994750239152 90.42454851078483),0.028920964906688242,229.79994750239152,90.42454851078483
2025-09-03 15:50:41.726487,1310,0,POINT (229.7728572520488 90.41322608490727),0.02936118170960456,229.7728572520488,90.41322608490727
2025-09-03 15:50:42.726487,1311,0,POINT (229.74578837203998 90.40097315652416),0.029712935211671655,229.74578837203998,90.40097315652416
2025-09-03 15:50:43.726487,1312,0,POINT (229.7187231682113 90.3877994145608),0.030101042101637412,229.7187231682113,90.3877994145608
2025-09-03 15:50:44.726487,1313,0,POINT (229.69174531726435 90.37368463057656),0.030447193115923327,229.69174531726435,90.37368463057656
2025-09-03 15:50:45.726487,1314,0,POINT (229.6648214319179 90.358645201142),0.03083958559816854,229.6648214319179,90.358645201142
2025-09-03 15:50:46.726487,1315,0,POINT (229.63799856166926 90.3436979585838),0.030706455810918836,229.63799856166926,90.3436979585838
2025-09-03 15:50:47.726487,1316,0,POINT (229.6113967653599 90.32887408497247),0.030453288750637943,229.6113967653599,90.32887408497247
2025-09-03 15:50:48.726487,1317,0,POINT (229.5849313397019 90.31415178380009),0.030284730592642008,229.5849313397019,90.31415178380009
2025-09-03 15:50:49.726487,1318,0,POINT (229.5585950128806 90.29952645310394),0.030124780636719434,229.5585950128806,90.29952645310394
2025-09-03 15:50:50.726487,1319,0,POINT (229.5324028803906 90.2850194297971),0.029941301401216962,229.5324028803906,90.2850194297971
2025-09-03 15:50:51.726487,1320,0,POINT (229.50616442687615 90.27063908365798),0.029920741934500276,229.50616442687615,90.27063908365798
2025-09-03 15:50:52.726487,1321,0,POINT (229.48002469583554 90.25636312080015),0.02978403354809523,229.48002469583554,90.25636312080015
2025-09-03 15:50:53.726487,1322,0,POINT (229.45390256008682 90.24219139204074),0.029718746139513683,229.45390256008682,90.24219139204074
2025-09-03 15:50:54.726487,1323,0,POINT (229.42800106444923 90.22812716415177),0.02947354716311772,229.42800106444923,90.22812716415177
2025-09-03 15:50:55.726487,1324,0,POINT (229.40224535981966 90.21416436486325),0.029297032015844257,229.40224535981966,90.21416436486325
2025-09-03 15:50:56.726487,1325,0,POINT (229.37665114420875 90.20029812652302),0.02910904392874622,229.37665114420875,90.20029812652302
2025-09-03 15:50:57.726487,1326,0,POINT (229.35114656262442 90.18654086744364),0.028978368814841438,229.35114656262442,90.18654086744364
2025-09-03 15:50:58.726487,1327,0,POINT (229.3257475684374 90.1729077078698),0.02882658400986585,229.3257475684374,90.1729077078698
2025-09-03 15:50:59.726487,1328,0,POINT (229.30033698248124 90.1593545007912),0.0287990850679524,229.30033698248124,90.1593545007912
2025-09-03 15:51:00.726487,1329,0,POINT (229.27497863018664 90.14592762153977),0.028693677309288547,229.27497863018664,90.14592762153977
2025-09-03 15:51:01.726487,1330,0,POINT (229.24973134502105 90.13261659026499),0.028541355290716056,229.24973134502105,90.13261659026499
2025-09-03 15:51:02.726487,1331,0,POINT (229.2246656337588 90.1194052633977),0.028334237922989922,229.2246656337588,90.1194052633977
2025-09-03 15:51:03.726487,1332,0,POINT (229.19973939565716 90.10628429063676),0.028168728620454858,229.19973939565716,90.10628429063676
2025-09-03 15:51:04.726487,1333,0,POINT (229.17501703177942 90.09326349281363),0.02794166157647708,229.17501703177942,90.09326349281363
2025-09-03 15:51:05.726487,1334,0,POINT (229.1504001803621 90.08032928226875),0.027807969651183345,229.1504001803621,90.08032928226875
2025-09-03 15:51:06.726487,1335,0,POINT (229.12590569503269 90.0674685300846),0.027665479542124647,229.12590569503269,90.0674685300846
2025-09-03 15:51:07.726487,1336,0,POINT (229.1014274223165 90.05470133977597),0.02760773412549986,229.1014274223165,90.05470133977597
2025-09-03 15:51:08.726487,1337,0,POINT (229.07696903652888 90.04199913164034),0.027560093012493844,229.07696903652888,90.04199913164034
2025-09-03 15:51:09.726487,1338,0,POINT (229.0525372532763 90.02937492939107),0.027500591181479746,229.0525372532763,90.02937492939107
2025-09-03 15:51:10.726487,1339,0,POINT (229.02809147803185 90.0168233278937),0.027479785797040572,229.02809147803185,90.0168233278937
2025-09-03 15:51:11.726487,1340,0,POINT (229.00367388421705 90.00434862674146),0.02741964727239377,229.00367388421705,90.00434862674146
2025-09-03 15:51:12.726487,1341,0,POINT (228.97916775869 89.99194920391285),0.027464447469950058,228.97916775869,89.99194920391285
2025-09-03 15:51:13.726487,1342,0,POINT (228.9547103729069 89.9796059903564),0.027395595270844057,228.9547103729069,89.9796059903564
2025-09-03 15:51:14.726487,1343,0,POINT (228.9303233586557 89.9673483699887),0.0272942433704839,228.9303233586557,89.9673483699887
2025-09-03 15:51:15.726487,1344,0,POINT (228.9058982991725 89.95514843654816),0.02730241576695791,228.9058982991725,89.95514843654816
2025-09-03 15:51:16.726487,1345,0,POINT (228.88140508397044 89.94300613072839),0.02733776109257962,228.88140508397044,89.94300613072839
2025-09-03 15:51:17.726487,1346,0,POINT (228.8568905174655 89.93092652805305),0.027329119483052344,228.8568905174655,89.93092652805305
2025-09-03 15:51:18.726487,1347,0,POINT (228.8324697477716 89.91891566232302),0.02721460798960013,228.8324697477716,89.91891566232302
2025-09-03 15:51:19.726487,1348,0,POINT (228.80802084228966 89.90698245744451),0.027205704510943843,228.80802084228966,89.90698245744451
2025-09-03 15:51:20.726487,1349,0,POINT (228.78350393876872 89.89615295757581),0.02680217576357801,228.78350393876872,89.89615295757581
2025-09-03 15:51:21.726487,1350,0,POINT (228.75896841827733 89.88646174040436),0.026380133738237985,228.75896841827733,89.88646174040436
2025-09-03 15:51:22.726487,1351,0,POINT (228.73429111883783 89.87784290253234),0.026139117695344622,228.73429111883783,89.87784290253234
2025-09-03 15:51:23.726487,1352,0,POINT (228.7093987614444 89.87028162035003),0.026015427054793285,228.7093987614444,89.87028162035003
2025-09-03 15:51:24.726487,1353,0,POINT (228.68421382780963 89.86376811636538),0.026013585226673446,228.68421382780963,89.86376811636538
2025-09-03 15:51:25.726487,1354,0,POINT (228.65881883425513 89.85830648538952),0.025975663813452936,228.65881883425513,89.85830648538952
2025-09-03 15:51:26.726487,1355,0,POINT (228.63333636599324 89.85389009814484),0.025862340671580365,228.63333636599324,89.85389009814484
2025-09-03 15:51:27.726487,1356,0,POINT (228.60767907966274 89.85052702294189),0.025876758233325373,228.60767907966274,89.85052702294189
2025-09-03 15:51:28.726487,1357,0,POINT (228.5819611327414 89.84818812924364),0.02582408212464103,228.5819611327414,89.84818812924364
2025-09-03 15:51:29.726487,1358,0,POINT (228.55606905917116 89.84688505068539),0.02592484305634429,228.55606905917116,89.84688505068539
2025-09-03 15:51:30.726487,1359,0,POINT (228.53006315359676 89.84660448486748),0.026007418978499168,228.53006315359676,89.84660448486748
2025-09-03 15:51:31.726487,1360,0,POINT (228.50382601699394 89.84731851560255),0.026246850801676408,228.50382601699394,89.84731851560255
2025-09-03 15:51:32.726487,1361,0,POINT (228.4774370781548 89.84904369576812),0.026445270648263956,228.4774370781548,89.84904369576812
2025-09-03 15:51:33.726487,1362,0,POINT (228.45086491185356 89.8517715268029),0.02671181543989266,228.45086491185356,89.8517715268029
2025-09-03 15:51:34.726487,1363,0,POINT (228.42418598569785 89.85550762472532),0.026939256272357052,228.42418598569785,89.85550762472532
2025-09-03 15:51:35.726487,1364,0,POINT (228.39742959343806 89.86023311819167),0.027170476905273397,228.39742959343806,89.86023311819167
2025-09-03 15:51:36.726487,1365,0,POINT (228.37069351111833 89.86489273073927),0.027139087805250248,228.37069351111833,89.86489273073927
2025-09-03 15:51:37.726487,1366,0,POINT (228.3440107752876 89.86950632695049),0.02707865693518689,228.3440107752876,89.86950632695049
2025-09-03 15:51:38.726487,1367,0,POINT (228.31738932315955 89.87405958183487),0.027008032942954608,228.31738932315955,89.87405958183487
2025-09-03 15:51:39.726487,1368,0,POINT (228.29088515534815 89.87856021458185),0.026883575031938105,228.29088515534815,89.87856021458185
2025-09-03 15:51:40.726487,1369,0,POINT (228.264443620385 89.88298075405633),0.026808505002189693,228.264443620385,89.88298075405633
2025-09-03 15:51:41.726487,1370,0,POINT (228.23796314929615 89.88733952559221),0.026836807529769774,228.23796314929615,89.88733952559221
2025-09-03 15:51:42.726487,1371,0,POINT (228.21159999455762 89.89166559674467),0.02671574104126635,228.21159999455762,89.89166559674467
2025-09-03 15:51:43.726487,1372,0,POINT (228.18524372944904 89.89593202181908),0.026699346310143965,228.18524372944904,89.89593202181908
2025-09-03 15:51:44.726487,1373,0,POINT (228.15895109085392 89.90015814839828),0.026630114347429398,228.15895109085392,89.90015814839828
2025-09-03 15:51:45.726487,1374,0,POINT (228.13256430590258 89.90431691869156),0.02671250251138374,228.13256430590258,89.90431691869156
2025-09-03 15:51:46.726487,1375,0,POINT (228.10617782622955 89.90842733215293),0.026704715095992614,228.10617782622955,89.90842733215293
2025-09-03 15:51:47.726487,1376,0,POINT (228.079779008068 89.91249261605563),0.02671000062780017,228.079779008068,89.91249261605563
2025-09-03 15:51:48.726487,1377,0,POINT (228.0533619764078 89.91651812345252),0.026721981055621985,228.0533619764078,89.91651812345252
2025-09-03 15:51:49.726487,1378,0,POINT (228.0270058165534 89.92053221804359),0.026660084727112753,228.0270058165534,89.92053221804359
2025-09-03 15:51:50.726487,1379,0,POINT (228.00060309745936 89.92449095184203),0.02669784914269853,228.00060309745936,89.92449095184203
2025-09-03 15:51:51.726487,1380,0,POINT (227.9741388566172 89.92840017730529),0.026751412805203798,227.9741388566172,89.92840017730529
2025-09-03 15:51:52.726487,1381,0,POINT (227.9477152273689 89.93226116626609),0.026704220984850004,227.9477152273689,89.93226116626609
2025-09-03 15:51:53.726487,1382,0,POINT (227.92130976899662 89.93610502614382),0.026683768298521177,227.92130976899662,89.93610502614382
2025-09-03 15:51:54.726487,1383,0,POINT (227.89495043277304 89.93989424412946),0.026630298141221496,227.89495043277304,89.93989424412946
2025-09-03 15:51:55.726487,1384,0,POINT (227.86857112727796 89.94364643059374),0.026644824294142114,227.86857112727796,89.94364643059374
2025-09-03 15:51:56.726487,1385,0,POINT (227.8422154940255 89.94739178501764),0.026620426065303186,227.8422154940255,89.94739178501764
2025-09-03 15:51:57.726487,1386,0,POINT (227.81573119856336 89.95108637336935),0.026740753340458612,227.81573119856336,89.95108637336935
2025-09-03 15:51:58.726487,1387,0,POINT (227.78925708288486 89.9547058366033),0.026720391371765077,227.78925708288486,89.9547058366033
2025-09-03 15:51:59.726487,1388,0,POINT (227.76274439990226 89.9582851873791),0.026753207488300637,227.76274439990226,89.9582851873791
2025-09-03 15:52:00.726487,1389,0,POINT (227.73626577132302 89.96182285297502),0.02671390741366597,227.73626577132302,89.96182285297502
2025-09-03 15:52:01.726487,1390,0,POINT (227.709806361233 89.96533503294432),0.02669149284787674,227.709806361233,89.96533503294432
2025-09-03 15:52:02.726487,1391,0,POINT (227.6833245999643 89.9688179779729),0.02670982190066399,227.6833245999643,89.9688179779729
2025-09-03 15:52:03.726487,1392,0,POINT (227.6568371284522 89.97226801279626),0.026711212765177926,227.6568371284522,89.97226801279626
2025-09-03 15:52:04.726487,1393,0,POINT (227.6305013373777 89.97569968154285),0.026558430712413834,227.6305013373777,89.97569968154285
2025-09-03 15:52:05.726487,1394,0,POINT (227.6042541428306 89.97909594633754),0.026466012849478488,227.6042541428306,89.97909594633754
2025-09-03 15:52:06.726487,1395,0,POINT (227.57806374239277 89.98246586769532),0.026406314492018402,227.57806374239277,89.98246586769532
2025-09-03 15:52:07.726487,1396,0,POINT (227.55183706519148 89.98580507357356),0.026438398077759637,227.55183706519148,89.98580507357356
2025-09-03 15:52:08.726487,1397,0,POINT (227.52566545839414 89.98912364393742),0.0263811658501693,227.52566545839414,89.98912364393742
2025-09-03 15:52:09.726487,1398,0,POINT (227.49936754921904 89.99241212508402),0.026502719393173522,227.49936754921904,89.99241212508402
2025-09-03 15:52:10.726487,1399,0,POINT (227.47298972142994 89.99567278596008),0.026578594925623557,227.47298972142994,89.99567278596008
2025-09-03 15:52:11.726487,1400,0,POINT (227.44665044652695 89.99887272093254),0.026532941530171154,227.44665044652695,89.99887272093254
2025-09-03 15:52:12.726487,1401,0,POINT (227.42032366978805 90.00206604753838),0.026519738088287136,227.42032366978805,90.00206604753838
2025-09-03 15:52:13.726487,1402,0,POINT (227.39404989531087 90.00522651454504),0.026463177756605505,227.39404989531087,90.00522651454504
2025-09-03 15:52:14.726487,1403,0,POINT (227.36772540234884 90.0083649300033),0.026510914380622766,227.36772540234884,90.0083649300033
2025-09-03 15:52:15.726487,1404,0,POINT (227.34149854494925 90.01149572197987),0.026413063197197315,227.34149854494925,90.01149572197987
2025-09-03 15:52:16.726487,1405,0,POINT (227.31529151512453 90.01459148224262),0.026389242956896316,227.31529151512453,90.01459148224262
2025-09-03 15:52:17.726487,1406,0,POINT (227.28915670783167 90.01766917158301),0.02631540088828209,227.28915670783167,90.01766917158301
2025-09-03 15:52:18.726487,1407,0,POINT (227.2630069089677 90.02072843255185),0.026328141945482945,227.2630069089677,90.02072843255185
2025-09-03 15:52:19.726487,1408,0,POINT (227.23678587186305 90.02376465413147),0.026396238904887015,227.23678587186305,90.02376465413147
2025-09-03 15:52:20.726487,1409,0,POINT (227.2105787934245 90.02677346282327),0.026379232172827876,227.2105787934245,90.02677346282327
2025-09-03 15:52:21.726487,1410,0,POINT (227.1843409259553 90.0297506678737),0.02640623864248568,227.1843409259553,90.0297506678737
2025-09-03 15:52:22.726487,1411,0,POINT (227.15800209116478 90.03270824763852),0.026504367492692874,227.15800209116478,90.03270824763852
2025-09-03 15:52:23.726487,1412,0,POINT (227.13156730585723 90.0356386843248),0.02659671659111623,227.13156730585723,90.0356386843248
2025-09-03 15:52:24.726487,1413,0,POINT (227.10505374764426 90.03853215641192),0.026670975794511997,227.10505374764426,90.03853215641192
2025-09-03 15:52:25.726487,1414,0,POINT (227.07852801685223 90.04141737372319),0.026682182687789345,227.07852801685223,90.04141737372319
2025-09-03 15:52:26.726487,1415,0,POINT (227.0519057079609 90.04428165800137),0.026775949191971158,227.0519057079609,90.04428165800137
2025-09-03 15:52:27.726487,1416,0,POINT (227.02543318870264 90.0471389518777),0.02662627281794406,227.02543318870264,90.0471389518777
2025-09-03 15:52:28.726487,1417,0,POINT (226.99894497295972 90.04997665626838),0.026639784898759206,226.99894497295972,90.04997665626838
2025-09-03 15:52:29.726487,1418,0,POINT (226.97248170505142 90.05279049840755),0.026612445509018354,226.97248170505142,90.05279049840755
2025-09-03 15:52:30.726487,1419,0,POINT (226.94602193142072 90.05558146096448),0.02660656108147666,226.94602193142072,90.05558146096448
2025-09-03 15:52:31.726487,1420,0,POINT (226.9194741775968 90.05835753816933),0.02669250527286654,226.9194741775968,90.05835753816933
2025-09-03 15:52:32.726487,1421,0,POINT (226.8929217152291 90.06111637553352),0.02669540112810334,226.8929217152291,90.06111637553352
2025-09-03 15:52:33.726487,1422,0,POINT (226.86636900665795 90.06386148766319),0.02669423108219108,226.86636900665795,90.06386148766319
2025-09-03 15:52:34.726487,1423,0,POINT (226.83976865172835 90.06657677275552),0.026738579908313957,226.83976865172835,90.06657677275552
2025-09-03 15:52:35.726487,1424,0,POINT (226.81310919690674 90.06930616010489),0.0267988075609424,226.81310919690674,90.06930616010489
2025-09-03 15:52:36.726487,1425,0,POINT (226.78647637226518 90.07200917049003),0.026769639772135614,226.78647637226518,90.07200917049003
2025-09-03 15:52:37.726487,1426,0,POINT (226.75981192998003 90.07471126803455),0.02680100396474562,226.75981192998003,90.07471126803455
2025-09-03 15:52:38.726487,1427,0,POINT (226.73309358463197 90.0773755102463),0.02685085035340569,226.73309358463197,90.0773755102463
2025-09-03 15:52:39.726487,1428,0,POINT (226.70638899729354 90.08002234452843),0.02683543770153291,226.70638899729354,90.08002234452843
2025-09-03 15:52:40.726487,1429,0,POINT (226.67964657837746 90.0826813989532),0.026874291430981585,226.67964657837746,90.0826813989532
2025-09-03 15:52:41.726487,1430,0,POINT (226.6529071651464 90.08533259837124),0.0268705243398064,226.6529071651464,90.08533259837124
2025-09-03 15:52:42.726487,1431,0,POINT (226.6260835980051 90.08797898071471),0.026953795534047843,226.6260835980051,90.08797898071471
2025-09-03 15:52:43.726487,1432,0,POINT (226.599199665909 90.0906082478445),0.027012198181329102,226.599199665909,90.0906082478445
2025-09-03 15:52:44.726487,1433,0,POINT (226.5723126802179 90.09321254181873),0.02701281819170272,226.5723126802179,90.09321254181873
2025-09-03 15:52:45.726487,1434,0,POINT (226.54533241765665 90.09581760483165),0.027105735946007143,226.54533241765665,90.09581760483165
2025-09-03 15:52:46.726487,1435,0,POINT (226.51831023502132 90.09841132221366),0.027146375895046322,226.51831023502132,90.09841132221366
2025-09-03 15:52:47.726487,1436,0,POINT (226.49118102379035 90.10098640677728),0.027251149746834808,226.49118102379035,90.10098640677728
2025-09-03 15:52:48.726487,1437,0,POINT (226.46400212811542 90.10356369754446),0.027300820460324463,226.46400212811542,90.10356369754446
2025-09-03 15:52:49.726487,1438,0,POINT (226.43685396011026 90.10614928259328),0.027271015310794317,226.43685396011026,90.10614928259328
2025-09-03 15:52:50.726487,1439,0,POINT (226.4097000864942 90.10871837220884),0.02727513654977487,226.4097000864942,90.10871837220884
2025-09-03 15:52:51.726487,1440,0,POINT (226.3825901354425 90.1112792746602),0.02723063839484706,226.3825901354425,90.1112792746602
2025-09-03 15:52:52.726487,1441,0,POINT (226.35553299154353 90.11381592732624),0.027175791482835616,226.35553299154353,90.11381592732624
2025-09-03 15:52:53.726487,1442,0,POINT (226.32855822997868 90.11631506477066),0.027090283303174943,226.32855822997868,90.11631506477066
2025-09-03 15:52:54.726487,1443,0,POINT (226.30161740134045 90.11881846373238),0.02705688921653975,226.30161740134045,90.11881846373238
2025-09-03 15:52:55.726487,1444,0,POINT (226.2747912907897 90.12133213222477),0.026943621444992776,226.2747912907897,90.12133213222477
2025-09-03 15:52:56.726487,1445,0,POINT (226.24792399672592 90.1238441260872),0.026984469671913404,226.24792399672592,90.1238441260872
2025-09-03 15:52:57.726487,1446,0,POINT (226.2209659786514 90.12637394305024),0.02707646048456169,226.2209659786514,90.12637394305024
2025-09-03 15:52:58.726487,1447,0,POINT (226.1940716998581 90.12889193980963),0.027011896258716868,226.1940716998581,90.12889193980963
2025-09-03 15:52:59.726487,1448,0,POINT (226.1671396581259 90.13141639679505),0.027050097133590023,226.1671396581259,90.13141639679505
2025-09-03 15:53:00.726487,1449,0,POINT (226.14021853403023 90.13392731572837),0.027037966574147036,226.14021853403023,90.13392731572837
2025-09-03 15:53:01.726487,1450,0,POINT (226.11337687847944 90.1364222165142),0.026957355260448238,226.11337687847944,90.1364222165142
2025-09-03 15:53:02.726487,1451,0,POINT (226.08638753987336 90.1389072075947),0.027103497543012455,226.08638753987336,90.1389072075947
2025-09-03 15:53:03.726487,1452,0,POINT (226.0593657138749 90.14138514843953),0.02713520353932794,226.0593657138749,90.14138514843953
2025-09-03 15:53:04.726487,1453,0,POINT (226.0323510261627 90.14386944182456),0.02712867607921887,226.0323510261627,90.14386944182456
2025-09-03 15:53:05.726487,1454,0,POINT (226.00534967453373 90.14637198567878),0.027117074243610196,226.00534967453373,90.14637198567878
2025-09-03 15:53:06.726487,1455,0,POINT (225.9783554622477 90.14886007263881),0.027108634669870946,225.9783554622477,90.14886007263881
2025-09-03 15:53:07.726487,1456,0,POINT (225.9512963435652 90.15134444987292),0.027172928331614825,225.9512963435652,90.15134444987292
2025-09-03 15:53:08.726487,1457,0,POINT (225.92422762941115 90.1538157999397),0.027181296089511368,225.92422762941115,90.1538157999397
2025-09-03 15:53:09.726487,1458,0,POINT (225.89721163943022 90.15625560882208),0.027125935597357268,225.89721163943022,90.15625560882208
2025-09-03 15:53:10.726487,1459,0,POINT (225.87022246765642 90.15868111048023),0.02709794182829605,225.87022246765642,90.15868111048023
2025-09-03 15:53:11.726487,1460,0,POINT (225.8431939153651 90.16110446709419),0.027136972864390208,225.8431939153651,90.16110446709419
2025-09-03 15:53:12.726487,1461,0,POINT (225.81610263374833 90.163522986293),0.02719902157715455,225.81610263374833,90.163522986293
2025-09-03 15:53:13.726487,1462,0,POINT (225.78900427032698 90.16591359036244),0.027203607994751026,225.78900427032698,90.16591359036244
2025-09-03 15:53:14.726487,1463,0,POINT (225.76187972829405 90.16830884424647),0.027230094044375,225.76187972829405,90.16830884424647
2025-09-03 15:53:15.726487,1464,0,POINT (225.73474109495928 90.17071550769722),0.02724513623097538,225.73474109495928,90.17071550769722
2025-09-03 15:53:16.726487,1465,0,POINT (225.70767066341276 90.1730827478785),0.02717373898068922,225.70767066341276,90.1730827478785
2025-09-03 15:53:17.726487,1466,0,POINT (225.68054531647692 90.17546137515326),0.02722943837286316,225.68054531647692,90.17546137515326
2025-09-03 15:53:18.726487,1467,0,POINT (225.65336007711022 90.17781913037484),0.02728729098151312,225.65336007711022,90.17781913037484
2025-09-03 15:53:19.726487,1468,0,POINT (225.62621628676823 90.1801516489821),0.027243824936733937,225.62621628676823,90.1801516489821
2025-09-03 15:53:20.726487,1469,0,POINT (225.59901574273948 90.18248391986079),0.027300349501631127,225.59901574273948,90.18248391986079
2025-09-03 15:53:21.726487,1470,0,POINT (225.57178608733176 90.18480958209928),0.02732879138328067,225.57178608733176,90.18480958209928
2025-09-03 15:53:22.726487,1471,0,POINT (225.54457248826128 90.18711667759585),0.027311218647271256,225.54457248826128,90.18711667759585
2025-09-03 15:53:23.726487,1472,0,POINT (225.51736412252288 90.1894026306618),0.027304225818990557,225.51736412252288,90.1894026306618
2025-09-03 15:53:24.726487,1473,0,POINT (225.4901610560627 90.1916638139251),0.027296882140400065,225.4901610560627,90.1916638139251
2025-09-03 15:53:25.726487,1474,0,POINT (225.46301070570712 90.19391098729503),0.027243188370405964,225.46301070570712,90.19391098729503
2025-09-03 15:53:26.726487,1475,0,POINT (225.4358494690576 90.19617373490682),0.027255326141630246,225.4358494690576,90.19617373490682
2025-09-03 15:53:27.726487,1476,0,POINT (225.4087038024864 90.19842567004444),0.02723891380833856,225.4087038024864,90.19842567004444
2025-09-03 15:53:28.726487,1477,0,POINT (225.38159492505247 90.20067537312457),0.027202066092057477,225.38159492505247,90.20067537312457
2025-09-03 15:53:29.726487,1478,0,POINT (225.35453520518135 90.20290029106724),0.027151034959187588,225.35453520518135,90.20290029106724
2025-09-03 15:53:30.726487,1479,0,POINT (225.3273240315136 90.20512651869481),0.027302088964515372,225.3273240315136,90.20512651869481
2025-09-03 15:53:31.726487,1480,0,POINT (225.30011048704563 90.20732761389561),0.02730241422645861,225.30011048704563,90.20732761389561
2025-09-03 15:53:32.726487,1481,0,POINT (225.2729174912652 90.20952256149313),0.02728143717751704,225.2729174912652,90.20952256149313
2025-09-03 15:53:33.726487,1482,0,POINT (225.24579706970607 90.21170871422439),0.027208390788664147,225.24579706970607,90.21170871422439
2025-09-03 15:53:34.726487,1483,0,POINT (225.21861032507317 90.21390145239958),0.027275028587326278,225.21861032507317,90.21390145239958
2025-09-03 15:53:35.726487,1484,0,POINT (225.19133876890987 90.21609541170805),0.02735966434397928,225.19133876890987,90.21609541170805
2025-09-03 15:53:36.726487,1485,0,POINT (225.1640338800125 90.21828805076038),0.027392784154062523,225.1640338800125,90.21828805076038
2025-09-03 15:53:37.726487,1486,0,POINT (225.13664016856518 90.22047404190063),0.027480793003931064,225.13664016856518,90.22047404190063
2025-09-03 15:53:38.726487,1487,0,POINT (225.10924257246086 90.22264055365318),0.027483122920612436,225.10924257246086,90.22264055365318
2025-09-03 15:53:39.726487,1488,0,POINT (225.0817967132968 90.22480968522372),0.02753144233460681,225.0817967132968,90.22480968522372
2025-09-03 15:53:40.726487,1489,0,POINT (225.05426182510874 90.22697466687084),0.027619869895805515,225.05426182510874,90.22697466687084
2025-09-03 15:53:41.726487,1490,0,POINT (225.02673740640748 90.22913277691485),0.02760889465017413,225.02673740640748,90.22913277691485
2025-09-03 15:53:42.726487,1491,0,POINT (224.99922168600662 90.23126483997822),0.02759819852969212,224.99922168600662,90.23126483997822
2025-09-03 15:53:43.726487,1492,0,POINT (224.97174666180692 90.23338788236224),0.027556927690483974,224.97174666180692,90.23338788236224
2025-09-03 15:53:44.726487,1493,0,POINT (224.94433052788486 90.23549909393279),0.027497301931788565,224.94433052788486,90.23549909393279
2025-09-03 15:53:45.726487,1494,0,POINT (224.91697147373313 90.23762152314812),0.027441256346082965,224.91697147373313,90.23762152314812
2025-09-03 15:53:46.726487,1495,0,POINT (224.88960684595799 90.2397330669354),0.02744597366532471,224.88960684595799,90.2397330669354
2025-09-03 15:53:47.726487,1496,0,POINT (224.86226216113076 90.24184164316173),0.027425861554427958,224.86226216113076,90.24184164316173
2025-09-03 15:53:48.726487,1497,0,POINT (224.8349044511812 90.24394007056613),0.027438070108086722,224.8349044511812,90.24394007056613
2025-09-03 15:53:49.726487,1498,0,POINT (224.80759429520194 90.2460306231906),0.027390053484554013,224.80759429520194,90.2460306231906
2025-09-03 15:53:50.726487,1499,0,POINT (224.78031420415374 90.24810610905388),0.027358929240132866,224.78031420415374,90.24810610905388
2025-09-03 15:53:51.726487,1500,0,POINT (224.753045037653 90.25017301898346),0.02734738668139138,224.753045037653,90.25017301898346
2025-09-03 15:28:51.726487,0,1,POINT (7.214540346605684 15.908202519137038),0.0010441032496306536,7.214540346605684,15.908202519137038
2025-09-03 15:28:52.726487,1,1,POINT (7.214839995569945 15.907202338106371),0.0010441032496306536,7.214839995569945,15.907202338106371
2025-09-03 15:28:53.726487,2,1,POINT (7.215523605979092 15.905231722420854),0.0020858210305533744,7.215523605979092,15.905231722420854
2025-09-03 15:28:54.726487,3,1,POINT (7.216557133152452 15.902307376922748),0.0031016084553614925,7.216557133152452,15.902307376922748
2025-09-03 15:28:55.726487,4,1,POINT (7.217924129298382 15.898447131030531),0.004095140633892939,7.217924129298382,15.898447131030531
2025-09-03 15:28:56.726487,5,1,POINT (7.219652562471669 15.893697162295041),0.005054669546335993,7.219652562471669,15.893697162295041
2025-09-03 15:28:57.726487,6,1,POINT (7.22160029071931 15.888033476806667),0.005989238569123432,7.22160029071931,15.888033476806667
2025-09-03 15:28:58.726487,7,1,POINT (7.223869715128708 15.88150107121182),0.006915389360372415,7.223869715128708,15.88150107121182
2025-09-03 15:28:59.726487,8,1,POINT (7.226405339409827 15.87409970599646),0.007823656277351492,7.226405339409827,15.87409970599646
2025-09-03 15:29:00.726487,9,1,POINT (7.22927028915523 15.865833345374606),0.00874875162375972,7.22927028915523,15.865833345374606
2025-09-03 15:29:01.726487,10,1,POINT (7.232417422989744 15.8567371752575),0.009625214915609541,7.232417422989744,15.8567371752575
2025-09-03 15:29:02.726487,11,1,POINT (7.235876408434227 15.846829383012759),0.010494233057736679,7.235876408434227,15.846829383012759
2025-09-03 15:29:03.726487,12,1,POINT (7.239588730925076 15.83613179677337),0.01132341333808897,7.239588730925076,15.83613179677337
2025-09-03 15:29:04.726487,13,1,POINT (7.243386033621031 15.824609412623028),0.012131976107492982,7.243386033621031,15.824609412623028
2025-09-03 15:29:05.726487,14,1,POINT (7.247194569386623 15.812266460367125),0.012917175196972658,7.247194569386623,15.812266460367125
2025-09-03 15:29:06.726487,15,1,POINT (7.251193919709574 15.799144330039372),0.013718057710340393,7.251193919709574,15.799144330039372
2025-09-03 15:29:07.726487,16,1,POINT (7.255392745210688 15.785249748995183),0.01451514788014065,7.255392745210688,15.785249748995183
2025-09-03 15:29:08.726487,17,1,POINT (7.259691758869338 15.770597510971585),0.015269891863972195,7.259691758869338,15.770597510971585
2025-09-03 15:29:09.726487,18,1,POINT (7.264086447879576 15.755195371866696),0.016016840528114924,7.264086447879576,15.755195371866696
2025-09-03 15:29:10.726487,19,1,POINT (7.2685732193898875 15.739054477026299),0.01675289840100843,7.2685732193898875,15.739054477026299
2025-09-03 15:29:11.726487,20,1,POINT (7.2731148129727625 15.722172018681679),0.01748266204071441,7.2731148129727625,15.722172018681679
2025-09-03 15:29:12.726487,21,1,POINT (7.277653694578858 15.704552208481516),0.018195031127313736,7.277653694578858,15.704552208481516
2025-09-03 15:29:13.726487,22,1,POINT (7.282168136375314 15.686219463202518),0.018880406091984082,7.282168136375314,15.686219463202518
2025-09-03 15:29:14.726487,23,1,POINT (7.2867720817922566 15.667164295926622),0.019603461768640904,7.2867720817922566,15.667164295926622
2025-09-03 15:29:15.726487,24,1,POINT (7.291391214689838 15.647426149455233),0.02027142853504644,7.291391214689838,15.647426149455233
2025-09-03 15:29:16.726487,25,1,POINT (7.295796604288235 15.627009934821436),0.020886102496324208,7.295796604288235,15.627009934821436
2025-09-03 15:29:17.726487,26,1,POINT (7.300067743945106 15.605925495366458),0.021512699065879777,7.300067743945106,15.605925495366458
2025-09-03 15:29:18.726487,27,1,POINT (7.304293494295908 15.585232696972966),0.021119869113728262,7.304293494295908,15.585232696972966
2025-09-03 15:29:19.726487,28,1,POINT (7.3083964062418625 15.564909982414543),0.020732742545534293,7.3083964062418625,15.564909982414543
2025-09-03 15:29:20.726487,29,1,POINT (7.3123640554850216 15.544982318098192),0.02031881014286727,7.3123640554850216,15.544982318098192
2025-09-03 15:29:21.726487,30,1,POINT (7.31623681139486 15.525421561310386),0.01994044744856255,7.31623681139486,15.525421561310386
2025-09-03 15:29:22.726487,31,1,POINT (7.319876344906297 15.506211132073481),0.019552155780041366,7.319876344906297,15.506211132073481
2025-09-03 15:29:23.726487,32,1,POINT (7.323438231528837 15.487354771710633),0.01918982445061529,7.323438231528837,15.487354771710633
2025-09-03 15:29:24.726487,33,1,POINT (7.326939040615201 15.46884681562217),0.01883613821439117,7.326939040615201,15.46884681562217
2025-09-03 15:29:25.726487,34,1,POINT (7.330408667628903 15.450689273596634),0.018486066212780688,7.330408667628903,15.450689273596634
2025-09-03 15:29:26.726487,35,1,POINT (7.333827598446942 15.432847990071295),0.01816591549496122,7.333827598446942,15.432847990071295
2025-09-03 15:29:27.726487,36,1,POINT (7.33722148546485 15.415324604955307),0.017849019441233863,7.33722148546485,15.415324604955307
2025-09-03 15:29:28.726487,37,1,POINT (7.340539639874125 15.398123461040468),0.01751826191900324,7.340539639874125,15.398123461040468
2025-09-03 15:29:29.726487,38,1,POINT (7.343726816573677 15.381234855412712),0.017186712756197223,7.343726816573677,15.381234855412712
2025-09-03 15:29:30.726487,39,1,POINT (7.3468609276031005 15.364650204896261),0.016878189615523953,7.3468609276031005,15.364650204896261
2025-09-03 15:29:31.726487,40,1,POINT (7.349867441605709 15.348371441490153),0.016554070933758828,7.349867441605709,15.348371441490153
2025-09-03 15:29:32.726487,41,1,POINT (7.352855170858499 15.332364355455269),0.016283529390649955,7.352855170858499,15.332364355455269
2025-09-03 15:29:33.726487,42,1,POINT (7.35577099158146 15.31666283521852),0.015969963939643367,7.35577099158146,15.31666283521852
2025-09-03 15:29:34.726487,43,1,POINT (7.3586203651832385 15.301236559573194),0.015687221239214313,7.3586203651832385,15.301236559573194
2025-09-03 15:29:35.726487,44,1,POINT (7.361566117659797 15.286065096558394),0.015454796914311314,7.361566117659797,15.286065096558394
2025-09-03 15:29:36.726487,45,1,POINT (7.3644655456568175 15.271174325168813),0.015170423701619787,7.3644655456568175,15.271174325168813
2025-09-03 15:29:37.726487,46,1,POINT (7.367306405759661 15.256545355139519),0.014902256548654534,7.367306405759661,15.256545355139519
2025-09-03 15:29:38.726487,47,1,POINT (7.370077912463174 15.242163911699492),0.014646063116970753,7.370077912463174,15.242163911699492
2025-09-03 15:29:39.726487,48,1,POINT (7.372840810732159 15.228050611806317),0.014381197471680193,7.372840810732159,15.228050611806317
2025-09-03 15:29:40.726487,49,1,POINT (7.3757152806123685 15.214172046021124),0.014173114172480293,7.3757152806123685,15.214172046021124
2025-09-03 15:29:41.726487,50,1,POINT (7.3784165319376 15.198669807937504),0.01573582359850626,7.3784165319376,15.198669807937504
2025-09-03 15:29:42.726487,51,1,POINT (7.380853497813517 15.181552070306216),0.01729033673165464,7.380853497813517,15.181552070306216
2025-09-03 15:29:43.726487,52,1,POINT (7.383010488650472 15.162816587470079),0.018859239819618505,7.383010488650472,15.162816587470079
2025-09-03 15:29:44.726487,53,1,POINT (7.384822571941656 15.142469169865121),0.02042794774432165,7.384822571941656,15.142469169865121
2025-09-03 15:29:45.726487,54,1,POINT (7.386404663143194 15.121465833181666),0.0210628384698868,7.386404663143194,15.121465833181666
2025-09-03 15:29:46.726487,55,1,POINT (7.38766301549171 15.099836982777752),0.021665424538372485,7.38766301549171,15.099836982777752
2025-09-03 15:29:47.726487,56,1,POINT (7.388618126030562 15.077565144820259),0.02229230813859966,7.388618126030562,15.077565144820259
2025-09-03 15:29:48.726487,57,1,POINT (7.389275249264084 15.05465203487238),0.022922530803286857,7.389275249264084,15.05465203487238
2025-09-03 15:29:49.726487,58,1,POINT (7.389592511911877 15.031132495768706),0.023521678835426156,7.389592511911877,15.031132495768706
2025-09-03 15:29:50.726487,59,1,POINT (7.389472779633256 15.007040748412559),0.024092044879813798,7.389472779633256,15.007040748412559
2025-09-03 15:29:51.726487,60,1,POINT (7.388982548324951 14.982382100346502),0.02466352065665548,7.388982548324951,14.982382100346502
2025-09-03 15:29:52.726487,61,1,POINT (7.388147812957868 14.957176553728358),0.025219364850299086,7.388147812957868,14.957176553728358
2025-09-03 15:29:53.726487,62,1,POINT (7.386869257380059 14.931422282416102),0.025785988350086688,7.386869257380059,14.931422282416102
2025-09-03 15:29:54.726487,63,1,POINT (7.385178213536082 14.905118058749824),0.02635852446492095,7.385178213536082,14.905118058749824
2025-09-03 15:29:55.726487,64,1,POINT (7.383012846601999 14.878351791874003),0.026853712153572126,7.383012846601999,14.878351791874003
2025-09-03 15:29:56.726487,65,1,POINT (7.380398488399469 14.851112287682602),0.027364675357191913,7.380398488399469,14.851112287682602
2025-09-03 15:29:57.726487,66,1,POINT (7.3778795034305 14.825436750193207),0.025798808318277282,7.3778795034305,14.825436750193207
2025-09-03 15:29:58.726487,67,1,POINT (7.375583510448375 14.80125025198474),0.02429523161779144,7.375583510448375,14.80125025198474
2025-09-03 15:29:59.726487,68,1,POINT (7.3735344473106945 14.778513381328247),0.022829015462614292,7.3735344473106945,14.778513381328247
2025-09-03 15:30:00.726487,69,1,POINT (7.371854111903866 14.757167874682352),0.02141154317300363,7.371854111903866,14.757167874682352
2025-09-03 15:30:01.726487,70,1,POINT (7.370534605910261 14.737178180589611),0.02003319659935818,7.370534605910261,14.737178180589611
2025-09-03 15:30:02.726487,71,1,POINT (7.369617502995571 14.718507757902294),0.018692933453024238,7.369617502995571,14.718507757902294
2025-09-03 15:30:03.726487,72,1,POINT (7.369073714968323 14.701169830101161),0.01734645340857565,7.369073714968323,14.701169830101161
2025-09-03 15:30:04.726487,73,1,POINT (7.368906590676669 14.685090105547436),0.016080593031742533,7.368906590676669,14.685090105547436
2025-09-03 15:30:05.726487,74,1,POINT (7.369232812624788 14.670215679882041),0.014878002541833434,7.369232812624788,14.670215679882041
2025-09-03 15:30:06.726487,75,1,POINT (7.369964182446551 14.656572725419238),0.013662543990425059,7.369964182446551,14.656572725419238
2025-09-03 15:30:07.726487,76,1,POINT (7.37120990936741 14.644073418406965),0.012561230487035157,7.37120990936741,14.644073418406965
2025-09-03 15:30:08.726487,77,1,POINT (7.37300635858689 14.632673368490014),0.011540726489573206,7.37300635858689,14.632673368490014
2025-09-03 15:30:09.726487,78,1,POINT (7.375362492520664 14.6223609144908),0.010578188625647997,7.375362492520664,14.6223609144908
2025-09-03 15:30:10.726487,79,1,POINT (7.378178416520754 14.613157429085721),0.009624633581377814,7.378178416520754,14.613157429085721
2025-09-03 15:30:11.726487,80,1,POINT (7.3816069647804365 14.604961253353299),0.008884381790857465,7.3816069647804365,14.604961253353299
2025-09-03 15:30:12.726487,81,1,POINT (7.385514037029281 14.597813978921149),0.008145473919063794,7.385514037029281,14.597813978921149
2025-09-03 15:30:13.726487,82,1,POINT (7.390082430682954 14.59210619442772),0.007310883968327948,7.390082430682954,14.59210619442772
2025-09-03 15:30:14.726487,83,1,POINT (7.395301769442608 14.58784854091733),0.006735659618965695,7.395301769442608,14.58784854091733
2025-09-03 15:30:15.726487,84,1,POINT (7.401204614835787 14.585031609591372),0.006540541707758642,7.401204614835787,14.585031609591372
2025-09-03 15:30:16.726487,85,1,POINT (7.407774034882852 14.583669092015711),0.006709227518781093,7.407774034882852,14.583669092015711
2025-09-03 15:30:17.726487,86,1,POINT (7.415047908415689 14.583749052620096),0.007274313017045495,7.415047908415689,14.583749052620096
2025-09-03 15:30:18.726487,87,1,POINT (7.423057055737157 14.5852630215938),0.008150984165750854,7.423057055737157,14.5852630215938
2025-09-03 15:30:19.726487,88,1,POINT (7.431751270630946 14.588240335638618),0.009189873314733843,7.431751270630946,14.588240335638618
2025-09-03 15:30:20.726487,89,1,POINT (7.440728235004161 14.592151508400038),0.009791994777757934,7.440728235004161,14.592151508400038
2025-09-03 15:30:21.726487,90,1,POINT (7.450028433806859 14.59693913054187),0.010460163647987051,7.450028433806859,14.59693913054187
2025-09-03 15:30:22.726487,91,1,POINT (7.4596887898827315 14.602544724638053),0.011168937491265726,7.4596887898827315,14.602544724638053
2025-09-03 15:30:23.726487,92,1,POINT (7.4697132739674 14.608979363959657),0.011911963077633887,7.4697132739674,14.608979363959657
2025-09-03 15:30:24.726487,93,1,POINT (7.480047939854033 14.616240835157404),0.012630688142141537,7.480047939854033,14.616240835157404
2025-09-03 15:30:25.726487,94,1,POINT (7.490651866821137 14.62432360598775),0.013333208594316942,7.490651866821137,14.62432360598775
2025-09-03 15:30:26.726487,95,1,POINT (7.501514010184007 14.633254728571565),0.014062400543387692,7.501514010184007,14.633254728571565
2025-09-03 15:30:27.726487,96,1,POINT (7.512683340820414 14.64299380045676),0.014819023856191136,7.512683340820414,14.64299380045676
2025-09-03 15:30:28.726487,97,1,POINT (7.524213140606007 14.653485421127895),0.015588790440662177,7.524213140606007,14.653485421127895
2025-09-03 15:30:29.726487,98,1,POINT (7.53596220107448 14.664777795899884),0.016295955015981054,7.53596220107448,14.664777795899884
2025-09-03 15:30:30.726487,99,1,POINT (7.547937018081217 14.676842250796428),0.01699845034982806,7.547937018081217,14.676842250796428
2025-09-03 15:30:31.726487,100,1,POINT (7.560065741488354 14.689680880810114),0.017661719964804194,7.560065741488354,14.689680880810114
2025-09-03 15:30:32.726487,101,1,POINT (7.572034169761317 14.70230044737654),0.0173924332871953,7.572034169761317,14.70230044737654
2025-09-03 15:30:33.726487,102,1,POINT (7.583852462841142 14.714693427372396),0.017124777502154378,7.583852462841142,14.714693427372396
2025-09-03 15:30:34.726487,103,1,POINT (7.595583568255447 14.726834527235967),0.0168826875863634,7.595583568255447,14.726834527235967
2025-09-03 15:30:35.726487,104,1,POINT (7.6072381871074715 14.738713564931398),0.0166415647448023,7.6072381871074715,14.738713564931398
2025-09-03 15:30:36.726487,105,1,POINT (7.618705206316504 14.750397473432704),0.01637089635319954,7.618705206316504,14.750397473432704
2025-09-03 15:30:37.726487,106,1,POINT (7.630068827717171 14.761876494012903),0.01615239316071523,7.630068827717171,14.761876494012903
2025-09-03 15:30:38.726487,107,1,POINT (7.6412742829819695 14.773153427371613),0.01589752979768206,7.6412742829819695,14.773153427371613
2025-09-03 15:30:39.726487,108,1,POINT (7.652597308994221 14.785244359873602),0.016565070686290158,7.652597308994221,14.785244359873602
2025-09-03 15:30:40.726487,109,1,POINT (7.664058396099919 14.79812426089845),0.01724089232186816,7.664058396099919,14.79812426089845
2025-09-03 15:30:41.726487,110,1,POINT (7.675701543982702 14.811755889726049),0.017927191556788874,7.675701543982702,14.811755889726049
2025-09-03 15:30:42.726487,111,1,POINT (7.687555760403604 14.82614117998099),0.018640252752376546,7.687555760403604,14.82614117998099
2025-09-03 15:30:43.726487,112,1,POINT (7.699488231795248 14.841314217537056),0.01930297754726452,7.699488231795248,14.841314217537056
2025-09-03 15:30:44.726487,113,1,POINT (7.711566066809555 14.857243436225112),0.019990350338218534,7.711566066809555,14.857243436225112
2025-09-03 15:30:45.726487,114,1,POINT (7.723773113331973 14.873935615046163),0.02067947819927835,7.723773113331973,14.873935615046163
2025-09-03 15:30:46.726487,115,1,POINT (7.736320817320186 14.892268161585356),0.022215470690208537,7.736320817320186,14.892268161585356
2025-09-03 15:30:47.726487,116,1,POINT (7.749176116971272 14.912239504296657),0.023751068582517635,7.749176116971272,14.912239504296657
2025-09-03 15:30:48.726487,117,1,POINT (7.762226163359696 14.933862201614406),0.025255588491163734,7.762226163359696,14.933862201614406
2025-09-03 15:30:49.726487,118,1,POINT (7.775320038363723 14.957143107734368),0.02671048768531797,7.775320038363723,14.957143107734368
2025-09-03 15:30:50.726487,119,1,POINT (7.788342156583216 14.982055987143317),0.028110978698140807,7.788342156583216,14.982055987143317
2025-09-03 15:30:51.726487,120,1,POINT (7.801308683305936 15.008592564121829),0.029535076315924287,7.801308683305936,15.008592564121829
2025-09-03 15:30:52.726487,121,1,POINT (7.814236700352672 15.036693110891404),0.030931769323945986,7.814236700352672,15.036693110891404
2025-09-03 15:30:53.726487,122,1,POINT (7.826981954156352 15.06636009086979),0.0322888710790287,7.826981954156352,15.06636009086979
2025-09-03 15:30:54.726487,123,1,POINT (7.839375098025953 15.096613732353516),0.03269362075387943,7.839375098025953,15.096613732353516
2025-09-03 15:30:55.726487,124,1,POINT (7.851317080132512 15.12747433124956),0.0330905953536033,7.851317080132512,15.12747433124956
2025-09-03 15:30:56.726487,125,1,POINT (7.862760123328795 15.158955480644666),0.03349635808306548,7.862760123328795,15.158955480644666
2025-09-03 15:30:57.726487,126,1,POINT (7.873767091182975 15.191022666259883),0.03390365370610864,7.873767091182975,15.191022666259883
2025-09-03 15:30:58.726487,127,1,POINT (7.884219994512793 15.22365109870995),0.03426190000818907,7.884219994512793,15.22365109870995
2025-09-03 15:30:59.726487,128,1,POINT (7.894134762076885 15.256854737626968),0.034652334022135536,7.894134762076885,15.256854737626968
2025-09-03 15:31:00.726487,129,1,POINT (7.903582946515789 15.290572696212998),0.035016694881166974,7.903582946515789,15.290572696212998
2025-09-03 15:31:01.726487,130,1,POINT (7.9125008900788485 15.324796749154451),0.03536687033274711,7.9125008900788485,15.324796749154451
2025-09-03 15:31:02.726487,131,1,POINT (7.920844009484572 15.358481131094821),0.03470223664438487,7.920844009484572,15.358481131094821
2025-09-03 15:31:03.726487,132,1,POINT (7.928592672040298 15.391642573742867),0.03405470672171699,7.928592672040298,15.391642573742867
2025-09-03 15:31:04.726487,133,1,POINT (7.935944100111107 15.424270045514785),0.03344540938466048,7.935944100111107,15.424270045514785
2025-09-03 15:31:05.726487,134,1,POINT (7.942752735223927 15.456376528530475),0.03282047781090838,7.942752735223927,15.456376528530475
2025-09-03 15:31:06.726487,135,1,POINT (7.949087286235144 15.48794949476847),0.03220215417606853,7.949087286235144,15.48794949476847
2025-09-03 15:31:07.726487,136,1,POINT (7.954959659097031 15.518015279821359),0.03063390595199295,7.954959659097031,15.518015279821359
2025-09-03 15:31:08.726487,137,1,POINT (7.960576341638921 15.546575034713511),0.029106815735771768,7.960576341638921,15.546575034713511
2025-09-03 15:31:09.726487,138,1,POINT (7.965986162976134 15.57362361345671),0.02758426687312244,7.965986162976134,15.57362361345671
2025-09-03 15:31:10.726487,139,1,POINT (7.971159073716195 15.599169537465393),0.026064405594258298,7.971159073716195,15.599169537465393
2025-09-03 15:31:11.726487,140,1,POINT (7.976088198761199 15.625346421962021),0.026636920911755377,7.976088198761199,15.625346421962021
2025-09-03 15:31:12.726487,141,1,POINT (7.980720404237201 15.652117033667501),0.027168418773595965,7.980720404237201,15.652117033667501
2025-09-03 15:31:13.726487,142,1,POINT (7.9849540881381635 15.679482078142014),0.02769060740513511,7.9849540881381635,15.679482078142014
2025-09-03 15:31:14.726487,143,1,POINT (7.988740650103936 15.707411662384652),0.028185097613584377,7.988740650103936,15.707411662384652
2025-09-03 15:31:15.726487,144,1,POINT (7.9920624485599125 15.73588911836773),0.02867053965746461,7.9920624485599125,15.73588911836773
2025-09-03 15:31:16.726487,145,1,POINT (7.9948855433166734 15.764907766563303),0.029155647945193333,7.9948855433166734,15.764907766563303
2025-09-03 15:31:17.726487,146,1,POINT (7.997328128091004 15.794460582369558),0.029653585659380907,7.997328128091004,15.794460582369558
2025-09-03 15:31:18.726487,147,1,POINT (7.999306796140929 15.82451773941215),0.030122214671813353,7.999306796140929,15.82451773941215
2025-09-03 15:31:19.726487,148,1,POINT (8.000772487874507 15.855063608025885),0.0305810127632405,8.000772487874507,15.855063608025885
2025-09-03 15:31:20.726487,149,1,POINT (8.001675505404016 15.88608087831771),0.031030412453184008,8.001675505404016,15.88608087831771
2025-09-03 15:31:21.726487,150,1,POINT (8.002273789988088 15.916542300447844),0.030467296936777487,8.002273789988088,15.916542300447844
2025-09-03 15:31:22.726487,151,1,POINT (8.002678793494713 15.946494156782897),0.029954594401461056,8.002678793494713,15.946494156782897
2025-09-03 15:31:23.726487,152,1,POINT (8.002708158843241 15.975880296193377),0.029386154082762697,8.002708158843241,15.975880296193377
2025-09-03 15:31:24.726487,153,1,POINT (8.002515604313592 16.004738800983624),0.028859147180323452,8.002515604313592,16.004738800983624
2025-09-03 15:31:25.726487,154,1,POINT (8.002177075476293 16.03310447893442),0.028367697957040895,8.002177075476293,16.03310447893442
2025-09-03 15:31:26.726487,155,1,POINT (8.00181717237766 16.06102083649037),0.027918677429852896,8.00181717237766,16.06102083649037
2025-09-03 15:31:27.726487,156,1,POINT (8.001584221044714 16.087408010593872),0.02638820235430979,8.001584221044714,16.087408010593872
2025-09-03 15:31:28.726487,157,1,POINT (8.001592878829321 16.1122951370754),0.024887127987471024,8.001592878829321,16.1122951370754
2025-09-03 15:31:29.726487,158,1,POINT (8.001881318087392 16.135685361933938),0.02339200325193563,8.001881318087392,16.135685361933938
2025-09-03 15:31:30.726487,159,1,POINT (8.002675295823487 16.157658338947712),0.021987317241839284,8.002675295823487,16.157658338947712
2025-09-03 15:31:31.726487,160,1,POINT (8.003817069697838 16.1781417315704),0.020515190004367342,8.003817069697838,16.1781417315704
2025-09-03 15:31:32.726487,161,1,POINT (8.005444927624007 16.197183393857195),0.01911111781325643,8.005444927624007,16.197183393857195
2025-09-03 15:31:33.726487,162,1,POINT (8.007503397015158 16.214750455467744),0.017687253881344615,8.007503397015158,16.214750455467744
2025-09-03 15:31:34.726487,163,1,POINT (8.01002115283529 16.230845545092993),0.0162908257744847,8.01002115283529,16.230845545092993
2025-09-03 15:31:35.726487,164,1,POINT (8.013087882100052 16.245499532798057),0.01497144562303541,8.013087882100052,16.245499532798057
2025-09-03 15:31:36.726487,165,1,POINT (8.016730061114426 16.258716038445996),0.013709175376905854,8.016730061114426,16.258716038445996
2025-09-03 15:31:37.726487,166,1,POINT (8.021062300878198 16.27054022237046),0.01259284030115337,8.021062300878198,16.27054022237046
2025-09-03 15:31:38.726487,167,1,POINT (8.02602538792024 16.280936795688604),0.01152045874722109,8.02602538792024,16.280936795688604
2025-09-03 15:31:39.726487,168,1,POINT (8.03167543140463 16.28992440581532),0.010616031610980686,8.03167543140463,16.28992440581532
2025-09-03 15:31:40.726487,169,1,POINT (8.038028576874945 16.297503018054442),0.009889278074660657,8.038028576874945,16.297503018054442
2025-09-03 15:31:41.726487,170,1,POINT (8.045012277025943 16.303629715438568),0.009290236199134444,8.045012277025943,16.303629715438568
2025-09-03 15:31:42.726487,171,1,POINT (8.052713170728522 16.308338324589435),0.009026337239104511,8.052713170728522,16.308338324589435
2025-09-03 15:31:43.726487,172,1,POINT (8.061166372279118 16.311637954019904),0.00907436889449702,8.061166372279118,16.311637954019904
2025-09-03 15:31:44.726487,173,1,POINT (8.070386512012998 16.31352766194405),0.009411799655265857,8.070386512012998,16.31352766194405
2025-09-03 15:31:45.726487,174,1,POINT (8.080315966992556 16.313971349983685),0.009939362920609016,8.080315966992556,16.313971349983685
2025-09-03 15:31:46.726487,175,1,POINT (8.090906091764355 16.312937460310252),0.010640473229095488,8.090906091764355,16.312937460310252
2025-09-03 15:31:47.726487,176,1,POINT (8.102107110942763 16.31039434810922),0.011486089426001357,8.102107110942763,16.31039434810922
2025-09-03 15:31:48.726487,177,1,POINT (8.113241212855941 16.307947668504216),0.011399757300161685,8.113241212855941,16.307947668504216
2025-09-03 15:31:49.726487,178,1,POINT (8.124307660928464 16.305594804429845),0.011313807594895168,8.124307660928464,16.305594804429845
2025-09-03 15:31:50.726487,179,1,POINT (8.135324774394313 16.303352579899475),0.01124296935706866,8.135324774394313,16.303352579899475
2025-09-03 15:31:51.726487,180,1,POINT (8.14636833646188 16.301235233945476),0.011244706177980299,8.14636833646188,16.301235233945476
2025-09-03 15:31:52.726487,181,1,POINT (8.157508435333133 16.299288901765184),0.011308846617464863,8.157508435333133,16.299288901765184
2025-09-03 15:31:53.726487,182,1,POINT (8.168627185447354 16.29745699350632),0.011268650849653183,8.168627185447354,16.29745699350632
2025-09-03 15:31:54.726487,183,1,POINT (8.179712012851807 16.295707603337373),0.011222021411034384,8.179712012851807,16.295707603337373
2025-09-03 15:31:55.726487,184,1,POINT (8.19079972098605 16.29405636738438),0.011209988931422417,8.19079972098605,16.29405636738438
2025-09-03 15:31:56.726487,185,1,POINT (8.20189415374724 16.292505813648656),0.011202261163708694,8.20189415374724,16.292505813648656
2025-09-03 15:31:57.726487,186,1,POINT (8.212918199638954 16.291028968675537),0.011122529339015105,8.212918199638954,16.291028968675537
2025-09-03 15:31:58.726487,187,1,POINT (8.223951036119386 16.289652909977633),0.01111831904309381,8.223951036119386,16.289652909977633
2025-09-03 15:31:59.726487,188,1,POINT (8.2349550623313 16.288340848280523),0.011081971790684108,8.2349550623313,16.288340848280523
2025-09-03 15:32:00.726487,189,1,POINT (8.245891216805797 16.287077237637046),0.011008913958622574,8.245891216805797,16.287077237637046
2025-09-03 15:32:01.726487,190,1,POINT (8.256747700984493 16.285849156261825),0.010925723435381084,8.256747700984493,16.285849156261825
2025-09-03 15:32:02.726487,191,1,POINT (8.26775838363379 16.284763566286458),0.011064069685164005,8.26775838363379,16.284763566286458
2025-09-03 15:32:03.726487,192,1,POINT (8.278767382579273 16.283763396507588),0.0110543383957708,8.278767382579273,16.283763396507588
2025-09-03 15:32:04.726487,193,1,POINT (8.29019979735791 16.281911393386007),0.011581451689367351,8.29019979735791,16.281911393386007
2025-09-03 15:32:05.726487,194,1,POINT (8.301978820634611 16.279162765025625),0.012095468044542503,8.301978820634611,16.279162765025625
2025-09-03 15:32:06.726487,195,1,POINT (8.314130171022798 16.275549760708238),0.012677109940911337,8.314130171022798,16.275549760708238
2025-09-03 15:32:07.726487,196,1,POINT (8.326654585399133 16.271102625853132),0.013290521580797427,8.326654585399133,16.271102625853132
2025-09-03 15:32:08.726487,197,1,POINT (8.339608124480307 16.26585383957393),0.013976549364283527,8.339608124480307,16.26585383957393
2025-09-03 15:32:09.726487,198,1,POINT (8.352836431793722 16.259731992966092),0.014576183323080125,8.352836431793722,16.259731992966092
2025-09-03 15:32:10.726487,199,1,POINT (8.366298892582833 16.252755962900864),0.015162547476242521,8.366298892582833,16.252755962900864
2025-09-03 15:32:11.726487,200,1,POINT (8.380061166856718 16.24496236778806),0.01581582492227253,8.380061166856718,16.24496236778806
2025-09-03 15:32:12.726487,201,1,POINT (8.394153007896186 16.23637550670509),0.01650194434422257,8.394153007896186,16.23637550670509
2025-09-03 15:32:13.726487,202,1,POINT (8.40849522890463 16.22697223041439),0.017149953599188875,8.40849522890463,16.22697223041439
2025-09-03 15:32:14.726487,203,1,POINT (8.423122147849652 16.216759443833368),0.017839500205266926,8.423122147849652,16.216759443833368
2025-09-03 15:32:15.726487,204,1,POINT (8.438042272880766 16.205774113039126),0.018528022657666378,8.438042272880766,16.205774113039126
2025-09-03 15:32:16.726487,205,1,POINT (8.453093815854558 16.19396523378092),0.019131089232629548,8.453093815854558,16.19396523378092
2025-09-03 15:32:17.726487,206,1,POINT (8.468329520558973 16.181356980070426),0.019776115884274973,8.468329520558973,16.181356980070426
2025-09-03 15:32:18.726487,207,1,POINT (8.483753607187497 16.167958397543533),0.020430968211374165,8.483753607187497,16.167958397543533
2025-09-03 15:32:19.726487,208,1,POINT (8.499265888000357 16.153757940013033),0.02103054564419459,8.499265888000357,16.153757940013033
2025-09-03 15:32:20.726487,209,1,POINT (8.51492186710548 16.138789146393915),0.021660435456190848,8.51492186710548,16.138789146393915
2025-09-03 15:32:21.726487,210,1,POINT (8.53062381882098 16.123035107414864),0.022242774823059107,8.53062381882098,16.123035107414864
2025-09-03 15:32:22.726487,211,1,POINT (8.546449258820557 16.106567008852817),0.022839501339335985,8.546449258820557,16.106567008852817
2025-09-03 15:32:23.726487,212,1,POINT (8.562262711828238 16.089335071143896),0.02338813744679683,8.562262711828238,16.089335071143896
2025-09-03 15:32:24.726487,213,1,POINT (8.577988998629099 16.071321217094045),0.023912654270747076,8.577988998629099,16.071321217094045
2025-09-03 15:32:25.726487,214,1,POINT (8.59368411654058 16.052548155092474),0.02446966659294976,8.59368411654058,16.052548155092474
2025-09-03 15:32:26.726487,215,1,POINT (8.60931414497078 16.033030869270416),0.025004444296740022,8.60931414497078,16.033030869270416
2025-09-03 15:32:27.726487,216,1,POINT (8.624855553435877 16.012756827464),0.02554549174017449,8.624855553435877,16.012756827464
2025-09-03 15:32:28.726487,217,1,POINT (8.640232048560861 15.991701593983938),0.02607219705411373,8.640232048560861,15.991701593983938
2025-09-03 15:32:29.726487,218,1,POINT (8.655435692829254 15.969900128384815),0.0265792155886815,8.655435692829254,15.969900128384815
2025-09-03 15:32:30.726487,219,1,POINT (8.670508470783421 15.947370264987024),0.02710688805412276,8.670508470783421,15.947370264987024
2025-09-03 15:32:31.726487,220,1,POINT (8.68532819374715 15.925174375174436),0.026688606432225453,8.68532819374715,15.925174375174436
2025-09-03 15:32:32.726487,221,1,POINT (8.69986392445871 15.903277753526126),0.026282113821536276,8.69986392445871,15.903277753526126
2025-09-03 15:32:33.726487,222,1,POINT (8.71405929180246 15.88168470733828),0.025841209292416442,8.71405929180246,15.88168470733828
2025-09-03 15:32:34.726487,223,1,POINT (8.72796156772745 15.860389341290178),0.02543159238068291,8.72796156772745,15.860389341290178
2025-09-03 15:32:35.726487,224,1,POINT (8.741563565799437 15.839391601926593),0.02501838144108028,8.741563565799437,15.839391601926593
2025-09-03 15:32:36.726487,225,1,POINT (8.754875327662365 15.818682769823642),0.02461826011243523,8.754875327662365,15.818682769823642
2025-09-03 15:32:37.726487,226,1,POINT (8.76785796152438 15.79825961110137),0.02420029326661629,8.76785796152438,15.79825961110137
2025-09-03 15:32:38.726487,227,1,POINT (8.780548506028255 15.778138964904008),0.023788449365275948,8.780548506028255,15.778138964904008
2025-09-03 15:32:39.726487,228,1,POINT (8.793096209064075 15.75832563139256),0.02345235673255334,8.793096209064075,15.75832563139256
2025-09-03 15:32:40.726487,229,1,POINT (8.805364241991953 15.73880146550742),0.023058570758613683,8.805364241991953,15.73880146550742
2025-09-03 15:32:41.726487,230,1,POINT (8.817361179287976 15.719583481800054),0.02265518488693696,8.817361179287976,15.719583481800054
2025-09-03 15:32:42.726487,231,1,POINT (8.829161982249886 15.700675991053163),0.022287937475001306,8.829161982249886,15.700675991053163
2025-09-03 15:32:43.726487,232,1,POINT (8.840671421553035 15.682062877299876),0.021884131160859455,8.840671421553035,15.682062877299876
2025-09-03 15:32:44.726487,233,1,POINT (8.852048971823193 15.663716055548035),0.021588295869377806,8.852048971823193,15.663716055548035
2025-09-03 15:32:45.726487,234,1,POINT (8.863286875612847 15.645668800174148),0.021260148355921774,8.863286875612847,15.645668800174148
2025-09-03 15:32:46.726487,235,1,POINT (8.874355162255014 15.627867152732069),0.020962004218234118,8.874355162255014,15.627867152732069
2025-09-03 15:32:47.726487,236,1,POINT (8.885233823200306 15.610334943211734),0.020633071381341052,8.885233823200306,15.610334943211734
2025-09-03 15:32:48.726487,237,1,POINT (8.896000362541635 15.593061561212702),0.020354068268356014,8.896000362541635,15.593061561212702
2025-09-03 15:32:49.726487,238,1,POINT (8.906687797555238 15.57604409961443),0.020095155297201215,8.906687797555238,15.57604409961443
2025-09-03 15:32:50.726487,239,1,POINT (8.917215067774936 15.559276458728466),0.019798414056666894,8.917215067774936,15.559276458728466
2025-09-03 15:32:51.726487,240,1,POINT (8.927734512555432 15.54274062979482),0.01959827433762243,8.927734512555432,15.54274062979482
2025-09-03 15:32:52.726487,241,1,POINT (8.938138607795718 15.526431144033667),0.019345400579004853,8.938138607795718,15.526431144033667
2025-09-03 15:32:53.726487,242,1,POINT (8.94844644144466 15.510361686897278),0.01909133015775714,8.94844644144466,15.510361686897278
2025-09-03 15:32:54.726487,243,1,POINT (8.958703268208268 15.49452004053737),0.01887220852605918,8.958703268208268,15.49452004053737
2025-09-03 15:32:55.726487,244,1,POINT (8.968829425395787 15.478931005712965),0.018589165289029652,8.968829425395787,15.478931005712965
2025-09-03 15:32:56.726487,245,1,POINT (8.978976547229339 15.464604867209454),0.01755569212326082,8.978976547229339,15.464604867209454
2025-09-03 15:32:57.726487,246,1,POINT (8.98909166707373 15.45152549654822),0.016534375898725546,8.98909166707373,15.45152549654822
2025-09-03 15:32:58.726487,247,1,POINT (8.999257443897875 15.439674194371333),0.015613980329377783,8.999257443897875,15.439674194371333
2025-09-03 15:32:59.726487,248,1,POINT (9.009511612381905 15.429018120576101),0.014788504996391904,9.009511612381905,15.429018120576101
2025-09-03 15:33:00.726487,249,1,POINT (9.019795034321623 15.41954417113129),0.013982291831924508,9.019795034321623,15.41954417113129
2025-09-03 15:33:01.726487,250,1,POINT (9.030205350943842 15.411254677331815),0.013307531687972093,9.030205350943842,15.411254677331815
2025-09-03 15:33:02.726487,251,1,POINT (9.04061842354704 15.404137176132991),0.012613124289989742,9.04061842354704,15.404137176132991
2025-09-03 15:33:03.726487,252,1,POINT (9.051102224325811 15.398140457261253),0.012077694978581258,9.051102224325811,15.398140457261253
2025-09-03 15:33:04.726487,253,1,POINT (9.061776142387268 15.393262279663078),0.01173580604228023,9.061776142387268,15.393262279663078
2025-09-03 15:33:05.726487,254,1,POINT (9.072568343267747 15.389959636156515),0.011286232940004946,9.072568343267747,15.389959636156515
2025-09-03 15:33:06.726487,255,1,POINT (9.083493877115599 15.388239961368319),0.01106004390758502,9.083493877115599,15.388239961368319
2025-09-03 15:33:07.726487,256,1,POINT (9.094627841601744 15.38810408248121),0.01113479358814995,9.094627841601744,15.38810408248121
2025-09-03 15:33:08.726487,257,1,POINT (9.105927711746242 15.389565497757397),0.011393980862367235,9.105927711746242,15.389565497757397
2025-09-03 15:33:09.726487,258,1,POINT (9.117340289982774 15.392638758538075),0.011819131686846725,9.117340289982774,15.392638758538075
2025-09-03 15:33:10.726487,259,1,POINT (9.128891677993018 15.397329832357075),0.012467587518782512,9.128891677993018,15.397329832357075
2025-09-03 15:33:11.726487,260,1,POINT (9.1405360225591 15.40365209201657),0.013249970851882493,9.1405360225591,15.40365209201657
2025-09-03 15:33:12.726487,261,1,POINT (9.15223985322884 15.411617204004289),0.014157071071476996,9.15223985322884,15.411617204004289
2025-09-03 15:33:13.726487,262,1,POINT (9.16403497454138 15.421230295197951),0.015216320484111706,9.16403497454138,15.421230295197951
2025-09-03 15:33:14.726487,263,1,POINT (9.17587089855209 15.432504154909692),0.016345917226858277,9.17587089855209,15.432504154909692
2025-09-03 15:33:15.726487,264,1,POINT (9.187779349932395 15.44544410694594),0.017585606983482528,9.187779349932395,15.44544410694594
2025-09-03 15:33:16.726487,265,1,POINT (9.199649146048655 15.460066863258827),0.018833933790572258,9.199649146048655,15.460066863258827
2025-09-03 15:33:17.726487,266,1,POINT (9.211563586907658 15.47637396865072),0.020195929967321728,9.211563586907658,15.47637396865072
2025-09-03 15:33:18.726487,267,1,POINT (9.223505870495842 15.494375107149754),0.021602294428185523,9.223505870495842,15.494375107149754
2025-09-03 15:33:19.726487,268,1,POINT (9.23537149281539 15.51408431289464),0.023005342512651513,9.23537149281539,15.51408431289464
2025-09-03 15:33:20.726487,269,1,POINT (9.24696979302431 15.535511929021563),0.024365206763313208,9.24696979302431,15.535511929021563
2025-09-03 15:33:21.726487,270,1,POINT (9.2583860073203 15.557665552845485),0.024922138700035908,9.2583860073203,15.557665552845485
2025-09-03 15:33:22.726487,271,1,POINT (9.269461152981686 15.580538448805223),0.025413150552536668,9.269461152981686,15.580538448805223
2025-09-03 15:33:23.726487,272,1,POINT (9.280319020516792 15.604121007632402),0.02596209483549619,9.280319020516792,15.604121007632402
2025-09-03 15:33:24.726487,273,1,POINT (9.290995894717115 15.6284146891811),0.026536363840569694,9.290995894717115,15.6284146891811
2025-09-03 15:33:25.726487,274,1,POINT (9.301404184814075 15.653414795830598),0.027080211137077197,9.301404184814075,15.653414795830598
2025-09-03 15:33:26.726487,275,1,POINT (9.311457473312954 15.679092413545982),0.027575508357582934,9.311457473312954,15.679092413545982
2025-09-03 15:33:27.726487,276,1,POINT (9.321202727557049 15.706389763076272),0.02898474204923805,9.321202727557049,15.706389763076272
2025-09-03 15:33:28.726487,277,1,POINT (9.330406288383033 15.735275320143078),0.030316347717647116,9.330406288383033,15.735275320143078
2025-09-03 15:33:29.726487,278,1,POINT (9.339088024483232 15.76571952118121),0.03165788872561847,9.339088024483232,15.76571952118121
2025-09-03 15:33:30.726487,279,1,POINT (9.347211077863168 15.797691874784608),0.03298810984512534,9.347211077863168,15.797691874784608
2025-09-03 15:33:31.726487,280,1,POINT (9.354759004409981 15.831173422278669),0.03432178925628937,9.354759004409981,15.831173422278669
2025-09-03 15:33:32.726487,281,1,POINT (9.361719365810877 15.865181093211653),0.034712653501529564,9.361719365810877,15.865181093211653
2025-09-03 15:33:33.726487,282,1,POINT (9.368068284929262 15.899675295163956),0.035073618893664366,9.368068284929262,15.899675295163956
2025-09-03 15:33:34.726487,283,1,POINT (9.373641033412001 15.934636550766749),0.035402611753594035,9.373641033412001,15.934636550766749
2025-09-03 15:33:35.726487,284,1,POINT (9.378502700073312 15.970042930979163),0.03573860045485497,9.378502700073312,15.970042930979163
2025-09-03 15:33:36.726487,285,1,POINT (9.382690886128408 16.00588465237612),0.036085591239845824,9.382690886128408,16.00588465237612
2025-09-03 15:33:37.726487,286,1,POINT (9.386199376676975 16.042144648181864),0.036429339848011055,9.386199376676975,16.042144648181864
2025-09-03 15:33:38.726487,287,1,POINT (9.389008064196375 16.078807676323123),0.03677045496140046,9.389008064196375,16.078807676323123
2025-09-03 15:33:39.726487,288,1,POINT (9.391065906458696 16.11584523799022),0.03709468545520651,9.391065906458696,16.11584523799022
2025-09-03 15:33:40.726487,289,1,POINT (9.392393391429062 16.153250160115515),0.03742847065464802,9.392393391429062,16.153250160115515
2025-09-03 15:33:41.726487,290,1,POINT (9.39302763638566 16.19100480332261),0.03775997021132252,9.39302763638566,16.19100480332261
2025-09-03 15:33:42.726487,291,1,POINT (9.392976559668163 16.229088823089025),0.038084054017394287,9.392976559668163,16.229088823089025
2025-09-03 15:33:43.726487,292,1,POINT (9.39264144125465 16.265617070324208),0.03652978442895158,9.39264144125465,16.265617070324208
2025-09-03 15:33:44.726487,293,1,POINT (9.39211806021899 16.300596610839495),0.0349834558379976,9.39211806021899,16.300596610839495
2025-09-03 15:33:45.726487,294,1,POINT (9.391550267899579 16.33405565819113),0.033463864657222266,9.391550267899579,16.33405565819113
2025-09-03 15:33:46.726487,295,1,POINT (9.39101552030244 16.366003875265054),0.03195269204926672,9.39101552030244,16.366003875265054
2025-09-03 15:33:47.726487,296,1,POINT (9.39059735194499 16.396455997694662),0.030454993436922897,9.39059735194499,16.396455997694662
2025-09-03 15:33:48.726487,297,1,POINT (9.39028296845884 16.42539019250877),0.028935902725112865,9.39028296845884,16.42539019250877
2025-09-03 15:33:49.726487,298,1,POINT (9.389796139032223 16.453845969396564),0.02845994099042446,9.389796139032223,16.453845969396564
2025-09-03 15:33:50.726487,299,1,POINT (9.389054325769333 16.48176465637678),0.027928540413279804,9.389054325769333,16.48176465637678
2025-09-03 15:33:51.726487,300,1,POINT (9.388134523780108 16.50917181322852),0.027422587084286878,9.388134523780108,16.50917181322852
2025-09-03 15:33:52.726487,301,1,POINT (9.387095707931898 16.53612371036883),0.026971909421255096,9.387095707931898,16.53612371036883
2025-09-03 15:33:53.726487,302,1,POINT (9.38606284036695 16.562665758426242),0.026562137159661325,9.38606284036695,16.562665758426242
2025-09-03 15:33:54.726487,303,1,POINT (9.384876815179105 16.588737705660456),0.02609890971534774,9.384876815179105,16.588737705660456
2025-09-03 15:33:55.726487,304,1,POINT (9.383606577028758 16.61437133912602),0.025665086588699808,9.383606577028758,16.61437133912602
2025-09-03 15:33:56.726487,305,1,POINT (9.382788658874587 16.638676159546506),0.024318579024667546,9.382788658874587,16.638676159546506
2025-09-03 15:33:57.726487,306,1,POINT (9.382412184822236 16.661677270868896),0.023004192113114552,9.382412184822236,16.661677270868896
2025-09-03 15:33:58.726487,307,1,POINT (9.382507422387548 16.683392007468598),0.021714945447508287,9.382507422387548,16.683392007468598
2025-09-03 15:33:59.726487,308,1,POINT (9.383110419930452 16.703865912984572),0.020482783334151287,9.383110419930452,16.703865912984572
2025-09-03 15:34:00.726487,309,1,POINT (9.384190977632931 16.723106369460382),0.019270775032310606,9.384190977632931,16.723106369460382
2025-09-03 15:34:01.726487,310,1,POINT (9.385716985490696 16.741133921387274),0.01809202389061924,9.385716985490696,16.741133921387274
2025-09-03 15:34:02.726487,311,1,POINT (9.387854105648497 16.75807045419396),0.017070835541378972,9.387854105648497,16.75807045419396
2025-09-03 15:34:03.726487,312,1,POINT (9.390659268126644 16.773960158833162),0.016135416017256186,9.390659268126644,16.773960158833162
2025-09-03 15:34:04.726487,313,1,POINT (9.394019467426258 16.78878975553494),0.01520552128900784,9.394019467426258,16.78878975553494
2025-09-03 15:34:05.726487,314,1,POINT (9.398174843445625 16.80229775882073),0.014132703302313704,9.398174843445625,16.80229775882073
2025-09-03 15:34:06.726487,315,1,POINT (9.403124452156115 16.814473308466702),0.013143159268932935,9.403124452156115,16.814473308466702
2025-09-03 15:34:07.726487,316,1,POINT (9.409007881482518 16.82539554594659),0.012406047404627588,9.409007881482518,16.82539554594659
2025-09-03 15:34:08.726487,317,1,POINT (9.41571660840848 16.834984972993414),0.011703167436787133,9.41571660840848,16.834984972993414
2025-09-03 15:34:09.726487,318,1,POINT (9.423259211454651 16.84323667328573),0.011179508863376217,9.423259211454651,16.84323667328573
2025-09-03 15:34:10.726487,319,1,POINT (9.431706343370095 16.850186226894845),0.010938479463018371,9.431706343370095,16.850186226894845
2025-09-03 15:34:11.726487,320,1,POINT (9.44102537285856 16.855802083485564),0.010880356421294061,9.44102537285856,16.855802083485564
2025-09-03 15:34:12.726487,321,1,POINT (9.451106525589644 16.860002290023857),0.010921143500191145,9.451106525589644,16.860002290023857
2025-09-03 15:34:13.726487,322,1,POINT (9.462208533895536 16.86294510638381),0.01148541494907757,9.462208533895536,16.86294510638381
2025-09-03 15:34:14.726487,323,1,POINT (9.474242465080655 16.864561926590078),0.012142059436009198,9.474242465080655,16.864561926590078
2025-09-03 15:34:15.726487,324,1,POINT (9.487084316728957 16.86476205196889),0.012843410914715785,9.487084316728957,16.86476205196889
2025-09-03 15:34:16.726487,325,1,POINT (9.500778621890774 16.86356415768991),0.013746597563345234,9.500778621890774,16.86356415768991
2025-09-03 15:34:17.726487,326,1,POINT (9.515265475164622 16.860920134731018),0.01472615955316086,9.515265475164622,16.860920134731018
2025-09-03 15:34:18.726487,327,1,POINT (9.530578269738053 16.856841568621803),0.015846651985682178,9.530578269738053,16.856841568621803
2025-09-03 15:34:19.726487,328,1,POINT (9.546732037043347 16.851327967761126),0.017068801733116732,9.546732037043347,16.851327967761126
2025-09-03 15:34:20.726487,329,1,POINT (9.563725093278318 16.844368125433114),0.018363097925886418,9.563725093278318,16.844368125433114
2025-09-03 15:34:21.726487,330,1,POINT (9.58151431703098 16.83592576916565),0.01969085729644623,9.58151431703098,16.83592576916565
2025-09-03 15:34:22.726487,331,1,POINT (9.599551855878023 16.826681338820993),0.02026850512632415,9.599551855878023,16.826681338820993
2025-09-03 15:34:23.726487,332,1,POINT (9.617946220999233 16.816679826654386),0.020937595703212585,9.617946220999233,16.816679826654386
2025-09-03 15:34:24.726487,333,1,POINT (9.636620155796953 16.80593408733204),0.02154499372042832,9.636620155796953,16.80593408733204
2025-09-03 15:34:25.726487,334,1,POINT (9.65552031215288 16.79442371857545),0.022129267931659594,9.65552031215288,16.79442371857545
2025-09-03 15:34:26.726487,335,1,POINT (9.674673271063439 16.782163731702575),0.022740780838674913,9.674673271063439,16.782163731702575
2025-09-03 15:34:27.726487,336,1,POINT (9.694005318285217 16.76914721913714),0.02330574283628897,9.694005318285217,16.76914721913714
2025-09-03 15:34:28.726487,337,1,POINT (9.713568439221845 16.75539139859),0.023915231541973767,9.713568439221845,16.75539139859
2025-09-03 15:34:29.726487,338,1,POINT (9.733255750217252 16.7408801018641),0.02445747220987809,9.733255750217252,16.7408801018641
2025-09-03 15:34:30.726487,339,1,POINT (9.753031462640301 16.725621029689144),0.024978352337167414,9.753031462640301,16.725621029689144
2025-09-03 15:34:31.726487,340,1,POINT (9.772830403917217 16.709551974292808),0.02549926698980349,9.772830403917217,16.709551974292808
2025-09-03 15:34:32.726487,341,1,POINT (9.792673147797979 16.692725440768545),0.02601666226018751,9.792673147797979,16.692725440768545
2025-09-03 15:34:33.726487,342,1,POINT (9.812572772199964 16.675148308544557),0.026550906360416626,9.812572772199964,16.675148308544557
2025-09-03 15:34:34.726487,343,1,POINT (9.832459944200078 16.6568190278078),0.027045556797541,9.832459944200078,16.6568190278078
2025-09-03 15:34:35.726487,344,1,POINT (9.852338868873444 16.63775223604436),0.027544767095034665,9.852338868873444,16.63775223604436
2025-09-03 15:34:36.726487,345,1,POINT (9.872132018077703 16.61792758286954),0.028014025575128266,9.872132018077703,16.61792758286954
2025-09-03 15:34:37.726487,346,1,POINT (9.89206997426934 16.597418233876322),0.028603417509543674,9.89206997426934,16.597418233876322
2025-09-03 15:34:38.726487,347,1,POINT (9.91192005170539 16.57615114337602),0.02909148866189636,9.91192005170539,16.57615114337602
2025-09-03 15:34:39.726487,348,1,POINT (9.931745588604393 16.554180956580492),0.029592921808501853,9.931745588604393,16.554180956580492
2025-09-03 15:34:40.726487,349,1,POINT (9.951529521260275 16.53149951089117),0.03009737480063902,9.951529521260275,16.53149951089117
2025-09-03 15:34:41.726487,350,1,POINT (9.97107590170774 16.508053622202073),0.030524919082915793,9.97107590170774,16.508053622202073
2025-09-03 15:34:42.726487,351,1,POINT (9.99035771130575 16.483858302894973),0.03093867575941863,9.99035771130575,16.483858302894973
2025-09-03 15:34:43.726487,352,1,POINT (10.009521134096696 16.45896958949302),0.03141153972458405,10.009521134096696,16.45896958949302
2025-09-03 15:34:44.726487,353,1,POINT (10.028166302609826 16.434372512309107),0.03086516669118059,10.028166302609826,16.434372512309107
2025-09-03 15:34:45.726487,354,1,POINT (10.046309680658933 16.410048146630853),0.030345624605241393,10.046309680658933,16.410048146630853
2025-09-03 15:34:46.726487,355,1,POINT (10.06396301534678 16.386022563127625),0.029813904277563193,10.06396301534678,16.386022563127625
2025-09-03 15:34:47.726487,356,1,POINT (10.081215039199641 16.362306617887743),0.029327093030861465,10.081215039199641,16.362306617887743
2025-09-03 15:34:48.726487,357,1,POINT (10.098027510568507 16.338867141451484),0.02884559323596707,10.098027510568507,16.338867141451484
2025-09-03 15:34:49.726487,358,1,POINT (10.114421356841222 16.31572959133768),0.02835673501802107,10.114421356841222,16.31572959133768
2025-09-03 15:34:50.726487,359,1,POINT (10.130429493723945 16.292919730756996),0.027866650070760012,10.130429493723945,16.292919730756996
2025-09-03 15:34:51.726487,360,1,POINT (10.14613328065641 16.270400100983892),0.02745437395275948,10.14613328065641,16.270400100983892
2025-09-03 15:34:52.726487,361,1,POINT (10.161405670373911 16.24815197576321),0.02698564365580937,10.161405670373911,16.24815197576321
2025-09-03 15:34:53.726487,362,1,POINT (10.176421648504965 16.22620748204515),0.026590231359923135,10.176421648504965,16.22620748204515
2025-09-03 15:34:54.726487,363,1,POINT (10.19120182063794 16.204553706598),0.026217160017745215,10.19120182063794,16.204553706598
2025-09-03 15:34:55.726487,364,1,POINT (10.205608105774342 16.18319658613807),0.025761747723538175,10.205608105774342,16.18319658613807
2025-09-03 15:34:56.726487,365,1,POINT (10.219670866626162 16.162131947830982),0.025327459994715546,10.219670866626162,16.162131947830982
2025-09-03 15:34:57.726487,366,1,POINT (10.233430166319527 16.14136364664179),0.02491266068361398,10.233430166319527,16.14136364664179
2025-09-03 15:34:58.726487,367,1,POINT (10.246983560338892 16.12088335007178),0.02455884844693919,10.246983560338892,16.12088335007178
2025-09-03 15:34:59.726487,368,1,POINT (10.260303633439223 16.100696432085407),0.02418545027876642,10.260303633439223,16.100696432085407
2025-09-03 15:35:00.726487,369,1,POINT (10.273362445604489 16.080812875296015),0.023788409063336957,10.273362445604489,16.080812875296015
2025-09-03 15:35:01.726487,370,1,POINT (10.286196809463192 16.061194020726038),0.023443983242944978,10.286196809463192,16.061194020726038
2025-09-03 15:35:02.726487,371,1,POINT (10.298849936853905 16.041883918816414),0.02308639574567045,10.298849936853905,16.041883918816414
2025-09-03 15:35:03.726487,372,1,POINT (10.311330680303028 16.022854359829054),0.022757264165452883,10.311330680303028,16.022854359829054
2025-09-03 15:35:04.726487,373,1,POINT (10.323729468256698 16.004101361885613),0.022481211590720796,10.323729468256698,16.004101361885613
2025-09-03 15:35:05.726487,374,1,POINT (10.335965437591625 15.985619069550866),0.02216560568791972,10.335965437591625,15.985619069550866
2025-09-03 15:35:06.726487,375,1,POINT (10.348144958988405 15.96741099631502),0.021906041915793997,10.348144958988405,15.96741099631502
2025-09-03 15:35:07.726487,376,1,POINT (10.360245484174158 15.950515958264726),0.020781362334841378,10.360245484174158,15.950515958264726
2025-09-03 15:35:08.726487,377,1,POINT (10.37220260467046 15.93488867021197),0.01967701355508155,10.37220260467046,15.93488867021197
2025-09-03 15:35:09.726487,378,1,POINT (10.384054352848919 15.920539952484276),0.018610471120169638,10.384054352848919,15.920539952484276
2025-09-03 15:35:10.726487,379,1,POINT (10.395878041487318 15.90743809226659),0.017648182744452824,10.395878041487318,15.90743809226659
2025-09-03 15:35:11.726487,380,1,POINT (10.407715589371497 15.895575474726138),0.01675855706262484,10.407715589371497,15.895575474726138
2025-09-03 15:35:12.726487,381,1,POINT (10.41956487627017 15.88493142664315),0.015928005512306366,10.41956487627017,15.88493142664315
2025-09-03 15:35:13.726487,382,1,POINT (10.431443781070698 15.875494033385529),0.015171445902054537,10.431443781070698,15.875494033385529
2025-09-03 15:35:14.726487,383,1,POINT (10.443303567993624 15.867279516358535),0.014426809621118267,10.443303567993624,15.867279516358535
2025-09-03 15:35:15.726487,384,1,POINT (10.455077694126363 15.860235194232905),0.013720514582160599,10.455077694126363,15.860235194232905
2025-09-03 15:35:16.726487,385,1,POINT (10.466800376971243 15.85433073488853),0.013125697437889617,10.466800376971243,15.85433073488853
2025-09-03 15:35:17.726487,386,1,POINT (10.478665370815694 15.849540386520884),0.012795527203373546,10.478665370815694,15.849540386520884
2025-09-03 15:35:18.726487,387,1,POINT (10.490744426469874 15.845833744332856),0.012634982461675449,10.490744426469874,15.845833744332856
2025-09-03 15:35:19.726487,388,1,POINT (10.502854026823387 15.843216273476035),0.012389252374865716,10.502854026823387,15.843216273476035
2025-09-03 15:35:20.726487,389,1,POINT (10.515053084790187 15.841677904053117),0.012295673863547107,10.515053084790187,15.841677904053117
2025-09-03 15:35:21.726487,390,1,POINT (10.527209762080782 15.841215839890548),0.012165455438987177,10.527209762080782,15.841215839890548
2025-09-03 15:35:22.726487,391,1,POINT (10.539380518240684 15.841784609713274),0.012184038928657326,10.539380518240684,15.841784609713274
2025-09-03 15:35:23.726487,392,1,POINT (10.551636388325639 15.843375400826645),0.012358679860958883,10.551636388325639,15.843375400826645
2025-09-03 15:35:24.726487,393,1,POINT (10.563888556809564 15.845967621619586),0.012523387768405845,10.563888556809564,15.845967621619586
2025-09-03 15:35:25.726487,394,1,POINT (10.576171947538693 15.849530908661444),0.012789788987592064,10.576171947538693,15.849530908661444
2025-09-03 15:35:26.726487,395,1,POINT (10.58852731163305 15.854067604444966),0.01316193870736067,10.58852731163305,15.854067604444966
2025-09-03 15:35:27.726487,396,1,POINT (10.600890706695797 15.859587070938614),0.013539499542157387,10.600890706695797,15.859587070938614
2025-09-03 15:35:28.726487,397,1,POINT (10.613320403206101 15.86607977122552),0.014023284649248922,10.613320403206101,15.86607977122552
2025-09-03 15:35:29.726487,398,1,POINT (10.625915141635076 15.873532364640777),0.014634499810633446,10.625915141635076,15.873532364640777
2025-09-03 15:35:30.726487,399,1,POINT (10.638580239250741 15.881933268340168),0.015198022258858643,10.638580239250741,15.881933268340168
2025-09-03 15:35:31.726487,400,1,POINT (10.651217350360408 15.891260387767868),0.01570642333622323,10.651217350360408,15.891260387767868
2025-09-03 15:35:32.726487,401,1,POINT (10.663808695588264 15.901501917998269),0.016230555015379282,10.663808695588264,15.901501917998269
2025-09-03 15:35:33.726487,402,1,POINT (10.676358199093801 15.912668976997594),0.01679860842242311,10.676358199093801,15.912668976997594
2025-09-03 15:35:34.726487,403,1,POINT (10.688965524936005 15.924728751644908),0.01744657070703303,10.688965524936005,15.924728751644908
2025-09-03 15:35:35.726487,404,1,POINT (10.70156967640825 15.93768434882257),0.018075180014736035,10.70156967640825,15.93768434882257
2025-09-03 15:35:36.726487,405,1,POINT (10.714070809215183 15.951490110392864),0.018624644264855498,10.714070809215183,15.951490110392864
2025-09-03 15:35:37.726487,406,1,POINT (10.726515131975402 15.966156268908069),0.019234276034039075,10.726515131975402,15.966156268908069
2025-09-03 15:35:38.726487,407,1,POINT (10.738942929316817 15.981678387109996),0.019884322976502795,10.738942929316817,15.981678387109996
2025-09-03 15:35:39.726487,408,1,POINT (10.751189355455299 15.998031175291004),0.0204300913962275,10.751189355455299,15.998031175291004
2025-09-03 15:35:40.726487,409,1,POINT (10.763368859413257 16.0141557960674),0.020207516221556383,10.763368859413257,16.0141557960674
2025-09-03 15:35:41.726487,410,1,POINT (10.775431778782382 16.030068121981582),0.019967877696570296,10.775431778782382,16.030068121981582
2025-09-03 15:35:42.726487,411,1,POINT (10.78740475445054 16.04575487463414),0.019733888494994675,10.78740475445054,16.04575487463414
2025-09-03 15:35:43.726487,412,1,POINT (10.799361736392035 16.061226121096777),0.0195532320667666,10.799361736392035,16.061226121096777
2025-09-03 15:35:44.726487,413,1,POINT (10.81130819716383 16.07648034809952),0.019375483643595964,10.81130819716383,16.07648034809952
2025-09-03 15:35:45.726487,414,1,POINT (10.823219056920056 16.09152829631854),0.019191386759033403,10.823219056920056,16.09152829631854
2025-09-03 15:35:46.726487,415,1,POINT (10.83500409125767 16.10637685439759),0.01895696999432141,10.83500409125767,16.10637685439759
2025-09-03 15:35:47.726487,416,1,POINT (10.846680399562802 16.12101746766687),0.0187265515388495,10.846680399562802,16.12101746766687
2025-09-03 15:35:48.726487,417,1,POINT (10.858247045474368 16.135460776768472),0.018503958372411745,10.858247045474368,16.135460776768472
2025-09-03 15:35:49.726487,418,1,POINT (10.869801737386135 16.14972426832483),0.018356418402134065,10.869801737386135,16.14972426832483
2025-09-03 15:35:50.726487,419,1,POINT (10.881414099104271 16.16380409749274),0.018250713248262593,10.881414099104271,16.16380409749274
2025-09-03 15:35:51.726487,420,1,POINT (10.893077367050498 16.17771590115988),0.01815406567296982,10.893077367050498,16.17771590115988
2025-09-03 15:35:52.726487,421,1,POINT (10.904814119361985 16.19145398734177),0.01806893374724365,10.904814119361985,16.19145398734177
2025-09-03 15:35:53.726487,422,1,POINT (10.916551714578654 16.205013217548807),0.017933874798207405,10.916551714578654,16.205013217548807
2025-09-03 15:35:54.726487,423,1,POINT (10.928328039430724 16.21841873672371),0.01784347979992032,10.928328039430724,16.21841873672371
2025-09-03 15:35:55.726487,424,1,POINT (10.94019836261174 16.23167464712454),0.01779392404661176,10.94019836261174,16.23167464712454
2025-09-03 15:35:56.726487,425,1,POINT (10.952049995798262 16.244769309133794),0.017661579270396455,10.952049995798262,16.244769309133794
2025-09-03 15:35:57.726487,426,1,POINT (10.963849401260092 16.25771600007992),0.017516928261175253,10.963849401260092,16.25771600007992
2025-09-03 15:35:58.726487,427,1,POINT (10.97550442779514 16.270490006115487),0.01729204654543235,10.97550442779514,16.270490006115487
2025-09-03 15:35:59.726487,428,1,POINT (10.987145164965801 16.283115091646607),0.01717263947517929,10.987145164965801,16.283115091646607
2025-09-03 15:36:00.726487,429,1,POINT (10.998758664883617 16.295591633931647),0.01704516024364374,10.998758664883617,16.295591633931647
2025-09-03 15:36:01.726487,430,1,POINT (11.010369522101545 16.307937889529665),0.016948216207810937,11.010369522101545,16.307937889529665
2025-09-03 15:36:02.726487,431,1,POINT (11.021903441111618 16.320098793063035),0.016760634310158902,11.021903441111618,16.320098793063035
2025-09-03 15:36:03.726487,432,1,POINT (11.033366438786686 16.332129199986802),0.016617190088881666,11.033366438786686,16.332129199986802
2025-09-03 15:36:04.726487,433,1,POINT (11.044819308134265 16.344023633257763),0.016511988345745736,11.044819308134265,16.344023633257763
2025-09-03 15:36:05.726487,434,1,POINT (11.056150706976343 16.355755038579108),0.01631031791633554,11.056150706976343,16.355755038579108
2025-09-03 15:36:06.726487,435,1,POINT (11.067481903813908 16.367361458004954),0.01622051151043925,11.067481903813908,16.367361458004954
2025-09-03 15:36:07.726487,436,1,POINT (11.078854251607513 16.37885202007869),0.016166734707697826,11.078854251607513,16.37885202007869
2025-09-03 15:36:08.726487,437,1,POINT (11.090208237106967 16.390248863031818),0.01608729362012466,11.090208237106967,16.390248863031818
2025-09-03 15:36:09.726487,438,1,POINT (11.101470784351225 16.4014913269081),0.015913452310502743,11.101470784351225,16.4014913269081
2025-09-03 15:36:10.726487,439,1,POINT (11.112720906443755 16.412615897840322),0.0158215462431097,11.112720906443755,16.412615897840322
2025-09-03 15:36:11.726487,440,1,POINT (11.12390293966196 16.423633018565983),0.015697605421746117,11.12390293966196,16.423633018565983
2025-09-03 15:36:12.726487,441,1,POINT (11.135132817613373 16.43454641416324),0.01565925803688842,11.135132817613373,16.43454641416324
2025-09-03 15:36:13.726487,442,1,POINT (11.146359278945797 16.445357748942406),0.015585839526814612,11.146359278945797,16.445357748942406
2025-09-03 15:36:14.726487,443,1,POINT (11.157617668227395 16.456058192240608),0.01553225083476459,11.157617668227395,16.456058192240608
2025-09-03 15:36:15.726487,444,1,POINT (11.168901483946014 16.466628797016966),0.015461635829035446,11.168901483946014,16.466628797016966
2025-09-03 15:36:16.726487,445,1,POINT (11.18026840833055 16.47710902685981),0.015460989215525781,11.18026840833055,16.47710902685981
2025-09-03 15:36:17.726487,446,1,POINT (11.191693340666752 16.48749664261806),0.015441231817047723,11.191693340666752,16.48749664261806
2025-09-03 15:36:18.726487,447,1,POINT (11.203041769168188 16.497771251997058),0.015308638977492803,11.203041769168188,16.497771251997058
2025-09-03 15:36:19.726487,448,1,POINT (11.214364684471885 16.507954268189337),0.015228336407727772,11.214364684471885,16.507954268189337
2025-09-03 15:36:20.726487,449,1,POINT (11.22555327946584 16.517999486991616),0.015036325306550935,11.22555327946584,16.517999486991616
2025-09-03 15:36:21.726487,450,1,POINT (11.236778922271194 16.527972532772335),0.015015881543808444,11.236778922271194,16.527972532772335
2025-09-03 15:36:22.726487,451,1,POINT (11.248294058712608 16.536860539813432),0.014546306624946851,11.248294058712608,16.536860539813432
2025-09-03 15:36:23.726487,452,1,POINT (11.26009728362879 16.544663806199644),0.014149455279839044,11.26009728362879,16.544663806199644
2025-09-03 15:36:24.726487,453,1,POINT (11.27221072786424 16.55139398355729),0.013857518483145453,11.27221072786424,16.55139398355729
2025-09-03 15:36:25.726487,454,1,POINT (11.284498177455914 16.557043683500428),0.013524072127707768,11.284498177455914,16.557043683500428
2025-09-03 15:36:26.726487,455,1,POINT (11.29711569082891 16.561687831315442),0.013445064248468306,11.29711569082891,16.561687831315442
2025-09-03 15:36:27.726487,456,1,POINT (11.310098713102386 16.565336420046822),0.01348595814483793,11.310098713102386,16.565336420046822
2025-09-03 15:36:28.726487,457,1,POINT (11.32337076494404 16.5679528234638),0.013527487827675107,11.32337076494404,16.5679528234638
2025-09-03 15:36:29.726487,458,1,POINT (11.336963939867596 16.56957365724678),0.013689466996726728,11.336963939867596,16.56957365724678
2025-09-03 15:36:30.726487,459,1,POINT (11.350803350761382 16.57018484795313),0.013852900344929841,11.350803350761382,16.57018484795313
2025-09-03 15:36:31.726487,460,1,POINT (11.364972581510846 16.56984745844111),0.014173247042029493,11.364972581510846,16.56984745844111
2025-09-03 15:36:32.726487,461,1,POINT (11.37944195212524 16.56856938759421),0.01452570655997142,11.37944195212524,16.56856938759421
2025-09-03 15:36:33.726487,462,1,POINT (11.3941816935877 16.566329541280894),0.014908953346477231,11.3941816935877,16.566329541280894
2025-09-03 15:36:34.726487,463,1,POINT (11.409182384357782 16.56315742075241),0.01533241899462816,11.409182384357782,16.56315742075241
2025-09-03 15:36:35.726487,464,1,POINT (11.424498978827677 16.559070390951536),0.015852503863693867,11.424498978827677,16.559070390951536
2025-09-03 15:36:36.726487,465,1,POINT (11.439739178623006 16.555072205859425),0.015755925038928437,11.439739178623006,16.555072205859425
2025-09-03 15:36:37.726487,466,1,POINT (11.454884247500074 16.55117200502372),0.01563920323577802,11.454884247500074,16.55117200502372
2025-09-03 15:36:38.726487,467,1,POINT (11.469947700945859 16.547345653676032),0.015541833686836665,11.469947700945859,16.547345653676032
2025-09-03 15:36:39.726487,468,1,POINT (11.485035440955723 16.543622171883108),0.01554040589133702,11.485035440955723,16.543622171883108
2025-09-03 15:36:40.726487,469,1,POINT (11.499988755927209 16.539969201195273),0.015393044646288595,11.499988755927209,16.539969201195273
2025-09-03 15:36:41.726487,470,1,POINT (11.514952126933581 16.536414847858797),0.015379723648845434,11.514952126933581,16.536414847858797
2025-09-03 15:36:42.726487,471,1,POINT (11.52996087748763 16.532957327115987),0.015401851930226688,11.52996087748763,16.532957327115987
2025-09-03 15:36:43.726487,472,1,POINT (11.544883676045368 16.529578346877543),0.015300569409228379,11.544883676045368,16.529578346877543
2025-09-03 15:36:44.726487,473,1,POINT (11.559793843536946 16.52627274622736),0.015272199916364726,11.559793843536946,16.52627274622736
2025-09-03 15:36:45.726487,474,1,POINT (11.574627592046715 16.523027950442163),0.015184491909138976,11.574627592046715,16.523027950442163
2025-09-03 15:36:46.726487,475,1,POINT (11.589416074390632 16.519859173685713),0.015124164643660936,11.589416074390632,16.519859173685713
2025-09-03 15:36:47.726487,476,1,POINT (11.604290750319242 16.516790153570458),0.01518798434450751,11.604290750319242,16.516790153570458
2025-09-03 15:36:48.726487,477,1,POINT (11.619109565902518 16.513783868884488),0.015120682620312773,11.619109565902518,16.513783868884488
2025-09-03 15:36:49.726487,478,1,POINT (11.633876719195683 16.510832649423428),0.015059167064987217,11.633876719195683,16.510832649423428
2025-09-03 15:36:50.726487,479,1,POINT (11.648604900553842 16.507930527378615),0.01501138362982555,11.648604900553842,16.507930527378615
2025-09-03 15:36:51.726487,480,1,POINT (11.663283001809518 16.50510610274468),0.014947375387828246,11.663283001809518,16.50510610274468
2025-09-03 15:36:52.726487,481,1,POINT (11.677993380778055 16.50238856338863),0.014959287066891267,11.677993380778055,16.50238856338863
2025-09-03 15:36:53.726487,482,1,POINT (11.692712872171393 16.49976514621953),0.014951446235119967,11.692712872171393,16.49976514621953
2025-09-03 15:36:54.726487,483,1,POINT (11.70755137744632 16.497224718674378),0.015054401711997895,11.70755137744632,16.497224718674378
2025-09-03 15:36:55.726487,484,1,POINT (11.722512894419152 16.494792949006165),0.015157852547362537,11.722512894419152,16.494792949006165
2025-09-03 15:36:56.726487,485,1,POINT (11.737510446909416 16.49244255111244),0.015180611020543973,11.737510446909416,16.49244255111244
2025-09-03 15:36:57.726487,486,1,POINT (11.752572726796911 16.490155359148257),0.015234944124946841,11.752572726796911,16.490155359148257
2025-09-03 15:36:58.726487,487,1,POINT (11.767618016759382 16.487916075460546),0.015211020396044092,11.767618016759382,16.487916075460546
2025-09-03 15:36:59.726487,488,1,POINT (11.782731807739793 16.485764545150182),0.015266163908329362,11.782731807739793,16.485764545150182
2025-09-03 15:37:00.726487,489,1,POINT (11.797776987539432 16.483658999571105),0.01519179901753032,11.797776987539432,16.483658999571105
2025-09-03 15:37:01.726487,490,1,POINT (11.812752641750683 16.481608463617558),0.015115386754950269,11.812752641750683,16.481608463617558
2025-09-03 15:37:02.726487,491,1,POINT (11.827758139855433 16.479627888137976),0.015135641796831682,11.827758139855433,16.479627888137976
2025-09-03 15:37:03.726487,492,1,POINT (11.842821160140277 16.47771853211708),0.015183550985067419,11.842821160140277,16.47771853211708
2025-09-03 15:37:04.726487,493,1,POINT (11.857826031253998 16.475871109749075),0.015118172063618778,11.857826031253998,16.475871109749075
2025-09-03 15:37:05.726487,494,1,POINT (11.872751864083265 16.47407254142655),0.015033806359601814,11.872751864083265,16.47407254142655
2025-09-03 15:37:06.726487,495,1,POINT (11.887652859904088 16.472309217727535),0.015004965408814692,11.887652859904088,16.472309217727535
2025-09-03 15:37:07.726487,496,1,POINT (11.902589042625804 16.470600352635543),0.015033621459884612,11.902589042625804,16.470600352635543
2025-09-03 15:37:08.726487,497,1,POINT (11.917484099114585 16.46893382670341),0.014987995746144534,11.917484099114585,16.46893382670341
2025-09-03 15:37:09.726487,498,1,POINT (11.93241662348889 16.467325780487762),0.015018858039840833,11.93241662348889,16.467325780487762
2025-09-03 15:37:10.726487,499,1,POINT (11.947366854144294 16.4657769152443),0.015030248839994376,11.947366854144294,16.4657769152443
2025-09-03 15:37:11.726487,500,1,POINT (11.962357526931113 16.464278851636223),0.015065339862589601,11.962357526931113,16.464278851636223
2025-09-03 15:37:12.726487,501,1,POINT (11.977388181502858 16.46286172968337),0.015097311399199176,11.977388181502858,16.46286172968337
2025-09-03 15:37:13.726487,502,1,POINT (11.99232145602235 16.46147715552336),0.014997324210639712,11.99232145602235,16.46147715552336
2025-09-03 15:37:14.726487,503,1,POINT (12.007296909865099 16.460143252397504),0.015034743607574478,12.007296909865099,16.460143252397504
2025-09-03 15:37:15.726487,504,1,POINT (12.02226458283525 16.45886503536094),0.015022152739669323,12.02226458283525,16.45886503536094
2025-09-03 15:37:16.726487,505,1,POINT (12.037239159153938 16.457613201002523),0.01502681021325248,12.037239159153938,16.457613201002523
2025-09-03 15:37:17.726487,506,1,POINT (12.05222103287936 16.45639043254931),0.01503168995870736,12.05222103287936,16.45639043254931
2025-09-03 15:37:18.726487,507,1,POINT (12.067271544949277 16.455218972341818),0.015096033670617473,12.067271544949277,16.455218972341818
2025-09-03 15:37:19.726487,508,1,POINT (12.082385155237121 16.454098545327447),0.015155084052138246,12.082385155237121,16.454098545327447
2025-09-03 15:37:20.726487,509,1,POINT (12.09752328775146 16.45300966369243),0.0151772434663471,12.09752328775146,16.45300966369243
2025-09-03 15:37:21.726487,510,1,POINT (12.11250052622166 16.451957071464122),0.015014180716653709,12.11250052622166,16.451957071464122
2025-09-03 15:37:22.726487,511,1,POINT (12.12752613367478 16.450944499578277),0.015059687286235876,12.12752613367478,16.450944499578277
2025-09-03 15:37:23.726487,512,1,POINT (12.14249139008666 16.449963745090034),0.014997359062165993,12.14249139008666,16.449963745090034
2025-09-03 15:37:24.726487,513,1,POINT (12.157407229080658 16.449015279549382),0.014945963996232504,12.157407229080658,16.449015279549382
2025-09-03 15:37:25.726487,514,1,POINT (12.172261151414043 16.448101997582423),0.014881972068157253,12.172261151414043,16.448101997582423
2025-09-03 15:37:26.726487,515,1,POINT (12.187051890834455 16.447205425274234),0.014817888328178114,12.187051890834455,16.447205425274234
2025-09-03 15:37:27.726487,516,1,POINT (12.201900940354466 16.446363233071974),0.014872913613454797,12.201900940354466,16.446363233071974
2025-09-03 15:37:28.726487,517,1,POINT (12.216749863151058 16.445595922834233),0.014868734755186307,12.216749863151058,16.445595922834233
2025-09-03 15:37:29.726487,518,1,POINT (12.231497014450168 16.44483110731188),0.014766970380618756,12.231497014450168,16.44483110731188
2025-09-03 15:37:30.726487,519,1,POINT (12.24622751681448 16.444106777310648),0.014748300032739026,12.24622751681448,16.444106777310648
2025-09-03 15:37:31.726487,520,1,POINT (12.261007505429976 16.443408932106777),0.01479645401448456,12.261007505429976,16.443408932106777
2025-09-03 15:37:32.726487,521,1,POINT (12.275771963519555 16.44274130491674),0.014779544943731847,12.275771963519555,16.44274130491674
2025-09-03 15:37:33.726487,522,1,POINT (12.290506754318695 16.442088041758577),0.014749264817212192,12.290506754318695,16.442088041758577
2025-09-03 15:37:34.726487,523,1,POINT (12.305330420184953 16.441465296518597),0.014836740927453655,12.305330420184953,16.441465296518597
2025-09-03 15:37:35.726487,524,1,POINT (12.320062015327565 16.441911712884547),0.014738357541382101,12.320062015327565,16.441911712884547
2025-09-03 15:37:36.726487,525,1,POINT (12.334690841463928 16.443418024842995),0.014706173188294026,12.334690841463928,16.443418024842995
2025-09-03 15:37:37.726487,526,1,POINT (12.349197186151537 16.44596183491294),0.014727695198763264,12.349197186151537,16.44596183491294
2025-09-03 15:37:38.726487,527,1,POINT (12.363618902000097 16.449539488769673),0.014858852416495623,12.363618902000097,16.449539488769673
2025-09-03 15:37:39.726487,528,1,POINT (12.377924987910427 16.454127928532305),0.015023910061267815,12.377924987910427,16.454127928532305
2025-09-03 15:37:40.726487,529,1,POINT (12.392192127830889 16.459733503412313),0.015328853552871856,12.392192127830889,16.459733503412313
2025-09-03 15:37:41.726487,530,1,POINT (12.406378965972268 16.46633367866066),0.01564700258064117,12.406378965972268,16.46633367866066
2025-09-03 15:37:42.726487,531,1,POINT (12.420289360688306 16.473889237782057),0.01582989433928443,12.420289360688306,16.473889237782057
2025-09-03 15:37:43.726487,532,1,POINT (12.434087684581781 16.482407387837544),0.016215813967761075,12.434087684581781,16.482407387837544
2025-09-03 15:37:44.726487,533,1,POINT (12.447861165127506 16.491881632785823),0.016717358753207744,12.447861165127506,16.491881632785823
2025-09-03 15:37:45.726487,534,1,POINT (12.461583770198311 16.5022994509308),0.0172290691806345,12.461583770198311,16.5022994509308
2025-09-03 15:37:46.726487,535,1,POINT (12.475109091359872 16.51368066751163),0.01767671924829725,12.475109091359872,16.51368066751163
2025-09-03 15:37:47.726487,536,1,POINT (12.488561984105171 16.525991224378895),0.01823540878616978,12.488561984105171,16.525991224378895
2025-09-03 15:37:48.726487,537,1,POINT (12.501721318896461 16.539199622114367),0.018644834750881117,12.501721318896461,16.539199622114367
2025-09-03 15:37:49.726487,538,1,POINT (12.514739962742963 16.553305870176146),0.01919560684069437,12.514739962742963,16.553305870176146
2025-09-03 15:37:50.726487,539,1,POINT (12.527606035782556 16.568299514269704),0.019757155631932803,12.527606035782556,16.568299514269704
2025-09-03 15:37:51.726487,540,1,POINT (12.540294648803124 16.583104925164204),0.019498745911999245,12.540294648803124,16.583104925164204
2025-09-03 15:37:52.726487,541,1,POINT (12.55293529178772 16.597766565233467),0.019358448919907397,12.55293529178772,16.597766565233467
2025-09-03 15:37:53.726487,542,1,POINT (12.565616585643516 16.61228063905582),0.01927364918166234,12.565616585643516,16.61228063905582
2025-09-03 15:37:54.726487,543,1,POINT (12.578310771394634 16.626641089313395),0.01916676507614444,12.578310771394634,16.626641089313395
2025-09-03 15:37:55.726487,544,1,POINT (12.59093606120299 16.640827269180694),0.01899067249921234,12.59093606120299,16.640827269180694
2025-09-03 15:37:56.726487,545,1,POINT (12.603532932431065 16.654855990966162),0.01885434166633183,12.603532932431065,16.654855990966162
2025-09-03 15:37:57.726487,546,1,POINT (12.616186991524673 16.668766145808252),0.018804723323554803,12.616186991524673,16.668766145808252
2025-09-03 15:37:58.726487,547,1,POINT (12.628915429706918 16.682560276689838),0.018769421550424697,12.628915429706918,16.682560276689838
2025-09-03 15:37:59.726487,548,1,POINT (12.64159606766402 16.6961882903879),0.018615083570956793,12.64159606766402,16.6961882903879
2025-09-03 15:38:00.726487,549,1,POINT (12.654424604693386 16.709720008734458),0.018646146082349744,12.654424604693386,16.709720008734458
2025-09-03 15:38:01.726487,550,1,POINT (12.667256709362427 16.723103545470813),0.0185413582515039,12.667256709362427,16.723103545470813
2025-09-03 15:38:02.726487,551,1,POINT (12.68026400603245 16.73532033433102),0.0178448787251947,12.68026400603245,16.73532033433102
2025-09-03 15:38:03.726487,552,1,POINT (12.69348781319323 16.746381186109346),0.017239823603724717,12.69348781319323,16.746381186109346
2025-09-03 15:38:04.726487,553,1,POINT (12.706923415896789 16.756301349197805),0.016701049539161388,12.706923415896789,16.756301349197805
2025-09-03 15:38:05.726487,554,1,POINT (12.720645812434864 16.76513672853092),0.016320787196338952,12.720645812434864,16.76513672853092
2025-09-03 15:38:06.726487,555,1,POINT (12.734629126783748 16.772875642527417),0.015981985797293926,12.734629126783748,16.772875642527417
2025-09-03 15:38:07.726487,556,1,POINT (12.748816550555881 16.7795590444416),0.015682820359763854,12.748816550555881,16.7795590444416
2025-09-03 15:38:08.726487,557,1,POINT (12.763314306804974 16.7852115730706),0.015560720296944915,12.763314306804974,16.7852115730706
2025-09-03 15:38:09.726487,558,1,POINT (12.77807717439872 16.78982120745262),0.015465800617049772,12.77807717439872,16.78982120745262
2025-09-03 15:38:10.726487,559,1,POINT (12.793085514086473 16.793381670614927),0.015424887620762462,12.793085514086473,16.793381670614927
2025-09-03 15:38:11.726487,560,1,POINT (12.80833628016242 16.795936328624705),0.015463251386761984,12.80833628016242,16.795936328624705
2025-09-03 15:38:12.726487,561,1,POINT (12.823857952303879 16.797505926197214),0.015600831471641428,12.823857952303879,16.797505926197214
2025-09-03 15:38:13.726487,562,1,POINT (12.839678490966984 16.798119389827946),0.01583242815290911,12.839678490966984,16.798119389827946
2025-09-03 15:38:14.726487,563,1,POINT (12.855709933647837 16.79774950317206),0.016035709231826904,12.855709933647837,16.79774950317206
2025-09-03 15:38:15.726487,564,1,POINT (12.872048072540066 16.796449540118665),0.016389773836204796,12.872048072540066,16.796449540118665
2025-09-03 15:38:16.726487,565,1,POINT (12.888714563718079 16.79423485776585),0.01681299337151616,12.888714563718079,16.79423485776585
2025-09-03 15:38:17.726487,566,1,POINT (12.905587815051364 16.791070805269435),0.017167348040867808,12.905587815051364,16.791070805269435
2025-09-03 15:38:18.726487,567,1,POINT (12.922658101821003 16.786969536503122),0.01755605581818597,12.922658101821003,16.786969536503122
2025-09-03 15:38:19.726487,568,1,POINT (12.939923199216755 16.781944361838818),0.01798154521979596,12.939923199216755,16.781944361838818
2025-09-03 15:38:20.726487,569,1,POINT (12.957383733347852 16.77600396267904),0.01844338890553076,12.957383733347852,16.77600396267904
2025-09-03 15:38:21.726487,570,1,POINT (12.975027886885766 16.76915722028972),0.018926014779007187,12.975027886885766,16.76915722028972
2025-09-03 15:38:22.726487,571,1,POINT (12.99255210419564 16.762412555290982),0.018777345346691614,12.99255210419564,16.762412555290982
2025-09-03 15:38:23.726487,572,1,POINT (13.0100007647743 16.755794015565364),0.01866174761614992,13.0100007647743,16.755794015565364
2025-09-03 15:38:24.726487,573,1,POINT (13.027260214014015 16.74927232058712),0.018450503880586496,13.027260214014015,16.74927232058712
2025-09-03 15:38:25.726487,574,1,POINT (13.044458178369421 16.74286941673458),0.018351216736627114,13.044458178369421,16.74286941673458
2025-09-03 15:38:26.726487,575,1,POINT (13.061584470962456 16.736591899420237),0.018240535124117333,13.061584470962456,16.736591899420237
2025-09-03 15:38:27.726487,576,1,POINT (13.078680182096745 16.730428341880284),0.0181728583534718,13.078680182096745,16.730428341880284
2025-09-03 15:38:28.726487,577,1,POINT (13.095745814929735 16.724370705812337),0.018108859122598592,13.095745814929735,16.724370705812337
2025-09-03 15:38:29.726487,578,1,POINT (13.112640397525873 16.71838654010678),0.017923090143422655,13.112640397525873,16.71838654010678
2025-09-03 15:38:30.726487,579,1,POINT (13.12940265114248 16.712472282381206),0.017775027165998047,13.12940265114248,16.712472282381206
2025-09-03 15:38:31.726487,580,1,POINT (13.146144663427915 16.70666756185117),0.017719756087415765,13.146144663427915,16.70666756185117
2025-09-03 15:38:32.726487,581,1,POINT (13.162814618080144 16.700979276886205),0.01761374389361989,13.162814618080144,16.700979276886205
2025-09-03 15:38:33.726487,582,1,POINT (13.179465626209206 16.69539719142175),0.017561769553394502,13.179465626209206,16.69539719142175
2025-09-03 15:38:34.726487,583,1,POINT (13.196016104718472 16.68989012561367),0.017442652111999503,13.196016104718472,16.68989012561367
2025-09-03 15:38:35.726487,584,1,POINT (13.212485477094015 16.684489622846606),0.017332214416552433,13.212485477094015,16.684489622846606
2025-09-03 15:38:36.726487,585,1,POINT (13.228939490594847 16.679175999373637),0.01729072452785142,13.228939490594847,16.679175999373637
2025-09-03 15:38:37.726487,586,1,POINT (13.245343345839009 16.67395500888255),0.01721468003128247,13.245343345839009,16.67395500888255
2025-09-03 15:38:38.726487,587,1,POINT (13.261716710247349 16.668832277294122),0.017156032203728626,13.261716710247349,16.668832277294122
2025-09-03 15:38:39.726487,588,1,POINT (13.27840692850042 16.66208042813447),0.018004189857081906,13.27840692850042,16.66208042813447
2025-09-03 15:38:40.726487,589,1,POINT (13.295267908060598 16.653666524304967),0.0188437366087745,13.295267908060598,16.653666524304967
2025-09-03 15:38:41.726487,590,1,POINT (13.31224325675652 16.643571014711938),0.01975048802665618,13.31224325675652,16.643571014711938
2025-09-03 15:38:42.726487,591,1,POINT (13.329273163284418 16.631774830618294),0.020716362506966544,13.329273163284418,16.631774830618294
2025-09-03 15:38:43.726487,592,1,POINT (13.346360298601539 16.618267183755965),0.021781338735325985,13.346360298601539,16.618267183755965
2025-09-03 15:38:44.726487,593,1,POINT (13.363606535024093 16.603047699416656),0.023001421136466697,13.363606535024093,16.603047699416656
2025-09-03 15:38:45.726487,594,1,POINT (13.380841662651147 16.586086450318525),0.0241812653781736,13.380841662651147,16.586086450318525
2025-09-03 15:38:46.726487,595,1,POINT (13.398041087792167 16.5673705519413),0.025418597074745686,13.398041087792167,16.5673705519413
2025-09-03 15:38:47.726487,596,1,POINT (13.415189062450159 16.546895241927132),0.026707514954546777,13.415189062450159,16.546895241927132
2025-09-03 15:38:48.726487,597,1,POINT (13.432141751489036 16.524680222013213),0.027944601901345335,13.432141751489036,16.524680222013213
2025-09-03 15:38:49.726487,598,1,POINT (13.449076236006547 16.500759228069594),0.029308543415265603,13.449076236006547,16.500759228069594
2025-09-03 15:38:50.726487,599,1,POINT (13.465787493902244 16.475134260052435),0.030592566520919476,13.465787493902244,16.475134260052435
2025-09-03 15:38:51.726487,600,1,POINT (13.482142911086584 16.447822274697234),0.03183463860822835,13.482142911086584,16.447822274697234
2025-09-03 15:38:52.726487,601,1,POINT (13.498021005093436 16.418818126668285),0.033065911028968706,13.498021005093436,16.418818126668285
2025-09-03 15:38:53.726487,602,1,POINT (13.513544446502193 16.388176250712522),0.034349698619630165,13.513544446502193,16.388176250712522
2025-09-03 15:38:54.726487,603,1,POINT (13.52855329891621 16.355913249345946),0.03558323914380833,13.52855329891621,16.355913249345946
2025-09-03 15:38:55.726487,604,1,POINT (13.543118208581266 16.324068636845784),0.03501736624643163,13.543118208581266,16.324068636845784
2025-09-03 15:38:56.726487,605,1,POINT (13.557327469828174 16.29359431367846),0.033624209696129094,13.557327469828174,16.29359431367846
2025-09-03 15:38:57.726487,606,1,POINT (13.57119745554457 16.26450755799121),0.03222446058792897,13.57119745554457,16.26450755799121
2025-09-03 15:38:58.726487,607,1,POINT (13.584701531686697 16.23682063069436),0.030804642760358627,13.584701531686697,16.23682063069436
2025-09-03 15:38:59.726487,608,1,POINT (13.597800279803323 16.210539360214526),0.029364645072894265,13.597800279803323,16.210539360214526
2025-09-03 15:39:00.726487,609,1,POINT (13.610557566758077 16.185652743327235),0.027965909077673233,13.610557566758077,16.185652743327235
2025-09-03 15:39:01.726487,610,1,POINT (13.623182924088802 16.162121051853152),0.026704684071524674,13.623182924088802,16.162121051853152
2025-09-03 15:39:02.726487,611,1,POINT (13.63572920910939 16.139928601220433),0.025493413520035483,13.63572920910939,16.139928601220433
2025-09-03 15:39:03.726487,612,1,POINT (13.648281699382688 16.119040002894753),0.024370033895602453,13.648281699382688,16.119040002894753
2025-09-03 15:39:04.726487,613,1,POINT (13.660900872969908 16.099611068388707),0.0231673701154144,13.660900872969908,16.099611068388707
2025-09-03 15:39:05.726487,614,1,POINT (13.673541525045643 16.081662164209227),0.021953342482272396,13.673541525045643,16.081662164209227
2025-09-03 15:39:06.726487,615,1,POINT (13.68634037433319 16.06518592722175),0.020863291407465148,13.68634037433319,16.06518592722175
2025-09-03 15:39:07.726487,616,1,POINT (13.699219676322976 16.050208135731655),0.019753750470857773,13.699219676322976,16.050208135731655
2025-09-03 15:39:08.726487,617,1,POINT (13.712328257895054 16.036716870906957),0.018810878166687254,13.712328257895054,16.036716870906957
2025-09-03 15:39:09.726487,618,1,POINT (13.725642930480873 16.024728645039023),0.017916418881243727,13.725642930480873,16.024728645039023
2025-09-03 15:39:10.726487,619,1,POINT (13.73918294722616 16.014252689084714),0.017119512452732726,13.73918294722616,16.014252689084714
2025-09-03 15:39:11.726487,620,1,POINT (13.753015055082503 16.005289090258895),0.016482515331700205,13.753015055082503,16.005289090258895
2025-09-03 15:39:12.726487,621,1,POINT (13.76721213281558 15.99783613558487),0.016034448837801245,13.76721213281558,15.99783613558487
2025-09-03 15:39:13.726487,622,1,POINT (13.781693898286761 15.991921521522821),0.015643023705962447,13.781693898286761,15.991921521522821
2025-09-03 15:39:14.726487,623,1,POINT (13.796525245717469 15.987545063708398),0.015463578163277003,13.796525245717469,15.987545063708398
2025-09-03 15:39:15.726487,624,1,POINT (13.811648682477497 15.98473053345343),0.01538310501786618,13.811648682477497,15.98473053345343
2025-09-03 15:39:16.726487,625,1,POINT (13.82710811587097 15.983481835406458),0.015509781676727964,13.82710811587097,15.983481835406458
2025-09-03 15:39:17.726487,626,1,POINT (13.842944152597454 15.983803599612632),0.01583930526907366,13.842944152597454,15.983803599612632
2025-09-03 15:39:18.726487,627,1,POINT (13.8590677945065 15.985725914858005),0.016237830037099128,13.8590677945065,15.985725914858005
2025-09-03 15:39:19.726487,628,1,POINT (13.875371061752162 15.989282004047046),0.016686590221010274,13.875371061752162,15.989282004047046
2025-09-03 15:39:20.726487,629,1,POINT (13.891735932884613 15.993810184055148),0.016979794503099666,13.891735932884613,15.993810184055148
2025-09-03 15:39:21.726487,630,1,POINT (13.908266249768428 15.999279674305548),0.017411682856017945,13.908266249768428,15.999279674305548
2025-09-03 15:39:22.726487,631,1,POINT (13.924927261637194 16.005669249642207),0.017844214453822678,13.924927261637194,16.005669249642207
2025-09-03 15:39:23.726487,632,1,POINT (13.94165968680091 16.012984047767407),0.018261443630551894,13.94165968680091,16.012984047767407
2025-09-03 15:39:24.726487,633,1,POINT (13.95840371653088 16.02123858235875),0.01866815129887751,13.95840371653088,16.02123858235875
2025-09-03 15:39:25.726487,634,1,POINT (13.97531633853934 16.03038833860116),0.019229009919820177,13.97531633853934,16.03038833860116
2025-09-03 15:39:26.726487,635,1,POINT (13.992181710999867 16.040462264003985),0.01964496783540244,13.992181710999867,16.040462264003985
2025-09-03 15:39:27.726487,636,1,POINT (14.00898790325369 16.05146467089933),0.020087335700962144,14.00898790325369,16.05146467089933
2025-09-03 15:39:28.726487,637,1,POINT (14.025747241808206 16.063354699164655),0.02054867881240003,14.025747241808206,16.063354699164655
2025-09-03 15:39:29.726487,638,1,POINT (14.042493798287964 16.076124504679285),0.021059797881536838,14.042493798287964,16.076124504679285
2025-09-03 15:39:30.726487,639,1,POINT (14.059219758935612 16.089766366414967),0.021583747385524096,14.059219758935612,16.089766366414967
2025-09-03 15:39:31.726487,640,1,POINT (14.075801340731207 16.10429970315362),0.022049188910323887,14.075801340731207,16.10429970315362
2025-09-03 15:39:32.726487,641,1,POINT (14.092376679232943 16.119675932547644),0.022609075098834253,14.092376679232943,16.119675932547644
2025-09-03 15:39:33.726487,642,1,POINT (14.109072982628858 16.135852285756073),0.023247385879110783,14.109072982628858,16.135852285756073
2025-09-03 15:39:34.726487,643,1,POINT (14.125637199720998 16.152862055234472),0.023742483980911427,14.125637199720998,16.152862055234472
2025-09-03 15:39:35.726487,644,1,POINT (14.14214328425763 16.17066981076224),0.024281000466769016,14.14214328425763,16.17066981076224
2025-09-03 15:39:36.726487,645,1,POINT (14.158621109124747 16.189278719152405),0.024855787732938048,14.158621109124747,16.189278719152405
2025-09-03 15:39:37.726487,646,1,POINT (14.17499289633511 16.208697556571746),0.025399343754912852,14.17499289633511,16.208697556571746
2025-09-03 15:39:38.726487,647,1,POINT (14.191185345454752 16.228916549894823),0.025903727521165782,14.191185345454752,16.228916549894823
2025-09-03 15:39:39.726487,648,1,POINT (14.207198560682196 16.249942970072315),0.026429782583307047,14.207198560682196,16.249942970072315
2025-09-03 15:39:40.726487,649,1,POINT (14.22292165485611 16.27071745495808),0.026053692879719006,14.22292165485611,16.27071745495808
2025-09-03 15:39:41.726487,650,1,POINT (14.23842300688589 16.291225484867326),0.025707415379800945,14.23842300688589,16.291225484867326
2025-09-03 15:39:42.726487,651,1,POINT (14.253735133948595 16.311482162405),0.025392798586404797,14.253735133948595,16.311482162405
2025-09-03 15:39:43.726487,652,1,POINT (14.268813466478152 16.33149692635217),0.025058868444780794,14.268813466478152,16.33149692635217
2025-09-03 15:39:44.726487,653,1,POINT (14.283621098613985 16.351254453417226),0.024690602366013628,14.283621098613985,16.351254453417226
2025-09-03 15:39:45.726487,654,1,POINT (14.29821597125042 16.370740255482772),0.02434557022152882,14.29821597125042,16.370740255482772
2025-09-03 15:39:46.726487,655,1,POINT (14.312616452591222 16.38997528342232),0.024028320013724815,14.312616452591222,16.38997528342232
2025-09-03 15:39:47.726487,656,1,POINT (14.3268857859467 16.408959424323548),0.023748925873973006,14.3268857859467,16.408959424323548
2025-09-03 15:39:48.726487,657,1,POINT (14.341007503983949 16.427712805643665),0.023475779673128385,14.341007503983949,16.427712805643665
2025-09-03 15:39:49.726487,658,1,POINT (14.35499068778861 16.446246738211055),0.02321715068063951,14.35499068778861,16.446246738211055
2025-09-03 15:39:50.726487,659,1,POINT (14.368856433413617 16.464561077148005),0.022971153920403158,14.368856433413617,16.464561077148005
2025-09-03 15:39:51.726487,660,1,POINT (14.38256643575272 16.48266187005309),0.0227068903183803,14.38256643575272,16.48266187005309
2025-09-03 15:39:52.726487,661,1,POINT (14.396109828965889 16.5005221526595),0.022414575492463493,14.396109828965889,16.5005221526595
2025-09-03 15:39:53.726487,662,1,POINT (14.409559223611458 16.518162651969682),0.022182728241693317,14.409559223611458,16.518162651969682
2025-09-03 15:39:54.726487,663,1,POINT (14.422856526683296 16.535589875053745),0.021920911783180754,14.422856526683296,16.535589875053745
2025-09-03 15:39:55.726487,664,1,POINT (14.436150634445108 16.551754155138084),0.02092886169450332,14.436150634445108,16.551754155138084
2025-09-03 15:39:56.726487,665,1,POINT (14.449582468469249 16.56669316913992),0.02008950732594332,14.449582468469249,16.56669316913992
2025-09-03 15:39:57.726487,666,1,POINT (14.462929434016036 16.581470420250923),0.019912524694391937,14.462929434016036,16.581470420250923
2025-09-03 15:39:58.726487,667,1,POINT (14.476258393983581 16.596076793349496),0.01977390474618344,14.476258393983581,16.596076793349496
2025-09-03 15:39:59.726487,668,1,POINT (14.489547405782456 16.61052332727998),0.019629064603166886,14.489547405782456,16.61052332727998
2025-09-03 15:40:00.726487,669,1,POINT (14.502902597149324 16.624809946811823),0.019556805314090778,14.502902597149324,16.624809946811823
2025-09-03 15:40:01.726487,670,1,POINT (14.516297861754511 16.638959020928873),0.01948408099482093,14.516297861754511,16.638959020928873
2025-09-03 15:40:02.726487,671,1,POINT (14.52966763037487 16.65295067959488),0.019352447524486834,14.52966763037487,16.65295067959488
2025-09-03 15:40:03.726487,672,1,POINT (14.54290213175119 16.66676249082443),0.019128987326057133,14.54290213175119,16.66676249082443
2025-09-03 15:40:04.726487,673,1,POINT (14.556127073482529 16.6804366399995),0.019023181633454466,14.556127073482529,16.6804366399995
2025-09-03 15:40:05.726487,674,1,POINT (14.569299593266765 16.69394563111417),0.01886817740011749,14.569299593266765,16.69394563111417
2025-09-03 15:40:06.726487,675,1,POINT (14.582507485908453 16.707304653194342),0.01878594950948511,14.582507485908453,16.707304653194342
2025-09-03 15:40:07.726487,676,1,POINT (14.595787160986287 16.72054037572418),0.018749243212986738,14.595787160986287,16.72054037572418
2025-09-03 15:40:08.726487,677,1,POINT (14.608969418855889 16.733628059549186),0.018575774289218746,14.608969418855889,16.733628059549186
2025-09-03 15:40:09.726487,678,1,POINT (14.622060627144393 16.746586299607806),0.018419981538259064,14.622060627144393,16.746586299607806
2025-09-03 15:40:10.726487,679,1,POINT (14.635144112078244 16.75941660693144),0.018324692740484597,14.635144112078244,16.75941660693144
2025-09-03 15:40:11.726487,680,1,POINT (14.648061951582422 16.772073183039396),0.01808478631978339,14.648061951582422,16.772073183039396
2025-09-03 15:40:12.726487,681,1,POINT (14.661014532784353 16.78462840641408),0.01803892995110333,14.661014532784353,16.78462840641408
2025-09-03 15:40:13.726487,682,1,POINT (14.67419733431916 16.79601822508676),0.017421659671300656,14.67419733431916,16.79601822508676
2025-09-03 15:40:14.726487,683,1,POINT (14.68765056223221 16.80630450398022),0.016935078232902284,14.68765056223221,16.80630450398022
2025-09-03 15:40:15.726487,684,1,POINT (14.701152309989636 16.816514358649897),0.016927442951642325,14.701152309989636,16.816514358649897
2025-09-03 15:40:16.726487,685,1,POINT (14.7146739887601 16.826650942954338),0.01689929401284751,14.7146739887601,16.826650942954338
2025-09-03 15:40:17.726487,686,1,POINT (14.728280580156621 16.836738024120283),0.016937784267141782,14.728280580156621,16.836738024120283
2025-09-03 15:40:18.726487,687,1,POINT (14.741907640417656 16.846714574281485),0.016888704049655617,14.741907640417656,16.846714574281485
2025-09-03 15:40:19.726487,688,1,POINT (14.755581523027502 16.85661195881271),0.016879967007869683,14.755581523027502,16.85661195881271
2025-09-03 15:40:20.726487,689,1,POINT (14.76946882167357 16.86645810938613),0.017023623139612466,14.76946882167357,16.86645810938613
2025-09-03 15:40:21.726487,690,1,POINT (14.783317707404725 16.876216042782794),0.01694133702422335,14.783317707404725,16.876216042782794
2025-09-03 15:40:22.726487,691,1,POINT (14.79725776222529 16.88593393269735),0.016993013646546967,14.79725776222529,16.88593393269735
2025-09-03 15:40:23.726487,692,1,POINT (14.811259390573587 16.895589376341636),0.017008033054174386,14.811259390573587,16.895589376341636
2025-09-03 15:40:24.726487,693,1,POINT (14.82524656086913 16.905156537471868),0.016946135399209403,14.82524656086913,16.905156537471868
2025-09-03 15:40:25.726487,694,1,POINT (14.839362030725917 16.914680770003407),0.017028138318462536,14.839362030725917,16.914680770003407
2025-09-03 15:40:26.726487,695,1,POINT (14.853500394104028 16.92414074289782),0.017011302306834352,14.853500394104028,16.92414074289782
2025-09-03 15:40:27.726487,696,1,POINT (14.86769847209991 16.933560139483873),0.01703849907775093,14.86769847209991,16.933560139483873
2025-09-03 15:40:28.726487,697,1,POINT (14.881975077576241 16.94295189260666),0.01708878259696121,14.881975077576241,16.94295189260666
2025-09-03 15:40:29.726487,698,1,POINT (14.89624790020532 16.95227788364349),0.017049562299958493,14.89624790020532,16.95227788364349
2025-09-03 15:40:30.726487,699,1,POINT (14.9104568317259 16.96153149045751),0.01695650241131741,14.9104568317259,16.96153149045751
2025-09-03 15:40:31.726487,700,1,POINT (14.924934093980026 16.969702384982963),0.01662391770073453,14.924934093980026,16.969702384982963
2025-09-03 15:40:32.726487,701,1,POINT (14.939644163575258 16.976780704723836),0.016324483386943835,14.939644163575258,16.976780704723836
2025-09-03 15:40:33.726487,702,1,POINT (14.954688772229433 16.98281193440147),0.016208515693353368,14.954688772229433,16.98281193440147
2025-09-03 15:40:34.726487,703,1,POINT (14.969928253188701 16.987780571484485),0.016029009151241922,14.969928253188701,16.987780571484485
2025-09-03 15:40:35.726487,704,1,POINT (14.985461582065847 16.991728651701234),0.016027215709643453,14.985461582065847,16.991728651701234
2025-09-03 15:40:36.726487,705,1,POINT (15.001304266845656 16.994675540266634),0.016114428728604673,15.001304266845656,16.994675540266634
2025-09-03 15:40:37.726487,706,1,POINT (15.017450203553622 16.996649942854376),0.01626620846282653,15.017450203553622,16.996649942854376
2025-09-03 15:40:38.726487,707,1,POINT (15.033878902372388 16.997654266896145),0.016459368507284675,15.033878902372388,16.997654266896145
2025-09-03 15:40:39.726487,708,1,POINT (15.050459986061032 16.99763057826388),0.01658110061006548,15.050459986061032,16.99763057826388
2025-09-03 15:40:40.726487,709,1,POINT (15.067349914807467 16.99665213457482),0.016918245923035934,15.067349914807467,16.99665213457482
2025-09-03 15:40:41.726487,710,1,POINT (15.084587452898566 16.99473452718593),0.017343873198913725,15.084587452898566,16.99473452718593
2025-09-03 15:40:42.726487,711,1,POINT (15.102101942856713 16.99188066812449),0.017745474635427357,15.102101942856713,16.99188066812449
2025-09-03 15:40:43.726487,712,1,POINT (15.119837835422274 16.988066863269008),0.018141306253211992,15.119837835422274,16.988066863269008
2025-09-03 15:40:44.726487,713,1,POINT (15.137850497927804 16.98333558781947),0.01862366714472524,15.137850497927804,16.98333558781947
2025-09-03 15:40:45.726487,714,1,POINT (15.156050272428324 16.97767707286714),0.019059133855858015,15.156050272428324,16.97767707286714
2025-09-03 15:40:46.726487,715,1,POINT (15.174492355788775 16.971114767849798),0.01957483807888296,15.174492355788775,16.971114767849798
2025-09-03 15:40:47.726487,716,1,POINT (15.19312372213288 16.963680587984214),0.020059781706740432,15.19312372213288,16.963680587984214
2025-09-03 15:40:48.726487,717,1,POINT (15.211877611044507 16.955346594342892),0.020522275685782455,15.211877611044507,16.955346594342892
2025-09-03 15:40:49.726487,718,1,POINT (15.230766502690486 16.94610575231171),0.021028157053313113,15.230766502690486,16.94610575231171
2025-09-03 15:40:50.726487,719,1,POINT (15.24972977804941 16.93598721889646),0.021493964985871843,15.24972977804941,16.93598721889646
2025-09-03 15:40:51.726487,720,1,POINT (15.268786762172734 16.924983129218553),0.022005877249409066,15.268786762172734,16.924983129218553
2025-09-03 15:40:52.726487,721,1,POINT (15.287875431395396 16.91308819041133),0.022491484208912827,15.287875431395396,16.91308819041133
2025-09-03 15:40:53.726487,722,1,POINT (15.306984969685095 16.900322944345422),0.02298099129212317,15.306984969685095,16.900322944345422
2025-09-03 15:40:54.726487,723,1,POINT (15.326198976012405 16.886706543079338),0.02354961618763523,15.326198976012405,16.886706543079338
2025-09-03 15:40:55.726487,724,1,POINT (15.34549163172405 16.872246644776144),0.02411006477276213,15.34549163172405,16.872246644776144
2025-09-03 15:40:56.726487,725,1,POINT (15.364728385076129 16.856906128966152),0.024604554554905747,15.364728385076129,16.856906128966152
2025-09-03 15:40:57.726487,726,1,POINT (15.383981746787848 16.840724950213794),0.02514999966238698,15.383981746787848,16.840724950213794
2025-09-03 15:40:58.726487,727,1,POINT (15.403256002438958 16.82373547659879),0.025693173113089926,15.403256002438958,16.82373547659879
2025-09-03 15:40:59.726487,728,1,POINT (15.422474106231919 16.805903394986043),0.02621676272999271,15.422474106231919,16.805903394986043
2025-09-03 15:41:00.726487,729,1,POINT (15.4416462860277 16.78724489304048),0.026752797479410003,15.4416462860277,16.78724489304048
2025-09-03 15:41:01.726487,730,1,POINT (15.460653157713981 16.767775966011108),0.027208459915507657,15.460653157713981,16.767775966011108
2025-09-03 15:41:02.726487,731,1,POINT (15.479574419624639 16.747499394310164),0.0277336170059946,15.479574419624639,16.747499394310164
2025-09-03 15:41:03.726487,732,1,POINT (15.498257234740343 16.726414121722794),0.028171551265972802,15.498257234740343,16.726414121722794
2025-09-03 15:41:04.726487,733,1,POINT (15.516921301849415 16.704541764701503),0.02875321551963769,15.516921301849415,16.704541764701503
2025-09-03 15:41:05.726487,734,1,POINT (15.535372058036804 16.68185561850072),0.02924194988932527,15.535372058036804,16.68185561850072
2025-09-03 15:41:06.726487,735,1,POINT (15.553498672286196 16.65942804022149),0.028836962593471616,15.553498672286196,16.65942804022149
2025-09-03 15:41:07.726487,736,1,POINT (15.571361831508018 16.637245604255924),0.028480746527268924,15.571361831508018,16.637245604255924
2025-09-03 15:41:08.726487,737,1,POINT (15.588945447462853 16.61529236603641),0.028127001588684385,15.588945447462853,16.61529236603641
2025-09-03 15:41:09.726487,738,1,POINT (15.606274177421088 16.593597996107967),0.027765636469520977,15.606274177421088,16.593597996107967
2025-09-03 15:41:10.726487,739,1,POINT (15.623321457488657 16.572167949498954),0.02738351064722293,15.623321457488657,16.572167949498954
2025-09-03 15:41:11.726487,740,1,POINT (15.64019018617944 16.550995640525855),0.02707066077685644,15.64019018617944,16.550995640525855
2025-09-03 15:41:12.726487,741,1,POINT (15.656730546029172 16.53007773921158),0.02666724768985918,15.656730546029172,16.53007773921158
2025-09-03 15:41:13.726487,742,1,POINT (15.673025866074763 16.509415251205276),0.02631493617698818,15.673025866074763,16.509415251205276
2025-09-03 15:41:14.726487,743,1,POINT (15.689213344946582 16.48898857775846),0.026063066978552006,15.689213344946582,16.48898857775846
2025-09-03 15:41:15.726487,744,1,POINT (15.705134028425514 16.4688215268601),0.0256939312751727,15.705134028425514,16.4688215268601
2025-09-03 15:41:16.726487,745,1,POINT (15.720864890501451 16.448911904442795),0.025374260313393057,15.720864890501451,16.448911904442795
2025-09-03 15:41:17.726487,746,1,POINT (15.73641603219741 16.42923476205502),0.025080429434053062,15.73641603219741,16.42923476205502
2025-09-03 15:41:18.726487,747,1,POINT (15.751751503381914 16.409791202695416),0.02476345446461899,15.751751503381914,16.409791202695416
2025-09-03 15:41:19.726487,748,1,POINT (15.767001261815363 16.390573369079103),0.02453324807649455,15.767001261815363,16.390573369079103
2025-09-03 15:41:20.726487,749,1,POINT (15.782093659072588 16.371578368815918),0.024260883948618143,15.782093659072588,16.371578368815918
2025-09-03 15:41:21.726487,750,1,POINT (15.797089932297556 16.352806634115403),0.024026365399377435,15.797089932297556,16.352806634115403
2025-09-03 15:41:22.726487,751,1,POINT (15.811960908203224 16.3342532292531),0.02377761040078374,15.811960908203224,16.3342532292531
2025-09-03 15:41:23.726487,752,1,POINT (15.82669987160084 16.31592308399975),0.023520868756174873,15.82669987160084,16.31592308399975
2025-09-03 15:41:24.726487,753,1,POINT (15.841280471193453 16.297811408858955),0.023251379763055007,15.841280471193453,16.297811408858955
2025-09-03 15:41:25.726487,754,1,POINT (15.855735974143771 16.279923053982223),0.02299901749515693,15.855735974143771,16.279923053982223
2025-09-03 15:41:26.726487,755,1,POINT (15.870168587087859 16.26325318792113),0.022049597522146278,15.870168587087859,16.26325318792113
2025-09-03 15:41:27.726487,756,1,POINT (15.884651831492818 16.247781238012646),0.02119305552449693,15.884651831492818,16.247781238012646
2025-09-03 15:41:28.726487,757,1,POINT (15.899155773090381 16.23352916092405),0.02033435573616294,15.899155773090381,16.23352916092405
2025-09-03 15:41:29.726487,758,1,POINT (15.913723769233693 16.220481863029626),0.019556546064614214,15.913723769233693,16.220481863029626
2025-09-03 15:41:30.726487,759,1,POINT (15.928340489658725 16.20863708541085),0.018813486461095128,15.928340489658725,16.20863708541085
2025-09-03 15:41:31.726487,760,1,POINT (15.943028747323073 16.197945941988063),0.0181671533516086,15.943028747323073,16.197945941988063
2025-09-03 15:41:32.726487,761,1,POINT (15.957955118294722 16.18837021478902),0.017733896970879275,15.957955118294722,16.18837021478902
2025-09-03 15:41:33.726487,762,1,POINT (15.973012945593679 16.179922743162017),0.017265513020303203,15.973012945593679,16.179922743162017
2025-09-03 15:41:34.726487,763,1,POINT (15.988347360314705 16.172550739753817),0.017014426498914118,15.988347360314705,16.172550739753817
2025-09-03 15:41:35.726487,764,1,POINT (16.003822240172404 16.166247152887735),0.016709491733396788,16.003822240172404,16.166247152887735
2025-09-03 15:41:36.726487,765,1,POINT (16.019532106253624 16.160994326237148),0.016564784336386296,16.019532106253624,16.160994326237148
2025-09-03 15:41:37.726487,766,1,POINT (16.035342655706163 16.15682216821139),0.016351769830298367,16.035342655706163,16.15682216821139
2025-09-03 15:41:38.726487,767,1,POINT (16.051184276535206 16.15372036957521),0.016142431826419088,16.051184276535206,16.15372036957521
2025-09-03 15:41:39.726487,768,1,POINT (16.067255703822163 16.151647355506007),0.01620457226745086,16.067255703822163,16.151647355506007
2025-09-03 15:41:40.726487,769,1,POINT (16.08355516555208 16.150576834103646),0.016334578928089562,16.08355516555208,16.150576834103646
2025-09-03 15:41:41.726487,770,1,POINT (16.100044252910248 16.15051451322317),0.01648920512933848,16.100044252910248,16.15051451322317
2025-09-03 15:41:42.726487,771,1,POINT (16.116778930620026 16.151438687735826),0.016760177104671935,16.116778930620026,16.151438687735826
2025-09-03 15:41:43.726487,772,1,POINT (16.133642298737083 16.153352743622907),0.016971646773081956,16.133642298737083,16.153352743622907
2025-09-03 15:41:44.726487,773,1,POINT (16.150705640801284 16.15623087704857),0.017304372118509964,16.150705640801284,16.15623087704857
2025-09-03 15:41:45.726487,774,1,POINT (16.167912531655666 16.160057469806766),0.017627248934864618,16.167912531655666,16.160057469806766
2025-09-03 15:41:46.726487,775,1,POINT (16.185174983666528 16.16485531493885),0.017916795677206408,16.185174983666528,16.16485531493885
2025-09-03 15:41:47.726487,776,1,POINT (16.202547726391614 16.17059429383909),0.018296121682188637,16.202547726391614,16.17059429383909
2025-09-03 15:41:48.726487,777,1,POINT (16.220016577499592 16.177246954644293),0.018692743373345873,16.220016577499592,16.177246954644293
2025-09-03 15:41:49.726487,778,1,POINT (16.23757224022394 16.184850218118736),0.019131411582862155,16.23757224022394,16.184850218118736
2025-09-03 15:41:50.726487,779,1,POINT (16.255259306546712 16.193371469269994),0.0196327287020664,16.255259306546712,16.193371469269994
2025-09-03 15:41:51.726487,780,1,POINT (16.273040742450917 16.202810761949657),0.020131560026676036,16.273040742450917,16.202810761949657
2025-09-03 15:41:52.726487,781,1,POINT (16.29090822994103 16.213135265039124),0.020635950989809887,16.29090822994103,16.213135265039124
2025-09-03 15:41:53.726487,782,1,POINT (16.30875712119238 16.22436548150842),0.021087927372069788,16.30875712119238,16.22436548150842
2025-09-03 15:41:54.726487,783,1,POINT (16.32665881161927 16.23649879010107),0.021626088355149793,16.32665881161927,16.23649879010107
2025-09-03 15:41:55.726487,784,1,POINT (16.344638584863308 16.24950723813725),0.022192160016929443,16.344638584863308,16.24950723813725
2025-09-03 15:41:56.726487,785,1,POINT (16.362655200759875 16.26338065253724),0.022739174907595718,16.362655200759875,16.26338065253724
2025-09-03 15:41:57.726487,786,1,POINT (16.380631441655442 16.278137052568574),0.02325718337676,16.380631441655442,16.278137052568574
2025-09-03 15:41:58.726487,787,1,POINT (16.398528985558936 16.293757142003013),0.023755194625962754,16.398528985558936,16.293757142003013
2025-09-03 15:41:59.726487,788,1,POINT (16.416368065798334 16.31023837402306),0.024287111657962428,16.416368065798334,16.31023837402306
2025-09-03 15:42:00.726487,789,1,POINT (16.434135155067366 16.327566869720112),0.024818263924305015,16.434135155067366,16.327566869720112
2025-09-03 15:42:01.726487,790,1,POINT (16.451933442016795 16.34574428416794),0.025440074967308286,16.451933442016795,16.34574428416794
2025-09-03 15:42:02.726487,791,1,POINT (16.469581564285964 16.36475960006368),0.025942984759707435,16.469581564285964,16.36475960006368
2025-09-03 15:42:03.726487,792,1,POINT (16.48705431846838 16.383550343592354),0.025659095484438604,16.48705431846838,16.383550343592354
2025-09-03 15:42:04.726487,793,1,POINT (16.504169805767027 16.40212736893097),0.025259568007028093,16.504169805767027,16.40212736893097
2025-09-03 15:42:05.726487,794,1,POINT (16.52118000808453 16.42048193950907),0.02502473264570277,16.52118000808453,16.42048193950907
2025-09-03 15:42:06.726487,795,1,POINT (16.53803812733652 16.438614330143654),0.024758428359639827,16.53803812733652,16.438614330143654
2025-09-03 15:42:07.726487,796,1,POINT (16.55474937022204 16.456528783285922),0.024498842220916736,16.55474937022204,16.456528783285922
2025-09-03 15:42:08.726487,797,1,POINT (16.571287305616234 16.47422805130387),0.024223282095408437,16.571287305616234,16.47422805130387
2025-09-03 15:42:09.726487,798,1,POINT (16.587730304067634 16.49173080991575),0.024014969437799485,16.587730304067634,16.49173080991575
2025-09-03 15:42:10.726487,799,1,POINT (16.604005088088737 16.50903453191669),0.023754734054906662,16.604005088088737,16.50903453191669
2025-09-03 15:42:11.726487,800,1,POINT (16.620136779550762 16.526125476583942),0.02350174161727294,16.620136779550762,16.526125476583942
2025-09-03 15:42:12.726487,801,1,POINT (16.63613637912554 16.54301866653018),0.023267295784273195,16.63613637912554,16.54301866653018
2025-09-03 15:42:13.726487,802,1,POINT (16.651997607567907 16.559753415558465),0.023057111543744038,16.651997607567907,16.559753415558465
2025-09-03 15:42:14.726487,803,1,POINT (16.667777578859916 16.57629212823134),0.022859057523278842,16.667777578859916,16.57629212823134
2025-09-03 15:42:15.726487,804,1,POINT (16.68349621837507 16.59265692645939),0.022691016928558648,16.68349621837507,16.59265692645939
2025-09-03 15:42:16.726487,805,1,POINT (16.699109297402302 16.608847440369022),0.02249224260425315,16.699109297402302,16.608847440369022
2025-09-03 15:42:17.726487,806,1,POINT (16.714712433431483 16.624848643296467),0.022349414960360876,16.714712433431483,16.624848643296467
2025-09-03 15:42:18.726487,807,1,POINT (16.73022177987383 16.640665640102533),0.022152137933658604,16.73022177987383,16.640665640102533
2025-09-03 15:42:19.726487,808,1,POINT (16.745517450458077 16.656300830539845),0.021872739166204743,16.745517450458077,16.656300830539845
2025-09-03 15:42:20.726487,809,1,POINT (16.76077158122569 16.671763944091953),0.021720874434534722,16.76077158122569,16.671763944091953
2025-09-03 15:42:21.726487,810,1,POINT (16.775957625888793 16.687055049960435),0.021550727857566173,16.775957625888793,16.687055049960435
2025-09-03 15:42:22.726487,811,1,POINT (16.791130477051063 16.70220623608358),0.021442337869984063,16.791130477051063,16.70220623608358
2025-09-03 15:42:23.726487,812,1,POINT (16.806257993239093 16.71718605775863),0.02128935892495316,16.806257993239093,16.71718605775863
2025-09-03 15:42:24.726487,813,1,POINT (16.82128487463418 16.732011793780167),0.021109467379407595,16.82128487463418,16.732011793780167
2025-09-03 15:42:25.726487,814,1,POINT (16.836230430008346 16.746668760142143),0.020933138521930506,16.836230430008346,16.746668760142143
2025-09-03 15:42:26.726487,815,1,POINT (16.85106233209811 16.761136760522465),0.020719757590409893,16.85106233209811,16.761136760522465
2025-09-03 15:42:27.726487,816,1,POINT (16.865885905149703 16.77547305292286),0.020622017306886332,16.865885905149703,16.77547305292286
2025-09-03 15:42:28.726487,817,1,POINT (16.880669220464387 16.78967399545515),0.02049910194371472,16.880669220464387,16.78967399545515
2025-09-03 15:42:29.726487,818,1,POINT (16.895483566836376 16.803756876788377),0.02043997076991541,16.895483566836376,16.803756876788377
2025-09-03 15:42:30.726487,819,1,POINT (16.91032857832403 16.81772017188633),0.02038008773438137,16.91032857832403,16.81772017188633
2025-09-03 15:42:31.726487,820,1,POINT (16.925081902826435 16.83152123060381),0.020202222788509337,16.925081902826435,16.83152123060381
2025-09-03 15:42:32.726487,821,1,POINT (16.93979266907477 16.8451978662569),0.02008623922989469,16.93979266907477,16.8451978662569
2025-09-03 15:42:33.726487,822,1,POINT (16.954429617893748 16.85873138038603),0.019934800611311223,16.954429617893748,16.85873138038603
2025-09-03 15:42:34.726487,823,1,POINT (16.969070849271148 16.87214443920764),0.019856379408104505,16.969070849271148,16.87214443920764
2025-09-03 15:42:35.726487,824,1,POINT (16.98367513833805 16.885428785254625),0.019742317722234365,16.98367513833805,16.885428785254625
2025-09-03 15:42:36.726487,825,1,POINT (16.998396124138207 16.89753661585838),0.019060613443897426,16.998396124138207,16.89753661585838
2025-09-03 15:42:37.726487,826,1,POINT (17.0133094215222 16.908489641223955),0.018503383569562572,17.0133094215222,16.908489641223955
2025-09-03 15:42:38.726487,827,1,POINT (17.02820871886579 16.919331729858712),0.018426609761337365,17.02820871886579,16.919331729858712
2025-09-03 15:42:39.726487,828,1,POINT (17.043236463310294 16.930118424456822),0.018498267038892322,17.043236463310294,16.930118424456822
2025-09-03 15:42:40.726487,829,1,POINT (17.058232338568224 16.940813898540302),0.018419268189095336,17.058232338568224,16.940813898540302
2025-09-03 15:42:41.726487,830,1,POINT (17.07320320619673 16.951428519726562),0.018352031508202207,17.07320320619673,16.951428519726562
2025-09-03 15:42:42.726487,831,1,POINT (17.088269354683057 16.96197946289717),0.018393238757799246,17.088269354683057,16.96197946289717
2025-09-03 15:42:43.726487,832,1,POINT (17.103328868797515 16.972449674677776),0.01834160025991017,17.103328868797515,16.972449674677776
2025-09-03 15:42:44.726487,833,1,POINT (17.118423037212082 16.98284864016729),0.01832955000482632,17.118423037212082,16.98284864016729
2025-09-03 15:42:45.726487,834,1,POINT (17.133434936600924 16.99314346319222),0.0182027608998005,17.133434936600924,16.99314346319222
2025-09-03 15:42:46.726487,835,1,POINT (17.148479315116905 17.003353592993314),0.018181861166759437,17.148479315116905,17.003353592993314
2025-09-03 15:42:47.726487,836,1,POINT (17.16350567280506 17.0135034751268),0.018133161133569563,17.16350567280506,17.0135034751268
2025-09-03 15:42:48.726487,837,1,POINT (17.17849598393635 17.023588465411823),0.01806699911058703,17.17849598393635,17.023588465411823
2025-09-03 15:42:49.726487,838,1,POINT (17.193418291335416 17.033595867921427),0.01796728591361018,17.193418291335416,17.033595867921427
2025-09-03 15:42:50.726487,839,1,POINT (17.20838444124273 17.04355020563509),0.017974272791013976,17.20838444124273,17.04355020563509
2025-09-03 15:42:51.726487,840,1,POINT (17.223319774245468 17.05338924024823),0.017884931479356946,17.223319774245468,17.05338924024823
2025-09-03 15:42:52.726487,841,1,POINT (17.238239381710752 17.063165679825104),0.017837417350010345,17.238239381710752,17.063165679825104
2025-09-03 15:42:53.726487,842,1,POINT (17.253074692959512 17.07284158040706),0.017711846654696883,17.253074692959512,17.07284158040706
2025-09-03 15:42:54.726487,843,1,POINT (17.26796670732766 17.082493458385756),0.017746290892935994,17.26796670732766,17.082493458385756
2025-09-03 15:42:55.726487,844,1,POINT (17.282769118240996 17.092071394781453),0.017630888645989707,17.282769118240996,17.092071394781453
2025-09-03 15:42:56.726487,845,1,POINT (17.29744255635195 17.101534277765403),0.01746012429405717,17.29744255635195,17.101534277765403
2025-09-03 15:42:57.726487,846,1,POINT (17.312161932231042 17.1109760535009),0.01748734271721744,17.312161932231042,17.1109760535009
2025-09-03 15:42:58.726487,847,1,POINT (17.3269246560704 17.120380061496377),0.017503524831763144,17.3269246560704,17.120380061496377
2025-09-03 15:42:59.726487,848,1,POINT (17.34177037529573 17.12973846746103),0.017549220538720402,17.34177037529573,17.12973846746103
2025-09-03 15:43:00.726487,849,1,POINT (17.356551490727373 17.139034190453273),0.01746115229164517,17.356551490727373,17.139034190453273
2025-09-03 15:43:01.726487,850,1,POINT (17.371393751708986 17.148286135763804),0.017489745654965087,17.371393751708986,17.148286135763804
2025-09-03 15:43:02.726487,851,1,POINT (17.386185509506895 17.157479002148165),0.01741565075191546,17.386185509506895,17.157479002148165
2025-09-03 15:43:03.726487,852,1,POINT (17.401095907133183 17.166636827028544),0.017498163158277593,17.401095907133183,17.166636827028544
2025-09-03 15:43:04.726487,853,1,POINT (17.415998456496347 17.175727391181276),0.017456355121745187,17.415998456496347,17.175727391181276
2025-09-03 15:43:05.726487,854,1,POINT (17.430902412473973 17.184762157486556),0.0174285658037043,17.430902412473973,17.184762157486556
2025-09-03 15:43:06.726487,855,1,POINT (17.44585571093704 17.193768464593308),0.01745607924554258,17.44585571093704,17.193768464593308
2025-09-03 15:43:07.726487,856,1,POINT (17.46077240190338 17.20271250903074),0.017392630631508105,17.46077240190338,17.20271250903074
2025-09-03 15:43:08.726487,857,1,POINT (17.47567651948468 17.21159684814509),0.01735120175595739,17.47567651948468,17.21159684814509
2025-09-03 15:43:09.726487,858,1,POINT (17.490540205558897 17.2204439578876),0.01729741352078223,17.490540205558897,17.2204439578876
2025-09-03 15:43:10.726487,859,1,POINT (17.50539437427829 17.229234738186168),0.017260479327117717,17.50539437427829,17.229234738186168
2025-09-03 15:43:11.726487,860,1,POINT (17.520127922968545 17.23795040667541),0.017118420903298456,17.520127922968545,17.23795040667541
2025-09-03 15:43:12.726487,861,1,POINT (17.534933582013387 17.246638394297076),0.017166498439296195,17.534933582013387,17.246638394297076
2025-09-03 15:43:13.726487,862,1,POINT (17.549848422173998 17.255318831098666),0.017256953383577484,17.549848422173998,17.255318831098666
2025-09-03 15:43:14.726487,863,1,POINT (17.564900506786408 17.26399034938421),0.0173712544324136,17.564900506786408,17.26399034938421
2025-09-03 15:43:15.726487,864,1,POINT (17.580320119157786 17.271647487050437),0.017216161097153307,17.580320119157786,17.271647487050437
2025-09-03 15:43:16.726487,865,1,POINT (17.59614360690011 17.278285839535794),0.01715955966950563,17.59614360690011,17.278285839535794
2025-09-03 15:43:17.726487,866,1,POINT (17.61232111124383 17.283906403148325),0.01712607316677048,17.61232111124383,17.283906403148325
2025-09-03 15:43:18.726487,867,1,POINT (17.62886358018021 17.288546784097456),0.01718098989767794,17.62886358018021,17.288546784097456
2025-09-03 15:43:19.726487,868,1,POINT (17.645764009293494 17.292231159404384),0.017297373373303726,17.645764009293494,17.292231159404384
2025-09-03 15:43:20.726487,869,1,POINT (17.66303690422075 17.294948056353274),0.017485263172137666,17.66303690422075,17.294948056353274
2025-09-03 15:43:21.726487,870,1,POINT (17.680714820749625 17.296732350483996),0.017767735881276496,17.680714820749625,17.296732350483996
2025-09-03 15:43:22.726487,871,1,POINT (17.69871122436525 17.2975740333817),0.018016075410499856,17.69871122436525,17.2975740333817
2025-09-03 15:43:23.726487,872,1,POINT (17.716976177111107 17.297452911660766),0.018265354343117136,17.716976177111107,17.297452911660766
2025-09-03 15:43:24.726487,873,1,POINT (17.73528728488662 17.29741422712897),0.01831114863845178,17.73528728488662,17.29741422712897
2025-09-03 15:43:25.726487,874,1,POINT (17.75362462334721 17.29745214002958),0.018337377653477815,17.75362462334721,17.29745214002958
2025-09-03 15:43:26.726487,875,1,POINT (17.771992483622878 17.297545015320356),0.018368095081582866,17.771992483622878,17.297545015320356
2025-09-03 15:43:27.726487,876,1,POINT (17.79040749737053 17.297707470735013),0.01841573031644402,17.79040749737053,17.297707470735013
2025-09-03 15:43:28.726487,877,1,POINT (17.808754354025247 17.29791762269555),0.018348060195977768,17.808754354025247,17.29791762269555
2025-09-03 15:43:29.726487,878,1,POINT (17.82701662511313 17.298144215749346),0.01826367678479374,17.82701662511313,17.298144215749346
2025-09-03 15:43:30.726487,879,1,POINT (17.845176889437084 17.298428260290382),0.018162485557244888,17.845176889437084,17.298428260290382
2025-09-03 15:43:31.726487,880,1,POINT (17.86328430373789 17.298735147869035),0.018110014705871768,17.86328430373789,17.298735147869035
2025-09-03 15:43:32.726487,881,1,POINT (17.881290323566137 17.299058328750878),0.01800891989925229,17.881290323566137,17.299058328750878
2025-09-03 15:43:33.726487,882,1,POINT (17.899308330642626 17.299452069725326),0.018022308702365104,17.899308330642626,17.299452069725326
2025-09-03 15:43:34.726487,883,1,POINT (17.917323052926736 17.299894047387973),0.018020143263246094,17.917323052926736,17.299894047387973
2025-09-03 15:43:35.726487,884,1,POINT (17.93492352644715 17.30184155240358),0.017707892136801733,17.93492352644715,17.30184155240358
2025-09-03 15:43:36.726487,885,1,POINT (17.952196396767203 17.305332870651156),0.01762218352529601,17.952196396767203,17.305332870651156
2025-09-03 15:43:37.726487,886,1,POINT (17.968999171075588 17.31034334320952),0.017533911706080776,17.968999171075588,17.31034334320952
2025-09-03 15:43:38.726487,887,1,POINT (17.985447382152405 17.316919215588765),0.017713998565417964,17.985447382152405,17.316919215588765
2025-09-03 15:43:39.726487,888,1,POINT (18.00164692189402 17.3251043358794),0.01814996644659077,18.00164692189402,17.3251043358794
2025-09-03 15:43:40.726487,889,1,POINT (18.01746697721962 17.33487776068915),0.018595536642346165,18.01746697721962,17.33487776068915
2025-09-03 15:43:41.726487,890,1,POINT (18.032886684849615 17.346248779267736),0.01915900432979447,18.032886684849615,17.346248779267736
2025-09-03 15:43:42.726487,891,1,POINT (18.04787922824394 17.359225031849586),0.01982824975883373,18.04787922824394,17.359225031849586
2025-09-03 15:43:43.726487,892,1,POINT (18.0624292324343 17.373817390825806),0.020606784378704137,18.0624292324343,17.373817390825806
2025-09-03 15:43:44.726487,893,1,POINT (18.07650678355221 17.39003254070337),0.021473437801834153,18.07650678355221,17.39003254070337
2025-09-03 15:43:45.726487,894,1,POINT (18.090041751315557 17.407864948364434),0.022387275746396033,18.090041751315557,17.407864948364434
2025-09-03 15:43:46.726487,895,1,POINT (18.102975431454546 17.427311546394325),0.023354876511637365,18.102975431454546,17.427311546394325
2025-09-03 15:43:47.726487,896,1,POINT (18.11532784787275 17.44839310047602),0.0244338722651198,18.11532784787275,17.44839310047602
2025-09-03 15:43:48.726487,897,1,POINT (18.127015504560436 17.47109780337198),0.02553634375635926,18.127015504560436,17.47109780337198
2025-09-03 15:43:49.726487,898,1,POINT (18.13805240037234 17.495444651889482),0.026731668520634615,18.13805240037234,17.495444651889482
2025-09-03 15:43:50.726487,899,1,POINT (18.148324109122314 17.521409463467133),0.02792274056942103,18.148324109122314,17.521409463467133
2025-09-03 15:43:51.726487,900,1,POINT (18.15886391989699 17.546111239907273),0.026856384165866717,18.15886391989699,17.546111239907273
2025-09-03 15:43:52.726487,901,1,POINT (18.16961139967169 17.569547469935788),0.02578304092726625,18.16961139967169,17.569547469935788
2025-09-03 15:43:53.726487,902,1,POINT (18.180604260758646 17.591731472032944),0.02475829040793569,18.180604260758646,17.591731472032944
2025-09-03 15:43:54.726487,903,1,POINT (18.19190946529847 17.612698224326632),0.023820418792123,18.19190946529847,17.612698224326632
2025-09-03 15:43:55.726487,904,1,POINT (18.203644199711377 17.63252155081587),0.023036238079174553,18.203644199711377,17.63252155081587
2025-09-03 15:43:56.726487,905,1,POINT (18.215913545599424 17.650974048064253),0.02215923065501396,18.215913545599424,17.650974048064253
2025-09-03 15:43:57.726487,906,1,POINT (18.228665940108673 17.668018918595305),0.02128734781836036,18.228665940108673,17.668018918595305
2025-09-03 15:43:58.726487,907,1,POINT (18.241782521745026 17.68358974480217),0.020359158690562783,18.241782521745026,17.68358974480217
2025-09-03 15:43:59.726487,908,1,POINT (18.255522521645982 17.69777855097077),0.019751197881860288,18.255522521645982,17.69777855097077
2025-09-03 15:44:00.726487,909,1,POINT (18.269899091400465 17.71057561274421),0.019247091934594833,18.269899091400465,17.71057561274421
2025-09-03 15:44:01.726487,910,1,POINT (18.284789824414016 17.721912398837052),0.01871514489913707,18.284789824414016,17.721912398837052
2025-09-03 15:44:02.726487,911,1,POINT (18.300322967494566 17.731828312526858),0.018428344425490538,18.300322967494566,17.731828312526858
2025-09-03 15:44:03.726487,912,1,POINT (18.316518097179824 17.740316122326448),0.018284560172898087,18.316518097179824,17.740316122326448
2025-09-03 15:44:04.726487,913,1,POINT (18.333351275372245 17.747349498719686),0.018243472025542603,18.333351275372245,17.747349498719686
2025-09-03 15:44:05.726487,914,1,POINT (18.350726734298387 17.75287059328462),0.018231540200680078,18.350726734298387,17.75287059328462
2025-09-03 15:44:06.726487,915,1,POINT (18.368857970246598 17.756956919431005),0.018586010286888353,18.368857970246598,17.756956919431005
2025-09-03 15:44:07.726487,916,1,POINT (18.387652060685514 17.75955182258334),0.018972384083087043,18.387652060685514,17.75955182258334
2025-09-03 15:44:08.726487,917,1,POINT (18.407144378735754 17.76065455174786),0.019523485205823043,18.407144378735754,17.76065455174786
2025-09-03 15:44:09.726487,918,1,POINT (18.427301317046872 17.760234398491196),0.020161316694037888,18.427301317046872,17.760234398491196
2025-09-03 15:44:10.726487,919,1,POINT (18.448070759590646 17.758253149763704),0.020863726658948218,18.448070759590646,17.758253149763704
2025-09-03 15:44:11.726487,920,1,POINT (18.4695062173943 17.754717392209823),0.021725110649478633,18.4695062173943,17.754717392209823
2025-09-03 15:44:12.726487,921,1,POINT (18.49118207750748 17.750297902286974),0.022121817349041395,18.49118207750748,17.750297902286974
2025-09-03 15:44:13.726487,922,1,POINT (18.513190219516847 17.745034558061153),0.022628767247552008,18.513190219516847,17.745034558061153
2025-09-03 15:44:14.726487,923,1,POINT (18.535361106656453 17.738881952263824),0.02300875473932571,18.535361106656453,17.738881952263824
2025-09-03 15:44:15.726487,924,1,POINT (18.557770938231304 17.731861372423776),0.023483804898348587,18.557770938231304,17.731861372423776
2025-09-03 15:44:16.726487,925,1,POINT (18.580416758024384 17.72399573806032),0.023972929692472538,18.580416758024384,17.72399573806032
2025-09-03 15:44:17.726487,926,1,POINT (18.603227009360864 17.715220251128795),0.024440064175832023,18.603227009360864,17.715220251128795
2025-09-03 15:44:18.726487,927,1,POINT (18.626146343819943 17.70557479729656),0.02486625568268974,18.626146343819943,17.70557479729656
2025-09-03 15:44:19.726487,928,1,POINT (18.649194784523008 17.69503152424753),0.025345437960885477,18.649194784523008,17.69503152424753
2025-09-03 15:44:20.726487,929,1,POINT (18.672390923492223 17.683623088162136),0.02584982160467733,18.672390923492223,17.683623088162136
2025-09-03 15:44:21.726487,930,1,POINT (18.69576905046235 17.671374491410983),0.026392516799344696,18.69576905046235,17.671374491410983
2025-09-03 15:44:22.726487,931,1,POINT (18.71936280328582 17.658311627908578),0.02696856642792564,18.71936280328582,17.658311627908578
2025-09-03 15:44:23.726487,932,1,POINT (18.743101504932937 17.644401697075434),0.027513853450103473,18.743101504932937,17.644401697075434
2025-09-03 15:44:24.726487,933,1,POINT (18.766882063765475 17.62965278996252),0.027982945509955757,18.766882063765475,17.62965278996252
2025-09-03 15:44:25.726487,934,1,POINT (18.79079464037268 17.61411755643656),0.028515869278378507,18.79079464037268,17.61411755643656
2025-09-03 15:44:26.726487,935,1,POINT (18.814712547116763 17.597723204701662),0.028997259039884586,18.814712547116763,17.597723204701662
2025-09-03 15:44:27.726487,936,1,POINT (18.838622670733603 17.580482148167466),0.029477924651982058,18.838622670733603,17.580482148167466
2025-09-03 15:44:28.726487,937,1,POINT (18.862207903275152 17.563404892317184),0.02911865143537631,18.862207903275152,17.563404892317184
2025-09-03 15:44:29.726487,938,1,POINT (18.885570246868955 17.546505008989097),0.028834097084837647,18.885570246868955,17.546505008989097
2025-09-03 15:44:30.726487,939,1,POINT (18.908714977979134 17.529789098346924),0.02854996053866956,18.908714977979134,17.529789098346924
2025-09-03 15:44:31.726487,940,1,POINT (18.931654784964913 17.513261048274046),0.028273860432497647,18.931654784964913,17.513261048274046
2025-09-03 15:44:32.726487,941,1,POINT (18.954441110988643 17.496924407226114),0.028037519405052953,18.954441110988643,17.496924407226114
2025-09-03 15:44:33.726487,942,1,POINT (18.976932043293846 17.48074672694941),0.027704861939604093,18.976932043293846,17.48074672694941
2025-09-03 15:44:34.726487,943,1,POINT (18.99919873059333 17.464725906453367),0.02743122404595616,18.99919873059333,17.464725906453367
2025-09-03 15:44:35.726487,944,1,POINT (19.02132345373524 17.448892245243183),0.027206767566635467,19.02132345373524,17.448892245243183
2025-09-03 15:44:36.726487,945,1,POINT (19.043270043400938 17.433235847385376),0.0269587757851969,19.043270043400938,17.433235847385376
2025-09-03 15:44:37.726487,946,1,POINT (19.06507500516785 17.41774370927809),0.02674813452919129,19.06507500516785,17.41774370927809
2025-09-03 15:44:38.726487,947,1,POINT (19.086718349838552 17.402406302384957),0.026526786815224104,19.086718349838552,17.402406302384957
2025-09-03 15:44:39.726487,948,1,POINT (19.10818351259273 17.387244933274268),0.026279656112171035,19.10818351259273,17.387244933274268
2025-09-03 15:44:40.726487,949,1,POINT (19.129541588335336 17.37226263443819),0.026089014504966555,19.129541588335336,17.37226263443819
2025-09-03 15:44:41.726487,950,1,POINT (19.150733042053595 17.35743025226255),0.025866528017833998,19.150733042053595,17.35743025226255
2025-09-03 15:44:42.726487,951,1,POINT (19.171820845062804 17.342759817321333),0.02568885161153877,19.171820845062804,17.342759817321333
2025-09-03 15:44:43.726487,952,1,POINT (19.192684251673807 17.32929954538991),0.024828625734902413,19.192684251673807,17.32929954538991
2025-09-03 15:44:44.726487,953,1,POINT (19.213250810131154 17.31701386444491),0.023956654254337025,19.213250810131154,17.31701386444491
2025-09-03 15:44:45.726487,954,1,POINT (19.23359049723034 17.305906073530135),0.0231751135984104,19.23359049723034,17.305906073530135
2025-09-03 15:44:46.726487,955,1,POINT (19.253771302497356 17.295955533544152),0.022500625485478803,19.253771302497356,17.295955533544152
2025-09-03 15:44:47.726487,956,1,POINT (19.273889583334597 17.287159715304828),0.021957040837630015,19.273889583334597,17.287159715304828
2025-09-03 15:44:48.726487,957,1,POINT (19.293897023963076 17.279506265343628),0.02142132061313479,19.293897023963076,17.279506265343628
2025-09-03 15:44:49.726487,958,1,POINT (19.313775417929307 17.272987028377408),0.020920109877780303,19.313775417929307,17.272987028377408
2025-09-03 15:44:50.726487,959,1,POINT (19.333626029973015 17.26760142457012),0.020568216424349372,19.333626029973015,17.26760142457012
2025-09-03 15:44:51.726487,960,1,POINT (19.353481260609794 17.263340961679983),0.02030718413955795,19.353481260609794,17.263340961679983
2025-09-03 15:44:52.726487,961,1,POINT (19.373261923356566 17.260182850208793),0.020031182859881244,19.373261923356566,17.260182850208793
2025-09-03 15:44:53.726487,962,1,POINT (19.39307664991809 17.258121928928386),0.01992161602962974,19.39307664991809,17.258121928928386
2025-09-03 15:44:54.726487,963,1,POINT (19.4129773041245 17.25714994852939),0.019924376621092282,19.4129773041245,17.25714994852939
2025-09-03 15:44:55.726487,964,1,POINT (19.432728500402725 17.257231258195997),0.019751363641097197,19.432728500402725,17.257231258195997
2025-09-03 15:44:56.726487,965,1,POINT (19.452584667550497 17.258381502067483),0.019889455366202163,19.452584667550497,17.258381502067483
2025-09-03 15:44:57.726487,966,1,POINT (19.472464550833397 17.260582275340802),0.020001329014400684,19.472464550833397,17.260582275340802
2025-09-03 15:44:58.726487,967,1,POINT (19.49237164878108 17.26382616278963),0.020169664213351132,19.49237164878108,17.26382616278963
2025-09-03 15:44:59.726487,968,1,POINT (19.51224077664041 17.26808138430365),0.02031967401371819,19.51224077664041,17.26808138430365
2025-09-03 15:45:00.726487,969,1,POINT (19.531955338211052 17.273358944851985),0.020408737914529494,19.531955338211052,17.273358944851985
2025-09-03 15:45:01.726487,970,1,POINT (19.551686643348116 17.279658050082748),0.020712390714742793,19.551686643348116,17.279658050082748
2025-09-03 15:45:02.726487,971,1,POINT (19.571349075277453 17.286959120654128),0.020974195118384907,19.571349075277453,17.286959120654128
2025-09-03 15:45:03.726487,972,1,POINT (19.591054056239145 17.295254373554386),0.02137983852557945,19.591054056239145,17.295254373554386
2025-09-03 15:45:04.726487,973,1,POINT (19.610665052143922 17.304528244748816),0.02169322122940917,19.610665052143922,17.304528244748816
2025-09-03 15:45:05.726487,974,1,POINT (19.63018593651149 17.314751480194854),0.02203586779496408,19.63018593651149,17.314751480194854
2025-09-03 15:45:06.726487,975,1,POINT (19.649641707199738 17.325917040605425),0.02243204744011888,19.649641707199738,17.325917040605425
2025-09-03 15:45:07.726487,976,1,POINT (19.668948323467724 17.33799757991621),0.022774653932796887,19.668948323467724,17.33799757991621
2025-09-03 15:45:08.726487,977,1,POINT (19.688173636517497 17.35103874392447),0.02323111320088071,19.688173636517497,17.35103874392447
2025-09-03 15:45:09.726487,978,1,POINT (19.707273408233288 17.365028433156684),0.023675149089483323,19.707273408233288,17.365028433156684
2025-09-03 15:45:10.726487,979,1,POINT (19.72630693279925 17.379940233481594),0.02417926480133516,19.72630693279925,17.379940233481594
2025-09-03 15:45:11.726487,980,1,POINT (19.745202448620915 17.395767149509613),0.02464815995413737,19.745202448620915,17.395767149509613
2025-09-03 15:45:12.726487,981,1,POINT (19.76395903265831 17.412502014444424),0.02513692799723567,19.76395903265831,17.412502014444424
2025-09-03 15:45:13.726487,982,1,POINT (19.782470711553778 17.430121717807477),0.02555652954003919,19.782470711553778,17.430121717807477
2025-09-03 15:45:14.726487,983,1,POINT (19.800891999654528 17.448629792737528),0.026113075133105377,19.800891999654528,17.448629792737528
2025-09-03 15:45:15.726487,984,1,POINT (19.819115856238085 17.466964795964405),0.025851137153085502,19.819115856238085,17.466964795964405
2025-09-03 15:45:16.726487,985,1,POINT (19.83720241385007 17.485136549583434),0.025638568521707622,19.83720241385007,17.485136549583434
2025-09-03 15:45:17.726487,986,1,POINT (19.855247445679982 17.503142047391115),0.025491589300101154,19.855247445679982,17.503142047391115
2025-09-03 15:45:18.726487,987,1,POINT (19.87331596128643 17.520993011989752),0.02539937387657863,19.87331596128643,17.520993011989752
2025-09-03 15:45:19.726487,988,1,POINT (19.891305482365542 17.538700216437125),0.02524218607800988,19.891305482365542,17.538700216437125
2025-09-03 15:45:20.726487,989,1,POINT (19.909268391435404 17.556235898578866),0.025103112365368125,19.909268391435404,17.556235898578866
2025-09-03 15:45:21.726487,990,1,POINT (19.92722825904364 17.573613089130106),0.024990470102811586,19.92722825904364,17.573613089130106
2025-09-03 15:45:22.726487,991,1,POINT (19.94524316658642 17.59087502554169),0.024950177202824612,19.94524316658642,17.59087502554169
2025-09-03 15:45:23.726487,992,1,POINT (19.963209885841735 17.607995542850944),0.02481763715053984,19.963209885841735,17.607995542850944
2025-09-03 15:45:24.726487,993,1,POINT (19.98117750200458 17.624995999168988),0.024735616943934936,19.98117750200458,17.624995999168988
2025-09-03 15:45:25.726487,994,1,POINT (19.99912260573118 17.64186540685231),0.024629325271809555,19.99912260573118,17.64186540685231
2025-09-03 15:45:26.726487,995,1,POINT (20.01698664748854 17.65858134516576),0.024465211660799988,20.01698664748854,17.65858134516576
2025-09-03 15:45:27.726487,996,1,POINT (20.034745300361262 17.675150953731336),0.02428830335511763,20.034745300361262,17.675150953731336
2025-09-03 15:45:28.726487,997,1,POINT (20.052520263679043 17.691601349238436),0.02421910058793365,20.052520263679043,17.691601349238436
2025-09-03 15:45:29.726487,998,1,POINT (20.070334116199483 17.70793866975459),0.024171085686570802,20.070334116199483,17.70793866975459
2025-09-03 15:45:30.726487,999,1,POINT (20.088141755662754 17.724159761325545),0.024088084917800363,20.088141755662754,17.724159761325545
2025-09-03 15:45:31.726487,1000,1,POINT (20.105945081078296 17.74027198305753),0.02401170724859642,20.105945081078296,17.74027198305753
2025-09-03 15:45:32.726487,1001,1,POINT (20.123649483527107 17.75623317021419),0.023837058575240638,20.123649483527107,17.75623317021419
2025-09-03 15:45:33.726487,1002,1,POINT (20.141351805833484 17.772096557270565),0.02377013386456182,20.141351805833484,17.772096557270565
2025-09-03 15:45:34.726487,1003,1,POINT (20.15895313336332 17.787854868826635),0.023624798706247164,20.15895313336332,17.787854868826635
2025-09-03 15:45:35.726487,1004,1,POINT (20.176524775852133 17.803493402181687),0.02352288981506677,20.176524775852133,17.803493402181687
2025-09-03 15:45:36.726487,1005,1,POINT (20.194085362481836 17.819037975270067),0.023452248405628283,20.194085362481836,17.819037975270067
2025-09-03 15:45:37.726487,1006,1,POINT (20.211612751296535 17.83446942766944),0.023352496265190502,20.211612751296535,17.83446942766944
2025-09-03 15:45:38.726487,1007,1,POINT (20.229065512099112 17.849760896680234),0.02320404887385054,20.229065512099112,17.849760896680234
2025-09-03 15:45:39.726487,1008,1,POINT (20.24647543533069 17.86491667248873),0.023082525149706427,20.24647543533069,17.86491667248873
2025-09-03 15:45:40.726487,1009,1,POINT (20.2638819537313 17.8799845207581),0.023022313834615626,20.2638819537313,17.8799845207581
2025-09-03 15:45:41.726487,1010,1,POINT (20.28120691078543 17.894923317278227),0.022876227363732113,20.28120691078543,17.894923317278227
2025-09-03 15:45:42.726487,1011,1,POINT (20.298592406646378 17.909794746756443),0.022878262194857522,20.298592406646378,17.909794746756443
2025-09-03 15:45:43.726487,1012,1,POINT (20.315927129015527 17.924581354728225),0.02278456440063448,20.315927129015527,17.924581354728225
2025-09-03 15:45:44.726487,1013,1,POINT (20.333232433397505 17.939262193820714),0.022693624571945917,20.333232433397505,17.939262193820714
2025-09-03 15:45:45.726487,1014,1,POINT (20.35060562220655 17.95385116200682),0.02268624433726306,20.35060562220655,17.95385116200682
2025-09-03 15:45:46.726487,1015,1,POINT (20.367945554857215 17.968340035058223),0.022596475535560948,20.367945554857215,17.968340035058223
2025-09-03 15:45:47.726487,1016,1,POINT (20.385181181189434 17.982718672736706),0.022445757651569406,20.385181181189434,17.982718672736706
2025-09-03 15:45:48.726487,1017,1,POINT (20.402492505079795 17.997055869880402),0.022477481103855893,20.402492505079795,17.997055869880402
2025-09-03 15:45:49.726487,1018,1,POINT (20.41981650418073 18.01130460310693),0.02243094611045006,20.41981650418073,18.01130460310693
2025-09-03 15:45:50.726487,1019,1,POINT (20.437203749819833 18.025512394721105),0.022453900629208174,20.437203749819833,18.025512394721105
2025-09-03 15:45:51.726487,1020,1,POINT (20.45457395317761 18.03964206365787),0.022391326645670923,20.45457395317761,18.03964206365787
2025-09-03 15:45:52.726487,1021,1,POINT (20.47197363807997 18.05372287798535),0.022383439566482276,20.47197363807997,18.05372287798535
2025-09-03 15:45:53.726487,1022,1,POINT (20.48935981402516 18.067727837108002),0.022325277020101567,20.48935981402516,18.067727837108002
2025-09-03 15:45:54.726487,1023,1,POINT (20.50669148089371 18.081653008441247),0.02223279274186273,20.50669148089371,18.081653008441247
2025-09-03 15:45:55.726487,1024,1,POINT (20.52399636725896 18.095483293615093),0.022152559222448333,20.52399636725896,18.095483293615093
2025-09-03 15:45:56.726487,1025,1,POINT (20.541183441098813 18.10920365350028),0.021991902658834023,20.541183441098813,18.10920365350028
2025-09-03 15:45:57.726487,1026,1,POINT (20.558281984049128 18.122848214972567),0.021875425225461747,20.558281984049128,18.122848214972567
2025-09-03 15:45:58.726487,1027,1,POINT (20.575316858920687 18.136388718188677),0.021760794774896078,20.575316858920687,18.136388718188677
2025-09-03 15:45:59.726487,1028,1,POINT (20.592332702685276 18.149866468528842),0.02170688124196427,20.592332702685276,18.149866468528842
2025-09-03 15:46:00.726487,1029,1,POINT (20.609406549705756 18.163273564314505),0.021708672679017122,20.609406549705756,18.163273564314505
2025-09-03 15:46:01.726487,1030,1,POINT (20.626443546242434 18.176614311767157),0.021638733641001877,20.626443546242434,18.176614311767157
2025-09-03 15:46:02.726487,1031,1,POINT (20.6434363037783 18.189883229694168),0.02155963802169502,20.6434363037783,18.189883229694168
2025-09-03 15:46:03.726487,1032,1,POINT (20.66041697581064 18.203089452914075),0.021511567920629995,20.66041697581064,18.203089452914075
2025-09-03 15:46:04.726487,1033,1,POINT (20.67730815626525 18.216202567947974),0.0213837733583785,20.67730815626525,18.216202567947974
2025-09-03 15:46:05.726487,1034,1,POINT (20.694137727370805 18.22923538582575),0.021285882773146584,20.694137727370805,18.22923538582575
2025-09-03 15:46:06.726487,1035,1,POINT (20.710938680046464 18.24217516676509),0.02120636559073412,20.710938680046464,18.24217516676509
2025-09-03 15:46:07.726487,1036,1,POINT (20.72773396037495 18.25504721410482),0.02116060122087125,20.72773396037495,18.25504721410482
2025-09-03 15:46:08.726487,1037,1,POINT (20.744522066877327 18.267833352162096),0.021102744995729963,20.744522066877327,18.267833352162096
2025-09-03 15:46:09.726487,1038,1,POINT (20.761315871196455 18.280565121595405),0.02107438768771494,20.761315871196455,18.280565121595405
2025-09-03 15:46:10.726487,1039,1,POINT (20.77821705586048 18.293263038828233),0.02113970541656679,20.77821705586048,18.293263038828233
2025-09-03 15:46:11.726487,1040,1,POINT (20.795145353054103 18.305890987363046),0.021119477504746933,20.795145353054103,18.305890987363046
2025-09-03 15:46:12.726487,1041,1,POINT (20.812056445072063 18.31845491873617),0.02106744893878805,20.812056445072063,18.31845491873617
2025-09-03 15:46:13.726487,1042,1,POINT (20.82896829403604 18.330973577050386),0.021041089357933616,20.82896829403604,18.330973577050386
2025-09-03 15:46:14.726487,1043,1,POINT (20.845897035907317 18.343447017106232),0.021027815106925897,20.845897035907317,18.343447017106232
2025-09-03 15:46:15.726487,1044,1,POINT (20.862841657944667 18.35586390913842),0.02100712792667478,20.862841657944667,18.35586390913842
2025-09-03 15:46:16.726487,1045,1,POINT (20.879831900069632 18.368254467792283),0.021028415803853454,20.879831900069632,18.368254467792283
2025-09-03 15:46:17.726487,1046,1,POINT (20.896718882042716 18.380542719072274),0.02088471401957519,20.896718882042716,18.380542719072274
2025-09-03 15:46:18.726487,1047,1,POINT (20.91369429957842 18.392821877760607),0.02095095555350063,20.91369429957842,18.392821877760607
2025-09-03 15:46:19.726487,1048,1,POINT (20.930676270472684 18.405041404020558),0.020921380391151673,20.930676270472684,18.405041404020558
2025-09-03 15:46:20.726487,1049,1,POINT (20.947523583118713 18.41714358379316),0.020743545951485243,20.947523583118713,18.41714358379316
2025-09-03 15:46:21.726487,1050,1,POINT (20.964455224322762 18.429217168630554),0.020795478467408462,20.964455224322762,18.429217168630554
2025-09-03 15:46:22.726487,1051,1,POINT (20.98143550117557 18.441276221148282),0.02082667879483834,20.98143550117557,18.441276221148282
2025-09-03 15:46:23.726487,1052,1,POINT (20.99848965572228 18.453338021234547),0.020888542520340524,20.99848965572228,18.453338021234547
2025-09-03 15:46:24.726487,1053,1,POINT (21.015539556433563 18.465333174797653),0.020846650168961364,21.015539556433563,18.465333174797653
2025-09-03 15:46:25.726487,1054,1,POINT (21.033002176681773 18.476338856965405),0.020641418214618526,21.033002176681773,18.476338856965405
2025-09-03 15:46:26.726487,1055,1,POINT (21.050979808380866 18.4864015014806),0.02060223425134795,21.050979808380866,18.4864015014806
2025-09-03 15:46:27.726487,1056,1,POINT (21.069702344839722 18.49506415075603),0.020629465914615883,21.069702344839722,18.49506415075603
2025-09-03 15:46:28.726487,1057,1,POINT (21.08902658169379 18.502242722217748),0.0206145098952927,21.08902658169379,18.502242722217748
2025-09-03 15:46:29.726487,1058,1,POINT (21.108920916930327 18.507904645081098),0.020684340574797424,21.108920916930327,18.507904645081098
2025-09-03 15:46:30.726487,1059,1,POINT (21.12921710621762 18.512614087683296),0.020835406144566734,21.12921710621762,18.512614087683296
2025-09-03 15:46:31.726487,1060,1,POINT (21.149894137302514 18.516394433008475),0.021019767488325566,21.149894137302514,18.516394433008475
2025-09-03 15:46:32.726487,1061,1,POINT (21.170985294714654 18.51927898332132),0.021287497539424972,21.170985294714654,18.51927898332132
2025-09-03 15:46:33.726487,1062,1,POINT (21.192477613875173 18.521251250000194),0.02158262307390356,21.192477613875173,18.521251250000194
2025-09-03 15:46:34.726487,1063,1,POINT (21.21436818053009 18.522328457536947),0.021917054650445803,21.21436818053009,18.522328457536947
2025-09-03 15:46:35.726487,1064,1,POINT (21.236680952160388 18.522494157265832),0.02231338688379543,21.236680952160388,18.522494157265832
2025-09-03 15:46:36.726487,1065,1,POINT (21.259350499005105 18.521770977512993),0.022681078966834013,21.259350499005105,18.521770977512993
2025-09-03 15:46:37.726487,1066,1,POINT (21.282330429282332 18.520147111339796),0.0230372337075152,21.282330429282332,18.520147111339796
2025-09-03 15:46:38.726487,1067,1,POINT (21.305680848754765 18.51765875027034),0.02348263252598704,21.305680848754765,18.51765875027034
2025-09-03 15:46:39.726487,1068,1,POINT (21.329413727651698 18.514308090715303),0.023968238570871943,21.329413727651698,18.514308090715303
2025-09-03 15:46:40.726487,1069,1,POINT (21.353522434229372 18.510094668022468),0.024474122326181822,21.353522434229372,18.510094668022468
2025-09-03 15:46:41.726487,1070,1,POINT (21.377524388272068 18.505970086169572),0.024353767128083313,21.377524388272068,18.505970086169572
2025-09-03 15:46:42.726487,1071,1,POINT (21.401489542651714 18.50195224891262),0.02429962223294019,21.401489542651714,18.50195224891262
2025-09-03 15:46:43.726487,1072,1,POINT (21.425330844628522 18.498014630590472),0.024164281863947572,21.425330844628522,18.498014630590472
2025-09-03 15:46:44.726487,1073,1,POINT (21.449036164473828 18.494155294252504),0.024017424215302282,21.449036164473828,18.494155294252504
2025-09-03 15:46:45.726487,1074,1,POINT (21.472639236123072 18.490369588676266),0.023904739237007425,21.472639236123072,18.490369588676266
2025-09-03 15:46:46.726487,1075,1,POINT (21.496128272574282 18.486673504462733),0.023778054418303243,21.496128272574282,18.486673504462733
2025-09-03 15:46:47.726487,1076,1,POINT (21.519457420767075 18.48305982609131),0.023607368061124675,21.519457420767075,18.48305982609131
2025-09-03 15:46:48.726487,1077,1,POINT (21.54268368625152 18.479537975175294),0.023491761156384558,21.54268368625152,18.479537975175294
2025-09-03 15:46:49.726487,1078,1,POINT (21.56575095700557 18.47606822644246),0.023326768664123736,21.56575095700557,18.47606822644246
2025-09-03 15:46:50.726487,1079,1,POINT (21.588721102415583 18.47267542890792),0.023219359493051595,21.588721102415583,18.47267542890792
2025-09-03 15:46:51.726487,1080,1,POINT (21.611690711820106 18.46938469518639),0.023204135075938055,21.611690711820106,18.46938469518639
2025-09-03 15:46:52.726487,1081,1,POINT (21.634558596649793 18.466175214424545),0.023092009945962902,21.634558596649793,18.466175214424545
2025-09-03 15:46:53.726487,1082,1,POINT (21.657252515933358 18.46301841400422),0.022912428097928192,21.657252515933358,18.46301841400422
2025-09-03 15:46:54.726487,1083,1,POINT (21.67979351275379 18.459942122305822),0.022749947434496466,21.67979351275379,18.459942122305822
2025-09-03 15:46:55.726487,1084,1,POINT (21.702329790896478 18.456963892042562),0.022732216962399368,21.702329790896478,18.456963892042562
2025-09-03 15:46:56.726487,1085,1,POINT (21.724727938419083 18.454038686653995),0.02258835627064683,21.724727938419083,18.454038686653995
2025-09-03 15:46:57.726487,1086,1,POINT (21.747071926903303 18.451187153744932),0.022525209462165345,21.747071926903303,18.451187153744932
2025-09-03 15:46:58.726487,1087,1,POINT (21.769362337866102 18.448425332854587),0.02246085651797033,21.769362337866102,18.448425332854587
2025-09-03 15:46:59.726487,1088,1,POINT (21.791310703961216 18.446748745167483),0.022012308386847416,21.791310703961216,18.446748745167483
2025-09-03 15:47:00.726487,1089,1,POINT (21.81298558092705 18.44617371861208),0.021682503246247722,21.81298558092705,18.44617371861208
2025-09-03 15:47:01.726487,1090,1,POINT (21.834369045324785 18.446670871777275),0.02138924287857737,21.834369045324785,18.446670871777275
2025-09-03 15:47:02.726487,1091,1,POINT (21.855615730945026 18.448265835660592),0.021306467554112453,21.855615730945026,18.448265835660592
2025-09-03 15:47:03.726487,1092,1,POINT (21.876564363956636 18.45091923498631),0.021116007033452754,21.876564363956636,18.45091923498631
2025-09-03 15:47:04.726487,1093,1,POINT (21.897335671156245 18.45460815196869),0.02109633407214266,21.897335671156245,18.45460815196869
2025-09-03 15:47:05.726487,1094,1,POINT (21.917861534403887 18.459335766164926),0.0210632713045564,21.917861534403887,18.459335766164926
2025-09-03 15:47:06.726487,1095,1,POINT (21.938111501338586 18.46507516097909),0.021047608265293682,21.938111501338586,18.46507516097909
2025-09-03 15:47:07.726487,1096,1,POINT (21.958009301342017 18.47180641912514),0.02100552977683035,21.958009301342017,18.47180641912514
2025-09-03 15:47:08.726487,1097,1,POINT (21.97761157311082 18.479514096546026),0.021063175205141105,21.97761157311082,18.479514096546026
2025-09-03 15:47:09.726487,1098,1,POINT (21.996894067121367 18.488192088817083),0.021145262474684335,21.996894067121367,18.488192088817083
2025-09-03 15:47:10.726487,1099,1,POINT (22.015946195466224 18.49784965729692),0.021360061409360673,22.015946195466224,18.49784965729692
2025-09-03 15:47:11.726487,1100,1,POINT (22.03468001586588 18.508449845641092),0.02152486979515758,22.03468001586588,18.508449845641092
2025-09-03 15:47:12.726487,1101,1,POINT (22.053075790059196 18.519990147761106),0.02171596374082133,22.053075790059196,18.519990147761106
2025-09-03 15:47:13.726487,1102,1,POINT (22.071230464601694 18.53252284772738),0.022060389302743358,22.071230464601694,18.53252284772738
2025-09-03 15:47:14.726487,1103,1,POINT (22.089053401786476 18.545972549206898),0.022328268176929254,22.089053401786476,18.545972549206898
2025-09-03 15:47:15.726487,1104,1,POINT (22.106576039576215 18.560356224434393),0.022670089284351262,22.106576039576215,18.560356224434393
2025-09-03 15:47:16.726487,1105,1,POINT (22.123840344698937 18.575682722383338),0.023085878167170896,22.123840344698937,18.575682722383338
2025-09-03 15:47:17.726487,1106,1,POINT (22.140817331789485 18.591919464696353),0.02349148551309374,22.140817331789485,18.591919464696353
2025-09-03 15:47:18.726487,1107,1,POINT (22.15739291343107 18.609016892873743),0.023813272707418804,22.15739291343107,18.609016892873743
2025-09-03 15:47:19.726487,1108,1,POINT (22.17370822756461 18.627020414384862),0.02429642488263219,22.17370822756461,18.627020414384862
2025-09-03 15:47:20.726487,1109,1,POINT (22.1896714777269 18.645882151961388),0.024710129504912925,22.1896714777269,18.645882151961388
2025-09-03 15:47:21.726487,1110,1,POINT (22.20535004056985 18.66560281333227),0.025193686068643785,22.20535004056985,18.66560281333227
2025-09-03 15:47:22.726487,1111,1,POINT (22.220630847680052 18.686154990761747),0.025610448317666058,22.220630847680052,18.686154990761747
2025-09-03 15:47:23.726487,1112,1,POINT (22.235587223894594 18.70757421748643),0.026124250476413296,22.235587223894594,18.70757421748643
2025-09-03 15:47:24.726487,1113,1,POINT (22.25005586811425 18.729771130411404),0.02649612441384091,22.25005586811425,18.729771130411404
2025-09-03 15:47:25.726487,1114,1,POINT (22.264160951370307 18.752766729810304),0.02697685981308882,22.264160951370307,18.752766729810304
2025-09-03 15:47:26.726487,1115,1,POINT (22.27783741100399 18.77653264227601),0.02742014120020777,22.27783741100399,18.77653264227601
2025-09-03 15:47:27.726487,1116,1,POINT (22.291032124893338 18.801055886930698),0.02784762113745863,22.291032124893338,18.801055886930698
2025-09-03 15:47:28.726487,1117,1,POINT (22.303781335766175 18.826345287115878),0.028321301869904288,22.303781335766175,18.826345287115878
2025-09-03 15:47:29.726487,1118,1,POINT (22.31646527439777 18.85141485090249),0.028095646062355057,22.31646527439777,18.85141485090249
2025-09-03 15:47:30.726487,1119,1,POINT (22.329029548147645 18.876256498351527),0.027838254665909074,22.329029548147645,18.876256498351527
2025-09-03 15:47:31.726487,1120,1,POINT (22.34155088553714 18.900895484099845),0.027638080771416655,22.34155088553714,18.900895484099845
2025-09-03 15:47:32.726487,1121,1,POINT (22.354099874513174 18.925360855197194),0.02749602711759819,22.354099874513174,18.925360855197194
2025-09-03 15:47:33.726487,1122,1,POINT (22.366470558769418 18.9495703543595),0.02718701305140767,22.366470558769418,18.9495703543595
2025-09-03 15:47:34.726487,1123,1,POINT (22.37881421711071 18.973590004404763),0.027005730679678396,22.37881421711071,18.973590004404763
2025-09-03 15:47:35.726487,1124,1,POINT (22.39112745487037 18.997421777506503),0.02682478766549388,22.39112745487037,18.997421777506503
2025-09-03 15:47:36.726487,1125,1,POINT (22.403358118580257 19.02103213500466),0.026590188340346477,22.403358118580257,19.02103213500466
2025-09-03 15:47:37.726487,1126,1,POINT (22.415575465599098 19.044487110550794),0.026446161272451075,22.415575465599098,19.044487110550794
2025-09-03 15:47:38.726487,1127,1,POINT (22.42771379715369 19.067725857612867),0.026217903385744618,22.42771379715369,19.067725857612867
2025-09-03 15:47:39.726487,1128,1,POINT (22.439862451165084 19.09080583853397),0.02608208798403738,22.439862451165084,19.09080583853397
2025-09-03 15:47:40.726487,1129,1,POINT (22.452118698835342 19.113764366496465),0.026025172682603688,22.452118698835342,19.113764366496465
2025-09-03 15:47:41.726487,1130,1,POINT (22.46436910806194 19.136577949252576),0.025894634277955658,22.46436910806194,19.136577949252576
2025-09-03 15:47:42.726487,1131,1,POINT (22.476666196749182 19.159257576614227),0.025798912524469027,22.476666196749182,19.159257576614227
2025-09-03 15:47:43.726487,1132,1,POINT (22.488966649638986 19.1818251840334),0.025702101974745165,22.488966649638986,19.1818251840334
2025-09-03 15:47:44.726487,1133,1,POINT (22.501221807344635 19.20423277923906),0.02553995327503664,22.501221807344635,19.20423277923906
2025-09-03 15:47:45.726487,1134,1,POINT (22.513592020758207 19.22656034404735),0.025525327229355754,22.513592020758207,19.22656034404735
2025-09-03 15:47:46.726487,1135,1,POINT (22.525988166279607 19.248763457954194),0.025429170079812363,22.525988166279607,19.248763457954194
2025-09-03 15:47:47.726487,1136,1,POINT (22.53841106753441 19.27084980660938),0.025340388168001625,22.53841106753441,19.27084980660938
2025-09-03 15:47:48.726487,1137,1,POINT (22.550877013339143 19.292817812136715),0.025258524732366606,22.550877013339143,19.292817812136715
2025-09-03 15:47:49.726487,1138,1,POINT (22.56333944978478 19.314668616987575),0.025154919892377888,22.56333944978478,19.314668616987575
2025-09-03 15:47:50.726487,1139,1,POINT (22.575810809949655 19.336383533908297),0.02504141452146516,22.575810809949655,19.336383533908297
2025-09-03 15:47:51.726487,1140,1,POINT (22.588352393993038 19.358016744920477),0.02500574232080978,22.588352393993038,19.358016744920477
2025-09-03 15:47:52.726487,1141,1,POINT (22.600884578795654 19.37953140254975),0.02489851700065091,22.600884578795654,19.37953140254975
2025-09-03 15:47:53.726487,1142,1,POINT (22.613438682326215 19.40092951802301),0.024808967355838527,22.613438682326215,19.40092951802301
2025-09-03 15:47:54.726487,1143,1,POINT (22.62600743987418 19.422226699744098),0.024729407909623812,22.62600743987418,19.422226699744098
2025-09-03 15:47:55.726487,1144,1,POINT (22.638518916762923 19.443343091679072),0.024544634083420662,22.638518916762923,19.443343091679072
2025-09-03 15:47:56.726487,1145,1,POINT (22.651010376411957 19.464349428578412),0.02443977811053191,22.651010376411957,19.464349428578412
2025-09-03 15:47:57.726487,1146,1,POINT (22.663580487528375 19.485290873955584),0.024424410493687848,22.663580487528375,19.485290873955584
2025-09-03 15:47:58.726487,1147,1,POINT (22.67611494381075 19.506113273845955),0.02430401060502669,22.67611494381075,19.506113273845955
2025-09-03 15:47:59.726487,1148,1,POINT (22.688719664240832 19.52687404603818),0.024287623167738217,22.688719664240832,19.52687404603818
2025-09-03 15:48:00.726487,1149,1,POINT (22.701282489584646 19.54749746968959),0.024148502722210627,22.701282489584646,19.54749746968959
2025-09-03 15:48:01.726487,1150,1,POINT (22.714429486223136 19.567168245804066),0.02365973274486316,22.714429486223136,19.567168245804066
2025-09-03 15:48:02.726487,1151,1,POINT (22.728208822122106 19.585914776574562),0.023265908831288182,22.728208822122106,19.585914776574562
2025-09-03 15:48:03.726487,1152,1,POINT (22.74263168979347 19.603769376123246),0.022952251238376346,22.74263168979347,19.603769376123246
2025-09-03 15:48:04.726487,1153,1,POINT (22.757693314687895 19.620700768075157),0.022661080686710248,22.757693314687895,19.620700768075157
2025-09-03 15:48:05.726487,1154,1,POINT (22.773290893425013 19.636670105376602),0.022322728245175272,22.773290893425013,19.636670105376602
2025-09-03 15:48:06.726487,1155,1,POINT (22.78966670202455 19.651850962925113),0.022329924836346424,22.78966670202455,19.651850962925113
2025-09-03 15:48:07.726487,1156,1,POINT (22.806648899070996 19.666162656191585),0.02220854746888805,22.806648899070996,19.666162656191585
2025-09-03 15:48:08.726487,1157,1,POINT (22.82425144542739 19.679602373483647),0.022146684607848736,22.82425144542739,19.679602373483647
2025-09-03 15:48:09.726487,1158,1,POINT (22.842438657144594 19.692186042280554),0.02211613416573256,22.842438657144594,19.692186042280554
2025-09-03 15:48:10.726487,1159,1,POINT (22.861217583024658 19.70392381831567),0.022145506168508466,22.861217583024658,19.70392381831567
2025-09-03 15:48:11.726487,1160,1,POINT (22.880643241159802 19.71484944289088),0.022287338700301886,22.880643241159802,19.71484944289088
2025-09-03 15:48:12.726487,1161,1,POINT (22.900683914305983 19.724981669041988),0.022456415273351564,22.900683914305983,19.724981669041988
2025-09-03 15:48:13.726487,1162,1,POINT (22.92137870299756 19.734345123742646),0.02271450115939946,22.92137870299756,19.734345123742646
2025-09-03 15:48:14.726487,1163,1,POINT (22.942646025611026 19.742895297380617),0.022921703260984916,22.942646025611026,19.742895297380617
2025-09-03 15:48:15.726487,1164,1,POINT (22.964491608059426 19.750650498717288),0.023181298934316297,22.964491608059426,19.750650498717288
2025-09-03 15:48:16.726487,1165,1,POINT (22.986914637571104 19.757619326861146),0.02348098844129487,22.986914637571104,19.757619326861146
2025-09-03 15:48:17.726487,1166,1,POINT (23.009891601611887 19.763744183683098),0.02377929241211456,23.009891601611887,19.763744183683098
2025-09-03 15:48:18.726487,1167,1,POINT (23.033369653704963 19.769032063432206),0.02406617132670249,23.033369653704963,19.769032063432206
2025-09-03 15:48:19.726487,1168,1,POINT (23.057334697977794 19.773478270604695),0.024374004702129866,23.057334697977794,19.773478270604695
2025-09-03 15:48:20.726487,1169,1,POINT (23.081869591101924 19.777139377843838),0.0248065452417099,23.081869591101924,19.777139377843838
2025-09-03 15:48:21.726487,1170,1,POINT (23.10632685552772 19.780850183679384),0.02473717573091919,23.10632685552772,19.780850183679384
2025-09-03 15:48:22.726487,1171,1,POINT (23.130674883740394 19.784608592644073),0.024636398190300828,23.130674883740394,19.784608592644073
2025-09-03 15:48:23.726487,1172,1,POINT (23.15492294676884 19.788402756059796),0.024543109759291665,23.15492294676884,19.788402756059796
2025-09-03 15:48:24.726487,1173,1,POINT (23.178957565021282 19.792150117170827),0.024324999277228233,23.178957565021282,19.792150117170827
2025-09-03 15:48:25.726487,1174,1,POINT (23.202868987771517 19.795926832484493),0.02420784411096803,23.202868987771517,19.795926832484493
2025-09-03 15:48:26.726487,1175,1,POINT (23.22659490460914 19.799699814022564),0.024024040448526508,23.22659490460914,19.799699814022564
2025-09-03 15:48:27.726487,1176,1,POINT (23.250322266865666 19.803579275444843),0.024042419607422563,23.250322266865666,19.803579275444843
2025-09-03 15:48:28.726487,1177,1,POINT (23.27401477783061 19.807534993404758),0.024020465865641688,23.27401477783061,19.807534993404758
2025-09-03 15:48:29.726487,1178,1,POINT (23.297571759534687 19.811472516476627),0.02388379105057755,23.297571759534687,19.811472516476627
2025-09-03 15:48:30.726487,1179,1,POINT (23.320982983647557 19.815394565699545),0.02373747847961142,23.320982983647557,19.815394565699545
2025-09-03 15:48:31.726487,1180,1,POINT (23.34431928018189 19.81936342279491),0.023671387001646116,23.34431928018189,19.81936342279491
2025-09-03 15:48:32.726487,1181,1,POINT (23.36758096239736 19.82338229336466),0.023606295349967235,23.36758096239736,19.82338229336466
2025-09-03 15:48:33.726487,1182,1,POINT (23.39086895989662 19.827519994040657),0.023652724883397355,23.39086895989662,19.827519994040657
2025-09-03 15:48:34.726487,1183,1,POINT (23.414049772692497 19.83166106836237),0.023547793493563493,23.414049772692497,19.83166106836237
2025-09-03 15:48:35.726487,1184,1,POINT (23.437176168170048 19.835868469670583),0.023506007605555653,23.437176168170048,19.835868469670583
2025-09-03 15:48:36.726487,1185,1,POINT (23.460320623640012 19.840178439054615),0.023542337502730045,23.460320623640012,19.840178439054615
2025-09-03 15:48:37.726487,1186,1,POINT (23.483563620161863 19.844625425564878),0.02366458485453029,23.483563620161863,19.844625425564878
2025-09-03 15:48:38.726487,1187,1,POINT (23.506704889255857 19.849104700381158),0.02357079205628023,23.506704889255857,19.849104700381158
2025-09-03 15:48:39.726487,1188,1,POINT (23.529773077112992 19.85360382874587),0.02350283912752292,23.529773077112992,19.85360382874587
2025-09-03 15:48:40.726487,1189,1,POINT (23.552859391011914 19.858190962913792),0.023537622847561866,23.552859391011914,19.858190962913792
2025-09-03 15:48:41.726487,1190,1,POINT (23.57579040012906 19.862774972798423),0.023384702815151336,23.57579040012906,19.862774972798423
2025-09-03 15:48:42.726487,1191,1,POINT (23.598743863524913 19.867445921666462),0.0234239032868705,23.598743863524913,19.867445921666462
2025-09-03 15:48:43.726487,1192,1,POINT (23.62171608583759 19.872195557954036),0.023458091202127527,23.62171608583759,19.872195557954036
2025-09-03 15:48:44.726487,1193,1,POINT (23.64459945908955 19.876958595517365),0.023373816509467415,23.64459945908955,19.876958595517365
2025-09-03 15:48:45.726487,1194,1,POINT (23.667481825603407 19.88179722071969),0.023388351611923434,23.667481825603407,19.88179722071969
2025-09-03 15:48:46.726487,1195,1,POINT (23.69038423203869 19.88671888190635),0.02342526348545796,23.69038423203869,19.88671888190635
2025-09-03 15:48:47.726487,1196,1,POINT (23.713299932964187 19.89170701775472),0.023452310081283248,23.713299932964187,19.89170701775472
2025-09-03 15:48:48.726487,1197,1,POINT (23.736217623442432 19.896747270061788),0.023465393245704357,23.736217623442432,19.896747270061788
2025-09-03 15:48:49.726487,1198,1,POINT (23.759072563232596 19.90180610920027),0.023408120946395418,23.759072563232596,19.90180610920027
2025-09-03 15:48:50.726487,1199,1,POINT (23.781851912216574 19.906884491640596),0.02333856697280423,23.781851912216574,19.906884491640596
2025-09-03 15:48:51.726487,1200,1,POINT (23.804512915020382 19.91195826333736),0.023222062942492617,23.804512915020382,19.91195826333736
2025-09-03 15:48:52.726487,1201,1,POINT (23.827225758385186 19.917116131680853),0.023291132638043156,23.827225758385186,19.917116131680853
2025-09-03 15:48:53.726487,1202,1,POINT (23.84985807573752 19.922306554420068),0.023219868150970546,23.84985807573752,19.922306554420068
2025-09-03 15:48:54.726487,1203,1,POINT (23.872460602547104 19.92754981162407),0.023202714588714066,23.872460602547104,19.92754981162407
2025-09-03 15:48:55.726487,1204,1,POINT (23.894997138837617 19.932827204212398),0.023146194946577357,23.894997138837617,19.932827204212398
2025-09-03 15:48:56.726487,1205,1,POINT (23.91744767813088 19.938131672623893),0.023068682226926533,23.91744767813088,19.938131672623893
2025-09-03 15:48:57.726487,1206,1,POINT (23.939881077285772 19.94346897545404),0.023059579335785358,23.939881077285772,19.94346897545404
2025-09-03 15:48:58.726487,1207,1,POINT (23.962409836735223 19.948894792066486),0.02317292575923701,23.962409836735223,19.948894792066486
2025-09-03 15:48:59.726487,1208,1,POINT (23.98489380022914 19.954352665256682),0.023136918423941485,23.98489380022914,19.954352665256682
2025-09-03 15:49:00.726487,1209,1,POINT (24.00724097407108 19.95979080722634),0.022999338399268078,24.00724097407108,19.95979080722634
2025-09-03 15:49:01.726487,1210,1,POINT (24.02954772759829 19.965265130316695),0.02296866269988646,24.02954772759829,19.965265130316695
2025-09-03 15:49:02.726487,1211,1,POINT (24.051905828936444 19.970814317382267),0.023036453124037456,24.051905828936444,19.970814317382267
2025-09-03 15:49:03.726487,1212,1,POINT (24.0741766935143 19.9763626183089),0.022951580603907392,24.0741766935143,19.9763626183089
2025-09-03 15:49:04.726487,1213,1,POINT (24.096415575311593 19.981970900123624),0.02293514090881746,24.096415575311593,19.981970900123624
2025-09-03 15:49:05.726487,1214,1,POINT (24.11868956136759 19.98762569528246),0.02298058230574481,24.11868956136759,19.98762569528246
2025-09-03 15:49:06.726487,1215,1,POINT (24.140957345242658 19.993311662874216),0.02298226329501263,24.140957345242658,19.993311662874216
2025-09-03 15:49:07.726487,1216,1,POINT (24.163207753096042 19.99902360556657),0.022971872778741683,24.163207753096042,19.99902360556657
2025-09-03 15:49:08.726487,1217,1,POINT (24.185521602095484 20.004797426072166),0.023048749649400263,24.185521602095484,20.004797426072166
2025-09-03 15:49:09.726487,1218,1,POINT (24.20797476108687 20.01065482242843),0.023204599560579558,24.20797476108687,20.01065482242843
2025-09-03 15:49:10.726487,1219,1,POINT (24.230405462660777 20.016532207618912),0.02318792853566113,24.230405462660777,20.016532207618912
2025-09-03 15:49:11.726487,1220,1,POINT (24.2528530018257 20.022491718890663),0.02322515423326271,24.2528530018257,20.022491718890663
2025-09-03 15:49:12.726487,1221,1,POINT (24.275293669455912 20.028466183859663),0.023222355508335873,24.275293669455912,20.028466183859663
2025-09-03 15:49:13.726487,1222,1,POINT (24.297828093517715 20.03448469923756),0.02332429624128302,24.297828093517715,20.03448469923756
2025-09-03 15:49:14.726487,1223,1,POINT (24.32038975065093 20.0405409554257),0.023360364115592853,24.32038975065093,20.0405409554257
2025-09-03 15:49:15.726487,1224,1,POINT (24.342887582257287 20.04661185770291),0.023302538090248424,24.342887582257287,20.04661185770291
2025-09-03 15:49:16.726487,1225,1,POINT (24.365368069244678 20.052720876144008),0.023295759303012992,24.365368069244678,20.052720876144008
2025-09-03 15:49:17.726487,1226,1,POINT (24.387929952804573 20.058886049998584),0.02338905638172294,24.387929952804573,20.058886049998584
2025-09-03 15:49:18.726487,1227,1,POINT (24.410495185856504 20.065090063329322),0.02340255379431831,24.410495185856504,20.065090063329322
2025-09-03 15:49:19.726487,1228,1,POINT (24.433054907498505 20.07133257029089),0.023407476022197577,24.433054907498505,20.07133257029089
2025-09-03 15:49:20.726487,1229,1,POINT (24.455562529170255 20.077591802184802),0.02336174259811123,24.455562529170255,20.077591802184802
2025-09-03 15:49:21.726487,1230,1,POINT (24.477671130777992 20.08486087827689),0.023272939914892182,24.477671130777992,20.08486087827689
2025-09-03 15:49:22.726487,1231,1,POINT (24.499358797212892 20.093100766114816),0.023200229028462572,24.499358797212892,20.093100766114816
2025-09-03 15:49:23.726487,1232,1,POINT (24.520593368396153 20.102290077657234),0.023137641624862437,24.520593368396153,20.102290077657234
2025-09-03 15:49:24.726487,1233,1,POINT (24.541433651597593 20.112465793504107),0.023191864886476173,24.541433651597593,20.112465793504107
2025-09-03 15:49:25.726487,1234,1,POINT (24.561847602475307 20.123590330815887),0.023248327269696077,24.561847602475307,20.123590330815887
2025-09-03 15:49:26.726487,1235,1,POINT (24.581937719144506 20.135661417264703),0.023437660203971145,24.581937719144506,20.135661417264703
2025-09-03 15:49:27.726487,1236,1,POINT (24.601571335385607 20.1486517048448),0.023542014742082253,24.601571335385607,20.1486517048448
2025-09-03 15:49:28.726487,1237,1,POINT (24.621146833168027 20.16156639731786),0.02345185270086851,24.621146833168027,20.16156639731786
2025-09-03 15:49:29.726487,1238,1,POINT (24.640597003559364 20.17439635260982),0.023300576839334567,24.640597003559364,20.17439635260982
2025-09-03 15:49:30.726487,1239,1,POINT (24.659883712676084 20.187142589221494),0.023118038331869865,24.659883712676084,20.187142589221494
2025-09-03 15:49:31.726487,1240,1,POINT (24.679185686428934 20.19986441386771),0.023117331443849358,24.679185686428934,20.19986441386771
2025-09-03 15:49:32.726487,1241,1,POINT (24.698572561080365 20.212602411356478),0.023197143978820573,24.698572561080365,20.212602411356478
2025-09-03 15:49:33.726487,1242,1,POINT (24.717973082679705 20.22533708608999),0.023206727018147723,24.717973082679705,20.22533708608999
2025-09-03 15:49:34.726487,1243,1,POINT (24.737435826351664 20.238064938323486),0.02325503415860909,24.737435826351664,20.238064938323486
2025-09-03 15:49:35.726487,1244,1,POINT (24.75690072025116 20.250753508747305),0.023235359130404025,24.75690072025116,20.250753508747305
2025-09-03 15:49:36.726487,1245,1,POINT (24.776323178657147 20.263394233116312),0.02317368773211363,24.776323178657147,20.263394233116312
2025-09-03 15:49:37.726487,1246,1,POINT (24.795791956799924 20.276012107494644),0.02320008784897222,24.795791956799924,20.276012107494644
2025-09-03 15:49:38.726487,1247,1,POINT (24.815240514494775 20.288603310806046),0.02316861664491436,24.815240514494775,20.288603310806046
2025-09-03 15:49:39.726487,1248,1,POINT (24.834216748363165 20.30210885125172),0.023291566597323836,24.834216748363165,20.30210885125172
2025-09-03 15:49:40.726487,1249,1,POINT (24.8527332509438 20.316520730629524),0.0234640818064337,24.8527332509438,20.316520730629524
2025-09-03 15:49:41.726487,1250,1,POINT (24.870692740895308 20.331786038705655),0.023570594179560145,24.870692740895308,20.331786038705655
2025-09-03 15:49:42.726487,1251,1,POINT (24.8882928806188 20.34796800219205),0.02390859386416251,24.8882928806188,20.34796800219205
2025-09-03 15:49:43.726487,1252,1,POINT (24.905473119817362 20.365036073281033),0.024217342331857513,24.905473119817362,20.365036073281033
2025-09-03 15:49:44.726487,1253,1,POINT (24.922242262792867 20.383010808180718),0.02458241751429026,24.922242262792867,20.383010808180718
2025-09-03 15:49:45.726487,1254,1,POINT (24.938632785382016 20.401890707095628),0.025001996195956496,24.938632785382016,20.401890707095628
2025-09-03 15:49:46.726487,1255,1,POINT (24.95503434529135 20.4206479955444),0.02491680231108843,24.95503434529135,20.4206479955444
2025-09-03 15:49:47.726487,1256,1,POINT (24.971453589852803 20.439323139410007),0.02486669641046014,24.971453589852803,20.439323139410007
2025-09-03 15:49:48.726487,1257,1,POINT (24.987886673065624 20.457923858963817),0.02482001192181355,24.987886673065624,20.457923858963817
2025-09-03 15:49:49.726487,1258,1,POINT (25.004330955350216 20.476458547538613),0.02477799629550432,25.004330955350216,20.476458547538613
2025-09-03 15:49:50.726487,1259,1,POINT (25.020795729625497 20.494909166144396),0.02472881151353687,25.020795729625497,20.494909166144396
2025-09-03 15:49:51.726487,1260,1,POINT (25.037302276275234 20.513288367292564),0.024703463666958688,25.037302276275234,20.513288367292564
2025-09-03 15:49:52.726487,1261,1,POINT (25.05372270581901 20.531565217807707),0.02456977352673311,25.05372270581901,20.531565217807707
2025-09-03 15:49:53.726487,1262,1,POINT (25.070085172548556 20.5497410593294),0.02445590997074537,25.070085172548556,20.5497410593294
2025-09-03 15:49:54.726487,1263,1,POINT (25.086542496193044 20.567881623397614),0.024493337180801655,25.086542496193044,20.567881623397614
2025-09-03 15:49:55.726487,1264,1,POINT (25.102970186148617 20.585936100847476),0.024409693837982444,25.102970186148617,20.585936100847476
2025-09-03 15:49:56.726487,1265,1,POINT (25.119463191266803 20.603947738335297),0.024422086373222653,25.119463191266803,20.603947738335297
2025-09-03 15:49:57.726487,1266,1,POINT (25.13512575740117 20.623433143654417),0.024999939967204003,25.13512575740117,20.623433143654417
2025-09-03 15:49:58.726487,1267,1,POINT (25.149908938139873 20.644386286830947),0.02564325723712508,25.149908938139873,20.644386286830947
2025-09-03 15:49:59.726487,1268,1,POINT (25.16384299217832 20.666845151617636),0.026430256704261156,25.16384299217832,20.666845151617636
2025-09-03 15:50:00.726487,1269,1,POINT (25.17680516441921 20.690761377917383),0.02720301067204136,25.17680516441921,20.690761377917383
2025-09-03 15:50:01.726487,1270,1,POINT (25.18881928162245 20.716169131784305),0.02810503457986274,25.18881928162245,20.716169131784305
2025-09-03 15:50:02.726487,1271,1,POINT (25.19979186859218 20.743034420197546),0.029019672402266463,25.19979186859218,20.743034420197546
2025-09-03 15:50:03.726487,1272,1,POINT (25.209707052634947 20.77136773088553),0.030018117348424345,25.209707052634947,20.77136773088553
2025-09-03 15:50:04.726487,1273,1,POINT (25.21858500045962 20.80120204315419),0.031127225159362025,25.21858500045962,20.80120204315419
2025-09-03 15:50:05.726487,1274,1,POINT (25.226378326017603 20.83250072457746),0.0322543544670798,25.226378326017603,20.83250072457746
2025-09-03 15:50:06.726487,1275,1,POINT (25.232999136667097 20.86521206105675),0.03337464109046937,25.232999136667097,20.86521206105675
2025-09-03 15:50:07.726487,1276,1,POINT (25.238475432095328 20.899345149213417),0.034569603971236915,25.238475432095328,20.899345149213417
2025-09-03 15:50:08.726487,1277,1,POINT (25.2427460672605 20.93481376129404),0.03572479205873454,25.2427460672605,20.93481376129404
2025-09-03 15:50:09.726487,1278,1,POINT (25.245655021887156 20.971487809593185),0.036789235323228385,25.245655021887156,20.971487809593185
2025-09-03 15:50:10.726487,1279,1,POINT (25.24722159682041 21.009383175492125),0.03792773277742901,25.24722159682041,21.009383175492125
2025-09-03 15:50:11.726487,1280,1,POINT (25.247374828087843 21.048420431669538),0.03903755691231488,25.247374828087843,21.048420431669538
2025-09-03 15:50:12.726487,1281,1,POINT (25.24609458555489 21.088538750598733),0.040138741069543224,25.24609458555489,21.088538750598733
2025-09-03 15:50:13.726487,1282,1,POINT (25.24458733983778 21.128159351915052),0.0396492602493215,25.24458733983778,21.128159351915052
2025-09-03 15:50:14.726487,1283,1,POINT (25.242813161509375 21.167230114367737),0.03911102385996938,25.242813161509375,21.167230114367737
2025-09-03 15:50:15.726487,1284,1,POINT (25.241418997780098 21.205010464975807),0.03780606544686642,25.241418997780098,21.205010464975807
2025-09-03 15:50:16.726487,1285,1,POINT (25.240609163602745 21.241641718452996),0.03664020418481458,25.240609163602745,21.241641718452996
2025-09-03 15:50:17.726487,1286,1,POINT (25.24035029168805 21.27706391109198),0.03542313856819313,25.24035029168805,21.27706391109198
2025-09-03 15:50:18.726487,1287,1,POINT (25.240642169260404 21.311280739642736),0.03421807342018517,25.240642169260404,21.311280739642736
2025-09-03 15:50:19.726487,1288,1,POINT (25.24171493413332 21.34447960066534),0.03321618878906477,25.24171493413332,21.34447960066534
2025-09-03 15:50:20.726487,1289,1,POINT (25.24345215102573 21.3766143793045),0.03218170164424086,25.24345215102573,21.3766143793045
2025-09-03 15:50:21.726487,1290,1,POINT (25.245896336593376 21.407717967088583),0.03119947461306582,25.245896336593376,21.407717967088583
2025-09-03 15:50:22.726487,1291,1,POINT (25.249034235782247 21.43776834043441),0.03021376093013039,25.249034235782247,21.43776834043441
2025-09-03 15:50:23.726487,1292,1,POINT (25.252933075566226 21.466878227192765),0.02936982224572405,25.252933075566226,21.466878227192765
2025-09-03 15:50:24.726487,1293,1,POINT (25.257606459867084 21.495075685546144),0.028582112910245833,25.257606459867084,21.495075685546144
2025-09-03 15:50:25.726487,1294,1,POINT (25.263079540323233 21.522384805649267),0.027852157016760175,25.263079540323233,21.522384805649267
2025-09-03 15:50:26.726487,1295,1,POINT (25.269361362093058 21.54887100527281),0.02722094883074618,25.269361362093058,21.54887100527281
2025-09-03 15:50:27.726487,1296,1,POINT (25.276427992407626 21.574509449192224),0.026594493238481197,25.276427992407626,21.574509449192224
2025-09-03 15:50:28.726487,1297,1,POINT (25.28428943890092 21.59932169881694),0.026027871069416304,25.28428943890092,21.59932169881694
2025-09-03 15:50:29.726487,1298,1,POINT (25.292972137399275 21.62333776668166),0.025537438573518572,25.292972137399275,21.62333776668166
2025-09-03 15:50:30.726487,1299,1,POINT (25.302529767418783 21.646645165035444),0.025190933083387622,25.302529767418783,21.646645165035444
2025-09-03 15:50:31.726487,1300,1,POINT (25.312915189066345 21.669218310333374),0.02484761299278269,25.312915189066345,21.669218310333374
2025-09-03 15:50:32.726487,1301,1,POINT (25.324118776888422 21.691058743146925),0.024546382331623685,25.324118776888422,21.691058743146925
2025-09-03 15:50:33.726487,1302,1,POINT (25.33609707086861 21.71210810018707),0.024218896722999414,25.33609707086861,21.71210810018707
2025-09-03 15:50:34.726487,1303,1,POINT (25.347304575447335 21.733817856047864),0.024431980239378946,25.347304575447335,21.733817856047864
2025-09-03 15:50:35.726487,1304,1,POINT (25.357753648457866 21.75616734335264),0.02467149589234003,25.357753648457866,21.75616734335264
2025-09-03 15:50:36.726487,1305,1,POINT (25.367378794011792 21.77913321918604),0.02490130277173053,25.367378794011792,21.77913321918604
2025-09-03 15:50:37.726487,1306,1,POINT (25.376249219311582 21.80273205180119),0.025210897361994458,25.376249219311582,21.80273205180119
2025-09-03 15:50:38.726487,1307,1,POINT (25.38436931766655 21.826939754537207),0.025533289428699743,25.38436931766655,21.826939754537207
2025-09-03 15:50:39.726487,1308,1,POINT (25.391748653508206 21.851758760845943),0.025892811195716046,25.391748653508206,21.851758760845943
2025-09-03 15:50:40.726487,1309,1,POINT (25.39838031440826 21.87719134027112),0.02628297971142786,25.39838031440826,21.87719134027112
2025-09-03 15:50:41.726487,1310,1,POINT (25.40424745166809 21.903184744668216),0.02664733329578426,25.40424745166809,21.903184744668216
2025-09-03 15:50:42.726487,1311,1,POINT (25.409355814889356 21.92974917233238),0.02705114030729354,25.409355814889356,21.92974917233238
2025-09-03 15:50:43.726487,1312,1,POINT (25.413663911474963 21.956823281391124),0.0274147237359003,25.413663911474963,21.956823281391124
2025-09-03 15:50:44.726487,1313,1,POINT (25.41724767247172 21.98448075030083),0.02788868819742514,25.41724767247172,21.98448075030083
2025-09-03 15:50:45.726487,1314,1,POINT (25.420006876869593 22.012584290203325),0.028238664344483633,25.420006876869593,22.012584290203325
2025-09-03 15:50:46.726487,1315,1,POINT (25.42191564101678 22.04112967821138),0.02860913415502151,25.42191564101678,22.04112967821138
2025-09-03 15:50:47.726487,1316,1,POINT (25.422991240536764 22.070111318310214),0.029001592665675216,25.422991240536764,22.070111318310214
2025-09-03 15:50:48.726487,1317,1,POINT (25.423233130543604 22.099487079043005),0.029376756618210317,25.423233130543604,22.099487079043005
2025-09-03 15:50:49.726487,1318,1,POINT (25.42268852049359 22.12933677878222),0.02985466755179078,25.42268852049359,22.12933677878222
2025-09-03 15:50:50.726487,1319,1,POINT (25.42300654275197 22.158366841218363),0.029031804339433268,25.42300654275197,22.158366841218363
2025-09-03 15:50:51.726487,1320,1,POINT (25.424267298389122 22.18665623027026),0.02831746877293448,25.424267298389122,22.18665623027026
2025-09-03 15:50:52.726487,1321,1,POINT (25.42662617602558 22.21403680785839),0.027482000159437893,25.42662617602558,22.21403680785839
2025-09-03 15:50:53.726487,1322,1,POINT (25.430136561841188 22.240551602714092),0.026746161496829363,25.430136561841188,22.240551602714092
2025-09-03 15:50:54.726487,1323,1,POINT (25.434847279178364 22.26623872286709),0.02611549347772956,25.434847279178364,22.26623872286709
2025-09-03 15:50:55.726487,1324,1,POINT (25.440691061689158 22.2909602947237),0.025402872063902134,25.440691061689158,22.2909602947237
2025-09-03 15:50:56.726487,1325,1,POINT (25.4478136774311 22.31490318282804),0.024979862805554226,25.4478136774311,22.31490318282804
2025-09-03 15:50:57.726487,1326,1,POINT (25.456195935249248 22.338002931335335),0.024573575792509454,25.456195935249248,22.338002931335335
2025-09-03 15:50:58.726487,1327,1,POINT (25.465860872264425 22.360259770512133),0.024264745983611495,25.465860872264425,22.360259770512133
2025-09-03 15:50:59.726487,1328,1,POINT (25.4768394985955 22.381686599144633),0.024075697733686677,25.4768394985955,22.381686599144633
2025-09-03 15:51:00.726487,1329,1,POINT (25.489101542665722 22.40220002434147),0.023898919182389594,25.489101542665722,22.40220002434147
2025-09-03 15:51:01.726487,1330,1,POINT (25.502702194254113 22.421851121595427),0.02389860554327837,25.502702194254113,22.421851121595427
2025-09-03 15:51:02.726487,1331,1,POINT (25.517694108745093 22.44068715218769),0.024073918430066458,25.517694108745093,22.44068715218769
2025-09-03 15:51:03.726487,1332,1,POINT (25.534047259927902 22.458625147299326),0.024273385059215263,25.534047259927902,22.458625147299326
2025-09-03 15:51:04.726487,1333,1,POINT (25.55172294160913 22.47556927134431),0.024485364251891076,25.55172294160913,22.47556927134431
2025-09-03 15:51:05.726487,1334,1,POINT (25.570754509007244 22.491537213575512),0.024843021892033877,25.570754509007244,22.491537213575512
2025-09-03 15:51:06.726487,1335,1,POINT (25.591180177368532 22.506553857639368),0.025351677004605378,25.591180177368532,22.506553857639368
2025-09-03 15:51:07.726487,1336,1,POINT (25.613014722677697 22.520607426341765),0.025966327467144727,25.613014722677697,22.520607426341765
2025-09-03 15:51:08.726487,1337,1,POINT (25.63625137714759 22.53365348794419),0.02664848652902231,25.63625137714759,22.53365348794419
2025-09-03 15:51:09.726487,1338,1,POINT (25.660909719204714 22.545687758382563),0.02743824881420065,25.660909719204714,22.545687758382563
2025-09-03 15:51:10.726487,1339,1,POINT (25.68690608981183 22.5565539034081),0.02817595415347343,25.68690608981183,22.5565539034081
2025-09-03 15:51:11.726487,1340,1,POINT (25.714340995839493 22.566367653484456),0.029137325877776576,25.714340995839493,22.566367653484456
2025-09-03 15:51:12.726487,1341,1,POINT (25.743154765541675 22.57501093944585),0.03008221595329774,25.743154765541675,22.57501093944585
2025-09-03 15:51:13.726487,1342,1,POINT (25.77334989712562 22.582457172706505),0.031099716415810205,25.77334989712562,22.582457172706505
2025-09-03 15:51:14.726487,1343,1,POINT (25.804899091617678 22.588644521033245),0.03215019366060064,25.804899091617678,22.588644521033245
2025-09-03 15:51:15.726487,1344,1,POINT (25.83774914044189 22.59350173537009),0.033207201611505366,25.83774914044189,22.59350173537009
2025-09-03 15:51:16.726487,1345,1,POINT (25.87190286053787 22.597089367018803),0.03434163212838523,25.87190286053787,22.597089367018803
2025-09-03 15:51:17.726487,1346,1,POINT (25.907295259971015 22.599357099353647),0.035464976351012076,25.907295259971015,22.599357099353647
2025-09-03 15:51:18.726487,1347,1,POINT (25.94386947288338 22.600261336436546),0.03658538908992528,25.94386947288338,22.600261336436546
2025-09-03 15:51:19.726487,1348,1,POINT (25.981573913546992 22.59976011212888),0.037707772031270945,25.981573913546992,22.59976011212888
2025-09-03 15:51:20.726487,1349,1,POINT (26.020375804962796 22.597805903342994),0.03885107089158192,26.020375804962796,22.597805903342994
2025-09-03 15:51:21.726487,1350,1,POINT (26.060194286420398 22.594338727020943),0.0399691478172543,26.060194286420398,22.594338727020943
2025-09-03 15:51:22.726487,1351,1,POINT (26.100964073177995 22.5893319955466),0.04107606203515733,26.100964073177995,22.5893319955466
2025-09-03 15:51:23.726487,1352,1,POINT (26.142664389234692 22.582747900047814),0.04221690032162052,26.142664389234692,22.582747900047814
2025-09-03 15:51:24.726487,1353,1,POINT (26.185192902928858 22.574556890010218),0.04331012725068816,26.185192902928858,22.574556890010218
2025-09-03 15:51:25.726487,1354,1,POINT (26.228476805273463 22.564718192595077),0.044388018304538035,26.228476805273463,22.564718192595077
2025-09-03 15:51:26.726487,1355,1,POINT (26.272436914624485 22.553184687687406),0.045447914689335844,26.272436914624485,22.553184687687406
2025-09-03 15:51:27.726487,1356,1,POINT (26.31705003899824 22.539907237723252),0.0465469821141891,26.31705003899824,22.539907237723252
2025-09-03 15:51:28.726487,1357,1,POINT (26.36219488882157 22.524835700673254),0.04759420862479514,26.36219488882157,22.524835700673254
2025-09-03 15:51:29.726487,1358,1,POINT (26.407869183676535 22.508001702877884),0.048677763838048616,26.407869183676535,22.508001702877884
2025-09-03 15:51:30.726487,1359,1,POINT (26.45338203080007 22.49011276311028),0.04890228439755534,26.45338203080007,22.49011276311028
2025-09-03 15:51:31.726487,1360,1,POINT (26.498006384522647 22.471986436459165),0.048165305594591756,26.498006384522647,22.471986436459165
2025-09-03 15:51:32.726487,1361,1,POINT (26.54178283089926 22.453623229344966),0.04747193521316879,26.54178283089926,22.453623229344966
2025-09-03 15:51:33.726487,1362,1,POINT (26.584557304965855 22.434930791213386),0.046680433534586625,26.584557304965855,22.434930791213386
2025-09-03 15:51:34.726487,1363,1,POINT (26.626547204330492 22.41607969623489),0.04602733351543067,26.626547204330492,22.41607969623489
2025-09-03 15:51:35.726487,1364,1,POINT (26.667667032771895 22.397011032615875),0.04532608766775994,26.667667032771895,22.397011032615875
2025-09-03 15:51:36.726487,1365,1,POINT (26.707939676186637 22.37776221206953),0.044636340576220304,26.707939676186637,22.37776221206953
2025-09-03 15:51:37.726487,1366,1,POINT (26.747374069527826 22.35836956345387),0.04394480855024957,26.747374069527826,22.35836956345387
2025-09-03 15:51:38.726487,1367,1,POINT (26.78606899890114 22.338891850878476),0.04332065149989583,26.78606899890114,22.338891850878476
2025-09-03 15:51:39.726487,1368,1,POINT (26.824134466688974 22.319360497678883),0.042783800622594625,26.824134466688974,22.319360497678883
2025-09-03 15:51:40.726487,1369,1,POINT (26.86156932238383 22.299820104388118),0.042227898252841706,26.86156932238383,22.299820104388118
2025-09-03 15:51:41.726487,1370,1,POINT (26.898388141496103 22.280282067966684),0.04168165433410214,26.898388141496103,22.280282067966684
2025-09-03 15:51:42.726487,1371,1,POINT (26.934168716620803 22.261559531078777),0.04038295362864614,26.934168716620803,22.261559531078777
2025-09-03 15:51:43.726487,1372,1,POINT (26.96899179382479 22.243722428598456),0.039125553425458606,26.96899179382479,22.243722428598456
2025-09-03 15:51:44.726487,1373,1,POINT (27.00290563366703 22.226822056097948),0.03789157061274899,27.00290563366703,22.226822056097948
2025-09-03 15:51:45.726487,1374,1,POINT (27.036010923608025 22.210929847514894),0.03672223462324453,27.036010923608025,22.210929847514894
2025-09-03 15:51:46.726487,1375,1,POINT (27.068308553221712 22.19606606473273),0.03555374688071982,27.068308553221712,22.19606606473273
2025-09-03 15:51:47.726487,1376,1,POINT (27.099918479017386 22.1822776884513),0.034486326700394074,27.099918479017386,22.1822776884513
2025-09-03 15:51:48.726487,1377,1,POINT (27.13082442439295 22.16954244266103),0.03342699425458456,27.13082442439295,22.16954244266103
2025-09-03 15:51:49.726487,1378,1,POINT (27.16110732064509 22.157891149840808),0.03244697874687814,27.16110732064509,22.157891149840808
2025-09-03 15:51:50.726487,1379,1,POINT (27.190769275243216 22.14731273532187),0.031491814878088165,27.190769275243216,22.14731273532187
2025-09-03 15:51:51.726487,1380,1,POINT (27.219927380286816 22.137828413386273),0.03066182402127419,27.219927380286816,22.137828413386273
2025-09-03 15:51:52.726487,1381,1,POINT (27.248493349941782 22.12939221062444),0.029785636460670204,27.248493349941782,22.12939221062444
2025-09-03 15:51:53.726487,1382,1,POINT (27.276516268221464 22.12203109588762),0.028973607974816483,27.276516268221464,22.12203109588762
2025-09-03 15:51:54.726487,1383,1,POINT (27.3041109953022 22.115758635838077),0.028298634555989084,27.3041109953022,22.115758635838077
2025-09-03 15:51:55.726487,1384,1,POINT (27.331283943676326 22.11055215893914),0.027667246430429098,27.331283943676326,22.11055215893914
2025-09-03 15:51:56.726487,1385,1,POINT (27.358042534877633 22.10641184043363),0.02707700944354375,27.358042534877633,22.10641184043363
2025-09-03 15:51:57.726487,1386,1,POINT (27.384453446596122 22.10336419101838),0.0265861698023638,27.384453446596122,22.10336419101838
2025-09-03 15:51:58.726487,1387,1,POINT (27.410522836668058 22.101385313953475),0.02614438855970285,27.410522836668058,22.101385313953475
2025-09-03 15:51:59.726487,1388,1,POINT (27.436256718594944 22.10047874583523),0.025749845529244034,27.436256718594944,22.10047874583523
2025-09-03 15:52:00.726487,1389,1,POINT (27.46161388071015 22.100600755005015),0.02535745564472827,27.46161388071015,22.100600755005015
2025-09-03 15:52:01.726487,1390,1,POINT (27.486756147715656 22.101807791038926),0.025171224168946047,27.486756147715656,22.101807791038926
2025-09-03 15:52:02.726487,1391,1,POINT (27.511627142465773 22.104086302067174),0.024975147494383062,27.511627142465773,22.104086302067174
2025-09-03 15:52:03.726487,1392,1,POINT (27.53626542963357 22.107420943987346),0.02486292483394871,27.53626542963357,22.107420943987346
2025-09-03 15:52:04.726487,1393,1,POINT (27.560586049804492 22.111772648482585),0.024706879558376915,27.560586049804492,22.111772648482585
2025-09-03 15:52:05.726487,1394,1,POINT (27.584661734582774 22.117168958559724),0.02467303710514417,27.584661734582774,22.117168958559724
2025-09-03 15:52:06.726487,1395,1,POINT (27.608532971179415 22.12358544422491),0.024718560333165825,27.608532971179415,22.12358544422491
2025-09-03 15:52:07.726487,1396,1,POINT (27.632223808794166 22.131018958789618),0.024829678323977637,27.632223808794166,22.131018958789618
2025-09-03 15:52:08.726487,1397,1,POINT (27.655734346131172 22.13947057242592),0.024983497331881762,27.655734346131172,22.13947057242592
2025-09-03 15:52:09.726487,1398,1,POINT (27.678991437095366 22.148903823235454),0.025097380360354846,27.678991437095366,22.148903823235454
2025-09-03 15:52:10.726487,1399,1,POINT (27.701968682467978 22.15931275449254),0.025224980769625087,27.701968682467978,22.15931275449254
2025-09-03 15:52:11.726487,1400,1,POINT (27.72471804110225 22.170701315157224),0.02544076713237862,27.72471804110225,22.170701315157224
2025-09-03 15:52:12.726487,1401,1,POINT (27.747283891369435 22.18306079295617),0.025728861026940688,27.747283891369435,22.18306079295617
2025-09-03 15:52:13.726487,1402,1,POINT (27.76958509059893 22.196387475890045),0.025979683698877418,27.76958509059893,22.196387475890045
2025-09-03 15:52:14.726487,1403,1,POINT (27.791600458219893 22.21067788271719),0.02624675482362343,27.791600458219893,22.21067788271719
2025-09-03 15:52:15.726487,1404,1,POINT (27.813358831403093 22.22589997484698),0.026554451460860634,27.813358831403093,22.22589997484698
2025-09-03 15:52:16.726487,1405,1,POINT (27.83480274292433 22.242039034103982),0.026838602330072712,27.83480274292433,22.242039034103982
2025-09-03 15:52:17.726487,1406,1,POINT (27.855924570918713 22.259099819332462),0.02715146424111539,27.855924570918713,22.259099819332462
2025-09-03 15:52:18.726487,1407,1,POINT (27.876830346593206 22.277123646088786),0.027602713408180757,27.876830346593206,22.277123646088786
2025-09-03 15:52:19.726487,1408,1,POINT (27.897419608156078 22.29606207679429),0.027974664417853522,27.897419608156078,22.29606207679429
2025-09-03 15:52:20.726487,1409,1,POINT (27.917750086845725 22.31591142164729),0.028413462563431663,27.917750086845725,22.31591142164729
2025-09-03 15:52:21.726487,1410,1,POINT (27.93781301156685 22.33669957101924),0.02889062309255291,27.93781301156685,22.33669957101924
2025-09-03 15:52:22.726487,1411,1,POINT (27.957506223009844 22.35835910678046),0.02927384611440848,27.957506223009844,22.35835910678046
2025-09-03 15:52:23.726487,1412,1,POINT (27.976779842216033 22.380857207502732),0.029624937694698008,27.976779842216033,22.380857207502732
2025-09-03 15:52:24.726487,1413,1,POINT (27.995670339663693 22.404218267490663),0.030043135947829525,27.995670339663693,22.404218267490663
2025-09-03 15:52:25.726487,1414,1,POINT (28.01385796184016 22.429243286285942),0.030936081945488317,28.01385796184016,22.429243286285942
2025-09-03 15:52:26.726487,1415,1,POINT (28.031256416391866 22.45592194971908),0.031850546358994564,28.031256416391866,22.45592194971908
2025-09-03 15:52:27.726487,1416,1,POINT (28.047823392158527 22.484258453424683),0.032824108949228034,28.047823392158527,22.484258453424683
2025-09-03 15:52:28.726487,1417,1,POINT (28.06362030571976 22.514285106192382),0.03392848883302928,28.06362030571976,22.514285106192382
2025-09-03 15:52:29.726487,1418,1,POINT (28.078560973325814 22.545933549501235),0.03499782153775181,28.078560973325814,22.545933549501235
2025-09-03 15:52:30.726487,1419,1,POINT (28.09253227927914 22.579164888056123),0.036048845365573554,28.09253227927914,22.579164888056123
2025-09-03 15:52:31.726487,1420,1,POINT (28.105484754848312 22.61396587037367),0.03713320607806565,28.105484754848312,22.61396587037367
2025-09-03 15:52:32.726487,1421,1,POINT (28.11742188161366 22.65027312544372),0.03821925909975012,28.11742188161366,22.65027312544372
2025-09-03 15:52:33.726487,1422,1,POINT (28.12826318786599 22.68807551581396),0.03932625889861293,28.12826318786599,22.68807551581396
2025-09-03 15:52:34.726487,1423,1,POINT (28.13807375288716 22.72735425682032),0.04048538848867919,28.13807375288716,22.72735425682032
2025-09-03 15:52:35.726487,1424,1,POINT (28.14666630957214 22.768011605074708),0.04155540876303864,28.14666630957214,22.768011605074708
2025-09-03 15:52:36.726487,1425,1,POINT (28.153901428317393 22.809959967877074),0.04256773525872388,28.153901428317393,22.809959967877074
2025-09-03 15:52:37.726487,1426,1,POINT (28.159742890813497 22.8531662920063),0.04359941661138532,28.159742890813497,22.8531662920063
2025-09-03 15:52:38.726487,1427,1,POINT (28.164163434023305 22.897612184630063),0.04466518301085133,28.164163434023305,22.897612184630063
2025-09-03 15:52:39.726487,1428,1,POINT (28.16723079587218 22.94326594907601),0.04575669259024343,28.16723079587218,22.94326594907601
2025-09-03 15:52:40.726487,1429,1,POINT (28.168757781968818 22.9900032927294),0.046762281577297365,28.168757781968818,22.9900032927294
2025-09-03 15:52:41.726487,1430,1,POINT (28.169715419406725 23.036035796882746),0.04604246418351453,28.169715419406725,23.036035796882746
2025-09-03 15:52:42.726487,1431,1,POINT (28.170287447938396 23.081478517213004),0.04544632050733059,28.170287447938396,23.081478517213004
2025-09-03 15:52:43.726487,1432,1,POINT (28.170374525938385 23.12628017217309),0.04480173958386732,28.170374525938385,23.12628017217309
2025-09-03 15:52:44.726487,1433,1,POINT (28.170067747915574 23.170514368885083),0.04423526050008786,28.170067747915574,23.170514368885083
2025-09-03 15:52:45.726487,1434,1,POINT (28.169512371656328 23.214222226175718),0.043711385607502755,28.169512371656328,23.214222226175718
2025-09-03 15:52:46.726487,1435,1,POINT (28.168712746503505 23.25745743826568),0.0432426058979905,28.168712746503505,23.25745743826568
2025-09-03 15:52:47.726487,1436,1,POINT (28.167561551827117 23.300095564935635),0.04265366449797954,28.167561551827117,23.300095564935635
2025-09-03 15:52:48.726487,1437,1,POINT (28.166137386286472 23.34219373768953),0.042122255361079795,28.166137386286472,23.34219373768953
2025-09-03 15:52:49.726487,1438,1,POINT (28.164499942232833 23.383813284525758),0.0416517454842132,28.164499942232833,23.383813284525758
2025-09-03 15:52:50.726487,1439,1,POINT (28.162595395790316 23.424897424377146),0.04112826089783254,28.162595395790316,23.424897424377146
2025-09-03 15:52:51.726487,1440,1,POINT (28.16042371450535 23.465461058957153),0.04062172632894626,28.16042371450535,23.465461058957153
2025-09-03 15:52:52.726487,1441,1,POINT (28.157990492889915 23.505500110004334),0.04011291782192574,28.157990492889915,23.505500110004334
2025-09-03 15:52:53.726487,1442,1,POINT (28.155375356924385 23.545083853054088),0.03967003466027139,28.155375356924385,23.545083853054088
2025-09-03 15:52:54.726487,1443,1,POINT (28.15332684429266 23.583522801793112),0.03849349534874276,28.15332684429266,23.583522801793112
2025-09-03 15:52:55.726487,1444,1,POINT (28.151918920709456 23.6208553179489),0.03735905527898716,28.151918920709456,23.6208553179489
2025-09-03 15:52:56.726487,1445,1,POINT (28.151186982431984 23.65708523854652),0.03623731336829314,28.151186982431984,23.65708523854652
2025-09-03 15:52:57.726487,1446,1,POINT (28.151176246107408 23.692270637751317),0.03518540084281409,28.151176246107408,23.692270637751317
2025-09-03 15:52:58.726487,1447,1,POINT (28.15192642484813 23.72646633777079),0.034203927668688607,28.15192642484813,23.72646633777079
2025-09-03 15:52:59.726487,1448,1,POINT (28.153421827346797 23.759742137538336),0.03330938424532523,28.153421827346797,23.759742137538336
2025-09-03 15:53:00.726487,1449,1,POINT (28.155751648887126 23.792157797244432),0.032499277877996204,28.155751648887126,23.792157797244432
2025-09-03 15:53:01.726487,1450,1,POINT (28.158897045683364 23.823665858761686),0.03166467213758659,28.158897045683364,23.823665858761686
2025-09-03 15:53:02.726487,1451,1,POINT (28.162817097784014 23.854271914955845),0.03085607694169567,28.162817097784014,23.854271914955845
2025-09-03 15:53:03.726487,1452,1,POINT (28.167529466557685 23.88403773571798),0.03013653107281106,28.167529466557685,23.88403773571798
2025-09-03 15:53:04.726487,1453,1,POINT (28.173032551169403 23.912972096758015),0.02945303361351609,28.173032551169403,23.912972096758015
2025-09-03 15:53:05.726487,1454,1,POINT (28.179415271708805 23.941174371294785),0.028915521965399243,28.179415271708805,23.941174371294785
2025-09-03 15:53:06.726487,1455,1,POINT (28.186638872798206 23.968621110524772),0.02838140072402495,28.186638872798206,23.968621110524772
2025-09-03 15:53:07.726487,1456,1,POINT (28.19471784685014 23.995345612542184),0.027918968996194844,28.19471784685014,23.995345612542184
2025-09-03 15:53:08.726487,1457,1,POINT (28.203654559959062 24.02134597725586),0.027493341128994757,28.203654559959062,24.02134597725586
2025-09-03 15:53:09.726487,1458,1,POINT (28.213523194432963 24.046724276472588),0.027229543101442284,28.213523194432963,24.046724276472588
2025-09-03 15:53:10.726487,1459,1,POINT (28.22429686462 24.071459759101028),0.02697991975823771,28.22429686462,24.071459759101028
2025-09-03 15:53:11.726487,1460,1,POINT (28.235925355606014 24.09550886700733),0.026712944309840992,28.235925355606014,24.09550886700733
2025-09-03 15:53:12.726487,1461,1,POINT (28.248435134111464 24.11893435609307),0.026556507623587168,28.248435134111464,24.11893435609307
2025-09-03 15:53:13.726487,1462,1,POINT (28.261775703316008 24.14170369646689),0.026389650391017077,28.261775703316008,24.14170369646689
2025-09-03 15:53:14.726487,1463,1,POINT (28.275954741642607 24.16381467897973),0.02626672182725183,28.275954741642607,24.16381467897973
2025-09-03 15:53:15.726487,1464,1,POINT (28.290954355608328 24.185276419726033),0.026183864019319103,28.290954355608328,24.185276419726033
2025-09-03 15:53:16.726487,1465,1,POINT (28.30686535080736 24.206196459726478),0.026283223581665426,28.30686535080736,24.206196459726478
2025-09-03 15:53:17.726487,1466,1,POINT (28.32363472433912 24.226517658998475),0.02634697380155563,28.32363472433912,24.226517658998475
2025-09-03 15:53:18.726487,1467,1,POINT (28.34128767703964 24.24627654576759),0.02649604395757201,28.34128767703964,24.24627654576759
2025-09-03 15:53:19.726487,1468,1,POINT (28.359742971946886 24.265395138748882),0.02657289046561787,28.359742971946886,24.265395138748882
2025-09-03 15:53:20.726487,1469,1,POINT (28.379017454462 24.283907069629606),0.026724469333518613,28.379017454462,24.283907069629606
2025-09-03 15:53:21.726487,1470,1,POINT (28.399175929619407 24.30187901382256),0.027006571399316656,28.399175929619407,24.30187901382256
2025-09-03 15:53:22.726487,1471,1,POINT (28.420090536093678 24.319175864177414),0.02714040891681273,28.420090536093678,24.319175864177414
2025-09-03 15:53:23.726487,1472,1,POINT (28.441821405999363 24.33586748784996),0.027401478202529812,28.441821405999363,24.33586748784996
2025-09-03 15:53:24.726487,1473,1,POINT (28.464372911589283 24.351974524247247),0.027712939683038357,28.464372911589283,24.351974524247247
2025-09-03 15:53:25.726487,1474,1,POINT (28.48769260832075 24.367468346318542),0.027997620935081662,28.48769260832075,24.367468346318542
2025-09-03 15:53:26.726487,1475,1,POINT (28.511824479763252 24.38241019748547),0.028383201644847797,28.511824479763252,24.38241019748547
2025-09-03 15:53:27.726487,1476,1,POINT (28.536719200052996 24.396768058359857),0.0287383936084266,28.536719200052996,24.396768058359857
2025-09-03 15:53:28.726487,1477,1,POINT (28.562305216545656 24.410404802501514),0.028993189385572785,28.562305216545656,24.410404802501514
2025-09-03 15:53:29.726487,1478,1,POINT (28.58862657012679 24.423412808263265),0.02936020892706482,28.58862657012679,24.423412808263265
2025-09-03 15:53:30.726487,1479,1,POINT (28.61563927654266 24.43572884992978),0.02968789635931088,28.61563927654266,24.43572884992978
2025-09-03 15:53:31.726487,1480,1,POINT (28.643350979874754 24.44741570367224),0.030075256473781,28.643350979874754,24.44741570367224
2025-09-03 15:53:32.726487,1481,1,POINT (28.67173580496722 24.45841782888277),0.03044248765587389,28.67173580496722,24.45841782888277
2025-09-03 15:53:33.726487,1482,1,POINT (28.70078530519968 24.468714521887048),0.0308203723303284,28.70078530519968,24.468714521887048
2025-09-03 15:53:34.726487,1483,1,POINT (28.730482218039313 24.478344440297),0.031219256249742585,28.730482218039313,24.478344440297
2025-09-03 15:53:35.726487,1484,1,POINT (28.760804558782077 24.487237410413236),0.03159951369259551,28.760804558782077,24.487237410413236
2025-09-03 15:53:36.726487,1485,1,POINT (28.7917140266839 24.495391922797825),0.0319670342416083,28.7917140266839,24.495391922797825
2025-09-03 15:53:37.726487,1486,1,POINT (28.823203244021176 24.502816881955493),0.03235275609600106,28.823203244021176,24.502816881955493
2025-09-03 15:53:38.726487,1487,1,POINT (28.855282313232305 24.509504594950336),0.032768768462574,28.855282313232305,24.509504594950336
2025-09-03 15:53:39.726487,1488,1,POINT (28.88788018203452 24.515400078266126),0.033126692771438815,28.88788018203452,24.515400078266126
2025-09-03 15:53:40.726487,1489,1,POINT (28.921026131353454 24.52055971972505),0.033545131632442056,28.921026131353454,24.52055971972505
2025-09-03 15:53:41.726487,1490,1,POINT (28.954742137231865 24.52499111660777),0.03400597492684482,28.954742137231865,24.52499111660777
2025-09-03 15:53:42.726487,1491,1,POINT (28.988948344079656 24.52859794431484),0.03439583976329682,28.988948344079656,24.52859794431484
2025-09-03 15:53:43.726487,1492,1,POINT (29.023656505396893 24.531425998714777),0.0348231870125691,29.023656505396893,24.531425998714777
2025-09-03 15:53:44.726487,1493,1,POINT (29.058057518275685 24.534185736339424),0.03451153196894794,29.058057518275685,24.534185736339424
2025-09-03 15:53:45.726487,1494,1,POINT (29.092228560793647 24.536931669570052),0.03428119449598259,29.092228560793647,24.536931669570052
2025-09-03 15:53:46.726487,1495,1,POINT (29.126165784989922 24.53963110054604),0.034044413840487786,29.126165784989922,24.53963110054604
2025-09-03 15:53:47.726487,1496,1,POINT (29.159886370034336 24.54232558274394),0.0338280666023396,29.159886370034336,24.54232558274394
2025-09-03 15:53:48.726487,1497,1,POINT (29.193264133760422 24.54491131880671),0.033477770868753906,29.193264133760422,24.54491131880671
2025-09-03 15:53:49.726487,1498,1,POINT (29.22642670882504 24.547488244983004),0.033262545504434075,29.22642670882504,24.547488244983004
2025-09-03 15:53:50.726487,1499,1,POINT (29.259401009083863 24.550081154846694),0.03307608893324824,29.259401009083863,24.550081154846694
2025-09-03 15:53:51.726487,1500,1,POINT (29.292227178546426 24.55270891818325),0.0329311788695433,29.292227178546426,24.55270891818325
2025-09-03 15:28:51.726487,0,2,POINT (166.2535835989903 154.7563053778767),0.0001387301118916223,166.2535835989903,154.7563053778767
2025-09-03 15:28:52.726487,1,2,POINT (166.25371734903513 154.7562685408104),0.0001387301118916223,166.25371734903513,154.7562685408104
2025-09-03 15:28:53.726487,2,2,POINT (166.25396104433622 154.75620380026018),0.00025214824730217055,166.25396104433622,154.75620380026018
2025-09-03 15:28:54.726487,3,2,POINT (166.25437760431166 154.75607967167207),0.00043466092476856144,166.25437760431166,154.75607967167207
2025-09-03 15:28:55.726487,4,2,POINT (166.25502943940705 154.75588558615348),0.0006801162989635814,166.25502943940705,154.75588558615348
2025-09-03 15:28:56.726487,5,2,POINT (166.25574543904287 154.75566600137003),0.0007489145182270808,166.25574543904287,154.75566600137003
2025-09-03 15:28:57.726487,6,2,POINT (166.2565106846501 154.75544497703413),0.0007965253269291094,166.2565106846501,154.75544497703413
2025-09-03 15:28:58.726487,7,2,POINT (166.25741407456292 154.75521120294744),0.0009331471792794525,166.25741407456292,154.75521120294744
2025-09-03 15:28:59.726487,8,2,POINT (166.25839246435322 154.75495149648398),0.0010122717169475546,166.25839246435322,154.75495149648398
2025-09-03 15:29:00.726487,9,2,POINT (166.2591024425193 154.753668726907),0.0014661400969707746,166.2591024425193,154.753668726907
2025-09-03 15:29:01.726487,10,2,POINT (166.2596435268463 154.75136988494918),0.002361661829289741,166.2596435268463,154.75136988494918
2025-09-03 15:29:02.726487,11,2,POINT (166.25996063264122 154.74809156808482),0.0032936176991825486,166.25996063264122,154.74809156808482
2025-09-03 15:29:03.726487,12,2,POINT (166.26017839277443 154.74381034230154),0.004286760278226753,166.26017839277443,154.74381034230154
2025-09-03 15:29:04.726487,13,2,POINT (166.26027812361468 154.7385467653561),0.005264521678291009,166.26027812361468,154.7385467653561
2025-09-03 15:29:05.726487,14,2,POINT (166.26009313571686 154.73238252939586),0.006167011066610993,166.26009313571686,154.73238252939586
2025-09-03 15:29:06.726487,15,2,POINT (166.25979788823818 154.7252859702647),0.007102698260215009,166.25979788823818,154.7252859702647
2025-09-03 15:29:07.726487,16,2,POINT (166.259328649604 154.71728216116804),0.008017552304267261,166.259328649604,154.71728216116804
2025-09-03 15:29:08.726487,17,2,POINT (166.25870404146013 154.70839691533405),0.008907172888401755,166.25870404146013,154.70839691533405
2025-09-03 15:29:09.726487,18,2,POINT (166.2579058965717 154.69868405713663),0.009745596422284942,166.2579058965717,154.69868405713663
2025-09-03 15:29:10.726487,19,2,POINT (166.25683435561476 154.6881465729439),0.01059182576963729,166.25683435561476,154.6881465729439
2025-09-03 15:29:11.726487,20,2,POINT (166.25556966625567 154.67678537134316),0.011431375288558466,166.25556966625567,154.67678537134316
2025-09-03 15:29:12.726487,21,2,POINT (166.2540371719125 154.6646320834336),0.012249528396012961,166.2540371719125,154.6646320834336
2025-09-03 15:29:13.726487,22,2,POINT (166.25232292864035 154.65169747709731),0.013047707502487176,166.25232292864035,154.65169747709731
2025-09-03 15:29:14.726487,23,2,POINT (166.25037230753372 154.63801823605533),0.013817617674054386,166.25037230753372,154.63801823605533
2025-09-03 15:29:15.726487,24,2,POINT (166.24818394035464 154.62356507255768),0.014617896086656071,166.24818394035464,154.62356507255768
2025-09-03 15:29:16.726487,25,2,POINT (166.24611982609878 154.60935111906363),0.01436304430099165,166.24611982609878,154.60935111906363
2025-09-03 15:29:17.726487,26,2,POINT (166.2440711836195 154.59539422384708),0.014106447465386937,166.2440711836195,154.59539422384708
2025-09-03 15:29:18.726487,27,2,POINT (166.24215603107402 154.58169146851714),0.013835942790600922,166.24215603107402,154.58169146851714
2025-09-03 15:29:19.726487,28,2,POINT (166.2403259459584 154.56820983960148),0.01360527580572501,166.2403259459584,154.56820983960148
2025-09-03 15:29:20.726487,29,2,POINT (166.23872271039835 154.55492429502334),0.013381930316614865,166.23872271039835,154.55492429502334
2025-09-03 15:29:21.726487,30,2,POINT (166.23724200427384 154.54187148342723),0.01313652850606813,166.23724200427384,154.54187148342723
2025-09-03 15:29:22.726487,31,2,POINT (166.23577669331712 154.52906436020953),0.012890676526589753,166.23577669331712,154.52906436020953
2025-09-03 15:29:23.726487,32,2,POINT (166.23442084126074 154.51645761441858),0.012679446921547736,166.23442084126074,154.51645761441858
2025-09-03 15:29:24.726487,33,2,POINT (166.23321477228606 154.50405824420315),0.012457888429066706,166.23321477228606,154.50405824420315
2025-09-03 15:29:25.726487,34,2,POINT (166.23216533925358 154.49182588591626),0.01227729200388298,166.23216533925358,154.49182588591626
2025-09-03 15:29:26.726487,35,2,POINT (166.23121646324967 154.47978341344026),0.012079797556497308,166.23121646324967,154.47978341344026
2025-09-03 15:29:27.726487,36,2,POINT (166.23034062999233 154.46792289086042),0.011892816309079162,166.23034062999233,154.46792289086042
2025-09-03 15:29:28.726487,37,2,POINT (166.229635050914 154.45621145805447),0.011732668076960334,166.229635050914,154.45621145805447
2025-09-03 15:29:29.726487,38,2,POINT (166.22902364537177 154.44467568871983),0.011551960477734862,166.22902364537177,154.44467568871983
2025-09-03 15:29:30.726487,39,2,POINT (166.22854021062696 154.43329368824377),0.011392262461405327,166.22854021062696,154.43329368824377
2025-09-03 15:29:31.726487,40,2,POINT (166.2281591343591 154.42208077354215),0.011219388362457906,166.2281591343591,154.42208077354215
2025-09-03 15:29:32.726487,41,2,POINT (166.22832484000713 154.4119942473125),0.010087887278481226,166.22832484000713,154.4119942473125
2025-09-03 15:29:33.726487,42,2,POINT (166.22897531824572 154.40299616685837),0.009021561605270144,166.22897531824572,154.40299616685837
2025-09-03 15:29:34.726487,43,2,POINT (166.23010647141234 154.39509196642894),0.007984728668844702,166.23010647141234,154.39509196642894
2025-09-03 15:29:35.726487,44,2,POINT (166.23176884101224 154.38821391965652),0.007076086495385744,166.23176884101224,154.38821391965652
2025-09-03 15:29:36.726487,45,2,POINT (166.23400505901816 154.3823378097796),0.006287236138041485,166.23400505901816,154.3823378097796
2025-09-03 15:29:37.726487,46,2,POINT (166.2367157457385 154.37749272576025),0.005551816067791013,166.2367157457385,154.37749272576025
2025-09-03 15:29:38.726487,47,2,POINT (166.2400017019042 154.37360059370837),0.005093741241172096,166.2400017019042,154.37360059370837
2025-09-03 15:29:39.726487,48,2,POINT (166.24384607064988 154.37064071776476),0.004851807565684454,166.24384607064988,154.37064071776476
2025-09-03 15:29:40.726487,49,2,POINT (166.24821213854815 154.3686241688582),0.004809263809038053,166.24821213854815,154.3686241688582
2025-09-03 15:29:41.726487,50,2,POINT (166.25313988818655 154.36751499382567),0.005051038086523166,166.25313988818655,154.36751499382567
2025-09-03 15:29:42.726487,51,2,POINT (166.25853050682173 154.36732457134207),0.005393980903948316,166.25853050682173,154.36732457134207
2025-09-03 15:29:43.726487,52,2,POINT (166.2644190686134 154.36803139911004),0.005930831768632835,166.2644190686134,154.36803139911004
2025-09-03 15:29:44.726487,53,2,POINT (166.2707050090778 154.36963852496868),0.006488135406077932,166.2707050090778,154.36963852496868
2025-09-03 15:29:45.726487,54,2,POINT (166.27742506255223 154.37212261134775),0.007164482105344823,166.27742506255223,154.37212261134775
2025-09-03 15:29:46.726487,55,2,POINT (166.2846928354031 154.37543074330424),0.007985252610489192,166.2846928354031,154.37543074330424
2025-09-03 15:29:47.726487,56,2,POINT (166.292430236831 154.37956967952374),0.008774860334252866,166.292430236831,154.37956967952374
2025-09-03 15:29:48.726487,57,2,POINT (166.30059747135206 154.38454710121786),0.009564436546040377,166.30059747135206,154.38454710121786
2025-09-03 15:29:49.726487,58,2,POINT (166.30918185398278 154.39033980889033),0.010356016962578665,166.30918185398278,154.39033980889033
2025-09-03 15:29:50.726487,59,2,POINT (166.31814289459476 154.39691713292623),0.011115819372533512,166.31814289459476,154.39691713292623
2025-09-03 15:29:51.726487,60,2,POINT (166.3270695696008 154.40334715321097),0.011001394799107308,166.3270695696008,154.40334715321097
2025-09-03 15:29:52.726487,61,2,POINT (166.33584791362415 154.40966180149337),0.010813607479584151,166.33584791362415,154.40966180149337
2025-09-03 15:29:53.726487,62,2,POINT (166.34465459727394 154.41577572859444),0.010720903949982036,166.34465459727394,154.41577572859444
2025-09-03 15:29:54.726487,63,2,POINT (166.35345537020112 154.42171690332427),0.010618434973479352,166.35345537020112,154.42171690332427
2025-09-03 15:29:55.726487,64,2,POINT (166.3621975803213 154.42752146986896),0.010493771036053206,166.3621975803213,154.42752146986896
2025-09-03 15:29:56.726487,65,2,POINT (166.3708620046289 154.4332126755446),0.010366391398388155,166.3708620046289,154.4332126755446
2025-09-03 15:29:57.726487,66,2,POINT (166.37947720809734 154.4387821816799),0.010258709928340442,166.37947720809734,154.4387821816799
2025-09-03 15:29:58.726487,67,2,POINT (166.388049335106 154.44421526689547),0.010148880549698838,166.388049335106,154.44421526689547
2025-09-03 15:29:59.726487,68,2,POINT (166.39671392534902 154.44947057152464),0.010133772783371818,166.39671392534902,154.44947057152464
2025-09-03 15:30:00.726487,69,2,POINT (166.40528277878485 154.45461000277461),0.009991946896274655,166.40528277878485,154.45461000277461
2025-09-03 15:30:01.726487,70,2,POINT (166.41376152990708 154.45963258287168),0.009854721275817685,166.41376152990708,154.45963258287168
2025-09-03 15:30:02.726487,71,2,POINT (166.42228830709124 154.46449809588435),0.009817288119679215,166.42228830709124,154.46449809588435
2025-09-03 15:30:03.726487,72,2,POINT (166.4306732118464 154.46926242304625),0.009643932862617813,166.4306732118464,154.46926242304625
2025-09-03 15:30:04.726487,73,2,POINT (166.43908445569215 154.47390382609024),0.00960685407662381,166.43908445569215,154.47390382609024
2025-09-03 15:30:05.726487,74,2,POINT (166.44734032688942 154.47849033629663),0.009444336138616,166.44734032688942,154.47849033629663
2025-09-03 15:30:06.726487,75,2,POINT (166.4555465322519 154.4829917103824),0.009359710204454103,166.4555465322519,154.4829917103824
2025-09-03 15:30:07.726487,76,2,POINT (166.4636495571152 154.48739013087854),0.009219821841871595,166.4636495571152,154.48739013087854
2025-09-03 15:30:08.726487,77,2,POINT (166.4716955064273 154.491686891157),0.009121373209312205,166.4716955064273,154.491686891157
2025-09-03 15:30:09.726487,78,2,POINT (166.47975552903443 154.49588343127405),0.00908707397249594,166.47975552903443,154.49588343127405
2025-09-03 15:30:10.726487,79,2,POINT (166.4878122839674 154.49996607835794),0.009032126397558352,166.4878122839674,154.49996607835794
2025-09-03 15:30:11.726487,80,2,POINT (166.49575816392877 154.50398208155363),0.00890310563950892,166.49575816392877,154.50398208155363
2025-09-03 15:30:12.726487,81,2,POINT (166.50365369578506 154.50790283757314),0.008815426878957764,166.50365369578506,154.50790283757314
2025-09-03 15:30:13.726487,82,2,POINT (166.5114016195984 154.51176092809317),0.008655355907057074,166.5114016195984,154.51176092809317
2025-09-03 15:30:14.726487,83,2,POINT (166.51921039277605 154.51547386686573),0.008646551501548328,166.51921039277605,154.51547386686573
2025-09-03 15:30:15.726487,84,2,POINT (166.52706010802905 154.51905372825493),0.00862748150499813,166.52706010802905,154.51905372825493
2025-09-03 15:30:16.726487,85,2,POINT (166.53490150419177 154.52253598232355),0.008579836081130582,166.53490150419177,154.52253598232355
2025-09-03 15:30:17.726487,86,2,POINT (166.5427558167629 154.52591741978412),0.008551277405449968,166.5427558167629,154.52591741978412
2025-09-03 15:30:18.726487,87,2,POINT (166.55069588216307 154.52916856987227),0.00857989600487822,166.55069588216307,154.52916856987227
2025-09-03 15:30:19.726487,88,2,POINT (166.5586991337215 154.53231504738744),0.008599555585078512,166.5586991337215,154.53231504738744
2025-09-03 15:30:20.726487,89,2,POINT (166.56673801204067 154.53536274804844),0.00859721140543254,166.56673801204067,154.53536274804844
2025-09-03 15:30:21.726487,90,2,POINT (166.57466652382794 154.5372670265087),0.008153991391645712,166.57466652382794,154.5372670265087
2025-09-03 15:30:22.726487,91,2,POINT (166.58231548781745 154.53809603240424),0.007693757267270986,166.58231548781745,154.53809603240424
2025-09-03 15:30:23.726487,92,2,POINT (166.58965571507173 154.537886960707),0.007343204145261809,166.58965571507173,154.537886960707
2025-09-03 15:30:24.726487,93,2,POINT (166.59675269255612 154.53663663818867),0.007206274752869768,166.59675269255612,154.53663663818867
2025-09-03 15:30:25.726487,94,2,POINT (166.6037568786539 154.53431871031086),0.007377764738671461,166.6037568786539,154.53431871031086
2025-09-03 15:30:26.726487,95,2,POINT (166.61041330796405 154.53101591191015),0.007430782491544035,166.61041330796405,154.53101591191015
2025-09-03 15:30:27.726487,96,2,POINT (166.61680722366037 154.52672676934623),0.007699279308175217,166.61680722366037,154.52672676934623
2025-09-03 15:30:28.726487,97,2,POINT (166.6229972013662 154.52145081796047),0.008133356442659433,166.6229972013662,154.52145081796047
2025-09-03 15:30:29.726487,98,2,POINT (166.6290628704919 154.5152087068804),0.008703809090198326,166.6290628704919,154.5152087068804
2025-09-03 15:30:30.726487,99,2,POINT (166.63483976909086 154.50802343961024),0.009219578253163562,166.63483976909086,154.50802343961024
2025-09-03 15:30:31.726487,100,2,POINT (166.64029115944865 154.49995417509913),0.00973810487637265,166.64029115944865,154.49995417509913
2025-09-03 15:30:32.726487,101,2,POINT (166.64551393298217 154.49095086309038),0.010408505680906668,166.64551393298217,154.49095086309038
2025-09-03 15:30:33.726487,102,2,POINT (166.65034293374927 154.48108495519253),0.010984324606341618,166.65034293374927,154.48108495519253
2025-09-03 15:30:34.726487,103,2,POINT (166.65491916973605 154.47032956621032),0.011688469872706924,166.65491916973605,154.47032956621032
2025-09-03 15:30:35.726487,104,2,POINT (166.65924965778595 154.45870461957244),0.012405342038166959,166.65924965778595,154.45870461957244
2025-09-03 15:30:36.726487,105,2,POINT (166.66323463791434 154.44627340207427),0.013054318638313987,166.66323463791434,154.44627340207427
2025-09-03 15:30:37.726487,106,2,POINT (166.66724439323733 154.4340005336661),0.012911291055282556,166.66724439323733,154.4340005336661
2025-09-03 15:30:38.726487,107,2,POINT (166.67137419211554 154.4218699899902),0.01281426270401843,166.67137419211554,154.4218699899902
2025-09-03 15:30:39.726487,108,2,POINT (166.67551276949092 154.40991649830335),0.012649655576327867,166.67551276949092,154.40991649830335
2025-09-03 15:30:40.726487,109,2,POINT (166.67953111053023 154.39818086503647),0.012404521469324702,166.67953111053023,154.39818086503647
2025-09-03 15:30:41.726487,110,2,POINT (166.6835017296655 154.38662754809982),0.012216584979272043,166.6835017296655,154.38662754809982
2025-09-03 15:30:42.726487,111,2,POINT (166.6874410739107 154.37523959097268),0.012050062265887633,166.6874410739107,154.37523959097268
2025-09-03 15:30:43.726487,112,2,POINT (166.69136041827494 154.36402433780705),0.011880368841696713,166.69136041827494,154.36402433780705
2025-09-03 15:30:44.726487,113,2,POINT (166.69530983961283 154.3529754214649),0.011733562171834105,166.69530983961283,154.3529754214649
2025-09-03 15:30:45.726487,114,2,POINT (166.69925580611755 154.34207511678778),0.011592553373184093,166.69925580611755,154.34207511678778
2025-09-03 15:30:46.726487,115,2,POINT (166.70320567510993 154.33134059829266),0.01143815336403485,166.70320567510993,154.33134059829266
2025-09-03 15:30:47.726487,116,2,POINT (166.70713194827286 154.32076649980058),0.011279502642846863,166.70713194827286,154.32076649980058
2025-09-03 15:30:48.726487,117,2,POINT (166.711138437722 154.31031353167933),0.011194485260617882,166.711138437722,154.31031353167933
2025-09-03 15:30:49.726487,118,2,POINT (166.7152436466748 154.29996721137437),0.011130996559106382,166.7152436466748,154.29996721137437
2025-09-03 15:30:50.726487,119,2,POINT (166.7193296455 154.28975675073494),0.010997676703239935,166.7193296455,154.28975675073494
2025-09-03 15:30:51.726487,120,2,POINT (166.72343102073836 154.2796550153223),0.010902583968609532,166.72343102073836,154.2796550153223
2025-09-03 15:30:52.726487,121,2,POINT (166.72754111169024 154.26968151033665),0.010787198400491985,166.72754111169024,154.26968151033665
2025-09-03 15:30:53.726487,122,2,POINT (166.7317226685162 154.25982228177836),0.010709332624092557,166.7317226685162,154.25982228177836
2025-09-03 15:30:54.726487,123,2,POINT (166.73587090163298 154.25008955541907),0.010579877143707506,166.73587090163298,154.25008955541907
2025-09-03 15:30:55.726487,124,2,POINT (166.7404493472758 154.24146819579641),0.009761660014950305,166.7404493472758,154.24146819579641
2025-09-03 15:30:56.726487,125,2,POINT (166.74546760478313 154.2339169423614),0.00906666073313212,166.74546760478313,154.2339169423614
2025-09-03 15:30:57.726487,126,2,POINT (166.75105011202007 154.22735496209717),0.008615333541918842,166.75105011202007,154.22735496209717
2025-09-03 15:30:58.726487,127,2,POINT (166.75709118608674 154.22180909146098),0.008200686373243608,166.75709118608674,154.22180909146098
2025-09-03 15:30:59.726487,128,2,POINT (166.76362541312935 154.2172476641429),0.007968860785745853,166.76362541312935,154.2172476641429
2025-09-03 15:31:00.726487,129,2,POINT (166.77064322525675 154.21364374672112),0.007889100572209751,166.77064322525675,154.21364374672112
2025-09-03 15:31:01.726487,130,2,POINT (166.77823293208218 154.21095387230423),0.008052271361210539,166.77823293208218,154.21095387230423
2025-09-03 15:31:02.726487,131,2,POINT (166.7863016697682 154.20918703152049),0.00825991853475888,166.7863016697682,154.20918703152049
2025-09-03 15:31:03.726487,132,2,POINT (166.79481111345135 154.20835132030612),0.008550382741758334,166.79481111345135,154.20835132030612
2025-09-03 15:31:04.726487,133,2,POINT (166.80373838718333 154.20843395107985),0.00892765613868214,166.80373838718333,154.20843395107985
2025-09-03 15:31:05.726487,134,2,POINT (166.81302238820098 154.20945927646218),0.009340447903357004,166.81302238820098,154.20945927646218
2025-09-03 15:31:06.726487,135,2,POINT (166.82267536515826 154.21139843989516),0.009845827489736909,166.82267536515826,154.21139843989516
2025-09-03 15:31:07.726487,136,2,POINT (166.8327279338867 154.21422545946845),0.010442517785849014,166.8327279338867,154.21422545946845
2025-09-03 15:31:08.726487,137,2,POINT (166.8431307625006 154.2179260591166),0.011041434731325179,166.8431307625006,154.2179260591166
2025-09-03 15:31:09.726487,138,2,POINT (166.85353750738983 154.2214916726539),0.011000633576612576,166.85353750738983,154.2214916726539
2025-09-03 15:31:10.726487,139,2,POINT (166.86395247216174 154.22494855936145),0.010973675633483643,166.86395247216174,154.22494855936145
2025-09-03 15:31:11.726487,140,2,POINT (166.8742821243008 154.22831129720848),0.01086322784175505,166.8742821243008,154.22831129720848
2025-09-03 15:31:12.726487,141,2,POINT (166.88447411769494 154.23162171979467),0.010716138625698835,166.88447411769494,154.23162171979467
2025-09-03 15:31:13.726487,142,2,POINT (166.8946602812258 154.2348095637183),0.010673344197538683,166.8946602812258,154.2348095637183
2025-09-03 15:31:14.726487,143,2,POINT (166.90479368545647 154.2379199254195),0.01060001090632565,166.90479368545647,154.2379199254195
2025-09-03 15:31:15.726487,144,2,POINT (166.91486769872233 154.2409400432195),0.010516979357526329,166.91486769872233,154.2409400432195
2025-09-03 15:31:16.726487,145,2,POINT (166.92489649279693 154.2438687347636),0.010447676524051167,166.92489649279693,154.2438687347636
2025-09-03 15:31:17.726487,146,2,POINT (166.93490898246932 154.24668147361612),0.010400069677278691,166.93490898246932,154.24668147361612
2025-09-03 15:31:18.726487,147,2,POINT (166.94486475439453 154.24942166207435),0.010325987963064704,166.94486475439453,154.24942166207435
2025-09-03 15:31:19.726487,148,2,POINT (166.9547861009691 154.2520562705875),0.010265197507613913,166.9547861009691,154.2520562705875
2025-09-03 15:31:20.726487,149,2,POINT (166.96487111399327 154.25452240229987),0.01038216226613497,166.96487111399327,154.25452240229987
2025-09-03 15:31:21.726487,150,2,POINT (166.9748836072354 154.25689605905114),0.010290008129081261,166.9748836072354,154.25689605905114
2025-09-03 15:31:22.726487,151,2,POINT (166.9848777816394 154.25917463116107),0.010250629877120162,166.9848777816394,154.25917463116107
2025-09-03 15:31:23.726487,152,2,POINT (166.99491857950954 154.26135325491597),0.010274435426560653,166.99491857950954,154.26135325491597
2025-09-03 15:31:24.726487,153,2,POINT (167.00489411669298 154.26348026180386),0.010199779428950754,167.00489411669298,154.26348026180386
2025-09-03 15:31:25.726487,154,2,POINT (167.0147833673936 154.26552114409685),0.010097647248411128,167.0147833673936,154.26552114409685
2025-09-03 15:31:26.726487,155,2,POINT (167.02466801924666 154.26744642071083),0.01007040378022298,167.02466801924666,154.26744642071083
2025-09-03 15:31:27.726487,156,2,POINT (167.03468018763812 154.26923571206936),0.010170795419463443,167.03468018763812,154.26923571206936
2025-09-03 15:31:28.726487,157,2,POINT (167.04477975294995 154.27090705637357),0.01023692391645125,167.04477975294995,154.27090705637357
2025-09-03 15:31:29.726487,158,2,POINT (167.0548536486636 154.27252567045105),0.01020310180196199,167.0548536486636,154.27252567045105
2025-09-03 15:31:30.726487,159,2,POINT (167.06491841522268 154.27405182187331),0.010179816503872875,167.06491841522268,154.27405182187331
2025-09-03 15:31:31.726487,160,2,POINT (167.07493537950057 154.2755017947413),0.010121363280829715,167.07493537950057,154.2755017947413
2025-09-03 15:31:32.726487,161,2,POINT (167.0849349570314 154.2768791784426),0.010093995079045912,167.0849349570314,154.2768791784426
2025-09-03 15:31:33.726487,162,2,POINT (167.09500063548282 154.27816324165823),0.010147250909922407,167.09500063548282,154.27816324165823
2025-09-03 15:31:34.726487,163,2,POINT (167.10509722322686 154.27935984076657),0.010167248078967498,167.10509722322686,154.27935984076657
2025-09-03 15:31:35.726487,164,2,POINT (167.11513374672475 154.28049333386198),0.010100327248213298,167.11513374672475,154.28049333386198
2025-09-03 15:31:36.726487,165,2,POINT (167.1250983217324 154.28158214042222),0.010023884217635256,167.1250983217324,154.28158214042222
2025-09-03 15:31:37.726487,166,2,POINT (167.13509131019447 154.2826095690399),0.010045667124066609,167.13509131019447,154.2826095690399
2025-09-03 15:31:38.726487,167,2,POINT (167.14501158284818 154.28359802955563),0.009969396356612691,167.14501158284818,154.28359802955563
2025-09-03 15:31:39.726487,168,2,POINT (167.15494985611184 154.28454578939372),0.009983362368150592,167.15494985611184,154.28454578939372
2025-09-03 15:31:40.726487,169,2,POINT (167.16486736896834 154.28541756645103),0.009955754943577729,167.16486736896834,154.28541756645103
2025-09-03 15:31:41.726487,170,2,POINT (167.174776399244 154.28625034387565),0.009943962954613259,167.174776399244,154.28625034387565
2025-09-03 15:31:42.726487,171,2,POINT (167.18468961469625 154.28702395167997),0.009943355049367806,167.18468961469625,154.28702395167997
2025-09-03 15:31:43.726487,172,2,POINT (167.1946049449554 154.28775725832108),0.009942409807364551,167.1946049449554,154.28775725832108
2025-09-03 15:31:44.726487,173,2,POINT (167.2045596639956 154.28843989892042),0.009978097481867395,167.2045596639956,154.28843989892042
2025-09-03 15:31:45.726487,174,2,POINT (167.2145063669397 154.28906144023878),0.009966103203782202,167.2145063669397,154.28906144023878
2025-09-03 15:31:46.726487,175,2,POINT (167.22447200818453 154.28962649697544),0.00998164788681481,167.22447200818453,154.28962649697544
2025-09-03 15:31:47.726487,176,2,POINT (167.234433664617 154.2901514832889),0.009975480414887664,167.234433664617,154.2901514832889
2025-09-03 15:31:48.726487,177,2,POINT (167.24443348421843 154.29060539291243),0.010010116183518006,167.24443348421843,154.29060539291243
2025-09-03 15:31:49.726487,178,2,POINT (167.25445766011546 154.29098983695988),0.010031545226943763,167.25445766011546,154.29098983695988
2025-09-03 15:31:50.726487,179,2,POINT (167.26445590895676 154.2913337812544),0.010004163011979901,167.26445590895676,154.2913337812544
2025-09-03 15:31:51.726487,180,2,POINT (167.27450421801655 154.2916201726061),0.01005238951529682,167.27450421801655,154.2916201726061
2025-09-03 15:31:52.726487,181,2,POINT (167.28465249976702 154.29183633668427),0.010150583697291066,167.28465249976702,154.29183633668427
2025-09-03 15:31:53.726487,182,2,POINT (167.29473458524757 154.29201681901694),0.010083700784408223,167.29473458524757,154.29201681901694
2025-09-03 15:31:54.726487,183,2,POINT (167.3048309222158 154.29213829393228),0.010097067709559582,167.3048309222158,154.29213829393228
2025-09-03 15:31:55.726487,184,2,POINT (167.31476215065194 154.292261492928),0.00993199256157334,167.31476215065194,154.292261492928
2025-09-03 15:31:56.726487,185,2,POINT (167.32464608223478 154.2923599741161),0.009884422192448053,167.32464608223478,154.2923599741161
2025-09-03 15:31:57.726487,186,2,POINT (167.33444041995384 154.2924458392692),0.009794714093809376,167.33444041995384,154.2924458392692
2025-09-03 15:31:58.726487,187,2,POINT (167.34421974675564 154.2925096706291),0.009779535118757567,167.34421974675564,154.2925096706291
2025-09-03 15:31:59.726487,188,2,POINT (167.35401401717297 154.2925119839091),0.009794270690514011,167.35401401717297,154.2925119839091
2025-09-03 15:32:00.726487,189,2,POINT (167.36387846721 154.2924333853793),0.009864763162977382,167.36387846721,154.2924333853793
2025-09-03 15:32:01.726487,190,2,POINT (167.37383933738693 154.29228101861088),0.009962035450346836,167.37383933738693,154.29228101861088
2025-09-03 15:32:02.726487,191,2,POINT (167.38379594450362 154.29207791076766),0.009958678530414405,167.38379594450362,154.29207791076766
2025-09-03 15:32:03.726487,192,2,POINT (167.39377475332196 154.2918334374776),0.009981803074727886,167.39377475332196,154.2918334374776
2025-09-03 15:32:04.726487,193,2,POINT (167.40372991452162 154.29155658141403),0.009959010181291946,167.40372991452162,154.29155658141403
2025-09-03 15:32:05.726487,194,2,POINT (167.4136873699122 154.29124448909877),0.009962345078773782,167.4136873699122,154.29124448909877
2025-09-03 15:32:06.726487,195,2,POINT (167.42364216301192 154.29088890105103),0.009961141928413257,167.42364216301192,154.29088890105103
2025-09-03 15:32:07.726487,196,2,POINT (167.43354114423522 154.2905102840999),0.009906219261401616,167.43354114423522,154.2905102840999
2025-09-03 15:32:08.726487,197,2,POINT (167.4433620029629 154.29010551116303),0.009829196675197653,167.4433620029629,154.29010551116303
2025-09-03 15:32:09.726487,198,2,POINT (167.4532390850294 154.28965617711395),0.00988729746875578,167.4532390850294,154.28965617711395
2025-09-03 15:32:10.726487,199,2,POINT (167.46314729379762 154.28915777206257),0.00992073629273294,167.46314729379762,154.28915777206257
2025-09-03 15:32:11.726487,200,2,POINT (167.4729907303901 154.28861891793616),0.009858174664709375,167.4729907303901,154.28861891793616
2025-09-03 15:32:12.726487,201,2,POINT (167.4827968738633 154.28802877648425),0.009823885013066,167.4827968738633,154.28802877648425
2025-09-03 15:32:13.726487,202,2,POINT (167.49265516755008 154.28739738650674),0.009878492178399836,167.49265516755008,154.28739738650674
2025-09-03 15:32:14.726487,203,2,POINT (167.5025102047249 154.2867361720793),0.009877194046695556,167.5025102047249,154.2867361720793
2025-09-03 15:32:15.726487,204,2,POINT (167.51240934692981 154.28602812573814),0.009924431772869642,167.51240934692981,154.28602812573814
2025-09-03 15:32:16.726487,205,2,POINT (167.5224039666653 154.28529616093718),0.010021386936296391,167.5224039666653,154.28529616093718
2025-09-03 15:32:17.726487,206,2,POINT (167.53242049011263 154.2845499727281),0.010044278909612668,167.53242049011263,154.2845499727281
2025-09-03 15:32:18.726487,207,2,POINT (167.54244710939412 154.2837591033846),0.010057761606561293,167.54244710939412,154.2837591033846
2025-09-03 15:32:19.726487,208,2,POINT (167.55254647396714 154.28294095124184),0.010132449738711904,167.55254647396714,154.28294095124184
2025-09-03 15:32:20.726487,209,2,POINT (167.5627055222974 154.2820823899835),0.010195263135924212,167.5627055222974,154.2820823899835
2025-09-03 15:32:21.726487,210,2,POINT (167.5728241248527 154.28119243595535),0.010157663897004461,167.5728241248527,154.28119243595535
2025-09-03 15:32:22.726487,211,2,POINT (167.58301249387605 154.2802520729524),0.010231673662374458,167.58301249387605,154.2802520729524
2025-09-03 15:32:23.726487,212,2,POINT (167.593649701965 154.2808568867793),0.010654388564946307,167.593649701965,154.2808568867793
2025-09-03 15:32:24.726487,213,2,POINT (167.60468535690651 154.2830284807103),0.011247288570548136,167.60468535690651,154.2830284807103
2025-09-03 15:32:25.726487,214,2,POINT (167.616217295353 154.28675002154216),0.01211756867102353,167.616217295353,154.28675002154216
2025-09-03 15:32:26.726487,215,2,POINT (167.62809551645375 154.29206867765942),0.013014616375896997,167.62809551645375,154.29206867765942
2025-09-03 15:32:27.726487,216,2,POINT (167.6403360068982 154.2989885537671),0.014061091410911088,167.6403360068982,154.2989885537671
2025-09-03 15:32:28.726487,217,2,POINT (167.65295840287783 154.30751311671636),0.015231318187958537,167.65295840287783,154.30751311671636
2025-09-03 15:32:29.726487,218,2,POINT (167.66606372828733 154.3176268926957),0.016554093712704356,167.66606372828733,154.3176268926957
2025-09-03 15:32:30.726487,219,2,POINT (167.67936525489853 154.32940664110117),0.017767754013514006,167.67936525489853,154.32940664110117
2025-09-03 15:32:31.726487,220,2,POINT (167.69286215928668 154.34285909933848),0.019056102977508184,167.69286215928668,154.34285909933848
2025-09-03 15:32:32.726487,221,2,POINT (167.70661669248517 154.3579774356444),0.0204389646549639,167.70661669248517,154.3579774356444
2025-09-03 15:32:33.726487,222,2,POINT (167.7205685229675 154.3747820741819),0.021841461722702453,167.7205685229675,154.3747820741819
2025-09-03 15:32:34.726487,223,2,POINT (167.73463447145883 154.39329663799498),0.023251666180067576,167.73463447145883,154.39329663799498
2025-09-03 15:32:35.726487,224,2,POINT (167.7488492164563 154.4135139044055),0.02471430428835523,167.7488492164563,154.4135139044055
2025-09-03 15:32:36.726487,225,2,POINT (167.7631735582282 154.43541575571254),0.02617017114719689,167.7631735582282,154.43541575571254
2025-09-03 15:32:37.726487,226,2,POINT (167.77733550716187 154.45803743804208),0.026688973547486075,167.77733550716187,154.45803743804208
2025-09-03 15:32:38.726487,227,2,POINT (167.79141027359378 154.48134504365748),0.02722762438473266,167.79141027359378,154.48134504365748
2025-09-03 15:32:39.726487,228,2,POINT (167.80515104199367 154.5043298078028),0.02677887411814158,167.80515104199367,154.5043298078028
2025-09-03 15:32:40.726487,229,2,POINT (167.81853423351984 154.5269717968792),0.026301511073731947,167.81853423351984,154.5269717968792
2025-09-03 15:32:41.726487,230,2,POINT (167.83156480738978 154.54823395068016),0.024937422473778552,167.83156480738978,154.54823395068016
2025-09-03 15:32:42.726487,231,2,POINT (167.8441397396463 154.56815145799783),0.023554957418883093,167.8441397396463,154.56815145799783
2025-09-03 15:32:43.726487,232,2,POINT (167.8563934522701 154.58671347196162),0.022241893702177048,167.8563934522701,154.58671347196162
2025-09-03 15:32:44.726487,233,2,POINT (167.86837578349707 154.60395246875314),0.020994267598813805,167.86837578349707,154.60395246875314
2025-09-03 15:32:45.726487,234,2,POINT (167.87997497895515 154.61990018763257),0.019719814216467534,167.87997497895515,154.61990018763257
2025-09-03 15:32:46.726487,235,2,POINT (167.89143728368845 154.63454847334734),0.01859991140249248,167.89143728368845,154.63454847334734
2025-09-03 15:32:47.726487,236,2,POINT (167.90270098032673 154.64794742487342),0.017504364140339308,167.90270098032673,154.64794742487342
2025-09-03 15:32:48.726487,237,2,POINT (167.91381664874234 154.66012006529928),0.0164842730887086,167.91381664874234,154.66012006529928
2025-09-03 15:32:49.726487,238,2,POINT (167.92488417689574 154.67105605222605),0.015559112747481209,167.92488417689574,154.67105605222605
2025-09-03 15:32:50.726487,239,2,POINT (167.93580225929128 154.68078962010352),0.01462692267092075,167.93580225929128,154.68078962010352
2025-09-03 15:32:51.726487,240,2,POINT (167.9466756336439 154.68933067192384),0.013826779668805685,167.9466756336439,154.68933067192384
2025-09-03 15:32:52.726487,241,2,POINT (167.95742647801123 154.69669738965442),0.01303262002562728,167.95742647801123,154.69669738965442
2025-09-03 15:32:53.726487,242,2,POINT (167.96797503572995 154.7029147849235),0.012244511990164759,167.96797503572995,154.7029147849235
2025-09-03 15:32:54.726487,243,2,POINT (167.97851306003543 154.70798399299244),0.011693879882609993,167.97851306003543,154.70798399299244
2025-09-03 15:32:55.726487,244,2,POINT (167.9890545849191 154.7119291567795),0.011255579246749536,167.9890545849191,154.7119291567795
2025-09-03 15:32:56.726487,245,2,POINT (167.99959893168986 154.71686379681256),0.0116419036707045,167.99959893168986,154.71686379681256
2025-09-03 15:32:57.726487,246,2,POINT (168.01017948030005 154.7227705046003),0.012117640272860648,168.01017948030005,154.7227705046003
2025-09-03 15:32:58.726487,247,2,POINT (168.0206788022706 154.72961862041038),0.012535248381634494,168.0206788022706,154.72961862041038
2025-09-03 15:32:59.726487,248,2,POINT (168.03116828394027 154.7374036582142),0.013062773032758273,168.03116828394027,154.7374036582142
2025-09-03 15:33:00.726487,249,2,POINT (168.04173633733677 154.7461248189202),0.01370191215310433,168.04173633733677,154.7461248189202
2025-09-03 15:33:01.726487,250,2,POINT (168.05235698911721 154.75471064886344),0.013657039212635325,168.05235698911721,154.75471064886344
2025-09-03 15:33:02.726487,251,2,POINT (168.06296365174776 154.76316344329533),0.013562854635588187,168.06296365174776,154.76316344329533
2025-09-03 15:33:03.726487,252,2,POINT (168.07351421679726 154.77149565661787),0.01344396525271217,168.07351421679726,154.77149565661787
2025-09-03 15:33:04.726487,253,2,POINT (168.08398503307583 154.77971309748762),0.013310309086842402,168.08398503307583,154.77971309748762
2025-09-03 15:33:05.726487,254,2,POINT (168.0943539099709 154.78779853492833),0.013148684598564758,168.0943539099709,154.78779853492833
2025-09-03 15:33:06.726487,255,2,POINT (168.10479658298624 154.79576190852183),0.013132583093020476,168.10479658298624,154.79576190852183
2025-09-03 15:33:07.726487,256,2,POINT (168.11525812408033 154.80361345273755),0.013080160115028563,168.11525812408033,154.80361345273755
2025-09-03 15:33:08.726487,257,2,POINT (168.1256083572429 154.81136879586845),0.012933393738592968,168.1256083572429,154.81136879586845
2025-09-03 15:33:09.726487,258,2,POINT (168.13602368171973 154.81902154415377),0.01292453249740016,168.13602368171973,154.81902154415377
2025-09-03 15:33:10.726487,259,2,POINT (168.146376584886 154.82654302221414),0.012796688485032121,168.146376584886,154.82654302221414
2025-09-03 15:33:11.726487,260,2,POINT (168.1567392966439 154.83395804009558),0.012742381455570481,168.1567392966439,154.83395804009558
2025-09-03 15:33:12.726487,261,2,POINT (168.16714693244396 154.84022658211012),0.01214962970359642,168.16714693244396,154.84022658211012
2025-09-03 15:33:13.726487,262,2,POINT (168.17759412947564 154.8453953555883),0.0116559060174423,168.17759412947564,154.8453953555883
2025-09-03 15:33:14.726487,263,2,POINT (168.18808427289522 154.84942837870184),0.011238700298431098,168.18808427289522,154.84942837870184
2025-09-03 15:33:15.726487,264,2,POINT (168.19866383770812 154.8523896752848),0.010986194476822597,168.19866383770812,154.8523896752848
2025-09-03 15:33:16.726487,265,2,POINT (168.20930792890871 154.8542677621619),0.010808509971517619,168.20930792890871,154.8542677621619
2025-09-03 15:33:17.726487,266,2,POINT (168.22008835929066 154.85508762627725),0.010811561237284384,168.22008835929066,154.85508762627725
2025-09-03 15:33:18.726487,267,2,POINT (168.23103898685335 154.85487328046923),0.010952725146839962,168.23103898685335,154.85487328046923
2025-09-03 15:33:19.726487,268,2,POINT (168.24201194159932 154.85361950215741),0.011044351312423015,168.24201194159932,154.85361950215741
2025-09-03 15:33:20.726487,269,2,POINT (168.25307796859275 154.85134393714108),0.011297572728818537,168.25307796859275,154.85134393714108
2025-09-03 15:33:21.726487,270,2,POINT (168.26423562201254 154.8480520039454),0.011633144630787651,168.26423562201254,154.8480520039454
2025-09-03 15:33:22.726487,271,2,POINT (168.27551773119697 154.84376385737266),0.012069556275144736,168.27551773119697,154.84376385737266
2025-09-03 15:33:23.726487,272,2,POINT (168.28687989228203 154.8384954033533),0.012524189086601342,168.28687989228203,154.8384954033533
2025-09-03 15:33:24.726487,273,2,POINT (168.2983109755814 154.8322807519296),0.013011208925960005,168.2983109755814,154.8322807519296
2025-09-03 15:33:25.726487,274,2,POINT (168.30991443268658 154.8251082564729),0.013641294215304436,168.30991443268658,154.8251082564729
2025-09-03 15:33:26.726487,275,2,POINT (168.32157544826853 154.81701216145652),0.014195986718675245,168.32157544826853,154.81701216145652
2025-09-03 15:33:27.726487,276,2,POINT (168.33317532818748 154.80800475497074),0.014686408197174651,168.33317532818748,154.80800475497074
2025-09-03 15:33:28.726487,277,2,POINT (168.34479685657286 154.7980798756242),0.015282773048607395,168.34479685657286,154.7980798756242
2025-09-03 15:33:29.726487,278,2,POINT (168.35632210494614 154.78724963203348),0.015815357292852626,168.35632210494614,154.78724963203348
2025-09-03 15:33:30.726487,279,2,POINT (168.3677749520751 154.77552319737237),0.016391368985560654,168.3677749520751,154.77552319737237
2025-09-03 15:33:31.726487,280,2,POINT (168.37916683078703 154.76290761012348),0.01699788052144671,168.37916683078703,154.76290761012348
2025-09-03 15:33:32.726487,281,2,POINT (168.3904666840452 154.74945021069217),0.017572372722829185,168.3904666840452,154.74945021069217
2025-09-03 15:33:33.726487,282,2,POINT (168.40160435209205 154.73513613079047),0.018136717810953672,168.40160435209205,154.73513613079047
2025-09-03 15:33:34.726487,283,2,POINT (168.41264429557194 154.71999016237186),0.0187424841303536,168.41264429557194,154.71999016237186
2025-09-03 15:33:35.726487,284,2,POINT (168.42358317949834 154.70400247088165),0.019371769685327753,168.42358317949834,154.70400247088165
2025-09-03 15:33:36.726487,285,2,POINT (168.43445701814838 154.6871847106162),0.02002691756943502,168.43445701814838,154.6871847106162
2025-09-03 15:33:37.726487,286,2,POINT (168.44514929144052 154.66954937873112),0.020623521494908453,168.44514929144052,154.66954937873112
2025-09-03 15:33:38.726487,287,2,POINT (168.45552323170892 154.65112165688166),0.021147093636092792,168.45552323170892,154.65112165688166
2025-09-03 15:33:39.726487,288,2,POINT (168.46570021513085 154.6319044004994),0.021745664727292342,168.46570021513085,154.6319044004994
2025-09-03 15:33:40.726487,289,2,POINT (168.47560306468327 154.6119210779692),0.022302457456590607,168.47560306468327,154.6119210779692
2025-09-03 15:33:41.726487,290,2,POINT (168.48531096255925 154.5911947370246),0.02288721237115982,168.48531096255925,154.5911947370246
2025-09-03 15:33:42.726487,291,2,POINT (168.4947371207093 154.56972900563778),0.02344419078238417,168.4947371207093,154.56972900563778
2025-09-03 15:33:43.726487,292,2,POINT (168.503890259695 154.54753723485166),0.024005304495371624,168.503890259695,154.54753723485166
2025-09-03 15:33:44.726487,293,2,POINT (168.5128230999249 154.52461001213624),0.024605958140573012,168.5128230999249,154.52461001213624
2025-09-03 15:33:45.726487,294,2,POINT (168.5215807944539 154.502034732864),0.024214467734875858,168.5215807944539,154.502034732864
2025-09-03 15:33:46.726487,295,2,POINT (168.53016706237165 154.4797942312245),0.02384038401391993,168.53016706237165,154.4797942312245
2025-09-03 15:33:47.726487,296,2,POINT (168.53876721873183 154.4578431604022),0.02357566965464999,168.53876721873183,154.4578431604022
2025-09-03 15:33:48.726487,297,2,POINT (168.54718902263795 154.4362295021606),0.023196486880961643,168.54718902263795,154.4362295021606
2025-09-03 15:33:49.726487,298,2,POINT (168.555595259558 154.41489518598695),0.022930718823288634,168.555595259558,154.41489518598695
2025-09-03 15:33:50.726487,299,2,POINT (168.56392608420495 154.39386267105655),0.022622319147150925,168.56392608420495,154.39386267105655
2025-09-03 15:33:51.726487,300,2,POINT (168.5721750058494 154.37312776019357),0.02231549320073834,168.5721750058494,154.37312776019357
2025-09-03 15:33:52.726487,301,2,POINT (168.5804196902244 154.35267849092725),0.022048751301829594,168.5804196902244,154.35267849092725
2025-09-03 15:33:53.726487,302,2,POINT (168.5885785369352 154.33251835628084),0.02174851279079074,168.5885785369352,154.33251835628084
2025-09-03 15:33:54.726487,303,2,POINT (168.59688146039224 154.31365303541946),0.02061161976013727,168.59688146039224,154.31365303541946
2025-09-03 15:33:55.726487,304,2,POINT (168.60543414275998 154.29606280442658),0.0195592587299789,168.60543414275998,154.29606280442658
2025-09-03 15:33:56.726487,305,2,POINT (168.6141530004639 154.27974415449947),0.018501805725517212,168.6141530004639,154.27974415449947
2025-09-03 15:33:57.726487,306,2,POINT (168.62308928831288 154.26466681773869),0.0175266461229229,168.62308928831288,154.26466681773869
2025-09-03 15:33:58.726487,307,2,POINT (168.6321954449095 154.2507915778949),0.016596516763624995,168.6321954449095,154.2507915778949
2025-09-03 15:33:59.726487,308,2,POINT (168.64162803956623 154.2380885100711),0.015822192455338724,168.64162803956623,154.2380885100711
2025-09-03 15:34:00.726487,309,2,POINT (168.6514915221094 154.22648781359624),0.015227095802595684,168.6514915221094,154.22648781359624
2025-09-03 15:34:01.726487,310,2,POINT (168.66157004393602 154.21602811065696),0.014525219027173106,168.66157004393602,154.21602811065696
2025-09-03 15:34:02.726487,311,2,POINT (168.6718283101099 154.20670900636497),0.013859211005649297,168.6718283101099,154.20670900636497
2025-09-03 15:34:03.726487,312,2,POINT (168.68229176688664 154.19851285184157),0.013291383550634604,168.68229176688664,154.19851285184157
2025-09-03 15:34:04.726487,313,2,POINT (168.69282785141152 154.19144830699705),0.012685301375050565,168.69282785141152,154.19144830699705
2025-09-03 15:34:05.726487,314,2,POINT (168.7036360228329 154.18547098578736),0.012350908400512605,168.7036360228329,154.18547098578736
2025-09-03 15:34:06.726487,315,2,POINT (168.71478748600134 154.18052992103225),0.012197100135324383,168.71478748600134,154.18052992103225
2025-09-03 15:34:07.726487,316,2,POINT (168.7263311227885 154.17656231900446),0.012206449775627322,168.7263311227885,154.17656231900446
2025-09-03 15:34:08.726487,317,2,POINT (168.73813973225762 154.1736154989228),0.012170743863368454,168.73813973225762,154.1736154989228
2025-09-03 15:34:09.726487,318,2,POINT (168.75016588920252 154.17167535007098),0.012181651301466968,168.75016588920252,154.17167535007098
2025-09-03 15:34:10.726487,319,2,POINT (168.76219061408074 154.16971734457354),0.01218309459557839,168.76219061408074,154.16971734457354
2025-09-03 15:34:11.726487,320,2,POINT (168.7743229983057 154.1677095037861),0.012297405076273063,168.7743229983057,154.1677095037861
2025-09-03 15:34:12.726487,321,2,POINT (168.7865007494523 154.16567045840944),0.01234728022831516,168.7865007494523,154.16567045840944
2025-09-03 15:34:13.726487,322,2,POINT (168.7986973586644 154.1636121962427),0.012369062996848134,168.7986973586644,154.1636121962427
2025-09-03 15:34:14.726487,323,2,POINT (168.81091578657038 154.16154691450555),0.012391746008816632,168.81091578657038,154.16154691450555
2025-09-03 15:34:15.726487,324,2,POINT (168.82308480393004 154.15947858071746),0.012343540341362291,168.82308480393004,154.15947858071746
2025-09-03 15:34:16.726487,325,2,POINT (168.8352266422726 154.1574203215862),0.012315058627074467,168.8352266422726,154.1574203215862
2025-09-03 15:34:17.726487,326,2,POINT (168.84739383905196 154.15534218630725),0.01234339190438338,168.84739383905196,154.15534218630725
2025-09-03 15:34:18.726487,327,2,POINT (168.8595117271085 154.15324624305174),0.012297812369729799,168.8595117271085,154.15324624305174
2025-09-03 15:34:19.726487,328,2,POINT (168.87159960247897 154.15113486449238),0.012270886292070403,168.87159960247897,154.15113486449238
2025-09-03 15:34:20.726487,329,2,POINT (168.88361123275243 154.14903219380312),0.012194280866612051,168.88361123275243,154.14903219380312
2025-09-03 15:34:21.726487,330,2,POINT (168.89570534684907 154.14691730133978),0.012277636821231386,168.89570534684907,154.14691730133978
2025-09-03 15:34:22.726487,331,2,POINT (168.9077866320515 154.14481539652797),0.012262767060522567,168.9077866320515,154.14481539652797
2025-09-03 15:34:23.726487,332,2,POINT (168.91982474518656 154.1426792549027),0.01222617147333718,168.91982474518656,154.1426792549027
2025-09-03 15:34:24.726487,333,2,POINT (168.93188663248895 154.14053212495963),0.012251501634007296,168.93188663248895,154.14053212495963
2025-09-03 15:34:25.726487,334,2,POINT (168.94383830368653 154.13840689272033),0.012139153862029965,168.94383830368653,154.13840689272033
2025-09-03 15:34:26.726487,335,2,POINT (168.9556841410185 154.13629883911383),0.012031947145140895,168.9556841410185,154.13629883911383
2025-09-03 15:34:27.726487,336,2,POINT (168.96751889499916 154.13418543408704),0.012021974987072234,168.96751889499916,154.13418543408704
2025-09-03 15:34:28.726487,337,2,POINT (168.97943619546913 154.13203615275418),0.012109560716204656,168.97943619546913,154.13203615275418
2025-09-03 15:34:29.726487,338,2,POINT (168.99135917818455 154.12985408831173),0.012121011594053467,168.99135917818455,154.12985408831173
2025-09-03 15:34:30.726487,339,2,POINT (169.00338911202093 154.1276303035773),0.012233745405747797,169.00338911202093,154.1276303035773
2025-09-03 15:34:31.726487,340,2,POINT (169.015446458099 154.12539698350716),0.012262435034782353,169.015446458099,154.12539698350716
2025-09-03 15:34:32.726487,341,2,POINT (169.02754512700943 154.12312891918006),0.01230942343068724,169.02754512700943,154.12312891918006
2025-09-03 15:34:33.726487,342,2,POINT (169.03974922823556 154.12084024201113),0.012416848630843434,169.03974922823556,154.12084024201113
2025-09-03 15:34:34.726487,343,2,POINT (169.0519486534666 154.11853421649153),0.012415463328645031,169.0519486534666,154.11853421649153
2025-09-03 15:34:35.726487,344,2,POINT (169.064080230139 154.1162364720367),0.012347258081781047,169.064080230139,154.1162364720367
2025-09-03 15:34:36.726487,345,2,POINT (169.0762298607123 154.1139029151839),0.01237170201113374,169.0762298607123,154.1139029151839
2025-09-03 15:34:37.726487,346,2,POINT (169.0883870669871 154.1115712835853),0.012378779031880246,169.0883870669871,154.1115712835853
2025-09-03 15:34:38.726487,347,2,POINT (169.1005022692706 154.10922594007062),0.012340128142443828,169.1005022692706,154.10922594007062
2025-09-03 15:34:39.726487,348,2,POINT (169.1126291438794 154.106867531072),0.012354075472567103,169.1126291438794,154.106867531072
2025-09-03 15:34:40.726487,349,2,POINT (169.12469203816605 154.10448809695092),0.012295329410293961,169.12469203816605,154.10448809695092
2025-09-03 15:34:41.726487,350,2,POINT (169.13674587567124 154.10212987256674),0.012282354043412281,169.13674587567124,154.10212987256674
2025-09-03 15:34:42.726487,351,2,POINT (169.14885895015814 154.09973265127644),0.012348005646255145,169.14885895015814,154.09973265127644
2025-09-03 15:34:43.726487,352,2,POINT (169.1610072141193 154.0973066654739),0.01238812836486248,169.1610072141193,154.0973066654739
2025-09-03 15:34:44.726487,353,2,POINT (169.17308997534573 154.09487864590972),0.012324301110359008,169.17308997534573,154.09487864590972
2025-09-03 15:34:45.726487,354,2,POINT (169.18513106383188 154.0924564349447),0.012282301001449057,169.18513106383188,154.0924564349447
2025-09-03 15:34:46.726487,355,2,POINT (169.19721607049783 154.09000124688865),0.012331882845159832,169.19721607049783,154.09000124688865
2025-09-03 15:34:47.726487,356,2,POINT (169.20933292904118 154.08753350714844),0.012365597453620843,169.20933292904118,154.08753350714844
2025-09-03 15:34:48.726487,357,2,POINT (169.22136996640643 154.0850531805999),0.012289926294312666,169.22136996640643,154.0850531805999
2025-09-03 15:34:49.726487,358,2,POINT (169.2334462411731 154.08255742803198),0.012331471652679225,169.2334462411731,154.08255742803198
2025-09-03 15:34:50.726487,359,2,POINT (169.24549882295779 154.08004705890718),0.012311242050212943,169.24549882295779,154.08004705890718
2025-09-03 15:34:51.726487,360,2,POINT (169.25749386049196 154.07754444590267),0.012253325968758874,169.25749386049196,154.07754444590267
2025-09-03 15:34:52.726487,361,2,POINT (169.26957519495258 154.07503918651128),0.012338353494996698,169.26957519495258,154.07503918651128
2025-09-03 15:34:53.726487,362,2,POINT (169.281674510548 154.07251318904025),0.012360182082027736,169.281674510548,154.07251318904025
2025-09-03 15:34:54.726487,363,2,POINT (169.2937098692071 154.06998620649512),0.012297784306006232,169.2937098692071,154.06998620649512
2025-09-03 15:34:55.726487,364,2,POINT (169.30578234127987 154.06745176446378),0.012335638546818073,169.30578234127987,154.06745176446378
2025-09-03 15:34:56.726487,365,2,POINT (169.3179354170067 154.06491644214108),0.012414713403955972,169.3179354170067,154.06491644214108
2025-09-03 15:34:57.726487,366,2,POINT (169.3302196861819 154.06236971133288),0.012545481536306588,169.3302196861819,154.06236971133288
2025-09-03 15:34:58.726487,367,2,POINT (169.34233074208387 154.05986100463434),0.012368156061443493,169.34233074208387,154.05986100463434
2025-09-03 15:34:59.726487,368,2,POINT (169.35450523369477 154.05733611827108),0.012433555289259405,169.35450523369477,154.05733611827108
2025-09-03 15:35:00.726487,369,2,POINT (169.36666779296004 154.05481957310636),0.012420179042489158,169.36666779296004,154.05481957310636
2025-09-03 15:35:01.726487,370,2,POINT (169.37880557162546 154.05231782467965),0.012392917982511313,169.37880557162546,154.05231782467965
2025-09-03 15:35:02.726487,371,2,POINT (169.39092745574058 154.0497988187341),0.012380850756471731,169.39092745574058,154.0497988187341
2025-09-03 15:35:03.726487,372,2,POINT (169.40306864221986 154.04727719214975),0.012400282648216222,169.40306864221986,154.04727719214975
2025-09-03 15:35:04.726487,373,2,POINT (169.41521007163652 154.04474997306878),0.012401658943985655,169.41521007163652,154.04474997306878
2025-09-03 15:35:05.726487,374,2,POINT (169.42734372231303 154.04219580280505),0.012399567108390797,169.42734372231303,154.04219580280505
2025-09-03 15:35:06.726487,375,2,POINT (169.4395355971745 154.0396162631673),0.012461775049363254,169.4395355971745,154.0396162631673
2025-09-03 15:35:07.726487,376,2,POINT (169.45174576660938 154.037042520902),0.012478476945377239,169.45174576660938,154.037042520902
2025-09-03 15:35:08.726487,377,2,POINT (169.46391729359027 154.03449087531445),0.012436115319947972,169.46391729359027,154.03449087531445
2025-09-03 15:35:09.726487,378,2,POINT (169.4761331576618 154.03192646843274),0.012482127930317447,169.4761331576618,154.03192646843274
2025-09-03 15:35:10.726487,379,2,POINT (169.48835951276988 154.02932794953378),0.012499442375451385,169.48835951276988,154.02932794953378
2025-09-03 15:35:11.726487,380,2,POINT (169.50062672403428 154.02670871624767),0.01254371775880356,169.50062672403428,154.02670871624767
2025-09-03 15:35:12.726487,381,2,POINT (169.51276565719434 154.02411057606673),0.0124138644532712,169.51276565719434,154.02411057606673
2025-09-03 15:35:13.726487,382,2,POINT (169.5248670289281 154.0215187945811),0.012375804180251346,169.5248670289281,154.0215187945811
2025-09-03 15:35:14.726487,383,2,POINT (169.53706083211392 154.01894210504767),0.012463072056533504,169.53706083211392,154.01894210504767
2025-09-03 15:35:15.726487,384,2,POINT (169.54938835804472 154.01631045272012),0.012605296091233127,169.54938835804472,154.01631045272012
2025-09-03 15:35:16.726487,385,2,POINT (169.56184498361634 154.01365000751142),0.012737562142731909,169.56184498361634,154.01365000751142
2025-09-03 15:35:17.726487,386,2,POINT (169.57432670174714 154.01097699718238),0.01276472763970579,169.57432670174714,154.01097699718238
2025-09-03 15:35:18.726487,387,2,POINT (169.58686310404406 154.0082898512741),0.012821159685556327,169.58686310404406,154.0082898512741
2025-09-03 15:35:19.726487,388,2,POINT (169.5994384958615 154.0055782868178),0.012864410641883288,169.5994384958615,154.0055782868178
2025-09-03 15:35:20.726487,389,2,POINT (169.61206343169883 154.00287649008445),0.012910798212540023,169.61206343169883,154.00287649008445
2025-09-03 15:35:21.726487,390,2,POINT (169.62470864760175 154.0001693277621),0.012931752126876701,169.62470864760175,154.0001693277621
2025-09-03 15:35:22.726487,391,2,POINT (169.63732378782964 153.99745287553247),0.012904296791584773,169.63732378782964,153.99745287553247
2025-09-03 15:35:23.726487,392,2,POINT (169.65003691705465 153.99470235678723),0.013007267509343898,169.65003691705465,153.99470235678723
2025-09-03 15:35:24.726487,393,2,POINT (169.6628578538137 153.99191763791688),0.013119873420371093,169.6628578538137,153.99191763791688
2025-09-03 15:35:25.726487,394,2,POINT (169.67573403312466 153.98912653177337),0.013175214121680814,169.67573403312466,153.98912653177337
2025-09-03 15:35:26.726487,395,2,POINT (169.68863733183755 153.98631508105734),0.013206035468790142,169.68863733183755,153.98631508105734
2025-09-03 15:35:27.726487,396,2,POINT (169.70152137399404 153.98350430012843),0.013187078210143366,169.70152137399404,153.98350430012843
2025-09-03 15:35:28.726487,397,2,POINT (169.7145709148444 153.9817271914462),0.01316998981295463,169.7145709148444,153.9817271914462
2025-09-03 15:35:29.726487,398,2,POINT (169.72783251912873 153.98095778334755),0.01328390518697871,169.72783251912873,153.98095778334755
2025-09-03 15:35:30.726487,399,2,POINT (169.7414138023359 153.98113268207743),0.013582409326742014,169.7414138023359,153.98113268207743
2025-09-03 15:35:31.726487,400,2,POINT (169.75521848336876 153.9822635198593),0.013850920998549104,169.75521848336876,153.9822635198593
2025-09-03 15:35:32.726487,401,2,POINT (169.76923925757748 153.9843929482895),0.014181557560832536,169.76923925757748,153.9843929482895
2025-09-03 15:35:33.726487,402,2,POINT (169.78346570181694 153.9874682501853),0.014555040276432547,169.78346570181694,153.9874682501853
2025-09-03 15:35:34.726487,403,2,POINT (169.7979251229708 153.9914938828523),0.015009349701927886,169.7979251229708,153.9914938828523
2025-09-03 15:35:35.726487,404,2,POINT (169.81251134042554 153.99647484203396),0.015413231134522793,169.81251134042554,153.99647484203396
2025-09-03 15:35:36.726487,405,2,POINT (169.8272043124994 154.00239070640689),0.015839219666436522,169.8272043124994,154.00239070640689
2025-09-03 15:35:37.726487,406,2,POINT (169.84197720255207 154.00923800045686),0.016282620069125658,169.84197720255207,154.00923800045686
2025-09-03 15:35:38.726487,407,2,POINT (169.8568885659602 154.01700373061212),0.016812356275466032,169.8568885659602,154.01700373061212
2025-09-03 15:35:39.726487,408,2,POINT (169.87189011864305 154.0256902897314),0.017335019245135353,169.87189011864305,154.0256902897314
2025-09-03 15:35:40.726487,409,2,POINT (169.88697094334228 154.03528521677345),0.017874392256835105,169.88697094334228,154.03528521677345
2025-09-03 15:35:41.726487,410,2,POINT (169.90212573069002 154.0457629199632),0.018424164667305964,169.90212573069002,154.0457629199632
2025-09-03 15:35:42.726487,411,2,POINT (169.91736907999677 154.05711421855588),0.01900556965281024,169.91736907999677,154.05711421855588
2025-09-03 15:35:43.726487,412,2,POINT (169.932670995447 154.06931841837036),0.01957271339283047,169.932670995447,154.06931841837036
2025-09-03 15:35:44.726487,413,2,POINT (169.9477545951281 154.08135709917048),0.019298829362064816,169.9477545951281,154.08135709917048
2025-09-03 15:35:45.726487,414,2,POINT (169.9627071874431 154.09321473342945),0.019083592616657406,169.9627071874431,154.09321473342945
2025-09-03 15:35:46.726487,415,2,POINT (169.97754804210228 154.1048753664742),0.018873826586557837,169.97754804210228,154.1048753664742
2025-09-03 15:35:47.726487,416,2,POINT (169.99222194483724 154.11636458066016),0.018636669876502296,169.99222194483724,154.11636458066016
2025-09-03 15:35:48.726487,417,2,POINT (170.0068385010781 154.12767497791842),0.018481580086183096,170.0068385010781,154.12767497791842
2025-09-03 15:35:49.726487,418,2,POINT (170.02129212993776 154.1388311916991),0.018258381448882612,170.02129212993776,154.1388311916991
2025-09-03 15:35:50.726487,419,2,POINT (170.0357013845413 154.14981382354674),0.018117527991718244,170.0357013845413,154.14981382354674
2025-09-03 15:35:51.726487,420,2,POINT (170.05007184951 154.16062062286687),0.017980466483439945,170.05007184951,154.16062062286687
2025-09-03 15:35:52.726487,421,2,POINT (170.06438907931826 154.1712481199063),0.01783050091010767,170.06438907931826,154.1712481199063
2025-09-03 15:35:53.726487,422,2,POINT (170.07862129345233 154.18173288675897),0.01767728076127182,170.07862129345233,154.18173288675897
2025-09-03 15:35:54.726487,423,2,POINT (170.09282747780003 154.1920664243249),0.017566948293529554,170.09282747780003,154.1920664243249
2025-09-03 15:35:55.726487,424,2,POINT (170.10700507051277 154.20224838685152),0.017454984847366226,170.10700507051277,154.20224838685152
2025-09-03 15:35:56.726487,425,2,POINT (170.1211026371753 154.21230277198757),0.017315658990310723,170.1211026371753,154.21230277198757
2025-09-03 15:35:57.726487,426,2,POINT (170.1351750066821 154.22221382261517),0.017212219731292337,170.1351750066821,154.22221382261517
2025-09-03 15:35:58.726487,427,2,POINT (170.14907606568616 154.23197204776113),0.016984180858488473,170.14907606568616,154.23197204776113
2025-09-03 15:35:59.726487,428,2,POINT (170.1628303025023 154.24055710873606),0.016213645559762933,170.1628303025023,154.24055710873606
2025-09-03 15:36:00.726487,429,2,POINT (170.17651727832808 154.24902668875242),0.016095561279715016,170.17651727832808,154.24902668875242
2025-09-03 15:36:01.726487,430,2,POINT (170.19025202810087 154.2573619475619),0.016066110006534656,170.19025202810087,154.2573619475619
2025-09-03 15:36:02.726487,431,2,POINT (170.2039594327483 154.2655673660875),0.01597566384688558,170.2039594327483,154.2655673660875
2025-09-03 15:36:03.726487,432,2,POINT (170.21759135864554 154.27364671159356),0.015846300119397715,170.21759135864554,154.27364671159356
2025-09-03 15:36:04.726487,433,2,POINT (170.2311934907255 154.2815899536375),0.01575160599080768,170.2311934907255,154.2815899536375
2025-09-03 15:36:05.726487,434,2,POINT (170.2447371580532 154.28836876400027),0.015145401764811684,170.2447371580532,154.28836876400027
2025-09-03 15:36:06.726487,435,2,POINT (170.25823226441545 154.293995277933),0.01462106544557437,170.25823226441545,154.293995277933
2025-09-03 15:36:07.726487,436,2,POINT (170.2716717325068 154.2984950388875),0.01417276088932723,170.2716717325068,154.2984950388875
2025-09-03 15:36:08.726487,437,2,POINT (170.28499744500328 154.30186583909548),0.01374543224424244,170.28499744500328,154.30186583909548
2025-09-03 15:36:09.726487,438,2,POINT (170.2983438250768 154.30413672269356),0.013538196829085934,170.2983438250768,154.30413672269356
2025-09-03 15:36:10.726487,439,2,POINT (170.31164745210086 154.3053417191229),0.013358087751980777,170.31164745210086,154.3053417191229
2025-09-03 15:36:11.726487,440,2,POINT (170.32498605958435 154.30547635860333),0.013339286989502486,170.32498605958435,154.30547635860333
2025-09-03 15:36:12.726487,441,2,POINT (170.3382372725508 154.30455869281946),0.013282949806920005,170.3382372725508,154.30455869281946
2025-09-03 15:36:13.726487,442,2,POINT (170.35146585716458 154.30261632292363),0.01337042451443804,170.35146585716458,154.30261632292363
2025-09-03 15:36:14.726487,443,2,POINT (170.36464811778208 154.29964627771685),0.013512703782661383,170.36464811778208,154.29964627771685
2025-09-03 15:36:15.726487,444,2,POINT (170.377842080083 154.29565792953974),0.013783597584818123,170.377842080083,154.29565792953974
2025-09-03 15:36:16.726487,445,2,POINT (170.390932168119 154.29068249871858),0.014003760803664646,170.390932168119,154.29068249871858
2025-09-03 15:36:17.726487,446,2,POINT (170.40396965009828 154.2847396905591),0.014328046104763166,170.40396965009828,154.2847396905591
2025-09-03 15:36:18.726487,447,2,POINT (170.41706367382974 154.27783907907232),0.014801077540896152,170.41706367382974,154.27783907907232
2025-09-03 15:36:19.726487,448,2,POINT (170.43002577437528 154.2699845803001),0.015156160513644903,170.43002577437528,154.2699845803001
2025-09-03 15:36:20.726487,449,2,POINT (170.4429717052084 154.26116864310913),0.015662626653639197,170.4429717052084,154.26116864310913
2025-09-03 15:36:21.726487,450,2,POINT (170.45585917118143 154.25143039488574),0.016153026269590885,170.45585917118143,154.25143039488574
2025-09-03 15:36:22.726487,451,2,POINT (170.46870346150484 154.24181966220775),0.01604188195069736,170.46870346150484,154.24181966220775
2025-09-03 15:36:23.726487,452,2,POINT (170.48158211379334 154.23231479275597),0.016006318379413794,170.48158211379334,154.23231479275597
2025-09-03 15:36:24.726487,453,2,POINT (170.4944969331381 154.22291472670173),0.015973534378208656,170.4944969331381,154.22291472670173
2025-09-03 15:36:25.726487,454,2,POINT (170.50727725161502 154.21362003296687),0.015802780514723343,170.50727725161502,154.21362003296687
2025-09-03 15:36:26.726487,455,2,POINT (170.5200708914847 154.20445344720602),0.0157385995446187,170.5200708914847,154.20445344720602
2025-09-03 15:36:27.726487,456,2,POINT (170.53294888277375 154.19537333164712),0.015757257318585023,170.53294888277375,154.19537333164712
2025-09-03 15:36:28.726487,457,2,POINT (170.54577621192846 154.1864204257547),0.015642726653672775,170.54577621192846,154.1864204257547
2025-09-03 15:36:29.726487,458,2,POINT (170.5585744233896 154.17757071641765),0.015559934831297197,170.5585744233896,154.17757071641765
2025-09-03 15:36:30.726487,459,2,POINT (170.57141136315468 154.16880898358662),0.01554203927208587,170.57141136315468,154.16880898358662
2025-09-03 15:36:31.726487,460,2,POINT (170.5842643564235 154.16014161634587),0.015502344688917376,170.5842643564235,154.16014161634587
2025-09-03 15:36:32.726487,461,2,POINT (170.5972599686104 154.1515655146275),0.01557033900710556,170.5972599686104,154.1515655146275
2025-09-03 15:36:33.726487,462,2,POINT (170.61022743775868 154.1430794818174),0.015497354902232335,170.61022743775868,154.1430794818174
2025-09-03 15:36:34.726487,463,2,POINT (170.62326769307654 154.13469625925637),0.01550247332727523,170.62326769307654,154.13469625925637
2025-09-03 15:36:35.726487,464,2,POINT (170.6363256859925 154.1263854368055),0.015478402656701163,170.6363256859925,154.1263854368055
2025-09-03 15:36:36.726487,465,2,POINT (170.64944781761716 154.11815126415135),0.015491673172170983,170.64944781761716,154.11815126415135
2025-09-03 15:36:37.726487,466,2,POINT (170.66258100414566 154.11001180446644),0.01545093499937302,170.66258100414566,154.11001180446644
2025-09-03 15:36:38.726487,467,2,POINT (170.67570709539655 154.1019666502545),0.015395414181515629,170.67570709539655,154.1019666502545
2025-09-03 15:36:39.726487,468,2,POINT (170.6888324019485 154.09400940091842),0.015348989839049611,170.6888324019485,154.09400940091842
2025-09-03 15:36:40.726487,469,2,POINT (170.70195994500114 154.08613775025896),0.015306706722983407,170.70195994500114,154.08613775025896
2025-09-03 15:36:41.726487,470,2,POINT (170.71514040458786 154.07834360502665),0.015312518238994094,170.71514040458786,154.07834360502665
2025-09-03 15:36:42.726487,471,2,POINT (170.72832654845874 154.0706243739296),0.015279427964199038,170.72832654845874,154.0706243739296
2025-09-03 15:36:43.726487,472,2,POINT (170.74153464672773 154.06297627174902),0.015262612058488426,170.74153464672773,154.06297627174902
2025-09-03 15:36:44.726487,473,2,POINT (170.7547958444877 154.05540646612064),0.015269620927848329,170.7547958444877,154.05540646612064
2025-09-03 15:36:45.726487,474,2,POINT (170.76804060697972 154.04790683588982),0.015220650021255586,170.76804060697972,154.04790683588982
2025-09-03 15:36:46.726487,475,2,POINT (170.78120737618406 154.04049641367587),0.015108877147861487,170.78120737618406,154.04049641367587
2025-09-03 15:36:47.726487,476,2,POINT (170.79441976999493 154.03316403951564),0.015110627420435672,170.79441976999493,154.03316403951564
2025-09-03 15:36:48.726487,477,2,POINT (170.80762467932254 154.02589520713173),0.015073339197931792,170.80762467932254,154.02589520713173
2025-09-03 15:36:49.726487,478,2,POINT (170.8209206878865 154.0187052559433),0.015115529822836175,170.8209206878865,154.0187052559433
2025-09-03 15:36:50.726487,479,2,POINT (170.83428976837624 154.0115778482328),0.015150321904580166,170.83428976837624,154.0115778482328
2025-09-03 15:36:51.726487,480,2,POINT (170.84764453642336 154.0045067979734),0.015111240232475275,170.84764453642336,154.0045067979734
2025-09-03 15:36:52.726487,481,2,POINT (170.8609612246902 153.99751327284088),0.015041395552771888,170.8609612246902,153.99751327284088
2025-09-03 15:36:53.726487,482,2,POINT (170.87428329036192 153.99059909391116),0.015009440497035719,170.87428329036192,153.99059909391116
2025-09-03 15:36:54.726487,483,2,POINT (170.8877981488747 153.98371529761755),0.015167005374584434,170.8877981488747,153.98371529761755
2025-09-03 15:36:55.726487,484,2,POINT (170.90127147633066 153.97688890974788),0.015103977094875024,170.90127147633066,153.97688890974788
2025-09-03 15:36:56.726487,485,2,POINT (170.9147138323943 153.97011864366038),0.01505102785318924,170.9147138323943,153.97011864366038
2025-09-03 15:36:57.726487,486,2,POINT (170.92806904726172 153.9634449282065),0.014929844008352462,170.92806904726172,153.9634449282065
2025-09-03 15:36:58.726487,487,2,POINT (170.94139805814194 153.95683783611324),0.01487669980117369,170.94139805814194,153.95683783611324
2025-09-03 15:36:59.726487,488,2,POINT (170.95466170672697 153.95031384612915),0.01478129964176042,170.95466170672697,153.95031384612915
2025-09-03 15:37:00.726487,489,2,POINT (170.96789075210032 153.9438477457639),0.014724744324563428,170.96789075210032,153.9438477457639
2025-09-03 15:37:01.726487,490,2,POINT (170.9811969256281 153.93742511125714),0.014775130725603833,170.9811969256281,153.93742511125714
2025-09-03 15:37:02.726487,491,2,POINT (170.99448653667105 153.93106941849268),0.01473121149766998,170.99448653667105,153.93106941849268
2025-09-03 15:37:03.726487,492,2,POINT (171.0078181474616 153.92476602776927),0.014746680334319974,171.0078181474616,153.92476602776927
2025-09-03 15:37:04.726487,493,2,POINT (171.02105764946617 153.91851499413653),0.014641032573110899,171.02105764946617,153.91851499413653
2025-09-03 15:37:05.726487,494,2,POINT (171.03426320813634 153.91233577049886),0.01457976627232272,171.03426320813634,153.91233577049886
2025-09-03 15:37:06.726487,495,2,POINT (171.04749610973064 153.90620335231475),0.01458479473250834,171.04749610973064,153.90620335231475
2025-09-03 15:37:07.726487,496,2,POINT (171.06077408799194 153.90012699254424),0.014602289367361054,171.06077408799194,153.90012699254424
2025-09-03 15:37:08.726487,497,2,POINT (171.07416519043463 153.89408219639608),0.014692215119008468,171.07416519043463,153.89408219639608
2025-09-03 15:37:09.726487,498,2,POINT (171.08755915421324 153.88807473227163),0.014679505812844005,171.08755915421324,153.88807473227163
2025-09-03 15:37:10.726487,499,2,POINT (171.10101192083494 153.8820709430897),0.014731680634568603,171.10101192083494,153.8820709430897
2025-09-03 15:37:11.726487,500,2,POINT (171.1144766168762 153.8761261982497),0.014718628696197915,171.1144766168762,153.8761261982497
2025-09-03 15:37:12.726487,501,2,POINT (171.1279149851778 153.87022415883033),0.01467732305010092,171.1279149851778,153.87022415883033
2025-09-03 15:37:13.726487,502,2,POINT (171.14133897867993 153.86436037201912),0.014648808733561886,171.14133897867993,153.86436037201912
2025-09-03 15:37:14.726487,503,2,POINT (171.15468400105496 153.85856606222072),0.014548664826369686,171.15468400105496,153.85856606222072
2025-09-03 15:37:15.726487,504,2,POINT (171.16804691285859 153.85280151758488),0.01455326034708502,171.16804691285859,153.85280151758488
2025-09-03 15:37:16.726487,505,2,POINT (171.1814251480058 153.84707978887852),0.014550441747349324,171.1814251480058,153.84707978887852
2025-09-03 15:37:17.726487,506,2,POINT (171.19478790559447 153.84139814038076),0.01452048277523487,171.19478790559447,153.84139814038076
2025-09-03 15:37:18.726487,507,2,POINT (171.2080829634605 153.83577017326638),0.014437194239243547,171.2080829634605,153.83577017326638
2025-09-03 15:37:19.726487,508,2,POINT (171.221273723785 153.8302085476454),0.01431530081718085,171.221273723785,153.8302085476454
2025-09-03 15:37:20.726487,509,2,POINT (171.2345708766646 153.82467114433905),0.01440406574828183,171.2345708766646,153.82467114433905
2025-09-03 15:37:21.726487,510,2,POINT (171.24789784321354 153.81915291615653),0.014424246242723487,171.24789784321354,153.81915291615653
2025-09-03 15:37:22.726487,511,2,POINT (171.2613635015249 153.8136399072634),0.014550505861106011,171.2613635015249,153.8136399072634
2025-09-03 15:37:23.726487,512,2,POINT (171.2748575240703 153.80816411024333),0.014562726305921586,171.2748575240703,153.80816411024333
2025-09-03 15:37:24.726487,513,2,POINT (171.2882995000098 153.80272620001057),0.014500261544442748,171.2882995000098,153.80272620001057
2025-09-03 15:37:25.726487,514,2,POINT (171.30169914543856 153.79733314280705),0.014444222499566955,171.30169914543856,153.79733314280705
2025-09-03 15:37:26.726487,515,2,POINT (171.31524946968838 153.79193644450538),0.014585459877373664,171.31524946968838,153.79193644450538
2025-09-03 15:37:27.726487,516,2,POINT (171.32886675353234 153.7865643625121),0.014638636692988607,171.32886675353234,153.7865643625121
2025-09-03 15:37:28.726487,517,2,POINT (171.34240352361874 153.78123372993335),0.014548532161764995,171.34240352361874,153.78123372993335
2025-09-03 15:37:29.726487,518,2,POINT (171.35614643054848 153.77588631921813),0.014746602735429869,171.35614643054848,153.77588631921813
2025-09-03 15:37:30.726487,519,2,POINT (171.37003936715774 153.77052428405358),0.014891779904866943,171.37003936715774,153.77052428405358
2025-09-03 15:37:31.726487,520,2,POINT (171.38398539116812 153.76520234772562),0.014926975312398512,171.38398539116812,153.76520234772562
2025-09-03 15:37:32.726487,521,2,POINT (171.39797090382982 153.75993108861786),0.01494592710377762,171.39797090382982,153.75993108861786
2025-09-03 15:37:33.726487,522,2,POINT (171.41201453605552 153.75467564965234),0.01499477391664282,171.41201453605552,153.75467564965234
2025-09-03 15:37:34.726487,523,2,POINT (171.42634475281085 153.75046738048638),0.014935348728026708,171.42634475281085,153.75046738048638
2025-09-03 15:37:35.726487,524,2,POINT (171.44085914676805 153.7473010569969),0.014855747587547232,171.44085914676805,153.7473010569969
2025-09-03 15:37:36.726487,525,2,POINT (171.45548220361422 153.7451791743841),0.014776203076194141,171.45548220361422,153.7451791743841
2025-09-03 15:37:37.726487,526,2,POINT (171.47029790843555 153.74407304480388),0.014856938850282816,171.47029790843555,153.74407304480388
2025-09-03 15:37:38.726487,527,2,POINT (171.485338642839 153.74396439352475),0.015041126835956854,171.485338642839,153.74396439352475
2025-09-03 15:37:39.726487,528,2,POINT (171.50061424106397 153.74485013534473),0.015301256147862862,171.50061424106397,153.74485013534473
2025-09-03 15:37:40.726487,529,2,POINT (171.51599857445524 153.74673733922782),0.015499653299025947,171.51599857445524,153.74673733922782
2025-09-03 15:37:41.726487,530,2,POINT (171.53156221887778 153.74958893314957),0.01582272465809457,171.53156221887778,153.74958893314957
2025-09-03 15:37:42.726487,531,2,POINT (171.54730198765424 153.7533829842446),0.016190588156335825,171.54730198765424,153.7533829842446
2025-09-03 15:37:43.726487,532,2,POINT (171.5631443093537 153.75811995927162),0.0165353587574006,171.5631443093537,153.75811995927162
2025-09-03 15:37:44.726487,533,2,POINT (171.57920761687905 153.76379082712228),0.017034922683514517,171.57920761687905,153.76379082712228
2025-09-03 15:37:45.726487,534,2,POINT (171.5954833040136 153.7703648153879),0.01755321376326081,171.5954833040136,153.7703648153879
2025-09-03 15:37:46.726487,535,2,POINT (171.6118463955372 153.77783677486445),0.01798835575112753,171.6118463955372,153.77783677486445
2025-09-03 15:37:47.726487,536,2,POINT (171.62832615063394 153.78620287620427),0.01848172014927519,171.62832615063394,153.78620287620427
2025-09-03 15:37:48.726487,537,2,POINT (171.64498403596812 153.79546762418556),0.019060973190360278,171.64498403596812,153.79546762418556
2025-09-03 15:37:49.726487,538,2,POINT (171.66173650218718 153.80561450443278),0.019585818930342672,171.66173650218718,153.80561450443278
2025-09-03 15:37:50.726487,539,2,POINT (171.67839553194975 153.81560758696176),0.019426398818643588,171.67839553194975,153.81560758696176
2025-09-03 15:37:51.726487,540,2,POINT (171.69501540479126 153.8254491106284),0.019315169203223716,171.69501540479126,153.8254491106284
2025-09-03 15:37:52.726487,541,2,POINT (171.71149863356385 153.83514616969774),0.019124062993089264,171.71149863356385,153.83514616969774
2025-09-03 15:37:53.726487,542,2,POINT (171.72794230328296 153.8446645538194),0.01899983973928901,171.72794230328296,153.8446645538194
2025-09-03 15:37:54.726487,543,2,POINT (171.74430478303836 153.85403410774202),0.018855219024314435,171.74430478303836,153.85403410774202
2025-09-03 15:37:55.726487,544,2,POINT (171.76049430656175 153.86326834798933),0.018637914713281686,171.76049430656175,153.86326834798933
2025-09-03 15:37:56.726487,545,2,POINT (171.77650140510076 153.87235693186682),0.01840732355709393,171.77650140510076,153.87235693186682
2025-09-03 15:37:57.726487,546,2,POINT (171.79237935648547 153.8813351099111),0.01824053237079784,171.79237935648547,153.8813351099111
2025-09-03 15:37:58.726487,547,2,POINT (171.80814634105394 153.89018066115904),0.018078760445954183,171.80814634105394,153.89018066115904
2025-09-03 15:37:59.726487,548,2,POINT (171.82378909579165 153.89890485350347),0.017911094546309583,171.82378909579165,153.89890485350347
2025-09-03 15:38:00.726487,549,2,POINT (171.83937108215792 153.90751643711195),0.017803305068570384,171.83937108215792,153.90751643711195
2025-09-03 15:38:01.726487,550,2,POINT (171.8548099432814 153.91600707733315),0.01761957446011758,171.8548099432814,153.91600707733315
2025-09-03 15:38:02.726487,551,2,POINT (171.87013740380243 153.92439344929107),0.017471756655831318,171.87013740380243,153.92439344929107
2025-09-03 15:38:03.726487,552,2,POINT (171.88546805575345 153.93264322175506),0.017409412251732054,171.88546805575345,153.93264322175506
2025-09-03 15:38:04.726487,553,2,POINT (171.90069859114107 153.94076176570871),0.017259199405559856,171.90069859114107,153.94076176570871
2025-09-03 15:38:05.726487,554,2,POINT (171.91575038794994 153.94876349976616),0.017046534401507094,171.91575038794994,153.94876349976616
2025-09-03 15:38:06.726487,555,2,POINT (171.9307163787084 153.9566412346371),0.016912704871760317,171.9307163787084,153.9566412346371
2025-09-03 15:38:07.726487,556,2,POINT (171.94555533314804 153.964418013646),0.01675329402280785,171.94555533314804,153.964418013646
2025-09-03 15:38:08.726487,557,2,POINT (171.96042080108631 153.9720792332661),0.016723529026239012,171.96042080108631,153.9720792332661
2025-09-03 15:38:09.726487,558,2,POINT (171.97524521498767 153.97962630533888),0.016634949485656633,171.97524521498767,153.97962630533888
2025-09-03 15:38:10.726487,559,2,POINT (171.99010461850156 153.9870664217284),0.016617978357138963,171.99010461850156,153.9870664217284
2025-09-03 15:38:11.726487,560,2,POINT (172.0049871608563 153.9943862119065),0.016585216163555863,172.0049871608563,153.9943862119065
2025-09-03 15:38:12.726487,561,2,POINT (172.0197454893686 154.001611023813),0.01643186439700767,172.0197454893686,154.001611023813
2025-09-03 15:38:13.726487,562,2,POINT (172.03438229496288 154.00873260111555),0.016277375134854593,172.03438229496288,154.00873260111555
2025-09-03 15:38:14.726487,563,2,POINT (172.04899578870797 154.01680683681664),0.016695732436597346,172.04899578870797,154.01680683681664
2025-09-03 15:38:15.726487,564,2,POINT (172.0637316583807 154.02581111122157),0.017269128888599754,172.0637316583807,154.02581111122157
2025-09-03 15:38:16.726487,565,2,POINT (172.07835539178166 154.0347100070818),0.01711852581600728,172.07835539178166,154.0347100070818
2025-09-03 15:38:17.726487,566,2,POINT (172.09300295867834 154.04349098777294),0.017077963517089994,172.09300295867834,154.04349098777294
2025-09-03 15:38:18.726487,567,2,POINT (172.10760254089593 154.0521680085129),0.016983476965850803,172.10760254089593,154.0521680085129
2025-09-03 15:38:19.726487,568,2,POINT (172.12218499451654 154.0607005981957),0.016895355583489542,172.12218499451654,154.0607005981957
2025-09-03 15:38:20.726487,569,2,POINT (172.1368771383693 154.06912729884715),0.016937189107384357,172.1368771383693,154.06912729884715
2025-09-03 15:38:21.726487,570,2,POINT (172.1515963728011 154.0774204236837),0.01689472644977056,172.1515963728011,154.0774204236837
2025-09-03 15:38:22.726487,571,2,POINT (172.1662538042295 154.08562114595594),0.01679559888379531,172.1662538042295,154.08562114595594
2025-09-03 15:38:23.726487,572,2,POINT (172.18088236460974 154.09370154490068),0.01671190072685491,172.18088236460974,154.09370154490068
2025-09-03 15:38:24.726487,573,2,POINT (172.19552807223187 154.10165249258918),0.01666476285153646,172.19552807223187,154.10165249258918
2025-09-03 15:38:25.726487,574,2,POINT (172.21009522918837 154.10949786488112),0.016545450377505735,172.21009522918837,154.10949786488112
2025-09-03 15:38:26.726487,575,2,POINT (172.22466724337602 154.11725496099584),0.016508062806338025,172.22466724337602,154.11725496099584
2025-09-03 15:38:27.726487,576,2,POINT (172.2391195258915 154.12491826981974),0.016358324242971383,172.2391195258915,154.12491826981974
2025-09-03 15:38:28.726487,577,2,POINT (172.25354865636655 154.13248462633132),0.016292622782286593,172.25354865636655,154.13248462633132
2025-09-03 15:38:29.726487,578,2,POINT (172.26801843200684 154.13995876557976),0.016286103419343757,172.26801843200684,154.13995876557976
2025-09-03 15:38:30.726487,579,2,POINT (172.28242835420264 154.1462851856567),0.015737517233626347,172.28242835420264,154.1462851856567
2025-09-03 15:38:31.726487,580,2,POINT (172.29693827348336 154.1514901245004),0.015415224484257353,172.29693827348336,154.1514901245004
2025-09-03 15:38:32.726487,581,2,POINT (172.31153071530133 154.155591676539),0.015157905110401012,172.31153071530133,154.155591676539
2025-09-03 15:38:33.726487,582,2,POINT (172.32615773690256 154.15858338037796),0.014929837667668162,172.32615773690256,154.15858338037796
2025-09-03 15:38:34.726487,583,2,POINT (172.3407531702977 154.1605083699318),0.01472182939630832,172.3407531702977,154.1605083699318
2025-09-03 15:38:35.726487,584,2,POINT (172.35538799652312 154.16139024401994),0.014661372396741968,172.35538799652312,154.16139024401994
2025-09-03 15:38:36.726487,585,2,POINT (172.3701589086544 154.16121460673205),0.014771956324284198,172.3701589086544,154.16121460673205
2025-09-03 15:38:37.726487,586,2,POINT (172.38503863799633 154.16000749413396),0.014928612330484599,172.38503863799633,154.16000749413396
2025-09-03 15:38:38.726487,587,2,POINT (172.40000390273127 154.15778259856089),0.015129749135327407,172.40000390273127,154.15778259856089
2025-09-03 15:38:39.726487,588,2,POINT (172.41487166943958 154.15454947990224),0.015215240489505287,172.41487166943958,154.15454947990224
2025-09-03 15:38:40.726487,589,2,POINT (172.42981440982123 154.15030864239068),0.015532874586277529,172.42981440982123,154.15030864239068
2025-09-03 15:38:41.726487,590,2,POINT (172.44472442438718 154.14507581993104),0.01580161274208353,172.44472442438718,154.14507581993104
2025-09-03 15:38:42.726487,591,2,POINT (172.45960777061896 154.1388533203357),0.01613175428368362,172.45960777061896,154.1388533203357
2025-09-03 15:38:43.726487,592,2,POINT (172.47434425044503 154.1316529351217),0.01640150556790516,172.47434425044503,154.1316529351217
2025-09-03 15:38:44.726487,593,2,POINT (172.48894650803865 154.12348439679366),0.016731734675380805,172.48894650803865,154.12348439679366
2025-09-03 15:38:45.726487,594,2,POINT (172.50347451851863 154.11436927175743),0.017150760710023593,172.50347451851863,154.11436927175743
2025-09-03 15:38:46.726487,595,2,POINT (172.51791759251722 154.1043173142834),0.017596710930974976,172.51791759251722,154.1043173142834
2025-09-03 15:38:47.726487,596,2,POINT (172.5323486754595 154.09334811530522),0.01812676146227074,172.5323486754595,154.09334811530522
2025-09-03 15:38:48.726487,597,2,POINT (172.54673500703456 154.08145785565722),0.018663997714428823,172.54673500703456,154.08145785565722
2025-09-03 15:38:49.726487,598,2,POINT (172.56104020878306 154.0686636970341),0.019191906938564755,172.56104020878306,154.0686636970341
2025-09-03 15:38:50.726487,599,2,POINT (172.57523724051111 154.05498096356962),0.019717324994731365,172.57523724051111,154.05498096356962
2025-09-03 15:38:51.726487,600,2,POINT (172.58941625800682 154.04146134801286),0.019591440527591042,172.58941625800682,154.04146134801286
2025-09-03 15:38:52.726487,601,2,POINT (172.60357825925706 154.0281207543727),0.019455943001651054,172.60357825925706,154.0281207543727
2025-09-03 15:38:53.726487,602,2,POINT (172.61782147732015 154.01495060295613),0.019399024437535894,172.61782147732015,154.01495060295613
2025-09-03 15:38:54.726487,603,2,POINT (172.6320607099598 154.00194829420968),0.019282525221147682,172.6320607099598,154.00194829420968
2025-09-03 15:38:55.726487,604,2,POINT (172.6462407790632 153.98909734431243),0.019136908659412203,172.6462407790632,153.98909734431243
2025-09-03 15:38:56.726487,605,2,POINT (172.660268551382 153.97640866338838),0.01891510031218993,172.660268551382,153.97640866338838
2025-09-03 15:38:57.726487,606,2,POINT (172.67417224032872 153.96388322195685),0.018713611339934728,172.67417224032872,153.96388322195685
2025-09-03 15:38:58.726487,607,2,POINT (172.6880288214857 153.95150145808276),0.018582597181057398,172.6880288214857,153.95150145808276
2025-09-03 15:38:59.726487,608,2,POINT (172.70184925650136 153.93926867530723),0.018456581440117848,172.70184925650136,153.93926867530723
2025-09-03 15:39:00.726487,609,2,POINT (172.71550498899404 153.9272062649019),0.01822033958788965,172.71550498899404,153.9272062649019
2025-09-03 15:39:01.726487,610,2,POINT (172.72908139301936 153.915274155886),0.018074677640997017,172.72908139301936,153.915274155886
2025-09-03 15:39:02.726487,611,2,POINT (172.7427588532633 153.90345348452146),0.01807764338162393,172.7427588532633,153.90345348452146
2025-09-03 15:39:03.726487,612,2,POINT (172.75641653700816 153.89175925424485),0.017980193186875677,172.75641653700816,153.89175925424485
2025-09-03 15:39:04.726487,613,2,POINT (172.76994746205196 153.88019954228025),0.017796428665470883,172.76994746205196,153.88019954228025
2025-09-03 15:39:05.726487,614,2,POINT (172.78357385362833 153.86876021395025),0.017791480546429646,172.78357385362833,153.86876021395025
2025-09-03 15:39:06.726487,615,2,POINT (172.79710592555233 153.85745324036904),0.017634189012332734,172.79710592555233,153.85745324036904
2025-09-03 15:39:07.726487,616,2,POINT (172.81064193911777 153.8462350078676),0.017580455161923386,172.81064193911777,153.8462350078676
2025-09-03 15:39:08.726487,617,2,POINT (172.82408110698807 153.8351477503586),0.01742235667516959,172.82408110698807,153.8351477503586
2025-09-03 15:39:09.726487,618,2,POINT (172.8375768519304 153.82419637089086),0.017380099073220398,172.8375768519304,153.82419637089086
2025-09-03 15:39:10.726487,619,2,POINT (172.85108950463515 153.81338846784342),0.01730325262492263,172.85108950463515,153.81338846784342
2025-09-03 15:39:11.726487,620,2,POINT (172.86474840909452 153.80268556367426),0.01735274700686613,172.86474840909452,153.80268556367426
2025-09-03 15:39:12.726487,621,2,POINT (172.87840012509875 153.792101547453),0.017273990541623596,172.87840012509875,153.792101547453
2025-09-03 15:39:13.726487,622,2,POINT (172.8920002201367 153.7816371380058),0.017160024770379596,172.8920002201367,153.7816371380058
2025-09-03 15:39:14.726487,623,2,POINT (172.90557142441287 153.77129314968914),0.017063870598447255,172.90557142441287,153.77129314968914
2025-09-03 15:39:15.726487,624,2,POINT (172.91907722073782 153.76106779552143),0.01694002367844387,172.91907722073782,153.76106779552143
2025-09-03 15:39:16.726487,625,2,POINT (172.9325941837501 153.75095760441997),0.0168796994399597,172.9325941837501,153.75095760441997
2025-09-03 15:39:17.726487,626,2,POINT (172.9460663080294 153.74091756397118),0.016801801832251516,172.9460663080294,153.74091756397118
2025-09-03 15:39:18.726487,627,2,POINT (172.95946379939664 153.7309923786444),0.01667339433667486,172.95946379939664,153.7309923786444
2025-09-03 15:39:19.726487,628,2,POINT (172.97288664693158 153.72116257982847),0.0166372407780824,172.97288664693158,153.72116257982847
2025-09-03 15:39:20.726487,629,2,POINT (172.98625637802522 153.71141772708904),0.016544239614718993,172.98625637802522,153.71141772708904
2025-09-03 15:39:21.726487,630,2,POINT (172.99962085320593 153.7017662363158),0.016485159113636752,172.99962085320593,153.7017662363158
2025-09-03 15:39:22.726487,631,2,POINT (173.01294871788053 153.69223180234317),0.016387111031627093,173.01294871788053,153.69223180234317
2025-09-03 15:39:23.726487,632,2,POINT (173.026287048368 153.68278747221427),0.01634339107335627,173.026287048368,153.68278747221427
2025-09-03 15:39:24.726487,633,2,POINT (173.03965756539048 153.67341065275957),0.01633081346824121,173.03965756539048,153.67341065275957
2025-09-03 15:39:25.726487,634,2,POINT (173.0530290166006 153.6641177082013),0.016283566133598312,173.0530290166006,153.6641177082013
2025-09-03 15:39:26.726487,635,2,POINT (173.06639590210472 153.6548909794951),0.01624211041393407,173.06639590210472,153.6548909794951
2025-09-03 15:39:27.726487,636,2,POINT (173.07959450021352 153.6457803260882),0.016037674318255264,173.07959450021352,153.6457803260882
2025-09-03 15:39:28.726487,637,2,POINT (173.09286101533633 153.63675645052592),0.01604464875486267,173.09286101533633,153.63675645052592
2025-09-03 15:39:29.726487,638,2,POINT (173.10614794539623 153.6278214636841),0.016011761310989674,173.10614794539623,153.6278214636841
2025-09-03 15:39:30.726487,639,2,POINT (173.11942531281414 153.61897143179826),0.01595655194366703,173.11942531281414,153.61897143179826
2025-09-03 15:39:31.726487,640,2,POINT (173.1327970497065 153.61016460508242),0.016011356729569465,173.1327970497065,153.61016460508242
2025-09-03 15:39:32.726487,641,2,POINT (173.14609435582307 153.60144246284474),0.01590264491119602,173.14609435582307,153.60144246284474
2025-09-03 15:39:33.726487,642,2,POINT (173.15928944819288 153.59284083183343),0.015751143409376174,173.15928944819288,153.59284083183343
2025-09-03 15:39:34.726487,643,2,POINT (173.1725079668695 153.58432620585515),0.015723488530025812,173.1725079668695,153.58432620585515
2025-09-03 15:39:35.726487,644,2,POINT (173.1857100933381 153.57586646601018),0.015680030023484753,173.1857100933381,153.57586646601018
2025-09-03 15:39:36.726487,645,2,POINT (173.19890697194512 153.56748280711173),0.015634683926909747,173.19890697194512,153.56748280711173
2025-09-03 15:39:37.726487,646,2,POINT (173.21212034543393 153.55917388585792),0.015608696657852996,173.21212034543393,153.55917388585792
2025-09-03 15:39:38.726487,647,2,POINT (173.2254155762144 153.55091062343516),0.015653902624373547,173.2254155762144,153.55091062343516
2025-09-03 15:39:39.726487,648,2,POINT (173.23870487791947 153.54270460715048),0.015618714514093964,173.23870487791947,153.54270460715048
2025-09-03 15:39:40.726487,649,2,POINT (173.25186951079883 153.53459567667517),0.015461640026259688,173.25186951079883,153.53459567667517
2025-09-03 15:39:41.726487,650,2,POINT (173.2652032768364 153.52650586638813),0.015595972147468192,173.2652032768364,153.52650586638813
2025-09-03 15:39:42.726487,651,2,POINT (173.27849911971782 153.51848182550606),0.015529477454344914,173.27849911971782,153.51848182550606
2025-09-03 15:39:43.726487,652,2,POINT (173.29222390829565 153.5119645024914),0.015193594728820611,173.29222390829565,153.5119645024914
2025-09-03 15:39:44.726487,653,2,POINT (173.3064017685697 153.50695994357127),0.015035203089274458,173.3064017685697,153.50695994357127
2025-09-03 15:39:45.726487,654,2,POINT (173.32098031812518 153.50349335377587),0.014985037602582607,173.32098031812518,153.50349335377587
2025-09-03 15:39:46.726487,655,2,POINT (173.33594139706622 153.50158159509758),0.015082728676340291,173.33594139706622,153.50158159509758
2025-09-03 15:39:47.726487,656,2,POINT (173.35130417476122 153.50123225749002),0.015366749014353755,173.35130417476122,153.50123225749002
2025-09-03 15:39:48.726487,657,2,POINT (173.36703969517842 153.50246486903768),0.015783723706001496,173.36703969517842,153.50246486903768
2025-09-03 15:39:49.726487,658,2,POINT (173.38318384871826 153.5052829814568),0.01638827175527312,173.38318384871826,153.5052829814568
2025-09-03 15:39:50.726487,659,2,POINT (173.39971534293778 153.50970425362163),0.017112508544503694,173.39971534293778,153.50970425362163
2025-09-03 15:39:51.726487,660,2,POINT (173.41659666694295 153.51575003203172),0.017931272591518072,173.41659666694295,153.51575003203172
2025-09-03 15:39:52.726487,661,2,POINT (173.43382439239176 153.5234333690867),0.018863408823425683,173.43382439239176,153.5234333690867
2025-09-03 15:39:53.726487,662,2,POINT (173.45138327687127 153.53277004113107),0.019886876804296353,173.45138327687127,153.53277004113107
2025-09-03 15:39:54.726487,663,2,POINT (173.46913150211444 153.54380331088888),0.020898146827665207,173.46913150211444,153.54380331088888
2025-09-03 15:39:55.726487,664,2,POINT (173.48711351697926 153.55653432653526),0.022032512747920247,173.48711351697926,153.55653432653526
2025-09-03 15:39:56.726487,665,2,POINT (173.50542008919894 153.5709560858939),0.02330488638531808,173.50542008919894,153.5709560858939
2025-09-03 15:39:57.726487,666,2,POINT (173.52391097526052 153.58710893027947),0.024552540583146387,173.52391097526052,153.58710893027947
2025-09-03 15:39:58.726487,667,2,POINT (173.54252167379562 153.6050158667268),0.025826662054805355,173.54252167379562,153.6050158667268
2025-09-03 15:39:59.726487,668,2,POINT (173.56083618441875 153.62269673141867),0.02545651735051037,173.56083618441875,153.62269673141867
2025-09-03 15:40:00.726487,669,2,POINT (173.57877781062436 153.64018186338527),0.025052580521597867,173.57877781062436,153.64018186338527
2025-09-03 15:40:01.726487,670,2,POINT (173.59649411207363 153.65745455597465),0.02474294336429759,173.59649411207363,153.65745455597465
2025-09-03 15:40:02.726487,671,2,POINT (173.61401270375546 153.67450748653636),0.024447975279297648,173.61401270375546,153.67450748653636
2025-09-03 15:40:03.726487,672,2,POINT (173.63129368123657 153.69135450498052),0.02413408819824455,173.63129368123657,153.69135450498052
2025-09-03 15:40:04.726487,673,2,POINT (173.64843040516342 153.70799232579247),0.023884815015314278,173.64843040516342,153.70799232579247
2025-09-03 15:40:05.726487,674,2,POINT (173.66536278602223 153.7244133549621),0.023587193994572913,173.66536278602223,153.7244133549621
2025-09-03 15:40:06.726487,675,2,POINT (173.6822513334539 153.74062105123153),0.02340752982938866,173.6822513334539,153.74062105123153
2025-09-03 15:40:07.726487,676,2,POINT (173.6989988112879 153.75662690068629),0.02316603614278328,173.6989988112879,153.75662690068629
2025-09-03 15:40:08.726487,677,2,POINT (173.71558575111928 153.77243306136293),0.02291203370077541,173.71558575111928,153.77243306136293
2025-09-03 15:40:09.726487,678,2,POINT (173.73200393131108 153.7880667058566),0.022670850909598625,173.73200393131108,153.7880667058566
2025-09-03 15:40:10.726487,679,2,POINT (173.74827442604237 153.80349272337665),0.02242077196105205,173.74827442604237,153.80349272337665
2025-09-03 15:40:11.726487,680,2,POINT (173.76426368395698 153.81873621520936),0.02209118403150333,173.76426368395698,153.81873621520936
2025-09-03 15:40:12.726487,681,2,POINT (173.78018775614865 153.83378145953327),0.021907429149301768,173.78018775614865,153.83378145953327
2025-09-03 15:40:13.726487,682,2,POINT (173.79605931911223 153.84965856310606),0.022449697743356894,173.79605931911223,153.84965856310606
2025-09-03 15:40:14.726487,683,2,POINT (173.81177388278832 153.86636684282084),0.022937177737397084,173.81177388278832,153.86636684282084
2025-09-03 15:40:15.726487,684,2,POINT (173.82737723331044 153.8839256066603),0.023489885804039365,173.82737723331044,153.8839256066603
2025-09-03 15:40:16.726487,685,2,POINT (173.84278886688497 153.90229499870824),0.023978177863343452,173.84278886688497,153.90229499870824
2025-09-03 15:40:17.726487,686,2,POINT (173.8580491016625 153.92145720527088),0.02449622268461323,173.8580491016625,153.92145720527088
2025-09-03 15:40:18.726487,687,2,POINT (173.8731884321869 153.94039536157004),0.02424568194006787,173.8731884321869,153.94039536157004
2025-09-03 15:40:19.726487,688,2,POINT (173.8881295670189 153.95911259705863),0.023949371899970224,173.8881295670189,153.95911259705863
2025-09-03 15:40:20.726487,689,2,POINT (173.90282955522432 153.97760541075655),0.023623585919699947,173.90282955522432,153.97760541075655
2025-09-03 15:40:21.726487,690,2,POINT (173.91736609437606 153.99589880442852),0.02336577031787983,173.91736609437606,153.99589880442852
2025-09-03 15:40:22.726487,691,2,POINT (173.9318279817356 154.0139718959369),0.02314698301442495,173.9318279817356,154.0139718959369
2025-09-03 15:40:23.726487,692,2,POINT (173.94603604364895 154.03181182065063),0.022806401231346037,173.94603604364895,154.03181182065063
2025-09-03 15:40:24.726487,693,2,POINT (173.95999753045473 154.04939513658678),0.02245208482833027,173.95999753045473,154.04939513658678
2025-09-03 15:40:25.726487,694,2,POINT (173.9738757107728 154.06677157262564),0.02223835466830928,173.9738757107728,154.06677157262564
2025-09-03 15:40:26.726487,695,2,POINT (173.98757522490433 154.08393306196274),0.021958902607083247,173.98757522490433,154.08393306196274
2025-09-03 15:40:27.726487,696,2,POINT (174.00119826890236 154.10089926984406),0.021758665805706363,174.00119826890236,154.10089926984406
2025-09-03 15:40:28.726487,697,2,POINT (174.01480535772674 154.11766362567272),0.02159158383779483,174.01480535772674,154.11766362567272
2025-09-03 15:40:29.726487,698,2,POINT (174.0284285478531 154.13319136388037),0.020656765551860218,174.0284285478531,154.13319136388037
2025-09-03 15:40:30.726487,699,2,POINT (174.04205846695203 154.14749354367405),0.019756696117863924,174.04205846695203,154.14749354367405
2025-09-03 15:40:31.726487,700,2,POINT (174.05581244693022 154.16058879574584),0.018990987127167833,174.05581244693022,154.16058879574584
2025-09-03 15:40:32.726487,701,2,POINT (174.06961891903683 154.1724856692844),0.01822510005523723,174.06961891903683,154.1724856692844
2025-09-03 15:40:33.726487,702,2,POINT (174.08350168715836 154.18321213112904),0.017543894505510693,174.08350168715836,154.18321213112904
2025-09-03 15:40:34.726487,703,2,POINT (174.09738043234208 154.19276866626655),0.016850724960930992,174.09738043234208,154.19276866626655
2025-09-03 15:40:35.726487,704,2,POINT (174.1115247705137 154.20120592752752),0.016469659374120038,174.1115247705137,154.20120592752752
2025-09-03 15:40:36.726487,705,2,POINT (174.1257824156392 154.2085204514518),0.0160244408564931,174.1257824156392,154.2085204514518
2025-09-03 15:40:37.726487,706,2,POINT (174.14017856275842 154.21473605553436),0.015680650049960256,174.14017856275842,154.21473605553436
2025-09-03 15:40:38.726487,707,2,POINT (174.1546571633703 154.21985905914667),0.015358223910664551,174.1546571633703,154.21985905914667
2025-09-03 15:40:39.726487,708,2,POINT (174.16917675893836 154.2239081178368),0.01507360380719057,174.16917675893836,154.2239081178368
2025-09-03 15:40:40.726487,709,2,POINT (174.18393366468553 154.22692112341056),0.01506135683855122,174.18393366468553,154.22692112341056
2025-09-03 15:40:41.726487,710,2,POINT (174.19891305627743 154.22888972297807),0.01510819501862791,174.19891305627743,154.22888972297807
2025-09-03 15:40:42.726487,711,2,POINT (174.2140590319866 154.22981767319553),0.015174375499142655,174.2140590319866,154.22981767319553
2025-09-03 15:40:43.726487,712,2,POINT (174.22935813114347 154.22971567581604),0.015299439155633953,174.22935813114347,154.22971567581604
2025-09-03 15:40:44.726487,713,2,POINT (174.2447417790041 154.22860232295673),0.01542388330120588,174.2447417790041,154.22860232295673
2025-09-03 15:40:45.726487,714,2,POINT (174.26034313862172 154.22651229261996),0.015740732153458482,174.26034313862172,154.22651229261996
2025-09-03 15:40:46.726487,715,2,POINT (174.27607353804183 154.22346264275578),0.016023290242962243,174.27607353804183,154.22346264275578
2025-09-03 15:40:47.726487,716,2,POINT (174.291646247045 154.2204460484663),0.015862191109838435,174.291646247045,154.2204460484663
2025-09-03 15:40:48.726487,717,2,POINT (174.30718838239173 154.21748637119765),0.015821430424280032,174.30718838239173,154.21748637119765
2025-09-03 15:40:49.726487,718,2,POINT (174.32278658504256 154.21459400375704),0.015864101466771554,174.32278658504256,154.21459400375704
2025-09-03 15:40:50.726487,719,2,POINT (174.33842983087877 154.21176502210085),0.015896989573593142,174.33842983087877,154.21176502210085
2025-09-03 15:40:51.726487,720,2,POINT (174.3539967072787 154.20897696211767),0.015814579327964505,174.3539967072787,154.20897696211767
2025-09-03 15:40:52.726487,721,2,POINT (174.36955597544187 154.2062498881992),0.015796447636424488,174.36955597544187,154.2062498881992
2025-09-03 15:40:53.726487,722,2,POINT (174.38504708381535 154.20359455393253),0.01571703657521813,174.38504708381535,154.20359455393253
2025-09-03 15:40:54.726487,723,2,POINT (174.4004853552341 154.20097482156524),0.015658966187954978,174.4004853552341,154.20097482156524
2025-09-03 15:40:55.726487,724,2,POINT (174.4158936316057 154.19840684567117),0.01562080282623702,174.4158936316057,154.19840684567117
2025-09-03 15:40:56.726487,725,2,POINT (174.43134076450255 154.19587083841722),0.015653921154927322,174.43134076450255,154.19587083841722
2025-09-03 15:40:57.726487,726,2,POINT (174.4467199611554 154.19337138321615),0.015580980905868713,174.4467199611554,154.19337138321615
2025-09-03 15:40:58.726487,727,2,POINT (174.46203671291875 154.19091463813334),0.015512526582797996,174.46203671291875,154.19091463813334
2025-09-03 15:40:59.726487,728,2,POINT (174.47723280347495 154.188497000142),0.01538720707761513,174.47723280347495,154.188497000142
2025-09-03 15:41:00.726487,729,2,POINT (174.49247578503957 154.18614408493514),0.015423511174510279,174.49247578503957,154.18614408493514
2025-09-03 15:41:01.726487,730,2,POINT (174.50771571785006 154.1838411623702),0.015412949244331564,174.50771571785006,154.1838411623702
2025-09-03 15:41:02.726487,731,2,POINT (174.522910132018 154.18156164691018),0.015364452890995388,174.522910132018,154.18156164691018
2025-09-03 15:41:03.726487,732,2,POINT (174.53815169255057 154.17829201977946),0.015588317068933107,174.53815169255057,154.17829201977946
2025-09-03 15:41:04.726487,733,2,POINT (174.55335392483315 154.17403808865075),0.015786190054007523,174.55335392483315,154.17403808865075
2025-09-03 15:41:05.726487,734,2,POINT (174.56871555774993 154.168842009869),0.01621662728732537,174.56871555774993,154.168842009869
2025-09-03 15:41:06.726487,735,2,POINT (174.58413161321485 154.16270074028972),0.01659427486041393,174.58413161321485,154.16270074028972
2025-09-03 15:41:07.726487,736,2,POINT (174.59964816316327 154.1556030329597),0.017062847700318746,174.59964816316327,154.1556030329597
2025-09-03 15:41:08.726487,737,2,POINT (174.61521234454574 154.14756308415176),0.017518119731893045,174.61521234454574,154.14756308415176
2025-09-03 15:41:09.726487,738,2,POINT (174.63077906973822 154.13858665249947),0.017969397831494538,174.63077906973822,154.13858665249947
2025-09-03 15:41:10.726487,739,2,POINT (174.64644603195273 154.12871044646326),0.018520074262825547,174.64644603195273,154.12871044646326
2025-09-03 15:41:11.726487,740,2,POINT (174.66209209898716 154.11790711911914),0.019013450379926675,174.66209209898716,154.11790711911914
2025-09-03 15:41:12.726487,741,2,POINT (174.67770509955417 154.10621607944887),0.019505029999397253,174.67770509955417,154.10621607944887
2025-09-03 15:41:13.726487,742,2,POINT (174.69322653668164 154.0936098518715),0.019995799164684504,174.69322653668164,154.0936098518715
2025-09-03 15:41:14.726487,743,2,POINT (174.70871114108152 154.0801101177508),0.0205430230187914,174.70871114108152,154.0801101177508
2025-09-03 15:41:15.726487,744,2,POINT (174.72416302975182 154.06572439107606),0.021111844908472552,174.72416302975182,154.06572439107606
2025-09-03 15:41:16.726487,745,2,POINT (174.73969114044323 154.05047961205577),0.02176064128241896,174.73969114044323,154.05047961205577
2025-09-03 15:41:17.726487,746,2,POINT (174.75515001112356 154.03436744906838),0.022328870971083326,174.75515001112356,154.03436744906838
2025-09-03 15:41:18.726487,747,2,POINT (174.7706208535569 154.0174246160062),0.02294355155092886,174.7706208535569,154.0174246160062
2025-09-03 15:41:19.726487,748,2,POINT (174.78595488862416 153.9996425959823),0.023480478435812715,174.78595488862416,153.9996425959823
2025-09-03 15:41:20.726487,749,2,POINT (174.8012344749186 153.98101839095264),0.024089972401723243,174.8012344749186,153.98101839095264
2025-09-03 15:41:21.726487,750,2,POINT (174.8163708878524 153.96156939941372),0.02464496436158041,174.8163708878524,153.96156939941372
2025-09-03 15:41:22.726487,751,2,POINT (174.8313480798468 153.94236747346253),0.02435221222542993,174.8313480798468,153.94236747346253
2025-09-03 15:41:23.726487,752,2,POINT (174.84612859042815 153.92339041496533),0.024053944421890933,174.84612859042815,153.92339041496533
2025-09-03 15:41:24.726487,753,2,POINT (174.8607868155933 153.90463670426752),0.023802630735464892,174.8607868155933,153.90463670426752
2025-09-03 15:41:25.726487,754,2,POINT (174.87542287487904 153.88610245382478),0.023616364472335873,174.87542287487904,153.88610245382478
2025-09-03 15:41:26.726487,755,2,POINT (174.8898515998348 153.8677982049791),0.023307372860399193,174.8898515998348,153.8677982049791
2025-09-03 15:41:27.726487,756,2,POINT (174.90417562820213 153.84972077784923),0.023064500001162804,174.90417562820213,153.84972077784923
2025-09-03 15:41:28.726487,757,2,POINT (174.9184135807329 153.83188159305436),0.022824456322419816,174.9184135807329,153.83188159305436
2025-09-03 15:41:29.726487,758,2,POINT (174.93250401817417 153.8142546840631),0.022566531587131285,174.93250401817417,153.8142546840631
2025-09-03 15:41:30.726487,759,2,POINT (174.9464417136432 153.7968716440932),0.022280696433963135,174.9464417136432,153.7968716440932
2025-09-03 15:41:31.726487,760,2,POINT (174.96027913820103 153.7796945827938),0.02205732878832716,174.96027913820103,153.7796945827938
2025-09-03 15:41:32.726487,761,2,POINT (174.97396991485965 153.7627097313342),0.021815649076312178,174.97396991485965,153.7627097313342
2025-09-03 15:41:33.726487,762,2,POINT (174.98754437292934 153.7459320686497),0.021581378015341733,174.98754437292934,153.7459320686497
2025-09-03 15:41:34.726487,763,2,POINT (175.00110789125975 153.72934995024033),0.02142278414309248,175.00110789125975,153.72934995024033
2025-09-03 15:41:35.726487,764,2,POINT (175.0146149467328 153.7129676946153),0.02123249507043863,175.0146149467328,153.7129676946153
2025-09-03 15:41:36.726487,765,2,POINT (175.02801790222077 153.69676960061963),0.021024211397927373,175.02801790222077,153.69676960061963
2025-09-03 15:41:37.726487,766,2,POINT (175.0414274518703 153.6807492378396),0.020891817666433537,175.0414274518703,153.6807492378396
2025-09-03 15:41:38.726487,767,2,POINT (175.0547508379881 153.66492348674362),0.020687363664706714,175.0547508379881,153.66492348674362
2025-09-03 15:41:39.726487,768,2,POINT (175.06792314216867 153.6492778297264),0.02045229035891842,175.06792314216867,153.6492778297264
2025-09-03 15:41:40.726487,769,2,POINT (175.08109702099964 153.63381274724534),0.02031550785973515,175.08109702099964,153.63381274724534
2025-09-03 15:41:41.726487,770,2,POINT (175.09422144064632 153.61852951454023),0.02014516301698884,175.09422144064632,153.61852951454023
2025-09-03 15:41:42.726487,771,2,POINT (175.10724718907437 153.60342012528403),0.019949029194576754,175.10724718907437,153.60342012528403
2025-09-03 15:41:43.726487,772,2,POINT (175.12025063235035 153.58847228323845),0.019812307257140848,175.12025063235035,153.58847228323845
2025-09-03 15:41:44.726487,773,2,POINT (175.13326386942134 153.57367498122204),0.019705443055931405,175.13326386942134,153.57367498122204
2025-09-03 15:41:45.726487,774,2,POINT (175.1461455222666 153.55905043913594),0.0194888227262181,175.1461455222666,153.55905043913594
2025-09-03 15:41:46.726487,775,2,POINT (175.15898222728282 153.54459149054253),0.01933499909749853,175.15898222728282,153.54459149054253
2025-09-03 15:41:47.726487,776,2,POINT (175.17175840946086 153.5303000900436),0.019169636388504777,175.17175840946086,153.5303000900436
2025-09-03 15:41:48.726487,777,2,POINT (175.18438835597664 153.51617785412768),0.018946057538606467,175.18438835597664,153.51617785412768
2025-09-03 15:41:49.726487,778,2,POINT (175.19693240359686 153.50219526668354),0.01878472470735934,175.19693240359686,153.50219526668354
2025-09-03 15:41:50.726487,779,2,POINT (175.20944111662942 153.4883696484798),0.018644452806314625,175.20944111662942,153.4883696484798
2025-09-03 15:41:51.726487,780,2,POINT (175.22193736333534 153.47467508723497),0.018539071967694516,175.22193736333534,153.47467508723497
2025-09-03 15:41:52.726487,781,2,POINT (175.23443694677377 153.46113750470494),0.018425681178498583,175.23443694677377,153.46113750470494
2025-09-03 15:41:53.726487,782,2,POINT (175.24692373085617 153.44774687386035),0.01830925370233122,175.24692373085617,153.44774687386035
2025-09-03 15:41:54.726487,783,2,POINT (175.2596244458044 153.43550937006458),0.017637025240895284,175.2596244458044,153.43550937006458
2025-09-03 15:41:55.726487,784,2,POINT (175.27258108642383 153.42441812105244),0.01705550763800726,175.27258108642383,153.42441812105244
2025-09-03 15:41:56.726487,785,2,POINT (175.28586130705284 153.41442838546718),0.016618034691827578,175.28586130705284,153.41442838546718
2025-09-03 15:41:57.726487,786,2,POINT (175.29936250708818 153.4055501669484),0.016158748913870116,175.29936250708818,153.4055501669484
2025-09-03 15:41:58.726487,787,2,POINT (175.31307642486726 153.39776739899193),0.015768418370767794,175.31307642486726,153.39776739899193
2025-09-03 15:41:59.726487,788,2,POINT (175.32716814053293 153.39103074627104),0.015619185007034943,175.32716814053293,153.39103074627104
2025-09-03 15:42:00.726487,789,2,POINT (175.3414922913451 153.38535221096),0.015408668332094977,175.3414922913451,153.38535221096
2025-09-03 15:42:01.726487,790,2,POINT (175.35610796600892 153.38070511286165),0.01533667064959927,175.35610796600892,153.38070511286165
2025-09-03 15:42:02.726487,791,2,POINT (175.3710930432674 153.37706682807968),0.015420429844758499,175.3710930432674,153.37706682807968
2025-09-03 15:42:03.726487,792,2,POINT (175.38639800322127 153.3744069939269),0.015534365674535202,175.38639800322127,153.3744069939269
2025-09-03 15:42:04.726487,793,2,POINT (175.40194773766214 153.3727469262652),0.015638096617649033,175.40194773766214,153.3727469262652
2025-09-03 15:42:05.726487,794,2,POINT (175.4177643382641 153.372058669769),0.015831568197960177,175.4177643382641,153.372058669769
2025-09-03 15:42:06.726487,795,2,POINT (175.43383110554936 153.37234165921527),0.016069259286761367,175.43383110554936,153.37234165921527
2025-09-03 15:42:07.726487,796,2,POINT (175.45014688933801 153.37358507134502),0.01636309488949391,175.45014688933801,153.37358507134502
2025-09-03 15:42:08.726487,797,2,POINT (175.46679066661306 153.37574605183514),0.01678347874131385,175.46679066661306,153.37574605183514
2025-09-03 15:42:09.726487,798,2,POINT (175.4836272250753 153.37883156211157),0.01711695283976029,175.4836272250753,153.37883156211157
2025-09-03 15:42:10.726487,799,2,POINT (175.50067694147756 153.38283766811222),0.01751404335628201,175.50067694147756,153.38283766811222
2025-09-03 15:42:11.726487,800,2,POINT (175.51796719114424 153.38774810721918),0.017974013067733895,175.51796719114424,153.38774810721918
2025-09-03 15:42:12.726487,801,2,POINT (175.5354131817237 153.3935892511458),0.018397868074052616,175.5354131817237,153.3935892511458
2025-09-03 15:42:13.726487,802,2,POINT (175.55276016847625 153.3993326805451),0.0182730657159063,175.55276016847625,153.3993326805451
2025-09-03 15:42:14.726487,803,2,POINT (175.57014453775187 153.40492900331938),0.018262944004325852,175.57014453775187,153.40492900331938
2025-09-03 15:42:15.726487,804,2,POINT (175.58738965536827 153.41044251243832),0.018105050798272602,175.58738965536827,153.41044251243832
2025-09-03 15:42:16.726487,805,2,POINT (175.6045379958955 153.41585769404574),0.01798304130782951,175.6045379958955,153.41585769404574
2025-09-03 15:42:17.726487,806,2,POINT (175.62153819903003 153.42119708432304),0.017818978510245033,175.62153819903003,153.42119708432304
2025-09-03 15:42:18.726487,807,2,POINT (175.63848824946598 153.42643090393986),0.017739703423753046,175.63848824946598,153.42643090393986
2025-09-03 15:42:19.726487,808,2,POINT (175.65542145363855 153.43157554882492),0.01769747932739257,175.65542145363855,153.43157554882492
2025-09-03 15:42:20.726487,809,2,POINT (175.67236191510187 153.43659157850064),0.017667478266518905,175.67236191510187,153.43659157850064
2025-09-03 15:42:21.726487,810,2,POINT (175.68929439363052 153.4415038209042),0.01763062547257592,175.68929439363052,153.4415038209042
2025-09-03 15:42:22.726487,811,2,POINT (175.70619144244 153.4463372383012),0.01757475980500886,175.70619144244,153.4463372383012
2025-09-03 15:42:23.726487,812,2,POINT (175.72305774190443 153.45109989368058),0.017525836467524387,175.72305774190443,153.45109989368058
2025-09-03 15:42:24.726487,813,2,POINT (175.73995043831093 153.45575998052675),0.017523686863673248,175.73995043831093,153.45575998052675
2025-09-03 15:42:25.726487,814,2,POINT (175.75684934844506 153.46032367482735),0.017504298597509335,175.75684934844506,153.46032367482735
2025-09-03 15:42:26.726487,815,2,POINT (175.77388769544393 153.46582507147116),0.017904486406667093,175.77388769544393,153.46582507147116
2025-09-03 15:42:27.726487,816,2,POINT (175.79099848007215 153.472265699358),0.018282796234980334,175.79099848007215,153.472265699358
2025-09-03 15:42:28.726487,817,2,POINT (175.80831966289725 153.47961457988805),0.018815669520525383,175.80831966289725,153.47961457988805
2025-09-03 15:42:29.726487,818,2,POINT (175.82573702008762 153.48785930408926),0.019270179258398207,175.82573702008762,153.48785930408926
2025-09-03 15:42:30.726487,819,2,POINT (175.84328541395948 153.4970391230437),0.01980442383706883,175.84328541395948,153.4970391230437
2025-09-03 15:42:31.726487,820,2,POINT (175.8609264319592 153.50713047436295),0.020323407379552818,175.8609264319592,153.50713047436295
2025-09-03 15:42:32.726487,821,2,POINT (175.87862469750564 153.5181142611354),0.02082959853705498,175.87862469750564,153.5181142611354
2025-09-03 15:42:33.726487,822,2,POINT (175.8963364232096 153.52998552428647),0.02132210393497835,175.8963364232096,153.52998552428647
2025-09-03 15:42:34.726487,823,2,POINT (175.91405654352252 153.54271682323676),0.02181945546676761,175.91405654352252,153.54271682323676
2025-09-03 15:42:35.726487,824,2,POINT (175.93186156929826 153.55629080571236),0.02238910322283901,175.93186156929826,153.55629080571236
2025-09-03 15:42:36.726487,825,2,POINT (175.9496138116868 153.57073148637818),0.02288395437665783,175.9496138116868,153.57073148637818
2025-09-03 15:42:37.726487,826,2,POINT (175.96729384619977 153.58604080372217),0.02338715070116745,175.96729384619977,153.58604080372217
2025-09-03 15:42:38.726487,827,2,POINT (175.98495686230083 153.60218766915975),0.023931222309898623,175.98495686230083,153.60218766915975
2025-09-03 15:42:39.726487,828,2,POINT (176.00253509510344 153.61917438951687),0.02444469138593806,176.00253509510344,153.61917438951687
2025-09-03 15:42:40.726487,829,2,POINT (176.02004981771896 153.63699639475007),0.024987784592289487,176.02004981771896,153.63699639475007
2025-09-03 15:42:41.726487,830,2,POINT (176.03743232462907 153.65565427836765),0.02550035622431807,176.03743232462907,153.65565427836765
2025-09-03 15:42:42.726487,831,2,POINT (176.05459660856343 153.67408417576692),0.0251847922589636,176.05459660856343,153.67408417576692
2025-09-03 15:42:43.726487,832,2,POINT (176.0716459198381 153.69227392793357),0.024930826276407008,176.0716459198381,153.69227392793357
2025-09-03 15:42:44.726487,833,2,POINT (176.08850644436197 153.7102604224371),0.024653423124302156,176.08850644436197,153.7102604224371
2025-09-03 15:42:45.726487,834,2,POINT (176.10518584547737 153.72803006855054),0.024371350897417463,176.10518584547737,153.72803006855054
2025-09-03 15:42:46.726487,835,2,POINT (176.12174394214338 153.74561298282558),0.024152213969003633,176.12174394214338,153.74561298282558
2025-09-03 15:42:47.726487,836,2,POINT (176.13806642957462 153.76299162364506),0.023841995568234284,176.13806642957462,153.76299162364506
2025-09-03 15:42:48.726487,837,2,POINT (176.15422850628272 153.7801659499258),0.023583261155218624,176.15422850628272,153.7801659499258
2025-09-03 15:42:49.726487,838,2,POINT (176.17031876010913 153.79714095983547),0.02338904080188173,176.17031876010913,153.79714095983547
2025-09-03 15:42:50.726487,839,2,POINT (176.18632458690763 153.81389194009475),0.023168552633912036,176.18632458690763,153.81389194009475
2025-09-03 15:42:51.726487,840,2,POINT (176.20231337749516 153.8304285042088),0.02300216027138152,176.20231337749516,153.8304285042088
2025-09-03 15:42:52.726487,841,2,POINT (176.218109130923 153.84571698160633),0.021982797080625397,176.218109130923,153.84571698160633
2025-09-03 15:42:53.726487,842,2,POINT (176.2337949497196 153.85977291701656),0.02106215163689889,176.2337949497196,153.85977291701656
2025-09-03 15:42:54.726487,843,2,POINT (176.2494216497956 153.87261534137298),0.02022675501943021,176.2494216497956,153.87261534137298
2025-09-03 15:42:55.726487,844,2,POINT (176.26502492079064 153.88427120417387),0.01947617014142091,176.26502492079064,153.88427120417387
2025-09-03 15:42:56.726487,845,2,POINT (176.28061807181086 153.89473195662168),0.01877694598474441,176.28061807181086,153.89473195662168
2025-09-03 15:42:57.726487,846,2,POINT (176.29632131024587 153.90403289314722),0.018251003194311107,176.29632131024587,153.90403289314722
2025-09-03 15:42:58.726487,847,2,POINT (176.3120427923021 153.91218699277164),0.017710289063961323,176.3120427923021,153.91218699277164
2025-09-03 15:42:59.726487,848,2,POINT (176.32774184138435 153.9192141907788),0.01720004807897498,176.32774184138435,153.9192141907788
2025-09-03 15:43:00.726487,849,2,POINT (176.34350344064345 153.92510717699867),0.016827218955957682,176.34350344064345,153.92510717699867
2025-09-03 15:43:01.726487,850,2,POINT (176.35942971299838 153.92991547792113),0.016636282904676176,176.35942971299838,153.92991547792113
2025-09-03 15:43:02.726487,851,2,POINT (176.37541307874764 153.93362159256532),0.016407414983190274,176.37541307874764,153.93362159256532
2025-09-03 15:43:03.726487,852,2,POINT (176.3915274179372 153.9362908167931),0.016333912130726092,176.3915274179372,153.9362908167931
2025-09-03 15:43:04.726487,853,2,POINT (176.40771053804622 153.93790758894605),0.0162636812763126,176.40771053804622,153.93790758894605
2025-09-03 15:43:05.726487,854,2,POINT (176.42390230357387 153.9384698290331),0.01620152415107653,176.42390230357387,153.9384698290331
2025-09-03 15:43:06.726487,855,2,POINT (176.44012618277682 153.937998390808),0.016230727352529114,176.44012618277682,153.937998390808
2025-09-03 15:43:07.726487,856,2,POINT (176.45643043820817 153.93653994422692),0.0163693558700566,176.45643043820817,153.93653994422692
2025-09-03 15:43:08.726487,857,2,POINT (176.47284632206384 153.93408159281017),0.016598937750685463,176.47284632206384,153.93408159281017
2025-09-03 15:43:09.726487,858,2,POINT (176.48938275635146 153.93063028526018),0.016892755333375607,176.48938275635146,153.93063028526018
2025-09-03 15:43:10.726487,859,2,POINT (176.50599203226926 153.92621119194808),0.01718710075069831,176.50599203226926,153.92621119194808
2025-09-03 15:43:11.726487,860,2,POINT (176.52245200937736 153.92289372831502),0.01679096219267539,176.52245200937736,153.92289372831502
2025-09-03 15:43:12.726487,861,2,POINT (176.53879299975333 153.92064353425786),0.01649519141332579,176.53879299975333,153.92064353425786
2025-09-03 15:43:13.726487,862,2,POINT (176.5550275462784 153.919460905791),0.01627756465094658,176.5550275462784,153.919460905791
2025-09-03 15:43:14.726487,863,2,POINT (176.57114411182886 153.91934700106486),0.016116968059424523,176.57114411182886,153.91934700106486
2025-09-03 15:43:15.726487,864,2,POINT (176.58721463517122 153.9202932361658),0.01609835648020388,176.58721463517122,153.9202932361658
2025-09-03 15:43:16.726487,865,2,POINT (176.60323958194914 153.92227920543237),0.016147538300399545,176.60323958194914,153.92227920543237
2025-09-03 15:43:17.726487,866,2,POINT (176.61923643027188 153.92529669102487),0.016278954989855973,176.61923643027188,153.92529669102487
2025-09-03 15:43:18.726487,867,2,POINT (176.63511431480404 153.92935371809406),0.01638800432806744,176.63511431480404,153.92935371809406
2025-09-03 15:43:19.726487,868,2,POINT (176.650962280304 153.93441978993525),0.01663800151422817,176.650962280304,153.93441978993525
2025-09-03 15:43:20.726487,869,2,POINT (176.66679869720753 153.94048505402736),0.016958169973490856,176.66679869720753,153.94048505402736
2025-09-03 15:43:21.726487,870,2,POINT (176.6826021030686 153.94754629628434),0.01730921081452676,176.6826021030686,153.94754629628434
2025-09-03 15:43:22.726487,871,2,POINT (176.6983068864749 153.95559693584497),0.017648031594884796,176.6983068864749,153.95559693584497
2025-09-03 15:43:23.726487,872,2,POINT (176.71392716278956 153.96459647623485),0.018027333673482575,176.71392716278956,153.96459647623485
2025-09-03 15:43:24.726487,873,2,POINT (176.72941076006967 153.97455478405845),0.018409499706466083,176.72941076006967,153.97455478405845
2025-09-03 15:43:25.726487,874,2,POINT (176.74473084235856 153.9854578450872),0.018803767205942793,176.74473084235856,153.9854578450872
2025-09-03 15:43:26.726487,875,2,POINT (176.7599882563975 153.99727821721913),0.019300515031790796,176.7599882563975,153.99727821721913
2025-09-03 15:43:27.726487,876,2,POINT (176.7752900848626 154.00793825831866),0.018648925722929265,176.7752900848626,154.00793825831866
2025-09-03 15:43:28.726487,877,2,POINT (176.7906200415755 154.01743349484485),0.018032390010960807,176.7906200415755,154.01743349484485
2025-09-03 15:43:29.726487,878,2,POINT (176.80602726508317 154.02579437939076),0.017529601438869145,176.80602726508317,154.02579437939076
2025-09-03 15:43:30.726487,879,2,POINT (176.82148540651647 154.0330304760304),0.017067959196991455,176.82148540651647,154.0330304760304
2025-09-03 15:43:31.726487,880,2,POINT (176.83698595780635 154.03915126595425),0.01666526806210606,176.83698595780635,154.03915126595425
2025-09-03 15:43:32.726487,881,2,POINT (176.852557982584 154.04414954321075),0.01635453243624918,176.852557982584,154.04414954321075
2025-09-03 15:43:33.726487,882,2,POINT (176.86829113265506 154.04805951898032),0.01621172173698707,176.86829113265506,154.04805951898032
2025-09-03 15:43:34.726487,883,2,POINT (176.88410972657064 154.0509194836329),0.016075052450305573,176.88410972657064,154.0509194836329
2025-09-03 15:43:35.726487,884,2,POINT (176.9000163929532 154.0527144101937),0.01600761683589354,176.9000163929532,154.0527144101937
2025-09-03 15:43:36.726487,885,2,POINT (176.91597322764795 154.05344658808318),0.01597362381982787,176.91597322764795,154.05344658808318
2025-09-03 15:43:37.726487,886,2,POINT (176.93198313950748 154.05316492507123),0.016012389322088077,176.93198313950748,154.05316492507123
2025-09-03 15:43:38.726487,887,2,POINT (176.94812076571247 154.05184707289462),0.016191346883181624,176.94812076571247,154.05184707289462
2025-09-03 15:43:39.726487,888,2,POINT (176.96439469000723 154.04953865652183),0.01643683053698079,176.96439469000723,154.04953865652183
2025-09-03 15:43:40.726487,889,2,POINT (176.9807485454139 154.04623681904894),0.016683846000231196,176.9807485454139,154.04623681904894
2025-09-03 15:43:41.726487,890,2,POINT (176.99713265641697 154.04194390013993),0.0169371853069082,176.99713265641697,154.04194390013993
2025-09-03 15:43:42.726487,891,2,POINT (177.01365332208468 154.0367124017206),0.017329194147906703,177.01365332208468,154.0367124017206
2025-09-03 15:43:43.726487,892,2,POINT (177.0303056388743 154.03053300853958),0.017761884881603567,177.0303056388743,154.03053300853958
2025-09-03 15:43:44.726487,893,2,POINT (177.0469873769835 154.02342037405086),0.01813477200613523,177.0469873769835,154.02342037405086
2025-09-03 15:43:45.726487,894,2,POINT (177.06363587804356 154.0153483488202),0.018502166869607435,177.06363587804356,154.0153483488202
2025-09-03 15:43:46.726487,895,2,POINT (177.08027721840477 154.0063267681581),0.018929424889859225,177.08027721840477,154.0063267681581
2025-09-03 15:43:47.726487,896,2,POINT (177.0969808299811 153.99639668744598),0.019432373572006,177.0969808299811,153.99639668744598
2025-09-03 15:43:48.726487,897,2,POINT (177.11369209119036 153.98555262213364),0.019921345429016062,177.11369209119036,153.98555262213364
2025-09-03 15:43:49.726487,898,2,POINT (177.13034483924977 153.97381201298853),0.020375375359204976,177.13034483924977,153.97381201298853
2025-09-03 15:43:50.726487,899,2,POINT (177.14695416302052 153.96119798821147),0.020856252232797173,177.14695416302052,153.96119798821147
2025-09-03 15:43:51.726487,900,2,POINT (177.16356490570186 153.94770320276865),0.021401542154088616,177.16356490570186,153.94770320276865
2025-09-03 15:43:52.726487,901,2,POINT (177.18013875209743 153.93331866054586),0.021945556254129424,177.18013875209743,153.93331866054586
2025-09-03 15:43:53.726487,902,2,POINT (177.19654846749697 153.91805480647733),0.022411247187946185,177.19654846749697,153.91805480647733
2025-09-03 15:43:54.726487,903,2,POINT (177.21274032205582 153.90194843480563),0.022838374777596215,177.21274032205582,153.90194843480563
2025-09-03 15:43:55.726487,904,2,POINT (177.22884806745506 153.88501284937897),0.023372494851654012,177.22884806745506,153.88501284937897
2025-09-03 15:43:56.726487,905,2,POINT (177.24486793160375 153.8672371334157),0.02392931518763559,177.24486793160375,153.8672371334157
2025-09-03 15:43:57.726487,906,2,POINT (177.26072509859532 153.8486209393318),0.024454292612300182,177.26072509859532,153.8486209393318
2025-09-03 15:43:58.726487,907,2,POINT (177.27631230068272 153.8291883026417),0.024911608491671695,177.27631230068272,153.8291883026417
2025-09-03 15:43:59.726487,908,2,POINT (177.2916948773441 153.80891919372854),0.025445243973622272,177.2916948773441,153.80891919372854
2025-09-03 15:44:00.726487,909,2,POINT (177.30693746768387 153.78783072834293),0.026020375335231487,177.30693746768387,153.78783072834293
2025-09-03 15:44:01.726487,910,2,POINT (177.32201046911385 153.76595296395226),0.026567497940938236,177.32201046911385,153.76595296395226
2025-09-03 15:44:02.726487,911,2,POINT (177.33682978550976 153.7433019394691),0.027068081730689295,177.33682978550976,153.7433019394691
2025-09-03 15:44:03.726487,912,2,POINT (177.35138215086258 153.7199036318272),0.027554530260303647,177.35138215086258,153.7199036318272
2025-09-03 15:44:04.726487,913,2,POINT (177.365679816288 153.69573649495953),0.02807977458952435,177.365679816288,153.69573649495953
2025-09-03 15:44:05.726487,914,2,POINT (177.37981191402764 153.67184481755794),0.027758393966228596,177.37981191402764,153.67184481755794
2025-09-03 15:44:06.726487,915,2,POINT (177.39373805297703 153.64827256879633),0.027378609492026022,177.39373805297703,153.64827256879633
2025-09-03 15:44:07.726487,916,2,POINT (177.40733252801294 153.6239380321747),0.02787435064879452,177.40733252801294,153.6239380321747
2025-09-03 15:44:08.726487,917,2,POINT (177.42059707718445 153.59887497870417),0.028356743712729823,177.42059707718445,153.59887497870417
2025-09-03 15:44:09.726487,918,2,POINT (177.43353771768795 153.5730889415111),0.028850994623480043,177.43353771768795,153.5730889415111
2025-09-03 15:44:10.726487,919,2,POINT (177.4459740573949 153.5465976467141),0.02926518828449634,177.4459740573949,153.5465976467141
2025-09-03 15:44:11.726487,920,2,POINT (177.45793995769 153.51940086027662),0.029712757569749646,177.45793995769,153.51940086027662
2025-09-03 15:44:12.726487,921,2,POINT (177.4694733066457 153.49151676773502),0.030175167853759084,177.4694733066457,153.49151676773502
2025-09-03 15:44:13.726487,922,2,POINT (177.48058210413592 153.46292570695314),0.030673345730642197,177.48058210413592,153.46292570695314
2025-09-03 15:44:14.726487,923,2,POINT (177.49124321836027 153.43367545631895),0.031132563637895863,177.49124321836027,153.43367545631895
2025-09-03 15:44:15.726487,924,2,POINT (177.50145094787948 153.40377168684753),0.0315979931409733,177.50145094787948,153.40377168684753
2025-09-03 15:44:16.726487,925,2,POINT (177.51104821227105 153.37323787230488),0.032006582359363524,177.51104821227105,153.37323787230488
2025-09-03 15:44:17.726487,926,2,POINT (177.52006585990546 153.34211284094224),0.032405023471434494,177.52006585990546,153.34211284094224
2025-09-03 15:44:18.726487,927,2,POINT (177.52845781499775 153.31041632418732),0.03278862736782341,177.52845781499775,153.31041632418732
2025-09-03 15:44:19.726487,928,2,POINT (177.53635395619207 153.2781141912558),0.03325322296688434,177.53635395619207,153.2781141912558
2025-09-03 15:44:20.726487,929,2,POINT (177.54368664076614 153.24523422066196),0.03368769403380756,177.54368664076614,153.24523422066196
2025-09-03 15:44:21.726487,930,2,POINT (177.55038552703994 153.211815700985),0.03408331754258078,177.55038552703994,153.211815700985
2025-09-03 15:44:22.726487,931,2,POINT (177.55683938044325 153.17884114985316),0.033600197113976014,177.55683938044325,153.17884114985316
2025-09-03 15:44:23.726487,932,2,POINT (177.56322713276668 153.14731999499438),0.03216188090545556,177.56322713276668,153.14731999499438
2025-09-03 15:44:24.726487,933,2,POINT (177.56980696453837 153.1171706040892),0.030859033654607713,177.56980696453837,153.1171706040892
2025-09-03 15:44:25.726487,934,2,POINT (177.57646689816275 153.08845985688924),0.029473067717179852,177.57646689816275,153.08845985688924
2025-09-03 15:44:26.726487,935,2,POINT (177.5833051033311 153.06110491078638),0.028196704172914765,177.5833051033311,153.06110491078638
2025-09-03 15:44:27.726487,936,2,POINT (177.5903548023271 153.03509366431004),0.026949641912045862,177.5903548023271,153.03509366431004
2025-09-03 15:44:28.726487,937,2,POINT (177.59767702163992 153.01037376336654),0.025781551511131404,177.59767702163992,153.01037376336654
2025-09-03 15:44:29.726487,938,2,POINT (177.60530147366046 152.98690817396562),0.024673186955608353,177.60530147366046,152.98690817396562
2025-09-03 15:44:30.726487,939,2,POINT (177.61317458245665 152.964727965015),0.02353608954797375,177.61317458245665,152.964727965015
2025-09-03 15:44:31.726487,940,2,POINT (177.6213371806256 152.94376381787654),0.022497188137855208,177.6213371806256,152.94376381787654
2025-09-03 15:44:32.726487,941,2,POINT (177.62984352726582 152.92401199840396),0.02150563427665588,177.62984352726582,152.92401199840396
2025-09-03 15:44:33.726487,942,2,POINT (177.638864666703 152.90534927054776),0.020728684661103784,177.638864666703,152.90534927054776
2025-09-03 15:44:34.726487,943,2,POINT (177.64835010557354 152.8878087081919),0.019941035036493294,177.64835010557354,152.8878087081919
2025-09-03 15:44:35.726487,944,2,POINT (177.658272952629 152.87136550439138),0.019205255658583775,177.658272952629,152.87136550439138
2025-09-03 15:44:36.726487,945,2,POINT (177.66870610976352 152.85599709931802),0.01857521580742332,177.66870610976352,152.85599709931802
2025-09-03 15:44:37.726487,946,2,POINT (177.67978613904236 152.84200887582872),0.017844815639463156,177.67978613904236,152.84200887582872
2025-09-03 15:44:38.726487,947,2,POINT (177.69148353459022 152.82942914558265),0.017177854221845666,177.69148353459022,152.82942914558265
2025-09-03 15:44:39.726487,948,2,POINT (177.70382093347948 152.8182614862281),0.01664115461174658,177.70382093347948,152.8182614862281
2025-09-03 15:44:40.726487,949,2,POINT (177.7169101216771 152.80846582557547),0.016348755772055048,177.7169101216771,152.80846582557547
2025-09-03 15:44:41.726487,950,2,POINT (177.7306331906899 152.80011382124408),0.016064824912880093,177.7306331906899,152.80011382124408
2025-09-03 15:44:42.726487,951,2,POINT (177.74504459870323 152.79319319035545),0.01598698886042463,177.74504459870323,152.79319319035545
2025-09-03 15:44:43.726487,952,2,POINT (177.76023191254072 152.78767526410553),0.01615865129575787,177.76023191254072,152.78767526410553
2025-09-03 15:44:44.726487,953,2,POINT (177.7761260954551 152.78360819717938),0.01640628184257598,177.7761260954551,152.78360819717938
2025-09-03 15:44:45.726487,954,2,POINT (177.79273460138378 152.78100265593207),0.01681164222716431,177.79273460138378,152.78100265593207
2025-09-03 15:44:46.726487,955,2,POINT (177.8100696841629 152.77986703249275),0.01737224037234773,177.8100696841629,152.77986703249275
2025-09-03 15:44:47.726487,956,2,POINT (177.82816252612844 152.7802007980924),0.01809592025472952,177.82816252612844,152.7802007980924
2025-09-03 15:44:48.726487,957,2,POINT (177.84685930601674 152.78209184007324),0.01879216905960707,177.84685930601674,152.78209184007324
2025-09-03 15:44:49.726487,958,2,POINT (177.86622104882412 152.78552475751954),0.019663723114713854,177.86622104882412,152.78552475751954
2025-09-03 15:44:50.726487,959,2,POINT (177.88608918972977 152.79058673289865),0.02050284413894198,177.88608918972977,152.79058673289865
2025-09-03 15:44:51.726487,960,2,POINT (177.90626969784748 152.79647955413225),0.021023278763787272,177.90626969784748,152.79647955413225
2025-09-03 15:44:52.726487,961,2,POINT (177.9268652755878 152.80315400635538),0.021650083947565752,177.9268652755878,152.80315400635538
2025-09-03 15:44:53.726487,962,2,POINT (177.94770703968433 152.81068768377136),0.02216157544181952,177.94770703968433,152.81068768377136
2025-09-03 15:44:54.726487,963,2,POINT (177.96882326586348 152.8190519224177),0.022712452447544093,177.96882326586348,152.8190519224177
2025-09-03 15:44:55.726487,964,2,POINT (177.99005976820217 152.82826596534503),0.023149246610802327,177.99005976820217,152.82826596534503
2025-09-03 15:44:56.726487,965,2,POINT (178.011554052982 152.8382949384708),0.023718865490449367,178.011554052982,152.8382949384708
2025-09-03 15:44:57.726487,966,2,POINT (178.03325481377348 152.84913536387634),0.024257737773792108,178.03325481377348,152.84913536387634
2025-09-03 15:44:58.726487,967,2,POINT (178.05512315944398 152.86078746860156),0.024778944426503826,178.05512315944398,152.86078746860156
2025-09-03 15:44:59.726487,968,2,POINT (178.07705293791955 152.87329374604187),0.02524524033162321,178.07705293791955,152.87329374604187
2025-09-03 15:45:00.726487,969,2,POINT (178.0991070480042 152.88663834420214),0.02577716182371129,178.0991070480042,152.88663834420214
2025-09-03 15:45:01.726487,970,2,POINT (178.12121054274908 152.9008276192822),0.026265947674400603,178.12121054274908,152.9008276192822
2025-09-03 15:45:02.726487,971,2,POINT (178.14343097550994 152.9158346784483),0.026813419343578886,178.14343097550994,152.9158346784483
2025-09-03 15:45:03.726487,972,2,POINT (178.16581338242284 152.93163681430454),0.027398533479610705,178.16581338242284,152.93163681430454
2025-09-03 15:45:04.726487,973,2,POINT (178.18825176164052 152.94823465249868),0.027910017818611188,178.18825176164052,152.94823465249868
2025-09-03 15:45:05.726487,974,2,POINT (178.21070239307363 152.96561743759543),0.02839352161083901,178.21070239307363,152.96561743759543
2025-09-03 15:45:06.726487,975,2,POINT (178.23310386843724 152.98383273854267),0.028872535168653585,178.23310386843724,152.98383273854267
2025-09-03 15:45:07.726487,976,2,POINT (178.25548833780334 153.00282733732024),0.029357439457873807,178.25548833780334,153.00282733732024
2025-09-03 15:45:08.726487,977,2,POINT (178.2777940340463 153.02261070772815),0.02981485920778362,178.2777940340463,153.02261070772815
2025-09-03 15:45:09.726487,978,2,POINT (178.30002760542075 153.04317407676953),0.030285043212691074,178.30002760542075,153.04317407676953
2025-09-03 15:45:10.726487,979,2,POINT (178.32206917150597 153.0645630413978),0.030713489599175393,178.32206917150597,153.0645630413978
2025-09-03 15:45:11.726487,980,2,POINT (178.343891309645 153.0867492503065),0.031119665465721345,178.343891309645,153.0867492503065
2025-09-03 15:45:12.726487,981,2,POINT (178.36552353387626 153.10974297461183),0.03156999338963711,178.36552353387626,153.10974297461183
2025-09-03 15:45:13.726487,982,2,POINT (178.38682393432188 153.1335516620843),0.031946215085759504,178.38682393432188,153.1335516620843
2025-09-03 15:45:14.726487,983,2,POINT (178.40761353177737 153.15713572326882),0.03143907289212894,178.40761353177737,153.15713572326882
2025-09-03 15:45:15.726487,984,2,POINT (178.42796648465563 153.180457933694),0.03095429194764599,178.42796648465563,153.180457933694
2025-09-03 15:45:16.726487,985,2,POINT (178.44802003706624 153.20353778926417),0.030574903064867716,178.44802003706624,153.20353778926417
2025-09-03 15:45:17.726487,986,2,POINT (178.46774240688993 153.2263563831764),0.030160571937440955,178.46774240688993,153.2263563831764
2025-09-03 15:45:18.726487,987,2,POINT (178.4871996729474 153.2499409525836),0.030574779092476845,178.4871996729474,153.2499409525836
2025-09-03 15:45:19.726487,988,2,POINT (178.50642333503694 153.2743001301646),0.031030931609530393,178.50642333503694,153.2743001301646
2025-09-03 15:45:20.726487,989,2,POINT (178.52540682861735 153.299425993074),0.03149098308183321,178.52540682861735,153.299425993074
2025-09-03 15:45:21.726487,990,2,POINT (178.54417502027167 153.32530533307838),0.031968504141337915,178.54417502027167,153.32530533307838
2025-09-03 15:45:22.726487,991,2,POINT (178.5626309675219 153.35192277012777),0.03238996671782588,178.5626309675219,153.35192277012777
2025-09-03 15:45:23.726487,992,2,POINT (178.58068797128237 153.3793037637993),0.03279899692438903,178.58068797128237,153.3793037637993
2025-09-03 15:45:24.726487,993,2,POINT (178.59834197342144 153.40744497963),0.033220352495954765,178.59834197342144,153.40744497963
2025-09-03 15:45:25.726487,994,2,POINT (178.6157183274691 153.4363079097285),0.0336898562457764,178.6157183274691,153.4363079097285
2025-09-03 15:45:26.726487,995,2,POINT (178.63266810274746 153.46588518773018),0.03408973827966079,178.63266810274746,153.46588518773018
2025-09-03 15:45:27.726487,996,2,POINT (178.64919140834016 153.49615988850277),0.034490246948664004,178.64919140834016,153.49615988850277
2025-09-03 15:45:28.726487,997,2,POINT (178.66538662519957 153.52711126203607),0.034932400042385646,178.66538662519957,153.52711126203607
2025-09-03 15:45:29.726487,998,2,POINT (178.68108970167452 153.5587336189394),0.03530665754359074,178.68108970167452,153.5587336189394
2025-09-03 15:45:30.726487,999,2,POINT (178.69625308308045 153.59103816565982),0.03568629813349688,178.69625308308045,153.59103816565982
2025-09-03 15:45:31.726487,1000,2,POINT (178.71083987920244 153.62295508825704),0.035092229470088415,178.71083987920244,153.62295508825704
2025-09-03 15:45:32.726487,1001,2,POINT (178.7249817442066 153.65447557505573),0.03454755322481683,178.7249817442066,153.65447557505573
2025-09-03 15:45:33.726487,1002,2,POINT (178.73876593805832 153.68558583858604),0.03402723169855924,178.73876593805832,153.68558583858604
2025-09-03 15:45:34.726487,1003,2,POINT (178.75220301120896 153.7153016413155),0.0326126335445705,178.75220301120896,153.7153016413155
2025-09-03 15:45:35.726487,1004,2,POINT (178.76550435971347 153.74362622782826),0.031292300541138005,178.76550435971347,153.74362622782826
2025-09-03 15:45:36.726487,1005,2,POINT (178.77863539154188 153.7705569701997),0.02996145659935779,178.77863539154188,153.7705569701997
2025-09-03 15:45:37.726487,1006,2,POINT (178.79160737356955 153.79612149398142),0.02866735414914379,178.79160737356955,153.79612149398142
2025-09-03 15:45:38.726487,1007,2,POINT (178.8044516428124 153.82032535303674),0.02740076724387284,178.8044516428124,153.82032535303674
2025-09-03 15:45:39.726487,1008,2,POINT (178.81728257294185 153.84321018448077),0.026236392248330923,178.81728257294185,153.84321018448077
2025-09-03 15:45:40.726487,1009,2,POINT (178.83017440961657 153.86481171531048),0.025156024865523697,178.83017440961657,153.86481171531048
2025-09-03 15:45:41.726487,1010,2,POINT (178.8431349339201 153.88511525042594),0.024087522255459994,178.8431349339201,153.88511525042594
2025-09-03 15:45:42.726487,1011,2,POINT (178.85632038988317 153.90417233860433),0.02317388311855394,178.85632038988317,153.90417233860433
2025-09-03 15:45:43.726487,1012,2,POINT (178.86955865604153 153.92196643543687),0.022178403300639124,178.86955865604153,153.92196643543687
2025-09-03 15:45:44.726487,1013,2,POINT (178.8829726978423 153.93852823024838),0.021312662077060642,178.8829726978423,153.93852823024838
2025-09-03 15:45:45.726487,1014,2,POINT (178.89649047374013 153.95387996300315),0.02045497406006533,178.89649047374013,153.95387996300315
2025-09-03 15:45:46.726487,1015,2,POINT (178.91026525152625 153.9680876356879),0.01978894808155438,178.91026525152625,153.9680876356879
2025-09-03 15:45:47.726487,1016,2,POINT (178.9243401182968 153.9811590144913),0.01920840489033301,178.9243401182968,153.9811590144913
2025-09-03 15:45:48.726487,1017,2,POINT (178.9386028969035 153.99307207514434),0.018583537545523155,178.9386028969035,153.99307207514434
2025-09-03 15:45:49.726487,1018,2,POINT (178.9530191168352 154.00384420980953),0.017996285237921142,178.9530191168352,154.00384420980953
2025-09-03 15:45:50.726487,1019,2,POINT (178.96768241686723 154.01352725153282),0.01757195677334329,178.96768241686723,154.01352725153282
2025-09-03 15:45:51.726487,1020,2,POINT (178.98256346196243 154.0221078657474),0.01717767281748052,178.98256346196243,154.0221078657474
2025-09-03 15:45:52.726487,1021,2,POINT (178.99774593323872 154.02962493982477),0.01694148271965179,178.99774593323872,154.02962493982477
2025-09-03 15:45:53.726487,1022,2,POINT (179.0132508777909 154.0361031275229),0.01680387519052116,179.0132508777909,154.0361031275229
2025-09-03 15:45:54.726487,1023,2,POINT (179.02900452012736 154.04154429291737),0.01666683916388365,179.02900452012736,154.04154429291737
2025-09-03 15:45:55.726487,1024,2,POINT (179.045031567497 154.0459730324935),0.016627687200030817,179.045031567497,154.0459730324935
2025-09-03 15:45:56.726487,1025,2,POINT (179.06133766704625 154.04939891570896),0.016662099457024362,179.06133766704625,154.04939891570896
2025-09-03 15:45:57.726487,1026,2,POINT (179.07789614868597 154.05181489670065),0.01673380645176487,179.07789614868597,154.05181489670065
2025-09-03 15:45:58.726487,1027,2,POINT (179.0946770644184 154.05322693636404),0.016840219381877606,179.0946770644184,154.05322693636404
2025-09-03 15:45:59.726487,1028,2,POINT (179.11176439373247 154.0536683445149),0.017093029697612665,179.11176439373247,154.0536683445149
2025-09-03 15:46:00.726487,1029,2,POINT (179.1290311482323 154.05310819985837),0.017275837837659798,179.1290311482323,154.05310819985837
2025-09-03 15:46:01.726487,1030,2,POINT (179.14656958301381 154.05160936841926),0.017602363201251536,179.14656958301381,154.05160936841926
2025-09-03 15:46:02.726487,1031,2,POINT (179.1643475727655 154.04917777404907),0.01794351054817451,179.1643475727655,154.04917777404907
2025-09-03 15:46:03.726487,1032,2,POINT (179.18241201494516 154.04583481931815),0.018371157219808924,179.18241201494516,154.04583481931815
2025-09-03 15:46:04.726487,1033,2,POINT (179.2006095936996 154.0415394586475),0.018697646798862117,179.2006095936996,154.0415394586475
2025-09-03 15:46:05.726487,1034,2,POINT (179.21898386018844 154.03631291898492),0.019103151202031175,179.21898386018844,154.03631291898492
2025-09-03 15:46:06.726487,1035,2,POINT (179.2375939565359 154.03016829874053),0.01959826635213935,179.2375939565359,154.03016829874053
2025-09-03 15:46:07.726487,1036,2,POINT (179.2562748248725 154.02309267462215),0.019975968023443248,179.2562748248725,154.02309267462215
2025-09-03 15:46:08.726487,1037,2,POINT (179.27510496108343 154.0151060168641),0.020453868383914293,179.27510496108343,154.0151060168641
2025-09-03 15:46:09.726487,1038,2,POINT (179.29409596471203 154.00624128497034),0.020958093672131254,179.29409596471203,154.00624128497034
2025-09-03 15:46:10.726487,1039,2,POINT (179.31318914584847 153.9964640692994),0.021450955973684478,179.31318914584847,153.9964640692994
2025-09-03 15:46:11.726487,1040,2,POINT (179.33255583890593 153.98585545807336),0.02208192546240979,179.33255583890593,153.98585545807336
2025-09-03 15:46:12.726487,1041,2,POINT (179.35197866373974 153.97434956448782),0.02257502406923561,179.35197866373974,153.97434956448782
2025-09-03 15:46:13.726487,1042,2,POINT (179.37139111665087 153.96194887530729),0.02303519959060501,179.37139111665087,153.96194887530729
2025-09-03 15:46:14.726487,1043,2,POINT (179.39082084730256 153.94867906494528),0.023528754753300296,179.39082084730256,153.94867906494528
2025-09-03 15:46:15.726487,1044,2,POINT (179.41035379289514 153.93454783127032),0.02410866501278577,179.41035379289514,153.93454783127032
2025-09-03 15:46:16.726487,1045,2,POINT (179.42985655914717 153.9195544164402),0.024600007718480886,179.42985655914717,153.9195544164402
2025-09-03 15:46:17.726487,1046,2,POINT (179.44945577616187 153.9037145532441),0.02519981296876428,179.44945577616187,153.9037145532441
2025-09-03 15:46:18.726487,1047,2,POINT (179.46896802894577 153.88700227606742),0.02569101432666476,179.46896802894577,153.88700227606742
2025-09-03 15:46:19.726487,1048,2,POINT (179.48844768606128 153.86945769036592),0.026215825922048987,179.48844768606128,153.86945769036592
2025-09-03 15:46:20.726487,1049,2,POINT (179.5078077354222 153.85105607433312),0.026710128862966507,179.5078077354222,153.85105607433312
2025-09-03 15:46:21.726487,1050,2,POINT (179.52700245213984 153.83181173343448),0.027180540952917893,179.52700245213984,153.83181173343448
2025-09-03 15:46:22.726487,1051,2,POINT (179.54597876157573 153.8117537528827),0.027612006512052232,179.54597876157573,153.8117537528827
2025-09-03 15:46:23.726487,1052,2,POINT (179.5648579608991 153.7908691109202),0.028153018257269187,179.5648579608991,153.7908691109202
2025-09-03 15:46:24.726487,1053,2,POINT (179.5835048162079 153.7691871706588),0.028597408036496526,179.5835048162079,153.7691871706588
2025-09-03 15:46:25.726487,1054,2,POINT (179.6018840467911 153.74671107967308),0.029033959131145724,179.6018840467911,153.74671107967308
2025-09-03 15:46:26.726487,1055,2,POINT (179.62008555679347 153.7234544856284),0.029532425110808676,179.62008555679347,153.7234544856284
2025-09-03 15:46:27.726487,1056,2,POINT (179.6380365551034 153.6993988091684),0.03001522797300523,179.6380365551034,153.6993988091684
2025-09-03 15:46:28.726487,1057,2,POINT (179.65566332282657 153.67561404709872),0.029604355204555687,179.65566332282657,153.67561404709872
2025-09-03 15:46:29.726487,1058,2,POINT (179.6729268415154 153.65211647446162),0.029157589018212176,179.6729268415154,153.65211647446162
2025-09-03 15:46:30.726487,1059,2,POINT (179.68989504477713 153.628904855013),0.02875237728188388,179.68989504477713,153.628904855013
2025-09-03 15:46:31.726487,1060,2,POINT (179.70661036673752 153.60595644023306),0.0283906979335017,179.70661036673752,153.60595644023306
2025-09-03 15:46:32.726487,1061,2,POINT (179.72306541248284 153.58328680854828),0.0280121532768185,179.72306541248284,153.58328680854828
2025-09-03 15:46:33.726487,1062,2,POINT (179.7391781410833 153.56088501361296),0.0275945726416671,179.7391781410833,153.56088501361296
2025-09-03 15:46:34.726487,1063,2,POINT (179.7550548233517 153.5387396914813),0.027248565690080977,179.7550548233517,153.5387396914813
2025-09-03 15:46:35.726487,1064,2,POINT (179.77069557491478 153.51686855298956),0.026888283849714534,179.77069557491478,153.51686855298956
2025-09-03 15:46:36.726487,1065,2,POINT (179.7861193045223 153.49525631121384),0.026551467559777952,179.7861193045223,153.49525631121384
2025-09-03 15:46:37.726487,1066,2,POINT (179.8013719352336 153.47393138125918),0.026218226125855032,179.8013719352336,153.47393138125918
2025-09-03 15:46:38.726487,1067,2,POINT (179.8164131353416 153.45284931423592),0.025897707440283302,179.8164131353416,153.45284931423592
2025-09-03 15:46:39.726487,1068,2,POINT (179.83115521882337 153.4320255977566),0.02551384317179021,179.83115521882337,153.4320255977566
2025-09-03 15:46:40.726487,1069,2,POINT (179.8457841325592 153.411461156492),0.025236904755039338,179.8457841325592,153.411461156492
2025-09-03 15:46:41.726487,1070,2,POINT (179.86028033555672 153.39114956056002),0.024953974245590378,179.86028033555672,153.39114956056002
2025-09-03 15:46:42.726487,1071,2,POINT (179.8747890482636 153.37212968423543),0.023921923831784177,179.8747890482636,153.37212968423543
2025-09-03 15:46:43.726487,1072,2,POINT (179.88934225772988 153.35435872777873),0.022969605986066257,179.88934225772988,153.35435872777873
2025-09-03 15:46:44.726487,1073,2,POINT (179.90387659779392 153.33785697872503),0.0219898786474299,179.90387659779392,153.33785697872503
2025-09-03 15:46:45.726487,1074,2,POINT (179.9183537821652 153.3225972877889),0.021034424992999727,179.9183537821652,153.3225972877889
2025-09-03 15:46:46.726487,1075,2,POINT (179.93290155204502 153.30853309004132),0.020234605673429336,179.93290155204502,153.30853309004132
2025-09-03 15:46:47.726487,1076,2,POINT (179.94755414564534 153.29565169225955),0.019509713171346456,179.94755414564534,153.29565169225955
2025-09-03 15:46:48.726487,1077,2,POINT (179.96233196750615 153.28392973154843),0.01886235356107195,179.96233196750615,153.28392973154843
2025-09-03 15:46:49.726487,1078,2,POINT (179.97730885534904 153.27335580448198),0.018333442204481586,179.97730885534904,153.27335580448198
2025-09-03 15:46:50.726487,1079,2,POINT (179.99256275975313 153.26387707486583),0.01795906218891142,179.99256275975313,153.26387707486583
2025-09-03 15:46:51.726487,1080,2,POINT (180.0081015722202 153.2554875531539),0.017658957144797555,180.0081015722202,153.2554875531539
2025-09-03 15:46:52.726487,1081,2,POINT (180.02382646742964 153.24818349391677),0.017338443144858898,180.02382646742964,153.24818349391677
2025-09-03 15:46:53.726487,1082,2,POINT (180.03967720675976 153.24196917309007),0.01702538459620077,180.03967720675976,153.24196917309007
2025-09-03 15:46:54.726487,1083,2,POINT (180.05558591646414 153.23579679994347),0.017064150571269723,180.05558591646414,153.23579679994347
2025-09-03 15:46:55.726487,1084,2,POINT (180.0715424562734 153.22965697992632),0.017097033442305204,180.0715424562734,153.22965697992632
2025-09-03 15:46:56.726487,1085,2,POINT (180.0874243444203 153.22359178510465),0.01700061643987436,180.0874243444203,153.22359178510465
2025-09-03 15:46:57.726487,1086,2,POINT (180.10324706990266 153.21756602046764),0.01693128704944927,180.10324706990266,153.21756602046764
2025-09-03 15:46:58.726487,1087,2,POINT (180.1189809471241 153.2115938630324),0.016829187646783764,180.1189809471241,153.2115938630324
2025-09-03 15:46:59.726487,1088,2,POINT (180.13466302517347 153.2056652205501),0.016765332493850958,180.13466302517347,153.2056652205501
2025-09-03 15:47:00.726487,1089,2,POINT (180.15043965543182 153.19975412481466),0.01684764420037222,180.15043965543182,153.19975412481466
2025-09-03 15:47:01.726487,1090,2,POINT (180.16613602370566 153.19386890658598),0.016763405697743414,180.16613602370566,153.19386890658598
2025-09-03 15:47:02.726487,1091,2,POINT (180.1819201840008 153.1879969006835),0.01684102638028829,180.1819201840008,153.1879969006835
2025-09-03 15:47:03.726487,1092,2,POINT (180.19764633231603 153.18216865055416),0.016771411401620764,180.19764633231603,153.18216865055416
2025-09-03 15:47:04.726487,1093,2,POINT (180.21339988183132 153.1763545217193),0.01679221297027825,180.21339988183132,153.1763545217193
2025-09-03 15:47:05.726487,1094,2,POINT (180.22938921316558 153.17161066147398),0.016678217127251274,180.22938921316558,153.17161066147398
2025-09-03 15:47:06.726487,1095,2,POINT (180.2456337844048 153.167904761067),0.01666192643640708,180.2456337844048,153.167904761067
2025-09-03 15:47:07.726487,1096,2,POINT (180.26202419690662 153.1652577744252),0.016602775679449858,180.26202419690662,153.1652577744252
2025-09-03 15:47:08.726487,1097,2,POINT (180.2785558856137 153.16363173509615),0.016611463975453995,180.2785558856137,153.16363173509615
2025-09-03 15:47:09.726487,1098,2,POINT (180.2952630704585 153.16303195277246),0.01671794737023072,180.2952630704585,153.16303195277246
2025-09-03 15:47:10.726487,1099,2,POINT (180.31217013714027 153.16344203298962),0.016912039190063417,180.31217013714027,153.16344203298962
2025-09-03 15:47:11.726487,1100,2,POINT (180.32903171756288 153.1638130908493),0.01686566269920885,180.32903171756288,153.1638130908493
2025-09-03 15:47:12.726487,1101,2,POINT (180.34580862574938 153.1641561843686),0.01678041600977942,180.34580862574938,153.1641561843686
2025-09-03 15:47:13.726487,1102,2,POINT (180.36256203153755 153.1644579654781),0.01675612357739646,180.36256203153755,153.1644579654781
2025-09-03 15:47:14.726487,1103,2,POINT (180.3792365665326 153.16471269813488),0.016676480624744767,180.3792365665326,153.16471269813488
2025-09-03 15:47:15.726487,1104,2,POINT (180.39589768940593 153.1649215589303),0.016662431942308806,180.39589768940593,153.1649215589303
2025-09-03 15:47:16.726487,1105,2,POINT (180.4126284207058 153.16507060542705),0.016731395180520435,180.4126284207058,153.16507060542705
2025-09-03 15:47:17.726487,1106,2,POINT (180.42930427675404 153.1651994054821),0.016676353450192045,180.42930427675404,153.1651994054821
2025-09-03 15:47:18.726487,1107,2,POINT (180.4459869949014 153.16528731838142),0.016682949783005635,180.4459869949014,153.16528731838142
2025-09-03 15:47:19.726487,1108,2,POINT (180.4626122174324 153.16535407904564),0.016625356573356224,180.4626122174324,153.16535407904564
2025-09-03 15:47:20.726487,1109,2,POINT (180.4792437005759 153.16538647931213),0.01663151470341034,180.4792437005759,153.16538647931213
2025-09-03 15:47:21.726487,1110,2,POINT (180.49585201109568 153.1654028759719),0.01660831861363675,180.49585201109568,153.1654028759719
2025-09-03 15:47:22.726487,1111,2,POINT (180.51249501034889 153.16537756040915),0.01664301850686878,180.51249501034889,153.16537756040915
2025-09-03 15:47:23.726487,1112,2,POINT (180.52904171573525 153.16534036138324),0.01654674720029744,180.52904171573525,153.16534036138324
2025-09-03 15:47:24.726487,1113,2,POINT (180.5455790293836 153.1652512840735),0.01653755355156154,180.5455790293836,153.1652512840735
2025-09-03 15:47:25.726487,1114,2,POINT (180.56194807418836 153.1651565395801),0.016369318994380672,180.56194807418836,153.1651565395801
2025-09-03 15:47:26.726487,1115,2,POINT (180.57834783722564 153.1650184851863),0.016400344102922737,180.57834783722564,153.1650184851863
2025-09-03 15:47:27.726487,1116,2,POINT (180.594689610845 153.16484877001636),0.01634265487199971,180.594689610845,153.16484877001636
2025-09-03 15:47:28.726487,1117,2,POINT (180.61111922802036 153.16462280846073),0.01643117096112053,180.61111922802036,153.16462280846073
2025-09-03 15:47:29.726487,1118,2,POINT (180.62746129705872 153.16438548648512),0.01634379216016281,180.62746129705872,153.16438548648512
2025-09-03 15:47:30.726487,1119,2,POINT (180.6438813929587 153.16407897570033),0.016422956439860022,180.6438813929587,153.16407897570033
2025-09-03 15:47:31.726487,1120,2,POINT (180.66033435575582 153.16373934907784),0.016456467757283523,180.66033435575582,153.16373934907784
2025-09-03 15:47:32.726487,1121,2,POINT (180.6767848865638 153.16337944873325),0.01645446723909827,180.6767848865638,153.16337944873325
2025-09-03 15:47:33.726487,1122,2,POINT (180.69318356603347 153.16297964510676),0.016403552398440963,180.69318356603347,153.16297964510676
2025-09-03 15:47:34.726487,1123,2,POINT (180.70965300071185 153.16255145045938),0.016475000129943195,180.70965300071185,153.16255145045938
2025-09-03 15:47:35.726487,1124,2,POINT (180.72603207773196 153.16212524630143),0.016384621265527363,180.72603207773196,153.16212524630143
2025-09-03 15:47:36.726487,1125,2,POINT (180.742467312644 153.1616532987228),0.016442009643936762,180.742467312644,153.1616532987228
2025-09-03 15:47:37.726487,1126,2,POINT (180.75892632704503 153.16115152962732),0.01646666108469549,180.75892632704503,153.16115152962732
2025-09-03 15:47:38.726487,1127,2,POINT (180.77537308011074 153.16063504879335),0.016454860645299347,180.77537308011074,153.16063504879335
2025-09-03 15:47:39.726487,1128,2,POINT (180.79183081311837 153.1600905330291),0.016466738388881498,180.79183081311837,153.1600905330291
2025-09-03 15:47:40.726487,1129,2,POINT (180.808324033441 153.15951778157057),0.016503162146828756,180.808324033441,153.15951778157057
2025-09-03 15:47:41.726487,1130,2,POINT (180.8248542715476 153.15890928976836),0.016541433859665285,180.8248542715476,153.15890928976836
2025-09-03 15:47:42.726487,1131,2,POINT (180.8413652917791 153.15827329903246),0.016523264607872873,180.8413652917791,153.15827329903246
2025-09-03 15:47:43.726487,1132,2,POINT (180.85786128396094 153.15760867853962),0.01650937547160792,180.85786128396094,153.15760867853962
2025-09-03 15:47:44.726487,1133,2,POINT (180.87438167022557 153.15691812145317),0.01653481271204,180.87438167022557,153.15691812145317
2025-09-03 15:47:45.726487,1134,2,POINT (180.890874570207 153.15623643410726),0.016506981778464123,180.890874570207,153.15623643410726
2025-09-03 15:47:46.726487,1135,2,POINT (180.90737062394888 153.15554435858533),0.016510565029197094,180.90737062394888,153.15554435858533
2025-09-03 15:47:47.726487,1136,2,POINT (180.92390120010072 153.15484020914107),0.016545566607146733,180.92390120010072,153.15484020914107
2025-09-03 15:47:48.726487,1137,2,POINT (180.9404852761937 153.15410206166342),0.016600495220221362,180.9404852761937,153.15410206166342
2025-09-03 15:47:49.726487,1138,2,POINT (180.9570336429291 153.15334634361125),0.016565613522713244,180.9570336429291,153.15334634361125
2025-09-03 15:47:50.726487,1139,2,POINT (180.97359930606692 153.15256375773018),0.016584138080005476,180.97359930606692,153.15256375773018
2025-09-03 15:47:51.726487,1140,2,POINT (180.9902438053045 153.1517408933245),0.016664827052797527,180.9902438053045,153.1517408933245
2025-09-03 15:47:52.726487,1141,2,POINT (181.00680344516138 153.15091615243318),0.016580164948752273,181.00680344516138,153.15091615243318
2025-09-03 15:47:53.726487,1142,2,POINT (181.02327822564104 153.1500712716205),0.01649643038479679,181.02327822564104,153.1500712716205
2025-09-03 15:47:54.726487,1143,2,POINT (181.03977225139892 153.14921846912742),0.016516057574185016,181.03977225139892,153.14921846912742
2025-09-03 15:47:55.726487,1144,2,POINT (181.0562851447707 153.14835914620343),0.016535237627429006,181.0562851447707,153.14835914620343
2025-09-03 15:47:56.726487,1145,2,POINT (181.07280029965497 153.1474794558045),0.01653856692853236,181.07280029965497,153.1474794558045
2025-09-03 15:47:57.726487,1146,2,POINT (181.08919470967083 153.1465899267308),0.016418524347248564,181.08919470967083,153.1465899267308
2025-09-03 15:47:58.726487,1147,2,POINT (181.1056124617621 153.14566313036943),0.01644389051366599,181.1056124617621,153.14566313036943
2025-09-03 15:47:59.726487,1148,2,POINT (181.12190032300148 153.14472611802668),0.0163147913221137,181.12190032300148,153.14472611802668
2025-09-03 15:48:00.726487,1149,2,POINT (181.1383227595661 153.1437548370564),0.016451133986517385,181.1383227595661,153.1437548370564
2025-09-03 15:48:01.726487,1150,2,POINT (181.15465060717247 153.1427732825128),0.016357324254861614,181.15465060717247,153.1427732825128
2025-09-03 15:48:02.726487,1151,2,POINT (181.17100594343984 153.141765906198),0.016386330628247403,181.17100594343984,153.141765906198
2025-09-03 15:48:03.726487,1152,2,POINT (181.18733225601747 153.14074776524646),0.0163580284074754,181.18733225601747,153.14074776524646
2025-09-03 15:48:04.726487,1153,2,POINT (181.20374489729673 153.13970928806734),0.016445462249910163,181.20374489729673,153.13970928806734
2025-09-03 15:48:05.726487,1154,2,POINT (181.22023751154842 153.13865215212115),0.01652645942916174,181.22023751154842,153.13865215212115
2025-09-03 15:48:06.726487,1155,2,POINT (181.23671140810737 153.13756891031852),0.016509472451835976,181.23671140810737,153.13756891031852
2025-09-03 15:48:07.726487,1156,2,POINT (181.25319169984223 153.1364752228621),0.016516542250683816,181.25319169984223,153.1364752228621
2025-09-03 15:48:08.726487,1157,2,POINT (181.2696538792873 153.1353641264772),0.016499632943121272,181.2696538792873,153.1353641264772
2025-09-03 15:48:09.726487,1158,2,POINT (181.28619192920976 153.13421584607292),0.016577866060658232,181.28619192920976,153.13421584607292
2025-09-03 15:48:10.726487,1159,2,POINT (181.3027256365888 153.13306075946699),0.01657400690125714,181.3027256365888,153.13306075946699
2025-09-03 15:48:11.726487,1160,2,POINT (181.3191954102787 153.13190949727678),0.016509962144924537,181.3191954102787,153.13190949727678
2025-09-03 15:48:12.726487,1161,2,POINT (181.3358078034615 153.13072547093077),0.016654534687236176,181.3358078034615,153.13072547093077
2025-09-03 15:48:13.726487,1162,2,POINT (181.35230997723534 153.12953304351765),0.01654519937617053,181.35230997723534,153.12953304351765
2025-09-03 15:48:14.726487,1163,2,POINT (181.36875164927918 153.12832586210328),0.016485929350946015,181.36875164927918,153.12832586210328
2025-09-03 15:48:15.726487,1164,2,POINT (181.38519585296015 153.12710646688723),0.016489352910116294,181.38519585296015,153.12710646688723
2025-09-03 15:48:16.726487,1165,2,POINT (181.40171701316407 153.12584737704998),0.01656906882422551,181.40171701316407,153.12584737704998
2025-09-03 15:48:17.726487,1166,2,POINT (181.4183413088083 153.12456996653054),0.016673301511746546,181.4183413088083,153.12456996653054
2025-09-03 15:48:18.726487,1167,2,POINT (181.43493267051517 153.12329284411933),0.01664044245029228,181.43493267051517,153.12329284411933
2025-09-03 15:48:19.726487,1168,2,POINT (181.45144587655793 153.1220231951511),0.016561943796342262,181.45144587655793,153.1220231951511
2025-09-03 15:48:20.726487,1169,2,POINT (181.467971862552 153.1207149628208),0.016577686355640768,181.467971862552,153.1207149628208
2025-09-03 15:48:21.726487,1170,2,POINT (181.48450413925661 153.11938808641784),0.016585438614248164,181.48450413925661,153.11938808641784
2025-09-03 15:48:22.726487,1171,2,POINT (181.50100137371874 153.11806569772747),0.01655014974997624,181.50100137371874,153.11806569772747
2025-09-03 15:48:23.726487,1172,2,POINT (181.51741544877365 153.11677001126856),0.016465134779529402,181.51741544877365,153.11677001126856
2025-09-03 15:48:24.726487,1173,2,POINT (181.53385903504412 153.11546182004102),0.016495541631670347,181.53385903504412,153.11546182004102
2025-09-03 15:48:25.726487,1174,2,POINT (181.55028988282055 153.1141506785844),0.016483077703257264,181.55028988282055,153.1141506785844
2025-09-03 15:48:26.726487,1175,2,POINT (181.56666473947755 153.1128254569219),0.01642839441308399,181.56666473947755,153.1128254569219
2025-09-03 15:48:27.726487,1176,2,POINT (181.58297112333474 153.11152055162475),0.016358512534239374,181.58297112333474,153.11152055162475
2025-09-03 15:48:28.726487,1177,2,POINT (181.59945988099167 153.11018931806893),0.016542409493453425,181.59945988099167,153.11018931806893
2025-09-03 15:48:29.726487,1178,2,POINT (181.61599169511123 153.10886066046027),0.016585120111857705,181.61599169511123,153.10886066046027
2025-09-03 15:48:30.726487,1179,2,POINT (181.63254036332202 153.10752028811658),0.016602861728343264,181.63254036332202,153.10752028811658
2025-09-03 15:48:31.726487,1180,2,POINT (181.649031343577 153.10617930604963),0.01654541213370672,181.649031343577,153.10617930604963
2025-09-03 15:48:32.726487,1181,2,POINT (181.66563374226232 153.10479807441362),0.01665975518842343,181.66563374226232,153.10479807441362
2025-09-03 15:48:33.726487,1182,2,POINT (181.68210466576517 153.10340800035883),0.016529477514869932,181.68210466576517,153.10340800035883
2025-09-03 15:48:34.726487,1183,2,POINT (181.69853736140826 153.1020112565542),0.016491948925284872,181.69853736140826,153.1020112565542
2025-09-03 15:48:35.726487,1184,2,POINT (181.71488922571197 153.1006240858109),0.016410597456466267,181.71488922571197,153.1006240858109
2025-09-03 15:48:36.726487,1185,2,POINT (181.73119139841373 153.09922241385817),0.01636232010018561,181.73119139841373,153.09922241385817
2025-09-03 15:48:37.726487,1186,2,POINT (181.74750239104824 153.0978066551367),0.016372319734253554,181.74750239104824,153.0978066551367
2025-09-03 15:48:38.726487,1187,2,POINT (181.76378697979854 153.09638891645344),0.016346186519806218,181.76378697979854,153.09638891645344
2025-09-03 15:48:39.726487,1188,2,POINT (181.7800972252729 153.09497282383256),0.01637160425079665,181.7800972252729,153.09497282383256
2025-09-03 15:48:40.726487,1189,2,POINT (181.79637086949776 153.09355269687975),0.016335490715605933,181.79637086949776,153.09355269687975
2025-09-03 15:48:41.726487,1190,2,POINT (181.81265828115352 153.0921214404141),0.016350176559121073,181.81265828115352,153.0921214404141
2025-09-03 15:48:42.726487,1191,2,POINT (181.82892272159845 153.09070835651062),0.016325710676871198,181.82892272159845,153.09070835651062
2025-09-03 15:48:43.726487,1192,2,POINT (181.8451656350856 153.08927271937404),0.01630623477505903,181.8451656350856,153.08927271937404
2025-09-03 15:48:44.726487,1193,2,POINT (181.86142896660968 153.08783368700773),0.0163268725239456,181.86142896660968,153.08783368700773
2025-09-03 15:48:45.726487,1194,2,POINT (181.87780558310462 153.0863484328456),0.016443830081474597,181.87780558310462,153.0863484328456
2025-09-03 15:48:46.726487,1195,2,POINT (181.8943309473271 153.08483448948712),0.016594568002153504,181.8943309473271,153.08483448948712
2025-09-03 15:48:47.726487,1196,2,POINT (181.91078593058845 153.08330511824227),0.01652590241215445,181.91078593058845,153.08330511824227
2025-09-03 15:48:48.726487,1197,2,POINT (181.92722012878892 153.0817602031683),0.016506654206050964,181.92722012878892,153.0817602031683
2025-09-03 15:48:49.726487,1198,2,POINT (181.94365707188678 153.08020957181714),0.01650992295528488,181.94365707188678,153.08020957181714
2025-09-03 15:48:50.726487,1199,2,POINT (181.9600745657819 153.07865406375907),0.0164910191048027,181.9600745657819,153.07865406375907
2025-09-03 15:48:51.726487,1200,2,POINT (181.97650319510333 153.07710190708934),0.016501789348692845,181.97650319510333,153.07710190708934
2025-09-03 15:48:52.726487,1201,2,POINT (181.99297480805365 153.0755230619702),0.01654710805836372,181.99297480805365,153.0755230619702
2025-09-03 15:48:53.726487,1202,2,POINT (182.00944325473296 153.07393915694982),0.016544439886042886,182.00944325473296,153.07393915694982
2025-09-03 15:48:54.726487,1203,2,POINT (182.02601491439603 153.07232630246116),0.016649961068730797,182.02601491439603,153.07232630246116
2025-09-03 15:48:55.726487,1204,2,POINT (182.04272891661267 153.07069461237842),0.016793459519233844,182.04272891661267,153.07069461237842
2025-09-03 15:48:56.726487,1205,2,POINT (182.05933266565538 153.06908954694933),0.0166811485607158,182.05933266565538,153.06908954694933
2025-09-03 15:48:57.726487,1206,2,POINT (182.07600679000333 153.06746479487924),0.016753096491705848,182.07600679000333,153.06746479487924
2025-09-03 15:48:58.726487,1207,2,POINT (182.0927200856612 153.06583499937898),0.01679257231992488,182.0927200856612,153.06583499937898
2025-09-03 15:48:59.726487,1208,2,POINT (182.10949032648443 153.06417753304763),0.016851948608657803,182.10949032648443,153.06417753304763
2025-09-03 15:49:00.726487,1209,2,POINT (182.1262816535031 153.06250243765933),0.01687467355558803,182.1262816535031,153.06250243765933
2025-09-03 15:49:01.726487,1210,2,POINT (182.1430465394198 153.06082981058915),0.01684811802890359,182.1430465394198,153.06082981058915
2025-09-03 15:49:02.726487,1211,2,POINT (182.1598346694392 153.05915825083483),0.016871141679220204,182.1598346694392,153.05915825083483
2025-09-03 15:49:03.726487,1212,2,POINT (182.17687162052025 153.05907096295311),0.017037174686915943,182.17687162052025,153.05907096295311
2025-09-03 15:49:04.726487,1213,2,POINT (182.19405373708778 153.06059365755604),0.01724945589270282,182.19405373708778,153.06059365755604
2025-09-03 15:49:05.726487,1214,2,POINT (182.21144916464584 153.06373206344958),0.017676269161794263,182.21144916464584,153.06373206344958
2025-09-03 15:49:06.726487,1215,2,POINT (182.229132157782 153.06849168247354),0.018312351555897548,182.229132157782,153.06849168247354
2025-09-03 15:49:07.726487,1216,2,POINT (182.24706800261472 153.07489067553848),0.01904315210538139,182.24706800261472,153.07489067553848
2025-09-03 15:49:08.726487,1217,2,POINT (182.26524667685433 153.08294456276516),0.019882889542765975,182.26524667685433,153.08294456276516
2025-09-03 15:49:09.726487,1218,2,POINT (182.28350913767594 153.09268379470012),0.02069710399895346,182.28350913767594,153.09268379470012
2025-09-03 15:49:10.726487,1219,2,POINT (182.30188382542335 153.10411900901806),0.021642395345989395,182.30188382542335,153.10411900901806
2025-09-03 15:49:11.726487,1220,2,POINT (182.32032251946723 153.11726816196185),0.02264697907410152,182.32032251946723,153.11726816196185
2025-09-03 15:49:12.726487,1221,2,POINT (182.33882430649552 153.13214471151306),0.023740847705808227,182.33882430649552,153.13214471151306
2025-09-03 15:49:13.726487,1222,2,POINT (182.35726048198492 153.14877148906834),0.02482624213505659,182.35726048198492,153.14877148906834
2025-09-03 15:49:14.726487,1223,2,POINT (182.37564234522355 153.1671596754399),0.02600035180837361,182.37564234522355,153.1671596754399
2025-09-03 15:49:15.726487,1224,2,POINT (182.3939602149789 153.18732223048357),0.02724101646897459,182.3939602149789,153.18732223048357
2025-09-03 15:49:16.726487,1225,2,POINT (182.41209514010774 153.20926011111106),0.028463065819662268,182.41209514010774,153.20926011111106
2025-09-03 15:49:17.726487,1226,2,POINT (182.43004322797728 153.23294284273246),0.029715410736243546,182.43004322797728,153.23294284273246
2025-09-03 15:49:18.726487,1227,2,POINT (182.4478086994235 153.2583618855564),0.03101192857260261,182.4478086994235,153.2583618855564
2025-09-03 15:49:19.726487,1228,2,POINT (182.46513160218913 153.28348937362344),0.03052005269960257,182.46513160218913,153.28348937362344
2025-09-03 15:49:20.726487,1229,2,POINT (182.48214487459245 153.3083340504015),0.030111615733396643,182.48214487459245,153.3083340504015
2025-09-03 15:49:21.726487,1230,2,POINT (182.49872019244975 153.3328817596793),0.02961977705619305,182.49872019244975,153.3328817596793
2025-09-03 15:49:22.726487,1231,2,POINT (182.51516306682177 153.35716223581403),0.029324215913519004,182.51516306682177,153.35716223581403
2025-09-03 15:49:23.726487,1232,2,POINT (182.5314095094988 153.3811449975417),0.028967563924906733,182.5314095094988,153.3811449975417
2025-09-03 15:49:24.726487,1233,2,POINT (182.54749405322562 153.40483952894175),0.028638145281574143,182.54749405322562,153.40483952894175
2025-09-03 15:49:25.726487,1234,2,POINT (182.56321195274543 153.42825144086004),0.02819875857169299,182.56321195274543,153.42825144086004
2025-09-03 15:49:26.726487,1235,2,POINT (182.5786658952844 153.4513981501761),0.02783153772537734,182.5786658952844,153.4513981501761
2025-09-03 15:49:27.726487,1236,2,POINT (182.59405368798716 153.47323427182437),0.02671329955100524,182.59405368798716,153.47323427182437
2025-09-03 15:49:28.726487,1237,2,POINT (182.6093558563568 153.4937731463129),0.025612530567451663,182.6093558563568,153.4937731463129
2025-09-03 15:49:29.726487,1238,2,POINT (182.624701760577 153.5130538808211),0.024642311164168856,182.624701760577,153.5130538808211
2025-09-03 15:49:30.726487,1239,2,POINT (182.63978864155297 153.53406869500157),0.02586960364253773,182.63978864155297,153.53406869500157
2025-09-03 15:49:31.726487,1240,2,POINT (182.65448772795148 153.5568158662739),0.027083148669300977,182.65448772795148,153.5568158662739
2025-09-03 15:49:32.726487,1241,2,POINT (182.66883992490784 153.58033806453957),0.027555024382575722,182.66883992490784,153.58033806453957
2025-09-03 15:49:33.726487,1242,2,POINT (182.68284673029 153.60462830479358),0.028039371758495614,182.68284673029,153.60462830479358
2025-09-03 15:49:34.726487,1243,2,POINT (182.69645928242946 153.62964874632144),0.028483750981887032,182.69645928242946,153.62964874632144
2025-09-03 15:49:35.726487,1244,2,POINT (182.70974259284444 153.6554316562328),0.029003530458855405,182.70974259284444,153.6554316562328
2025-09-03 15:49:36.726487,1245,2,POINT (182.72242368067077 153.68189892297474),0.02934835936212789,182.72242368067077,153.68189892297474
2025-09-03 15:49:37.726487,1246,2,POINT (182.7345984679472 153.70904929747945),0.029755138732198042,182.7345984679472,153.70904929747945
2025-09-03 15:49:38.726487,1247,2,POINT (182.7462773466572 153.73688049795274),0.030182311503713314,182.7462773466572,153.73688049795274
2025-09-03 15:49:39.726487,1248,2,POINT (182.75750733687337 153.76541607409507),0.030665808093547815,182.75750733687337,153.76541607409507
2025-09-03 15:49:40.726487,1249,2,POINT (182.76824050606717 153.79462754624205),0.03112090978645496,182.76824050606717,153.79462754624205
2025-09-03 15:49:41.726487,1250,2,POINT (182.77851041451467 153.82449872511194),0.03158731306389477,182.77851041451467,153.82449872511194
2025-09-03 15:49:42.726487,1251,2,POINT (182.7883461978056 153.8550242249687),0.03207099584439769,182.7883461978056,153.8550242249687
2025-09-03 15:49:43.726487,1252,2,POINT (182.79760550360174 153.8861928433794),0.03251488147692732,182.79760550360174,153.8861928433794
2025-09-03 15:49:44.726487,1253,2,POINT (182.80634816854698 153.91797024026283),0.03295811194579317,182.80634816854698,153.91797024026283
2025-09-03 15:49:45.726487,1254,2,POINT (182.81444086309853 153.95033116101),0.03335747137763864,182.81444086309853,153.95033116101
2025-09-03 15:49:46.726487,1255,2,POINT (182.82265911511587 153.98131298171825),0.0320532819008873,182.82265911511587,153.98131298171825
2025-09-03 15:49:47.726487,1256,2,POINT (182.83095024326767 154.01087980849476),0.030707328956815022,182.83095024326767,154.01087980849476
2025-09-03 15:49:48.726487,1257,2,POINT (182.8394298672997 154.0390516482198),0.02942034291470181,182.8394298672997,154.0390516482198
2025-09-03 15:49:49.726487,1258,2,POINT (182.84809723489107 154.06580979587946),0.028126886197005374,182.84809723489107,154.06580979587946
2025-09-03 15:49:50.726487,1259,2,POINT (182.85706602787855 154.0911779900688),0.02690696051358332,182.85706602787855,154.0911779900688
2025-09-03 15:49:51.726487,1260,2,POINT (182.86639480883156 154.11516188686016),0.025734285678230464,182.86639480883156,154.11516188686016
2025-09-03 15:49:52.726487,1261,2,POINT (182.8760397499275 154.1377273352585),0.024540259781864252,182.8760397499275,154.1377273352585
2025-09-03 15:49:53.726487,1262,2,POINT (182.88618601347144 154.15893242838806),0.02350750175022973,182.88618601347144,154.15893242838806
2025-09-03 15:49:54.726487,1263,2,POINT (182.89684579993093 154.178767372133),0.022517904892034778,182.89684579993093,154.178767372133
2025-09-03 15:49:55.726487,1264,2,POINT (182.9079852943862 154.19720235316478),0.021539193633039643,182.9079852943862,154.19720235316478
2025-09-03 15:49:56.726487,1265,2,POINT (182.91967587535785 154.2142522421217),0.02067289038565681,182.91967587535785,154.2142522421217
2025-09-03 15:49:57.726487,1266,2,POINT (182.9319261126365 154.22990529000012),0.019876775927381008,182.9319261126365,154.22990529000012
2025-09-03 15:49:58.726487,1267,2,POINT (182.9447198182008 154.2441385333321),0.019138028054469187,182.9447198182008,154.2441385333321
2025-09-03 15:49:59.726487,1268,2,POINT (182.95812791794418 154.25696810481682),0.018557344724125353,182.95812791794418,154.25696810481682
2025-09-03 15:50:00.726487,1269,2,POINT (182.97220560315583 154.26840375518944),0.01813712547133547,182.97220560315583,154.26840375518944
2025-09-03 15:50:01.726487,1270,2,POINT (182.98698213629527 154.27844369132606),0.017864664823287184,182.98698213629527,154.27844369132606
2025-09-03 15:50:02.726487,1271,2,POINT (183.00243117621486 154.28706046780394),0.017689592174687192,183.00243117621486,154.28706046780394
2025-09-03 15:50:03.726487,1272,2,POINT (183.0185521727462 154.29423832369824),0.01764676016733107,183.0185521727462,154.29423832369824
2025-09-03 15:50:04.726487,1273,2,POINT (183.03537570951144 154.29997584371276),0.017774997192913086,183.03537570951144,154.29997584371276
2025-09-03 15:50:05.726487,1274,2,POINT (183.05293991867188 154.30427498980944),0.01808270169505459,183.05293991867188,154.30427498980944
2025-09-03 15:50:06.726487,1275,2,POINT (183.07123132199726 154.3071137390435),0.018510373654400347,183.07123132199726,154.3071137390435
2025-09-03 15:50:07.726487,1276,2,POINT (183.0900895902871 154.30840309064894),0.018902293788170037,183.0900895902871,154.30840309064894
2025-09-03 15:50:08.726487,1277,2,POINT (183.1096226669692 154.30817702114098),0.019534384865934656,183.1096226669692,154.30817702114098
2025-09-03 15:50:09.726487,1278,2,POINT (183.1297651806007 154.30639074733824),0.0202215634779948,183.1297651806007,154.30639074733824
2025-09-03 15:50:10.726487,1279,2,POINT (183.15060111365884 154.30306641888754),0.02109946127394578,183.15060111365884,154.30306641888754
2025-09-03 15:50:11.726487,1280,2,POINT (183.17212214583355 154.29818444100414),0.02206781670032746,183.17212214583355,154.29818444100414
2025-09-03 15:50:12.726487,1281,2,POINT (183.19421412607696 154.29168001458928),0.02302961471803789,183.19421412607696,154.29168001458928
2025-09-03 15:50:13.726487,1282,2,POINT (183.216920654445 154.28355683927916),0.02411581239867011,183.216920654445,154.28355683927916
2025-09-03 15:50:14.726487,1283,2,POINT (183.24012639479488 154.27375232220626),0.02519196181758605,183.24012639479488,154.27375232220626
2025-09-03 15:50:15.726487,1284,2,POINT (183.26366462721643 154.2631702872336),0.025807515372331856,183.26366462721643,154.2631702872336
2025-09-03 15:50:16.726487,1285,2,POINT (183.28728246553516 154.25170077388762),0.026255514149285477,183.28728246553516,154.25170077388762
2025-09-03 15:50:17.726487,1286,2,POINT (183.31107441391765 154.23938377155542),0.026791143206041926,183.31107441391765,154.23938377155542
2025-09-03 15:50:18.726487,1287,2,POINT (183.33501220850158 154.22621725507625),0.02731986760104748,183.33501220850158,154.22621725507625
2025-09-03 15:50:19.726487,1288,2,POINT (183.35901724052545 154.21220775823406),0.02779402029642671,183.35901724052545,154.21220775823406
2025-09-03 15:50:20.726487,1289,2,POINT (183.3831476243029 154.19737026975702),0.02832713338043958,183.3831476243029,154.19737026975702
2025-09-03 15:50:21.726487,1290,2,POINT (183.4072561631219 154.1816810105426),0.028764118249732296,183.4072561631219,154.1816810105426
2025-09-03 15:50:22.726487,1291,2,POINT (183.43165961809123 154.16424969586168),0.029989653981755383,183.43165961809123,154.16424969586168
2025-09-03 15:50:23.726487,1292,2,POINT (183.45630317827883 154.1450786546634),0.031222329819319595,183.45630317827883,154.1450786546634
2025-09-03 15:50:24.726487,1293,2,POINT (183.48092407473862 154.1251284986681),0.031689071723874175,183.48092407473862,154.1251284986681
2025-09-03 15:50:25.726487,1294,2,POINT (183.5054099780537 154.1043693627767),0.032101420281856384,183.5054099780537,154.1043693627767
2025-09-03 15:50:26.726487,1295,2,POINT (183.52972772403677 154.08280607104427),0.03250120490128227,183.52972772403677,154.08280607104427
2025-09-03 15:50:27.726487,1296,2,POINT (183.55381503659336 154.0603921745293),0.03290260450454048,183.55381503659336,154.0603921745293
2025-09-03 15:50:28.726487,1297,2,POINT (183.5776526893497 154.03716069896183),0.033285659764738025,183.5776526893497,154.03716069896183
2025-09-03 15:50:29.726487,1298,2,POINT (183.60129704292186 154.01312629528783),0.033715100708882825,183.60129704292186,154.01312629528783
2025-09-03 15:50:30.726487,1299,2,POINT (183.6247959652846 153.98830844425643),0.03417784490026512,183.6247959652846,153.98830844425643
2025-09-03 15:50:31.726487,1300,2,POINT (183.64806011172448 153.9626908885166),0.03460461922432244,183.64806011172448,153.9626908885166
2025-09-03 15:50:32.726487,1301,2,POINT (183.67106018918173 153.93628679746374),0.03501684719341662,183.67106018918173,153.93628679746374
2025-09-03 15:50:33.726487,1302,2,POINT (183.6937907166605 153.909113425424),0.035426953403756116,183.6937907166605,153.909113425424
2025-09-03 15:50:34.726487,1303,2,POINT (183.71616773445803 153.88115356859288),0.035811793023090996,183.71616773445803,153.88115356859288
2025-09-03 15:50:35.726487,1304,2,POINT (183.73817882810098 153.8524296601173),0.03618772114228835,183.73817882810098,153.8524296601173
2025-09-03 15:50:36.726487,1305,2,POINT (183.75975563502712 153.82293747092334),0.03654241125843803,183.75975563502712,153.82293747092334
2025-09-03 15:50:37.726487,1306,2,POINT (183.78096707405223 153.79268879617692),0.03694465413873093,183.78096707405223,153.79268879617692
2025-09-03 15:50:38.726487,1307,2,POINT (183.8017554569834 153.76170799031473),0.037309076600244344,183.8017554569834,153.76170799031473
2025-09-03 15:50:39.726487,1308,2,POINT (183.82200878164042 153.73199469653022),0.0359593796830237,183.82200878164042,153.73199469653022
2025-09-03 15:50:40.726487,1309,2,POINT (183.84175994185833 153.70357183123707),0.03461166857327322,183.84175994185833,153.70357183123707
2025-09-03 15:50:41.726487,1310,2,POINT (183.8611059886911 153.67646384692145),0.0333033382968055,183.8611059886911,153.67646384692145
2025-09-03 15:50:42.726487,1311,2,POINT (183.88003610685968 153.6506900507326),0.031978710791096515,183.88003610685968,153.6506900507326
2025-09-03 15:50:43.726487,1312,2,POINT (183.89865277395165 153.62624601467192),0.03072606698797582,183.89865277395165,153.62624601467192
2025-09-03 15:50:44.726487,1313,2,POINT (183.91701510247435 153.60312248403568),0.029527491899256762,183.91701510247435,153.60312248403568
2025-09-03 15:50:45.726487,1314,2,POINT (183.93521899882404 153.58128077173652),0.02843311869052846,183.93521899882404,153.58128077173652
2025-09-03 15:50:46.726487,1315,2,POINT (183.95326172873737 153.56068636106681),0.027380099589990554,183.95326172873737,153.56068636106681
2025-09-03 15:50:47.726487,1316,2,POINT (183.97115165313014 153.54134480119555),0.026346637983478062,183.97115165313014,153.54134480119555
2025-09-03 15:50:48.726487,1317,2,POINT (183.98885183856788 153.5232716227279),0.025296963146877675,183.98885183856788,153.5232716227279
2025-09-03 15:50:49.726487,1318,2,POINT (184.0064304780746 153.5064581790403),0.024324893741665122,184.0064304780746,153.5064581790403
2025-09-03 15:50:50.726487,1319,2,POINT (184.02391445784565 153.49086042222027),0.02343031298235254,184.02391445784565,153.49086042222027
2025-09-03 15:50:51.726487,1320,2,POINT (184.04139181712233 153.4764739124135),0.022636911266922237,184.04139181712233,153.4764739124135
2025-09-03 15:50:52.726487,1321,2,POINT (184.058895055997 153.4632534357364),0.02193500341175145,184.058895055997,153.4632534357364
2025-09-03 15:50:53.726487,1322,2,POINT (184.07644070399328 153.45120898308616),0.02128188439150076,184.07644070399328,153.45120898308616
2025-09-03 15:50:54.726487,1323,2,POINT (184.09404493124413 153.44032902191518),0.02069498422762048,184.09404493124413,153.44032902191518
2025-09-03 15:50:55.726487,1324,2,POINT (184.11166392103735 153.42955388420904),0.02065266069831541,184.11166392103735,153.42955388420904
2025-09-03 15:50:56.726487,1325,2,POINT (184.12914938934586 153.4188941383249),0.02047856890220276,184.12914938934586,153.4188941383249
2025-09-03 15:50:57.726487,1326,2,POINT (184.14649357270068 153.40836131117487),0.020291898482352636,184.14649357270068,153.40836131117487
2025-09-03 15:50:58.726487,1327,2,POINT (184.16385285128956 153.397912844804),0.020261169823815643,184.16385285128956,153.397912844804
2025-09-03 15:50:59.726487,1328,2,POINT (184.18118151005328 153.387559811075),0.0201858297313614,184.18118151005328,153.387559811075
2025-09-03 15:51:00.726487,1329,2,POINT (184.19856503147955 153.37729187092302),0.020189537194846577,184.19856503147955,153.37729187092302
2025-09-03 15:51:01.726487,1330,2,POINT (184.21599652600898 153.36710938575084),0.020187620112616312,184.21599652600898,153.36710938575084
2025-09-03 15:51:02.726487,1331,2,POINT (184.23339432867743 153.35701825278844),0.02011254588945328,184.23339432867743,153.35701825278844
2025-09-03 15:51:03.726487,1332,2,POINT (184.2506782621118 153.34701695243905),0.01996898504285867,184.2506782621118,153.34701695243905
2025-09-03 15:51:04.726487,1333,2,POINT (184.26785932061847 153.33605844233534),0.020378363896617322,184.26785932061847,153.33605844233534
2025-09-03 15:51:05.726487,1334,2,POINT (184.28475775238638 153.3241582858384),0.0206681087878574,184.28475775238638,153.3241582858384
2025-09-03 15:51:06.726487,1335,2,POINT (184.30155968781173 153.31130572327478),0.02115403976759678,184.30155968781173,153.31130572327478
2025-09-03 15:51:07.726487,1336,2,POINT (184.3182820257261 153.29858406813477),0.02101135632993318,184.3182820257261,153.29858406813477
2025-09-03 15:51:08.726487,1337,2,POINT (184.33496974076138 153.28598647726434),0.020908828968588578,184.33496974076138,153.28598647726434
2025-09-03 15:51:09.726487,1338,2,POINT (184.3517073542872 153.27348928554477),0.020888453925936863,184.3517073542872,153.27348928554477
2025-09-03 15:51:10.726487,1339,2,POINT (184.36830014796004 153.26115104585043),0.020677353810972326,184.36830014796004,153.26115104585043
2025-09-03 15:51:11.726487,1340,2,POINT (184.38489171708352 153.24892467053604),0.020609813665031142,184.38489171708352,153.24892467053604
2025-09-03 15:51:12.726487,1341,2,POINT (184.40142887132725 153.2368182875549),0.02049492569800898,184.40142887132725,153.2368182875549
2025-09-03 15:51:13.726487,1342,2,POINT (184.41790894352667 153.22481364142374),0.020388828029894755,184.41790894352667,153.22481364142374
2025-09-03 15:51:14.726487,1343,2,POINT (184.43432218573471 153.21294488693616),0.02025492169489714,184.43432218573471,153.21294488693616
2025-09-03 15:51:15.726487,1344,2,POINT (184.45071056660797 153.20118104528385),0.020173423062718337,184.45071056660797,153.20118104528385
2025-09-03 15:51:16.726487,1345,2,POINT (184.46697706644883 153.18951971989605),0.020014632818837457,184.46697706644883,153.18951971989605
2025-09-03 15:51:17.726487,1346,2,POINT (184.4833767349372 153.17791981334122),0.020087482634941096,184.4833767349372,153.17791981334122
2025-09-03 15:51:18.726487,1347,2,POINT (184.49974673870813 153.16641589997224),0.02000792458655699,184.49974673870813,153.16641589997224
2025-09-03 15:51:19.726487,1348,2,POINT (184.51607407969584 153.15500864485278),0.019917518246241387,184.51607407969584,153.15500864485278
2025-09-03 15:51:20.726487,1349,2,POINT (184.53266243552847 153.14469181398965),0.01953485470353553,184.53266243552847,153.14469181398965
2025-09-03 15:51:21.726487,1350,2,POINT (184.54948204863476 153.1354669139479),0.019183278286714768,184.54948204863476,153.1354669139479
2025-09-03 15:51:22.726487,1351,2,POINT (184.56645557200173 153.12732927231428),0.01882343504375357,184.56645557200173,153.12732927231428
2025-09-03 15:51:23.726487,1352,2,POINT (184.58368167283194 153.1202695303582),0.018616619088846542,184.58368167283194,153.1202695303582
2025-09-03 15:51:24.726487,1353,2,POINT (184.6011977368729 153.11423745959786),0.018525614082799662,184.6011977368729,153.11423745959786
2025-09-03 15:51:25.726487,1354,2,POINT (184.618997350677 153.10924750438974),0.01848582983136431,184.618997350677,153.10924750438974
2025-09-03 15:51:26.726487,1355,2,POINT (184.6371233831423 153.10525567252483),0.018560381854111574,184.6371233831423,153.10525567252483
2025-09-03 15:51:27.726487,1356,2,POINT (184.65559355838533 153.10227209866255),0.018709598779777126,184.65559355838533,153.10227209866255
2025-09-03 15:51:28.726487,1357,2,POINT (184.67434604077255 153.10030556089126),0.01885531401193564,184.67434604077255,153.10030556089126
2025-09-03 15:51:29.726487,1358,2,POINT (184.69328046859377 153.09937317547937),0.018957370584375768,184.69328046859377,153.09937317547937
2025-09-03 15:51:30.726487,1359,2,POINT (184.7124403450541 153.09940722131836),0.019159906708904634,184.7124403450541,153.09940722131836
2025-09-03 15:51:31.726487,1360,2,POINT (184.73180981811558 153.1004242698513),0.019396156175852008,184.73180981811558,153.1004242698513
2025-09-03 15:51:32.726487,1361,2,POINT (184.75138211045805 153.1024371218273),0.01967552288038689,184.75138211045805,153.1024371218273
2025-09-03 15:51:33.726487,1362,2,POINT (184.77108995010042 153.10543295720885),0.019934241219631547,184.77108995010042,153.10543295720885
2025-09-03 15:51:34.726487,1363,2,POINT (184.79093775827855 153.1094025008808),0.020240868717506102,184.79093775827855,153.1094025008808
2025-09-03 15:51:35.726487,1364,2,POINT (184.81085467189308 153.1143406959925),0.020519971220498066,184.81085467189308,153.1143406959925
2025-09-03 15:51:36.726487,1365,2,POINT (184.83090069919683 153.12022569797443),0.020892019026175247,184.83090069919683,153.12022569797443
2025-09-03 15:51:37.726487,1366,2,POINT (184.85090442734455 153.12600027331717),0.02082053938294171,184.85090442734455,153.12600027331717
2025-09-03 15:51:38.726487,1367,2,POINT (184.87089024061254 153.13167722370463),0.02077644092920426,184.87089024061254,153.13167722370463
2025-09-03 15:51:39.726487,1368,2,POINT (184.89089731423408 153.13726192771662),0.020771902026521284,184.89089731423408,153.13726192771662
2025-09-03 15:51:40.726487,1369,2,POINT (184.91083129954094 153.14275444169164),0.020676834380049056,184.91083129954094,153.14275444169164
2025-09-03 15:51:41.726487,1370,2,POINT (184.9307642305676 153.14814022505095),0.020647721465261788,184.9307642305676,153.14814022505095
2025-09-03 15:51:42.726487,1371,2,POINT (184.9506681784054 153.15339921942225),0.020586990098783765,184.9506681784054,153.15339921942225
2025-09-03 15:51:43.726487,1372,2,POINT (184.97055418442534 153.1585692383435),0.020547075973740007,184.97055418442534,153.1585692383435
2025-09-03 15:51:44.726487,1373,2,POINT (184.9904838774264 153.1636548270063),0.02056832212807765,184.9904838774264,153.1636548270063
2025-09-03 15:51:45.726487,1374,2,POINT (185.01045586461262 153.16864761294735),0.02058660204160329,185.01045586461262,153.16864761294735
2025-09-03 15:51:46.726487,1375,2,POINT (185.03037855019008 153.1735709870465),0.02052201289197358,185.03037855019008,153.1735709870465
2025-09-03 15:51:47.726487,1376,2,POINT (185.0503143471033 153.1784185520335),0.02051669770864923,185.0503143471033,153.1784185520335
2025-09-03 15:51:48.726487,1377,2,POINT (185.07022261286872 153.1831856896647),0.020471068535412813,185.07022261286872,153.1831856896647
2025-09-03 15:51:49.726487,1378,2,POINT (185.09005700205267 153.18786847930235),0.020379683831972237,185.09005700205267,153.18786847930235
2025-09-03 15:51:50.726487,1379,2,POINT (185.1098648249818 153.19250041006146),0.02034218846999167,185.1098648249818,153.19250041006146
2025-09-03 15:51:51.726487,1380,2,POINT (185.12966913385887 153.19703920804872),0.020317759159602544,185.12966913385887,153.19703920804872
2025-09-03 15:51:52.726487,1381,2,POINT (185.14943469824888 153.2015335573366),0.020270094010074242,185.14943469824888,153.2015335573366
2025-09-03 15:51:53.726487,1382,2,POINT (185.16919033897094 153.2059520191164),0.020243718651434997,185.16919033897094,153.2059520191164
2025-09-03 15:51:54.726487,1383,2,POINT (185.188909830148 153.21031027366243),0.020195363699867238,185.188909830148,153.21031027366243
2025-09-03 15:51:55.726487,1384,2,POINT (185.2084833127387 153.21459289692933),0.020036518728942163,185.2084833127387,153.21459289692933
2025-09-03 15:51:56.726487,1385,2,POINT (185.22790939776175 153.21882805737772),0.0198823882706795,185.22790939776175,153.21882805737772
2025-09-03 15:51:57.726487,1386,2,POINT (185.2472179364938 153.22300228467122),0.01975459038970005,185.2472179364938,153.22300228467122
2025-09-03 15:51:58.726487,1387,2,POINT (185.26638712006044 153.22712945208002),0.01960844484991116,185.26638712006044,153.22712945208002
2025-09-03 15:51:59.726487,1388,2,POINT (185.2856159488953 153.23117672711663),0.019650147418839737,185.2856159488953,153.23117672711663
2025-09-03 15:52:00.726487,1389,2,POINT (185.30476898494223 153.23516830958454),0.019564547539186367,185.30476898494223,153.23516830958454
2025-09-03 15:52:01.726487,1390,2,POINT (185.3239055294267 153.23911594103959),0.019539476167771276,185.3239055294267,153.23911594103959
2025-09-03 15:52:02.726487,1391,2,POINT (185.34300875982285 153.24301344284044),0.019496767215520787,185.34300875982285,153.24301344284044
2025-09-03 15:52:03.726487,1392,2,POINT (185.36204235597828 153.24685686204563),0.019417766447113453,185.36204235597828,153.24685686204563
2025-09-03 15:52:04.726487,1393,2,POINT (185.38100831947685 153.25062854270038),0.019337356240981502,185.38100831947685,153.25062854270038
2025-09-03 15:52:05.726487,1394,2,POINT (185.39995984410538 153.2543543506305),0.01931429342425191,185.39995984410538,153.2543543506305
2025-09-03 15:52:06.726487,1395,2,POINT (185.41889045462375 153.25800969343385),0.019280289043685717,185.41889045462375,153.25800969343385
2025-09-03 15:52:07.726487,1396,2,POINT (185.43793164989395 153.26159558255432),0.019375905607284524,185.43793164989395,153.26159558255432
2025-09-03 15:52:08.726487,1397,2,POINT (185.45701574547314 153.26515830723676),0.019413802080954157,185.45701574547314,153.26515830723676
2025-09-03 15:52:09.726487,1398,2,POINT (185.47597833210634 153.26869608040815),0.01928977788450581,185.47597833210634,153.26869608040815
2025-09-03 15:52:10.726487,1399,2,POINT (185.49501640187307 153.27216474171365),0.019351478281915045,185.49501640187307,153.27216474171365
2025-09-03 15:52:11.726487,1400,2,POINT (185.51416349305234 153.27558539018133),0.019450242583743834,185.51416349305234,153.27558539018133
2025-09-03 15:52:12.726487,1401,2,POINT (185.53332707398158 153.27893614881017),0.019454316164298165,185.53332707398158,153.27893614881017
2025-09-03 15:52:13.726487,1402,2,POINT (185.55247237357656 153.2822534754012),0.019430572618766666,185.55247237357656,153.2822534754012
2025-09-03 15:52:14.726487,1403,2,POINT (185.57155369298727 153.28551614383102),0.019358247744466324,185.57155369298727,153.28551614383102
2025-09-03 15:52:15.726487,1404,2,POINT (185.590725314008 153.2887216506006),0.01943775517421961,185.590725314008,153.2887216506006
2025-09-03 15:52:16.726487,1405,2,POINT (185.60990927607727 153.29188393274828),0.019442850332615773,185.60990927607727,153.29188393274828
2025-09-03 15:52:17.726487,1406,2,POINT (185.62911738544102 153.2950029787232),0.01945969971822061,185.62911738544102,153.2950029787232
2025-09-03 15:52:18.726487,1407,2,POINT (185.64834284801412 153.29808658087745),0.01947118418061683,185.64834284801412,153.29808658087745
2025-09-03 15:52:19.726487,1408,2,POINT (185.66771006250082 153.3011123162886),0.019602144570219547,185.66771006250082,153.3011123162886
2025-09-03 15:52:20.726487,1409,2,POINT (185.68705000140068 153.30409754712076),0.01956897646203526,185.68705000140068,153.30409754712076
2025-09-03 15:52:21.726487,1410,2,POINT (185.70649177201324 153.30702865975124),0.019661481780474065,185.70649177201324,153.30702865975124
2025-09-03 15:52:22.726487,1411,2,POINT (185.72592031912228 153.30992240232715),0.0196428661061453,185.72592031912228,153.30992240232715
2025-09-03 15:52:23.726487,1412,2,POINT (185.7453942824084 153.31276971652244),0.019681017356726154,185.7453942824084,153.31276971652244
2025-09-03 15:52:24.726487,1413,2,POINT (185.76486367239406 153.31558813107523),0.019672331000800597,185.76486367239406,153.31558813107523
2025-09-03 15:52:25.726487,1414,2,POINT (185.78437918649604 153.3183727058886),0.019713171930360766,185.78437918649604,153.3183727058886
2025-09-03 15:52:26.726487,1415,2,POINT (185.8038571533663 153.32111392623247),0.01966991312569462,185.8038571533663,153.32111392623247
2025-09-03 15:52:27.726487,1416,2,POINT (185.82340687145884 153.3238217289492),0.01973635409722161,185.82340687145884,153.3238217289492
2025-09-03 15:52:28.726487,1417,2,POINT (185.84296057641018 153.32648173459572),0.019733803671955628,185.84296057641018,153.32648173459572
2025-09-03 15:52:29.726487,1418,2,POINT (185.86251301632726 153.32908641100056),0.019725167829067695,185.86251301632726,153.32908641100056
2025-09-03 15:52:30.726487,1419,2,POINT (185.8821253644971 153.33164677161264),0.019778767585459243,185.8821253644971,153.33164677161264
2025-09-03 15:52:31.726487,1420,2,POINT (185.90173764980622 153.33418909682163),0.019776378650150857,185.90173764980622,153.33418909682163
2025-09-03 15:52:32.726487,1421,2,POINT (185.92144465863905 153.33669769563502),0.019866032949322845,185.92144465863905,153.33669769563502
2025-09-03 15:52:33.726487,1422,2,POINT (185.94131281561428 153.33915258062797),0.020019243789942878,185.94131281561428,153.33915258062797
2025-09-03 15:52:34.726487,1423,2,POINT (185.96120607325233 153.3415875213878),0.02004172238001338,185.96120607325233,153.3415875213878
2025-09-03 15:52:35.726487,1424,2,POINT (185.98121053267965 153.3439979112753),0.020149153242489413,185.98121053267965,153.3439979112753
2025-09-03 15:52:36.726487,1425,2,POINT (186.00133283505303 153.34638348116596),0.020263217822176823,186.00133283505303,153.34638348116596
2025-09-03 15:52:37.726487,1426,2,POINT (186.02138858245465 153.348735981921),0.020193247971533743,186.02138858245465,153.348735981921
2025-09-03 15:52:38.726487,1427,2,POINT (186.04131400094658 153.3510435477207),0.02005859322083057,186.04131400094658,153.3510435477207
2025-09-03 15:52:39.726487,1428,2,POINT (186.06126599720207 153.35332520345855),0.02008203444586657,186.06126599720207,153.35332520345855
2025-09-03 15:52:40.726487,1429,2,POINT (186.0812232472993 153.35557066291082),0.020083175037711894,186.0812232472993,153.35557066291082
2025-09-03 15:52:41.726487,1430,2,POINT (186.1011297981354 153.35778746532412),0.020029602570425114,186.1011297981354,153.35778746532412
2025-09-03 15:52:42.726487,1431,2,POINT (186.12105739106113 153.35997969411267),0.020047813518568856,186.12105739106113,153.35997969411267
2025-09-03 15:52:43.726487,1432,2,POINT (186.1409622694653 153.36215348032573),0.02002322478484893,186.1409622694653,153.36215348032573
2025-09-03 15:52:44.726487,1433,2,POINT (186.1608909698751 153.36432531008012),0.02004669410417702,186.1608909698751,153.36432531008012
2025-09-03 15:52:45.726487,1434,2,POINT (186.18092587321766 153.36647011935005),0.020149381100908585,186.18092587321766,153.36647011935005
2025-09-03 15:52:46.726487,1435,2,POINT (186.2010367131095 153.3685777705615),0.020220981053941187,186.2010367131095,153.3685777705615
2025-09-03 15:52:47.726487,1436,2,POINT (186.22112912362158 153.37067101467946),0.02020115420276244,186.22112912362158,153.37067101467946
2025-09-03 15:52:48.726487,1437,2,POINT (186.24118353562181 153.37275383899555),0.02016228156253308,186.24118353562181,153.37275383899555
2025-09-03 15:52:49.726487,1438,2,POINT (186.26118689146028 153.3748200599354),0.020109786517331144,186.26118689146028,153.3748200599354
2025-09-03 15:52:50.726487,1439,2,POINT (186.28123744105773 153.3768607366692),0.020154128626447044,186.28123744105773,153.3768607366692
2025-09-03 15:52:51.726487,1440,2,POINT (186.3012758961795 153.37888938246581),0.02014088099949177,186.3012758961795,153.37888938246581
2025-09-03 15:52:52.726487,1441,2,POINT (186.3212854990776 153.38089621824943),0.02010998751868008,186.3212854990776,153.38089621824943
2025-09-03 15:52:53.726487,1442,2,POINT (186.34132358287698 153.38290064389173),0.020138086416215215,186.34132358287698,153.38290064389173
2025-09-03 15:52:54.726487,1443,2,POINT (186.36141511754184 153.38489530927114),0.020190305970068587,186.36141511754184,153.38489530927114
2025-09-03 15:52:55.726487,1444,2,POINT (186.38157175944224 153.3868710933953),0.020253245063600673,186.38157175944224,153.3868710933953
2025-09-03 15:52:56.726487,1445,2,POINT (186.40172963576202 153.38880235397693),0.020250178891996935,186.40172963576202,153.38880235397693
2025-09-03 15:52:57.726487,1446,2,POINT (186.42182765725423 153.3907216415871),0.02018945598156679,186.42182765725423,153.3907216415871
2025-09-03 15:52:58.726487,1447,2,POINT (186.4419697173438 153.3926308977666),0.020232346473177818,186.4419697173438,153.3926308977666
2025-09-03 15:52:59.726487,1448,2,POINT (186.46210167447728 153.39451469453795),0.020219900798477967,186.46210167447728,153.39451469453795
2025-09-03 15:53:00.726487,1449,2,POINT (186.48235648233063 153.39637706347048),0.020340247275215922,186.48235648233063,153.39637706347048
2025-09-03 15:53:01.726487,1450,2,POINT (186.50258367899147 153.3982165283384),0.02031066507420704,186.50258367899147,153.3982165283384
2025-09-03 15:53:02.726487,1451,2,POINT (186.52277588950614 153.40003496232262),0.02027392580689636,186.52277588950614,153.40003496232262
2025-09-03 15:53:03.726487,1452,2,POINT (186.54306319831466 153.40184021782235),0.020367470292394194,186.54306319831466,153.40184021782235
2025-09-03 15:53:04.726487,1453,2,POINT (186.56338188030776 153.40360379385845),0.02039507387512879,186.56338188030776,153.40360379385845
2025-09-03 15:53:05.726487,1454,2,POINT (186.58375489623072 153.40534921810652),0.020447647385525618,186.58375489623072,153.40534921810652
2025-09-03 15:53:06.726487,1455,2,POINT (186.60417933836214 153.4070945924591),0.02049888211612212,186.60417933836214,153.4070945924591
2025-09-03 15:53:07.726487,1456,2,POINT (186.62454014536397 153.40885021692563),0.020436356794520796,186.62454014536397,153.40885021692563
2025-09-03 15:53:08.726487,1457,2,POINT (186.64493466427325 153.41058290346473),0.020467989744573284,186.64493466427325,153.41058290346473
2025-09-03 15:53:09.726487,1458,2,POINT (186.6653886412383 153.4123169086244),0.02052734633558141,186.6653886412383,153.4123169086244
2025-09-03 15:53:10.726487,1459,2,POINT (186.68584026157816 153.41406619498446),0.020526294777554365,186.68584026157816,153.41406619498446
2025-09-03 15:53:11.726487,1460,2,POINT (186.7063466467774 153.41579133934084),0.020578823022466632,186.7063466467774,153.41579133934084
2025-09-03 15:53:12.726487,1461,2,POINT (186.72694810702436 153.4174953047984),0.02067180840147336,186.72694810702436,153.4174953047984
2025-09-03 15:53:13.726487,1462,2,POINT (186.74751153367563 153.4191699644136),0.0206315050461514,186.74751153367563,153.4191699644136
2025-09-03 15:53:14.726487,1463,2,POINT (186.7681451363254 153.42083749319323),0.020700874632216232,186.7681451363254,153.42083749319323
2025-09-03 15:53:15.726487,1464,2,POINT (186.78883423697508 153.42247532837172),0.020753828315877045,186.78883423697508,153.42247532837172
2025-09-03 15:53:16.726487,1465,2,POINT (186.809406707783 153.4241126271685),0.020637521713938876,186.809406707783,153.4241126271685
2025-09-03 15:53:17.726487,1466,2,POINT (186.82998855753917 153.42574039061824),0.02064611714665087,186.82998855753917,153.42574039061824
2025-09-03 15:53:18.726487,1467,2,POINT (186.85057535297247 153.4273448236036),0.02064922156927787,186.85057535297247,153.4273448236036
2025-09-03 15:53:19.726487,1468,2,POINT (186.87114927276062 153.42893781466506),0.020635498442516387,186.87114927276062,153.42893781466506
2025-09-03 15:53:20.726487,1469,2,POINT (186.89169377720697 153.42946946246337),0.020551382248585996,186.89169377720697,153.42946946246337
2025-09-03 15:53:21.726487,1470,2,POINT (186.91241516390224 153.42893708568934),0.020728224516453342,186.91241516390224,153.42893708568934
2025-09-03 15:53:22.726487,1471,2,POINT (186.9331827815677 153.42734700582977),0.02082840122184991,186.9331827815677,153.42734700582977
2025-09-03 15:53:23.726487,1472,2,POINT (186.95408200431734 153.42472513686062),0.021063041291106043,186.95408200431734,153.42472513686062
2025-09-03 15:53:24.726487,1473,2,POINT (186.9750606402446 153.4221173107153),0.021140102236576884,186.9750606402446,153.4221173107153
2025-09-03 15:53:25.726487,1474,2,POINT (186.9959891609977 153.41954116368228),0.021086477051625585,186.9959891609977,153.41954116368228
2025-09-03 15:53:26.726487,1475,2,POINT (187.01678577398621 153.41698330999753),0.020953322582975793,187.01678577398621,153.41698330999753
2025-09-03 15:53:27.726487,1476,2,POINT (187.03755813212868 153.41447173836485),0.020923643441450573,187.03755813212868,153.41447173836485
2025-09-03 15:53:28.726487,1477,2,POINT (187.05832487524802 153.41196347864408),0.020917671634563748,187.05832487524802,153.41196347864408
2025-09-03 15:53:29.726487,1478,2,POINT (187.07907278960866 153.40946336843405),0.020898002329859278,187.07907278960866,153.40946336843405
2025-09-03 15:53:30.726487,1479,2,POINT (187.09980035963474 153.4069806994331),0.020875722851064246,187.09980035963474,153.4069806994331
2025-09-03 15:53:31.726487,1480,2,POINT (187.1206075137581 153.40451345518528),0.020952922395017917,187.1206075137581,153.40451345518528
2025-09-03 15:53:32.726487,1481,2,POINT (187.14136339627885 153.4020674022553),0.020899517557857756,187.14136339627885,153.4020674022553
2025-09-03 15:53:33.726487,1482,2,POINT (187.16211604644928 153.399636675118),0.02089451898256183,187.16211604644928,153.399636675118
2025-09-03 15:53:34.726487,1483,2,POINT (187.18293745622987 153.39721545488976),0.020961713017891646,187.18293745622987,153.39721545488976
2025-09-03 15:53:35.726487,1484,2,POINT (187.20371705777575 153.39480685642798),0.02091872813905647,187.20371705777575,153.39480685642798
2025-09-03 15:53:36.726487,1485,2,POINT (187.22446821378418 153.39240878777923),0.02088926061234073,187.22446821378418,153.39240878777923
2025-09-03 15:53:37.726487,1486,2,POINT (187.2451573678393 153.39003605091867),0.020824768323478373,187.2451573678393,153.39003605091867
2025-09-03 15:53:38.726487,1487,2,POINT (187.265933766157 153.38769984905505),0.02090733283330049,187.265933766157,153.38769984905505
2025-09-03 15:53:39.726487,1488,2,POINT (187.2866068785228 153.3853909926856),0.020801643988501504,187.2866068785228,153.3853909926856
2025-09-03 15:53:40.726487,1489,2,POINT (187.3072905171006 153.3831052846948),0.020809549871054225,187.3072905171006,153.3831052846948
2025-09-03 15:53:41.726487,1490,2,POINT (187.3279875585301 153.3808216704494),0.02082264195429787,187.3279875585301,153.3808216704494
2025-09-03 15:53:42.726487,1491,2,POINT (187.3487297718719 153.3775084769085),0.021005158074986454,187.3487297718719,153.3775084769085
2025-09-03 15:53:43.726487,1492,2,POINT (187.36953945594084 153.37316849881444),0.02125743072213838,187.36953945594084,153.37316849881444
2025-09-03 15:53:44.726487,1493,2,POINT (187.3903775822603 153.36781221778588),0.021515511961435245,187.3903775822603,153.36781221778588
2025-09-03 15:53:45.726487,1494,2,POINT (187.41112895451383 153.3614593245935),0.02170204373597513,187.41112895451383,153.3614593245935
2025-09-03 15:53:46.726487,1495,2,POINT (187.43190081420244 153.35412648936725),0.022028178031302935,187.43190081420244,153.35412648936725
2025-09-03 15:53:47.726487,1496,2,POINT (187.452505500203 153.3458264752682),0.02221358411480596,187.452505500203,153.3458264752682
2025-09-03 15:53:48.726487,1497,2,POINT (187.47314472437742 153.33655668061226),0.022625354527297335,187.47314472437742,153.33655668061226
2025-09-03 15:53:49.726487,1498,2,POINT (187.4936348879042 153.32633320590583),0.022899044443535993,187.4936348879042,153.32633320590583
2025-09-03 15:53:50.726487,1499,2,POINT (187.51411900292993 153.31516964901024),0.023328608422890536,187.51411900292993,153.31516964901024
2025-09-03 15:53:51.726487,1500,2,POINT (187.53460352854097 153.30307769716418),0.02378720431149342,187.53460352854097,153.30307769716418
2025-09-03 15:28:51.726487,0,3,POINT (68.57316571787659 62.42832062009285),0.0010316323661001112,68.57316571787659,62.42832062009285
2025-09-03 15:28:52.726487,1,3,POINT (68.57271627773838 62.429249204446016),0.0010316323661001112,68.57271627773838,62.429249204446016
2025-09-03 15:28:53.726487,2,3,POINT (68.57175495093095 62.431063483594215),0.002053231126363831,68.57175495093095,62.431063483594215
2025-09-03 15:28:54.726487,3,3,POINT (68.57044796590458 62.43384948145897),0.003077335529575885,68.57044796590458,62.43384948145897
2025-09-03 15:28:55.726487,4,3,POINT (68.56873013779831 62.437499124933545),0.0040337118010808125,68.56873013779831,62.437499124933545
2025-09-03 15:28:56.726487,5,3,POINT (68.56655077115074 62.44200095701755),0.005001612849580306,68.56655077115074,62.44200095701755
2025-09-03 15:28:57.726487,6,3,POINT (68.56386798117569 62.4472987120322),0.0059383137543855815,68.56386798117569,62.4472987120322
2025-09-03 15:28:58.726487,7,3,POINT (68.56078169728016 62.45344639969314),0.006878896122219586,68.56078169728016,62.45344639969314
2025-09-03 15:28:59.726487,8,3,POINT (68.55728367952437 62.46038660523084),0.007771909747627661,68.55728367952437,62.46038660523084
2025-09-03 15:29:00.726487,9,3,POINT (68.55327909180119 62.468105420010836),0.008695793491144492,68.55327909180119,62.468105420010836
2025-09-03 15:29:01.726487,10,3,POINT (68.54882371210408 62.4765486328239),0.009546635577629067,68.54882371210408,62.4765486328239
2025-09-03 15:29:02.726487,11,3,POINT (68.54394263145421 62.48573824552287),0.010405475955838689,68.54394263145421,62.48573824552287
2025-09-03 15:29:03.726487,12,3,POINT (68.53864172953735 62.49566447466521),0.011252981210265323,68.53864172953735,62.49566447466521
2025-09-03 15:29:04.726487,13,3,POINT (68.53291665993726 62.506301848275726),0.012080154769518781,68.53291665993726,62.506301848275726
2025-09-03 15:29:05.726487,14,3,POINT (68.52731768300099 62.51672964844353),0.011835859033992091,68.52731768300099,62.51672964844353
2025-09-03 15:29:06.726487,15,3,POINT (68.52189165552916 62.527005180115246),0.011620168899868622,68.52189165552916,62.527005180115246
2025-09-03 15:29:07.726487,16,3,POINT (68.51667165465508 62.53713971350601),0.011399876147301405,68.51667165465508,62.53713971350601
2025-09-03 15:29:08.726487,17,3,POINT (68.51157817076333 62.54709216079789),0.011180106674501198,68.51157817076333,62.54709216079789
2025-09-03 15:29:09.726487,18,3,POINT (68.50668947654934 62.55693611414335),0.010991030369600046,68.50668947654934,62.55693611414335
2025-09-03 15:29:10.726487,19,3,POINT (68.50205689811024 62.56673144919072),0.010835560515482453,68.50205689811024,62.56673144919072
2025-09-03 15:29:11.726487,20,3,POINT (68.49749014671309 62.57633174551444),0.010631129188687593,68.49749014671309,62.57633174551444
2025-09-03 15:29:12.726487,21,3,POINT (68.49314154850128 62.58582328146518),0.010440285489965482,68.49314154850128,62.58582328146518
2025-09-03 15:29:13.726487,22,3,POINT (68.48887421121793 62.595148072787076),0.010254847667652878,68.48887421121793,62.595148072787076
2025-09-03 15:29:14.726487,23,3,POINT (68.48483880653583 62.604404050010075),0.010097405869874976,68.48483880653583,62.604404050010075
2025-09-03 15:29:15.726487,24,3,POINT (68.48097346742335 62.6135427846086),0.009922566024809213,68.48097346742335,62.6135427846086
2025-09-03 15:29:16.726487,25,3,POINT (68.47731970982161 62.622623795358415),0.009788498396105691,68.47731970982161,62.622623795358415
2025-09-03 15:29:17.726487,26,3,POINT (68.4738768186941 62.631636008868895),0.009647460374339223,68.4738768186941,62.631636008868895
2025-09-03 15:29:18.726487,27,3,POINT (68.47060316913242 62.640555832047816),0.009501580236775867,68.47060316913242,62.640555832047816
2025-09-03 15:29:19.726487,28,3,POINT (68.46746767449504 62.6493839587439),0.0093684122231608,68.46746767449504,62.6493839587439
2025-09-03 15:29:20.726487,29,3,POINT (68.4644562619887 62.65811868550886),0.00923926712147143,68.4644562619887,62.65811868550886
2025-09-03 15:29:21.726487,30,3,POINT (68.46155076561436 62.666700314513456),0.00906014710442452,68.46155076561436,62.666700314513456
2025-09-03 15:29:22.726487,31,3,POINT (68.45887968550178 62.675306656618865),0.009011314743318304,68.45887968550178,62.675306656618865
2025-09-03 15:29:23.726487,32,3,POINT (68.4563756365455 62.68384069126575),0.008893818557273397,68.4563756365455,62.68384069126575
2025-09-03 15:29:24.726487,33,3,POINT (68.45392832555828 62.69222302870856),0.008732291341527885,68.45392832555828,62.69222302870856
2025-09-03 15:29:25.726487,34,3,POINT (68.45156522667298 62.70050471689559),0.008612235224888793,68.45156522667298,62.70050471689559
2025-09-03 15:29:26.726487,35,3,POINT (68.44940841507601 62.70878097231949),0.008552674441746335,68.44940841507601,62.70878097231949
2025-09-03 15:29:27.726487,36,3,POINT (68.44735772603285 62.716952497253295),0.008424912183255666,68.44735772603285,62.716952497253295
2025-09-03 15:29:28.726487,37,3,POINT (68.44554815188678 62.72515014906604),0.008395001717276956,68.44554815188678,62.72515014906604
2025-09-03 15:29:29.726487,38,3,POINT (68.44380610057911 62.733238465255695),0.00827379003494923,68.44380610057911,62.733238465255695
2025-09-03 15:29:30.726487,39,3,POINT (68.44219456739849 62.741291734255725),0.00821292766186847,68.44219456739849,62.741291734255725
2025-09-03 15:29:31.726487,40,3,POINT (68.44078278663105 62.749358423436185),0.008189297849599934,68.44078278663105,62.749358423436185
2025-09-03 15:29:32.726487,41,3,POINT (68.43944143023158 62.7573358408362),0.008089402039979465,68.43944143023158,62.7573358408362
2025-09-03 15:29:33.726487,42,3,POINT (68.43825909064748 62.76530485569304),0.008056247555821688,68.43825909064748,62.76530485569304
2025-09-03 15:29:34.726487,43,3,POINT (68.43716782074924 62.77319300109934),0.00796327243924908,68.43716782074924,62.77319300109934
2025-09-03 15:29:35.726487,44,3,POINT (68.43612715349519 62.781004316217974),0.007880331986426247,68.43612715349519,62.781004316217974
2025-09-03 15:29:36.726487,45,3,POINT (68.43516487426085 62.78875608613991),0.007811268670806239,68.43516487426085,62.78875608613991
2025-09-03 15:29:37.726487,46,3,POINT (68.43425820092315 62.796389546124495),0.007687117006882719,68.43425820092315,62.796389546124495
2025-09-03 15:29:38.726487,47,3,POINT (68.43339318623005 62.80391319651352),0.007573213690076801,68.43339318623005,62.80391319651352
2025-09-03 15:29:39.726487,48,3,POINT (68.4326536475308 62.8113990755512),0.0075223202839601,68.4326536475308,62.8113990755512
2025-09-03 15:29:40.726487,49,3,POINT (68.43211553935156 62.818951534091575),0.0075716042168510935,68.43211553935156,62.818951534091575
2025-09-03 15:29:41.726487,50,3,POINT (68.4316386051561 62.826448144992405),0.007511766851097346,68.4316386051561,62.826448144992405
2025-09-03 15:29:42.726487,51,3,POINT (68.43122365318129 62.83389655317518),0.0074599577477771645,68.43122365318129,62.83389655317518
2025-09-03 15:29:43.726487,52,3,POINT (68.43088275848575 62.84126873939564),0.007380063608300171,68.43088275848575,62.84126873939564
2025-09-03 15:29:44.726487,53,3,POINT (68.4306480786489 62.84859828214022),0.007333298812303519,68.4306480786489,62.84859828214022
2025-09-03 15:29:45.726487,54,3,POINT (68.43051816512717 62.85589532940505),0.0072982036357080214,68.43051816512717,62.85589532940505
2025-09-03 15:29:46.726487,55,3,POINT (68.43058153938189 62.863233043316974),0.007337987581714132,68.43058153938189,62.863233043316974
2025-09-03 15:29:47.726487,56,3,POINT (68.43076367991505 62.87056918798943),0.007338405400974102,68.43076367991505,62.87056918798943
2025-09-03 15:29:48.726487,57,3,POINT (68.43099377334998 62.87784320121743),0.007277651505115103,68.43099377334998,62.87784320121743
2025-09-03 15:29:49.726487,58,3,POINT (68.43138074939502 62.88514257823384),0.007309627575130645,68.43138074939502,62.88514257823384
2025-09-03 15:29:50.726487,59,3,POINT (68.43182160321852 62.89239172819621),0.0072625427551664505,68.43182160321852,62.89239172819621
2025-09-03 15:29:51.726487,60,3,POINT (68.43233787905048 62.8996443161666),0.007270940310780481,68.43233787905048,62.8996443161666
2025-09-03 15:29:52.726487,61,3,POINT (68.43294602164258 62.90685897731612),0.007240246744047991,68.43294602164258,62.90685897731612
2025-09-03 15:29:53.726487,62,3,POINT (68.43358692390252 62.91397605380771),0.007145875278363991,68.43358692390252,62.91397605380771
2025-09-03 15:29:54.726487,63,3,POINT (68.4343417398504 62.921131884918175),0.007195530973922935,68.4343417398504,62.921131884918175
2025-09-03 15:29:55.726487,64,3,POINT (68.43520184061066 62.92828221337894),0.007201872701920242,68.43520184061066,62.92828221337894
2025-09-03 15:29:56.726487,65,3,POINT (68.4361469947868 62.93541796272545),0.007198071627379594,68.4361469947868,62.93541796272545
2025-09-03 15:29:57.726487,66,3,POINT (68.43715214800349 62.94250105800859),0.007154059810975412,68.43715214800349,62.94250105800859
2025-09-03 15:29:58.726487,67,3,POINT (68.43819078064202 62.94951593868596),0.007091354502181685,68.43819078064202,62.94951593868596
2025-09-03 15:29:59.726487,68,3,POINT (68.4393384077242 62.95652982176527),0.007107151593287746,68.4393384077242,62.95652982176527
2025-09-03 15:30:00.726487,69,3,POINT (68.44051088167843 62.963483386628255),0.007051720320395442,68.44051088167843,62.963483386628255
2025-09-03 15:30:01.726487,70,3,POINT (68.44171583799408 62.97036037852722),0.006981757465067119,68.44171583799408,62.97036037852722
2025-09-03 15:30:02.726487,71,3,POINT (68.44306814116923 62.9772862568825),0.007056664571148411,68.44306814116923,62.9772862568825
2025-09-03 15:30:03.726487,72,3,POINT (68.44452231018454 62.984247208962294),0.007111220808149447,68.44452231018454,62.984247208962294
2025-09-03 15:30:04.726487,73,3,POINT (68.44604700151801 62.9911787220438),0.0070972217988047055,68.44604700151801,62.9911787220438
2025-09-03 15:30:05.726487,74,3,POINT (68.44759229078822 62.99806600506613),0.007058511624861443,68.44759229078822,62.99806600506613
2025-09-03 15:30:06.726487,75,3,POINT (68.44914150119318 63.004876469777905),0.006984445752469366,68.44914150119318,63.004876469777905
2025-09-03 15:30:07.726487,76,3,POINT (68.4507256730874 63.011652068582144),0.006958328804134926,68.4507256730874,63.011652068582144
2025-09-03 15:30:08.726487,77,3,POINT (68.45237048554054 63.01840384900746),0.006949240743973951,68.45237048554054,63.01840384900746
2025-09-03 15:30:09.726487,78,3,POINT (68.4540352563443 63.02511801438417),0.006917476312558449,68.4540352563443,63.02511801438417
2025-09-03 15:30:10.726487,79,3,POINT (68.45581435899906 63.031883895044515),0.0069958807427113415,68.45581435899906,63.031883895044515
2025-09-03 15:30:11.726487,80,3,POINT (68.45685569499275 63.03932189275872),0.00751053863902494,68.45685569499275,63.03932189275872
2025-09-03 15:30:12.726487,81,3,POINT (68.4571365781294 63.04738557234083),0.008068570117396976,68.4571365781294,63.04738557234083
2025-09-03 15:30:13.726487,82,3,POINT (68.45669434085204 63.05606761589146),0.008693299375064018,68.45669434085204,63.05606761589146
2025-09-03 15:30:14.726487,83,3,POINT (68.45552592692034 63.06535360426862),0.009359207832750816,68.45552592692034,63.06535360426862
2025-09-03 15:30:15.726487,84,3,POINT (68.45364422486479 63.07524738618952),0.010071133169812424,68.45364422486479,63.07524738618952
2025-09-03 15:30:16.726487,85,3,POINT (68.4510473014856 63.08570454441687),0.010774793233713435,68.4510473014856,63.08570454441687
2025-09-03 15:30:17.726487,86,3,POINT (68.44770497642969 63.09665806369593),0.01145210554335652,68.44770497642969,63.09665806369593
2025-09-03 15:30:18.726487,87,3,POINT (68.44359033101667 63.10811279992911),0.012171330619393033,68.44359033101667,63.10811279992911
2025-09-03 15:30:19.726487,88,3,POINT (68.438809111705 63.12009652609983),0.0129023157239711,68.438809111705,63.12009652609983
2025-09-03 15:30:20.726487,89,3,POINT (68.43330874102949 63.1325410916851),0.013605928493639915,68.43330874102949,63.1325410916851
2025-09-03 15:30:21.726487,90,3,POINT (68.42713455505589 63.145508783302),0.014362506686080282,68.42713455505589,63.145508783302
2025-09-03 15:30:22.726487,91,3,POINT (68.4202708177605 63.15895168156817),0.015093786915639616,68.4202708177605,63.15895168156817
2025-09-03 15:30:23.726487,92,3,POINT (68.41272422405514 63.172854055455225),0.015818567452498048,68.41272422405514,63.172854055455225
2025-09-03 15:30:24.726487,93,3,POINT (68.4045427846528 63.18725674875842),0.01656422425228637,68.4045427846528,63.18725674875842
2025-09-03 15:30:25.726487,94,3,POINT (68.39571166913002 63.202055830746914),0.01723372940134641,68.39571166913002,63.202055830746914
2025-09-03 15:30:26.726487,95,3,POINT (68.38625806520493 63.21731051930497),0.01794648016118321,68.38625806520493,63.21731051930497
2025-09-03 15:30:27.726487,96,3,POINT (68.37773691477561 63.231614955481994),0.016650132101028947,68.37773691477561,63.231614955481994
2025-09-03 15:30:28.726487,97,3,POINT (68.37020839749242 63.24506342946205),0.015412333531154168,68.37020839749242,63.24506342946205
2025-09-03 15:30:29.726487,98,3,POINT (68.36362138574626 63.25765637292027),0.014211648345146143,68.36362138574626,63.25765637292027
2025-09-03 15:30:30.726487,99,3,POINT (68.35796491262542 63.26943200835421),0.013063739052801563,68.35796491262542,63.26943200835421
2025-09-03 15:30:31.726487,100,3,POINT (68.35326394829615 63.280430244141655),0.011960779910247901,68.35326394829615,63.280430244141655
2025-09-03 15:30:32.726487,101,3,POINT (68.34964747037203 63.29086344295505),0.01104221671836844,68.34964747037203,63.29086344295505
2025-09-03 15:30:33.726487,102,3,POINT (68.34704308474983 63.300701863663136),0.010177295637763442,68.34704308474983,63.300701863663136
2025-09-03 15:30:34.726487,103,3,POINT (68.34539054895991 63.309825852794674),0.009272435074422434,68.34539054895991,63.309825852794674
2025-09-03 15:30:35.726487,104,3,POINT (68.3447177472514 63.31830851325026),0.008509300238193433,68.3447177472514,63.31830851325026
2025-09-03 15:30:36.726487,105,3,POINT (68.34496653889936 63.32615541207116),0.007850841890495201,68.34496653889936,63.32615541207116
2025-09-03 15:30:37.726487,106,3,POINT (68.34617290370615 63.33342112214845),0.007365178814823067,68.34617290370615,63.33342112214845
2025-09-03 15:30:38.726487,107,3,POINT (68.34836259533944 63.34016043494066),0.00708611927362883,68.34836259533944,63.34016043494066
2025-09-03 15:30:39.726487,108,3,POINT (68.35149747818322 63.34639574877139),0.006979013469825118,68.35149747818322,63.34639574877139
2025-09-03 15:30:40.726487,109,3,POINT (68.35560322484856 63.35213878289421),0.007059716468514845,68.35560322484856,63.35213878289421
2025-09-03 15:30:41.726487,110,3,POINT (68.36060747113225 63.357293794645955),0.0071844712420934985,68.36060747113225,63.357293794645955
2025-09-03 15:30:42.726487,111,3,POINT (68.36648400266897 63.361899318708566),0.00746622225715853,68.36648400266897,63.361899318708566
2025-09-03 15:30:43.726487,112,3,POINT (68.37319337556364 63.36593080024816),0.007827421545047876,68.37319337556364,63.36593080024816
2025-09-03 15:30:44.726487,113,3,POINT (68.38075540954249 63.36944087902036),0.008336966527714672,68.38075540954249,63.36944087902036
2025-09-03 15:30:45.726487,114,3,POINT (68.3892067618567 63.372514117476804),0.008992783248198714,68.3892067618567,63.372514117476804
2025-09-03 15:30:46.726487,115,3,POINT (68.39847045484278 63.375050051029646),0.009604528448852068,68.39847045484278,63.375050051029646
2025-09-03 15:30:47.726487,116,3,POINT (68.40854123014263 63.37712194434349),0.010281695241742278,68.40854123014263,63.37712194434349
2025-09-03 15:30:48.726487,117,3,POINT (68.41937311014503 63.378630027611855),0.010936358604704533,68.41937311014503,63.378630027611855
2025-09-03 15:30:49.726487,118,3,POINT (68.43103820976799 63.37970006692717),0.011714074156752243,68.43103820976799,63.37970006692717
2025-09-03 15:30:50.726487,119,3,POINT (68.44344516445327 63.380261033835644),0.012419629963685485,68.44344516445327,63.380261033835644
2025-09-03 15:30:51.726487,120,3,POINT (68.45658540064957 63.38032802024667),0.013140406937153662,68.45658540064957,63.38032802024667
2025-09-03 15:30:52.726487,121,3,POINT (68.47043349325817 63.37986569473194),0.013855807943886429,68.47043349325817,63.37986569473194
2025-09-03 15:30:53.726487,122,3,POINT (68.48493784533592 63.37885310672784),0.014539654867341184,68.48493784533592,63.37885310672784
2025-09-03 15:30:54.726487,123,3,POINT (68.50011180871407 63.37730755623252),0.015252471633636498,68.50011180871407,63.37730755623252
2025-09-03 15:30:55.726487,124,3,POINT (68.51590425995164 63.37521308931143),0.015930734690361017,68.51590425995164,63.37521308931143
2025-09-03 15:30:56.726487,125,3,POINT (68.53227773976867 63.37250873385836),0.01659531198065768,68.53227773976867,63.37250873385836
2025-09-03 15:30:57.726487,126,3,POINT (68.54923476421642 63.36921413404822),0.0172741154919871,68.54923476421642,63.36921413404822
2025-09-03 15:30:58.726487,127,3,POINT (68.56673014681131 63.36529304687121),0.017929398673442065,68.56673014681131,63.36529304687121
2025-09-03 15:30:59.726487,128,3,POINT (68.58482150694735 63.36084319594574),0.018630579294020684,68.58482150694735,63.36084319594574
2025-09-03 15:31:00.726487,129,3,POINT (68.60343753496028 63.35581051056978),0.019284305045075646,68.60343753496028,63.35581051056978
2025-09-03 15:31:01.726487,130,3,POINT (68.62257199835265 63.35021042946377),0.01993711608302661,68.62257199835265,63.35021042946377
2025-09-03 15:31:02.726487,131,3,POINT (68.64213749848712 63.34395348763614),0.02054161913155754,68.64213749848712,63.34395348763614
2025-09-03 15:31:03.726487,132,3,POINT (68.66133987840978 63.33774900246215),0.020179866971031322,68.66133987840978,63.33774900246215
2025-09-03 15:31:04.726487,133,3,POINT (68.68023044735001 63.33160759972977),0.01986379677722856,68.68023044735001,63.33160759972977
2025-09-03 15:31:05.726487,134,3,POINT (68.69883268658823 63.32555290366224),0.019562787356256956,68.69883268658823,63.32555290366224
2025-09-03 15:31:06.726487,135,3,POINT (68.71713162840626 63.319615358920046),0.019238131645907527,68.71713162840626,63.319615358920046
2025-09-03 15:31:07.726487,136,3,POINT (68.73511299802524 63.31372251561577),0.018922348046241225,68.73511299802524,63.31372251561577
2025-09-03 15:31:08.726487,137,3,POINT (68.75276311888862 63.30787917726025),0.018592239500099438,68.75276311888862,63.30787917726025
2025-09-03 15:31:09.726487,138,3,POINT (68.77007446576886 63.30208440842113),0.01825546703611252,68.77007446576886,63.30208440842113
2025-09-03 15:31:10.726487,139,3,POINT (68.78708463855656 63.29638404900865),0.017939901775067844,68.78708463855656,63.29638404900865
2025-09-03 15:31:11.726487,140,3,POINT (68.8038111880159 63.29075089584412),0.017649642245401297,68.8038111880159,63.29075089584412
2025-09-03 15:31:12.726487,141,3,POINT (68.8203097653551 63.28523678071469),0.01739564657833584,68.8203097653551,63.28523678071469
2025-09-03 15:31:13.726487,142,3,POINT (68.83662047262506 63.279892144596374),0.017164041100022686,68.83662047262506,63.279892144596374
2025-09-03 15:31:14.726487,143,3,POINT (68.85268176232286 63.27465010087206),0.016895089498560452,68.85268176232286,63.27465010087206
2025-09-03 15:31:15.726487,144,3,POINT (68.86842957176661 63.269449335266984),0.016584374126136316,68.86842957176661,63.269449335266984
2025-09-03 15:31:16.726487,145,3,POINT (68.88400508945236 63.264397992046526),0.016374150955389452,68.88400508945236,63.264397992046526
2025-09-03 15:31:17.726487,146,3,POINT (68.89944701512276 63.259514927397596),0.016195597820884353,68.89944701512276,63.259514927397596
2025-09-03 15:31:18.726487,147,3,POINT (68.91473880598389 63.25479206839925),0.016004507641872008,68.91473880598389,63.25479206839925
2025-09-03 15:31:19.726487,148,3,POINT (68.92989684970469 63.25024037968624),0.015826691365597643,68.92989684970469,63.25024037968624
2025-09-03 15:31:20.726487,149,3,POINT (68.94483877622622 63.24578795462059),0.015591191652341336,68.94483877622622,63.24578795462059
2025-09-03 15:31:21.726487,150,3,POINT (68.95963718393008 63.24150514479266),0.015405691499961342,68.95963718393008,63.24150514479266
2025-09-03 15:31:22.726487,151,3,POINT (68.97420935899659 63.237293159296954),0.015168688406876634,68.97420935899659,63.237293159296954
2025-09-03 15:31:23.726487,152,3,POINT (68.98864185000133 63.233205539494364),0.01500018107398813,68.98864185000133,63.233205539494364
2025-09-03 15:31:24.726487,153,3,POINT (69.0029603862634 63.22930769631866),0.014839597774551738,69.0029603862634,63.22930769631866
2025-09-03 15:31:25.726487,154,3,POINT (69.01712406383393 63.225529174731214),0.014659024104930684,69.01712406383393,63.225529174731214
2025-09-03 15:31:26.726487,155,3,POINT (69.0311089754627 63.22183774043342),0.014463901286975177,69.0311089754627,63.22183774043342
2025-09-03 15:31:27.726487,156,3,POINT (69.04492822473229 63.21824747235621),0.0142780137008355,69.04492822473229,63.21824747235621
2025-09-03 15:31:28.726487,157,3,POINT (69.0586824611699 63.21484380109954),0.014169121285565016,69.0586824611699,63.21484380109954
2025-09-03 15:31:29.726487,158,3,POINT (69.0723017621951 63.21154254148451),0.014013695995734772,69.0723017621951,63.21154254148451
2025-09-03 15:31:30.726487,159,3,POINT (69.08582015893055 63.208367378450156),0.01388627778030346,69.08582015893055,63.208367378450156
2025-09-03 15:31:31.726487,160,3,POINT (69.09920749382907 63.20529718440444),0.013734876306819351,69.09920749382907,63.20529718440444
2025-09-03 15:31:32.726487,161,3,POINT (69.11247689365365 63.20233064954971),0.013596959246422636,69.11247689365365,63.20233064954971
2025-09-03 15:31:33.726487,162,3,POINT (69.1255556181769 63.19942546411114),0.013397504901572231,69.1255556181769,63.19942546411114
2025-09-03 15:31:34.726487,163,3,POINT (69.13853047747607 63.19660822325698),0.013277191715999661,69.13853047747607,63.19660822325698
2025-09-03 15:31:35.726487,164,3,POINT (69.15138541356268 63.1938984043056),0.013137446499991321,69.15138541356268,63.1938984043056
2025-09-03 15:31:36.726487,165,3,POINT (69.1640723413538 63.19125940892619),0.012958488854403032,69.1640723413538,63.19125940892619
2025-09-03 15:31:37.726487,166,3,POINT (69.17663378932997 63.18874566275333),0.012810499407890932,69.17663378932997,63.18874566275333
2025-09-03 15:31:38.726487,167,3,POINT (69.18910172803238 63.18636764784184),0.01269269279571567,69.18910172803238,63.18636764784184
2025-09-03 15:31:39.726487,168,3,POINT (69.20148575542942 63.18413452003099),0.012583759151782654,69.20148575542942,63.18413452003099
2025-09-03 15:31:40.726487,169,3,POINT (69.213107404313 63.18281095440278),0.011696775142987961,69.213107404313,63.18281095440278
2025-09-03 15:31:41.726487,170,3,POINT (69.22411241695751 63.1824759174719),0.011010111400468706,69.22411241695751,63.1824759174719
2025-09-03 15:31:42.726487,171,3,POINT (69.23437760474553 63.18305397195157),0.010281450642045999,69.23437760474553,63.18305397195157
2025-09-03 15:31:43.726487,172,3,POINT (69.24404527592927 63.18456856007307),0.009785593660815233,69.24404527592927,63.18456856007307
2025-09-03 15:31:44.726487,173,3,POINT (69.25307453964214 63.18698027265235),0.009345799097012183,69.25307453964214,63.18698027265235
2025-09-03 15:31:45.726487,174,3,POINT (69.26158604462093 63.19036811139829),0.00916095892209935,69.26158604462093,63.19036811139829
2025-09-03 15:31:46.726487,175,3,POINT (69.26951772960545 63.194705144059746),0.009039993307535483,69.26951772960545,63.194705144059746
2025-09-03 15:31:47.726487,176,3,POINT (69.27685145838721 63.19995178839385),0.009017253163405924,69.27685145838721,63.19995178839385
2025-09-03 15:31:48.726487,177,3,POINT (69.283604904366 63.20605911826167),0.009105411067207199,69.283604904366,63.20605911826167
2025-09-03 15:31:49.726487,178,3,POINT (69.28982324700354 63.213014911943375),0.009330104549268088,69.28982324700354,63.213014911943375
2025-09-03 15:31:50.726487,179,3,POINT (69.29542541578793 63.22075597068005),0.009555536900326664,69.29542541578793,63.22075597068005
2025-09-03 15:31:51.726487,180,3,POINT (69.30052934304051 63.22937126416146),0.010013658430880376,69.30052934304051,63.22937126416146
2025-09-03 15:31:52.726487,181,3,POINT (69.3051185696221 63.23883319900404),0.010516140526944315,69.3051185696221,63.23883319900404
2025-09-03 15:31:53.726487,182,3,POINT (69.30917795775919 63.249109988482836),0.01104948116605661,69.30917795775919,63.249109988482836
2025-09-03 15:31:54.726487,183,3,POINT (69.31262249632972 63.26011154123498),0.011528183244641884,69.31262249632972,63.26011154123498
2025-09-03 15:31:55.726487,184,3,POINT (69.31544000721163 63.27184956467068),0.012071435778184455,69.31544000721163,63.27184956467068
2025-09-03 15:31:56.726487,185,3,POINT (69.31771789213944 63.28434110831934),0.012697536078729772,69.31771789213944,63.28434110831934
2025-09-03 15:31:57.726487,186,3,POINT (69.32000128603539 63.29670205691033),0.012570081055948555,69.32000128603539,63.29670205691033
2025-09-03 15:31:58.726487,187,3,POINT (69.32232673329742 63.3089146712872),0.012432041460943219,69.32232673329742,63.3089146712872
2025-09-03 15:31:59.726487,188,3,POINT (69.32481604331706 63.321064449509194),0.012402168165993231,69.32481604331706,63.321064449509194
2025-09-03 15:32:00.726487,189,3,POINT (69.32734505728493 63.333089222777026),0.012287842926749597,69.32734505728493,63.333089222777026
2025-09-03 15:32:01.726487,190,3,POINT (69.32987850888789 63.344984444065354),0.012162017370600983,69.32987850888789,63.344984444065354
2025-09-03 15:32:02.726487,191,3,POINT (69.332510869446 63.35678893013117),0.012094429022730557,69.332510869446,63.35678893013117
2025-09-03 15:32:03.726487,192,3,POINT (69.33527643037604 63.368546554763995),0.012078495943795219,69.33527643037604,63.368546554763995
2025-09-03 15:32:04.726487,193,3,POINT (69.33811359676393 63.38020404175221),0.011997771292741578,69.33811359676393,63.38020404175221
2025-09-03 15:32:05.726487,194,3,POINT (69.34098040847735 63.39172554769645),0.011872813846071046,69.34098040847735,63.39172554769645
2025-09-03 15:32:06.726487,195,3,POINT (69.34454747685082 63.402313308187665),0.011172495200280576,69.34454747685082,63.402313308187665
2025-09-03 15:32:07.726487,196,3,POINT (69.34879657940006 63.41197388886195),0.01055375248138433,69.34879657940006,63.41197388886195
2025-09-03 15:32:08.726487,197,3,POINT (69.35371006137107 63.420737557973005),0.010047099151872345,69.35371006137107,63.420737557973005
2025-09-03 15:32:09.726487,198,3,POINT (69.3593766383161 63.42869284728918),0.00976712457061776,69.3593766383161,63.42869284728918
2025-09-03 15:32:10.726487,199,3,POINT (69.36565433245228 63.43574403007265),0.009440795639841935,69.36565433245228,63.43574403007265
2025-09-03 15:32:11.726487,200,3,POINT (69.37268672830602 63.44201988572478),0.009425548027045918,69.37268672830602,63.44201988572478
2025-09-03 15:32:12.726487,201,3,POINT (69.38035939444852 63.447446874231254),0.009397979037196885,69.38035939444852,63.447446874231254
2025-09-03 15:32:13.726487,202,3,POINT (69.38870911655225 63.45206921449014),0.009543787962775715,69.38870911655225,63.45206921449014
2025-09-03 15:32:14.726487,203,3,POINT (69.39768704395675 63.455877293734126),0.009752161196831905,69.39768704395675,63.455877293734126
2025-09-03 15:32:15.726487,204,3,POINT (69.40731666087378 63.45890422306319),0.010094147964628373,69.40731666087378,63.45890422306319
2025-09-03 15:32:16.726487,205,3,POINT (69.4175854276463 63.46117397510607),0.010516622336315418,69.4175854276463,63.46117397510607
2025-09-03 15:32:17.726487,206,3,POINT (69.42843803398463 63.46266979016652),0.010955205476388083,69.42843803398463,63.46266979016652
2025-09-03 15:32:18.726487,207,3,POINT (69.43988346740834 63.46338968044383),0.011468050761475094,69.43988346740834,63.46338968044383
2025-09-03 15:32:19.726487,208,3,POINT (69.45187751015499 63.4633315051881),0.01199418383087626,69.45187751015499,63.4633315051881
2025-09-03 15:32:20.726487,209,3,POINT (69.46440385497047 63.46249282291133),0.012554389766044928,69.46440385497047,63.46249282291133
2025-09-03 15:32:21.726487,210,3,POINT (69.4774680134794 63.46089752350164),0.013161201227580438,69.4774680134794,63.46089752350164
2025-09-03 15:32:22.726487,211,3,POINT (69.49046072077216 63.45943016866171),0.013075303936115399,69.49046072077216,63.45943016866171
2025-09-03 15:32:23.726487,212,3,POINT (69.50333992663107 63.45804014092474),0.012954000180087213,69.50333992663107,63.45804014092474
2025-09-03 15:32:24.726487,213,3,POINT (69.5161210267459 63.45676796410465),0.012844257627711565,69.5161210267459,63.45676796410465
2025-09-03 15:32:25.726487,214,3,POINT (69.52876411355048 63.45556736151694),0.01269996419371257,69.52876411355048,63.45556736151694
2025-09-03 15:32:26.726487,215,3,POINT (69.54132127064169 63.45445983926491),0.01260590336913732,69.54132127064169,63.45445983926491
2025-09-03 15:32:27.726487,216,3,POINT (69.55314148016673 63.454295550013136),0.01182135119917011,69.55314148016673,63.454295550013136
2025-09-03 15:32:28.726487,217,3,POINT (69.56421090325298 63.45500101030922),0.011091879989066846,69.56421090325298,63.45500101030922
2025-09-03 15:32:29.726487,218,3,POINT (69.57454379853766 63.45657905883743),0.010452701187801934,69.57454379853766,63.45657905883743
2025-09-03 15:32:30.726487,219,3,POINT (69.58429691744143 63.45913174052122),0.01008164233297009,69.58429691744143,63.45913174052122
2025-09-03 15:32:31.726487,220,3,POINT (69.59345047933665 63.46262983352725),0.009799201500552003,69.59345047933665,63.46262983352725
2025-09-03 15:32:32.726487,221,3,POINT (69.60188582209305 63.46694149289257),0.009473405612582229,69.60188582209305,63.46694149289257
2025-09-03 15:32:33.726487,222,3,POINT (69.60970203012594 63.47212628732541),0.009379509652653236,69.60970203012594,63.47212628732541
2025-09-03 15:32:34.726487,223,3,POINT (69.61698927485233 63.478219477180915),0.00949899459508515,69.61698927485233,63.478219477180915
2025-09-03 15:32:35.726487,224,3,POINT (69.62373303770049 63.485208108307084),0.009711812517233373,69.62373303770049,63.485208108307084
2025-09-03 15:32:36.726487,225,3,POINT (69.62992035076077 63.493042965545584),0.00998337772768256,69.62992035076077,63.493042965545584
2025-09-03 15:32:37.726487,226,3,POINT (69.63551106544973 63.50167671597425),0.01028580270070656,69.63551106544973,63.50167671597425
2025-09-03 15:32:38.726487,227,3,POINT (69.64047874407568 63.511071954681796),0.010627715714229203,69.64047874407568,63.511071954681796
2025-09-03 15:32:39.726487,228,3,POINT (69.64484258137892 63.52123055083829),0.011056226837394397,69.64484258137892,63.52123055083829
2025-09-03 15:32:40.726487,229,3,POINT (69.64859640511465 63.532125627921374),0.011523623444265052,69.64859640511465,63.532125627921374
2025-09-03 15:32:41.726487,230,3,POINT (69.65175382800597 63.54375350451969),0.012048934952947005,69.65175382800597,63.54375350451969
2025-09-03 15:32:42.726487,231,3,POINT (69.65425338358492 63.55604543974058),0.012543502284718497,69.65425338358492,63.55604543974058
2025-09-03 15:32:43.726487,232,3,POINT (69.65679980593907 63.56824352004644),0.012461036471895356,69.65679980593907,63.56824352004644
2025-09-03 15:32:44.726487,233,3,POINT (69.6594843661402 63.580355134412585),0.01240556592936367,69.6594843661402,63.580355134412585
2025-09-03 15:32:45.726487,234,3,POINT (69.66220957133515 63.592337621250934),0.012288479734522947,69.66220957133515,63.592337621250934
2025-09-03 15:32:46.726487,235,3,POINT (69.66498559652418 63.60420215658195),0.012184970844075401,69.66498559652418,63.60420215658195
2025-09-03 15:32:47.726487,236,3,POINT (69.66777811128728 63.615931542029834),0.012057222801591374,69.66777811128728,63.615931542029834
2025-09-03 15:32:48.726487,237,3,POINT (69.67055262794284 63.627482319174234),0.011879326382905477,69.67055262794284,63.627482319174234
2025-09-03 15:32:49.726487,238,3,POINT (69.67324934412702 63.638835993978006),0.011669541967352164,69.67324934412702,63.638835993978006
2025-09-03 15:32:50.726487,239,3,POINT (69.67609043310155 63.65014564328396),0.011661044292213305,69.67609043310155,63.65014564328396
2025-09-03 15:32:51.726487,240,3,POINT (69.67896644418636 63.66133950799677),0.011557423889803424,69.67896644418636,63.66133950799677
2025-09-03 15:32:52.726487,241,3,POINT (69.68189250559867 63.67245845834862),0.011497516789095077,69.68189250559867,63.67245845834862
2025-09-03 15:32:53.726487,242,3,POINT (69.68490691000765 63.6835310658608),0.011475594584143177,69.68490691000765,63.6835310658608
2025-09-03 15:32:54.726487,243,3,POINT (69.68800433025118 63.69451710336567),0.011414334506374213,69.68800433025118,63.69451710336567
2025-09-03 15:32:55.726487,244,3,POINT (69.69108571894374 63.70537279051692),0.011284542516223552,69.69108571894374,63.70537279051692
2025-09-03 15:32:56.726487,245,3,POINT (69.6941196649592 63.716101123727775),0.01114907897128344,69.6941196649592,63.716101123727775
2025-09-03 15:32:57.726487,246,3,POINT (69.69714692647521 63.726720833040474),0.011042759536119127,69.69714692647521,63.726720833040474
2025-09-03 15:32:58.726487,247,3,POINT (69.70019918641437 63.73725242839045),0.010964980225780359,69.70019918641437,63.73725242839045
2025-09-03 15:32:59.726487,248,3,POINT (69.7032843002547 63.7476856341911),0.010879784496328072,69.7032843002547,63.7476856341911
2025-09-03 15:33:00.726487,249,3,POINT (69.70649242257797 63.75807335059226),0.010871830612737207,69.70649242257797,63.75807335059226
2025-09-03 15:33:01.726487,250,3,POINT (69.70974817496051 63.768405348482744),0.01083282530023273,69.70974817496051,63.768405348482744
2025-09-03 15:33:02.726487,251,3,POINT (69.71295893875576 63.77858996353312),0.010678735312445817,69.71295893875576,63.77858996353312
2025-09-03 15:33:03.726487,252,3,POINT (69.71621298041464 63.788689343570994),0.010610667475096485,69.71621298041464,63.788689343570994
2025-09-03 15:33:04.726487,253,3,POINT (69.71962474813812 63.79882491828683),0.01069439263442881,69.71962474813812,63.79882491828683
2025-09-03 15:33:05.726487,254,3,POINT (69.72306132813945 63.8088720117375),0.010618576595381778,69.72306132813945,63.8088720117375
2025-09-03 15:33:06.726487,255,3,POINT (69.72657385272659 63.81888518611342),0.010611384926475707,69.72657385272659,63.81888518611342
2025-09-03 15:33:07.726487,256,3,POINT (69.73023301946519 63.82887241529861),0.010636458434010752,69.73023301946519,63.82887241529861
2025-09-03 15:33:08.726487,257,3,POINT (69.73395883775666 63.8387778337462),0.010582959726034525,69.73395883775666,63.8387778337462
2025-09-03 15:33:09.726487,258,3,POINT (69.7376654470476 63.84856076777007),0.010461584514358161,69.7376654470476,63.84856076777007
2025-09-03 15:33:10.726487,259,3,POINT (69.74140409142672 63.858276900532765),0.010410605057144164,69.74140409142672,63.858276900532765
2025-09-03 15:33:11.726487,260,3,POINT (69.7451390804717 63.867914050889134),0.01033560884309314,69.7451390804717,63.867914050889134
2025-09-03 15:33:12.726487,261,3,POINT (69.74888788808106 63.87748610055566),0.010279965627878153,69.74888788808106,63.87748610055566
2025-09-03 15:33:13.726487,262,3,POINT (69.75273326865144 63.8870361068348),0.010295123683701841,69.75273326865144,63.8870361068348
2025-09-03 15:33:14.726487,263,3,POINT (69.75660363965952 63.89654145971311),0.01026311381021536,69.75660363965952,63.89654145971311
2025-09-03 15:33:15.726487,264,3,POINT (69.76046391465515 63.90591031710767),0.010132976459136496,69.76046391465515,63.90591031710767
2025-09-03 15:33:16.726487,265,3,POINT (69.76442502320204 63.91526256121646),0.01015651765078135,69.76442502320204,63.91526256121646
2025-09-03 15:33:17.726487,266,3,POINT (69.76837468050812 63.924514399004714),0.010059636936573121,69.76837468050812,63.924514399004714
2025-09-03 15:33:18.726487,267,3,POINT (69.77245276810424 63.933799202087016),0.01014092533839071,69.77245276810424,63.933799202087016
2025-09-03 15:33:19.726487,268,3,POINT (69.77661284828156 63.943070347396656),0.010161712573879527,69.77661284828156,63.943070347396656
2025-09-03 15:33:20.726487,269,3,POINT (69.78085888220987 63.95233069044282),0.01018738226695289,69.78085888220987,63.95233069044282
2025-09-03 15:33:21.726487,270,3,POINT (69.78509779981785 63.96150822098879),0.010109178473517163,69.78509779981785,63.96150822098879
2025-09-03 15:33:22.726487,271,3,POINT (69.78936972287804 63.970609165172256),0.010053681497974806,69.78936972287804,63.970609165172256
2025-09-03 15:33:23.726487,272,3,POINT (69.79368514461686 63.97965014995691),0.010018097157657396,69.79368514461686,63.97965014995691
2025-09-03 15:33:24.726487,273,3,POINT (69.79813204153423 63.988727459881225),0.010108038764063132,69.79813204153423,63.988727459881225
2025-09-03 15:33:25.726487,274,3,POINT (69.80263210160902 63.99776118028058),0.010092504393378958,69.80263210160902,63.99776118028058
2025-09-03 15:33:26.726487,275,3,POINT (69.80713056122532 64.00671128815202),0.01001701401765688,69.80713056122532,64.00671128815202
2025-09-03 15:33:27.726487,276,3,POINT (69.81172703002102 64.01566027149586),0.010060408951835758,69.81172703002102,64.01566027149586
2025-09-03 15:33:28.726487,277,3,POINT (69.81637151898174 64.02456605640049),0.010044116809045323,69.81637151898174,64.02456605640049
2025-09-03 15:33:29.726487,278,3,POINT (69.82101749759094 64.03339843890035),0.009979784459648236,69.82101749759094,64.03339843890035
2025-09-03 15:33:30.726487,279,3,POINT (69.82562877438065 64.04214446841776),0.009887209209411853,69.82562877438065,64.04214446841776
2025-09-03 15:33:31.726487,280,3,POINT (69.83029100804642 64.05087368915564),0.009896247644678583,69.83029100804642,64.05087368915564
2025-09-03 15:33:32.726487,281,3,POINT (69.83494899188996 64.05953622819497),0.009835466236773761,69.83494899188996,64.05953622819497
2025-09-03 15:33:33.726487,282,3,POINT (69.83971818224101 64.06823440111367),0.0099198482210256,69.83971818224101,64.06823440111367
2025-09-03 15:33:34.726487,283,3,POINT (69.84552266699461 64.07572782875226),0.009478581171756092,69.84552266699461,64.07572782875226
2025-09-03 15:33:35.726487,284,3,POINT (69.85244116496371 64.08208171848267),0.009393483318478758,69.85244116496371,64.08208171848267
2025-09-03 15:33:36.726487,285,3,POINT (69.8604064742526 64.08722086755306),0.00947929349874633,69.8604064742526,64.08722086755306
2025-09-03 15:33:37.726487,286,3,POINT (69.86950791914795 64.09122101966709),0.009941705895794899,69.86950791914795,64.09122101966709
2025-09-03 15:33:38.726487,287,3,POINT (69.8797446427391 64.09407089315914),0.010626019424144104,69.8797446427391,64.09407089315914
2025-09-03 15:33:39.726487,288,3,POINT (69.89106957691101 64.09571505977677),0.011443662781845495,69.89106957691101,64.09571505977677
2025-09-03 15:33:40.726487,289,3,POINT (69.90350486295776 64.09616449795436),0.012443405230885904,69.90350486295776,64.09616449795436
2025-09-03 15:33:41.726487,290,3,POINT (69.91698974996467 64.09535185315677),0.01350935117450869,69.91698974996467,64.09535185315677
2025-09-03 15:33:42.726487,291,3,POINT (69.93160780970065 64.09334572452585),0.014755074467060451,69.93160780970065,64.09334572452585
2025-09-03 15:33:43.726487,292,3,POINT (69.94735549379457 64.09013201365357),0.016072258456501804,69.94735549379457,64.09013201365357
2025-09-03 15:33:44.726487,293,3,POINT (69.96425041850321 64.08571565164802),0.017462609606661163,69.96425041850321,64.08571565164802
2025-09-03 15:33:45.726487,294,3,POINT (69.98218360919978 64.0799871654526),0.018825909875769497,69.98218360919978,64.0799871654526
2025-09-03 15:33:46.726487,295,3,POINT (70.00106064977776 64.07285403704508),0.02017979637807808,70.00106064977776,64.07285403704508
2025-09-03 15:33:47.726487,296,3,POINT (70.02090095907141 64.06432627934895),0.021595382010786784,70.02090095907141,64.06432627934895
2025-09-03 15:33:48.726487,297,3,POINT (70.04172125721023 64.05441043234461),0.02306098082048049,70.04172125721023,64.05441043234461
2025-09-03 15:33:49.726487,298,3,POINT (70.06345645119653 64.04308077523122),0.024510809613907954,70.06345645119653,64.04308077523122
2025-09-03 15:33:50.726487,299,3,POINT (70.08468542768307 64.03177363601611),0.02405246016306567,70.08468542768307,64.03177363601611
2025-09-03 15:33:51.726487,300,3,POINT (70.10555959764056 64.02061264681716),0.02367062845201983,70.10555959764056,64.02061264681716
2025-09-03 15:33:52.726487,301,3,POINT (70.12597606411259 64.00954416135224),0.02322376958399619,70.12597606411259,64.00954416135224
2025-09-03 15:33:53.726487,302,3,POINT (70.1460259722499 63.99859750397508),0.022843557604880885,70.1460259722499,63.99859750397508
2025-09-03 15:33:54.726487,303,3,POINT (70.16573232560117 63.987818299521074),0.022461781119631215,70.16573232560117,63.987818299521074
2025-09-03 15:33:55.726487,304,3,POINT (70.18448563455378 63.97803434716557),0.021152123306346506,70.18448563455378,63.97803434716557
2025-09-03 15:33:56.726487,305,3,POINT (70.20234827134317 63.969237638441356),0.019911199799314924,70.20234827134317,63.969237638441356
2025-09-03 15:33:57.726487,306,3,POINT (70.21937091651678 63.96144183645684),0.018722846399210413,70.21937091651678,63.96144183645684
2025-09-03 15:33:58.726487,307,3,POINT (70.23553438604945 63.95462338825317),0.017542775813416043,70.23553438604945,63.95462338825317
2025-09-03 15:33:59.726487,308,3,POINT (70.25097478047728 63.94887572192105),0.016475480216135086,70.25097478047728,63.94887572192105
2025-09-03 15:34:00.726487,309,3,POINT (70.2656043856326 63.94411456909754),0.015384860194664066,70.2656043856326,63.94411456909754
2025-09-03 15:34:01.726487,310,3,POINT (70.27948336100891 63.94033804676115),0.014383604501433002,70.27948336100891,63.94033804676115
2025-09-03 15:34:02.726487,311,3,POINT (70.29264420430567 63.937532521807555),0.013456551064336651,70.29264420430567,63.937532521807555
2025-09-03 15:34:03.726487,312,3,POINT (70.30510465971697 63.935682630126934),0.01259702537454936,70.30510465971697,63.935682630126934
2025-09-03 15:34:04.726487,313,3,POINT (70.31697533346306 63.934844490409155),0.011900225769815798,70.31697533346306,63.934844490409155
2025-09-03 15:34:05.726487,314,3,POINT (70.32818471301597 63.93495061214952),0.011209881880954656,70.32818471301597,63.93495061214952
2025-09-03 15:34:06.726487,315,3,POINT (70.33882953510262 63.93601065921694),0.01069747339522322,70.33882953510262,63.93601065921694
2025-09-03 15:34:07.726487,316,3,POINT (70.34879867380363 63.93796711767633),0.010159303920214486,70.34879867380363,63.93796711767633
2025-09-03 15:34:08.726487,317,3,POINT (70.35818302771744 63.94087998058394),0.009826030159645957,70.35818302771744,63.94087998058394
2025-09-03 15:34:09.726487,318,3,POINT (70.36703899373691 63.94474282754686),0.00966176592538546,70.36703899373691,63.94474282754686
2025-09-03 15:34:10.726487,319,3,POINT (70.37532760373837 63.949502209325054),0.009557864336077353,70.37532760373837,63.949502209325054
2025-09-03 15:34:11.726487,320,3,POINT (70.38309648486268 63.955178291257454),0.009621508199181636,70.38309648486268,63.955178291257454
2025-09-03 15:34:12.726487,321,3,POINT (70.39031604348617 63.96171449595248),0.009738788350367882,70.39031604348617,63.96171449595248
2025-09-03 15:34:13.726487,322,3,POINT (70.3969337556709 63.96908301709514),0.00990400012064832,70.3969337556709,63.96908301709514
2025-09-03 15:34:14.726487,323,3,POINT (70.40299344110943 63.97726632840269),0.010182650517928963,70.40299344110943,63.97726632840269
2025-09-03 15:34:15.726487,324,3,POINT (70.4085763472422 63.986325930243446),0.010641674041256018,70.4085763472422,63.986325930243446
2025-09-03 15:34:16.726487,325,3,POINT (70.41363700935406 63.99621495896351),0.011108698845351966,70.41363700935406,63.99621495896351
2025-09-03 15:34:17.726487,326,3,POINT (70.41825388852202 64.00696038851595),0.011695290912066555,70.41825388852202,64.00696038851595
2025-09-03 15:34:18.726487,327,3,POINT (70.42233718249182 64.01847528151245),0.012217448602907304,70.42233718249182,64.01847528151245
2025-09-03 15:34:19.726487,328,3,POINT (70.42593169369901 64.03081156741543),0.01284929806248636,70.42593169369901,64.03081156741543
2025-09-03 15:34:20.726487,329,3,POINT (70.42902575595078 64.04392432073422),0.013472843828134799,70.42902575595078,64.04392432073422
2025-09-03 15:34:21.726487,330,3,POINT (70.43156860264548 64.05773742237089),0.014045207230148163,70.43156860264548,64.05773742237089
2025-09-03 15:34:22.726487,331,3,POINT (70.43364718040269 64.07234114734585),0.01475090738351514,70.43364718040269,64.07234114734585
2025-09-03 15:34:23.726487,332,3,POINT (70.43519100036201 64.08765972327174),0.015396173175956061,70.43519100036201,64.08765972327174
2025-09-03 15:34:24.726487,333,3,POINT (70.4361431459215 64.10363679317281),0.01600541607675727,70.4361431459215,64.10363679317281
2025-09-03 15:34:25.726487,334,3,POINT (70.4365947612209 64.1202801889012),0.01664952184750605,70.4365947612209,64.1202801889012
2025-09-03 15:34:26.726487,335,3,POINT (70.43649183035933 64.1375575962402),0.017277713943684964,70.43649183035933,64.1375575962402
2025-09-03 15:34:27.726487,336,3,POINT (70.43580765726405 64.15542000823929),0.017875509929776535,70.43580765726405,64.15542000823929
2025-09-03 15:34:28.726487,337,3,POINT (70.43458685692156 64.17391445658419),0.01853469646523128,70.43458685692156,64.17391445658419
2025-09-03 15:34:29.726487,338,3,POINT (70.43273527960466 64.19293392112596),0.01910937911121444,70.43273527960466,64.19293392112596
2025-09-03 15:34:30.726487,339,3,POINT (70.43037314630259 64.21255626501099),0.019764009038634494,70.43037314630259,64.21255626501099
2025-09-03 15:34:31.726487,340,3,POINT (70.42805849903637 64.23188561370232),0.019467442379470238,70.42805849903637,64.23188561370232
2025-09-03 15:34:32.726487,341,3,POINT (70.42585761562916 64.25096698054764),0.01920787464708423,70.42585761562916,64.25096698054764
2025-09-03 15:34:33.726487,342,3,POINT (70.42375620025676 64.26980883260016),0.01895867440873156,70.42375620025676,64.26980883260016
2025-09-03 15:34:34.726487,343,3,POINT (70.42172338284063 64.28840192756681),0.018703890693812987,70.42172338284063,64.28840192756681
2025-09-03 15:34:35.726487,344,3,POINT (70.41979094101245 64.30677636444568),0.018475775004988,70.41979094101245,64.30677636444568
2025-09-03 15:34:36.726487,345,3,POINT (70.41800606104565 64.32495388343776),0.01826493890499434,70.41800606104565,64.32495388343776
2025-09-03 15:34:37.726487,346,3,POINT (70.41632912068695 64.34291309335107),0.018037332110850162,70.41632912068695,64.34291309335107
2025-09-03 15:34:38.726487,347,3,POINT (70.41475027397892 64.36066480927236),0.017821789334343602,70.41475027397892,64.36066480927236
2025-09-03 15:34:39.726487,348,3,POINT (70.41318547504204 64.37815921204862),0.017564245620309407,70.41318547504204,64.37815921204862
2025-09-03 15:34:40.726487,349,3,POINT (70.4117543734476 64.39545620898893),0.01735609849381384,70.4117543734476,64.39545620898893
2025-09-03 15:34:41.726487,350,3,POINT (70.41032017240855 64.41248988424105),0.017093947034408565,70.41032017240855,64.41248988424105
2025-09-03 15:34:42.726487,351,3,POINT (70.40899361862272 64.42935873421696),0.01692092918418966,70.40899361862272,64.42935873421696
2025-09-03 15:34:43.726487,352,3,POINT (70.40774599327558 64.44603467313623),0.01672254489740766,70.40774599327558,64.44603467313623
2025-09-03 15:34:44.726487,353,3,POINT (70.40658887473714 64.46254968302884),0.016555496823266135,70.40658887473714,64.46254968302884
2025-09-03 15:34:45.726487,354,3,POINT (70.40549026304026 64.47884405019269),0.01633136090259827,70.40549026304026,64.47884405019269
2025-09-03 15:34:46.726487,355,3,POINT (70.40446347311456 64.494945663266),0.016134318737210208,70.40446347311456,64.494945663266
2025-09-03 15:34:47.726487,356,3,POINT (70.40352538050853 64.51091781605001),0.015999677568421595,70.40352538050853,64.51091781605001
2025-09-03 15:34:48.726487,357,3,POINT (70.40259178839301 64.5266595839242),0.015769427701822686,70.40259178839301,64.5266595839242
2025-09-03 15:34:49.726487,358,3,POINT (70.40180083585064 64.54226406997535),0.015624518899623428,70.40180083585064,64.54226406997535
2025-09-03 15:34:50.726487,359,3,POINT (70.40106198331603 64.55766844048767),0.015422079430122183,70.40106198331603,64.55766844048767
2025-09-03 15:34:51.726487,360,3,POINT (70.40045378327395 64.5729561354084),0.015299788341035656,70.40045378327395,64.5729561354084
2025-09-03 15:34:52.726487,361,3,POINT (70.39989559090712 64.58806094298386),0.01511511794892416,70.39989559090712,64.58806094298386
2025-09-03 15:34:53.726487,362,3,POINT (70.39942402918483 64.60304049838508),0.014986976028416251,70.39942402918483,64.60304049838508
2025-09-03 15:34:54.726487,363,3,POINT (70.39900824875023 64.61783866049907),0.01480400200357106,70.39900824875023,64.61783866049907
2025-09-03 15:34:55.726487,364,3,POINT (70.39863885380464 64.63244597763551),0.014611987084250381,70.39863885380464,64.63244597763551
2025-09-03 15:34:56.726487,365,3,POINT (70.39843446406339 64.64696056188575),0.014516023254442878,70.39843446406339,64.64696056188575
2025-09-03 15:34:57.726487,366,3,POINT (70.3982992067361 64.66132282095039),0.014362895947002593,70.3982992067361,64.66132282095039
2025-09-03 15:34:58.726487,367,3,POINT (70.39818336721554 64.67549283108036),0.014170483614826639,70.39818336721554,64.67549283108036
2025-09-03 15:34:59.726487,368,3,POINT (70.39815603179453 64.68955894144756),0.014066136928360232,70.39815603179453,64.68955894144756
2025-09-03 15:35:00.726487,369,3,POINT (70.39816259229067 64.7034419310961),0.013882991198638443,70.39816259229067,64.7034419310961
2025-09-03 15:35:01.726487,370,3,POINT (70.3982677587005 64.71722112602055),0.013779596247344364,70.3982677587005,64.71722112602055
2025-09-03 15:35:02.726487,371,3,POINT (70.39841187426322 64.73082023502127),0.013599872606349879,70.39841187426322,64.73082023502127
2025-09-03 15:35:03.726487,372,3,POINT (70.39860332799475 64.74428311907418),0.013464245302039822,70.39860332799475,64.74428311907418
2025-09-03 15:35:04.726487,373,3,POINT (70.3988881990155 64.75764073505799),0.013360653287520216,70.3988881990155,64.75764073505799
2025-09-03 15:35:05.726487,374,3,POINT (70.39923601858315 64.77084643860262),0.01321028328841747,70.39923601858315,64.77084643860262
2025-09-03 15:35:06.726487,375,3,POINT (70.39964280918159 64.783937523035),0.013097403185614538,70.39964280918159,64.783937523035
2025-09-03 15:35:07.726487,376,3,POINT (70.40010367704372 64.79692217031494),0.012992823564224107,70.40010367704372,64.79692217031494
2025-09-03 15:35:08.726487,377,3,POINT (70.40066800664808 64.8098465093998),0.012936653689530116,70.40066800664808,64.8098465093998
2025-09-03 15:35:09.726487,378,3,POINT (70.40132710713824 64.82267341173394),0.012843824856549294,70.40132710713824,64.82267341173394
2025-09-03 15:35:10.726487,379,3,POINT (70.40205819826134 64.83543346626732),0.012780981414779577,70.40205819826134,64.83543346626732
2025-09-03 15:35:11.726487,380,3,POINT (70.40283060817866 64.84806693508703),0.01265705935433165,70.40283060817866,64.84806693508703
2025-09-03 15:35:12.726487,381,3,POINT (70.4036868724715 64.8606114045336),0.012573659063098515,70.4036868724715,64.8606114045336
2025-09-03 15:35:13.726487,382,3,POINT (70.40460247105402 64.87304619544479),0.012468454024827462,70.40460247105402,64.87304619544479
2025-09-03 15:35:14.726487,383,3,POINT (70.40560754611658 64.88542736472192),0.012421897139746362,70.40560754611658,64.88542736472192
2025-09-03 15:35:15.726487,384,3,POINT (70.40664624776791 64.89766565435994),0.012282289460216195,70.40664624776791,64.89766565435994
2025-09-03 15:35:16.726487,385,3,POINT (70.40860231061338 64.90922483236308),0.011723513891477822,70.40860231061338,64.90922483236308
2025-09-03 15:35:17.726487,386,3,POINT (70.41139703661551 64.9200593546339),0.011189162893802854,70.41139703661551,64.9200593546339
2025-09-03 15:35:18.726487,387,3,POINT (70.41506536455333 64.93020370191333),0.010787233731818122,70.41506536455333,64.93020370191333
2025-09-03 15:35:19.726487,388,3,POINT (70.4195947936868 64.93968412827077),0.010506865003130169,70.4195947936868,64.93968412827077
2025-09-03 15:35:20.726487,389,3,POINT (70.42494175262816 64.94843466953954),0.010254849702311076,70.42494175262816,64.94843466953954
2025-09-03 15:35:21.726487,390,3,POINT (70.4311446471322 64.95652981345486),0.010198394738297357,70.4311446471322,64.95652981345486
2025-09-03 15:35:22.726487,391,3,POINT (70.43819532535356 64.96403864071594),0.01030022088199434,70.43819532535356,64.96403864071594
2025-09-03 15:35:23.726487,392,3,POINT (70.4460795933594 64.97096116345507),0.010492044751223764,70.4460795933594,64.97096116345507
2025-09-03 15:35:24.726487,393,3,POINT (70.45475642903912 64.97726289223094),0.010723770930856791,70.45475642903912,64.97726289223094
2025-09-03 15:35:25.726487,394,3,POINT (70.46417484972328 64.98289826112149),0.010975610721793008,70.46417484972328,64.98289826112149
2025-09-03 15:35:26.726487,395,3,POINT (70.47438392257492 64.98794606784793),0.011388833181564716,70.47438392257492,64.98794606784793
2025-09-03 15:35:27.726487,396,3,POINT (70.4853579848044 64.99237001213604),0.011832215552497161,70.4853579848044,64.99237001213604
2025-09-03 15:35:28.726487,397,3,POINT (70.49702848055215 64.99614744681837),0.012266600334957214,70.49702848055215,64.99614744681837
2025-09-03 15:35:29.726487,398,3,POINT (70.50864080177972 64.99999538750716),0.012233260065770529,70.50864080177972,64.99999538750716
2025-09-03 15:35:30.726487,399,3,POINT (70.52010728205073 65.00386254525364),0.01210103627139733,70.52010728205073,65.00386254525364
2025-09-03 15:35:31.726487,400,3,POINT (70.53148591521716 65.00776926037345),0.012030615768261532,70.53148591521716,65.00776926037345
2025-09-03 15:35:32.726487,401,3,POINT (70.54279950603751 65.01174137690039),0.011990623292969071,70.54279950603751,65.01174137690039
2025-09-03 15:35:33.726487,402,3,POINT (70.55401708070205 65.01574745257933),0.011911449269505539,70.55401708070205,65.01574745257933
2025-09-03 15:35:34.726487,403,3,POINT (70.56510101084241 65.01973370424435),0.011778951977708408,70.56510101084241,65.01973370424435
2025-09-03 15:35:35.726487,404,3,POINT (70.57611213019881 65.02375529876605),0.011722541191132705,70.57611213019881,65.02375529876605
2025-09-03 15:35:36.726487,405,3,POINT (70.5870456765091 65.02777903325371),0.01165044523383617,70.5870456765091,65.02777903325371
2025-09-03 15:35:37.726487,406,3,POINT (70.59787946619221 65.03180344961837),0.011557115815542697,70.59787946619221,65.03180344961837
2025-09-03 15:35:38.726487,407,3,POINT (70.60873922887988 65.03598611883108),0.011637403807358768,70.60873922887988,65.03598611883108
2025-09-03 15:35:39.726487,408,3,POINT (70.61946725089621 65.04015729149549),0.011510392598824332,70.61946725089621,65.04015729149549
2025-09-03 15:35:40.726487,409,3,POINT (70.63015860286895 65.0444207318434),0.011510079522105386,70.63015860286895,65.0444207318434
2025-09-03 15:35:41.726487,410,3,POINT (70.64080871480591 65.04874361984928),0.01149400909088194,70.64080871480591,65.04874361984928
2025-09-03 15:35:42.726487,411,3,POINT (70.6514056635357 65.05313285474666),0.011469991515521074,70.6514056635357,65.05313285474666
2025-09-03 15:35:43.726487,412,3,POINT (70.66198284246032 65.05767905024358),0.011512801896132793,70.66198284246032,65.05767905024358
2025-09-03 15:35:44.726487,413,3,POINT (70.67259665748591 65.06235721932171),0.011599066140043498,70.67259665748591,65.06235721932171
2025-09-03 15:35:45.726487,414,3,POINT (70.68311079790165 65.06699213166716),0.01149041170419259,70.68311079790165,65.06699213166716
2025-09-03 15:35:46.726487,415,3,POINT (70.69348902883632 65.07158969163272),0.011351001496361915,70.69348902883632,65.07158969163272
2025-09-03 15:35:47.726487,416,3,POINT (70.70377830584452 65.07619118014416),0.011271331681409577,70.70377830584452,65.07619118014416
2025-09-03 15:35:48.726487,417,3,POINT (70.71402981629112 65.08086976191058),0.011268655367062718,70.71402981629112,65.08086976191058
2025-09-03 15:35:49.726487,418,3,POINT (70.72422817470414 65.08556073906648),0.011225496915399284,70.72422817470414,65.08556073906648
2025-09-03 15:35:50.726487,419,3,POINT (70.73435736121444 65.09026849333252),0.01116975244084588,70.73435736121444,65.09026849333252
2025-09-03 15:35:51.726487,420,3,POINT (70.74432930333677 65.09493611297631),0.011010281687147792,70.74432930333677,65.09493611297631
2025-09-03 15:35:52.726487,421,3,POINT (70.75424085499749 65.09964823516779),0.01097465042133762,70.75424085499749,65.09964823516779
2025-09-03 15:35:53.726487,422,3,POINT (70.76410051083313 65.10441268338597),0.010950469397291657,70.76410051083313,65.10441268338597
2025-09-03 15:35:54.726487,423,3,POINT (70.77394391978443 65.1092357564518),0.010961511464243658,70.77394391978443,65.1092357564518
2025-09-03 15:35:55.726487,424,3,POINT (70.78383489061156 65.11419091021719),0.011062768764727098,70.78383489061156,65.11419091021719
2025-09-03 15:35:56.726487,425,3,POINT (70.79372871141929 65.11923203764992),0.011104082851302093,70.79372871141929,65.11923203764992
2025-09-03 15:35:57.726487,426,3,POINT (70.80288920799079 65.12510672043742),0.010882398416252768,70.80288920799079,65.12510672043742
2025-09-03 15:35:58.726487,427,3,POINT (70.81120184900902 65.13167310179176),0.010593269787406025,70.81120184900902,65.13167310179176
2025-09-03 15:35:59.726487,428,3,POINT (70.81874589694104 65.13898795308846),0.010508078258813334,70.81874589694104,65.13898795308846
2025-09-03 15:36:00.726487,429,3,POINT (70.825527272582 65.14706307898196),0.010544890410980137,70.825527272582,65.14706307898196
2025-09-03 15:36:01.726487,430,3,POINT (70.83161859233502 65.15588569082895),0.0107211312899493,70.83161859233502,65.15588569082895
2025-09-03 15:36:02.726487,431,3,POINT (70.83695293177523 65.16541345009163),0.01091940354740121,70.83695293177523,65.16541345009163
2025-09-03 15:36:03.726487,432,3,POINT (70.8415705463284 65.1756787399536),0.011256044603311822,70.8415705463284,65.1756787399536
2025-09-03 15:36:04.726487,433,3,POINT (70.84542694525176 65.18657575142741),0.011559267784620613,70.84542694525176,65.18657575142741
2025-09-03 15:36:05.726487,434,3,POINT (70.84852412562337 65.19812865617945),0.01196085843340394,70.84852412562337,65.19812865617945
2025-09-03 15:36:06.726487,435,3,POINT (70.85091041969152 65.21032643160996),0.012429003372465794,70.85091041969152,65.21032643160996
2025-09-03 15:36:07.726487,436,3,POINT (70.85268815557922 65.22325737794097),0.013052575144464664,70.85268815557922,65.22325737794097
2025-09-03 15:36:08.726487,437,3,POINT (70.85380187277137 65.23683835248394),0.013626563599126729,70.85380187277137,65.23683835248394
2025-09-03 15:36:09.726487,438,3,POINT (70.85426845305139 65.25108547845444),0.014254763960759606,70.85426845305139,65.25108547845444
2025-09-03 15:36:10.726487,439,3,POINT (70.85400121688313 65.26587986277009),0.014796797709260151,70.85400121688313,65.26587986277009
2025-09-03 15:36:11.726487,440,3,POINT (70.85309942277715 65.28130377992755),0.015450257379405457,70.85309942277715,65.28130377992755
2025-09-03 15:36:12.726487,441,3,POINT (70.85145519275117 65.29724037142005),0.01602118724616983,70.85145519275117,65.29724037142005
2025-09-03 15:36:13.726487,442,3,POINT (70.84991116770264 65.31303726260016),0.01587217011964425,70.84991116770264,65.31303726260016
2025-09-03 15:36:14.726487,443,3,POINT (70.84841514424463 65.3286941104334),0.0157281585145949,70.84841514424463,65.3286941104334
2025-09-03 15:36:15.726487,444,3,POINT (70.84702146220219 65.34423050437782),0.015598778363432174,70.84702146220219,65.34423050437782
2025-09-03 15:36:16.726487,445,3,POINT (70.84571684601653 65.35962967188901),0.01545433218970067,70.84571684601653,65.35962967188901
2025-09-03 15:36:17.726487,446,3,POINT (70.8444812357358 65.37487130493821),0.015291635320407006,70.8444812357358,65.37487130493821
2025-09-03 15:36:18.726487,447,3,POINT (70.84405676793217 65.38921492001107),0.014349894294896512,70.84405676793217,65.38921492001107
2025-09-03 15:36:19.726487,448,3,POINT (70.84458209575244 65.40283405273912),0.013629260639633729,70.84458209575244,65.40283405273912
2025-09-03 15:36:20.726487,449,3,POINT (70.84595374489184 65.41566441215706),0.012903470236915234,70.84595374489184,65.41566441215706
2025-09-03 15:36:21.726487,450,3,POINT (70.84818167607159 65.42773534829125),0.012274818796930138,70.84818167607159,65.42773534829125
2025-09-03 15:36:22.726487,451,3,POINT (70.85124907104365 65.43903821917984),0.011711695105263903,70.85124907104365,65.43903821917984
2025-09-03 15:36:23.726487,452,3,POINT (70.85520366489924 65.44965023680976),0.011324916367922051,70.85520366489924,65.44965023680976
2025-09-03 15:36:24.726487,453,3,POINT (70.86001449050187 65.4595944096895),0.011046746907625433,70.86001449050187,65.4595944096895
2025-09-03 15:36:25.726487,454,3,POINT (70.86410162987659 65.47024815336952),0.011410826554987978,70.86410162987659,65.47024815336952
2025-09-03 15:36:26.726487,455,3,POINT (70.86737504376102 65.48144806530816),0.011668473160268101,70.86737504376102,65.48144806530816
2025-09-03 15:36:27.726487,456,3,POINT (70.8699299359632 65.4933440545002),0.012167252484515188,70.8699299359632,65.4933440545002
2025-09-03 15:36:28.726487,457,3,POINT (70.87173795995753 65.5058250947204),0.012611316970966223,70.87173795995753,65.5058250947204
2025-09-03 15:36:29.726487,458,3,POINT (70.87272694074818 65.51879771309859),0.013010261741820722,70.87272694074818,65.51879771309859
2025-09-03 15:36:30.726487,459,3,POINT (70.87296014230445 65.5323027594861),0.013507059668727901,70.87296014230445,65.5323027594861
2025-09-03 15:36:31.726487,460,3,POINT (70.87244046809032 65.54636636387092),0.014073202534656193,70.87244046809032,65.54636636387092
2025-09-03 15:36:32.726487,461,3,POINT (70.8711777078109 65.56098889157835),0.014676950639620401,70.8711777078109,65.56098889157835
2025-09-03 15:36:33.726487,462,3,POINT (70.86919973693666 65.57616920667387),0.015308635967277056,70.86919973693666,65.57616920667387
2025-09-03 15:36:34.726487,463,3,POINT (70.8664379000555 65.59179507842873),0.015868068913941744,70.8664379000555,65.59179507842873
2025-09-03 15:36:35.726487,464,3,POINT (70.86290692123306 65.6078535119471),0.016442052746185102,70.86290692123306,65.6078535119471
2025-09-03 15:36:36.726487,465,3,POINT (70.85865024859216 65.62439280965692),0.01707827950076091,70.85865024859216,65.62439280965692
2025-09-03 15:36:37.726487,466,3,POINT (70.85362847509053 65.64137934057952),0.017713284333681995,70.85362847509053,65.64137934057952
2025-09-03 15:36:38.726487,467,3,POINT (70.847873954817 65.65877662162129),0.018324297837151785,70.847873954817,65.65877662162129
2025-09-03 15:36:39.726487,468,3,POINT (70.84135700471795 65.67659085770926),0.018968859902260084,70.84135700471795,65.67659085770926
2025-09-03 15:36:40.726487,469,3,POINT (70.83492023295867 65.6941203414248),0.018673907732844882,70.83492023295867,65.6941203414248
2025-09-03 15:36:41.726487,470,3,POINT (70.82946171551616 65.71082714937305),0.01757591660453257,70.82946171551616,65.71082714937305
2025-09-03 15:36:42.726487,471,3,POINT (70.82499334421057 65.72675705023794),0.016544729785942777,70.82499334421057,65.72675705023794
2025-09-03 15:36:43.726487,472,3,POINT (70.82148269852398 65.74189373998769),0.015538468705668109,70.82148269852398,65.74189373998769
2025-09-03 15:36:44.726487,473,3,POINT (70.81891655025528 65.75630791174218),0.014640815015054267,70.81891655025528,65.75630791174218
2025-09-03 15:36:45.726487,474,3,POINT (70.81734353483206 65.77005250710917),0.01383431528207591,70.81734353483206,65.77005250710917
2025-09-03 15:36:46.726487,475,3,POINT (70.81676592460208 65.78320961855268),0.013169784171146578,70.81676592460208,65.78320961855268
2025-09-03 15:36:47.726487,476,3,POINT (70.81713719106746 65.79571562664658),0.012511517782955223,70.81713719106746,65.79571562664658
2025-09-03 15:36:48.726487,477,3,POINT (70.81848219317686 65.80761454787341),0.01197469653213025,70.81848219317686,65.80761454787341
2025-09-03 15:36:49.726487,478,3,POINT (70.82081120821756 65.81895184723778),0.011574051491900845,70.82081120821756,65.81895184723778
2025-09-03 15:36:50.726487,479,3,POINT (70.82405489652652 65.82963541763635),0.011165132793963877,70.82405489652652,65.82963541763635
2025-09-03 15:36:51.726487,480,3,POINT (70.82816094630024 65.83968862071173),0.010859398547755177,70.82816094630024,65.83968862071173
2025-09-03 15:36:52.726487,481,3,POINT (70.83325969563688 65.84928233737354),0.010864467045603154,70.83325969563688,65.84928233737354
2025-09-03 15:36:53.726487,482,3,POINT (70.83924994400229 65.85833275706638),0.01085325628997219,70.83924994400229,65.85833275706638
2025-09-03 15:36:54.726487,483,3,POINT (70.8461215135347 65.86682117913882),0.010921161894171309,70.8461215135347,65.86682117913882
2025-09-03 15:36:55.726487,484,3,POINT (70.85384215984492 65.87471402455272),0.01104107731043874,70.85384215984492,65.87471402455272
2025-09-03 15:36:56.726487,485,3,POINT (70.86245934537276 65.88212969629083),0.011368732284150841,70.86245934537276,65.88212969629083
2025-09-03 15:36:57.726487,486,3,POINT (70.87190987821886 65.88900456634327),0.011686591004789706,70.87190987821886,65.88900456634327
2025-09-03 15:36:58.726487,487,3,POINT (70.88269082507081 65.89494101209192),0.012307323151328299,70.88269082507081,65.89494101209192
2025-09-03 15:36:59.726487,488,3,POINT (70.89480476605338 65.899927925153),0.013100262135086345,70.89480476605338,65.899927925153
2025-09-03 15:37:00.726487,489,3,POINT (70.90832573454796 65.90407024154048),0.014141264939365567,70.90832573454796,65.90407024154048
2025-09-03 15:37:01.726487,490,3,POINT (70.92319156584765 65.90725172609778),0.015202459808172942,70.92319156584765,65.90725172609778
2025-09-03 15:37:02.726487,491,3,POINT (70.93946307398421 65.90955411377742),0.01643359260982706,70.93946307398421,65.90955411377742
2025-09-03 15:37:03.726487,492,3,POINT (70.95707820067415 65.91086384920727),0.01766375088135567,70.95707820067415,65.91086384920727
2025-09-03 15:37:04.726487,493,3,POINT (70.97604215464727 65.91117490247109),0.018966504802620486,70.97604215464727,65.91117490247109
2025-09-03 15:37:05.726487,494,3,POINT (70.99633633585829 65.91044494521692),0.02030730480931388,70.99633633585829,65.91044494521692
2025-09-03 15:37:06.726487,495,3,POINT (71.01799648119277 65.90871356282868),0.02172923332483423,71.01799648119277,65.90871356282868
2025-09-03 15:37:07.726487,496,3,POINT (71.04093353003299 65.90583573810447),0.02311687878243704,71.04093353003299,65.90583573810447
2025-09-03 15:37:08.726487,497,3,POINT (71.06512491836597 65.90178528950665),0.02452813493359518,71.06512491836597,65.90178528950665
2025-09-03 15:37:09.726487,498,3,POINT (71.09048928735879 65.89646109691873),0.025917141839282138,71.09048928735879,65.89646109691873
2025-09-03 15:37:10.726487,499,3,POINT (71.11704034777135 65.88998591416257),0.027329229787116358,71.11704034777135,65.88998591416257
2025-09-03 15:37:11.726487,500,3,POINT (71.14472307963256 65.88230411342683),0.028728795760403363,71.14472307963256,65.88230411342683
2025-09-03 15:37:12.726487,501,3,POINT (71.17340703149621 65.87330851152204),0.03006143622892784,71.17340703149621,65.87330851152204
2025-09-03 15:37:13.726487,502,3,POINT (71.20313406695392 65.86306534192643),0.03144231480773089,71.20313406695392,65.86306534192643
2025-09-03 15:37:14.726487,503,3,POINT (71.23221933893473 65.85272176759295),0.030869767997014474,71.23221933893473,65.85272176759295
2025-09-03 15:37:15.726487,504,3,POINT (71.26068196599144 65.8423054119807),0.030308771060706303,71.26068196599144,65.8423054119807
2025-09-03 15:37:16.726487,505,3,POINT (71.2885510044629 65.83187238111952),0.029757880271859397,71.2885510044629,65.83187238111952
2025-09-03 15:37:17.726487,506,3,POINT (71.31588032890502 65.82145044525952),0.029249080695516922,71.31588032890502,65.82145044525952
2025-09-03 15:37:18.726487,507,3,POINT (71.3426284541135 65.81099195482113),0.028720066581011592,71.3426284541135,65.81099195482113
2025-09-03 15:37:19.726487,508,3,POINT (71.3687933013468 65.8004935475635),0.028192477466323244,71.3687933013468,65.8004935475635
2025-09-03 15:37:20.726487,509,3,POINT (71.39437721348202 65.78996289598867),0.02766642699614885,71.39437721348202,65.78996289598867
2025-09-03 15:37:21.726487,510,3,POINT (71.41943163105381 65.7794337359211),0.027176958100387543,71.41943163105381,65.7794337359211
2025-09-03 15:37:22.726487,511,3,POINT (71.44399545332824 65.7689312212051),0.02671486814659196,71.44399545332824,65.7689312212051
2025-09-03 15:37:23.726487,512,3,POINT (71.46801962673648 65.7584019832543),0.0262302451336884,71.46801962673648,65.7584019832543
2025-09-03 15:37:24.726487,513,3,POINT (71.49159578453849 65.74798103340137),0.025776567120984348,71.49159578453849,65.74798103340137
2025-09-03 15:37:25.726487,514,3,POINT (71.51477283214051 65.73767441022751),0.025365370424935856,71.51477283214051,65.73767441022751
2025-09-03 15:37:26.726487,515,3,POINT (71.53752349233103 65.72743698564325),0.02494789372318155,71.53752349233103,65.72743698564325
2025-09-03 15:37:27.726487,516,3,POINT (71.55992920050078 65.71736065298747),0.024567218775793646,71.55992920050078,65.71736065298747
2025-09-03 15:37:28.726487,517,3,POINT (71.58193706190649 65.70736544442985),0.024171267193988162,71.58193706190649,65.70736544442985
2025-09-03 15:37:29.726487,518,3,POINT (71.60352603386904 65.69743615558129),0.023762880453312173,71.60352603386904,65.69743615558129
2025-09-03 15:37:30.726487,519,3,POINT (71.62475960619219 65.68760817026917),0.02339773255888633,71.62475960619219,65.68760817026917
2025-09-03 15:37:31.726487,520,3,POINT (71.64563486139343 65.67787008345674),0.023034899923456944,71.64563486139343,65.67787008345674
2025-09-03 15:37:32.726487,521,3,POINT (71.66620982441285 65.66828794871452),0.02269683699259081,71.66620982441285,65.66828794871452
2025-09-03 15:37:33.726487,522,3,POINT (71.68643229075417 65.6588030220397),0.022336337635176055,71.68643229075417,65.6588030220397
2025-09-03 15:37:34.726487,523,3,POINT (71.70635243385352 65.64947876541794),0.02199440525786864,71.70635243385352,65.64947876541794
2025-09-03 15:37:35.726487,524,3,POINT (71.72593419701744 65.64026588270443),0.021640763768881233,71.72593419701744,65.64026588270443
2025-09-03 15:37:36.726487,525,3,POINT (71.74458722898945 65.63203500474319),0.020388304337574343,71.74458722898945,65.63203500474319
2025-09-03 15:37:37.726487,526,3,POINT (71.76233007992535 65.62478847730684),0.019165618153857394,71.76233007992535,65.62478847730684
2025-09-03 15:37:38.726487,527,3,POINT (71.7792355978984 65.61853265732151),0.018025865350273635,71.7792355978984,65.61853265732151
2025-09-03 15:37:39.726487,528,3,POINT (71.79531850176723 65.61323114442061),0.016934161800695402,71.79531850176723,65.61323114442061
2025-09-03 15:37:40.726487,529,3,POINT (71.81064153605838 65.6089009206866),0.01592313466232721,71.81064153605838,65.6089009206866
2025-09-03 15:37:41.726487,530,3,POINT (71.82521973561367 65.60555058055675),0.014958231220950864,71.82521973561367,65.60555058055675
2025-09-03 15:37:42.726487,531,3,POINT (71.83912817580453 65.60319453149921),0.014106582708234967,71.83912817580453,65.60319453149921
2025-09-03 15:37:43.726487,532,3,POINT (71.85241397205515 65.60185660342663),0.013352993429948083,71.85241397205515,65.60185660342663
2025-09-03 15:37:44.726487,533,3,POINT (71.86508020061962 65.60148448719139),0.012671693515072162,71.86508020061962,65.60148448719139
2025-09-03 15:37:45.726487,534,3,POINT (71.87705516430285 65.60202625998812),0.01198721289449519,71.87705516430285,65.60202625998812
2025-09-03 15:37:46.726487,535,3,POINT (71.88843460919271 65.60354432239667),0.011480256071961695,71.88843460919271,65.60354432239667
2025-09-03 15:37:47.726487,536,3,POINT (71.89928225281713 65.60605379594938),0.011134129050539428,71.89928225281713,65.60605379594938
2025-09-03 15:37:48.726487,537,3,POINT (71.90952295143616 65.60945780998874),0.010791627300178113,71.90952295143616,65.60945780998874
2025-09-03 15:37:49.726487,538,3,POINT (71.91913111989682 65.61376284207839),0.010528542276179012,71.91913111989682,65.61376284207839
2025-09-03 15:37:50.726487,539,3,POINT (71.92820440186792 65.61898928834616),0.010470920987044803,71.92820440186792,65.61898928834616
2025-09-03 15:37:51.726487,540,3,POINT (71.93785143303116 65.62332602843179),0.01057698089413382,71.93785143303116,65.62332602843179
2025-09-03 15:37:52.726487,541,3,POINT (71.94804204683587 65.62677643909456),0.010758900662171127,71.94804204683587,65.62677643909456
2025-09-03 15:37:53.726487,542,3,POINT (71.95889976941177 65.62946196722154),0.011184909514886316,71.95889976941177,65.62946196722154
2025-09-03 15:37:54.726487,543,3,POINT (71.97039773814511 65.63134707890693),0.011651477634153109,71.97039773814511,65.63134707890693
2025-09-03 15:37:55.726487,544,3,POINT (71.98243052526641 65.6324121505839),0.012079832100803496,71.98243052526641,65.6324121505839
2025-09-03 15:37:56.726487,545,3,POINT (71.99498971415245 65.63267745249742),0.012561990709304364,71.99498971415245,65.63267745249742
2025-09-03 15:37:57.726487,546,3,POINT (72.00806866648986 65.63214332258121),0.013089854430497021,72.00806866648986,65.63214332258121
2025-09-03 15:37:58.726487,547,3,POINT (72.02164710507006 65.63077962149532),0.01364674594648283,72.02164710507006,65.63077962149532
2025-09-03 15:37:59.726487,548,3,POINT (72.03559458720123 65.62855439696966),0.014123876308895018,72.03559458720123,65.62855439696966
2025-09-03 15:38:00.726487,549,3,POINT (72.05001064667617 65.62554563281171),0.01472669116071834,72.05001064667617,65.62554563281171
2025-09-03 15:38:01.726487,550,3,POINT (72.0647575161078 65.62165701751177),0.015250950363324248,72.0647575161078,65.62165701751177
2025-09-03 15:38:02.726487,551,3,POINT (72.07984835549003 65.6169459207435),0.015809107059541083,72.07984835549003,65.6169459207435
2025-09-03 15:38:03.726487,552,3,POINT (72.0953367889798 65.61144338180583),0.01643683384133042,72.0953367889798,65.61144338180583
2025-09-03 15:38:04.726487,553,3,POINT (72.11076554281301 65.60608405143132),0.016333060549363326,72.11076554281301,65.60608405143132
2025-09-03 15:38:05.726487,554,3,POINT (72.12610283921141 65.60089206470576),0.016192263182482954,72.12610283921141,65.60089206470576
2025-09-03 15:38:06.726487,555,3,POINT (72.14131070433461 65.59581766114087),0.016032115679000935,72.14131070433461,65.59581766114087
2025-09-03 15:38:07.726487,556,3,POINT (72.15583549652062 65.59176762516935),0.015078871954404537,72.15583549652062,65.59176762516935
2025-09-03 15:38:08.726487,557,3,POINT (72.16975697570611 65.58877945881694),0.014238564564644035,72.16975697570611,65.58877945881694
2025-09-03 15:38:09.726487,558,3,POINT (72.18308019059465 65.58680837365083),0.01346823045906236,72.18308019059465,65.58680837365083
2025-09-03 15:38:10.726487,559,3,POINT (72.19580684251655 65.58587849393447),0.01276057778581971,72.19580684251655,65.58587849393447
2025-09-03 15:38:11.726487,560,3,POINT (72.20808938295544 65.58600706459445),0.012283213343728673,72.20808938295544,65.58600706459445
2025-09-03 15:38:12.726487,561,3,POINT (72.21978097944374 65.58708595434443),0.011741270439690376,72.21978097944374,65.58708595434443
2025-09-03 15:38:13.726487,562,3,POINT (72.23091799688066 65.5891381946976),0.011324524177972478,72.23091799688066,65.5891381946976
2025-09-03 15:38:14.726487,563,3,POINT (72.24165567246853 65.5922117520015),0.011168904670134977,72.24165567246853,65.5922117520015
2025-09-03 15:38:15.726487,564,3,POINT (72.25189613233043 65.59624047786953),0.0110044377549684,72.25189613233043,65.59624047786953
2025-09-03 15:38:16.726487,565,3,POINT (72.26166293069029 65.60119784042662),0.010952889743108048,72.26166293069029,65.60119784042662
2025-09-03 15:38:17.726487,566,3,POINT (72.27094828137406 65.60708946485602),0.01099677115055178,72.27094828137406,65.60708946485602
2025-09-03 15:38:18.726487,567,3,POINT (72.27974068594554 65.6138921269755),0.011116770666899376,72.27974068594554,65.6138921269755
2025-09-03 15:38:19.726487,568,3,POINT (72.28814422982089 65.62163602067174),0.011427486129660765,72.28814422982089,65.62163602067174
2025-09-03 15:38:20.726487,569,3,POINT (72.29600711779639 65.63023667633179),0.011653166312125063,72.29600711779639,65.63023667633179
2025-09-03 15:38:21.726487,570,3,POINT (72.30338730030377 65.63973458487379),0.012028190242692943,72.30338730030377,65.63973458487379
2025-09-03 15:38:22.726487,571,3,POINT (72.31023376929204 65.650059231253),0.012388400238245499,72.31023376929204,65.650059231253
2025-09-03 15:38:23.726487,572,3,POINT (72.31667509608128 65.66125207510208),0.01291396314985787,72.31667509608128,65.66125207510208
2025-09-03 15:38:24.726487,573,3,POINT (72.32270326242542 65.673317037964),0.013487109339363222,72.32270326242542,65.673317037964
2025-09-03 15:38:25.726487,574,3,POINT (72.32835286353132 65.6862552976991),0.01411795160881779,72.32835286353132,65.6862552976991
2025-09-03 15:38:26.726487,575,3,POINT (72.33356320416297 65.7000225065719),0.014720179674341919,72.33356320416297,65.7000225065719
2025-09-03 15:38:27.726487,576,3,POINT (72.33832827875841 65.71459128057877),0.015328245560516995,72.33832827875841,65.71459128057877
2025-09-03 15:38:28.726487,577,3,POINT (72.34264437781074 65.72993810477894),0.015942199473733633,72.34264437781074,65.72993810477894
2025-09-03 15:38:29.726487,578,3,POINT (72.34650585201278 65.74602428477147),0.016543160815424635,72.34650585201278,65.74602428477147
2025-09-03 15:38:30.726487,579,3,POINT (72.34989857888846 65.76282556583526),0.01714040959363144,72.34989857888846,65.76282556583526
2025-09-03 15:38:31.726487,580,3,POINT (72.35279314128718 65.78033277735267),0.017744885082622924,72.35279314128718,65.78033277735267
2025-09-03 15:38:32.726487,581,3,POINT (72.35508732446114 65.79850610611409),0.018317564104060283,72.35508732446114,65.79850610611409
2025-09-03 15:38:33.726487,582,3,POINT (72.35691280034852 65.81736570348323),0.01894773799538172,72.35691280034852,65.81736570348323
2025-09-03 15:38:34.726487,583,3,POINT (72.35825565800357 65.83688561803979),0.019566050469547548,72.35825565800357,65.83688561803979
2025-09-03 15:38:35.726487,584,3,POINT (72.35903572891021 65.8570028819291),0.020132382298472834,72.35903572891021,65.8570028819291
2025-09-03 15:38:36.726487,585,3,POINT (72.35918671542714 65.8776875288094),0.020685197932118333,72.35918671542714,65.8776875288094
2025-09-03 15:38:37.726487,586,3,POINT (72.35882553673973 65.89897780156615),0.021293336143047018,72.35882553673973,65.89897780156615
2025-09-03 15:38:38.726487,587,3,POINT (72.35800282494661 65.92089156893837),0.021929205529124123,72.35800282494661,65.92089156893837
2025-09-03 15:38:39.726487,588,3,POINT (72.35666515346081 65.94341888854647),0.022567000104787883,72.35666515346081,65.94341888854647
2025-09-03 15:38:40.726487,589,3,POINT (72.35481623591434 65.96651187998454),0.02316688908015191,72.35481623591434,65.96651187998454
2025-09-03 15:38:41.726487,590,3,POINT (72.35243573111886 65.9901800687735),0.023787601048259967,72.35243573111886,65.9901800687735
2025-09-03 15:38:42.726487,591,3,POINT (72.34942250000658 66.01431739534564),0.02432468079515884,72.34942250000658,66.01431739534564
2025-09-03 15:38:43.726487,592,3,POINT (72.34578942037466 66.038898411376),0.024848050561289522,72.34578942037466,66.038898411376
2025-09-03 15:38:44.726487,593,3,POINT (72.34145574637213 66.06392158949467),0.025395672338392086,72.34145574637213,66.06392158949467
2025-09-03 15:38:45.726487,594,3,POINT (72.33653583728946 66.08941333053184),0.025962171836886035,72.33653583728946,66.08941333053184
2025-09-03 15:38:46.726487,595,3,POINT (72.33155204108633 66.11446190900342),0.025539567499107255,72.33155204108633,66.11446190900342
2025-09-03 15:38:47.726487,596,3,POINT (72.32646376747579 66.13899534836726),0.02505554180924299,72.32646376747579,66.13899534836726
2025-09-03 15:38:48.726487,597,3,POINT (72.32140499723202 66.16311203867443),0.024641548404087856,72.32140499723202,66.16311203867443
2025-09-03 15:38:49.726487,598,3,POINT (72.31706842022109 66.18604460808274),0.02333899397657855,72.31706842022109,66.18604460808274
2025-09-03 15:38:50.726487,599,3,POINT (72.31355845663282 66.20773320078672),0.02197077372033532,72.31355845663282,66.20773320078672
2025-09-03 15:38:51.726487,600,3,POINT (72.31095997444204 66.22823693823663),0.020667737155063648,72.31095997444204,66.22823693823663
2025-09-03 15:38:52.726487,601,3,POINT (72.30919642044348 66.2474764767946),0.019320195822749624,72.30919642044348,66.2474764767946
2025-09-03 15:38:53.726487,602,3,POINT (72.30835720955422 66.26551618080528),0.01805921359609675,72.30835720955422,66.26551618080528
2025-09-03 15:38:54.726487,603,3,POINT (72.30851599616157 66.28240921632353),0.016893781761570376,72.30851599616157,66.28240921632353
2025-09-03 15:38:55.726487,604,3,POINT (72.3097225439658 66.2981889390267),0.015825782956710242,72.3097225439658,66.2981889390267
2025-09-03 15:38:56.726487,605,3,POINT (72.31195636764872 66.31282469854),0.014805249905942439,72.31195636764872,66.31282469854
2025-09-03 15:38:57.726487,606,3,POINT (72.31526014928278 66.32634367696087),0.01391681539108953,72.31526014928278,66.32634367696087
2025-09-03 15:38:58.726487,607,3,POINT (72.31958580465191 66.33868831813923),0.013080575682855615,72.31958580465191,66.33868831813923
2025-09-03 15:38:59.726487,608,3,POINT (72.32490928544081 66.3498226339797),0.01234149249260589,72.32490928544081,66.3498226339797
2025-09-03 15:39:00.726487,609,3,POINT (72.33128910385078 66.35978878247433),0.011833266614131506,72.33128910385078,66.35978878247433
2025-09-03 15:39:01.726487,610,3,POINT (72.33870116254482 66.36855092998495),0.011476665155081903,72.33870116254482,66.36855092998495
2025-09-03 15:39:02.726487,611,3,POINT (72.34723989169785 66.37618631414938),0.011454649138548866,72.34723989169785,66.37618631414938
2025-09-03 15:39:03.726487,612,3,POINT (72.35687663528265 66.38265497489232),0.011606480893288989,72.35687663528265,66.38265497489232
2025-09-03 15:39:04.726487,613,3,POINT (72.36755369982548 66.38788938551747),0.011891121134884386,72.36755369982548,66.38788938551747
2025-09-03 15:39:05.726487,614,3,POINT (72.37814591764831 66.3931473013222),0.011825428407292508,72.37814591764831,66.3931473013222
2025-09-03 15:39:06.726487,615,3,POINT (72.38874084466535 66.39847434269694),0.011858745646339533,72.38874084466535,66.39847434269694
2025-09-03 15:39:07.726487,616,3,POINT (72.3993146794788 66.4038442535393),0.011859254829759615,72.3993146794788,66.4038442535393
2025-09-03 15:39:08.726487,617,3,POINT (72.40989123392896 66.40927543437932),0.011889542857236644,72.40989123392896,66.40927543437932
2025-09-03 15:39:09.726487,618,3,POINT (72.42032071672949 66.4146381837194),0.011727454624560369,72.42032071672949,66.4146381837194
2025-09-03 15:39:10.726487,619,3,POINT (72.4307682474651 66.42007488301961),0.011777461430725989,72.4307682474651,66.42007488301961
2025-09-03 15:39:11.726487,620,3,POINT (72.44117097332126 66.4255155638988),0.01173957893911654,72.44117097332126,66.4255155638988
2025-09-03 15:39:12.726487,621,3,POINT (72.45147230392192 66.4309154930907),0.011630848955319956,72.45147230392192,66.4309154930907
2025-09-03 15:39:13.726487,622,3,POINT (72.46169430816286 66.43631546512536),0.011560669041066085,72.46169430816286,66.43631546512536
2025-09-03 15:39:14.726487,623,3,POINT (72.47189123461357 66.4417795121235),0.011568626480224883,72.47189123461357,66.4417795121235
2025-09-03 15:39:15.726487,624,3,POINT (72.48204119623091 66.4472771955931),0.01154323370487942,72.48204119623091,66.4472771955931
2025-09-03 15:39:16.726487,625,3,POINT (72.49213937154585 66.4527851073784),0.01150261869862084,72.49213937154585,66.4527851073784
2025-09-03 15:39:17.726487,626,3,POINT (72.50224095777963 66.45835497317661),0.011535399839133792,72.50224095777963,66.45835497317661
2025-09-03 15:39:18.726487,627,3,POINT (72.51237561112808 66.46399242689034),0.011597072167905325,72.51237561112808,66.46399242689034
2025-09-03 15:39:19.726487,628,3,POINT (72.52241369142918 66.46960793750716),0.011502043975701405,72.52241369142918,66.46960793750716
2025-09-03 15:39:20.726487,629,3,POINT (72.532453194334 66.47526069465208),0.011521513872544003,72.532453194334,66.47526069465208
2025-09-03 15:39:21.726487,630,3,POINT (72.54248681887968 66.48094540277525),0.011532108565626259,72.54248681887968,66.48094540277525
2025-09-03 15:39:22.726487,631,3,POINT (72.55177364638683 66.487420963706),0.01132157473656016,72.55177364638683,66.487420963706
2025-09-03 15:39:23.726487,632,3,POINT (72.5603713619365 66.49469761891653),0.011263677184915624,72.5603713619365,66.49469761891653
2025-09-03 15:39:24.726487,633,3,POINT (72.56826472767031 66.50272887674947),0.011260831451842016,72.56826472767031,66.50272887674947
2025-09-03 15:39:25.726487,634,3,POINT (72.57550516479947 66.51156358983744),0.011422612887071661,72.57550516479947,66.51156358983744
2025-09-03 15:39:26.726487,635,3,POINT (72.5820253180011 66.52113111216508),0.011577991244716557,72.5820253180011,66.52113111216508
2025-09-03 15:39:27.726487,636,3,POINT (72.58791560639644 66.53147911209005),0.011906997935142462,72.58791560639644,66.53147911209005
2025-09-03 15:39:28.726487,637,3,POINT (72.59309332121009 66.54252313818418),0.012197509707283715,72.59309332121009,66.54252313818418
2025-09-03 15:39:29.726487,638,3,POINT (72.59764653266919 66.5543062196407),0.012632210542976722,72.59764653266919,66.5543062196407
2025-09-03 15:39:30.726487,639,3,POINT (72.6015105031342 66.56675446241543),0.013034148070865696,72.6015105031342,66.56675446241543
2025-09-03 15:39:31.726487,640,3,POINT (72.60476738775223 66.57992295593198),0.013565268847705068,72.60476738775223,66.57992295593198
2025-09-03 15:39:32.726487,641,3,POINT (72.60732961498381 66.59371338476662),0.014026437032599853,72.60732961498381,66.59371338476662
2025-09-03 15:39:33.726487,642,3,POINT (72.60920674385952 66.60811562560282),0.014524054321023817,72.60920674385952,66.60811562560282
2025-09-03 15:39:34.726487,643,3,POINT (72.61048255296745 66.62319247018975),0.015130728058434758,72.61048255296745,66.62319247018975
2025-09-03 15:39:35.726487,644,3,POINT (72.61114552853145 66.6389382895868),0.015759770464162968,72.61114552853145,66.6389382895868
2025-09-03 15:39:36.726487,645,3,POINT (72.61110712455707 66.6552538866332),0.01631564224435428,72.61110712455707,66.6552538866332
2025-09-03 15:39:37.726487,646,3,POINT (72.6104089278245 66.67213355005741),0.01689409707536451,72.6104089278245,66.67213355005741
2025-09-03 15:39:38.726487,647,3,POINT (72.60969225999217 66.68876968770361),0.016651567150429623,72.60969225999217,66.68876968770361
2025-09-03 15:39:39.726487,648,3,POINT (72.60902843730145 66.70520873708588),0.016452446783304313,72.60902843730145,66.70520873708588
2025-09-03 15:39:40.726487,649,3,POINT (72.6084485943714 66.72150585771041),0.016307432614423793,72.6084485943714,66.72150585771041
2025-09-03 15:39:41.726487,650,3,POINT (72.60797341379843 66.73765819715793),0.016159327529469854,72.60797341379843,66.73765819715793
2025-09-03 15:39:42.726487,651,3,POINT (72.60759768932951 66.75371358675712),0.016059785305484877,72.60759768932951,66.75371358675712
2025-09-03 15:39:43.726487,652,3,POINT (72.60732765985806 66.76964631328757),0.015935014609644874,72.60732765985806,66.76964631328757
2025-09-03 15:39:44.726487,653,3,POINT (72.607163489858 66.7854678393267),0.01582237776049744,72.607163489858,66.7854678393267
2025-09-03 15:39:45.726487,654,3,POINT (72.60711921597093 66.80118370028505),0.015715923321247303,72.60711921597093,66.80118370028505
2025-09-03 15:39:46.726487,655,3,POINT (72.60723456453105 66.81682442266518),0.015641147715641592,72.60723456453105,66.81682442266518
2025-09-03 15:39:47.726487,656,3,POINT (72.60741765794849 66.83229939586629),0.01547605630561382,72.60741765794849,66.83229939586629
2025-09-03 15:39:48.726487,657,3,POINT (72.60768092599751 66.84767964547422),0.015382502659445553,72.60768092599751,66.84767964547422
2025-09-03 15:39:49.726487,658,3,POINT (72.60803271322963 66.86293577515355),0.01526018502670262,72.60803271322963,66.86293577515355
2025-09-03 15:39:50.726487,659,3,POINT (72.60846660707463 66.8780969156625),0.015167348001575183,72.60846660707463,66.8780969156625
2025-09-03 15:39:51.726487,660,3,POINT (72.60901893608448 66.89319122332802),0.015104409661967175,72.60901893608448,66.89319122332802
2025-09-03 15:39:52.726487,661,3,POINT (72.60964539450107 66.90815080768353),0.01497269562361126,72.60964539450107,66.90815080768353
2025-09-03 15:39:53.726487,662,3,POINT (72.61031433216131 66.92293991349206),0.014804226700818952,72.61031433216131,66.92293991349206
2025-09-03 15:39:54.726487,663,3,POINT (72.61112861545973 66.93772508474312),0.014807577324240163,72.61112861545973,66.93772508474312
2025-09-03 15:39:55.726487,664,3,POINT (72.61202519101145 66.95244632159883),0.014748513900788485,72.61202519101145,66.95244632159883
2025-09-03 15:39:56.726487,665,3,POINT (72.61295658877681 66.96703938533155),0.014622756610998095,72.61295658877681,66.96703938533155
2025-09-03 15:39:57.726487,666,3,POINT (72.61390706985081 66.98149212410412),0.014483959137623622,72.61390706985081,66.98149212410412
2025-09-03 15:39:58.726487,667,3,POINT (72.61489075950807 66.99581093142694),0.01435255686245256,72.61489075950807,66.99581093142694
2025-09-03 15:39:59.726487,668,3,POINT (72.61596854461094 67.01005482131421),0.014284607794706245,72.61596854461094,67.01005482131421
2025-09-03 15:40:00.726487,669,3,POINT (72.61703771586822 67.02412319882916),0.014108946561683065,72.61703771586822,67.02412319882916
2025-09-03 15:40:01.726487,670,3,POINT (72.61813548898658 67.03807233831111),0.013992269226481214,72.61813548898658,67.03807233831111
2025-09-03 15:40:02.726487,671,3,POINT (72.61928836800774 67.05189550886163),0.013871163401326318,72.61928836800774,67.05189550886163
2025-09-03 15:40:03.726487,672,3,POINT (72.62133363520977 67.0649641552531),0.013227722269260273,72.62133363520977,67.0649641552531
2025-09-03 15:40:04.726487,673,3,POINT (72.62424194968823 67.07729746327016),0.012671573688747632,72.62424194968823,67.07729746327016
2025-09-03 15:40:05.726487,674,3,POINT (72.62808117508612 67.0889810298856),0.01229818606597803,72.62808117508612,67.0889810298856
2025-09-03 15:40:06.726487,675,3,POINT (72.63189375793492 67.10054407663482),0.01217537835566092,72.63189375793492,67.10054407663482
2025-09-03 15:40:07.726487,676,3,POINT (72.63571908571639 67.1120338380814),0.012109820425385292,72.63571908571639,67.1120338380814
2025-09-03 15:40:08.726487,677,3,POINT (72.63955146298396 67.12345228221605),0.012044417045962609,72.63955146298396,67.12345228221605
2025-09-03 15:40:09.726487,678,3,POINT (72.64339249789242 67.13478866754049),0.011969426945021905,72.64339249789242,67.13478866754049
2025-09-03 15:40:10.726487,679,3,POINT (72.64730360533582 67.14613671832811),0.01200312534768216,72.64730360533582,67.14613671832811
2025-09-03 15:40:11.726487,680,3,POINT (72.65128487665571 67.15746277366115),0.012005417557491132,72.65128487665571,67.15746277366115
2025-09-03 15:40:12.726487,681,3,POINT (72.65532438051777 67.16880137306876),0.012036670136620603,72.65532438051777,67.16880137306876
2025-09-03 15:40:13.726487,682,3,POINT (72.65935087273094 67.18003433608926),0.011932816003053796,72.65935087273094,67.18003433608926
2025-09-03 15:40:14.726487,683,3,POINT (72.66337515560672 67.19118589185639),0.011855464929374587,72.66337515560672,67.19118589185639
2025-09-03 15:40:15.726487,684,3,POINT (72.66747384678258 67.20234685245703),0.011889756552766481,72.66747384678258,67.20234685245703
2025-09-03 15:40:16.726487,685,3,POINT (72.67158543629344 67.21344093514114),0.011831476615691505,72.67158543629344,67.21344093514114
2025-09-03 15:40:17.726487,686,3,POINT (72.6756268176807 67.22436655880682),0.011649120825255762,72.6756268176807,67.22436655880682
2025-09-03 15:40:18.726487,687,3,POINT (72.67975774978875 67.23533608040815),0.011721561510451315,72.67975774978875,67.23533608040815
2025-09-03 15:40:19.726487,688,3,POINT (72.68390451268398 67.24626540522071),0.011689558732810502,72.68390451268398,67.24626540522071
2025-09-03 15:40:20.726487,689,3,POINT (72.68805125865485 67.25711141811684),0.011611696598250707,72.68805125865485,67.25711141811684
2025-09-03 15:40:21.726487,690,3,POINT (72.69219526617019 67.26790962947835),0.011566078285018506,72.69219526617019,67.26790962947835
2025-09-03 15:40:22.726487,691,3,POINT (72.69725456528704 67.27808971150685),0.011367962775304932,72.69725456528704,67.27808971150685
2025-09-03 15:40:23.726487,692,3,POINT (72.70321699180226 67.28766720444418),0.011281795110440912,72.70321699180226,67.28766720444418
2025-09-03 15:40:24.726487,693,3,POINT (72.70999650217408 67.29659563218213),0.01121064595611866,72.70999650217408,67.29659563218213
2025-09-03 15:40:25.726487,694,3,POINT (72.71763668432607 67.30494501517668),0.011317445811899352,72.71763668432607,67.30494501517668
2025-09-03 15:40:26.726487,695,3,POINT (72.72605134793068 67.31262453380756),0.011392171433963106,72.72605134793068,67.31262453380756
2025-09-03 15:40:27.726487,696,3,POINT (72.7352383420708 67.31964890983433),0.011564718755595107,72.7352383420708,67.31964890983433
2025-09-03 15:40:28.726487,697,3,POINT (72.74524199900631 67.32608210873259),0.011893662184037477,72.74524199900631,67.32608210873259
2025-09-03 15:40:29.726487,698,3,POINT (72.75657619588029 67.33158390946902),0.012598961469952477,72.75657619588029,67.33158390946902
2025-09-03 15:40:30.726487,699,3,POINT (72.76924026176073 67.33613802110995),0.01345802725001874,72.76924026176073,67.33613802110995
2025-09-03 15:40:31.726487,700,3,POINT (72.78324107706848 67.33973818567287),0.014456279402458937,72.78324107706848,67.33973818567287
2025-09-03 15:40:32.726487,701,3,POINT (72.79791043345456 67.3426911493827),0.01496362293875999,72.79791043345456,67.3426911493827
2025-09-03 15:40:33.726487,702,3,POINT (72.81332015478444 67.34510982642918),0.015598381650656431,72.81332015478444,67.34510982642918
2025-09-03 15:40:34.726487,703,3,POINT (72.82941816719304 67.34697329590176),0.016205509001041944,72.82941816719304,67.34697329590176
2025-09-03 15:40:35.726487,704,3,POINT (72.84612880764678 67.34820763886748),0.01675616623607897,72.84612880764678,67.34820763886748
2025-09-03 15:40:36.726487,705,3,POINT (72.86348439263712 67.34887295567435),0.017368332585785348,72.86348439263712,67.34887295567435
2025-09-03 15:40:37.726487,706,3,POINT (72.88144843373242 67.34894035102386),0.017964167517774247,72.88144843373242,67.34894035102386
2025-09-03 15:40:38.726487,707,3,POINT (72.90001714496995 67.34840940957062),0.018576300381123085,72.90001714496995,67.34840940957062
2025-09-03 15:40:39.726487,708,3,POINT (72.91912144189224 67.34722242288936),0.019141136284887658,72.91912144189224,67.34722242288936
2025-09-03 15:40:40.726487,709,3,POINT (72.93885584300789 67.34549699657948),0.019809686603877667,72.93885584300789,67.34549699657948
2025-09-03 15:40:41.726487,710,3,POINT (72.95915734995546 67.34316625172404),0.02043486128956153,72.95915734995546,67.34316625172404
2025-09-03 15:40:42.726487,711,3,POINT (72.97999837351757 67.34023255398021),0.02104649247662637,72.97999837351757,67.34023255398021
2025-09-03 15:40:43.726487,712,3,POINT (73.00131508370256 67.33663190033079),0.021618668779876785,73.00131508370256,67.33663190033079
2025-09-03 15:40:44.726487,713,3,POINT (73.0231879774568 67.33245318318112),0.022268479027562994,73.0231879774568,67.33245318318112
2025-09-03 15:40:45.726487,714,3,POINT (73.04473383495305 67.3283005802117),0.02194238106200587,73.04473383495305,67.3283005802117
2025-09-03 15:40:46.726487,715,3,POINT (73.06596404809663 67.32418279916823),0.021625865782528376,73.06596404809663,67.32418279916823
2025-09-03 15:40:47.726487,716,3,POINT (73.08691905036245 67.32014248660603),0.021340952311479647,73.08691905036245,67.32014248660603
2025-09-03 15:40:48.726487,717,3,POINT (73.10761522055265 67.31617420432457),0.021073175479902225,73.10761522055265,67.31617420432457
2025-09-03 15:40:49.726487,718,3,POINT (73.12813412792174 67.31241272545732),0.02086083130870459,73.12813412792174,67.31241272545732
2025-09-03 15:40:50.726487,719,3,POINT (73.1484080967166 67.30870241664496),0.02061068174946589,73.1484080967166,67.30870241664496
2025-09-03 15:40:51.726487,720,3,POINT (73.16843859634706 67.30507642670142),0.02035604869606934,73.16843859634706,67.30507642670142
2025-09-03 15:40:52.726487,721,3,POINT (73.18824219369324 67.30154475293078),0.02011604303713705,73.18824219369324,67.30154475293078
2025-09-03 15:40:53.726487,722,3,POINT (73.20784198027403 67.2981311357465),0.019894833909663186,73.20784198027403,67.2981311357465
2025-09-03 15:40:54.726487,723,3,POINT (73.22713298662315 67.29473342504329),0.019587939248030952,73.22713298662315,67.29473342504329
2025-09-03 15:40:55.726487,724,3,POINT (73.24625186225593 67.29148217163387),0.019393350772729603,73.24625186225593,67.29148217163387
2025-09-03 15:40:56.726487,725,3,POINT (73.26520051901822 67.28836706416591),0.019203007254908377,73.26520051901822,67.28836706416591
2025-09-03 15:40:57.726487,726,3,POINT (73.28390643946395 67.28531258878402),0.01895366137664095,73.28390643946395,67.28531258878402
2025-09-03 15:40:58.726487,727,3,POINT (73.30236157221418 67.28231899860042),0.018696350098779266,73.30236157221418,67.28231899860042
2025-09-03 15:40:59.726487,728,3,POINT (73.32054423263477 67.27936183002124),0.018421563070929122,73.32054423263477,67.27936183002124
2025-09-03 15:41:00.726487,729,3,POINT (73.33853844285773 67.27652602713647),0.018216294341854476,73.33853844285773,67.27652602713647
2025-09-03 15:41:01.726487,730,3,POINT (73.35637687102938 67.27380882550291),0.01804418755036634,73.35637687102938,67.27380882550291
2025-09-03 15:41:02.726487,731,3,POINT (73.3740537356253 67.27119183595495),0.017869532065400286,73.3740537356253,67.27119183595495
2025-09-03 15:41:03.726487,732,3,POINT (73.3915799890729 67.26866970705593),0.01770679796272418,73.3915799890729,67.26866970705593
2025-09-03 15:41:04.726487,733,3,POINT (73.40887736354671 67.26618336548255),0.017475155453010188,73.40887736354671,67.26618336548255
2025-09-03 15:41:05.726487,734,3,POINT (73.42592770239985 67.26374387722564),0.01722397044709662,73.42592770239985,67.26374387722564
2025-09-03 15:41:06.726487,735,3,POINT (73.44281320273751 67.26139390972075),0.017048239467091362,73.44281320273751,67.26139390972075
2025-09-03 15:41:07.726487,736,3,POINT (73.45950391184661 67.25913509974222),0.016842861784259276,73.45950391184661,67.25913509974222
2025-09-03 15:41:08.726487,737,3,POINT (73.47605778649765 67.25698473448581),0.01669295769773164,73.47605778649765,67.25698473448581
2025-09-03 15:41:09.726487,738,3,POINT (73.49239907470447 67.2548820850535),0.016476007856683173,73.49239907470447,67.2548820850535
2025-09-03 15:41:10.726487,739,3,POINT (73.50807543845234 67.25380947174531),0.015713016249736374,73.50807543845234,67.25380947174531
2025-09-03 15:41:11.726487,740,3,POINT (73.52304157488548 67.25368255611187),0.01496667455761379,73.52304157488548,67.25368255611187
2025-09-03 15:41:12.726487,741,3,POINT (73.5372962721581 67.25447977906306),0.0142769730253976,73.5372962721581,67.25447977906306
2025-09-03 15:41:13.726487,742,3,POINT (73.55091620181912 67.25623511348613),0.013732577431345412,73.55091620181912,67.25623511348613
2025-09-03 15:41:14.726487,743,3,POINT (73.5638055746083 67.25888106457484),0.013158152912250544,73.5638055746083,67.25888106457484
2025-09-03 15:41:15.726487,744,3,POINT (73.57597862307415 67.26239552816219),0.012670223488906965,73.57597862307415,67.26239552816219
2025-09-03 15:41:16.726487,745,3,POINT (73.58754971146446 67.26682494836821),0.012389909196516977,73.58754971146446,67.26682494836821
2025-09-03 15:41:17.726487,746,3,POINT (73.59853027227622 67.27219908568655),0.012225140803162218,73.59853027227622,67.27219908568655
2025-09-03 15:41:18.726487,747,3,POINT (73.60897191768349 67.27851333183952),0.012202363020801113,73.60897191768349,67.27851333183952
2025-09-03 15:41:19.726487,748,3,POINT (73.6187093284425 67.28562616950634),0.012058591458557026,73.6187093284425,67.28562616950634
2025-09-03 15:41:20.726487,749,3,POINT (73.6278566508556 67.29359836864555),0.012133814999591253,73.6278566508556,67.29359836864555
2025-09-03 15:41:21.726487,750,3,POINT (73.63647434185366 67.30249240313961),0.012384201537420966,73.63647434185366,67.30249240313961
2025-09-03 15:41:22.726487,751,3,POINT (73.64452811533664 67.3122239652419),0.012631966128276596,73.64452811533664,67.3122239652419
2025-09-03 15:41:23.726487,752,3,POINT (73.65210829504205 67.32284623573942),0.01304958830342455,73.65210829504205,67.32284623573942
2025-09-03 15:41:24.726487,753,3,POINT (73.65918255348933 67.33430248389813),0.013464425515140311,73.65918255348933,67.33430248389813
2025-09-03 15:41:25.726487,754,3,POINT (73.66562604437023 67.34652325847408),0.013815422757499073,73.66562604437023,67.34652325847408
2025-09-03 15:41:26.726487,755,3,POINT (73.67149123286805 67.35951877193115),0.014257763012755107,73.67149123286805,67.35951877193115
2025-09-03 15:41:27.726487,756,3,POINT (73.67669525334198 67.37321027751268),0.014647155156623569,73.67669525334198,67.37321027751268
2025-09-03 15:41:28.726487,757,3,POINT (73.6813479974133 67.38766890107595),0.015188805836457752,73.6813479974133,67.38766890107595
2025-09-03 15:41:29.726487,758,3,POINT (73.68550727328144 67.40289476130195),0.01578373832046542,73.68550727328144,67.40289476130195
2025-09-03 15:41:30.726487,759,3,POINT (73.68906196474997 67.41878672032266),0.01628466127839925,73.68906196474997,67.41878672032266
2025-09-03 15:41:31.726487,760,3,POINT (73.69271727916271 67.4345895786779),0.016220100358871878,73.69271727916271,67.4345895786779
2025-09-03 15:41:32.726487,761,3,POINT (73.69638250997384 67.45022592726319),0.01606017789377151,73.69638250997384,67.45022592726319
2025-09-03 15:41:33.726487,762,3,POINT (73.70009531990779 67.46570105983969),0.015914291874468488,73.70009531990779,67.46570105983969
2025-09-03 15:41:34.726487,763,3,POINT (73.70381018206069 67.48101898341173),0.015761947321761532,73.70381018206069,67.48101898341173
2025-09-03 15:41:35.726487,764,3,POINT (73.70760590903002 67.49621272155039),0.015660690337656255,73.70760590903002,67.49621272155039
2025-09-03 15:41:36.726487,765,3,POINT (73.71151637996385 67.51133967752544),0.015624230540906968,73.71151637996385,67.51133967752544
2025-09-03 15:41:37.726487,766,3,POINT (73.71543157288419 67.52630095226392),0.015465072822452477,73.71543157288419,67.52630095226392
2025-09-03 15:41:38.726487,767,3,POINT (73.71932693164368 67.54108541965168),0.015289025338613756,73.71932693164368,67.54108541965168
2025-09-03 15:41:39.726487,768,3,POINT (73.72323771673844 67.5557270104342),0.015154881084986863,73.72323771673844,67.5557270104342
2025-09-03 15:41:40.726487,769,3,POINT (73.72724576468623 67.57030749190356),0.015121338837230389,73.72724576468623,67.57030749190356
2025-09-03 15:41:41.726487,770,3,POINT (73.7314158672436 67.58485305287216),0.015131526665548631,73.7314158672436,67.58485305287216
2025-09-03 15:41:42.726487,771,3,POINT (73.73556464711605 67.59920758796838),0.014942056493621925,73.73556464711605,67.59920758796838
2025-09-03 15:41:43.726487,772,3,POINT (73.73986044152277 67.61354733128918),0.014969371666549719,73.73986044152277,67.61354733128918
2025-09-03 15:41:44.726487,773,3,POINT (73.74415055910524 67.62772710136385),0.014814553258256305,73.74415055910524,67.62772710136385
2025-09-03 15:41:45.726487,774,3,POINT (73.74851305785768 67.64183674621665),0.014768665249014795,73.74851305785768,67.64183674621665
2025-09-03 15:41:46.726487,775,3,POINT (73.75298447508843 67.65587402003453),0.01473223093389012,73.75298447508843,67.65587402003453
2025-09-03 15:41:47.726487,776,3,POINT (73.75750103943258 67.669834320375),0.01467274136182767,73.75750103943258,67.669834320375
2025-09-03 15:41:48.726487,777,3,POINT (73.76204808829688 67.68370086024399),0.01459303194378929,73.76204808829688,67.68370086024399
2025-09-03 15:41:49.726487,778,3,POINT (73.76664405339369 67.69751042832402),0.014554279979725004,73.76664405339369,67.69751042832402
2025-09-03 15:41:50.726487,779,3,POINT (73.77128516706901 67.71121328156458),0.014467485029525533,73.77128516706901,67.71121328156458
2025-09-03 15:41:51.726487,780,3,POINT (73.77607506887693 67.72491940389095),0.014518985796361327,73.77607506887693,67.72491940389095
2025-09-03 15:41:52.726487,781,3,POINT (73.78098940035176 67.73859864250845),0.014535206328047072,73.78098940035176,67.73859864250845
2025-09-03 15:41:53.726487,782,3,POINT (73.7860111382135 67.75224461844837),0.014540650277927062,73.7860111382135,67.75224461844837
2025-09-03 15:41:54.726487,783,3,POINT (73.79108674574756 67.76583245220846),0.014504861879093063,73.79108674574756,67.76583245220846
2025-09-03 15:41:55.726487,784,3,POINT (73.79617187127396 67.77930542831204),0.014400680077932281,73.79617187127396,67.77930542831204
2025-09-03 15:41:56.726487,785,3,POINT (73.80130814136162 67.79271161133799),0.014356427610609259,73.80130814136162,67.79271161133799
2025-09-03 15:41:57.726487,786,3,POINT (73.80643752366997 67.80599236976983),0.014236892476588936,73.80643752366997,67.80599236976983
2025-09-03 15:41:58.726487,787,3,POINT (73.81169009202624 67.8192743339359),0.014282858483021448,73.81169009202624,67.8192743339359
2025-09-03 15:41:59.726487,788,3,POINT (73.8169335755829 67.83241760388852),0.014150606519029068,73.8169335755829,67.83241760388852
2025-09-03 15:42:00.726487,789,3,POINT (73.82224827808352 67.8455238295924),0.014142814955700755,73.82224827808352,67.8455238295924
2025-09-03 15:42:01.726487,790,3,POINT (73.8276138838131 67.85859152145065),0.01412636879553869,73.8276138838131,67.85859152145065
2025-09-03 15:42:02.726487,791,3,POINT (73.8329973435298 67.87158786934414),0.014067220659744736,73.8329973435298,67.87158786934414
2025-09-03 15:42:03.726487,792,3,POINT (73.838455718625 67.88454766990581),0.014062371395973468,73.838455718625,67.88454766990581
2025-09-03 15:42:04.726487,793,3,POINT (73.84402575545069 67.89750843967501),0.014106979238999659,73.84402575545069,67.89750843967501
2025-09-03 15:42:05.726487,794,3,POINT (73.84966739820877 67.91046892821508),0.01413514754812148,73.84966739820877,67.91046892821508
2025-09-03 15:42:06.726487,795,3,POINT (73.85538193842027 67.923383897016),0.014122761378619229,73.85538193842027,67.923383897016
2025-09-03 15:42:07.726487,796,3,POINT (73.86114144968849 67.93623301543577),0.014080902464484336,73.86114144968849,67.93623301543577
2025-09-03 15:42:08.726487,797,3,POINT (73.86699826352029 67.94909552951712),0.014133171503708016,73.86699826352029,67.94909552951712
2025-09-03 15:42:09.726487,798,3,POINT (73.87298519400932 67.96198479211053),0.014211841079965901,73.87298519400932,67.96198479211053
2025-09-03 15:42:10.726487,799,3,POINT (73.87892937291281 67.97475231737558),0.014083428710024179,73.87892937291281,67.97475231737558
2025-09-03 15:42:11.726487,800,3,POINT (73.88492008917501 67.98748734280127),0.014073718553652161,73.88492008917501,67.98748734280127
2025-09-03 15:42:12.726487,801,3,POINT (73.89096938994136 68.00017447638439),0.014055511314695639,73.89096938994136,68.00017447638439
2025-09-03 15:42:13.726487,802,3,POINT (73.89705932553592 68.01284632048441),0.014059265572612811,73.89705932553592,68.01284632048441
2025-09-03 15:42:14.726487,803,3,POINT (73.90316276516725 68.02546516725472),0.014017391666991522,73.90316276516725,68.02546516725472
2025-09-03 15:42:15.726487,804,3,POINT (73.90929688528757 68.03802769933561),0.013980151713553926,73.90929688528757,68.03802769933561
2025-09-03 15:42:16.726487,805,3,POINT (73.9154526884944 68.05053493972486),0.013940049328298022,73.9154526884944,68.05053493972486
2025-09-03 15:42:17.726487,806,3,POINT (73.92171204109053 68.06303467375571),0.013979372152024215,73.92171204109053,68.06303467375571
2025-09-03 15:42:18.726487,807,3,POINT (73.92797314970805 68.07548495912431),0.013935963794442573,73.92797314970805,68.07548495912431
2025-09-03 15:42:19.726487,808,3,POINT (73.9342736786742 68.08791989692348),0.013940026661471708,73.9342736786742,68.08791989692348
2025-09-03 15:42:20.726487,809,3,POINT (73.94130848368376 68.09951724503448),0.013564179471315621,73.94130848368376,68.09951724503448
2025-09-03 15:42:21.726487,810,3,POINT (73.94911058050722 68.11036055809961),0.013358523611213924,73.94911058050722,68.11036055809961
2025-09-03 15:42:22.726487,811,3,POINT (73.95765036096844 68.1204077710513),0.013186141908171823,73.95765036096844,68.1204077710513
2025-09-03 15:42:23.726487,812,3,POINT (73.96701444061637 68.12980256653057),0.013264545591534881,73.96701444061637,68.12980256653057
2025-09-03 15:42:24.726487,813,3,POINT (73.97718986545085 68.13852136884869),0.013399880015307192,73.97718986545085,68.13852136884869
2025-09-03 15:42:25.726487,814,3,POINT (73.98739281592276 68.14730928203196),0.013465794311843105,73.98739281592276,68.14730928203196
2025-09-03 15:42:26.726487,815,3,POINT (73.99759540111864 68.15613922519387),0.013492984878146794,73.99759540111864,68.15613922519387
2025-09-03 15:42:27.726487,816,3,POINT (74.00773459492979 68.1649343426051),0.013422270352556947,74.00773459492979,68.1649343426051
2025-09-03 15:42:28.726487,817,3,POINT (74.01787901724043 68.17376137849996),0.013447150876895977,74.01787901724043,68.17376137849996
2025-09-03 15:42:29.726487,818,3,POINT (74.02798957872314 68.18259601378364),0.013426624076480934,74.02798957872314,68.18259601378364
2025-09-03 15:42:30.726487,819,3,POINT (74.03807976954752 68.19145561923568),0.013427753335477311,74.03807976954752,68.19145561923568
2025-09-03 15:42:31.726487,820,3,POINT (74.04812987575734 68.20027936403135),0.01337397125193565,74.04812987575734,68.20027936403135
2025-09-03 15:42:32.726487,821,3,POINT (74.0581864553812 68.20912152523567),0.013390989825044143,74.0581864553812,68.20912152523567
2025-09-03 15:42:33.726487,822,3,POINT (74.06831735024426 68.21807080212963),0.013517565892236865,74.06831735024426,68.21807080212963
2025-09-03 15:42:34.726487,823,3,POINT (74.07840573801928 68.22700966190095),0.013478827171183878,74.07840573801928,68.22700966190095
2025-09-03 15:42:35.726487,824,3,POINT (74.08847182906574 68.23594057127833),0.013456869296479742,74.08847182906574,68.23594057127833
2025-09-03 15:42:36.726487,825,3,POINT (74.09854879955189 68.24492878516759),0.013503085688011278,74.09854879955189,68.24492878516759
2025-09-03 15:42:37.726487,826,3,POINT (74.1085508770214 68.25387413827944),0.013418677133079062,74.1085508770214,68.25387413827944
2025-09-03 15:42:38.726487,827,3,POINT (74.11854314835756 68.26283870637431),0.013424193368055774,74.11854314835756,68.26283870637431
2025-09-03 15:42:39.726487,828,3,POINT (74.12838421812907 68.27167477100406),0.013225834279500881,74.12838421812907,68.27167477100406
2025-09-03 15:42:40.726487,829,3,POINT (74.13825427949257 68.28053804984407),0.013265587929490326,74.13825427949257,68.28053804984407
2025-09-03 15:42:41.726487,830,3,POINT (74.14810259156579 68.28939782516622),0.013247070221390824,74.14810259156579,68.28939782516622
2025-09-03 15:42:42.726487,831,3,POINT (74.15794005661246 68.29827493047037),0.013250611952868068,74.15794005661246,68.29827493047037
2025-09-03 15:42:43.726487,832,3,POINT (74.16772569656692 68.30709089630125),0.013171180768992496,74.16772569656692,68.30709089630125
2025-09-03 15:42:44.726487,833,3,POINT (74.17747937689147 68.3158927607254),0.013138002025223063,74.17747937689147,68.3158927607254
2025-09-03 15:42:45.726487,834,3,POINT (74.18726006072336 68.32474297576202),0.013190454215597912,74.18726006072336,68.32474297576202
2025-09-03 15:42:46.726487,835,3,POINT (74.19703076664688 68.33358933939529),0.013180472061948596,74.19703076664688,68.33358933939529
2025-09-03 15:42:47.726487,836,3,POINT (74.20679875519986 68.34247056557605),0.013201885427657574,74.20679875519986,68.34247056557605
2025-09-03 15:42:48.726487,837,3,POINT (74.21653321062367 68.35135680599524),0.013180473860440335,74.21653321062367,68.35135680599524
2025-09-03 15:42:49.726487,838,3,POINT (74.22620422144291 68.36021354465177),0.013113743550036175,74.22620422144291,68.36021354465177
2025-09-03 15:42:50.726487,839,3,POINT (74.23583371572947 68.36907771687002),0.013088189688787366,74.23583371572947,68.36907771687002
2025-09-03 15:42:51.726487,840,3,POINT (74.24544662354376 68.37792742514176),0.013066190460148213,74.24544662354376,68.37792742514176
2025-09-03 15:42:52.726487,841,3,POINT (74.255111977247 68.38682973167312),0.013140400442412038,74.255111977247,68.38682973167312
2025-09-03 15:42:53.726487,842,3,POINT (74.2647720223683 68.39573888815158),0.01314113925439905,74.2647720223683,68.39573888815158
2025-09-03 15:42:54.726487,843,3,POINT (74.27444169107237 68.40467273533974),0.013164957972881789,74.27444169107237,68.40467273533974
2025-09-03 15:42:55.726487,844,3,POINT (74.28412683030172 68.41364692996437),0.01320371504738499,74.28412683030172,68.41364692996437
2025-09-03 15:42:56.726487,845,3,POINT (74.29380802681665 68.42266114674527),0.013228063733357429,74.29380802681665,68.42266114674527
2025-09-03 15:42:57.726487,846,3,POINT (74.30347831453199 68.43168156226577),0.013224309458713205,74.30347831453199,68.43168156226577
2025-09-03 15:42:58.726487,847,3,POINT (74.31316245346268 68.44073206714828),0.013254968331056816,74.31316245346268,68.44073206714828
2025-09-03 15:42:59.726487,848,3,POINT (74.32279158437827 68.44976164678373),0.013200510239473433,74.32279158437827,68.44976164678373
2025-09-03 15:43:00.726487,849,3,POINT (74.33238443612939 68.45874818757142),0.013144608021839433,74.33238443612939,68.45874818757142
2025-09-03 15:43:01.726487,850,3,POINT (74.34188585453097 68.46767336097653),0.01303593770901699,74.34188585453097,68.46767336097653
2025-09-03 15:43:02.726487,851,3,POINT (74.35144350157472 68.47670259008912),0.01314821643343459,74.35144350157472,68.47670259008912
2025-09-03 15:43:03.726487,852,3,POINT (74.36098967536776 68.48568714502989),0.013109220479135947,74.36098967536776,68.48568714502989
2025-09-03 15:43:04.726487,853,3,POINT (74.37059372719152 68.49474081195623),0.013198738433906195,74.37059372719152,68.49474081195623
2025-09-03 15:43:05.726487,854,3,POINT (74.38023076275894 68.50381374194883),0.01323595531793433,74.38023076275894,68.50381374194883
2025-09-03 15:43:06.726487,855,3,POINT (74.38985603747662 68.51286894456817),0.013215241498663714,74.38985603747662,68.51286894456817
2025-09-03 15:43:07.726487,856,3,POINT (74.3994564043047 68.52192333908691),0.013196556495342014,74.3994564043047,68.52192333908691
2025-09-03 15:43:08.726487,857,3,POINT (74.4090769040278 68.53098752675312),0.013217923928153168,74.4090769040278,68.53098752675312
2025-09-03 15:43:09.726487,858,3,POINT (74.41871506842699 68.54005824374504),0.013235260470925766,74.41871506842699,68.54005824374504
2025-09-03 15:43:10.726487,859,3,POINT (74.42841129301887 68.54919331110135),0.01332164505383903,74.42841129301887,68.54919331110135
2025-09-03 15:43:11.726487,860,3,POINT (74.43814953260174 68.5583914909326),0.013395515009943189,74.43814953260174,68.5583914909326
2025-09-03 15:43:12.726487,861,3,POINT (74.44781957559717 68.56752447737637),0.01330117186248063,74.44781957559717,68.56752447737637
2025-09-03 15:43:13.726487,862,3,POINT (74.45745137981594 68.57664758819143),0.013266604820101271,74.45745137981594,68.57664758819143
2025-09-03 15:43:14.726487,863,3,POINT (74.46712210896972 68.5858271876048),0.013333718451947179,74.46712210896972,68.5858271876048
2025-09-03 15:43:15.726487,864,3,POINT (74.47683770650937 68.59507839938351),0.013415578814458358,74.47683770650937,68.59507839938351
2025-09-03 15:43:16.726487,865,3,POINT (74.48648229421588 68.60427603493297),0.013327211701216557,74.48648229421588,68.60427603493297
2025-09-03 15:43:17.726487,866,3,POINT (74.49607845992787 68.61344421762105),0.013271848785087442,74.49607845992787,68.61344421762105
2025-09-03 15:43:18.726487,867,3,POINT (74.50567896496295 68.62262263242134),0.013282055382160431,74.50567896496295,68.62262263242134
2025-09-03 15:43:19.726487,868,3,POINT (74.51532435680956 68.63186802008208),0.013360792524094974,74.51532435680956,68.63186802008208
2025-09-03 15:43:20.726487,869,3,POINT (74.52497800997806 68.64111454333387),0.013367543220186533,74.52497800997806,68.64111454333387
2025-09-03 15:43:21.726487,870,3,POINT (74.53464645685943 68.65037949060253),0.01339097132358603,74.53464645685943,68.65037949060253
2025-09-03 15:43:22.726487,871,3,POINT (74.54427972078466 68.65962531133944),0.01335233968082197,74.54427972078466,68.65962531133944
2025-09-03 15:43:23.726487,872,3,POINT (74.55390602244213 68.6688562609389),0.013337020435930496,74.55390602244213,68.6688562609389
2025-09-03 15:43:24.726487,873,3,POINT (74.56347264552826 68.67803550406212),0.013258159057252113,74.56347264552826,68.67803550406212
2025-09-03 15:43:25.726487,874,3,POINT (74.57304271541871 68.68721018720161),0.013257490275992895,74.57304271541871,68.68721018720161
2025-09-03 15:43:26.726487,875,3,POINT (74.58262887322431 68.6964008774188),0.013280181028211362,74.58262887322431,68.6964008774188
2025-09-03 15:43:27.726487,876,3,POINT (74.59225560760385 68.70563038152599),0.013336332362344772,74.59225560760385,68.70563038152599
2025-09-03 15:43:28.726487,877,3,POINT (74.60189473556537 68.71486560152294),0.0133492350436524,74.60189473556537,68.71486560152294
2025-09-03 15:43:29.726487,878,3,POINT (74.61161483823527 68.7241732595265),0.013457819044128046,74.61161483823527,68.7241732595265
2025-09-03 15:43:30.726487,879,3,POINT (74.62130688090707 68.73344547523075),0.013413041236732851,74.62130688090707,68.73344547523075
2025-09-03 15:43:31.726487,880,3,POINT (74.63102201192864 68.74276291366222),0.01346099660836242,74.63102201192864,68.74276291366222
2025-09-03 15:43:32.726487,881,3,POINT (74.640793055445 68.75217772208862),0.013568784363550052,74.640793055445,68.75217772208862
2025-09-03 15:43:33.726487,882,3,POINT (74.65053875661626 68.76156510353037),0.013531504781523897,74.65053875661626,68.76156510353037
2025-09-03 15:43:34.726487,883,3,POINT (74.65916824225722 68.77209600261318),0.013614986519272078,74.65916824225722,68.77209600261318
2025-09-03 15:43:35.726487,884,3,POINT (74.66664653738913 68.78375044229442),0.013847413562230734,74.66664653738913,68.78375044229442
2025-09-03 15:43:36.726487,885,3,POINT (74.67294158206404 68.79651127924454),0.014229074008056805,74.67294158206404,68.79651127924454
2025-09-03 15:43:37.726487,886,3,POINT (74.67813748957185 68.81047961278264),0.014903415603860907,74.67813748957185,68.81047961278264
2025-09-03 15:43:38.726487,887,3,POINT (74.68212979721388 68.82556455883162),0.015604298049222103,74.68212979721388,68.82556455883162
2025-09-03 15:43:39.726487,888,3,POINT (74.68496404704288 68.84182863291386),0.016509181622538022,74.68496404704288,68.84182863291386
2025-09-03 15:43:40.726487,889,3,POINT (74.68656243261186 68.85920716086662),0.017451878702074382,74.68656243261186,68.85920716086662
2025-09-03 15:43:41.726487,890,3,POINT (74.68692158560353 68.87771215877405),0.018508482877462724,74.68692158560353,68.87771215877405
2025-09-03 15:43:42.726487,891,3,POINT (74.68604234403514 68.8973605939084),0.01966809774646784,74.68604234403514,68.8973605939084
2025-09-03 15:43:43.726487,892,3,POINT (74.68391076639183 68.91815428826962),0.020902663668469722,74.68391076639183,68.91815428826962
2025-09-03 15:43:44.726487,893,3,POINT (74.68043231942002 68.94000673889565),0.022127566330229363,74.68043231942002,68.94000673889565
2025-09-03 15:43:45.726487,894,3,POINT (74.67552939426001 68.9628463734023),0.023359956753430625,74.67552939426001,68.9628463734023
2025-09-03 15:43:46.726487,895,3,POINT (74.66921139760626 68.98669721936754),0.024673466213211613,74.66921139760626,68.98669721936754
2025-09-03 15:43:47.726487,896,3,POINT (74.66143763528645 69.0115137574251),0.026005613658737294,74.66143763528645,69.0115137574251
2025-09-03 15:43:48.726487,897,3,POINT (74.65218027312869 69.03723061220671),0.0273323137326143,74.65218027312869,69.03723061220671
2025-09-03 15:43:49.726487,898,3,POINT (74.64142886942962 69.0638130312797),0.0286743384452375,74.64142886942962,69.0638130312797
2025-09-03 15:43:50.726487,899,3,POINT (74.63074960703062 69.08996274525813),0.028246312795493396,74.63074960703062,69.08996274525813
2025-09-03 15:43:51.726487,900,3,POINT (74.62097507714574 69.1150402239147),0.02691507700604104,74.62097507714574,69.1150402239147
2025-09-03 15:43:52.726487,901,3,POINT (74.61215075579787 69.1391603799576),0.025683663577929547,74.61215075579787,69.1391603799576
2025-09-03 15:43:53.726487,902,3,POINT (74.6042787530253 69.1623079371179),0.02444949549869563,74.6042787530253,69.1623079371179
2025-09-03 15:43:54.726487,903,3,POINT (74.5974199687077 69.18463615636395),0.023357917223395256,74.5974199687077,69.18463615636395
2025-09-03 15:43:55.726487,904,3,POINT (74.59146160333273 69.20605377484361),0.022230980618988885,74.59146160333273,69.20605377484361
2025-09-03 15:43:56.726487,905,3,POINT (74.58651412321494 69.2267078004341),0.021238322264446805,74.58651412321494,69.2267078004341
2025-09-03 15:43:57.726487,906,3,POINT (74.58256663799273 69.24656301395116),0.02024381741143927,74.58256663799273,69.24656301395116
2025-09-03 15:43:58.726487,907,3,POINT (74.57960385049257 69.26568786519366),0.01935298542392403,74.57960385049257,69.26568786519366
2025-09-03 15:43:59.726487,908,3,POINT (74.57767577133144 69.2841783580017),0.018590745373325473,74.57767577133144,69.2841783580017
2025-09-03 15:44:00.726487,909,3,POINT (74.57676198104915 69.30195884846877),0.01780395613142676,74.57676198104915,69.30195884846877
2025-09-03 15:44:01.726487,910,3,POINT (74.57679737474099 69.3190398765682),0.017081064769117988,74.57679737474099,69.3190398765682
2025-09-03 15:44:02.726487,911,3,POINT (74.5778146795721 69.3354996721626),0.01649120311344321,74.5778146795721,69.3354996721626
2025-09-03 15:44:03.726487,912,3,POINT (74.57970701958834 69.3512211069368),0.01583491275936529,74.57970701958834,69.3512211069368
2025-09-03 15:44:04.726487,913,3,POINT (74.58247609397964 69.36621751778608),0.015249921683237485,74.58247609397964,69.36621751778608
2025-09-03 15:44:05.726487,914,3,POINT (74.58615277207785 69.38053976677274),0.014786641872776654,74.58615277207785,69.38053976677274
2025-09-03 15:44:06.726487,915,3,POINT (74.59082123942635 69.39432947694712),0.014558526507766172,74.59082123942635,69.39432947694712
2025-09-03 15:44:07.726487,916,3,POINT (74.59643974672325 69.4075908607161),0.014402497134644187,74.59643974672325,69.4075908607161
2025-09-03 15:44:08.726487,917,3,POINT (74.6029556015686 69.42021982942893),0.0142108133164615,74.6029556015686,69.42021982942893
2025-09-03 15:44:09.726487,918,3,POINT (74.61040718202045 69.43232080952066),0.014211255061075982,74.61040718202045,69.43232080952066
2025-09-03 15:44:10.726487,919,3,POINT (74.61873935923977 69.4438549487849),0.014228898263077765,74.61873935923977,69.4438549487849
2025-09-03 15:44:11.726487,920,3,POINT (74.62790487822575 69.45478955475504),0.014267878118504135,74.62790487822575,69.45478955475504
2025-09-03 15:44:12.726487,921,3,POINT (74.63788735155715 69.46512278239321),0.014367510822493535,74.63788735155715,69.46512278239321
2025-09-03 15:44:13.726487,922,3,POINT (74.6487477185657 69.47495694565632),0.014651223110914513,74.6487477185657,69.47495694565632
2025-09-03 15:44:14.726487,923,3,POINT (74.66046512633584 69.48426797826856),0.014966394794937131,74.66046512633584,69.48426797826856
2025-09-03 15:44:15.726487,924,3,POINT (74.67308832058119 69.49316858772099),0.01544557805912224,74.67308832058119,69.49316858772099
2025-09-03 15:44:16.726487,925,3,POINT (74.68657681658603 69.50160138226225),0.015907594043341175,74.68657681658603,69.50160138226225
2025-09-03 15:44:17.726487,926,3,POINT (74.70084164130563 69.5094307125222),0.01627217369008859,74.70084164130563,69.5094307125222
2025-09-03 15:44:18.726487,927,3,POINT (74.71594024312064 69.51679721375855),0.016799795154507084,74.71594024312064,69.51679721375855
2025-09-03 15:44:19.726487,928,3,POINT (74.73182853319298 69.52363630942182),0.017297716349684095,74.73182853319298,69.52363630942182
2025-09-03 15:44:20.726487,929,3,POINT (74.74843581271385 69.52990677729979),0.017751633741515466,74.74843581271385,69.52990677729979
2025-09-03 15:44:21.726487,930,3,POINT (74.76572607255058 69.53551889533037),0.018178254977052857,74.76572607255058,69.53551889533037
2025-09-03 15:44:22.726487,931,3,POINT (74.78369193132548 69.54052450059012),0.018650151890430802,74.78369193132548,69.54052450059012
2025-09-03 15:44:23.726487,932,3,POINT (74.80238038293666 69.54498235742606),0.019212774687516698,74.80238038293666,69.54498235742606
2025-09-03 15:44:24.726487,933,3,POINT (74.82171977591061 69.54879209446216),0.019711068385172205,74.82171977591061,69.54879209446216
2025-09-03 15:44:25.726487,934,3,POINT (74.841731921911 69.5520507463031),0.020275719453613762,74.841731921911,69.5520507463031
2025-09-03 15:44:26.726487,935,3,POINT (74.86243765367121 69.55480641171951),0.020888298628961514,74.86243765367121,69.55480641171951
2025-09-03 15:44:27.726487,936,3,POINT (74.8837712778175 69.55699562115191),0.021445655904034643,74.8837712778175,69.55699562115191
2025-09-03 15:44:28.726487,937,3,POINT (74.90568510678447 69.55856832229405),0.021970190915789105,74.90568510678447,69.55856832229405
2025-09-03 15:44:29.726487,938,3,POINT (74.92819501026808 69.55952409677666),0.022530185523048828,74.92819501026808,69.55952409677666
2025-09-03 15:44:30.726487,939,3,POINT (74.95128258246119 69.55988019911779),0.023090318288174868,74.95128258246119,69.55988019911779
2025-09-03 15:44:31.726487,940,3,POINT (74.97493799368866 69.55963895302882),0.023656641351129427,74.97493799368866,69.55963895302882
2025-09-03 15:44:32.726487,941,3,POINT (74.99918348599795 69.5588269961315),0.02425908430512138,74.99918348599795,69.5588269961315
2025-09-03 15:44:33.726487,942,3,POINT (75.02393586741564 69.55736957644132),0.024795250714614022,75.02393586741564,69.55736957644132
2025-09-03 15:44:34.726487,943,3,POINT (75.04834425662744 69.55588972052908),0.02445320914390771,75.04834425662744,69.55588972052908
2025-09-03 15:44:35.726487,944,3,POINT (75.07247081465985 69.55447768721866),0.024167843109405073,75.07247081465985,69.55447768721866
2025-09-03 15:44:36.726487,945,3,POINT (75.09628660954364 69.5530849732039),0.023856482101802055,75.09628660954364,69.5530849732039
2025-09-03 15:44:37.726487,946,3,POINT (75.11979332059418 69.5517311503004),0.023545664162809257,75.11979332059418,69.5517311503004
2025-09-03 15:44:38.726487,947,3,POINT (75.14299568356898 69.55042258440416),0.023239233901296417,75.14299568356898,69.55042258440416
2025-09-03 15:44:39.726487,948,3,POINT (75.16597458556305 69.54920406563919),0.02301118694968712,75.16597458556305,69.54920406563919
2025-09-03 15:44:40.726487,949,3,POINT (75.18938618601283 69.54723545248692),0.023494222127222446,75.18938618601283,69.54723545248692
2025-09-03 15:44:41.726487,950,3,POINT (75.2132274962097 69.54456478867839),0.023990425529399288,75.2132274962097,69.54456478867839
2025-09-03 15:44:42.726487,951,3,POINT (75.23750101395899 69.54123147138877),0.02450131972116008,75.23750101395899,69.54123147138877
2025-09-03 15:44:43.726487,952,3,POINT (75.26219754519495 69.53719811996775),0.025023720322409678,75.26219754519495,69.53719811996775
2025-09-03 15:44:44.726487,953,3,POINT (75.28738215071256 69.53253042176652),0.02561350740479234,75.28738215071256,69.53253042176652
2025-09-03 15:44:45.726487,954,3,POINT (75.31293367482277 69.52715932615648),0.026109941639288314,75.31293367482277,69.52715932615648
2025-09-03 15:44:46.726487,955,3,POINT (75.33805999348978 69.52176943850587),0.025697913896698052,75.33805999348978,69.52176943850587
2025-09-03 15:44:47.726487,956,3,POINT (75.36289654191987 69.51646395832718),0.025396894649672746,75.36289654191987,69.51646395832718
2025-09-03 15:44:48.726487,957,3,POINT (75.3874174929195 69.5112056576423),0.02507841231056968,75.3874174929195,69.5112056576423
2025-09-03 15:44:49.726487,958,3,POINT (75.41165982666429 69.50605068957547),0.024784358800742194,75.41165982666429,69.50605068957547
2025-09-03 15:44:50.726487,959,3,POINT (75.43562976472967 69.50098788267925),0.024498774347433052,75.43562976472967,69.50098788267925
2025-09-03 15:44:51.726487,960,3,POINT (75.45928983262893 69.49597211131329),0.024185879669614406,75.45928983262893,69.49597211131329
2025-09-03 15:44:52.726487,961,3,POINT (75.48260601249106 69.49098217065558),0.023844155492088497,75.48260601249106,69.49098217065558
2025-09-03 15:44:53.726487,962,3,POINT (75.50573209804934 69.48612777524401),0.02363008650133369,75.50573209804934,69.48612777524401
2025-09-03 15:44:54.726487,963,3,POINT (75.52852046894185 69.48128471101435),0.023297319997531315,75.52852046894185,69.48128471101435
2025-09-03 15:44:55.726487,964,3,POINT (75.55101334557749 69.47648667011677),0.022998928144609965,75.55101334557749,69.47648667011677
2025-09-03 15:44:56.726487,965,3,POINT (75.5732154811635 69.47173756668899),0.022704378607385854,75.5732154811635,69.47173756668899
2025-09-03 15:44:57.726487,966,3,POINT (75.59514013557184 69.4670357105723),0.022423155930132107,75.59514013557184,69.4670357105723
2025-09-03 15:44:58.726487,967,3,POINT (75.61682120527291 69.46242979847143),0.02216490942151112,75.61682120527291,69.46242979847143
2025-09-03 15:44:59.726487,968,3,POINT (75.63824508791573 69.45788209778495),0.02190124035362524,75.63824508791573,69.45788209778495
2025-09-03 15:45:00.726487,969,3,POINT (75.65874640571586 69.45420708464219),0.020828100084768757,75.65874640571586,69.45420708464219
2025-09-03 15:45:01.726487,970,3,POINT (75.67837489381671 69.45141911318366),0.019825496966754046,75.67837489381671,69.45141911318366
2025-09-03 15:45:02.726487,971,3,POINT (75.69713715280851 69.44952938786987),0.018857184949958042,75.69713715280851,69.44952938786987
2025-09-03 15:45:03.726487,972,3,POINT (75.71510933853449 69.44855217096485),0.01799873364013748,75.71510933853449,69.44855217096485
2025-09-03 15:45:04.726487,973,3,POINT (75.7323746757612 69.44852469884596),0.017265359083135277,75.7323746757612,69.44852469884596
2025-09-03 15:45:05.726487,974,3,POINT (75.74902951547202 69.44951380457336),0.01668418460497104,75.74902951547202,69.44951380457336
2025-09-03 15:45:06.726487,975,3,POINT (75.76506701434269 69.45146545483402),0.016155813466576286,75.76506701434269,69.45146545483402
2025-09-03 15:45:07.726487,976,3,POINT (75.78038216161663 69.45433756248713),0.015582128814556565,75.78038216161663,69.45433756248713
2025-09-03 15:45:08.726487,977,3,POINT (75.79505254916891 69.4581208417822),0.0151503621461282,75.79505254916891,69.4581208417822
2025-09-03 15:45:09.726487,978,3,POINT (75.80916211140635 69.46286440400378),0.014885601401423788,75.80916211140635,69.46286440400378
2025-09-03 15:45:10.726487,979,3,POINT (75.82263569237836 69.46850273307513),0.014605757047340339,75.82263569237836,69.46850273307513
2025-09-03 15:45:11.726487,980,3,POINT (75.8354405276144 69.47500780850251),0.014362444490339195,75.8354405276144,69.47500780850251
2025-09-03 15:45:12.726487,981,3,POINT (75.84765180222239 69.4823864846532),0.014267448590711985,75.84765180222239,69.4823864846532
2025-09-03 15:45:13.726487,982,3,POINT (75.85928009536586 69.49064655000952),0.014263445625832616,75.85928009536586,69.49064655000952
2025-09-03 15:45:14.726487,983,3,POINT (75.87038579939536 69.4997985151953),0.01439080014289178,75.87038579939536,69.4997985151953
2025-09-03 15:45:15.726487,984,3,POINT (75.88098077129723 69.5098211887415),0.014584492264563195,75.88098077129723,69.5098211887415
2025-09-03 15:45:16.726487,985,3,POINT (75.8909719960911 69.52065604286528),0.01473833900971402,75.8909719960911,69.52065604286528
2025-09-03 15:45:17.726487,986,3,POINT (75.9003808067941 69.53230646746836),0.014975249990466961,75.9003808067941,69.53230646746836
2025-09-03 15:45:18.726487,987,3,POINT (75.90920959207392 69.54475505200355),0.015261543383516636,75.90920959207392,69.54475505200355
2025-09-03 15:45:19.726487,988,3,POINT (75.91752495978074 69.55807355906954),0.01570120920713838,75.91752495978074,69.55807355906954
2025-09-03 15:45:20.726487,989,3,POINT (75.92523355862829 69.57215601466977),0.016054222246034013,75.92523355862829,69.57215601466977
2025-09-03 15:45:21.726487,990,3,POINT (75.93248568088345 69.58709254005792),0.0166040075847541,75.93248568088345,69.58709254005792
2025-09-03 15:45:22.726487,991,3,POINT (75.93920822290318 69.60279503835119),0.01708101354888062,75.93920822290318,69.60279503835119
2025-09-03 15:45:23.726487,992,3,POINT (75.94541379410956 69.61925451694772),0.01759043915503808,75.94541379410956,69.61925451694772
2025-09-03 15:45:24.726487,993,3,POINT (75.95115104310521 69.63651346582286),0.01818756009784762,75.95115104310521,69.63651346582286
2025-09-03 15:45:25.726487,994,3,POINT (75.95625287995615 69.65443123162382),0.01862995090040869,75.95625287995615,69.65443123162382
2025-09-03 15:45:26.726487,995,3,POINT (75.96084621520382 69.67311931224738),0.019244300093538714,75.96084621520382,69.67311931224738
2025-09-03 15:45:27.726487,996,3,POINT (75.96487209991523 69.69250607164872),0.019800358274412937,75.96487209991523,69.69250607164872
2025-09-03 15:45:28.726487,997,3,POINT (75.96826527930175 69.71250551670103),0.020285252494098606,75.96826527930175,69.71250551670103
2025-09-03 15:45:29.726487,998,3,POINT (75.97116125286401 69.7332233069757),0.02091921357839897,75.97116125286401,69.7332233069757
2025-09-03 15:45:30.726487,999,3,POINT (75.97287036184177 69.75518658507991),0.02202967631584078,75.97287036184177,69.75518658507991
2025-09-03 15:45:31.726487,1000,3,POINT (75.97342388909232 69.77843188023526),0.0232518846392364,75.97342388909232,69.77843188023526
2025-09-03 15:45:32.726487,1001,3,POINT (75.97281751188183 69.80296959537252),0.024545206405295287,75.97281751188183,69.80296959537252
2025-09-03 15:45:33.726487,1002,3,POINT (75.97104578668792 69.82877105822001),0.02586222139015655,75.97104578668792,69.82877105822001
2025-09-03 15:45:34.726487,1003,3,POINT (75.96802121847463 69.85575767228653),0.027155576805730386,75.96802121847463,69.85575767228653
2025-09-03 15:45:35.726487,1004,3,POINT (75.96368108255422 69.88388225526435),0.0284574936964625,75.96368108255422,69.88388225526435
2025-09-03 15:45:36.726487,1005,3,POINT (75.95807596756407 69.91315501595084),0.029804560594995914,75.95807596756407,69.91315501595084
2025-09-03 15:45:37.726487,1006,3,POINT (75.95110641117029 69.9434402454859),0.031076837746428825,75.95110641117029,69.9434402454859
2025-09-03 15:45:38.726487,1007,3,POINT (75.94272824980233 69.97466317139805),0.03232746031507785,75.94272824980233,69.97466317139805
2025-09-03 15:45:39.726487,1008,3,POINT (75.93288154037215 70.00674604012744),0.033559918839437194,75.93288154037215,70.00674604012744
2025-09-03 15:45:40.726487,1009,3,POINT (75.92158666505192 70.03967302559361),0.034810351626913316,75.92158666505192,70.03967302559361
2025-09-03 15:45:41.726487,1010,3,POINT (75.90884412393922 70.07339695912363),0.03605102005138791,75.90884412393922,70.07339695912363
2025-09-03 15:45:42.726487,1011,3,POINT (75.895354339585 70.10725845047253),0.03644962109947199,75.895354339585,70.10725845047253
2025-09-03 15:45:43.726487,1012,3,POINT (75.8810163645147 70.14114824667803),0.036798040925666214,75.8810163645147,70.14114824667803
2025-09-03 15:45:44.726487,1013,3,POINT (75.86582280452112 70.17502652262517),0.03712925863021462,75.86582280452112,70.17502652262517
2025-09-03 15:45:45.726487,1014,3,POINT (75.84983795166248 70.20891335159413),0.03746775545030433,75.84983795166248,70.20891335159413
2025-09-03 15:45:46.726487,1015,3,POINT (75.83384989739687 70.24215648867923),0.036887993201830616,75.83384989739687,70.24215648867923
2025-09-03 15:45:47.726487,1016,3,POINT (75.8178260890173 70.27467829716544),0.03625507498542612,75.8178260890173,70.27467829716544
2025-09-03 15:45:48.726487,1017,3,POINT (75.80255327086805 70.30597731249642),0.03482653205401889,75.80255327086805,70.30597731249642
2025-09-03 15:45:49.726487,1018,3,POINT (75.78807333008916 70.33607575584597),0.033400373905477676,75.78807333008916,70.33607575584597
2025-09-03 15:45:50.726487,1019,3,POINT (75.77440376931301 70.36496460930944),0.03195970504004653,75.77440376931301,70.36496460930944
2025-09-03 15:45:51.726487,1020,3,POINT (75.7616538027161 70.39276062337392),0.03058071362959142,75.7616538027161,70.39276062337392
2025-09-03 15:45:52.726487,1021,3,POINT (75.74981857335654 70.41943798568627),0.02918483020231788,75.74981857335654,70.41943798568627
2025-09-03 15:45:53.726487,1022,3,POINT (75.73889708820147 70.44504961665615),0.027843032861552337,75.73889708820147,70.44504961665615
2025-09-03 15:45:54.726487,1023,3,POINT (75.72894634924471 70.46972927452401),0.026610199515607127,75.72894634924471,70.46972927452401
2025-09-03 15:45:55.726487,1024,3,POINT (75.71999158268817 70.49352332228094),0.025423307273855437,75.71999158268817,70.49352332228094
2025-09-03 15:45:56.726487,1025,3,POINT (75.71208487680774 70.51649546462636),0.024294759143033934,75.71208487680774,70.51649546462636
2025-09-03 15:45:57.726487,1026,3,POINT (75.7052219979305 70.53870768315366),0.023248263556409382,75.7052219979305,70.53870768315366
2025-09-03 15:45:58.726487,1027,3,POINT (75.69938579959565 70.56017607696694),0.02224754242440566,75.69938579959565,70.56017607696694
2025-09-03 15:45:59.726487,1028,3,POINT (75.69454678715707 70.58086236572615),0.021244730735174657,75.69454678715707,70.58086236572615
2025-09-03 15:46:00.726487,1029,3,POINT (75.69068982829403 70.6008182871397),0.02032522893192476,75.69068982829403,70.6008182871397
2025-09-03 15:46:01.726487,1030,3,POINT (75.68789691877286 70.62020432920978),0.01958619337023833,75.68789691877286,70.62020432920978
2025-09-03 15:46:02.726487,1031,3,POINT (75.68608739983598 70.63893110665218),0.018813998834908936,75.68608739983598,70.63893110665218
2025-09-03 15:46:03.726487,1032,3,POINT (75.68523440178602 70.6569992936071),0.018088310742332997,75.68523440178602,70.6569992936071
2025-09-03 15:46:04.726487,1033,3,POINT (75.68546305419333 70.67460179511315),0.017603986514246564,75.68546305419333,70.67460179511315
2025-09-03 15:46:05.726487,1034,3,POINT (75.68671821825336 70.69170641515714),0.017150611174736718,75.68671821825336,70.69170641515714
2025-09-03 15:46:06.726487,1035,3,POINT (75.68900817687405 70.7082963660172),0.01674724992419412,75.68900817687405,70.7082963660172
2025-09-03 15:46:07.726487,1036,3,POINT (75.69224975062872 70.72427861922303),0.016307673590746384,75.69224975062872,70.72427861922303
2025-09-03 15:46:08.726487,1037,3,POINT (75.69645800829461 70.73967865952751),0.015964669553808836,75.69645800829461,70.73967865952751
2025-09-03 15:46:09.726487,1038,3,POINT (75.70155844347396 70.75445668019414),0.015633436405406757,75.70155844347396,70.75445668019414
2025-09-03 15:46:10.726487,1039,3,POINT (75.70764553475475 70.76879396439277),0.015575955779759152,75.70764553475475,70.76879396439277
2025-09-03 15:46:11.726487,1040,3,POINT (75.71464679531836 70.7825833030031),0.015464912181766037,75.71464679531836,70.7825833030031
2025-09-03 15:46:12.726487,1041,3,POINT (75.72257182795046 70.79586633284633),0.015467547447355475,75.72257182795046,70.79586633284633
2025-09-03 15:46:13.726487,1042,3,POINT (75.73145122452183 70.80870655322367),0.015611372227015256,75.73145122452183,70.80870655322367
2025-09-03 15:46:14.726487,1043,3,POINT (75.74122142934417 70.82104054164446),0.01573480767707506,75.74122142934417,70.82104054164446
2025-09-03 15:46:15.726487,1044,3,POINT (75.7518546651553 70.83281251089402),0.01586332133658412,75.7518546651553,70.83281251089402
2025-09-03 15:46:16.726487,1045,3,POINT (75.76336763346882 70.84410479302657),0.01612650226022993,75.76336763346882,70.84410479302657
2025-09-03 15:46:17.726487,1046,3,POINT (75.77574305510575 70.85496943346044),0.01646789216776196,75.77574305510575,70.85496943346044
2025-09-03 15:46:18.726487,1047,3,POINT (75.7889912069175 70.86538854132604),0.016854415894425268,75.7889912069175,70.86538854132604
2025-09-03 15:46:19.726487,1048,3,POINT (75.80302604128451 70.87524457737912),0.01714986945690861,75.80302604128451,70.87524457737912
2025-09-03 15:46:20.726487,1049,3,POINT (75.8179099735742 70.88466041259898),0.017612194448494774,75.8179099735742,70.88466041259898
2025-09-03 15:46:21.726487,1050,3,POINT (75.83362789184146 70.89364311969375),0.018103645528087617,75.83362789184146,70.89364311969375
2025-09-03 15:46:22.726487,1051,3,POINT (75.85013940974993 70.90216641756717),0.018581626147375237,75.85013940974993,70.90216641756717
2025-09-03 15:46:23.726487,1052,3,POINT (75.8673764207209 70.91011345371716),0.01898077792880554,75.8673764207209,70.91011345371716
2025-09-03 15:46:24.726487,1053,3,POINT (75.88534019801632 70.91752245409327),0.019431690129598594,75.88534019801632,70.91752245409327
2025-09-03 15:46:25.726487,1054,3,POINT (75.9040434225178 70.92442328061206),0.01993569696286361,75.9040434225178,70.92442328061206
2025-09-03 15:46:26.726487,1055,3,POINT (75.92345575383449 70.93080092863987),0.020433134892018593,75.92345575383449,70.93080092863987
2025-09-03 15:46:27.726487,1056,3,POINT (75.94363018000509 70.93673661496248),0.021029499362405356,75.94363018000509,70.93673661496248
2025-09-03 15:46:28.726487,1057,3,POINT (75.96453611441234 70.9421670736624),0.02159972164477796,75.96453611441234,70.9421670736624
2025-09-03 15:46:29.726487,1058,3,POINT (75.98606245493256 70.94699305227678),0.022060675551286078,75.98606245493256,70.94699305227678
2025-09-03 15:46:30.726487,1059,3,POINT (76.00823052471436 70.95123777197003),0.022570798903116807,76.00823052471436,70.95123777197003
2025-09-03 15:46:31.726487,1060,3,POINT (76.03106579519796 70.95495107896136),0.023135216162182146,76.03106579519796,70.95495107896136
2025-09-03 15:46:32.726487,1061,3,POINT (76.05447268203132 70.95804472638322),0.023610442723514598,76.05447268203132,70.95804472638322
2025-09-03 15:46:33.726487,1062,3,POINT (76.07857195634747 70.96066671506196),0.02424149020165274,76.07857195634747,70.96066671506196
2025-09-03 15:46:34.726487,1063,3,POINT (76.10331154528947 70.96274180049507),0.024826462506239197,76.10331154528947,70.96274180049507
2025-09-03 15:46:35.726487,1064,3,POINT (76.12862804795738 70.9641851044854),0.025357610962836587,76.12862804795738,70.9641851044854
2025-09-03 15:46:36.726487,1065,3,POINT (76.15447894640717 70.96496821977686),0.025862757397869543,76.15447894640717,70.96496821977686
2025-09-03 15:46:37.726487,1066,3,POINT (76.18086809612987 70.96514182553109),0.026389720764819897,76.18086809612987,70.96514182553109
2025-09-03 15:46:38.726487,1067,3,POINT (76.20784096059373 70.96473914393266),0.026975870140837844,76.20784096059373,70.96473914393266
2025-09-03 15:46:39.726487,1068,3,POINT (76.23534760564405 70.96375140657527),0.027524373689725542,76.23534760564405,70.96375140657527
2025-09-03 15:46:40.726487,1069,3,POINT (76.26334865814846 70.96216656007878),0.028045867427698042,76.26334865814846,70.96216656007878
2025-09-03 15:46:41.726487,1070,3,POINT (76.29173540859621 70.9598416627047),0.02848179679695288,76.29173540859621,70.9598416627047
2025-09-03 15:46:42.726487,1071,3,POINT (76.32050367787471 70.9567724644343),0.028931527704278627,76.32050367787471,70.9567724644343
2025-09-03 15:46:43.726487,1072,3,POINT (76.34885732247183 70.95366397670314),0.028523531652206287,76.34885732247183,70.95366397670314
2025-09-03 15:46:44.726487,1073,3,POINT (76.37679575434362 70.95049876873931),0.028117156984817822,76.37679575434362,70.95049876873931
2025-09-03 15:46:45.726487,1074,3,POINT (76.40432622827292 70.9472862425148),0.027717274749065178,76.40432622827292,70.9472862425148
2025-09-03 15:46:46.726487,1075,3,POINT (76.43147837545541 70.94408064847178),0.02734071926245418,76.43147837545541,70.94408064847178
2025-09-03 15:46:47.726487,1076,3,POINT (76.4582652696346 70.94086223385615),0.026979545815391165,76.4582652696346,70.94086223385615
2025-09-03 15:46:48.726487,1077,3,POINT (76.48466771950277 70.93760206337043),0.026602971086652733,76.48466771950277,70.93760206337043
2025-09-03 15:46:49.726487,1078,3,POINT (76.5107297786209 70.93436556941184),0.026262250829299574,76.5107297786209,70.93436556941184
2025-09-03 15:46:50.726487,1079,3,POINT (76.53643796030677 70.93116823766347),0.02590624511392763,76.53643796030677,70.93116823766347
2025-09-03 15:46:51.726487,1080,3,POINT (76.56182971091637 70.92801810926566),0.025586408656605077,76.56182971091637,70.92801810926566
2025-09-03 15:46:52.726487,1081,3,POINT (76.58699841841167 70.92499512243877),0.025349601305333667,76.58699841841167,70.92499512243877
2025-09-03 15:46:53.726487,1082,3,POINT (76.61185348839923 70.922006643111),0.025034087017091904,76.61185348839923,70.922006643111
2025-09-03 15:46:54.726487,1083,3,POINT (76.63641098081959 70.91907904224387),0.024731382509134956,76.63641098081959,70.91907904224387
2025-09-03 15:46:55.726487,1084,3,POINT (76.66077319775519 70.91630632951997),0.024519493262840853,76.66077319775519,70.91630632951997
2025-09-03 15:46:56.726487,1085,3,POINT (76.68484728769717 70.91357471831913),0.024228567978461613,76.68484728769717,70.91357471831913
2025-09-03 15:46:57.726487,1086,3,POINT (76.70874115927397 70.91099778637495),0.024032429697674475,76.70874115927397,70.91099778637495
2025-09-03 15:46:58.726487,1087,3,POINT (76.73231487918197 70.90842738066742),0.02371344040417097,76.73231487918197,70.90842738066742
2025-09-03 15:46:59.726487,1088,3,POINT (76.75574136944982 70.90598371961231),0.023553596872283016,76.75574136944982,70.90598371961231
2025-09-03 15:47:00.726487,1089,3,POINT (76.77891042960763 70.90358309340483),0.02329309671950769,76.77891042960763,70.90358309340483
2025-09-03 15:47:01.726487,1090,3,POINT (76.80184300617334 70.90124868878985),0.02305108485187891,76.80184300617334,70.90124868878985
2025-09-03 15:47:02.726487,1091,3,POINT (76.82455297893581 70.89897235938483),0.022823771345514124,76.82455297893581,70.89897235938483
2025-09-03 15:47:03.726487,1092,3,POINT (76.8470351818992 70.89675564062638),0.022591221572572016,76.8470351818992,70.89675564062638
2025-09-03 15:47:04.726487,1093,3,POINT (76.8693531762694 70.89466281715623),0.022415904683625757,76.8693531762694,70.89466281715623
2025-09-03 15:47:05.726487,1094,3,POINT (76.89149441509386 70.89266765693004),0.022230949620066637,76.89149441509386,70.89266765693004
2025-09-03 15:47:06.726487,1095,3,POINT (76.91338063085603 70.89069408496415),0.02197501824100777,76.91338063085603,70.89069408496415
2025-09-03 15:47:07.726487,1096,3,POINT (76.93510177378263 70.88882813483498),0.021801142628832985,76.93510177378263,70.88882813483498
2025-09-03 15:47:08.726487,1097,3,POINT (76.95664272670511 70.8870390230686),0.021615123726711736,76.95664272670511,70.8870390230686
2025-09-03 15:47:09.726487,1098,3,POINT (76.97805968805447 70.88537685859713),0.021481364578866367,76.97805968805447,70.88537685859713
2025-09-03 15:47:10.726487,1099,3,POINT (76.99874904686698 70.88468739730467),0.0207008435805484,76.99874904686698,70.88468739730467
2025-09-03 15:47:11.726487,1100,3,POINT (77.01860894026726 70.88490335846235),0.019861067571812996,77.01860894026726,70.88490335846235
2025-09-03 15:47:12.726487,1101,3,POINT (77.03768608335602 70.88604237565653),0.019111115838638195,77.03768608335602,70.88604237565653
2025-09-03 15:47:13.726487,1102,3,POINT (77.05610796702778 70.88813574939907),0.018540442595632242,77.05610796702778,70.88813574939907
2025-09-03 15:47:14.726487,1103,3,POINT (77.07388062033027 70.89120179039331),0.018035182638076026,77.07388062033027,70.89120179039331
2025-09-03 15:47:15.726487,1104,3,POINT (77.0910185637883 70.8951967532817),0.01759740987901393,77.0910185637883,70.8951967532817
2025-09-03 15:47:16.726487,1105,3,POINT (77.10751200996859 70.90012713831312),0.01721460029917363,77.10751200996859,70.90012713831312
2025-09-03 15:47:17.726487,1106,3,POINT (77.12333407364841 70.90596376986255),0.016864280800914025,77.12333407364841,70.90596376986255
2025-09-03 15:47:18.726487,1107,3,POINT (77.13856396271255 70.91269913905475),0.01665276911091314,77.13856396271255,70.91269913905475
2025-09-03 15:47:19.726487,1108,3,POINT (77.15319612964802 70.92034527460189),0.016509503264260254,77.15319612964802,70.92034527460189
2025-09-03 15:47:20.726487,1109,3,POINT (77.16727752641431 70.92892366060629),0.016488615506770114,77.16727752641431,70.92892366060629
2025-09-03 15:47:21.726487,1110,3,POINT (77.18078517279085 70.93836022482726),0.016477416512616114,77.18078517279085,70.93836022482726
2025-09-03 15:47:22.726487,1111,3,POINT (77.1937695846108 70.94871867319755),0.01661000911950579,77.1937695846108,70.94871867319755
2025-09-03 15:47:23.726487,1112,3,POINT (77.20609651805896 70.95989727521884),0.016640746118654046,77.20609651805896,70.95989727521884
2025-09-03 15:47:24.726487,1113,3,POINT (77.2179242547282 70.97194658708464),0.016884349888478624,77.2179242547282,70.97194658708464
2025-09-03 15:47:25.726487,1114,3,POINT (77.22913562476542 70.98478465618514),0.017044378438080692,77.22913562476542,70.98478465618514
2025-09-03 15:47:26.726487,1115,3,POINT (77.23976680586728 70.99841903484152),0.017289253684469857,77.23976680586728,70.99841903484152
2025-09-03 15:47:27.726487,1116,3,POINT (77.24989253410025 71.0128996920994),0.017669742693889122,77.24989253410025,71.0128996920994
2025-09-03 15:47:28.726487,1117,3,POINT (77.25941540587463 71.02813098246858),0.017963220567084954,77.25941540587463,71.02813098246858
2025-09-03 15:47:29.726487,1118,3,POINT (77.2684232052515 71.04417351631113),0.018398460307948686,77.2684232052515,71.04417351631113
2025-09-03 15:47:30.726487,1119,3,POINT (77.27686193684781 71.06097413931717),0.018800880945996058,77.27686193684781,71.06097413931717
2025-09-03 15:47:31.726487,1120,3,POINT (77.28469324267303 71.07850301290613),0.019198717671391637,77.28469324267303,71.07850301290613
2025-09-03 15:47:32.726487,1121,3,POINT (77.2918811951587 71.09670757718597),0.019572246206173233,77.2918811951587,71.09670757718597
2025-09-03 15:47:33.726487,1122,3,POINT (77.29845412386251 71.11560309817763),0.020006101701527102,77.29845412386251,71.11560309817763
2025-09-03 15:47:34.726487,1123,3,POINT (77.30439797873011 71.13519990602995),0.02047838589068812,77.30439797873011,71.13519990602995
2025-09-03 15:47:35.726487,1124,3,POINT (77.30981735164974 71.15552579528821),0.021035954387217212,77.30981735164974,71.15552579528821
2025-09-03 15:47:36.726487,1125,3,POINT (77.3146540857691 71.17650495984422),0.02152949935343572,77.3146540857691,71.17650495984422
2025-09-03 15:47:37.726487,1126,3,POINT (77.31960550934825 71.19737834177973),0.021452614499995828,77.31960550934825,71.19737834177973
2025-09-03 15:47:38.726487,1127,3,POINT (77.32465173082167 71.21812193766429),0.02134856251322502,77.32465173082167,71.21812193766429
2025-09-03 15:47:39.726487,1128,3,POINT (77.32976381065704 71.2387381241663),0.021240539214645474,77.32976381065704,71.2387381241663
2025-09-03 15:47:40.726487,1129,3,POINT (77.33482453766418 71.25913858236454),0.02101879284209315,77.33482453766418,71.25913858236454
2025-09-03 15:47:41.726487,1130,3,POINT (77.33991826989087 71.27937148820953),0.02086424182494072,77.33991826989087,71.27937148820953
2025-09-03 15:47:42.726487,1131,3,POINT (77.34500958141307 71.29944098794375),0.020705223316783133,77.34500958141307,71.29944098794375
2025-09-03 15:47:43.726487,1132,3,POINT (77.35013460149841 71.31937579060856),0.020583055850868472,77.35013460149841,71.31937579060856
2025-09-03 15:47:44.726487,1133,3,POINT (77.35534881046864 71.33919686191113),0.02049543468109209,77.35534881046864,71.33919686191113
2025-09-03 15:47:45.726487,1134,3,POINT (77.36059039410789 71.35885161978567),0.02034167412367459,77.36059039410789,71.35885161978567
2025-09-03 15:47:46.726487,1135,3,POINT (77.36575498406641 71.3782472991269),0.020071506334789813,77.36575498406641,71.3782472991269
2025-09-03 15:47:47.726487,1136,3,POINT (77.37102903467759 71.39756266075182),0.020022457505277882,77.37102903467759,71.39756266075182
2025-09-03 15:47:48.726487,1137,3,POINT (77.37639920779456 71.4167829229411),0.01995638338805105,77.37639920779456,71.4167829229411
2025-09-03 15:47:49.726487,1138,3,POINT (77.38183205385252 71.43587811533844),0.019853014606881644,77.38183205385252,71.43587811533844
2025-09-03 15:47:50.726487,1139,3,POINT (77.38737078808978 71.45488167716704),0.019794265309032152,77.38737078808978,71.45488167716704
2025-09-03 15:47:51.726487,1140,3,POINT (77.39294032520014 71.47374293740685),0.019666389639630733,77.39294032520014,71.47374293740685
2025-09-03 15:47:52.726487,1141,3,POINT (77.39856229808578 71.49250002486097),0.019581494041270114,77.39856229808578,71.49250002486097
2025-09-03 15:47:53.726487,1142,3,POINT (77.40490246244245 71.51035792383314),0.018949993133765088,77.40490246244245,71.51035792383314
2025-09-03 15:47:54.726487,1143,3,POINT (77.41199632682678 71.52736962914813),0.018431522715911707,77.41199632682678,71.52736962914813
2025-09-03 15:47:55.726487,1144,3,POINT (77.41985917292608 71.54356015631866),0.017998819929127597,77.41985917292608,71.54356015631866
2025-09-03 15:47:56.726487,1145,3,POINT (77.42841264020102 71.55885702101736),0.017525862946904152,77.42841264020102,71.55885702101736
2025-09-03 15:47:57.726487,1146,3,POINT (77.4376944803181 71.57330911491925),0.017176017411154217,77.4376944803181,71.57330911491925
2025-09-03 15:47:58.726487,1147,3,POINT (77.44772728873834 71.5869786048823),0.016956184731449764,77.44772728873834,71.5869786048823
2025-09-03 15:47:59.726487,1148,3,POINT (77.45852153121737 71.59986648167909),0.016811098685846456,77.45852153121737,71.59986648167909
2025-09-03 15:48:00.726487,1149,3,POINT (77.47013891282565 71.61206638120704),0.016846397357433058,77.47013891282565,71.61206638120704
2025-09-03 15:48:01.726487,1150,3,POINT (77.4817687649524 71.62424899175421),0.016842489727897675,77.4817687649524,71.62424899175421
2025-09-03 15:48:02.726487,1151,3,POINT (77.49335672035417 71.63636641046),0.016766411258364162,77.49335672035417,71.63636641046
2025-09-03 15:48:03.726487,1152,3,POINT (77.50499942682939 71.64853497409561),0.01684121596031409,77.50499942682939,71.64853497409561
2025-09-03 15:48:04.726487,1153,3,POINT (77.51669755667973 71.6607712583289),0.0169284640128155,77.51669755667973,71.6607712583289
2025-09-03 15:48:05.726487,1154,3,POINT (77.52844891604057 71.6730436631419),0.016991361532317718,77.52844891604057,71.6730436631419
2025-09-03 15:48:06.726487,1155,3,POINT (77.54025150719129 71.68536737008418),0.017063848061622262,77.54025150719129,71.68536737008418
2025-09-03 15:48:07.726487,1156,3,POINT (77.55213208315298 71.69774839918516),0.017159194817384444,77.55213208315298,71.69774839918516
2025-09-03 15:48:08.726487,1157,3,POINT (77.56398079573884 71.71012135447526),0.01713131671977411,77.56398079573884,71.71012135447526
2025-09-03 15:48:09.726487,1158,3,POINT (77.57585154355063 71.72250054983427),0.01715106793605972,77.57585154355063,71.72250054983427
2025-09-03 15:48:10.726487,1159,3,POINT (77.58774935952708 71.73490494310181),0.017187989915794996,77.58774935952708,71.73490494310181
2025-09-03 15:48:11.726487,1160,3,POINT (77.59963824042435 71.74730077556029),0.01717562666479128,77.59963824042435,71.74730077556029
2025-09-03 15:48:12.726487,1161,3,POINT (77.61149114082725 71.75963701225739),0.01710771708346336,77.61149114082725,71.75963701225739
2025-09-03 15:48:13.726487,1162,3,POINT (77.6234096952655 71.7720219260804),0.017188310862348243,77.6234096952655,71.7720219260804
2025-09-03 15:48:14.726487,1163,3,POINT (77.63536123902152 71.78443335424346),0.017230291558736954,77.63536123902152,71.78443335424346
2025-09-03 15:48:15.726487,1164,3,POINT (77.64728065864763 71.79678170553916),0.017162585584500702,77.64728065864763,71.79678170553916
2025-09-03 15:48:16.726487,1165,3,POINT (77.65918140806106 71.80911621480968),0.01713966031010137,77.65918140806106,71.80911621480968
2025-09-03 15:48:17.726487,1166,3,POINT (77.67102640053828 71.8214148938769),0.017075167746881316,77.67102640053828,71.8214148938769
2025-09-03 15:48:18.726487,1167,3,POINT (77.68293284924268 71.83375659157284),0.01714879070862167,77.68293284924268,71.83375659157284
2025-09-03 15:48:19.726487,1168,3,POINT (77.69490241440748 71.84613331137268),0.017217830387084257,77.69490241440748,71.84613331137268
2025-09-03 15:48:20.726487,1169,3,POINT (77.70684738272992 71.85849285715068),0.017188386778940943,77.70684738272992,71.85849285715068
2025-09-03 15:48:21.726487,1170,3,POINT (77.71875289022144 71.87080064448286),0.017123747768660467,77.71875289022144,71.87080064448286
2025-09-03 15:48:22.726487,1171,3,POINT (77.73072872147095 71.88318825373938),0.017230014428581027,77.73072872147095,71.88318825373938
2025-09-03 15:48:23.726487,1172,3,POINT (77.74267979806717 71.89554795116014),0.01719274126314668,77.74267979806717,71.89554795116014
2025-09-03 15:48:24.726487,1173,3,POINT (77.75470711969959 71.90793579706236),0.017266012618635154,77.75470711969959,71.90793579706236
2025-09-03 15:48:25.726487,1174,3,POINT (77.76673553191193 71.92029150273235),0.017243728220819925,77.76673553191193,71.92029150273235
2025-09-03 15:48:26.726487,1175,3,POINT (77.77872595842105 71.93258835235304),0.017175064438428318,77.77872595842105,71.93258835235304
2025-09-03 15:48:27.726487,1176,3,POINT (77.79073242610842 71.94491035705667),0.017204274650338067,77.79073242610842,71.94491035705667
2025-09-03 15:48:28.726487,1177,3,POINT (77.80281065178785 71.95729730826751),0.017300869800766526,77.80281065178785,71.95729730826751
2025-09-03 15:48:29.726487,1178,3,POINT (77.81488621305199 71.96964947584335),0.017274120054742794,77.81488621305199,71.96964947584335
2025-09-03 15:48:30.726487,1179,3,POINT (77.82693484663642 71.9819798821963),0.01723973584717973,77.82693484663642,71.9819798821963
2025-09-03 15:48:31.726487,1180,3,POINT (77.83900546594451 71.99431581435603),0.01725905770111133,77.83900546594451,71.99431581435603
2025-09-03 15:48:32.726487,1181,3,POINT (77.85101107711469 72.00658362471403),0.017164902287789673,77.85101107711469,72.00658362471403
2025-09-03 15:48:33.726487,1182,3,POINT (77.86300224970206 72.01883847001189),0.017145537416326097,77.86300224970206,72.01883847001189
2025-09-03 15:48:34.726487,1183,3,POINT (77.87502836487724 72.03112048836498),0.017189398506993265,77.87502836487724,72.03112048836498
2025-09-03 15:48:35.726487,1184,3,POINT (77.88699580761198 72.04334636689856),0.017108237534220867,77.88699580761198,72.04334636689856
2025-09-03 15:48:36.726487,1185,3,POINT (77.89896944288635 72.0555664155808),0.01710840528745948,77.89896944288635,72.0555664155808
2025-09-03 15:48:37.726487,1186,3,POINT (77.9109894544905 72.06782812791513),0.017170622246555734,77.9109894544905,72.06782812791513
2025-09-03 15:48:38.726487,1187,3,POINT (77.92298744048242 72.08002184250903),0.01710667540638396,77.92298744048242,72.08002184250903
2025-09-03 15:48:39.726487,1188,3,POINT (77.93493271322139 72.09217822181301),0.017043095334792122,77.93493271322139,72.09217822181301
2025-09-03 15:48:40.726487,1189,3,POINT (77.94685295651135 72.10429761430495),0.016999172758273163,77.94685295651135,72.10429761430495
2025-09-03 15:48:41.726487,1190,3,POINT (77.95869715265856 72.1163281236621),0.01688248020185216,77.95869715265856,72.1163281236621
2025-09-03 15:48:42.726487,1191,3,POINT (77.97057660646534 72.12838805128892),0.016928179970443363,77.97057660646534,72.12838805128892
2025-09-03 15:48:43.726487,1192,3,POINT (77.98244063132454 72.1404099182227),0.016890244830464557,77.98244063132454,72.1404099182227
2025-09-03 15:48:44.726487,1193,3,POINT (77.99437321607996 72.15248565159649),0.01697674631548601,77.99437321607996,72.15248565159649
2025-09-03 15:48:45.726487,1194,3,POINT (78.00630543718403 72.16454642897612),0.0169658554596347,78.00630543718403,72.16454642897612
2025-09-03 15:48:46.726487,1195,3,POINT (78.0182027795155 72.17657765269192),0.016920316151063,78.0182027795155,72.17657765269192
2025-09-03 15:48:47.726487,1196,3,POINT (78.0301449006725 72.18868084205056),0.017002983572872495,78.0301449006725,72.18868084205056
2025-09-03 15:48:48.726487,1197,3,POINT (78.04213281006211 72.20080820951527),0.017052360926214434,78.04213281006211,72.20080820951527
2025-09-03 15:48:49.726487,1198,3,POINT (78.05410490056646 72.21291264668594),0.017024933194075293,78.05410490056646,72.21291264668594
2025-09-03 15:48:50.726487,1199,3,POINT (78.06607461622728 72.22498930592577),0.01700352291133161,78.06607461622728,72.22498930592577
2025-09-03 15:48:51.726487,1200,3,POINT (78.07689929116385 72.23818760876725),0.017069527977589226,78.07689929116385,72.23818760876725
2025-09-03 15:48:52.726487,1201,3,POINT (78.0866601513301 72.2526058615216),0.017411502051037607,78.0866601513301,72.2526058615216
2025-09-03 15:48:53.726487,1202,3,POINT (78.09529679879195 72.26820430263204),0.01782983579442852,78.09529679879195,72.26820430263204
2025-09-03 15:48:54.726487,1203,3,POINT (78.10279036397763 72.28498370808214),0.018376669079317554,78.10279036397763,72.28498370808214
2025-09-03 15:48:55.726487,1204,3,POINT (78.10919529215494 72.30301760982742),0.019137521185225836,78.10919529215494,72.30301760982742
2025-09-03 15:48:56.726487,1205,3,POINT (78.11443336241243 72.3222486088971),0.019931600669297233,78.11443336241243,72.3222486088971
2025-09-03 15:48:57.726487,1206,3,POINT (78.11844704767338 72.34263883736732),0.020781508281204744,78.11844704767338,72.34263883736732
2025-09-03 15:48:58.726487,1207,3,POINT (78.12119515126888 72.36416590627194),0.021701768798780656,78.12119515126888,72.36416590627194
2025-09-03 15:48:59.726487,1208,3,POINT (78.12327449260465 72.38630227582173),0.02223381472523094,78.12327449260465,72.38630227582173
2025-09-03 15:49:00.726487,1209,3,POINT (78.12463240774275 72.4089809324325),0.022719273738200166,78.12463240774275,72.4089809324325
2025-09-03 15:49:01.726487,1210,3,POINT (78.12523560995002 72.43216073016065),0.02318764489163756,78.12523560995002,72.43216073016065
2025-09-03 15:49:02.726487,1211,3,POINT (78.12508733627088 72.45579370850196),0.023633443472435626,78.12508733627088,72.45579370850196
2025-09-03 15:49:03.726487,1212,3,POINT (78.12422775117419 72.479926764633),0.024148359877284014,78.12422775117419,72.479926764633
2025-09-03 15:49:04.726487,1213,3,POINT (78.12263075694874 72.50450113154494),0.0246262035173619,78.12263075694874,72.50450113154494
2025-09-03 15:49:05.726487,1214,3,POINT (78.1203437274737 72.52958713595295),0.025190040114664417,78.1203437274737,72.52958713595295
2025-09-03 15:49:06.726487,1215,3,POINT (78.1173376345257 72.55512226848555),0.025711468030224467,78.1173376345257,72.55512226848555
2025-09-03 15:49:07.726487,1216,3,POINT (78.11436434128238 72.58037660999425),0.025428767916451208,78.11436434128238,72.58037660999425
2025-09-03 15:49:08.726487,1217,3,POINT (78.1114648089165 72.60542926927135),0.025219893433472307,78.1114648089165,72.60542926927135
2025-09-03 15:49:09.726487,1218,3,POINT (78.10945943078352 72.6296017289245),0.024255501378844014,78.10945943078352,72.6296017289245
2025-09-03 15:49:10.726487,1219,3,POINT (78.10836012472116 72.65291714976865),0.023341322219592616,78.10836012472116,72.65291714976865
2025-09-03 15:49:11.726487,1220,3,POINT (78.10816347234845 72.67541088177684),0.02249459161246988,78.10816347234845,72.67541088177684
2025-09-03 15:49:12.726487,1221,3,POINT (78.10885340010041 72.69707932751615),0.021679426677389105,78.10885340010041,72.69707932751615
2025-09-03 15:49:13.726487,1222,3,POINT (78.11045657621891 72.71800357105657),0.02098556983752748,78.11045657621891,72.71800357105657
2025-09-03 15:49:14.726487,1223,3,POINT (78.11292567857797 72.7381203222853),0.020267711919651776,78.11292567857797,72.7381203222853
2025-09-03 15:49:15.726487,1224,3,POINT (78.11640443324909 72.75761697275163),0.019804573044334157,78.11640443324909,72.75761697275163
2025-09-03 15:49:16.726487,1225,3,POINT (78.1207836648001 72.77641728297527),0.019303609338216215,78.1207836648001,72.77641728297527
2025-09-03 15:49:17.726487,1226,3,POINT (78.12605823331184 72.79448319482977),0.0188201552628903,78.12605823331184,72.79448319482977
2025-09-03 15:49:18.726487,1227,3,POINT (78.13226762573483 72.81189579395964),0.018486621181822215,78.13226762573483,72.81189579395964
2025-09-03 15:49:19.726487,1228,3,POINT (78.13935523083974 72.82861769386722),0.018161940497709136,78.13935523083974,72.82861769386722
2025-09-03 15:49:20.726487,1229,3,POINT (78.14736720060804 72.8447690576473),0.018029370802243223,78.14736720060804,72.8447690576473
2025-09-03 15:49:21.726487,1230,3,POINT (78.1562563856898 72.86029547376613),0.017890981217161334,78.1562563856898,72.86029547376613
2025-09-03 15:49:22.726487,1231,3,POINT (78.16605153486543 72.87527377176056),0.017896769490130318,78.16605153486543,72.87527377176056
2025-09-03 15:49:23.726487,1232,3,POINT (78.17677380791397 72.88974541709466),0.018010987146834176,78.17677380791397,72.88974541709466
2025-09-03 15:49:24.726487,1233,3,POINT (78.18828273273446 72.90356346938725),0.017983156555079323,78.18828273273446,72.90356346938725
2025-09-03 15:49:25.726487,1234,3,POINT (78.2006334179035 72.91677545447614),0.018085794816200398,78.2006334179035,72.91677545447614
2025-09-03 15:49:26.726487,1235,3,POINT (78.21387388368366 72.92944115285181),0.0183229323368006,78.21387388368366,72.92944115285181
2025-09-03 15:49:27.726487,1236,3,POINT (78.22785167412879 72.94140861683628),0.01840105485964213,78.22785167412879,72.94140861683628
2025-09-03 15:49:28.726487,1237,3,POINT (78.24102341813011 72.95413556841031),0.018315843862733123,78.24102341813011,72.95413556841031
2025-09-03 15:49:29.726487,1238,3,POINT (78.25335802204897 72.96752684030419),0.018206279597187288,78.25335802204897,72.96752684030419
2025-09-03 15:49:30.726487,1239,3,POINT (78.26490476640589 72.98166943958434),0.018257612649054927,78.26490476640589,72.98166943958434
2025-09-03 15:49:31.726487,1240,3,POINT (78.27569366647732 72.99655843431543),0.018387020662791503,78.27569366647732,72.99655843431543
2025-09-03 15:49:32.726487,1241,3,POINT (78.28565695633142 73.01206482289165),0.01843136542400768,78.28565695633142,73.01206482289165
2025-09-03 15:49:33.726487,1242,3,POINT (78.29476799768713 73.02813413333769),0.018472515064189725,78.29476799768713,73.02813413333769
2025-09-03 15:49:34.726487,1243,3,POINT (78.3029954477648 73.04475149466164),0.01854258968297902,78.3029954477648,73.04475149466164
2025-09-03 15:49:35.726487,1244,3,POINT (78.31043250206842 73.0620038435406),0.018787051885706067,78.31043250206842,73.0620038435406
2025-09-03 15:49:36.726487,1245,3,POINT (78.31704090904574 73.07982253456471),0.019004651867132197,78.31704090904574,73.07982253456471
2025-09-03 15:49:37.726487,1246,3,POINT (78.32282114973752 73.09817838925495),0.019244442934627917,78.32282114973752,73.09817838925495
2025-09-03 15:49:38.726487,1247,3,POINT (78.32775057253369 73.11706205007938),0.019516450887275376,78.32775057253369,73.11706205007938
2025-09-03 15:49:39.726487,1248,3,POINT (78.33185981660631 73.13646397912326),0.0198323154843844,78.33185981660631,73.13646397912326
2025-09-03 15:49:40.726487,1249,3,POINT (78.33522830916577 73.15648906272025),0.02030642054104114,78.33522830916577,73.15648906272025
2025-09-03 15:49:41.726487,1250,3,POINT (78.33784600600161 73.17709031582883),0.02076689592520191,78.33784600600161,73.17709031582883
2025-09-03 15:49:42.726487,1251,3,POINT (78.33969346155865 73.19821663641515),0.02120694493676936,78.33969346155865,73.19821663641515
2025-09-03 15:49:43.726487,1252,3,POINT (78.34158546422168 73.2192323988383),0.02110075696042825,78.34158546422168,73.2192323988383
2025-09-03 15:49:44.726487,1253,3,POINT (78.34439168673597 73.23953475838684),0.02049538211495048,78.34439168673597,73.23953475838684
2025-09-03 15:49:45.726487,1254,3,POINT (78.34811005274632 73.25916464978444),0.01997896098570814,78.34811005274632,73.25916464978444
2025-09-03 15:49:46.726487,1255,3,POINT (78.35277644995288 73.27814016176535),0.019540862770797942,78.35277644995288,73.27814016176535
2025-09-03 15:49:47.726487,1256,3,POINT (78.35836631571189 73.29650397841104),0.019195738094696616,78.35836631571189,73.29650397841104
2025-09-03 15:49:48.726487,1257,3,POINT (78.36490372981427 73.31429858945384),0.018957477820392008,78.36490372981427,73.31429858945384
2025-09-03 15:49:49.726487,1258,3,POINT (78.37239106429453 73.33156364608577),0.018818670466400015,78.37239106429453,73.33156364608577
2025-09-03 15:49:50.726487,1259,3,POINT (78.3808364452184 73.34831259611701),0.018757712709666894,78.3808364452184,73.34831259611701
2025-09-03 15:49:51.726487,1260,3,POINT (78.39014000660447 73.3644284563707),0.018608525094180352,78.39014000660447,73.3644284563707
2025-09-03 15:49:52.726487,1261,3,POINT (78.40031568202527 73.37996294884861),0.018570536524712983,78.40031568202527,73.37996294884861
2025-09-03 15:49:53.726487,1262,3,POINT (78.41143180474012 73.39502854875543),0.018722726424429178,78.41143180474012,73.39502854875543
2025-09-03 15:49:54.726487,1263,3,POINT (78.42335124881087 73.40946016752594),0.018717498959342115,78.42335124881087,73.40946016752594
2025-09-03 15:49:55.726487,1264,3,POINT (78.4361284443926 73.42330975843316),0.018843245347632508,78.4361284443926,73.42330975843316
2025-09-03 15:49:56.726487,1265,3,POINT (78.44972389211323 73.43657136180559),0.018992270078430212,78.44972389211323,73.43657136180559
2025-09-03 15:49:57.726487,1266,3,POINT (78.4641404259496 73.44929923758278),0.01923110162353304,78.4641404259496,73.44929923758278
2025-09-03 15:49:58.726487,1267,3,POINT (78.47943035927283 73.46151437373534),0.019570171492720626,78.47943035927283,73.46151437373534
2025-09-03 15:49:59.726487,1268,3,POINT (78.49556881795812 73.47322646869996),0.01994048688465635,78.49556881795812,73.47322646869996
2025-09-03 15:50:00.726487,1269,3,POINT (78.51253209845932 73.4844468601572),0.02033838906639902,78.51253209845932,73.4844468601572
2025-09-03 15:50:01.726487,1270,3,POINT (78.530314918179 73.49515359888105),0.020757238045640385,78.530314918179,73.49515359888105
2025-09-03 15:50:02.726487,1271,3,POINT (78.54889982052813 73.50530915212461),0.02117861792019651,78.54889982052813,73.50530915212461
2025-09-03 15:50:03.726487,1272,3,POINT (78.568226899124 73.51487949854918),0.02156681473321815,78.568226899124,73.51487949854918
2025-09-03 15:50:04.726487,1273,3,POINT (78.5882906892104 73.5238855505867),0.02199237699598465,78.5882906892104,73.5238855505867
2025-09-03 15:50:05.726487,1274,3,POINT (78.60903554989518 73.53226563740978),0.022373535706132014,78.60903554989518,73.53226563740978
2025-09-03 15:50:06.726487,1275,3,POINT (78.6304513234666 73.54003983431642),0.022783184483418747,78.6304513234666,73.54003983431642
2025-09-03 15:50:07.726487,1276,3,POINT (78.65257819730603 73.54720882220218),0.023259254786258232,78.65257819730603,73.54720882220218
2025-09-03 15:50:08.726487,1277,3,POINT (78.67532946079362 73.55373832458778),0.023669693527493117,78.67532946079362,73.55373832458778
2025-09-03 15:50:09.726487,1278,3,POINT (78.69877414931334 73.55969475452707),0.024189511723228717,78.69877414931334,73.55969475452707
2025-09-03 15:50:10.726487,1279,3,POINT (78.72282495834497 73.56499567100091),0.024628055760430013,78.72282495834497,73.56499567100091
2025-09-03 15:50:11.726487,1280,3,POINT (78.74750926948188 73.56965710602378),0.02512059300207982,78.74750926948188,73.56965710602378
2025-09-03 15:50:12.726487,1281,3,POINT (78.77285917412678 73.573777009176),0.025682508979635404,78.77285917412678,73.573777009176
2025-09-03 15:50:13.726487,1282,3,POINT (78.79876408645889 73.57721196856342),0.026131655686685483,78.79876408645889,73.57721196856342
2025-09-03 15:50:14.726487,1283,3,POINT (78.82523202294308 73.58000339188172),0.026614727236500945,78.82523202294308,73.58000339188172
2025-09-03 15:50:15.726487,1284,3,POINT (78.85225526267065 73.5821498764433),0.027108354456638728,78.85225526267065,73.5821498764433
2025-09-03 15:50:16.726487,1285,3,POINT (78.87979253358498 73.5836214369622),0.027576562145590428,78.87979253358498,73.5836214369622
2025-09-03 15:50:17.726487,1286,3,POINT (78.90775417085023 73.58433889841218),0.02797084034285732,78.90775417085023,73.58433889841218
2025-09-03 15:50:18.726487,1287,3,POINT (78.9354250882343 73.58503913662892),0.027679776054662857,78.9354250882343,73.58503913662892
2025-09-03 15:50:19.726487,1288,3,POINT (78.96276066488846 73.585670738838),0.027342872423473667,78.96276066488846,73.585670738838
2025-09-03 15:50:20.726487,1289,3,POINT (78.98980284344826 73.58629922126856),0.02704948079770502,78.98980284344826,73.58629922126856
2025-09-03 15:50:21.726487,1290,3,POINT (79.0165843242929 73.58695049245695),0.026789398470146324,79.0165843242929,73.58695049245695
2025-09-03 15:50:22.726487,1291,3,POINT (79.04304458734633 73.58756610362396),0.02646742333446957,79.04304458734633,73.58756610362396
2025-09-03 15:50:23.726487,1292,3,POINT (79.06921568862955 73.58817565780522),0.02617819891964926,79.06921568862955,73.58817565780522
2025-09-03 15:50:24.726487,1293,3,POINT (79.09513981116966 73.5887656332714),0.025930834936905074,79.09513981116966,73.5887656332714
2025-09-03 15:50:25.726487,1294,3,POINT (79.12081878705234 73.58939869573436),0.025686778125438164,79.12081878705234,73.58939869573436
2025-09-03 15:50:26.726487,1295,3,POINT (79.14626121178347 73.59006250928196),0.02545108297548335,79.14626121178347,73.59006250928196
2025-09-03 15:50:27.726487,1296,3,POINT (79.17084484402017 73.59159349627336),0.0246312584964119,79.17084484402017,73.59159349627336
2025-09-03 15:50:28.726487,1297,3,POINT (79.19460928753672 73.59399247877946),0.023885223313087813,79.19460928753672,73.59399247877946
2025-09-03 15:50:29.726487,1298,3,POINT (79.2175287248326 73.59723444068389),0.023147590003059212,79.2175287248326,73.59723444068389
2025-09-03 15:50:30.726487,1299,3,POINT (79.23961254316225 73.60134499573927),0.02246311854752529,79.23961254316225,73.60134499573927
2025-09-03 15:50:31.726487,1300,3,POINT (79.26084198334328 73.60626838569226),0.021792863488518548,79.26084198334328,73.60626838569226
2025-09-03 15:50:32.726487,1301,3,POINT (79.28135236957513 73.61210015297499),0.021323354638036845,79.28135236957513,73.61210015297499
2025-09-03 15:50:33.726487,1302,3,POINT (79.3010024347892 73.6186899080459),0.020725586476902293,79.3010024347892,73.6186899080459
2025-09-03 15:50:34.726487,1303,3,POINT (79.31993608243538 73.62612296028635),0.02034043457743804,79.31993608243538,73.62612296028635
2025-09-03 15:50:35.726487,1304,3,POINT (79.33874450004636 73.63353701981926),0.02021694466992079,79.33874450004636,73.63353701981926
2025-09-03 15:50:36.726487,1305,3,POINT (79.35754006512646 73.6410278148311),0.02023327152463703,79.35754006512646,73.6410278148311
2025-09-03 15:50:37.726487,1306,3,POINT (79.37615305639963 73.64850924590536),0.02006029050273262,79.37615305639963,73.64850924590536
2025-09-03 15:50:38.726487,1307,3,POINT (79.39463844447155 73.65598517522976),0.019939886946345048,79.39463844447155,73.65598517522976
2025-09-03 15:50:39.726487,1308,3,POINT (79.41306559327309 73.66348737747767),0.01989579984625948,79.41306559327309,73.66348737747767
2025-09-03 15:50:40.726487,1309,3,POINT (79.43138216062373 73.67093899690833),0.019774308373492373,79.43138216062373,73.67093899690833
2025-09-03 15:50:41.726487,1310,3,POINT (79.44957947408203 73.67839657964466),0.019666157666630702,79.44957947408203,73.67839657964466
2025-09-03 15:50:42.726487,1311,3,POINT (79.46779669058996 73.685948485299),0.01972050344968433,79.46779669058996,73.685948485299
2025-09-03 15:50:43.726487,1312,3,POINT (79.48601239435624 73.69358949950397),0.01975340380241598,79.48601239435624,73.69358949950397
2025-09-03 15:50:44.726487,1313,3,POINT (79.50418928197857 73.70129991162027),0.01974461188876594,79.50418928197857,73.70129991162027
2025-09-03 15:50:45.726487,1314,3,POINT (79.52232259953246 73.70905981795526),0.019723928407853194,79.52232259953246,73.70905981795526
2025-09-03 15:50:46.726487,1315,3,POINT (79.54033659534352 73.71681145060614),0.019611013585102626,79.54033659534352,73.71681145060614
2025-09-03 15:50:47.726487,1316,3,POINT (79.55833221225618 73.72460911130291),0.019612387422468597,79.55833221225618,73.72460911130291
2025-09-03 15:50:48.726487,1317,3,POINT (79.5762952070997 73.73245441669263),0.019601479546367324,79.5762952070997,73.73245441669263
2025-09-03 15:50:49.726487,1318,3,POINT (79.59420159625722 73.74034955557906),0.01956967017341847,79.59420159625722,73.74034955557906
2025-09-03 15:50:50.726487,1319,3,POINT (79.61204193348428 73.74822791750266),0.019502466997135596,79.61204193348428,73.74822791750266
2025-09-03 15:50:51.726487,1320,3,POINT (79.62990024338183 73.75619806037352),0.01955613483740552,79.62990024338183,73.75619806037352
2025-09-03 15:50:52.726487,1321,3,POINT (79.64767372922987 73.76415895856636),0.0194749248837351,79.64767372922987,73.76415895856636
2025-09-03 15:50:53.726487,1322,3,POINT (79.66544689422328 73.77222682101325),0.019518601341928236,79.66544689422328,73.77222682101325
2025-09-03 15:50:54.726487,1323,3,POINT (79.68312645497606 73.78028830332447),0.019430758231871167,79.68312645497606,73.78028830332447
2025-09-03 15:50:55.726487,1324,3,POINT (79.70087292056337 73.78846603619472),0.019540019338237652,79.70087292056337,73.78846603619472
2025-09-03 15:50:56.726487,1325,3,POINT (79.71861657636505 73.79671134743127),0.01956584980510934,79.71861657636505,73.79671134743127
2025-09-03 15:50:57.726487,1326,3,POINT (79.73623888134193 73.80492249571654),0.019441414271110357,79.73623888134193,73.80492249571654
2025-09-03 15:50:58.726487,1327,3,POINT (79.75394240055027 73.81325168910202),0.01956502120654962,79.75394240055027,73.81325168910202
2025-09-03 15:50:59.726487,1328,3,POINT (79.77157600532618 73.82158285219447),0.019502622794536434,79.77157600532618,73.82158285219447
2025-09-03 15:51:00.726487,1329,3,POINT (79.78918463431933 73.82994703225852),0.019494186906923228,79.78918463431933,73.82994703225852
2025-09-03 15:51:01.726487,1330,3,POINT (79.80680542839923 73.83836505855696),0.01952832688090896,79.80680542839923,73.83836505855696
2025-09-03 15:51:02.726487,1331,3,POINT (79.82448929545464 73.846871128884),0.019623261360998474,79.82448929545464,73.846871128884
2025-09-03 15:51:03.726487,1332,3,POINT (79.84208705802247 73.85538908163024),0.01955087635838359,79.84208705802247,73.85538908163024
2025-09-03 15:51:04.726487,1333,3,POINT (79.85957854567104 73.86392820463647),0.01946455141727151,79.85957854567104,73.86392820463647
2025-09-03 15:51:05.726487,1334,3,POINT (79.877079697148 73.87250005561403),0.01948760970979067,79.877079697148,73.87250005561403
2025-09-03 15:51:06.726487,1335,3,POINT (79.89457266884652 73.88111084910089),0.019497431197943713,79.89457266884652,73.88111084910089
2025-09-03 15:51:07.726487,1336,3,POINT (79.91206096279366 73.88973353530463),0.019498490776202082,79.91206096279366,73.88973353530463
2025-09-03 15:51:08.726487,1337,3,POINT (79.92953878194218 73.8984057603312),0.01951106478642407,79.92953878194218,73.8984057603312
2025-09-03 15:51:09.726487,1338,3,POINT (79.94699550252888 73.90710157771825),0.019502675038845594,79.94699550252888,73.90710157771825
2025-09-03 15:51:10.726487,1339,3,POINT (79.96450863854953 73.91588457422883),0.01959211476545328,79.96450863854953,73.91588457422883
2025-09-03 15:51:11.726487,1340,3,POINT (79.9820264940133 73.92471292315071),0.019616702188080752,79.9820264940133,73.92471292315071
2025-09-03 15:51:12.726487,1341,3,POINT (79.99958844703137 73.93359054970858),0.019678273478893896,79.99958844703137,73.93359054970858
2025-09-03 15:51:13.726487,1342,3,POINT (80.01710753302625 73.94247917281972),0.019644999234096898,80.01710753302625,73.94247917281972
2025-09-03 15:51:14.726487,1343,3,POINT (80.03449158291984 73.95129810776476),0.019493045022976444,80.03449158291984,73.95129810776476
2025-09-03 15:51:15.726487,1344,3,POINT (80.0518387079666 73.96014086132853),0.01947092802044326,80.0518387079666,73.96014086132853
2025-09-03 15:51:16.726487,1345,3,POINT (80.06918977020932 73.96904229923102),0.01950115272702779,80.06918977020932,73.96904229923102
2025-09-03 15:51:17.726487,1346,3,POINT (80.08654931896707 73.97798770753879),0.019528805976440706,80.08654931896707,73.97798770753879
2025-09-03 15:51:18.726487,1347,3,POINT (80.10396851668864 73.98700301588694),0.0196138786035626,80.10396851668864,73.98700301588694
2025-09-03 15:51:19.726487,1348,3,POINT (80.12130756963764 73.99600658649786),0.01953732430282817,80.12130756963764,73.99600658649786
2025-09-03 15:51:20.726487,1349,3,POINT (80.13858930985585 74.00500356285286),0.01948343215406938,80.13858930985585,74.00500356285286
2025-09-03 15:51:21.726487,1350,3,POINT (80.15583422446785 74.01400880629447),0.019454600726255485,80.15583422446785,74.01400880629447
2025-09-03 15:51:22.726487,1351,3,POINT (80.1730465671368 74.02304660570314),0.019440847674534904,80.1730465671368,74.02304660570314
2025-09-03 15:51:23.726487,1352,3,POINT (80.19032711740897 74.03214387266344),0.019528893564564585,80.19032711740897,74.03214387266344
2025-09-03 15:51:24.726487,1353,3,POINT (80.20760282749107 74.04129512724815),0.019549824022609977,80.20760282749107,74.04129512724815
2025-09-03 15:51:25.726487,1354,3,POINT (80.22483896907303 74.05045499406339),0.01951890715963139,80.22483896907303,74.05045499406339
2025-09-03 15:51:26.726487,1355,3,POINT (80.24208833150259 74.0596630131544),0.019553212518832887,80.24208833150259,74.0596630131544
2025-09-03 15:51:27.726487,1356,3,POINT (80.25927711832149 74.06887289821174),0.01950067627224866,80.25927711832149,74.06887289821174
2025-09-03 15:51:28.726487,1357,3,POINT (80.27641332210948 74.07808656910682),0.01945613557791373,80.27641332210948,74.07808656910682
2025-09-03 15:51:29.726487,1358,3,POINT (80.2936293906015 74.08737373054572),0.019561298063118605,80.2936293906015,74.08737373054572
2025-09-03 15:51:30.726487,1359,3,POINT (80.31088614966232 74.09671766383617),0.01962408781625015,80.31088614966232,74.09671766383617
2025-09-03 15:51:31.726487,1360,3,POINT (80.32811652807416 74.10606629468174),0.019603133394990722,80.32811652807416,74.10606629468174
2025-09-03 15:51:32.726487,1361,3,POINT (80.34535011843012 74.11544303408046),0.01961937507435963,80.34535011843012,74.11544303408046
2025-09-03 15:51:33.726487,1362,3,POINT (80.3626190225148 74.12485850117619),0.019668911228560976,80.3626190225148,74.12485850117619
2025-09-03 15:51:34.726487,1363,3,POINT (80.37983309827204 74.13428400397744),0.0196256084550847,80.37983309827204,74.13428400397744
2025-09-03 15:51:35.726487,1364,3,POINT (80.39706341735315 74.14375859108638),0.019663460949733213,80.39706341735315,74.14375859108638
2025-09-03 15:51:36.726487,1365,3,POINT (80.41434410824073 74.15327754096829),0.01972898082532826,80.41434410824073,74.15327754096829
2025-09-03 15:51:37.726487,1366,3,POINT (80.43164742382586 74.16282377703062),0.019761967341252032,80.43164742382586,74.16282377703062
2025-09-03 15:51:38.726487,1367,3,POINT (80.4489721927175 74.17242485160278),0.01980727770514995,80.4489721927175,74.17242485160278
2025-09-03 15:51:39.726487,1368,3,POINT (80.46624359000162 74.18199835823157),0.0197472325483152,80.46624359000162,74.18199835823157
2025-09-03 15:51:40.726487,1369,3,POINT (80.48346770633522 74.19159056784312),0.019714985891579426,80.48346770633522,74.19159056784312
2025-09-03 15:51:41.726487,1370,3,POINT (80.50074541531633 74.20122525171168),0.01978247610596281,80.50074541531633,74.20122525171168
2025-09-03 15:51:42.726487,1371,3,POINT (80.5180565823869 74.2108682052612),0.019815727554236176,80.5180565823869,74.2108682052612
2025-09-03 15:51:43.726487,1372,3,POINT (80.53547609698587 74.22058935255977),0.019948438376577116,80.53547609698587,74.22058935255977
2025-09-03 15:51:44.726487,1373,3,POINT (80.5529827074463 74.23038066708502),0.020058695120707633,80.5529827074463,74.23038066708502
2025-09-03 15:51:45.726487,1374,3,POINT (80.57051563761937 74.2401946052216),0.02009271067333192,80.57051563761937,74.2401946052216
2025-09-03 15:51:46.726487,1375,3,POINT (80.58799277582224 74.24999010995774),0.020035026149174115,80.58799277582224,74.24999010995774
2025-09-03 15:51:47.726487,1376,3,POINT (80.60554923620398 74.25987208543211),0.020146531721656435,80.60554923620398,74.25987208543211
2025-09-03 15:51:48.726487,1377,3,POINT (80.62317078142365 74.26982093016078),0.02023606600513026,80.62317078142365,74.26982093016078
2025-09-03 15:51:49.726487,1378,3,POINT (80.6409132698676 74.2798287596727),0.020370384083839038,80.6409132698676,74.2798287596727
2025-09-03 15:51:50.726487,1379,3,POINT (80.65865385947627 74.28985405838559),0.020377319105962115,80.65865385947627,74.28985405838559
2025-09-03 15:51:51.726487,1380,3,POINT (80.67634780675773 74.29988032987873),0.02033720458797847,80.67634780675773,74.29988032987873
2025-09-03 15:51:52.726487,1381,3,POINT (80.69402497499182 74.30992814396578),0.02033324481493391,80.69402497499182,74.30992814396578
2025-09-03 15:51:53.726487,1382,3,POINT (80.7116948548587 74.31999125470357),0.020334474476396375,80.7116948548587,74.31999125470357
2025-09-03 15:51:54.726487,1383,3,POINT (80.72937029172721 74.33010536126517),0.020364582490976956,80.72937029172721,74.33010536126517
2025-09-03 15:51:55.726487,1384,3,POINT (80.74715977586531 74.3402792681159),0.020493270273615,80.74715977586531,74.3402792681159
2025-09-03 15:51:56.726487,1385,3,POINT (80.76500941131383 74.3505490917316),0.020593172721611992,80.76500941131383,74.3505490917316
2025-09-03 15:51:57.726487,1386,3,POINT (80.78286245220599 74.36083306012591),0.020603181187200087,80.78286245220599,74.36083306012591
2025-09-03 15:51:58.726487,1387,3,POINT (80.8006175453455 74.37107089317459),0.02049528135755582,80.8006175453455,74.37107089317459
2025-09-03 15:51:59.726487,1388,3,POINT (80.8183631435975 74.38134586635252),0.020505641446397996,80.8183631435975,74.38134586635252
2025-09-03 15:52:00.726487,1389,3,POINT (80.83614466724632 74.3916823448752),0.020567580594800204,80.83614466724632,74.3916823448752
2025-09-03 15:52:01.726487,1390,3,POINT (80.85392691002855 74.40201331764302),0.02056543597144592,80.85392691002855,74.40201331764302
2025-09-03 15:52:02.726487,1391,3,POINT (80.87172222010942 74.41235207918223),0.020580647488328198,80.87172222010942,74.41235207918223
2025-09-03 15:52:03.726487,1392,3,POINT (80.88952801694101 74.42271921174112),0.020603976274054726,80.88952801694101,74.42271921174112
2025-09-03 15:52:04.726487,1393,3,POINT (80.90730935064097 74.43309280453238),0.0205860937418444,80.90730935064097,74.43309280453238
2025-09-03 15:52:05.726487,1394,3,POINT (80.92500736643109 74.44343737365466),0.020499509097363602,80.92500736643109,74.44343737365466
2025-09-03 15:52:06.726487,1395,3,POINT (80.94263811394262 74.45375678430685),0.02042874186101213,80.94263811394262,74.45375678430685
2025-09-03 15:52:07.726487,1396,3,POINT (80.96020134915736 74.46405190025925),0.020358208263047285,80.96020134915736,74.46405190025925
2025-09-03 15:52:08.726487,1397,3,POINT (80.97782426729461 74.47440731182466),0.02044020039924469,80.97782426729461,74.47440731182466
2025-09-03 15:52:09.726487,1398,3,POINT (80.99542999871262 74.48472427690479),0.020405919416379117,80.99542999871262,74.48472427690479
2025-09-03 15:52:10.726487,1399,3,POINT (81.01307617597713 74.49509514073156),0.020468082190671772,81.01307617597713,74.49509514073156
2025-09-03 15:52:11.726487,1400,3,POINT (81.03062340030623 74.5054452828394),0.02037229793881791,81.03062340030623,74.5054452828394
2025-09-03 15:52:12.726487,1401,3,POINT (81.04820958252733 74.51582017664664),0.020418428603237962,81.04820958252733,74.51582017664664
2025-09-03 15:52:13.726487,1402,3,POINT (81.06574476222667 74.52618153894677),0.020367630097844154,81.06574476222667,74.52618153894677
2025-09-03 15:52:14.726487,1403,3,POINT (81.0833574548246 74.5365996431007),0.020463231287139824,81.0833574548246,74.5365996431007
2025-09-03 15:52:15.726487,1404,3,POINT (81.10093793437929 74.54698437731582),0.020418520173895942,81.10093793437929,74.54698437731582
2025-09-03 15:52:16.726487,1405,3,POINT (81.11853850307023 74.5573720982045),0.020437337485724235,81.11853850307023,74.5573720982045
2025-09-03 15:52:17.726487,1406,3,POINT (81.13618814954435 74.56780451650317),0.02050232601975233,81.13618814954435,74.56780451650317
2025-09-03 15:52:18.726487,1407,3,POINT (81.15382719653007 74.57825340911407),0.020501593483397935,81.15382719653007,74.57825340911407
2025-09-03 15:52:19.726487,1408,3,POINT (81.17149746026314 74.58873487512433),0.02054505658596236,81.17149746026314,74.58873487512433
2025-09-03 15:52:20.726487,1409,3,POINT (81.18920558895535 74.59925199802659),0.020595817437550713,81.18920558895535,74.59925199802659
2025-09-03 15:52:21.726487,1410,3,POINT (81.20695579486271 74.60981083266294),0.020653299945327223,81.20695579486271,74.60981083266294
2025-09-03 15:52:22.726487,1411,3,POINT (81.22474044078434 74.62039586138971),0.02069629106155134,81.22474044078434,74.62039586138971
2025-09-03 15:52:23.726487,1412,3,POINT (81.24257877541152 74.63101350609854),0.020759107915175386,81.24257877541152,74.63101350609854
2025-09-03 15:52:24.726487,1413,3,POINT (81.26045404966797 74.6416549340867),0.02080301467025118,81.26045404966797,74.6416549340867
2025-09-03 15:52:25.726487,1414,3,POINT (81.2782327528316 74.65225809614871),0.02070046694868728,81.2782327528316,74.65225809614871
2025-09-03 15:52:26.726487,1415,3,POINT (81.29601762322237 74.66286925687893),0.02070986110187778,81.29601762322237,74.66286925687893
2025-09-03 15:52:27.726487,1416,3,POINT (81.3138904038878 74.67353736097672),0.020814531792854658,81.3138904038878,74.67353736097672
2025-09-03 15:52:28.726487,1417,3,POINT (81.33174592854036 74.68418831767225),0.02079092684678129,81.33174592854036,74.68418831767225
2025-09-03 15:52:29.726487,1418,3,POINT (81.34968844061834 74.69488254407575),0.020887800698919715,81.34968844061834,74.69488254407575
2025-09-03 15:52:30.726487,1419,3,POINT (81.367598554276 74.70556551770791),0.020854210530628726,81.367598554276,74.70556551770791
2025-09-03 15:52:31.726487,1420,3,POINT (81.38556559191558 74.71628111826568),0.020919812065499248,81.38556559191558,74.71628111826568
2025-09-03 15:52:32.726487,1421,3,POINT (81.40357918615435 74.72702412787996),0.020973836868138706,81.40357918615435,74.72702412787996
2025-09-03 15:52:33.726487,1422,3,POINT (81.42160349920455 74.73779348780535),0.02099654671926783,81.42160349920455,74.73779348780535
2025-09-03 15:52:34.726487,1423,3,POINT (81.44052400080925 74.74722902606216),0.021142723645951055,81.44052400080925,74.74722902606216
2025-09-03 15:52:35.726487,1424,3,POINT (81.46042428185318 74.75536391052228),0.02149877975157972,81.46042428185318,74.75536391052228
2025-09-03 15:52:36.726487,1425,3,POINT (81.48120306512172 74.76211348326872),0.02184752998351251,81.48120306512172,74.76211348326872
2025-09-03 15:52:37.726487,1426,3,POINT (81.50279957304302 74.76741942519435),0.022238753879500344,81.50279957304302,74.76741942519435
2025-09-03 15:52:38.726487,1427,3,POINT (81.52511123038872 74.77119822823593),0.022629392522532443,81.52511123038872,74.77119822823593
2025-09-03 15:52:39.726487,1428,3,POINT (81.54825160399305 74.7735021775583),0.023254786024133417,81.54825160399305,74.7735021775583
2025-09-03 15:52:40.726487,1429,3,POINT (81.57229844043219 74.77435975334662),0.024062123326162997,81.57229844043219,74.77435975334662
2025-09-03 15:52:41.726487,1430,3,POINT (81.59718286086284 74.77370912428407),0.02489292466437989,81.59718286086284,74.77370912428407
2025-09-03 15:52:42.726487,1431,3,POINT (81.62289113926842 74.77152289686725),0.025801069142509046,81.62289113926842,74.77152289686725
2025-09-03 15:52:43.726487,1432,3,POINT (81.64946600151599 74.76780696721897),0.026833401510586597,81.64946600151599,74.76780696721897
2025-09-03 15:52:44.726487,1433,3,POINT (81.67679137643327 74.7624745802891),0.0278408057487565,81.67679137643327,74.7624745802891
2025-09-03 15:52:45.726487,1434,3,POINT (81.70503720660659 74.75560325554765),0.02906960656566017,81.70503720660659,74.75560325554765
2025-09-03 15:52:46.726487,1435,3,POINT (81.73396782647235 74.74706777788577),0.0301634736848002,81.73396782647235,74.74706777788577
2025-09-03 15:52:47.726487,1436,3,POINT (81.76357447132034 74.73684215585915),0.03132278348081883,81.76357447132034,74.73684215585915
2025-09-03 15:52:48.726487,1437,3,POINT (81.79386153418962 74.72496167010533),0.03253386111414222,81.79386153418962,74.72496167010533
2025-09-03 15:52:49.726487,1438,3,POINT (81.82468764017126 74.71134515385354),0.0336995300386644,81.82468764017126,74.71134515385354
2025-09-03 15:52:50.726487,1439,3,POINT (81.85516372158526 74.69783468306338),0.03333653190306871,81.85516372158526,74.69783468306338
2025-09-03 15:52:51.726487,1440,3,POINT (81.88520201874897 74.68436999312853),0.0329180371762533,81.88520201874897,74.68436999312853
2025-09-03 15:52:52.726487,1441,3,POINT (81.91499804060858 74.67105044694398),0.03263760452638438,81.91499804060858,74.67105044694398
2025-09-03 15:52:53.726487,1442,3,POINT (81.9445217612227 74.65786189596005),0.03233555250736223,81.9445217612227,74.65786189596005
2025-09-03 15:52:54.726487,1443,3,POINT (81.97375513510433 74.6447892739817),0.032023172764292424,81.97375513510433,74.6447892739817
2025-09-03 15:52:55.726487,1444,3,POINT (82.0027332613174 74.63185296977223),0.03173452009123574,82.0027332613174,74.63185296977223
2025-09-03 15:52:56.726487,1445,3,POINT (82.03139264591779 74.61900362313847),0.0314080568419541,82.03139264591779,74.61900362313847
2025-09-03 15:52:57.726487,1446,3,POINT (82.05975653440797 74.60623365901823),0.031105982606491094,82.05975653440797,74.60623365901823
2025-09-03 15:52:58.726487,1447,3,POINT (82.08789949668994 74.59360091508682),0.030848217861671835,82.08789949668994,74.59360091508682
2025-09-03 15:52:59.726487,1448,3,POINT (82.1157013532623 74.58103468665739),0.030509888983908422,82.1157013532623,74.58103468665739
2025-09-03 15:53:00.726487,1449,3,POINT (82.14332284746664 74.56858725945614),0.030296623343383226,82.14332284746664,74.56858725945614
2025-09-03 15:53:01.726487,1450,3,POINT (82.17066479857931 74.55627131418112),0.029987744140985033,82.17066479857931,74.55627131418112
2025-09-03 15:53:02.726487,1451,3,POINT (82.19778279987959 74.5440737081385),0.029734955653119056,82.19778279987959,74.5440737081385
2025-09-03 15:53:03.726487,1452,3,POINT (82.22466637849055 74.53199963265439),0.029470495376355384,82.22466637849055,74.53199963265439
2025-09-03 15:53:04.726487,1453,3,POINT (82.25101123913008 74.5210343564008),0.028535748902621956,82.25101123913008,74.5210343564008
2025-09-03 15:53:05.726487,1454,3,POINT (82.27695720392003 74.51120628850026),0.027744981664063986,82.27695720392003,74.51120628850026
2025-09-03 15:53:06.726487,1455,3,POINT (82.30248630451604 74.50248050952929),0.026979143720493932,82.30248630451604,74.50248050952929
2025-09-03 15:53:07.726487,1456,3,POINT (82.3276770629754 74.49487633400047),0.02631345278048836,82.3276770629754,74.49487633400047
2025-09-03 15:53:08.726487,1457,3,POINT (82.35249201297341 74.48838797799414),0.025649181411284198,82.35249201297341,74.48838797799414
2025-09-03 15:53:09.726487,1458,3,POINT (82.37695639578114 74.48302783584329),0.02504470303357677,82.37695639578114,74.48302783584329
2025-09-03 15:53:10.726487,1459,3,POINT (82.40110951737374 74.4787815639765),0.024523541902299432,82.40110951737374,74.4787815639765
2025-09-03 15:53:11.726487,1460,3,POINT (82.42499497315083 74.475630875488),0.02409236052426041,82.42499497315083,74.475630875488
2025-09-03 15:53:12.726487,1461,3,POINT (82.44863553082413 74.47357405493976),0.02372986468297745,82.44863553082413,74.47357405493976
2025-09-03 15:53:13.726487,1462,3,POINT (82.47208064888785 74.47262817708581),0.023464190715563514,82.47208064888785,74.47262817708581
2025-09-03 15:53:14.726487,1463,3,POINT (82.49520410115271 74.47272962508629),0.023123674801852418,82.49520410115271,74.47272962508629
2025-09-03 15:53:15.726487,1464,3,POINT (82.51809422872171 74.47387142893572),0.022918587568950315,82.51809422872171,74.47387142893572
2025-09-03 15:53:16.726487,1465,3,POINT (82.54062425775676 74.47603507489373),0.022633682249071578,82.54062425775676,74.47603507489373
2025-09-03 15:53:17.726487,1466,3,POINT (82.56290499001231 74.47927936356207),0.022515693167369837,82.56290499001231,74.47927936356207
2025-09-03 15:53:18.726487,1467,3,POINT (82.58495843745021 74.48354855733857),0.02246287068469622,82.58495843745021,74.48354855733857
2025-09-03 15:53:19.726487,1468,3,POINT (82.60683057253263 74.48886635633738),0.02250931538842023,82.60683057253263,74.48886635633738
2025-09-03 15:53:20.726487,1469,3,POINT (82.62847135687734 74.49520341449809),0.022549542194610857,82.62847135687734,74.49520341449809
2025-09-03 15:53:21.726487,1470,3,POINT (82.6498788578585 74.50254447393696),0.022631222944048113,82.6498788578585,74.50254447393696
2025-09-03 15:53:22.726487,1471,3,POINT (82.67106066660556 74.51086671862633),0.022758048652436896,82.67106066660556,74.51086671862633
2025-09-03 15:53:23.726487,1472,3,POINT (82.69192389763931 74.52014131113958),0.022831830313288386,82.69192389763931,74.52014131113958
2025-09-03 15:53:24.726487,1473,3,POINT (82.71264455340884 74.53042803740182),0.023133575441622905,82.71264455340884,74.53042803740182
2025-09-03 15:53:25.726487,1474,3,POINT (82.73312090570043 74.54168628550582),0.023367266710951205,82.73312090570043,74.54168628550582
2025-09-03 15:53:26.726487,1475,3,POINT (82.75334059601921 74.55393368489268),0.023639684184202987,82.75334059601921,74.55393368489268
2025-09-03 15:53:27.726487,1476,3,POINT (82.77328159826949 74.56713740667492),0.023916141821961695,82.77328159826949,74.56713740667492
2025-09-03 15:53:28.726487,1477,3,POINT (82.79294803420257 74.58129117018959),0.024230099544553567,82.79294803420257,74.58129117018959
2025-09-03 15:53:29.726487,1478,3,POINT (82.81227821478359 74.59634626500531),0.024501260400340636,82.81227821478359,74.59634626500531
2025-09-03 15:53:30.726487,1479,3,POINT (82.83156179936158 74.61131593535235),0.024412039334632818,82.83156179936158,74.61131593535235
2025-09-03 15:53:31.726487,1480,3,POINT (82.85075118651245 74.62617189389829),0.02426792293429157,82.85075118651245,74.62617189389829
2025-09-03 15:53:32.726487,1481,3,POINT (82.86982047588202 74.64089839117325),0.024093723644340446,82.86982047588202,74.64089839117325
2025-09-03 15:53:33.726487,1482,3,POINT (82.88886091056465 74.65552602439973),0.024010535327470287,82.88886091056465,74.65552602439973
2025-09-03 15:53:34.726487,1483,3,POINT (82.90787538801109 74.67008640211053),0.023949007320605658,82.90787538801109,74.67008640211053
2025-09-03 15:53:35.726487,1484,3,POINT (82.92683450413101 74.68455745467743),0.023850774545967315,82.92683450413101,74.68455745467743
2025-09-03 15:53:36.726487,1485,3,POINT (82.94572946386923 74.69893824561532),0.02374503424946531,82.94572946386923,74.69893824561532
2025-09-03 15:53:37.726487,1486,3,POINT (82.96472889619025 74.71327120391729),0.023799414324873824,82.96472889619025,74.71327120391729
2025-09-03 15:53:38.726487,1487,3,POINT (82.98365922832906 74.7275079305868),0.02368632223769445,82.98365922832906,74.7275079305868
2025-09-03 15:53:39.726487,1488,3,POINT (83.00299922351532 74.74068666318769),0.023403299057403622,83.00299922351532,74.74068666318769
2025-09-03 15:53:40.726487,1489,3,POINT (83.0226713506417 74.7528095691446),0.02310751900392614,83.0226713506417,74.7528095691446
2025-09-03 15:53:41.726487,1490,3,POINT (83.04266093133079 74.76388069723191),0.02285067205250309,83.04266093133079,74.76388069723191
2025-09-03 15:53:42.726487,1491,3,POINT (83.06288974020777 74.77390306617833),0.022575486437274632,83.06288974020777,74.77390306617833
2025-09-03 15:53:43.726487,1492,3,POINT (83.08335107470768 74.78284750439906),0.022330902010480297,83.08335107470768,74.78284750439906
2025-09-03 15:53:44.726487,1493,3,POINT (83.1041176366778 74.79077215843294),0.022227240890754472,83.1041176366778,74.79077215843294
2025-09-03 15:53:45.726487,1494,3,POINT (83.12513521108937 74.79766406368415),0.022118697794799018,83.12513521108937,74.79766406368415
2025-09-03 15:53:46.726487,1495,3,POINT (83.14623297990866 74.80457340149903),0.022200333290115233,83.14623297990866,74.80457340149903
2025-09-03 15:53:47.726487,1496,3,POINT (83.16744842425427 74.81152745297065),0.02232608139938242,83.16744842425427,74.81152745297065
2025-09-03 15:53:48.726487,1497,3,POINT (83.18873350856046 74.81851141021478),0.022401572996316302,83.18873350856046,74.81851141021478
2025-09-03 15:53:49.726487,1498,3,POINT (83.21008663888655 74.82552880225428),0.02247665379363807,83.21008663888655,74.82552880225428
2025-09-03 15:53:50.726487,1499,3,POINT (83.23155541476473 74.8325835617288),0.022598185080899953,83.23155541476473,74.8325835617288
2025-09-03 15:53:51.726487,1500,3,POINT (83.25297686095563 74.83962317315252),0.022548491876544383,83.25297686095563,74.83962317315252
